[2026-09-07T06:11:01.579+0000] {local_task_job_runner.py:123} INFO - ::group::Pre task execution logs
[2026-09-07T06:11:01.607+0000] {taskinstance.py:2613} INFO - Dependencies all met for dep_context=non-requeueable deps ti=<TaskInstance: steam_etl_dag.calculate_regional_distribution manual__2026-09-07T06:10:13+00:00 [queued]>
[2026-09-07T06:11:01.622+0000] {taskinstance.py:2613} INFO - Dependencies all met for dep_context=requeueable deps ti=<TaskInstance: steam_etl_dag.calculate_regional_distribution manual__2026-09-07T06:10:13+00:00 [queued]>
[2026-09-07T06:11:01.623+0000] {taskinstance.py:2866} INFO - Starting attempt 1 of 3
[2026-09-07T06:11:01.649+0000] {taskinstance.py:2889} INFO - Executing <Task(PythonOperator): calculate_regional_distribution> on 2026-09-07 06:10:13+00:00
[2026-09-07T06:11:01.666+0000] {standard_task_runner.py:104} INFO - Running: ['***', 'tasks', 'run', 'steam_etl_dag', 'calculate_regional_distribution', 'manual__2026-09-07T06:10:13+00:00', '--job-id', '147', '--raw', '--subdir', 'DAGS_FOLDER/07_etl_steam.py', '--cfg-path', '/tmp/tmpctqgbn0l']
[2026-09-07T06:11:01.663+0000] {warnings.py:112} WARNING - /home/***/.local/lib/python3.12/site-packages/***/task/task_runner/standard_task_runner.py:70: DeprecationWarning: This process (pid=755) is multi-threaded, use of fork() may lead to deadlocks in the child.
  pid = os.fork()

[2026-09-07T06:11:01.668+0000] {standard_task_runner.py:105} INFO - Job 147: Subtask calculate_regional_distribution
[2026-09-07T06:11:01.669+0000] {standard_task_runner.py:72} INFO - Started process 758 to run task
[2026-09-07T06:11:01.747+0000] {task_command.py:467} INFO - Running <TaskInstance: steam_etl_dag.calculate_regional_distribution manual__2026-09-07T06:10:13+00:00 [running]> on host 6f4d56443a1a
[2026-09-07T06:11:01.877+0000] {taskinstance.py:3132} INFO - Exporting env vars: AIRFLOW_CTX_DAG_OWNER='steam_project' AIRFLOW_CTX_DAG_ID='steam_etl_dag' AIRFLOW_CTX_TASK_ID='calculate_regional_distribution' AIRFLOW_CTX_EXECUTION_DATE='2026-09-07T06:10:13+00:00' AIRFLOW_CTX_TRY_NUMBER='1' AIRFLOW_CTX_DAG_RUN_ID='manual__2026-09-07T06:10:13+00:00'
[2026-09-07T06:11:01.878+0000] {taskinstance.py:731} INFO - ::endgroup::
[2026-09-07T06:11:01.910+0000] {base.py:84} INFO - Retrieving connection 'postgres_target'
[2026-09-07T06:11:01.917+0000] {sql.py:553} INFO - Running statement: SELECT appid, name, ccu FROM steam_games WHERE snapshot_date = %s;, parameters: ('2026-09-07',)
[2026-09-07T06:11:01.919+0000] {sql.py:562} INFO - Rows affected: 25
[2026-09-07T06:11:01.926+0000] {sql.py:553} INFO - Running statement: 
        INSERT INTO steam_game_regions (
            snapshot_date, appid, game_name, region_code, region_name,
            country_iso3, country_name, player_count, share_percentage, peak_time_bkk, created_at
        ) VALUES (
            %s, %s, %s, %s, %s,
            %s, %s, %s, %s, %s, NOW()
        ) ON CONFLICT (snapshot_date, appid, region_code, country_iso3) DO UPDATE SET
            player_count = EXCLUDED.player_count,
            share_percentage = EXCLUDED.share_percentage,
            peak_time_bkk = EXCLUDED.peak_time_bkk;
        , parameters: ('2026-09-07', 730, 'Counter-Strike 2', 'ASIA_EAST', 'เอเชียตะวันออก', 'CHN', 'จีน', 136875, 26.27, '19:00 - 23:00 น.')
[2026-09-07T06:11:01.929+0000] {sql.py:562} INFO - Rows affected: 1
[2026-09-07T06:11:01.939+0000] {sql.py:553} INFO - Running statement: 
        INSERT INTO steam_game_regions (
            snapshot_date, appid, game_name, region_code, region_name,
            country_iso3, country_name, player_count, share_percentage, peak_time_bkk, created_at
        ) VALUES (
            %s, %s, %s, %s, %s,
            %s, %s, %s, %s, %s, NOW()
        ) ON CONFLICT (snapshot_date, appid, region_code, country_iso3) DO UPDATE SET
            player_count = EXCLUDED.player_count,
            share_percentage = EXCLUDED.share_percentage,
            peak_time_bkk = EXCLUDED.peak_time_bkk;
        , parameters: ('2026-09-07', 730, 'Counter-Strike 2', 'ASIA_EAST', 'เอเชียตะวันออก', 'JPN', 'ญี่ปุ่น', 22220, 4.26, '19:00 - 23:00 น.')
[2026-09-07T06:11:01.941+0000] {sql.py:562} INFO - Rows affected: 1
[2026-09-07T06:11:01.950+0000] {sql.py:553} INFO - Running statement: 
        INSERT INTO steam_game_regions (
            snapshot_date, appid, game_name, region_code, region_name,
            country_iso3, country_name, player_count, share_percentage, peak_time_bkk, created_at
        ) VALUES (
            %s, %s, %s, %s, %s,
            %s, %s, %s, %s, %s, NOW()
        ) ON CONFLICT (snapshot_date, appid, region_code, country_iso3) DO UPDATE SET
            player_count = EXCLUDED.player_count,
            share_percentage = EXCLUDED.share_percentage,
            peak_time_bkk = EXCLUDED.peak_time_bkk;
        , parameters: ('2026-09-07', 730, 'Counter-Strike 2', 'ASIA_EAST', 'เอเชียตะวันออก', 'KOR', 'เกาหลีใต้', 17776, 3.41, '19:00 - 23:00 น.')
[2026-09-07T06:11:01.953+0000] {sql.py:562} INFO - Rows affected: 1
[2026-09-07T06:11:01.962+0000] {sql.py:553} INFO - Running statement: 
        INSERT INTO steam_game_regions (
            snapshot_date, appid, game_name, region_code, region_name,
            country_iso3, country_name, player_count, share_percentage, peak_time_bkk, created_at
        ) VALUES (
            %s, %s, %s, %s, %s,
            %s, %s, %s, %s, %s, NOW()
        ) ON CONFLICT (snapshot_date, appid, region_code, country_iso3) DO UPDATE SET
            player_count = EXCLUDED.player_count,
            share_percentage = EXCLUDED.share_percentage,
            peak_time_bkk = EXCLUDED.peak_time_bkk;
        , parameters: ('2026-09-07', 730, 'Counter-Strike 2', 'ASIA_EAST', 'เอเชียตะวันออก', 'TWN', 'ไต้หวัน', 8888, 1.71, '19:00 - 23:00 น.')
[2026-09-07T06:11:01.964+0000] {sql.py:562} INFO - Rows affected: 1
[2026-09-07T06:11:01.975+0000] {sql.py:553} INFO - Running statement: 
        INSERT INTO steam_game_regions (
            snapshot_date, appid, game_name, region_code, region_name,
            country_iso3, country_name, player_count, share_percentage, peak_time_bkk, created_at
        ) VALUES (
            %s, %s, %s, %s, %s,
            %s, %s, %s, %s, %s, NOW()
        ) ON CONFLICT (snapshot_date, appid, region_code, country_iso3) DO UPDATE SET
            player_count = EXCLUDED.player_count,
            share_percentage = EXCLUDED.share_percentage,
            peak_time_bkk = EXCLUDED.peak_time_bkk;
        , parameters: ('2026-09-07', 730, 'Counter-Strike 2', 'ASIA_SEA', 'เอเชียตะวันออกเฉียงใต้', 'THA', 'ประเทศไทย', 17998, 3.45, '20:00 - 00:00 น.')
[2026-09-07T06:11:01.978+0000] {sql.py:562} INFO - Rows affected: 1
[2026-09-07T06:11:01.988+0000] {sql.py:553} INFO - Running statement: 
        INSERT INTO steam_game_regions (
            snapshot_date, appid, game_name, region_code, region_name,
            country_iso3, country_name, player_count, share_percentage, peak_time_bkk, created_at
        ) VALUES (
            %s, %s, %s, %s, %s,
            %s, %s, %s, %s, %s, NOW()
        ) ON CONFLICT (snapshot_date, appid, region_code, country_iso3) DO UPDATE SET
            player_count = EXCLUDED.player_count,
            share_percentage = EXCLUDED.share_percentage,
            peak_time_bkk = EXCLUDED.peak_time_bkk;
        , parameters: ('2026-09-07', 730, 'Counter-Strike 2', 'ASIA_SEA', 'เอเชียตะวันออกเฉียงใต้', 'VNM', 'เวียดนาม', 15554, 2.99, '20:00 - 00:00 น.')
[2026-09-07T06:11:01.991+0000] {sql.py:562} INFO - Rows affected: 1
[2026-09-07T06:11:02.001+0000] {sql.py:553} INFO - Running statement: 
        INSERT INTO steam_game_regions (
            snapshot_date, appid, game_name, region_code, region_name,
            country_iso3, country_name, player_count, share_percentage, peak_time_bkk, created_at
        ) VALUES (
            %s, %s, %s, %s, %s,
            %s, %s, %s, %s, %s, NOW()
        ) ON CONFLICT (snapshot_date, appid, region_code, country_iso3) DO UPDATE SET
            player_count = EXCLUDED.player_count,
            share_percentage = EXCLUDED.share_percentage,
            peak_time_bkk = EXCLUDED.peak_time_bkk;
        , parameters: ('2026-09-07', 730, 'Counter-Strike 2', 'ASIA_SEA', 'เอเชียตะวันออกเฉียงใต้', 'IDN', 'อินโดนีเซีย', 13332, 2.56, '20:00 - 00:00 น.')
[2026-09-07T06:11:02.003+0000] {sql.py:562} INFO - Rows affected: 1
[2026-09-07T06:11:02.013+0000] {sql.py:553} INFO - Running statement: 
        INSERT INTO steam_game_regions (
            snapshot_date, appid, game_name, region_code, region_name,
            country_iso3, country_name, player_count, share_percentage, peak_time_bkk, created_at
        ) VALUES (
            %s, %s, %s, %s, %s,
            %s, %s, %s, %s, %s, NOW()
        ) ON CONFLICT (snapshot_date, appid, region_code, country_iso3) DO UPDATE SET
            player_count = EXCLUDED.player_count,
            share_percentage = EXCLUDED.share_percentage,
            peak_time_bkk = EXCLUDED.peak_time_bkk;
        , parameters: ('2026-09-07', 730, 'Counter-Strike 2', 'ASIA_SEA', 'เอเชียตะวันออกเฉียงใต้', 'PHL', 'ฟิลิปปินส์', 11110, 2.13, '20:00 - 00:00 น.')
[2026-09-07T06:11:02.016+0000] {sql.py:562} INFO - Rows affected: 1
[2026-09-07T06:11:02.025+0000] {sql.py:553} INFO - Running statement: 
        INSERT INTO steam_game_regions (
            snapshot_date, appid, game_name, region_code, region_name,
            country_iso3, country_name, player_count, share_percentage, peak_time_bkk, created_at
        ) VALUES (
            %s, %s, %s, %s, %s,
            %s, %s, %s, %s, %s, NOW()
        ) ON CONFLICT (snapshot_date, appid, region_code, country_iso3) DO UPDATE SET
            player_count = EXCLUDED.player_count,
            share_percentage = EXCLUDED.share_percentage,
            peak_time_bkk = EXCLUDED.peak_time_bkk;
        , parameters: ('2026-09-07', 730, 'Counter-Strike 2', 'ASIA_SEA', 'เอเชียตะวันออกเฉียงใต้', 'MYS', 'มาเลเซีย', 6666, 1.28, '20:00 - 00:00 น.')
[2026-09-07T06:11:02.027+0000] {sql.py:562} INFO - Rows affected: 1
[2026-09-07T06:11:02.038+0000] {sql.py:553} INFO - Running statement: 
        INSERT INTO steam_game_regions (
            snapshot_date, appid, game_name, region_code, region_name,
            country_iso3, country_name, player_count, share_percentage, peak_time_bkk, created_at
        ) VALUES (
            %s, %s, %s, %s, %s,
            %s, %s, %s, %s, %s, NOW()
        ) ON CONFLICT (snapshot_date, appid, region_code, country_iso3) DO UPDATE SET
            player_count = EXCLUDED.player_count,
            share_percentage = EXCLUDED.share_percentage,
            peak_time_bkk = EXCLUDED.peak_time_bkk;
        , parameters: ('2026-09-07', 730, 'Counter-Strike 2', 'ASIA_SEA', 'เอเชียตะวันออกเฉียงใต้', 'SGP', 'สิงคโปร์', 4444, 0.85, '20:00 - 00:00 น.')
[2026-09-07T06:11:02.042+0000] {sql.py:562} INFO - Rows affected: 1
[2026-09-07T06:11:02.051+0000] {sql.py:553} INFO - Running statement: 
        INSERT INTO steam_game_regions (
            snapshot_date, appid, game_name, region_code, region_name,
            country_iso3, country_name, player_count, share_percentage, peak_time_bkk, created_at
        ) VALUES (
            %s, %s, %s, %s, %s,
            %s, %s, %s, %s, %s, NOW()
        ) ON CONFLICT (snapshot_date, appid, region_code, country_iso3) DO UPDATE SET
            player_count = EXCLUDED.player_count,
            share_percentage = EXCLUDED.share_percentage,
            peak_time_bkk = EXCLUDED.peak_time_bkk;
        , parameters: ('2026-09-07', 730, 'Counter-Strike 2', 'EUROPE', 'ยุโรป', 'RUS', 'รัสเซีย', 95991, 18.42, '22:00 - 02:00 น.')
[2026-09-07T06:11:02.054+0000] {sql.py:562} INFO - Rows affected: 1
[2026-09-07T06:11:02.067+0000] {sql.py:553} INFO - Running statement: 
        INSERT INTO steam_game_regions (
            snapshot_date, appid, game_name, region_code, region_name,
            country_iso3, country_name, player_count, share_percentage, peak_time_bkk, created_at
        ) VALUES (
            %s, %s, %s, %s, %s,
            %s, %s, %s, %s, %s, NOW()
        ) ON CONFLICT (snapshot_date, appid, region_code, country_iso3) DO UPDATE SET
            player_count = EXCLUDED.player_count,
            share_percentage = EXCLUDED.share_percentage,
            peak_time_bkk = EXCLUDED.peak_time_bkk;
        , parameters: ('2026-09-07', 730, 'Counter-Strike 2', 'EUROPE', 'ยุโรป', 'DEU', 'เยอรมนี', 37330, 7.16, '00:00 - 04:00 น.')
[2026-09-07T06:11:02.069+0000] {sql.py:562} INFO - Rows affected: 1
[2026-09-07T06:11:02.078+0000] {sql.py:553} INFO - Running statement: 
        INSERT INTO steam_game_regions (
            snapshot_date, appid, game_name, region_code, region_name,
            country_iso3, country_name, player_count, share_percentage, peak_time_bkk, created_at
        ) VALUES (
            %s, %s, %s, %s, %s,
            %s, %s, %s, %s, %s, NOW()
        ) ON CONFLICT (snapshot_date, appid, region_code, country_iso3) DO UPDATE SET
            player_count = EXCLUDED.player_count,
            share_percentage = EXCLUDED.share_percentage,
            peak_time_bkk = EXCLUDED.peak_time_bkk;
        , parameters: ('2026-09-07', 730, 'Counter-Strike 2', 'EUROPE', 'ยุโรป', 'GBR', 'สหราชอาณาจักร', 17776, 3.41, '01:00 - 05:00 น.')
[2026-09-07T06:11:02.081+0000] {sql.py:562} INFO - Rows affected: 1
[2026-09-07T06:11:02.090+0000] {sql.py:553} INFO - Running statement: 
        INSERT INTO steam_game_regions (
            snapshot_date, appid, game_name, region_code, region_name,
            country_iso3, country_name, player_count, share_percentage, peak_time_bkk, created_at
        ) VALUES (
            %s, %s, %s, %s, %s,
            %s, %s, %s, %s, %s, NOW()
        ) ON CONFLICT (snapshot_date, appid, region_code, country_iso3) DO UPDATE SET
            player_count = EXCLUDED.player_count,
            share_percentage = EXCLUDED.share_percentage,
            peak_time_bkk = EXCLUDED.peak_time_bkk;
        , parameters: ('2026-09-07', 730, 'Counter-Strike 2', 'EUROPE', 'ยุโรป', 'FRA', 'ฝรั่งเศส', 13332, 2.56, '00:00 - 04:00 น.')
[2026-09-07T06:11:02.092+0000] {sql.py:562} INFO - Rows affected: 1
[2026-09-07T06:11:02.102+0000] {sql.py:553} INFO - Running statement: 
        INSERT INTO steam_game_regions (
            snapshot_date, appid, game_name, region_code, region_name,
            country_iso3, country_name, player_count, share_percentage, peak_time_bkk, created_at
        ) VALUES (
            %s, %s, %s, %s, %s,
            %s, %s, %s, %s, %s, NOW()
        ) ON CONFLICT (snapshot_date, appid, region_code, country_iso3) DO UPDATE SET
            player_count = EXCLUDED.player_count,
            share_percentage = EXCLUDED.share_percentage,
            peak_time_bkk = EXCLUDED.peak_time_bkk;
        , parameters: ('2026-09-07', 730, 'Counter-Strike 2', 'EUROPE', 'ยุโรป', 'POL', 'โปแลนด์', 22664, 4.35, '00:00 - 04:00 น.')
[2026-09-07T06:11:02.105+0000] {sql.py:562} INFO - Rows affected: 1
[2026-09-07T06:11:02.113+0000] {sql.py:553} INFO - Running statement: 
        INSERT INTO steam_game_regions (
            snapshot_date, appid, game_name, region_code, region_name,
            country_iso3, country_name, player_count, share_percentage, peak_time_bkk, created_at
        ) VALUES (
            %s, %s, %s, %s, %s,
            %s, %s, %s, %s, %s, NOW()
        ) ON CONFLICT (snapshot_date, appid, region_code, country_iso3) DO UPDATE SET
            player_count = EXCLUDED.player_count,
            share_percentage = EXCLUDED.share_percentage,
            peak_time_bkk = EXCLUDED.peak_time_bkk;
        , parameters: ('2026-09-07', 730, 'Counter-Strike 2', 'NORTH_AMERICA', 'อเมริกาเหนือ', 'USA', 'สหรัฐอเมริกา', 39107, 7.51, '07:00 - 11:00 น.')
[2026-09-07T06:11:02.116+0000] {sql.py:562} INFO - Rows affected: 1
[2026-09-07T06:11:02.124+0000] {sql.py:553} INFO - Running statement: 
        INSERT INTO steam_game_regions (
            snapshot_date, appid, game_name, region_code, region_name,
            country_iso3, country_name, player_count, share_percentage, peak_time_bkk, created_at
        ) VALUES (
            %s, %s, %s, %s, %s,
            %s, %s, %s, %s, %s, NOW()
        ) ON CONFLICT (snapshot_date, appid, region_code, country_iso3) DO UPDATE SET
            player_count = EXCLUDED.player_count,
            share_percentage = EXCLUDED.share_percentage,
            peak_time_bkk = EXCLUDED.peak_time_bkk;
        , parameters: ('2026-09-07', 730, 'Counter-Strike 2', 'NORTH_AMERICA', 'อเมริกาเหนือ', 'CAN', 'แคนาดา', 8888, 1.71, '07:00 - 11:00 น.')
[2026-09-07T06:11:02.126+0000] {sql.py:562} INFO - Rows affected: 1
[2026-09-07T06:11:02.134+0000] {sql.py:553} INFO - Running statement: 
        INSERT INTO steam_game_regions (
            snapshot_date, appid, game_name, region_code, region_name,
            country_iso3, country_name, player_count, share_percentage, peak_time_bkk, created_at
        ) VALUES (
            %s, %s, %s, %s, %s,
            %s, %s, %s, %s, %s, NOW()
        ) ON CONFLICT (snapshot_date, appid, region_code, country_iso3) DO UPDATE SET
            player_count = EXCLUDED.player_count,
            share_percentage = EXCLUDED.share_percentage,
            peak_time_bkk = EXCLUDED.peak_time_bkk;
        , parameters: ('2026-09-07', 730, 'Counter-Strike 2', 'LATIN_AMERICA', 'ลาตินอเมริกา', 'BRA', 'บราซิล', 17776, 3.41, '05:00 - 09:00 น.')
[2026-09-07T06:11:02.136+0000] {sql.py:562} INFO - Rows affected: 1
[2026-09-07T06:11:02.145+0000] {sql.py:553} INFO - Running statement: 
        INSERT INTO steam_game_regions (
            snapshot_date, appid, game_name, region_code, region_name,
            country_iso3, country_name, player_count, share_percentage, peak_time_bkk, created_at
        ) VALUES (
            %s, %s, %s, %s, %s,
            %s, %s, %s, %s, %s, NOW()
        ) ON CONFLICT (snapshot_date, appid, region_code, country_iso3) DO UPDATE SET
            player_count = EXCLUDED.player_count,
            share_percentage = EXCLUDED.share_percentage,
            peak_time_bkk = EXCLUDED.peak_time_bkk;
        , parameters: ('2026-09-07', 730, 'Counter-Strike 2', 'LATIN_AMERICA', 'ลาตินอเมริกา', 'ARG', 'อาร์เจนตินา', 6666, 1.28, '05:00 - 09:00 น.')
[2026-09-07T06:11:02.148+0000] {sql.py:562} INFO - Rows affected: 1
[2026-09-07T06:11:02.156+0000] {sql.py:553} INFO - Running statement: 
        INSERT INTO steam_game_regions (
            snapshot_date, appid, game_name, region_code, region_name,
            country_iso3, country_name, player_count, share_percentage, peak_time_bkk, created_at
        ) VALUES (
            %s, %s, %s, %s, %s,
            %s, %s, %s, %s, %s, NOW()
        ) ON CONFLICT (snapshot_date, appid, region_code, country_iso3) DO UPDATE SET
            player_count = EXCLUDED.player_count,
            share_percentage = EXCLUDED.share_percentage,
            peak_time_bkk = EXCLUDED.peak_time_bkk;
        , parameters: ('2026-09-07', 730, 'Counter-Strike 2', 'OCEANIA', 'โอเชียเนีย', 'AUS', 'ออสเตรเลีย', 6666, 1.28, '16:00 - 20:00 น.')
[2026-09-07T06:11:02.158+0000] {sql.py:562} INFO - Rows affected: 1
[2026-09-07T06:11:02.166+0000] {sql.py:553} INFO - Running statement: 
        INSERT INTO steam_game_regions (
            snapshot_date, appid, game_name, region_code, region_name,
            country_iso3, country_name, player_count, share_percentage, peak_time_bkk, created_at
        ) VALUES (
            %s, %s, %s, %s, %s,
            %s, %s, %s, %s, %s, NOW()
        ) ON CONFLICT (snapshot_date, appid, region_code, country_iso3) DO UPDATE SET
            player_count = EXCLUDED.player_count,
            share_percentage = EXCLUDED.share_percentage,
            peak_time_bkk = EXCLUDED.peak_time_bkk;
        , parameters: ('2026-09-07', 578080, 'PUBG: BATTLEGROUNDS', 'ASIA_EAST', 'เอเชียตะวันออก', 'CHN', 'จีน', 98601, 41.67, '19:00 - 23:00 น.')
[2026-09-07T06:11:02.168+0000] {sql.py:562} INFO - Rows affected: 1
[2026-09-07T06:11:02.176+0000] {sql.py:553} INFO - Running statement: 
        INSERT INTO steam_game_regions (
            snapshot_date, appid, game_name, region_code, region_name,
            country_iso3, country_name, player_count, share_percentage, peak_time_bkk, created_at
        ) VALUES (
            %s, %s, %s, %s, %s,
            %s, %s, %s, %s, %s, NOW()
        ) ON CONFLICT (snapshot_date, appid, region_code, country_iso3) DO UPDATE SET
            player_count = EXCLUDED.player_count,
            share_percentage = EXCLUDED.share_percentage,
            peak_time_bkk = EXCLUDED.peak_time_bkk;
        , parameters: ('2026-09-07', 578080, 'PUBG: BATTLEGROUNDS', 'ASIA_EAST', 'เอเชียตะวันออก', 'JPN', 'ญี่ปุ่น', 8804, 3.72, '19:00 - 23:00 น.')
[2026-09-07T06:11:02.178+0000] {sql.py:562} INFO - Rows affected: 1
[2026-09-07T06:11:02.185+0000] {sql.py:553} INFO - Running statement: 
        INSERT INTO steam_game_regions (
            snapshot_date, appid, game_name, region_code, region_name,
            country_iso3, country_name, player_count, share_percentage, peak_time_bkk, created_at
        ) VALUES (
            %s, %s, %s, %s, %s,
            %s, %s, %s, %s, %s, NOW()
        ) ON CONFLICT (snapshot_date, appid, region_code, country_iso3) DO UPDATE SET
            player_count = EXCLUDED.player_count,
            share_percentage = EXCLUDED.share_percentage,
            peak_time_bkk = EXCLUDED.peak_time_bkk;
        , parameters: ('2026-09-07', 578080, 'PUBG: BATTLEGROUNDS', 'ASIA_EAST', 'เอเชียตะวันออก', 'KOR', 'เกาหลีใต้', 15494, 6.55, '19:00 - 23:00 น.')
[2026-09-07T06:11:02.187+0000] {sql.py:562} INFO - Rows affected: 1
[2026-09-07T06:11:02.194+0000] {sql.py:553} INFO - Running statement: 
        INSERT INTO steam_game_regions (
            snapshot_date, appid, game_name, region_code, region_name,
            country_iso3, country_name, player_count, share_percentage, peak_time_bkk, created_at
        ) VALUES (
            %s, %s, %s, %s, %s,
            %s, %s, %s, %s, %s, NOW()
        ) ON CONFLICT (snapshot_date, appid, region_code, country_iso3) DO UPDATE SET
            player_count = EXCLUDED.player_count,
            share_percentage = EXCLUDED.share_percentage,
            peak_time_bkk = EXCLUDED.peak_time_bkk;
        , parameters: ('2026-09-07', 578080, 'PUBG: BATTLEGROUNDS', 'ASIA_EAST', 'เอเชียตะวันออก', 'TWN', 'ไต้หวัน', 3521, 1.49, '19:00 - 23:00 น.')
[2026-09-07T06:11:02.196+0000] {sql.py:562} INFO - Rows affected: 1
[2026-09-07T06:11:02.203+0000] {sql.py:553} INFO - Running statement: 
        INSERT INTO steam_game_regions (
            snapshot_date, appid, game_name, region_code, region_name,
            country_iso3, country_name, player_count, share_percentage, peak_time_bkk, created_at
        ) VALUES (
            %s, %s, %s, %s, %s,
            %s, %s, %s, %s, %s, NOW()
        ) ON CONFLICT (snapshot_date, appid, region_code, country_iso3) DO UPDATE SET
            player_count = EXCLUDED.player_count,
            share_percentage = EXCLUDED.share_percentage,
            peak_time_bkk = EXCLUDED.peak_time_bkk;
        , parameters: ('2026-09-07', 578080, 'PUBG: BATTLEGROUNDS', 'ASIA_SEA', 'เอเชียตะวันออกเฉียงใต้', 'THA', 'ประเทศไทย', 14262, 6.03, '20:00 - 00:00 น.')
[2026-09-07T06:11:02.204+0000] {sql.py:562} INFO - Rows affected: 1
[2026-09-07T06:11:02.212+0000] {sql.py:553} INFO - Running statement: 
        INSERT INTO steam_game_regions (
            snapshot_date, appid, game_name, region_code, region_name,
            country_iso3, country_name, player_count, share_percentage, peak_time_bkk, created_at
        ) VALUES (
            %s, %s, %s, %s, %s,
            %s, %s, %s, %s, %s, NOW()
        ) ON CONFLICT (snapshot_date, appid, region_code, country_iso3) DO UPDATE SET
            player_count = EXCLUDED.player_count,
            share_percentage = EXCLUDED.share_percentage,
            peak_time_bkk = EXCLUDED.peak_time_bkk;
        , parameters: ('2026-09-07', 578080, 'PUBG: BATTLEGROUNDS', 'ASIA_SEA', 'เอเชียตะวันออกเฉียงใต้', 'VNM', 'เวียดนาม', 12325, 5.21, '20:00 - 00:00 น.')
[2026-09-07T06:11:02.213+0000] {sql.py:562} INFO - Rows affected: 1
[2026-09-07T06:11:02.220+0000] {sql.py:553} INFO - Running statement: 
        INSERT INTO steam_game_regions (
            snapshot_date, appid, game_name, region_code, region_name,
            country_iso3, country_name, player_count, share_percentage, peak_time_bkk, created_at
        ) VALUES (
            %s, %s, %s, %s, %s,
            %s, %s, %s, %s, %s, NOW()
        ) ON CONFLICT (snapshot_date, appid, region_code, country_iso3) DO UPDATE SET
            player_count = EXCLUDED.player_count,
            share_percentage = EXCLUDED.share_percentage,
            peak_time_bkk = EXCLUDED.peak_time_bkk;
        , parameters: ('2026-09-07', 578080, 'PUBG: BATTLEGROUNDS', 'ASIA_SEA', 'เอเชียตะวันออกเฉียงใต้', 'IDN', 'อินโดนีเซีย', 5282, 2.23, '20:00 - 00:00 น.')
[2026-09-07T06:11:02.222+0000] {sql.py:562} INFO - Rows affected: 1
[2026-09-07T06:11:02.230+0000] {sql.py:553} INFO - Running statement: 
        INSERT INTO steam_game_regions (
            snapshot_date, appid, game_name, region_code, region_name,
            country_iso3, country_name, player_count, share_percentage, peak_time_bkk, created_at
        ) VALUES (
            %s, %s, %s, %s, %s,
            %s, %s, %s, %s, %s, NOW()
        ) ON CONFLICT (snapshot_date, appid, region_code, country_iso3) DO UPDATE SET
            player_count = EXCLUDED.player_count,
            share_percentage = EXCLUDED.share_percentage,
            peak_time_bkk = EXCLUDED.peak_time_bkk;
        , parameters: ('2026-09-07', 578080, 'PUBG: BATTLEGROUNDS', 'ASIA_SEA', 'เอเชียตะวันออกเฉียงใต้', 'PHL', 'ฟิลิปปินส์', 4402, 1.86, '20:00 - 00:00 น.')
[2026-09-07T06:11:02.231+0000] {sql.py:562} INFO - Rows affected: 1
[2026-09-07T06:11:02.240+0000] {sql.py:553} INFO - Running statement: 
        INSERT INTO steam_game_regions (
            snapshot_date, appid, game_name, region_code, region_name,
            country_iso3, country_name, player_count, share_percentage, peak_time_bkk, created_at
        ) VALUES (
            %s, %s, %s, %s, %s,
            %s, %s, %s, %s, %s, NOW()
        ) ON CONFLICT (snapshot_date, appid, region_code, country_iso3) DO UPDATE SET
            player_count = EXCLUDED.player_count,
            share_percentage = EXCLUDED.share_percentage,
            peak_time_bkk = EXCLUDED.peak_time_bkk;
        , parameters: ('2026-09-07', 578080, 'PUBG: BATTLEGROUNDS', 'ASIA_SEA', 'เอเชียตะวันออกเฉียงใต้', 'MYS', 'มาเลเซีย', 2641, 1.12, '20:00 - 00:00 น.')
[2026-09-07T06:11:02.242+0000] {sql.py:562} INFO - Rows affected: 1
[2026-09-07T06:11:02.249+0000] {sql.py:553} INFO - Running statement: 
        INSERT INTO steam_game_regions (
            snapshot_date, appid, game_name, region_code, region_name,
            country_iso3, country_name, player_count, share_percentage, peak_time_bkk, created_at
        ) VALUES (
            %s, %s, %s, %s, %s,
            %s, %s, %s, %s, %s, NOW()
        ) ON CONFLICT (snapshot_date, appid, region_code, country_iso3) DO UPDATE SET
            player_count = EXCLUDED.player_count,
            share_percentage = EXCLUDED.share_percentage,
            peak_time_bkk = EXCLUDED.peak_time_bkk;
        , parameters: ('2026-09-07', 578080, 'PUBG: BATTLEGROUNDS', 'ASIA_SEA', 'เอเชียตะวันออกเฉียงใต้', 'SGP', 'สิงคโปร์', 1761, 0.74, '20:00 - 00:00 น.')
[2026-09-07T06:11:02.251+0000] {sql.py:562} INFO - Rows affected: 1
[2026-09-07T06:11:02.259+0000] {sql.py:553} INFO - Running statement: 
        INSERT INTO steam_game_regions (
            snapshot_date, appid, game_name, region_code, region_name,
            country_iso3, country_name, player_count, share_percentage, peak_time_bkk, created_at
        ) VALUES (
            %s, %s, %s, %s, %s,
            %s, %s, %s, %s, %s, NOW()
        ) ON CONFLICT (snapshot_date, appid, region_code, country_iso3) DO UPDATE SET
            player_count = EXCLUDED.player_count,
            share_percentage = EXCLUDED.share_percentage,
            peak_time_bkk = EXCLUDED.peak_time_bkk;
        , parameters: ('2026-09-07', 578080, 'PUBG: BATTLEGROUNDS', 'EUROPE', 'ยุโรป', 'RUS', 'รัสเซีย', 21129, 8.93, '22:00 - 02:00 น.')
[2026-09-07T06:11:02.260+0000] {sql.py:562} INFO - Rows affected: 1
[2026-09-07T06:11:02.267+0000] {sql.py:553} INFO - Running statement: 
        INSERT INTO steam_game_regions (
            snapshot_date, appid, game_name, region_code, region_name,
            country_iso3, country_name, player_count, share_percentage, peak_time_bkk, created_at
        ) VALUES (
            %s, %s, %s, %s, %s,
            %s, %s, %s, %s, %s, NOW()
        ) ON CONFLICT (snapshot_date, appid, region_code, country_iso3) DO UPDATE SET
            player_count = EXCLUDED.player_count,
            share_percentage = EXCLUDED.share_percentage,
            peak_time_bkk = EXCLUDED.peak_time_bkk;
        , parameters: ('2026-09-07', 578080, 'PUBG: BATTLEGROUNDS', 'EUROPE', 'ยุโรป', 'DEU', 'เยอรมนี', 5282, 2.23, '00:00 - 04:00 น.')
[2026-09-07T06:11:02.269+0000] {sql.py:562} INFO - Rows affected: 1
[2026-09-07T06:11:02.276+0000] {sql.py:553} INFO - Running statement: 
        INSERT INTO steam_game_regions (
            snapshot_date, appid, game_name, region_code, region_name,
            country_iso3, country_name, player_count, share_percentage, peak_time_bkk, created_at
        ) VALUES (
            %s, %s, %s, %s, %s,
            %s, %s, %s, %s, %s, NOW()
        ) ON CONFLICT (snapshot_date, appid, region_code, country_iso3) DO UPDATE SET
            player_count = EXCLUDED.player_count,
            share_percentage = EXCLUDED.share_percentage,
            peak_time_bkk = EXCLUDED.peak_time_bkk;
        , parameters: ('2026-09-07', 578080, 'PUBG: BATTLEGROUNDS', 'EUROPE', 'ยุโรป', 'GBR', 'สหราชอาณาจักร', 7043, 2.98, '01:00 - 05:00 น.')
[2026-09-07T06:11:02.277+0000] {sql.py:562} INFO - Rows affected: 1
[2026-09-07T06:11:02.284+0000] {sql.py:553} INFO - Running statement: 
        INSERT INTO steam_game_regions (
            snapshot_date, appid, game_name, region_code, region_name,
            country_iso3, country_name, player_count, share_percentage, peak_time_bkk, created_at
        ) VALUES (
            %s, %s, %s, %s, %s,
            %s, %s, %s, %s, %s, NOW()
        ) ON CONFLICT (snapshot_date, appid, region_code, country_iso3) DO UPDATE SET
            player_count = EXCLUDED.player_count,
            share_percentage = EXCLUDED.share_percentage,
            peak_time_bkk = EXCLUDED.peak_time_bkk;
        , parameters: ('2026-09-07', 578080, 'PUBG: BATTLEGROUNDS', 'EUROPE', 'ยุโรป', 'FRA', 'ฝรั่งเศส', 5282, 2.23, '00:00 - 04:00 น.')
[2026-09-07T06:11:02.286+0000] {sql.py:562} INFO - Rows affected: 1
[2026-09-07T06:11:02.294+0000] {sql.py:553} INFO - Running statement: 
        INSERT INTO steam_game_regions (
            snapshot_date, appid, game_name, region_code, region_name,
            country_iso3, country_name, player_count, share_percentage, peak_time_bkk, created_at
        ) VALUES (
            %s, %s, %s, %s, %s,
            %s, %s, %s, %s, %s, NOW()
        ) ON CONFLICT (snapshot_date, appid, region_code, country_iso3) DO UPDATE SET
            player_count = EXCLUDED.player_count,
            share_percentage = EXCLUDED.share_percentage,
            peak_time_bkk = EXCLUDED.peak_time_bkk;
        , parameters: ('2026-09-07', 578080, 'PUBG: BATTLEGROUNDS', 'EUROPE', 'ยุโรป', 'POL', 'โปแลนด์', 5282, 2.23, '00:00 - 04:00 น.')
[2026-09-07T06:11:02.295+0000] {sql.py:562} INFO - Rows affected: 1
[2026-09-07T06:11:02.302+0000] {sql.py:553} INFO - Running statement: 
        INSERT INTO steam_game_regions (
            snapshot_date, appid, game_name, region_code, region_name,
            country_iso3, country_name, player_count, share_percentage, peak_time_bkk, created_at
        ) VALUES (
            %s, %s, %s, %s, %s,
            %s, %s, %s, %s, %s, NOW()
        ) ON CONFLICT (snapshot_date, appid, region_code, country_iso3) DO UPDATE SET
            player_count = EXCLUDED.player_count,
            share_percentage = EXCLUDED.share_percentage,
            peak_time_bkk = EXCLUDED.peak_time_bkk;
        , parameters: ('2026-09-07', 578080, 'PUBG: BATTLEGROUNDS', 'NORTH_AMERICA', 'อเมริกาเหนือ', 'USA', 'สหรัฐอเมริกา', 9684, 4.09, '07:00 - 11:00 น.')
[2026-09-07T06:11:02.304+0000] {sql.py:562} INFO - Rows affected: 1
[2026-09-07T06:11:02.310+0000] {sql.py:553} INFO - Running statement: 
        INSERT INTO steam_game_regions (
            snapshot_date, appid, game_name, region_code, region_name,
            country_iso3, country_name, player_count, share_percentage, peak_time_bkk, created_at
        ) VALUES (
            %s, %s, %s, %s, %s,
            %s, %s, %s, %s, %s, NOW()
        ) ON CONFLICT (snapshot_date, appid, region_code, country_iso3) DO UPDATE SET
            player_count = EXCLUDED.player_count,
            share_percentage = EXCLUDED.share_percentage,
            peak_time_bkk = EXCLUDED.peak_time_bkk;
        , parameters: ('2026-09-07', 578080, 'PUBG: BATTLEGROUNDS', 'NORTH_AMERICA', 'อเมริกาเหนือ', 'CAN', 'แคนาดา', 3521, 1.49, '07:00 - 11:00 น.')
[2026-09-07T06:11:02.312+0000] {sql.py:562} INFO - Rows affected: 1
[2026-09-07T06:11:02.319+0000] {sql.py:553} INFO - Running statement: 
        INSERT INTO steam_game_regions (
            snapshot_date, appid, game_name, region_code, region_name,
            country_iso3, country_name, player_count, share_percentage, peak_time_bkk, created_at
        ) VALUES (
            %s, %s, %s, %s, %s,
            %s, %s, %s, %s, %s, NOW()
        ) ON CONFLICT (snapshot_date, appid, region_code, country_iso3) DO UPDATE SET
            player_count = EXCLUDED.player_count,
            share_percentage = EXCLUDED.share_percentage,
            peak_time_bkk = EXCLUDED.peak_time_bkk;
        , parameters: ('2026-09-07', 578080, 'PUBG: BATTLEGROUNDS', 'LATIN_AMERICA', 'ลาตินอเมริกา', 'BRA', 'บราซิล', 7043, 2.98, '05:00 - 09:00 น.')
[2026-09-07T06:11:02.320+0000] {sql.py:562} INFO - Rows affected: 1
[2026-09-07T06:11:02.327+0000] {sql.py:553} INFO - Running statement: 
        INSERT INTO steam_game_regions (
            snapshot_date, appid, game_name, region_code, region_name,
            country_iso3, country_name, player_count, share_percentage, peak_time_bkk, created_at
        ) VALUES (
            %s, %s, %s, %s, %s,
            %s, %s, %s, %s, %s, NOW()
        ) ON CONFLICT (snapshot_date, appid, region_code, country_iso3) DO UPDATE SET
            player_count = EXCLUDED.player_count,
            share_percentage = EXCLUDED.share_percentage,
            peak_time_bkk = EXCLUDED.peak_time_bkk;
        , parameters: ('2026-09-07', 578080, 'PUBG: BATTLEGROUNDS', 'LATIN_AMERICA', 'ลาตินอเมริกา', 'ARG', 'อาร์เจนตินา', 2641, 1.12, '05:00 - 09:00 น.')
[2026-09-07T06:11:02.329+0000] {sql.py:562} INFO - Rows affected: 1
[2026-09-07T06:11:02.335+0000] {sql.py:553} INFO - Running statement: 
        INSERT INTO steam_game_regions (
            snapshot_date, appid, game_name, region_code, region_name,
            country_iso3, country_name, player_count, share_percentage, peak_time_bkk, created_at
        ) VALUES (
            %s, %s, %s, %s, %s,
            %s, %s, %s, %s, %s, NOW()
        ) ON CONFLICT (snapshot_date, appid, region_code, country_iso3) DO UPDATE SET
            player_count = EXCLUDED.player_count,
            share_percentage = EXCLUDED.share_percentage,
            peak_time_bkk = EXCLUDED.peak_time_bkk;
        , parameters: ('2026-09-07', 578080, 'PUBG: BATTLEGROUNDS', 'OCEANIA', 'โอเชียเนีย', 'AUS', 'ออสเตรเลีย', 2641, 1.12, '16:00 - 20:00 น.')
[2026-09-07T06:11:02.337+0000] {sql.py:562} INFO - Rows affected: 1
[2026-09-07T06:11:02.343+0000] {sql.py:553} INFO - Running statement: 
        INSERT INTO steam_game_regions (
            snapshot_date, appid, game_name, region_code, region_name,
            country_iso3, country_name, player_count, share_percentage, peak_time_bkk, created_at
        ) VALUES (
            %s, %s, %s, %s, %s,
            %s, %s, %s, %s, %s, NOW()
        ) ON CONFLICT (snapshot_date, appid, region_code, country_iso3) DO UPDATE SET
            player_count = EXCLUDED.player_count,
            share_percentage = EXCLUDED.share_percentage,
            peak_time_bkk = EXCLUDED.peak_time_bkk;
        , parameters: ('2026-09-07', 1172470, 'Apex Legends™', 'ASIA_EAST', 'เอเชียตะวันออก', 'CHN', 'จีน', 24731, 27.18, '19:00 - 23:00 น.')
[2026-09-07T06:11:02.345+0000] {sql.py:562} INFO - Rows affected: 1
[2026-09-07T06:11:02.352+0000] {sql.py:553} INFO - Running statement: 
        INSERT INTO steam_game_regions (
            snapshot_date, appid, game_name, region_code, region_name,
            country_iso3, country_name, player_count, share_percentage, peak_time_bkk, created_at
        ) VALUES (
            %s, %s, %s, %s, %s,
            %s, %s, %s, %s, %s, NOW()
        ) ON CONFLICT (snapshot_date, appid, region_code, country_iso3) DO UPDATE SET
            player_count = EXCLUDED.player_count,
            share_percentage = EXCLUDED.share_percentage,
            peak_time_bkk = EXCLUDED.peak_time_bkk;
        , parameters: ('2026-09-07', 1172470, 'Apex Legends™', 'ASIA_EAST', 'เอเชียตะวันออก', 'JPN', 'ญี่ปุ่น', 4416, 4.85, '19:00 - 23:00 น.')
[2026-09-07T06:11:02.354+0000] {sql.py:562} INFO - Rows affected: 1
[2026-09-07T06:11:02.360+0000] {sql.py:553} INFO - Running statement: 
        INSERT INTO steam_game_regions (
            snapshot_date, appid, game_name, region_code, region_name,
            country_iso3, country_name, player_count, share_percentage, peak_time_bkk, created_at
        ) VALUES (
            %s, %s, %s, %s, %s,
            %s, %s, %s, %s, %s, NOW()
        ) ON CONFLICT (snapshot_date, appid, region_code, country_iso3) DO UPDATE SET
            player_count = EXCLUDED.player_count,
            share_percentage = EXCLUDED.share_percentage,
            peak_time_bkk = EXCLUDED.peak_time_bkk;
        , parameters: ('2026-09-07', 1172470, 'Apex Legends™', 'ASIA_EAST', 'เอเชียตะวันออก', 'KOR', 'เกาหลีใต้', 3533, 3.88, '19:00 - 23:00 น.')
[2026-09-07T06:11:02.361+0000] {sql.py:562} INFO - Rows affected: 1
[2026-09-07T06:11:02.368+0000] {sql.py:553} INFO - Running statement: 
        INSERT INTO steam_game_regions (
            snapshot_date, appid, game_name, region_code, region_name,
            country_iso3, country_name, player_count, share_percentage, peak_time_bkk, created_at
        ) VALUES (
            %s, %s, %s, %s, %s,
            %s, %s, %s, %s, %s, NOW()
        ) ON CONFLICT (snapshot_date, appid, region_code, country_iso3) DO UPDATE SET
            player_count = EXCLUDED.player_count,
            share_percentage = EXCLUDED.share_percentage,
            peak_time_bkk = EXCLUDED.peak_time_bkk;
        , parameters: ('2026-09-07', 1172470, 'Apex Legends™', 'ASIA_EAST', 'เอเชียตะวันออก', 'TWN', 'ไต้หวัน', 1766, 1.94, '19:00 - 23:00 น.')
[2026-09-07T06:11:02.370+0000] {sql.py:562} INFO - Rows affected: 1
[2026-09-07T06:11:02.376+0000] {sql.py:553} INFO - Running statement: 
        INSERT INTO steam_game_regions (
            snapshot_date, appid, game_name, region_code, region_name,
            country_iso3, country_name, player_count, share_percentage, peak_time_bkk, created_at
        ) VALUES (
            %s, %s, %s, %s, %s,
            %s, %s, %s, %s, %s, NOW()
        ) ON CONFLICT (snapshot_date, appid, region_code, country_iso3) DO UPDATE SET
            player_count = EXCLUDED.player_count,
            share_percentage = EXCLUDED.share_percentage,
            peak_time_bkk = EXCLUDED.peak_time_bkk;
        , parameters: ('2026-09-07', 1172470, 'Apex Legends™', 'ASIA_SEA', 'เอเชียตะวันออกเฉียงใต้', 'THA', 'ประเทศไทย', 3975, 4.37, '20:00 - 00:00 น.')
[2026-09-07T06:11:02.378+0000] {sql.py:562} INFO - Rows affected: 1
[2026-09-07T06:11:02.386+0000] {sql.py:553} INFO - Running statement: 
        INSERT INTO steam_game_regions (
            snapshot_date, appid, game_name, region_code, region_name,
            country_iso3, country_name, player_count, share_percentage, peak_time_bkk, created_at
        ) VALUES (
            %s, %s, %s, %s, %s,
            %s, %s, %s, %s, %s, NOW()
        ) ON CONFLICT (snapshot_date, appid, region_code, country_iso3) DO UPDATE SET
            player_count = EXCLUDED.player_count,
            share_percentage = EXCLUDED.share_percentage,
            peak_time_bkk = EXCLUDED.peak_time_bkk;
        , parameters: ('2026-09-07', 1172470, 'Apex Legends™', 'ASIA_SEA', 'เอเชียตะวันออกเฉียงใต้', 'VNM', 'เวียดนาม', 3091, 3.4, '20:00 - 00:00 น.')
[2026-09-07T06:11:02.388+0000] {sql.py:562} INFO - Rows affected: 1
[2026-09-07T06:11:02.394+0000] {sql.py:553} INFO - Running statement: 
        INSERT INTO steam_game_regions (
            snapshot_date, appid, game_name, region_code, region_name,
            country_iso3, country_name, player_count, share_percentage, peak_time_bkk, created_at
        ) VALUES (
            %s, %s, %s, %s, %s,
            %s, %s, %s, %s, %s, NOW()
        ) ON CONFLICT (snapshot_date, appid, region_code, country_iso3) DO UPDATE SET
            player_count = EXCLUDED.player_count,
            share_percentage = EXCLUDED.share_percentage,
            peak_time_bkk = EXCLUDED.peak_time_bkk;
        , parameters: ('2026-09-07', 1172470, 'Apex Legends™', 'ASIA_SEA', 'เอเชียตะวันออกเฉียงใต้', 'IDN', 'อินโดนีเซีย', 2650, 2.91, '20:00 - 00:00 น.')
[2026-09-07T06:11:02.396+0000] {sql.py:562} INFO - Rows affected: 1
[2026-09-07T06:11:02.403+0000] {sql.py:553} INFO - Running statement: 
        INSERT INTO steam_game_regions (
            snapshot_date, appid, game_name, region_code, region_name,
            country_iso3, country_name, player_count, share_percentage, peak_time_bkk, created_at
        ) VALUES (
            %s, %s, %s, %s, %s,
            %s, %s, %s, %s, %s, NOW()
        ) ON CONFLICT (snapshot_date, appid, region_code, country_iso3) DO UPDATE SET
            player_count = EXCLUDED.player_count,
            share_percentage = EXCLUDED.share_percentage,
            peak_time_bkk = EXCLUDED.peak_time_bkk;
        , parameters: ('2026-09-07', 1172470, 'Apex Legends™', 'ASIA_SEA', 'เอเชียตะวันออกเฉียงใต้', 'PHL', 'ฟิลิปปินส์', 2208, 2.43, '20:00 - 00:00 น.')
[2026-09-07T06:11:02.405+0000] {sql.py:562} INFO - Rows affected: 1
[2026-09-07T06:11:02.411+0000] {sql.py:553} INFO - Running statement: 
        INSERT INTO steam_game_regions (
            snapshot_date, appid, game_name, region_code, region_name,
            country_iso3, country_name, player_count, share_percentage, peak_time_bkk, created_at
        ) VALUES (
            %s, %s, %s, %s, %s,
            %s, %s, %s, %s, %s, NOW()
        ) ON CONFLICT (snapshot_date, appid, region_code, country_iso3) DO UPDATE SET
            player_count = EXCLUDED.player_count,
            share_percentage = EXCLUDED.share_percentage,
            peak_time_bkk = EXCLUDED.peak_time_bkk;
        , parameters: ('2026-09-07', 1172470, 'Apex Legends™', 'ASIA_SEA', 'เอเชียตะวันออกเฉียงใต้', 'MYS', 'มาเลเซีย', 1325, 1.46, '20:00 - 00:00 น.')
[2026-09-07T06:11:02.413+0000] {sql.py:562} INFO - Rows affected: 1
[2026-09-07T06:11:02.419+0000] {sql.py:553} INFO - Running statement: 
        INSERT INTO steam_game_regions (
            snapshot_date, appid, game_name, region_code, region_name,
            country_iso3, country_name, player_count, share_percentage, peak_time_bkk, created_at
        ) VALUES (
            %s, %s, %s, %s, %s,
            %s, %s, %s, %s, %s, NOW()
        ) ON CONFLICT (snapshot_date, appid, region_code, country_iso3) DO UPDATE SET
            player_count = EXCLUDED.player_count,
            share_percentage = EXCLUDED.share_percentage,
            peak_time_bkk = EXCLUDED.peak_time_bkk;
        , parameters: ('2026-09-07', 1172470, 'Apex Legends™', 'ASIA_SEA', 'เอเชียตะวันออกเฉียงใต้', 'SGP', 'สิงคโปร์', 883, 0.97, '20:00 - 00:00 น.')
[2026-09-07T06:11:02.421+0000] {sql.py:562} INFO - Rows affected: 1
[2026-09-07T06:11:02.429+0000] {sql.py:553} INFO - Running statement: 
        INSERT INTO steam_game_regions (
            snapshot_date, appid, game_name, region_code, region_name,
            country_iso3, country_name, player_count, share_percentage, peak_time_bkk, created_at
        ) VALUES (
            %s, %s, %s, %s, %s,
            %s, %s, %s, %s, %s, NOW()
        ) ON CONFLICT (snapshot_date, appid, region_code, country_iso3) DO UPDATE SET
            player_count = EXCLUDED.player_count,
            share_percentage = EXCLUDED.share_percentage,
            peak_time_bkk = EXCLUDED.peak_time_bkk;
        , parameters: ('2026-09-07', 1172470, 'Apex Legends™', 'EUROPE', 'ยุโรป', 'RUS', 'รัสเซีย', 10599, 11.65, '22:00 - 02:00 น.')
[2026-09-07T06:11:02.430+0000] {sql.py:562} INFO - Rows affected: 1
[2026-09-07T06:11:02.437+0000] {sql.py:553} INFO - Running statement: 
        INSERT INTO steam_game_regions (
            snapshot_date, appid, game_name, region_code, region_name,
            country_iso3, country_name, player_count, share_percentage, peak_time_bkk, created_at
        ) VALUES (
            %s, %s, %s, %s, %s,
            %s, %s, %s, %s, %s, NOW()
        ) ON CONFLICT (snapshot_date, appid, region_code, country_iso3) DO UPDATE SET
            player_count = EXCLUDED.player_count,
            share_percentage = EXCLUDED.share_percentage,
            peak_time_bkk = EXCLUDED.peak_time_bkk;
        , parameters: ('2026-09-07', 1172470, 'Apex Legends™', 'EUROPE', 'ยุโรป', 'DEU', 'เยอรมนี', 5299, 5.83, '00:00 - 04:00 น.')
[2026-09-07T06:11:02.439+0000] {sql.py:562} INFO - Rows affected: 1
[2026-09-07T06:11:02.446+0000] {sql.py:553} INFO - Running statement: 
        INSERT INTO steam_game_regions (
            snapshot_date, appid, game_name, region_code, region_name,
            country_iso3, country_name, player_count, share_percentage, peak_time_bkk, created_at
        ) VALUES (
            %s, %s, %s, %s, %s,
            %s, %s, %s, %s, %s, NOW()
        ) ON CONFLICT (snapshot_date, appid, region_code, country_iso3) DO UPDATE SET
            player_count = EXCLUDED.player_count,
            share_percentage = EXCLUDED.share_percentage,
            peak_time_bkk = EXCLUDED.peak_time_bkk;
        , parameters: ('2026-09-07', 1172470, 'Apex Legends™', 'EUROPE', 'ยุโรป', 'GBR', 'สหราชอาณาจักร', 3533, 3.88, '01:00 - 05:00 น.')
[2026-09-07T06:11:02.448+0000] {sql.py:562} INFO - Rows affected: 1
[2026-09-07T06:11:02.455+0000] {sql.py:553} INFO - Running statement: 
        INSERT INTO steam_game_regions (
            snapshot_date, appid, game_name, region_code, region_name,
            country_iso3, country_name, player_count, share_percentage, peak_time_bkk, created_at
        ) VALUES (
            %s, %s, %s, %s, %s,
            %s, %s, %s, %s, %s, NOW()
        ) ON CONFLICT (snapshot_date, appid, region_code, country_iso3) DO UPDATE SET
            player_count = EXCLUDED.player_count,
            share_percentage = EXCLUDED.share_percentage,
            peak_time_bkk = EXCLUDED.peak_time_bkk;
        , parameters: ('2026-09-07', 1172470, 'Apex Legends™', 'EUROPE', 'ยุโรป', 'FRA', 'ฝรั่งเศส', 2650, 2.91, '00:00 - 04:00 น.')
[2026-09-07T06:11:02.457+0000] {sql.py:562} INFO - Rows affected: 1
[2026-09-07T06:11:02.464+0000] {sql.py:553} INFO - Running statement: 
        INSERT INTO steam_game_regions (
            snapshot_date, appid, game_name, region_code, region_name,
            country_iso3, country_name, player_count, share_percentage, peak_time_bkk, created_at
        ) VALUES (
            %s, %s, %s, %s, %s,
            %s, %s, %s, %s, %s, NOW()
        ) ON CONFLICT (snapshot_date, appid, region_code, country_iso3) DO UPDATE SET
            player_count = EXCLUDED.player_count,
            share_percentage = EXCLUDED.share_percentage,
            peak_time_bkk = EXCLUDED.peak_time_bkk;
        , parameters: ('2026-09-07', 1172470, 'Apex Legends™', 'EUROPE', 'ยุโรป', 'POL', 'โปแลนด์', 2650, 2.91, '00:00 - 04:00 น.')
[2026-09-07T06:11:02.466+0000] {sql.py:562} INFO - Rows affected: 1
[2026-09-07T06:11:02.474+0000] {sql.py:553} INFO - Running statement: 
        INSERT INTO steam_game_regions (
            snapshot_date, appid, game_name, region_code, region_name,
            country_iso3, country_name, player_count, share_percentage, peak_time_bkk, created_at
        ) VALUES (
            %s, %s, %s, %s, %s,
            %s, %s, %s, %s, %s, NOW()
        ) ON CONFLICT (snapshot_date, appid, region_code, country_iso3) DO UPDATE SET
            player_count = EXCLUDED.player_count,
            share_percentage = EXCLUDED.share_percentage,
            peak_time_bkk = EXCLUDED.peak_time_bkk;
        , parameters: ('2026-09-07', 1172470, 'Apex Legends™', 'NORTH_AMERICA', 'อเมริกาเหนือ', 'USA', 'สหรัฐอเมริกา', 9716, 10.68, '07:00 - 11:00 น.')
[2026-09-07T06:11:02.476+0000] {sql.py:562} INFO - Rows affected: 1
[2026-09-07T06:11:02.483+0000] {sql.py:553} INFO - Running statement: 
        INSERT INTO steam_game_regions (
            snapshot_date, appid, game_name, region_code, region_name,
            country_iso3, country_name, player_count, share_percentage, peak_time_bkk, created_at
        ) VALUES (
            %s, %s, %s, %s, %s,
            %s, %s, %s, %s, %s, NOW()
        ) ON CONFLICT (snapshot_date, appid, region_code, country_iso3) DO UPDATE SET
            player_count = EXCLUDED.player_count,
            share_percentage = EXCLUDED.share_percentage,
            peak_time_bkk = EXCLUDED.peak_time_bkk;
        , parameters: ('2026-09-07', 1172470, 'Apex Legends™', 'NORTH_AMERICA', 'อเมริกาเหนือ', 'CAN', 'แคนาดา', 1766, 1.94, '07:00 - 11:00 น.')
[2026-09-07T06:11:02.486+0000] {sql.py:562} INFO - Rows affected: 1
[2026-09-07T06:11:02.494+0000] {sql.py:553} INFO - Running statement: 
        INSERT INTO steam_game_regions (
            snapshot_date, appid, game_name, region_code, region_name,
            country_iso3, country_name, player_count, share_percentage, peak_time_bkk, created_at
        ) VALUES (
            %s, %s, %s, %s, %s,
            %s, %s, %s, %s, %s, NOW()
        ) ON CONFLICT (snapshot_date, appid, region_code, country_iso3) DO UPDATE SET
            player_count = EXCLUDED.player_count,
            share_percentage = EXCLUDED.share_percentage,
            peak_time_bkk = EXCLUDED.peak_time_bkk;
        , parameters: ('2026-09-07', 1172470, 'Apex Legends™', 'LATIN_AMERICA', 'ลาตินอเมริกา', 'BRA', 'บราซิล', 3533, 3.88, '05:00 - 09:00 น.')
[2026-09-07T06:11:02.496+0000] {sql.py:562} INFO - Rows affected: 1
[2026-09-07T06:11:02.504+0000] {sql.py:553} INFO - Running statement: 
        INSERT INTO steam_game_regions (
            snapshot_date, appid, game_name, region_code, region_name,
            country_iso3, country_name, player_count, share_percentage, peak_time_bkk, created_at
        ) VALUES (
            %s, %s, %s, %s, %s,
            %s, %s, %s, %s, %s, NOW()
        ) ON CONFLICT (snapshot_date, appid, region_code, country_iso3) DO UPDATE SET
            player_count = EXCLUDED.player_count,
            share_percentage = EXCLUDED.share_percentage,
            peak_time_bkk = EXCLUDED.peak_time_bkk;
        , parameters: ('2026-09-07', 1172470, 'Apex Legends™', 'LATIN_AMERICA', 'ลาตินอเมริกา', 'ARG', 'อาร์เจนตินา', 1325, 1.46, '05:00 - 09:00 น.')
[2026-09-07T06:11:02.506+0000] {sql.py:562} INFO - Rows affected: 1
[2026-09-07T06:11:02.514+0000] {sql.py:553} INFO - Running statement: 
        INSERT INTO steam_game_regions (
            snapshot_date, appid, game_name, region_code, region_name,
            country_iso3, country_name, player_count, share_percentage, peak_time_bkk, created_at
        ) VALUES (
            %s, %s, %s, %s, %s,
            %s, %s, %s, %s, %s, NOW()
        ) ON CONFLICT (snapshot_date, appid, region_code, country_iso3) DO UPDATE SET
            player_count = EXCLUDED.player_count,
            share_percentage = EXCLUDED.share_percentage,
            peak_time_bkk = EXCLUDED.peak_time_bkk;
        , parameters: ('2026-09-07', 1172470, 'Apex Legends™', 'OCEANIA', 'โอเชียเนีย', 'AUS', 'ออสเตรเลีย', 1325, 1.46, '16:00 - 20:00 น.')
[2026-09-07T06:11:02.516+0000] {sql.py:562} INFO - Rows affected: 1
[2026-09-07T06:11:02.524+0000] {sql.py:553} INFO - Running statement: 
        INSERT INTO steam_game_regions (
            snapshot_date, appid, game_name, region_code, region_name,
            country_iso3, country_name, player_count, share_percentage, peak_time_bkk, created_at
        ) VALUES (
            %s, %s, %s, %s, %s,
            %s, %s, %s, %s, %s, NOW()
        ) ON CONFLICT (snapshot_date, appid, region_code, country_iso3) DO UPDATE SET
            player_count = EXCLUDED.player_count,
            share_percentage = EXCLUDED.share_percentage,
            peak_time_bkk = EXCLUDED.peak_time_bkk;
        , parameters: ('2026-09-07', 1086940, "Baldur's Gate 3", 'ASIA_EAST', 'เอเชียตะวันออก', 'CHN', 'จีน', 9643, 27.18, '19:00 - 23:00 น.')
[2026-09-07T06:11:02.526+0000] {sql.py:562} INFO - Rows affected: 1
[2026-09-07T06:11:02.535+0000] {sql.py:553} INFO - Running statement: 
        INSERT INTO steam_game_regions (
            snapshot_date, appid, game_name, region_code, region_name,
            country_iso3, country_name, player_count, share_percentage, peak_time_bkk, created_at
        ) VALUES (
            %s, %s, %s, %s, %s,
            %s, %s, %s, %s, %s, NOW()
        ) ON CONFLICT (snapshot_date, appid, region_code, country_iso3) DO UPDATE SET
            player_count = EXCLUDED.player_count,
            share_percentage = EXCLUDED.share_percentage,
            peak_time_bkk = EXCLUDED.peak_time_bkk;
        , parameters: ('2026-09-07', 1086940, "Baldur's Gate 3", 'ASIA_EAST', 'เอเชียตะวันออก', 'JPN', 'ญี่ปุ่น', 1722, 4.85, '19:00 - 23:00 น.')
[2026-09-07T06:11:02.537+0000] {sql.py:562} INFO - Rows affected: 1
[2026-09-07T06:11:02.544+0000] {sql.py:553} INFO - Running statement: 
        INSERT INTO steam_game_regions (
            snapshot_date, appid, game_name, region_code, region_name,
            country_iso3, country_name, player_count, share_percentage, peak_time_bkk, created_at
        ) VALUES (
            %s, %s, %s, %s, %s,
            %s, %s, %s, %s, %s, NOW()
        ) ON CONFLICT (snapshot_date, appid, region_code, country_iso3) DO UPDATE SET
            player_count = EXCLUDED.player_count,
            share_percentage = EXCLUDED.share_percentage,
            peak_time_bkk = EXCLUDED.peak_time_bkk;
        , parameters: ('2026-09-07', 1086940, "Baldur's Gate 3", 'ASIA_EAST', 'เอเชียตะวันออก', 'KOR', 'เกาหลีใต้', 1378, 3.88, '19:00 - 23:00 น.')
[2026-09-07T06:11:02.546+0000] {sql.py:562} INFO - Rows affected: 1
[2026-09-07T06:11:02.554+0000] {sql.py:553} INFO - Running statement: 
        INSERT INTO steam_game_regions (
            snapshot_date, appid, game_name, region_code, region_name,
            country_iso3, country_name, player_count, share_percentage, peak_time_bkk, created_at
        ) VALUES (
            %s, %s, %s, %s, %s,
            %s, %s, %s, %s, %s, NOW()
        ) ON CONFLICT (snapshot_date, appid, region_code, country_iso3) DO UPDATE SET
            player_count = EXCLUDED.player_count,
            share_percentage = EXCLUDED.share_percentage,
            peak_time_bkk = EXCLUDED.peak_time_bkk;
        , parameters: ('2026-09-07', 1086940, "Baldur's Gate 3", 'ASIA_EAST', 'เอเชียตะวันออก', 'TWN', 'ไต้หวัน', 689, 1.94, '19:00 - 23:00 น.')
[2026-09-07T06:11:02.556+0000] {sql.py:562} INFO - Rows affected: 1
[2026-09-07T06:11:02.564+0000] {sql.py:553} INFO - Running statement: 
        INSERT INTO steam_game_regions (
            snapshot_date, appid, game_name, region_code, region_name,
            country_iso3, country_name, player_count, share_percentage, peak_time_bkk, created_at
        ) VALUES (
            %s, %s, %s, %s, %s,
            %s, %s, %s, %s, %s, NOW()
        ) ON CONFLICT (snapshot_date, appid, region_code, country_iso3) DO UPDATE SET
            player_count = EXCLUDED.player_count,
            share_percentage = EXCLUDED.share_percentage,
            peak_time_bkk = EXCLUDED.peak_time_bkk;
        , parameters: ('2026-09-07', 1086940, "Baldur's Gate 3", 'ASIA_SEA', 'เอเชียตะวันออกเฉียงใต้', 'THA', 'ประเทศไทย', 1550, 4.37, '20:00 - 00:00 น.')
[2026-09-07T06:11:02.566+0000] {sql.py:562} INFO - Rows affected: 1
[2026-09-07T06:11:02.574+0000] {sql.py:553} INFO - Running statement: 
        INSERT INTO steam_game_regions (
            snapshot_date, appid, game_name, region_code, region_name,
            country_iso3, country_name, player_count, share_percentage, peak_time_bkk, created_at
        ) VALUES (
            %s, %s, %s, %s, %s,
            %s, %s, %s, %s, %s, NOW()
        ) ON CONFLICT (snapshot_date, appid, region_code, country_iso3) DO UPDATE SET
            player_count = EXCLUDED.player_count,
            share_percentage = EXCLUDED.share_percentage,
            peak_time_bkk = EXCLUDED.peak_time_bkk;
        , parameters: ('2026-09-07', 1086940, "Baldur's Gate 3", 'ASIA_SEA', 'เอเชียตะวันออกเฉียงใต้', 'VNM', 'เวียดนาม', 1205, 3.4, '20:00 - 00:00 น.')
[2026-09-07T06:11:02.576+0000] {sql.py:562} INFO - Rows affected: 1
[2026-09-07T06:11:02.583+0000] {sql.py:553} INFO - Running statement: 
        INSERT INTO steam_game_regions (
            snapshot_date, appid, game_name, region_code, region_name,
            country_iso3, country_name, player_count, share_percentage, peak_time_bkk, created_at
        ) VALUES (
            %s, %s, %s, %s, %s,
            %s, %s, %s, %s, %s, NOW()
        ) ON CONFLICT (snapshot_date, appid, region_code, country_iso3) DO UPDATE SET
            player_count = EXCLUDED.player_count,
            share_percentage = EXCLUDED.share_percentage,
            peak_time_bkk = EXCLUDED.peak_time_bkk;
        , parameters: ('2026-09-07', 1086940, "Baldur's Gate 3", 'ASIA_SEA', 'เอเชียตะวันออกเฉียงใต้', 'IDN', 'อินโดนีเซีย', 1033, 2.91, '20:00 - 00:00 น.')
[2026-09-07T06:11:02.585+0000] {sql.py:562} INFO - Rows affected: 1
[2026-09-07T06:11:02.592+0000] {sql.py:553} INFO - Running statement: 
        INSERT INTO steam_game_regions (
            snapshot_date, appid, game_name, region_code, region_name,
            country_iso3, country_name, player_count, share_percentage, peak_time_bkk, created_at
        ) VALUES (
            %s, %s, %s, %s, %s,
            %s, %s, %s, %s, %s, NOW()
        ) ON CONFLICT (snapshot_date, appid, region_code, country_iso3) DO UPDATE SET
            player_count = EXCLUDED.player_count,
            share_percentage = EXCLUDED.share_percentage,
            peak_time_bkk = EXCLUDED.peak_time_bkk;
        , parameters: ('2026-09-07', 1086940, "Baldur's Gate 3", 'ASIA_SEA', 'เอเชียตะวันออกเฉียงใต้', 'PHL', 'ฟิลิปปินส์', 861, 2.43, '20:00 - 00:00 น.')
[2026-09-07T06:11:02.594+0000] {sql.py:562} INFO - Rows affected: 1
[2026-09-07T06:11:02.602+0000] {sql.py:553} INFO - Running statement: 
        INSERT INTO steam_game_regions (
            snapshot_date, appid, game_name, region_code, region_name,
            country_iso3, country_name, player_count, share_percentage, peak_time_bkk, created_at
        ) VALUES (
            %s, %s, %s, %s, %s,
            %s, %s, %s, %s, %s, NOW()
        ) ON CONFLICT (snapshot_date, appid, region_code, country_iso3) DO UPDATE SET
            player_count = EXCLUDED.player_count,
            share_percentage = EXCLUDED.share_percentage,
            peak_time_bkk = EXCLUDED.peak_time_bkk;
        , parameters: ('2026-09-07', 1086940, "Baldur's Gate 3", 'ASIA_SEA', 'เอเชียตะวันออกเฉียงใต้', 'MYS', 'มาเลเซีย', 517, 1.46, '20:00 - 00:00 น.')
[2026-09-07T06:11:02.604+0000] {sql.py:562} INFO - Rows affected: 1
[2026-09-07T06:11:02.611+0000] {sql.py:553} INFO - Running statement: 
        INSERT INTO steam_game_regions (
            snapshot_date, appid, game_name, region_code, region_name,
            country_iso3, country_name, player_count, share_percentage, peak_time_bkk, created_at
        ) VALUES (
            %s, %s, %s, %s, %s,
            %s, %s, %s, %s, %s, NOW()
        ) ON CONFLICT (snapshot_date, appid, region_code, country_iso3) DO UPDATE SET
            player_count = EXCLUDED.player_count,
            share_percentage = EXCLUDED.share_percentage,
            peak_time_bkk = EXCLUDED.peak_time_bkk;
        , parameters: ('2026-09-07', 1086940, "Baldur's Gate 3", 'ASIA_SEA', 'เอเชียตะวันออกเฉียงใต้', 'SGP', 'สิงคโปร์', 344, 0.97, '20:00 - 00:00 น.')
[2026-09-07T06:11:02.613+0000] {sql.py:562} INFO - Rows affected: 1
[2026-09-07T06:11:02.620+0000] {sql.py:553} INFO - Running statement: 
        INSERT INTO steam_game_regions (
            snapshot_date, appid, game_name, region_code, region_name,
            country_iso3, country_name, player_count, share_percentage, peak_time_bkk, created_at
        ) VALUES (
            %s, %s, %s, %s, %s,
            %s, %s, %s, %s, %s, NOW()
        ) ON CONFLICT (snapshot_date, appid, region_code, country_iso3) DO UPDATE SET
            player_count = EXCLUDED.player_count,
            share_percentage = EXCLUDED.share_percentage,
            peak_time_bkk = EXCLUDED.peak_time_bkk;
        , parameters: ('2026-09-07', 1086940, "Baldur's Gate 3", 'EUROPE', 'ยุโรป', 'RUS', 'รัสเซีย', 4133, 11.65, '22:00 - 02:00 น.')
[2026-09-07T06:11:02.622+0000] {sql.py:562} INFO - Rows affected: 1
[2026-09-07T06:11:02.630+0000] {sql.py:553} INFO - Running statement: 
        INSERT INTO steam_game_regions (
            snapshot_date, appid, game_name, region_code, region_name,
            country_iso3, country_name, player_count, share_percentage, peak_time_bkk, created_at
        ) VALUES (
            %s, %s, %s, %s, %s,
            %s, %s, %s, %s, %s, NOW()
        ) ON CONFLICT (snapshot_date, appid, region_code, country_iso3) DO UPDATE SET
            player_count = EXCLUDED.player_count,
            share_percentage = EXCLUDED.share_percentage,
            peak_time_bkk = EXCLUDED.peak_time_bkk;
        , parameters: ('2026-09-07', 1086940, "Baldur's Gate 3", 'EUROPE', 'ยุโรป', 'DEU', 'เยอรมนี', 2066, 5.83, '00:00 - 04:00 น.')
[2026-09-07T06:11:02.632+0000] {sql.py:562} INFO - Rows affected: 1
[2026-09-07T06:11:02.638+0000] {sql.py:553} INFO - Running statement: 
        INSERT INTO steam_game_regions (
            snapshot_date, appid, game_name, region_code, region_name,
            country_iso3, country_name, player_count, share_percentage, peak_time_bkk, created_at
        ) VALUES (
            %s, %s, %s, %s, %s,
            %s, %s, %s, %s, %s, NOW()
        ) ON CONFLICT (snapshot_date, appid, region_code, country_iso3) DO UPDATE SET
            player_count = EXCLUDED.player_count,
            share_percentage = EXCLUDED.share_percentage,
            peak_time_bkk = EXCLUDED.peak_time_bkk;
        , parameters: ('2026-09-07', 1086940, "Baldur's Gate 3", 'EUROPE', 'ยุโรป', 'GBR', 'สหราชอาณาจักร', 1378, 3.88, '01:00 - 05:00 น.')
[2026-09-07T06:11:02.640+0000] {sql.py:562} INFO - Rows affected: 1
[2026-09-07T06:11:02.647+0000] {sql.py:553} INFO - Running statement: 
        INSERT INTO steam_game_regions (
            snapshot_date, appid, game_name, region_code, region_name,
            country_iso3, country_name, player_count, share_percentage, peak_time_bkk, created_at
        ) VALUES (
            %s, %s, %s, %s, %s,
            %s, %s, %s, %s, %s, NOW()
        ) ON CONFLICT (snapshot_date, appid, region_code, country_iso3) DO UPDATE SET
            player_count = EXCLUDED.player_count,
            share_percentage = EXCLUDED.share_percentage,
            peak_time_bkk = EXCLUDED.peak_time_bkk;
        , parameters: ('2026-09-07', 1086940, "Baldur's Gate 3", 'EUROPE', 'ยุโรป', 'FRA', 'ฝรั่งเศส', 1033, 2.91, '00:00 - 04:00 น.')
[2026-09-07T06:11:02.648+0000] {sql.py:562} INFO - Rows affected: 1
[2026-09-07T06:11:02.655+0000] {sql.py:553} INFO - Running statement: 
        INSERT INTO steam_game_regions (
            snapshot_date, appid, game_name, region_code, region_name,
            country_iso3, country_name, player_count, share_percentage, peak_time_bkk, created_at
        ) VALUES (
            %s, %s, %s, %s, %s,
            %s, %s, %s, %s, %s, NOW()
        ) ON CONFLICT (snapshot_date, appid, region_code, country_iso3) DO UPDATE SET
            player_count = EXCLUDED.player_count,
            share_percentage = EXCLUDED.share_percentage,
            peak_time_bkk = EXCLUDED.peak_time_bkk;
        , parameters: ('2026-09-07', 1086940, "Baldur's Gate 3", 'EUROPE', 'ยุโรป', 'POL', 'โปแลนด์', 1033, 2.91, '00:00 - 04:00 น.')
[2026-09-07T06:11:02.657+0000] {sql.py:562} INFO - Rows affected: 1
[2026-09-07T06:11:02.664+0000] {sql.py:553} INFO - Running statement: 
        INSERT INTO steam_game_regions (
            snapshot_date, appid, game_name, region_code, region_name,
            country_iso3, country_name, player_count, share_percentage, peak_time_bkk, created_at
        ) VALUES (
            %s, %s, %s, %s, %s,
            %s, %s, %s, %s, %s, NOW()
        ) ON CONFLICT (snapshot_date, appid, region_code, country_iso3) DO UPDATE SET
            player_count = EXCLUDED.player_count,
            share_percentage = EXCLUDED.share_percentage,
            peak_time_bkk = EXCLUDED.peak_time_bkk;
        , parameters: ('2026-09-07', 1086940, "Baldur's Gate 3", 'NORTH_AMERICA', 'อเมริกาเหนือ', 'USA', 'สหรัฐอเมริกา', 3788, 10.68, '07:00 - 11:00 น.')
[2026-09-07T06:11:02.666+0000] {sql.py:562} INFO - Rows affected: 1
[2026-09-07T06:11:02.672+0000] {sql.py:553} INFO - Running statement: 
        INSERT INTO steam_game_regions (
            snapshot_date, appid, game_name, region_code, region_name,
            country_iso3, country_name, player_count, share_percentage, peak_time_bkk, created_at
        ) VALUES (
            %s, %s, %s, %s, %s,
            %s, %s, %s, %s, %s, NOW()
        ) ON CONFLICT (snapshot_date, appid, region_code, country_iso3) DO UPDATE SET
            player_count = EXCLUDED.player_count,
            share_percentage = EXCLUDED.share_percentage,
            peak_time_bkk = EXCLUDED.peak_time_bkk;
        , parameters: ('2026-09-07', 1086940, "Baldur's Gate 3", 'NORTH_AMERICA', 'อเมริกาเหนือ', 'CAN', 'แคนาดา', 689, 1.94, '07:00 - 11:00 น.')
[2026-09-07T06:11:02.674+0000] {sql.py:562} INFO - Rows affected: 1
[2026-09-07T06:11:02.681+0000] {sql.py:553} INFO - Running statement: 
        INSERT INTO steam_game_regions (
            snapshot_date, appid, game_name, region_code, region_name,
            country_iso3, country_name, player_count, share_percentage, peak_time_bkk, created_at
        ) VALUES (
            %s, %s, %s, %s, %s,
            %s, %s, %s, %s, %s, NOW()
        ) ON CONFLICT (snapshot_date, appid, region_code, country_iso3) DO UPDATE SET
            player_count = EXCLUDED.player_count,
            share_percentage = EXCLUDED.share_percentage,
            peak_time_bkk = EXCLUDED.peak_time_bkk;
        , parameters: ('2026-09-07', 1086940, "Baldur's Gate 3", 'LATIN_AMERICA', 'ลาตินอเมริกา', 'BRA', 'บราซิล', 1378, 3.88, '05:00 - 09:00 น.')
[2026-09-07T06:11:02.683+0000] {sql.py:562} INFO - Rows affected: 1
[2026-09-07T06:11:02.689+0000] {sql.py:553} INFO - Running statement: 
        INSERT INTO steam_game_regions (
            snapshot_date, appid, game_name, region_code, region_name,
            country_iso3, country_name, player_count, share_percentage, peak_time_bkk, created_at
        ) VALUES (
            %s, %s, %s, %s, %s,
            %s, %s, %s, %s, %s, NOW()
        ) ON CONFLICT (snapshot_date, appid, region_code, country_iso3) DO UPDATE SET
            player_count = EXCLUDED.player_count,
            share_percentage = EXCLUDED.share_percentage,
            peak_time_bkk = EXCLUDED.peak_time_bkk;
        , parameters: ('2026-09-07', 1086940, "Baldur's Gate 3", 'LATIN_AMERICA', 'ลาตินอเมริกา', 'ARG', 'อาร์เจนตินา', 517, 1.46, '05:00 - 09:00 น.')
[2026-09-07T06:11:02.691+0000] {sql.py:562} INFO - Rows affected: 1
[2026-09-07T06:11:02.698+0000] {sql.py:553} INFO - Running statement: 
        INSERT INTO steam_game_regions (
            snapshot_date, appid, game_name, region_code, region_name,
            country_iso3, country_name, player_count, share_percentage, peak_time_bkk, created_at
        ) VALUES (
            %s, %s, %s, %s, %s,
            %s, %s, %s, %s, %s, NOW()
        ) ON CONFLICT (snapshot_date, appid, region_code, country_iso3) DO UPDATE SET
            player_count = EXCLUDED.player_count,
            share_percentage = EXCLUDED.share_percentage,
            peak_time_bkk = EXCLUDED.peak_time_bkk;
        , parameters: ('2026-09-07', 1086940, "Baldur's Gate 3", 'OCEANIA', 'โอเชียเนีย', 'AUS', 'ออสเตรเลีย', 517, 1.46, '16:00 - 20:00 น.')
[2026-09-07T06:11:02.699+0000] {sql.py:562} INFO - Rows affected: 1
[2026-09-07T06:11:02.706+0000] {sql.py:553} INFO - Running statement: 
        INSERT INTO steam_game_regions (
            snapshot_date, appid, game_name, region_code, region_name,
            country_iso3, country_name, player_count, share_percentage, peak_time_bkk, created_at
        ) VALUES (
            %s, %s, %s, %s, %s,
            %s, %s, %s, %s, %s, NOW()
        ) ON CONFLICT (snapshot_date, appid, region_code, country_iso3) DO UPDATE SET
            player_count = EXCLUDED.player_count,
            share_percentage = EXCLUDED.share_percentage,
            peak_time_bkk = EXCLUDED.peak_time_bkk;
        , parameters: ('2026-09-07', 2358720, 'Black Myth: Wukong', 'ASIA_EAST', 'เอเชียตะวันออก', 'CHN', 'จีน', 7391, 55.21, '19:00 - 23:00 น.')
[2026-09-07T06:11:02.708+0000] {sql.py:562} INFO - Rows affected: 1
[2026-09-07T06:11:02.715+0000] {sql.py:553} INFO - Running statement: 
        INSERT INTO steam_game_regions (
            snapshot_date, appid, game_name, region_code, region_name,
            country_iso3, country_name, player_count, share_percentage, peak_time_bkk, created_at
        ) VALUES (
            %s, %s, %s, %s, %s,
            %s, %s, %s, %s, %s, NOW()
        ) ON CONFLICT (snapshot_date, appid, region_code, country_iso3) DO UPDATE SET
            player_count = EXCLUDED.player_count,
            share_percentage = EXCLUDED.share_percentage,
            peak_time_bkk = EXCLUDED.peak_time_bkk;
        , parameters: ('2026-09-07', 2358720, 'Black Myth: Wukong', 'ASIA_EAST', 'เอเชียตะวันออก', 'JPN', 'ญี่ปุ่น', 609, 4.55, '19:00 - 23:00 น.')
[2026-09-07T06:11:02.717+0000] {sql.py:562} INFO - Rows affected: 1
[2026-09-07T06:11:02.724+0000] {sql.py:553} INFO - Running statement: 
        INSERT INTO steam_game_regions (
            snapshot_date, appid, game_name, region_code, region_name,
            country_iso3, country_name, player_count, share_percentage, peak_time_bkk, created_at
        ) VALUES (
            %s, %s, %s, %s, %s,
            %s, %s, %s, %s, %s, NOW()
        ) ON CONFLICT (snapshot_date, appid, region_code, country_iso3) DO UPDATE SET
            player_count = EXCLUDED.player_count,
            share_percentage = EXCLUDED.share_percentage,
            peak_time_bkk = EXCLUDED.peak_time_bkk;
        , parameters: ('2026-09-07', 2358720, 'Black Myth: Wukong', 'ASIA_EAST', 'เอเชียตะวันออก', 'KOR', 'เกาหลีใต้', 406, 3.03, '19:00 - 23:00 น.')
[2026-09-07T06:11:02.725+0000] {sql.py:562} INFO - Rows affected: 1
[2026-09-07T06:11:02.732+0000] {sql.py:553} INFO - Running statement: 
        INSERT INTO steam_game_regions (
            snapshot_date, appid, game_name, region_code, region_name,
            country_iso3, country_name, player_count, share_percentage, peak_time_bkk, created_at
        ) VALUES (
            %s, %s, %s, %s, %s,
            %s, %s, %s, %s, %s, NOW()
        ) ON CONFLICT (snapshot_date, appid, region_code, country_iso3) DO UPDATE SET
            player_count = EXCLUDED.player_count,
            share_percentage = EXCLUDED.share_percentage,
            peak_time_bkk = EXCLUDED.peak_time_bkk;
        , parameters: ('2026-09-07', 2358720, 'Black Myth: Wukong', 'ASIA_EAST', 'เอเชียตะวันออก', 'TWN', 'ไต้หวัน', 203, 1.52, '19:00 - 23:00 น.')
[2026-09-07T06:11:02.733+0000] {sql.py:562} INFO - Rows affected: 1
[2026-09-07T06:11:02.740+0000] {sql.py:553} INFO - Running statement: 
        INSERT INTO steam_game_regions (
            snapshot_date, appid, game_name, region_code, region_name,
            country_iso3, country_name, player_count, share_percentage, peak_time_bkk, created_at
        ) VALUES (
            %s, %s, %s, %s, %s,
            %s, %s, %s, %s, %s, NOW()
        ) ON CONFLICT (snapshot_date, appid, region_code, country_iso3) DO UPDATE SET
            player_count = EXCLUDED.player_count,
            share_percentage = EXCLUDED.share_percentage,
            peak_time_bkk = EXCLUDED.peak_time_bkk;
        , parameters: ('2026-09-07', 2358720, 'Black Myth: Wukong', 'ASIA_SEA', 'เอเชียตะวันออกเฉียงใต้', 'THA', 'ประเทศไทย', 685, 5.12, '20:00 - 00:00 น.')
[2026-09-07T06:11:02.742+0000] {sql.py:562} INFO - Rows affected: 1
[2026-09-07T06:11:02.750+0000] {sql.py:553} INFO - Running statement: 
        INSERT INTO steam_game_regions (
            snapshot_date, appid, game_name, region_code, region_name,
            country_iso3, country_name, player_count, share_percentage, peak_time_bkk, created_at
        ) VALUES (
            %s, %s, %s, %s, %s,
            %s, %s, %s, %s, %s, NOW()
        ) ON CONFLICT (snapshot_date, appid, region_code, country_iso3) DO UPDATE SET
            player_count = EXCLUDED.player_count,
            share_percentage = EXCLUDED.share_percentage,
            peak_time_bkk = EXCLUDED.peak_time_bkk;
        , parameters: ('2026-09-07', 2358720, 'Black Myth: Wukong', 'ASIA_SEA', 'เอเชียตะวันออกเฉียงใต้', 'VNM', 'เวียดนาม', 355, 2.65, '20:00 - 00:00 น.')
[2026-09-07T06:11:02.752+0000] {sql.py:562} INFO - Rows affected: 1
[2026-09-07T06:11:02.759+0000] {sql.py:553} INFO - Running statement: 
        INSERT INTO steam_game_regions (
            snapshot_date, appid, game_name, region_code, region_name,
            country_iso3, country_name, player_count, share_percentage, peak_time_bkk, created_at
        ) VALUES (
            %s, %s, %s, %s, %s,
            %s, %s, %s, %s, %s, NOW()
        ) ON CONFLICT (snapshot_date, appid, region_code, country_iso3) DO UPDATE SET
            player_count = EXCLUDED.player_count,
            share_percentage = EXCLUDED.share_percentage,
            peak_time_bkk = EXCLUDED.peak_time_bkk;
        , parameters: ('2026-09-07', 2358720, 'Black Myth: Wukong', 'ASIA_SEA', 'เอเชียตะวันออกเฉียงใต้', 'IDN', 'อินโดนีเซีย', 305, 2.28, '20:00 - 00:00 น.')
[2026-09-07T06:11:02.760+0000] {sql.py:562} INFO - Rows affected: 1
[2026-09-07T06:11:02.767+0000] {sql.py:553} INFO - Running statement: 
        INSERT INTO steam_game_regions (
            snapshot_date, appid, game_name, region_code, region_name,
            country_iso3, country_name, player_count, share_percentage, peak_time_bkk, created_at
        ) VALUES (
            %s, %s, %s, %s, %s,
            %s, %s, %s, %s, %s, NOW()
        ) ON CONFLICT (snapshot_date, appid, region_code, country_iso3) DO UPDATE SET
            player_count = EXCLUDED.player_count,
            share_percentage = EXCLUDED.share_percentage,
            peak_time_bkk = EXCLUDED.peak_time_bkk;
        , parameters: ('2026-09-07', 2358720, 'Black Myth: Wukong', 'ASIA_SEA', 'เอเชียตะวันออกเฉียงใต้', 'PHL', 'ฟิลิปปินส์', 254, 1.9, '20:00 - 00:00 น.')
[2026-09-07T06:11:02.769+0000] {sql.py:562} INFO - Rows affected: 1
[2026-09-07T06:11:02.776+0000] {sql.py:553} INFO - Running statement: 
        INSERT INTO steam_game_regions (
            snapshot_date, appid, game_name, region_code, region_name,
            country_iso3, country_name, player_count, share_percentage, peak_time_bkk, created_at
        ) VALUES (
            %s, %s, %s, %s, %s,
            %s, %s, %s, %s, %s, NOW()
        ) ON CONFLICT (snapshot_date, appid, region_code, country_iso3) DO UPDATE SET
            player_count = EXCLUDED.player_count,
            share_percentage = EXCLUDED.share_percentage,
            peak_time_bkk = EXCLUDED.peak_time_bkk;
        , parameters: ('2026-09-07', 2358720, 'Black Myth: Wukong', 'ASIA_SEA', 'เอเชียตะวันออกเฉียงใต้', 'MYS', 'มาเลเซีย', 152, 1.14, '20:00 - 00:00 น.')
[2026-09-07T06:11:02.778+0000] {sql.py:562} INFO - Rows affected: 1
[2026-09-07T06:11:02.785+0000] {sql.py:553} INFO - Running statement: 
        INSERT INTO steam_game_regions (
            snapshot_date, appid, game_name, region_code, region_name,
            country_iso3, country_name, player_count, share_percentage, peak_time_bkk, created_at
        ) VALUES (
            %s, %s, %s, %s, %s,
            %s, %s, %s, %s, %s, NOW()
        ) ON CONFLICT (snapshot_date, appid, region_code, country_iso3) DO UPDATE SET
            player_count = EXCLUDED.player_count,
            share_percentage = EXCLUDED.share_percentage,
            peak_time_bkk = EXCLUDED.peak_time_bkk;
        , parameters: ('2026-09-07', 2358720, 'Black Myth: Wukong', 'ASIA_SEA', 'เอเชียตะวันออกเฉียงใต้', 'SGP', 'สิงคโปร์', 102, 0.76, '20:00 - 00:00 น.')
[2026-09-07T06:11:02.787+0000] {sql.py:562} INFO - Rows affected: 1
[2026-09-07T06:11:02.793+0000] {sql.py:553} INFO - Running statement: 
        INSERT INTO steam_game_regions (
            snapshot_date, appid, game_name, region_code, region_name,
            country_iso3, country_name, player_count, share_percentage, peak_time_bkk, created_at
        ) VALUES (
            %s, %s, %s, %s, %s,
            %s, %s, %s, %s, %s, NOW()
        ) ON CONFLICT (snapshot_date, appid, region_code, country_iso3) DO UPDATE SET
            player_count = EXCLUDED.player_count,
            share_percentage = EXCLUDED.share_percentage,
            peak_time_bkk = EXCLUDED.peak_time_bkk;
        , parameters: ('2026-09-07', 2358720, 'Black Myth: Wukong', 'EUROPE', 'ยุโรป', 'RUS', 'รัสเซีย', 365, 2.73, '22:00 - 02:00 น.')
[2026-09-07T06:11:02.796+0000] {sql.py:562} INFO - Rows affected: 1
[2026-09-07T06:11:02.803+0000] {sql.py:553} INFO - Running statement: 
        INSERT INTO steam_game_regions (
            snapshot_date, appid, game_name, region_code, region_name,
            country_iso3, country_name, player_count, share_percentage, peak_time_bkk, created_at
        ) VALUES (
            %s, %s, %s, %s, %s,
            %s, %s, %s, %s, %s, NOW()
        ) ON CONFLICT (snapshot_date, appid, region_code, country_iso3) DO UPDATE SET
            player_count = EXCLUDED.player_count,
            share_percentage = EXCLUDED.share_percentage,
            peak_time_bkk = EXCLUDED.peak_time_bkk;
        , parameters: ('2026-09-07', 2358720, 'Black Myth: Wukong', 'EUROPE', 'ยุโรป', 'DEU', 'เยอรมนี', 183, 1.37, '00:00 - 04:00 น.')
[2026-09-07T06:11:02.804+0000] {sql.py:562} INFO - Rows affected: 1
[2026-09-07T06:11:02.812+0000] {sql.py:553} INFO - Running statement: 
        INSERT INTO steam_game_regions (
            snapshot_date, appid, game_name, region_code, region_name,
            country_iso3, country_name, player_count, share_percentage, peak_time_bkk, created_at
        ) VALUES (
            %s, %s, %s, %s, %s,
            %s, %s, %s, %s, %s, NOW()
        ) ON CONFLICT (snapshot_date, appid, region_code, country_iso3) DO UPDATE SET
            player_count = EXCLUDED.player_count,
            share_percentage = EXCLUDED.share_percentage,
            peak_time_bkk = EXCLUDED.peak_time_bkk;
        , parameters: ('2026-09-07', 2358720, 'Black Myth: Wukong', 'EUROPE', 'ยุโรป', 'GBR', 'สหราชอาณาจักร', 406, 3.03, '01:00 - 05:00 น.')
[2026-09-07T06:11:02.814+0000] {sql.py:562} INFO - Rows affected: 1
[2026-09-07T06:11:02.820+0000] {sql.py:553} INFO - Running statement: 
        INSERT INTO steam_game_regions (
            snapshot_date, appid, game_name, region_code, region_name,
            country_iso3, country_name, player_count, share_percentage, peak_time_bkk, created_at
        ) VALUES (
            %s, %s, %s, %s, %s,
            %s, %s, %s, %s, %s, NOW()
        ) ON CONFLICT (snapshot_date, appid, region_code, country_iso3) DO UPDATE SET
            player_count = EXCLUDED.player_count,
            share_percentage = EXCLUDED.share_percentage,
            peak_time_bkk = EXCLUDED.peak_time_bkk;
        , parameters: ('2026-09-07', 2358720, 'Black Myth: Wukong', 'EUROPE', 'ยุโรป', 'FRA', 'ฝรั่งเศส', 305, 2.28, '00:00 - 04:00 น.')
[2026-09-07T06:11:02.822+0000] {sql.py:562} INFO - Rows affected: 1
[2026-09-07T06:11:02.829+0000] {sql.py:553} INFO - Running statement: 
        INSERT INTO steam_game_regions (
            snapshot_date, appid, game_name, region_code, region_name,
            country_iso3, country_name, player_count, share_percentage, peak_time_bkk, created_at
        ) VALUES (
            %s, %s, %s, %s, %s,
            %s, %s, %s, %s, %s, NOW()
        ) ON CONFLICT (snapshot_date, appid, region_code, country_iso3) DO UPDATE SET
            player_count = EXCLUDED.player_count,
            share_percentage = EXCLUDED.share_percentage,
            peak_time_bkk = EXCLUDED.peak_time_bkk;
        , parameters: ('2026-09-07', 2358720, 'Black Myth: Wukong', 'EUROPE', 'ยุโรป', 'POL', 'โปแลนด์', 305, 2.28, '00:00 - 04:00 น.')
[2026-09-07T06:11:02.831+0000] {sql.py:562} INFO - Rows affected: 1
[2026-09-07T06:11:02.837+0000] {sql.py:553} INFO - Running statement: 
        INSERT INTO steam_game_regions (
            snapshot_date, appid, game_name, region_code, region_name,
            country_iso3, country_name, player_count, share_percentage, peak_time_bkk, created_at
        ) VALUES (
            %s, %s, %s, %s, %s,
            %s, %s, %s, %s, %s, NOW()
        ) ON CONFLICT (snapshot_date, appid, region_code, country_iso3) DO UPDATE SET
            player_count = EXCLUDED.player_count,
            share_percentage = EXCLUDED.share_percentage,
            peak_time_bkk = EXCLUDED.peak_time_bkk;
        , parameters: ('2026-09-07', 2358720, 'Black Myth: Wukong', 'NORTH_AMERICA', 'อเมริกาเหนือ', 'USA', 'สหรัฐอเมริกา', 447, 3.34, '07:00 - 11:00 น.')
[2026-09-07T06:11:02.839+0000] {sql.py:562} INFO - Rows affected: 1
[2026-09-07T06:11:02.848+0000] {sql.py:553} INFO - Running statement: 
        INSERT INTO steam_game_regions (
            snapshot_date, appid, game_name, region_code, region_name,
            country_iso3, country_name, player_count, share_percentage, peak_time_bkk, created_at
        ) VALUES (
            %s, %s, %s, %s, %s,
            %s, %s, %s, %s, %s, NOW()
        ) ON CONFLICT (snapshot_date, appid, region_code, country_iso3) DO UPDATE SET
            player_count = EXCLUDED.player_count,
            share_percentage = EXCLUDED.share_percentage,
            peak_time_bkk = EXCLUDED.peak_time_bkk;
        , parameters: ('2026-09-07', 2358720, 'Black Myth: Wukong', 'NORTH_AMERICA', 'อเมริกาเหนือ', 'CAN', 'แคนาดา', 203, 1.52, '07:00 - 11:00 น.')
[2026-09-07T06:11:02.851+0000] {sql.py:562} INFO - Rows affected: 1
[2026-09-07T06:11:02.858+0000] {sql.py:553} INFO - Running statement: 
        INSERT INTO steam_game_regions (
            snapshot_date, appid, game_name, region_code, region_name,
            country_iso3, country_name, player_count, share_percentage, peak_time_bkk, created_at
        ) VALUES (
            %s, %s, %s, %s, %s,
            %s, %s, %s, %s, %s, NOW()
        ) ON CONFLICT (snapshot_date, appid, region_code, country_iso3) DO UPDATE SET
            player_count = EXCLUDED.player_count,
            share_percentage = EXCLUDED.share_percentage,
            peak_time_bkk = EXCLUDED.peak_time_bkk;
        , parameters: ('2026-09-07', 2358720, 'Black Myth: Wukong', 'LATIN_AMERICA', 'ลาตินอเมริกา', 'BRA', 'บราซิล', 406, 3.03, '05:00 - 09:00 น.')
[2026-09-07T06:11:02.860+0000] {sql.py:562} INFO - Rows affected: 1
[2026-09-07T06:11:02.867+0000] {sql.py:553} INFO - Running statement: 
        INSERT INTO steam_game_regions (
            snapshot_date, appid, game_name, region_code, region_name,
            country_iso3, country_name, player_count, share_percentage, peak_time_bkk, created_at
        ) VALUES (
            %s, %s, %s, %s, %s,
            %s, %s, %s, %s, %s, NOW()
        ) ON CONFLICT (snapshot_date, appid, region_code, country_iso3) DO UPDATE SET
            player_count = EXCLUDED.player_count,
            share_percentage = EXCLUDED.share_percentage,
            peak_time_bkk = EXCLUDED.peak_time_bkk;
        , parameters: ('2026-09-07', 2358720, 'Black Myth: Wukong', 'LATIN_AMERICA', 'ลาตินอเมริกา', 'ARG', 'อาร์เจนตินา', 152, 1.14, '05:00 - 09:00 น.')
[2026-09-07T06:11:02.869+0000] {sql.py:562} INFO - Rows affected: 1
[2026-09-07T06:11:02.877+0000] {sql.py:553} INFO - Running statement: 
        INSERT INTO steam_game_regions (
            snapshot_date, appid, game_name, region_code, region_name,
            country_iso3, country_name, player_count, share_percentage, peak_time_bkk, created_at
        ) VALUES (
            %s, %s, %s, %s, %s,
            %s, %s, %s, %s, %s, NOW()
        ) ON CONFLICT (snapshot_date, appid, region_code, country_iso3) DO UPDATE SET
            player_count = EXCLUDED.player_count,
            share_percentage = EXCLUDED.share_percentage,
            peak_time_bkk = EXCLUDED.peak_time_bkk;
        , parameters: ('2026-09-07', 2358720, 'Black Myth: Wukong', 'OCEANIA', 'โอเชียเนีย', 'AUS', 'ออสเตรเลีย', 152, 1.14, '16:00 - 20:00 น.')
[2026-09-07T06:11:02.878+0000] {sql.py:562} INFO - Rows affected: 1
[2026-09-07T06:11:02.886+0000] {sql.py:553} INFO - Running statement: 
        INSERT INTO steam_game_regions (
            snapshot_date, appid, game_name, region_code, region_name,
            country_iso3, country_name, player_count, share_percentage, peak_time_bkk, created_at
        ) VALUES (
            %s, %s, %s, %s, %s,
            %s, %s, %s, %s, %s, NOW()
        ) ON CONFLICT (snapshot_date, appid, region_code, country_iso3) DO UPDATE SET
            player_count = EXCLUDED.player_count,
            share_percentage = EXCLUDED.share_percentage,
            peak_time_bkk = EXCLUDED.peak_time_bkk;
        , parameters: ('2026-09-07', 2246340, 'Monster Hunter Wilds', 'ASIA_EAST', 'เอเชียตะวันออก', 'CHN', 'จีน', 4522, 27.18, '19:00 - 23:00 น.')
[2026-09-07T06:11:02.888+0000] {sql.py:562} INFO - Rows affected: 1
[2026-09-07T06:11:02.897+0000] {sql.py:553} INFO - Running statement: 
        INSERT INTO steam_game_regions (
            snapshot_date, appid, game_name, region_code, region_name,
            country_iso3, country_name, player_count, share_percentage, peak_time_bkk, created_at
        ) VALUES (
            %s, %s, %s, %s, %s,
            %s, %s, %s, %s, %s, NOW()
        ) ON CONFLICT (snapshot_date, appid, region_code, country_iso3) DO UPDATE SET
            player_count = EXCLUDED.player_count,
            share_percentage = EXCLUDED.share_percentage,
            peak_time_bkk = EXCLUDED.peak_time_bkk;
        , parameters: ('2026-09-07', 2246340, 'Monster Hunter Wilds', 'ASIA_EAST', 'เอเชียตะวันออก', 'JPN', 'ญี่ปุ่น', 807, 4.85, '19:00 - 23:00 น.')
[2026-09-07T06:11:02.900+0000] {sql.py:562} INFO - Rows affected: 1
[2026-09-07T06:11:02.909+0000] {sql.py:553} INFO - Running statement: 
        INSERT INTO steam_game_regions (
            snapshot_date, appid, game_name, region_code, region_name,
            country_iso3, country_name, player_count, share_percentage, peak_time_bkk, created_at
        ) VALUES (
            %s, %s, %s, %s, %s,
            %s, %s, %s, %s, %s, NOW()
        ) ON CONFLICT (snapshot_date, appid, region_code, country_iso3) DO UPDATE SET
            player_count = EXCLUDED.player_count,
            share_percentage = EXCLUDED.share_percentage,
            peak_time_bkk = EXCLUDED.peak_time_bkk;
        , parameters: ('2026-09-07', 2246340, 'Monster Hunter Wilds', 'ASIA_EAST', 'เอเชียตะวันออก', 'KOR', 'เกาหลีใต้', 646, 3.88, '19:00 - 23:00 น.')
[2026-09-07T06:11:02.911+0000] {sql.py:562} INFO - Rows affected: 1
[2026-09-07T06:11:02.919+0000] {sql.py:553} INFO - Running statement: 
        INSERT INTO steam_game_regions (
            snapshot_date, appid, game_name, region_code, region_name,
            country_iso3, country_name, player_count, share_percentage, peak_time_bkk, created_at
        ) VALUES (
            %s, %s, %s, %s, %s,
            %s, %s, %s, %s, %s, NOW()
        ) ON CONFLICT (snapshot_date, appid, region_code, country_iso3) DO UPDATE SET
            player_count = EXCLUDED.player_count,
            share_percentage = EXCLUDED.share_percentage,
            peak_time_bkk = EXCLUDED.peak_time_bkk;
        , parameters: ('2026-09-07', 2246340, 'Monster Hunter Wilds', 'ASIA_EAST', 'เอเชียตะวันออก', 'TWN', 'ไต้หวัน', 323, 1.94, '19:00 - 23:00 น.')
[2026-09-07T06:11:02.921+0000] {sql.py:562} INFO - Rows affected: 1
[2026-09-07T06:11:02.928+0000] {sql.py:553} INFO - Running statement: 
        INSERT INTO steam_game_regions (
            snapshot_date, appid, game_name, region_code, region_name,
            country_iso3, country_name, player_count, share_percentage, peak_time_bkk, created_at
        ) VALUES (
            %s, %s, %s, %s, %s,
            %s, %s, %s, %s, %s, NOW()
        ) ON CONFLICT (snapshot_date, appid, region_code, country_iso3) DO UPDATE SET
            player_count = EXCLUDED.player_count,
            share_percentage = EXCLUDED.share_percentage,
            peak_time_bkk = EXCLUDED.peak_time_bkk;
        , parameters: ('2026-09-07', 2246340, 'Monster Hunter Wilds', 'ASIA_SEA', 'เอเชียตะวันออกเฉียงใต้', 'THA', 'ประเทศไทย', 727, 4.37, '20:00 - 00:00 น.')
[2026-09-07T06:11:02.930+0000] {sql.py:562} INFO - Rows affected: 1
[2026-09-07T06:11:02.938+0000] {sql.py:553} INFO - Running statement: 
        INSERT INTO steam_game_regions (
            snapshot_date, appid, game_name, region_code, region_name,
            country_iso3, country_name, player_count, share_percentage, peak_time_bkk, created_at
        ) VALUES (
            %s, %s, %s, %s, %s,
            %s, %s, %s, %s, %s, NOW()
        ) ON CONFLICT (snapshot_date, appid, region_code, country_iso3) DO UPDATE SET
            player_count = EXCLUDED.player_count,
            share_percentage = EXCLUDED.share_percentage,
            peak_time_bkk = EXCLUDED.peak_time_bkk;
        , parameters: ('2026-09-07', 2246340, 'Monster Hunter Wilds', 'ASIA_SEA', 'เอเชียตะวันออกเฉียงใต้', 'VNM', 'เวียดนาม', 565, 3.4, '20:00 - 00:00 น.')
[2026-09-07T06:11:02.940+0000] {sql.py:562} INFO - Rows affected: 1
[2026-09-07T06:11:02.948+0000] {sql.py:553} INFO - Running statement: 
        INSERT INTO steam_game_regions (
            snapshot_date, appid, game_name, region_code, region_name,
            country_iso3, country_name, player_count, share_percentage, peak_time_bkk, created_at
        ) VALUES (
            %s, %s, %s, %s, %s,
            %s, %s, %s, %s, %s, NOW()
        ) ON CONFLICT (snapshot_date, appid, region_code, country_iso3) DO UPDATE SET
            player_count = EXCLUDED.player_count,
            share_percentage = EXCLUDED.share_percentage,
            peak_time_bkk = EXCLUDED.peak_time_bkk;
        , parameters: ('2026-09-07', 2246340, 'Monster Hunter Wilds', 'ASIA_SEA', 'เอเชียตะวันออกเฉียงใต้', 'IDN', 'อินโดนีเซีย', 484, 2.91, '20:00 - 00:00 น.')
[2026-09-07T06:11:02.950+0000] {sql.py:562} INFO - Rows affected: 1
[2026-09-07T06:11:02.958+0000] {sql.py:553} INFO - Running statement: 
        INSERT INTO steam_game_regions (
            snapshot_date, appid, game_name, region_code, region_name,
            country_iso3, country_name, player_count, share_percentage, peak_time_bkk, created_at
        ) VALUES (
            %s, %s, %s, %s, %s,
            %s, %s, %s, %s, %s, NOW()
        ) ON CONFLICT (snapshot_date, appid, region_code, country_iso3) DO UPDATE SET
            player_count = EXCLUDED.player_count,
            share_percentage = EXCLUDED.share_percentage,
            peak_time_bkk = EXCLUDED.peak_time_bkk;
        , parameters: ('2026-09-07', 2246340, 'Monster Hunter Wilds', 'ASIA_SEA', 'เอเชียตะวันออกเฉียงใต้', 'PHL', 'ฟิลิปปินส์', 404, 2.43, '20:00 - 00:00 น.')
[2026-09-07T06:11:02.960+0000] {sql.py:562} INFO - Rows affected: 1
[2026-09-07T06:11:02.968+0000] {sql.py:553} INFO - Running statement: 
        INSERT INTO steam_game_regions (
            snapshot_date, appid, game_name, region_code, region_name,
            country_iso3, country_name, player_count, share_percentage, peak_time_bkk, created_at
        ) VALUES (
            %s, %s, %s, %s, %s,
            %s, %s, %s, %s, %s, NOW()
        ) ON CONFLICT (snapshot_date, appid, region_code, country_iso3) DO UPDATE SET
            player_count = EXCLUDED.player_count,
            share_percentage = EXCLUDED.share_percentage,
            peak_time_bkk = EXCLUDED.peak_time_bkk;
        , parameters: ('2026-09-07', 2246340, 'Monster Hunter Wilds', 'ASIA_SEA', 'เอเชียตะวันออกเฉียงใต้', 'MYS', 'มาเลเซีย', 242, 1.46, '20:00 - 00:00 น.')
[2026-09-07T06:11:02.970+0000] {sql.py:562} INFO - Rows affected: 1
[2026-09-07T06:11:02.977+0000] {sql.py:553} INFO - Running statement: 
        INSERT INTO steam_game_regions (
            snapshot_date, appid, game_name, region_code, region_name,
            country_iso3, country_name, player_count, share_percentage, peak_time_bkk, created_at
        ) VALUES (
            %s, %s, %s, %s, %s,
            %s, %s, %s, %s, %s, NOW()
        ) ON CONFLICT (snapshot_date, appid, region_code, country_iso3) DO UPDATE SET
            player_count = EXCLUDED.player_count,
            share_percentage = EXCLUDED.share_percentage,
            peak_time_bkk = EXCLUDED.peak_time_bkk;
        , parameters: ('2026-09-07', 2246340, 'Monster Hunter Wilds', 'ASIA_SEA', 'เอเชียตะวันออกเฉียงใต้', 'SGP', 'สิงคโปร์', 161, 0.97, '20:00 - 00:00 น.')
[2026-09-07T06:11:02.980+0000] {sql.py:562} INFO - Rows affected: 1
[2026-09-07T06:11:02.987+0000] {sql.py:553} INFO - Running statement: 
        INSERT INTO steam_game_regions (
            snapshot_date, appid, game_name, region_code, region_name,
            country_iso3, country_name, player_count, share_percentage, peak_time_bkk, created_at
        ) VALUES (
            %s, %s, %s, %s, %s,
            %s, %s, %s, %s, %s, NOW()
        ) ON CONFLICT (snapshot_date, appid, region_code, country_iso3) DO UPDATE SET
            player_count = EXCLUDED.player_count,
            share_percentage = EXCLUDED.share_percentage,
            peak_time_bkk = EXCLUDED.peak_time_bkk;
        , parameters: ('2026-09-07', 2246340, 'Monster Hunter Wilds', 'EUROPE', 'ยุโรป', 'RUS', 'รัสเซีย', 1938, 11.65, '22:00 - 02:00 น.')
[2026-09-07T06:11:02.989+0000] {sql.py:562} INFO - Rows affected: 1
[2026-09-07T06:11:02.996+0000] {sql.py:553} INFO - Running statement: 
        INSERT INTO steam_game_regions (
            snapshot_date, appid, game_name, region_code, region_name,
            country_iso3, country_name, player_count, share_percentage, peak_time_bkk, created_at
        ) VALUES (
            %s, %s, %s, %s, %s,
            %s, %s, %s, %s, %s, NOW()
        ) ON CONFLICT (snapshot_date, appid, region_code, country_iso3) DO UPDATE SET
            player_count = EXCLUDED.player_count,
            share_percentage = EXCLUDED.share_percentage,
            peak_time_bkk = EXCLUDED.peak_time_bkk;
        , parameters: ('2026-09-07', 2246340, 'Monster Hunter Wilds', 'EUROPE', 'ยุโรป', 'DEU', 'เยอรมนี', 969, 5.83, '00:00 - 04:00 น.')
[2026-09-07T06:11:02.998+0000] {sql.py:562} INFO - Rows affected: 1
[2026-09-07T06:11:03.006+0000] {sql.py:553} INFO - Running statement: 
        INSERT INTO steam_game_regions (
            snapshot_date, appid, game_name, region_code, region_name,
            country_iso3, country_name, player_count, share_percentage, peak_time_bkk, created_at
        ) VALUES (
            %s, %s, %s, %s, %s,
            %s, %s, %s, %s, %s, NOW()
        ) ON CONFLICT (snapshot_date, appid, region_code, country_iso3) DO UPDATE SET
            player_count = EXCLUDED.player_count,
            share_percentage = EXCLUDED.share_percentage,
            peak_time_bkk = EXCLUDED.peak_time_bkk;
        , parameters: ('2026-09-07', 2246340, 'Monster Hunter Wilds', 'EUROPE', 'ยุโรป', 'GBR', 'สหราชอาณาจักร', 646, 3.88, '01:00 - 05:00 น.')
[2026-09-07T06:11:03.008+0000] {sql.py:562} INFO - Rows affected: 1
[2026-09-07T06:11:03.015+0000] {sql.py:553} INFO - Running statement: 
        INSERT INTO steam_game_regions (
            snapshot_date, appid, game_name, region_code, region_name,
            country_iso3, country_name, player_count, share_percentage, peak_time_bkk, created_at
        ) VALUES (
            %s, %s, %s, %s, %s,
            %s, %s, %s, %s, %s, NOW()
        ) ON CONFLICT (snapshot_date, appid, region_code, country_iso3) DO UPDATE SET
            player_count = EXCLUDED.player_count,
            share_percentage = EXCLUDED.share_percentage,
            peak_time_bkk = EXCLUDED.peak_time_bkk;
        , parameters: ('2026-09-07', 2246340, 'Monster Hunter Wilds', 'EUROPE', 'ยุโรป', 'FRA', 'ฝรั่งเศส', 484, 2.91, '00:00 - 04:00 น.')
[2026-09-07T06:11:03.017+0000] {sql.py:562} INFO - Rows affected: 1
[2026-09-07T06:11:03.024+0000] {sql.py:553} INFO - Running statement: 
        INSERT INTO steam_game_regions (
            snapshot_date, appid, game_name, region_code, region_name,
            country_iso3, country_name, player_count, share_percentage, peak_time_bkk, created_at
        ) VALUES (
            %s, %s, %s, %s, %s,
            %s, %s, %s, %s, %s, NOW()
        ) ON CONFLICT (snapshot_date, appid, region_code, country_iso3) DO UPDATE SET
            player_count = EXCLUDED.player_count,
            share_percentage = EXCLUDED.share_percentage,
            peak_time_bkk = EXCLUDED.peak_time_bkk;
        , parameters: ('2026-09-07', 2246340, 'Monster Hunter Wilds', 'EUROPE', 'ยุโรป', 'POL', 'โปแลนด์', 484, 2.91, '00:00 - 04:00 น.')
[2026-09-07T06:11:03.027+0000] {sql.py:562} INFO - Rows affected: 1
[2026-09-07T06:11:03.035+0000] {sql.py:553} INFO - Running statement: 
        INSERT INTO steam_game_regions (
            snapshot_date, appid, game_name, region_code, region_name,
            country_iso3, country_name, player_count, share_percentage, peak_time_bkk, created_at
        ) VALUES (
            %s, %s, %s, %s, %s,
            %s, %s, %s, %s, %s, NOW()
        ) ON CONFLICT (snapshot_date, appid, region_code, country_iso3) DO UPDATE SET
            player_count = EXCLUDED.player_count,
            share_percentage = EXCLUDED.share_percentage,
            peak_time_bkk = EXCLUDED.peak_time_bkk;
        , parameters: ('2026-09-07', 2246340, 'Monster Hunter Wilds', 'NORTH_AMERICA', 'อเมริกาเหนือ', 'USA', 'สหรัฐอเมริกา', 1776, 10.68, '07:00 - 11:00 น.')
[2026-09-07T06:11:03.037+0000] {sql.py:562} INFO - Rows affected: 1
[2026-09-07T06:11:03.044+0000] {sql.py:553} INFO - Running statement: 
        INSERT INTO steam_game_regions (
            snapshot_date, appid, game_name, region_code, region_name,
            country_iso3, country_name, player_count, share_percentage, peak_time_bkk, created_at
        ) VALUES (
            %s, %s, %s, %s, %s,
            %s, %s, %s, %s, %s, NOW()
        ) ON CONFLICT (snapshot_date, appid, region_code, country_iso3) DO UPDATE SET
            player_count = EXCLUDED.player_count,
            share_percentage = EXCLUDED.share_percentage,
            peak_time_bkk = EXCLUDED.peak_time_bkk;
        , parameters: ('2026-09-07', 2246340, 'Monster Hunter Wilds', 'NORTH_AMERICA', 'อเมริกาเหนือ', 'CAN', 'แคนาดา', 323, 1.94, '07:00 - 11:00 น.')
[2026-09-07T06:11:03.046+0000] {sql.py:562} INFO - Rows affected: 1
[2026-09-07T06:11:03.054+0000] {sql.py:553} INFO - Running statement: 
        INSERT INTO steam_game_regions (
            snapshot_date, appid, game_name, region_code, region_name,
            country_iso3, country_name, player_count, share_percentage, peak_time_bkk, created_at
        ) VALUES (
            %s, %s, %s, %s, %s,
            %s, %s, %s, %s, %s, NOW()
        ) ON CONFLICT (snapshot_date, appid, region_code, country_iso3) DO UPDATE SET
            player_count = EXCLUDED.player_count,
            share_percentage = EXCLUDED.share_percentage,
            peak_time_bkk = EXCLUDED.peak_time_bkk;
        , parameters: ('2026-09-07', 2246340, 'Monster Hunter Wilds', 'LATIN_AMERICA', 'ลาตินอเมริกา', 'BRA', 'บราซิล', 646, 3.88, '05:00 - 09:00 น.')
[2026-09-07T06:11:03.056+0000] {sql.py:562} INFO - Rows affected: 1
[2026-09-07T06:11:03.064+0000] {sql.py:553} INFO - Running statement: 
        INSERT INTO steam_game_regions (
            snapshot_date, appid, game_name, region_code, region_name,
            country_iso3, country_name, player_count, share_percentage, peak_time_bkk, created_at
        ) VALUES (
            %s, %s, %s, %s, %s,
            %s, %s, %s, %s, %s, NOW()
        ) ON CONFLICT (snapshot_date, appid, region_code, country_iso3) DO UPDATE SET
            player_count = EXCLUDED.player_count,
            share_percentage = EXCLUDED.share_percentage,
            peak_time_bkk = EXCLUDED.peak_time_bkk;
        , parameters: ('2026-09-07', 2246340, 'Monster Hunter Wilds', 'LATIN_AMERICA', 'ลาตินอเมริกา', 'ARG', 'อาร์เจนตินา', 242, 1.46, '05:00 - 09:00 น.')
[2026-09-07T06:11:03.066+0000] {sql.py:562} INFO - Rows affected: 1
[2026-09-07T06:11:03.073+0000] {sql.py:553} INFO - Running statement: 
        INSERT INTO steam_game_regions (
            snapshot_date, appid, game_name, region_code, region_name,
            country_iso3, country_name, player_count, share_percentage, peak_time_bkk, created_at
        ) VALUES (
            %s, %s, %s, %s, %s,
            %s, %s, %s, %s, %s, NOW()
        ) ON CONFLICT (snapshot_date, appid, region_code, country_iso3) DO UPDATE SET
            player_count = EXCLUDED.player_count,
            share_percentage = EXCLUDED.share_percentage,
            peak_time_bkk = EXCLUDED.peak_time_bkk;
        , parameters: ('2026-09-07', 2246340, 'Monster Hunter Wilds', 'OCEANIA', 'โอเชียเนีย', 'AUS', 'ออสเตรเลีย', 242, 1.46, '16:00 - 20:00 น.')
[2026-09-07T06:11:03.076+0000] {sql.py:562} INFO - Rows affected: 1
[2026-09-07T06:11:03.083+0000] {sql.py:553} INFO - Running statement: 
        INSERT INTO steam_game_regions (
            snapshot_date, appid, game_name, region_code, region_name,
            country_iso3, country_name, player_count, share_percentage, peak_time_bkk, created_at
        ) VALUES (
            %s, %s, %s, %s, %s,
            %s, %s, %s, %s, %s, NOW()
        ) ON CONFLICT (snapshot_date, appid, region_code, country_iso3) DO UPDATE SET
            player_count = EXCLUDED.player_count,
            share_percentage = EXCLUDED.share_percentage,
            peak_time_bkk = EXCLUDED.peak_time_bkk;
        , parameters: ('2026-09-07', 553850, 'HELLDIVERS™ 2', 'ASIA_EAST', 'เอเชียตะวันออก', 'CHN', 'จีน', 11249, 27.18, '19:00 - 23:00 น.')
[2026-09-07T06:11:03.085+0000] {sql.py:562} INFO - Rows affected: 1
[2026-09-07T06:11:03.093+0000] {sql.py:553} INFO - Running statement: 
        INSERT INTO steam_game_regions (
            snapshot_date, appid, game_name, region_code, region_name,
            country_iso3, country_name, player_count, share_percentage, peak_time_bkk, created_at
        ) VALUES (
            %s, %s, %s, %s, %s,
            %s, %s, %s, %s, %s, NOW()
        ) ON CONFLICT (snapshot_date, appid, region_code, country_iso3) DO UPDATE SET
            player_count = EXCLUDED.player_count,
            share_percentage = EXCLUDED.share_percentage,
            peak_time_bkk = EXCLUDED.peak_time_bkk;
        , parameters: ('2026-09-07', 553850, 'HELLDIVERS™ 2', 'ASIA_EAST', 'เอเชียตะวันออก', 'JPN', 'ญี่ปุ่น', 2009, 4.85, '19:00 - 23:00 น.')
[2026-09-07T06:11:03.095+0000] {sql.py:562} INFO - Rows affected: 1
[2026-09-07T06:11:03.102+0000] {sql.py:553} INFO - Running statement: 
        INSERT INTO steam_game_regions (
            snapshot_date, appid, game_name, region_code, region_name,
            country_iso3, country_name, player_count, share_percentage, peak_time_bkk, created_at
        ) VALUES (
            %s, %s, %s, %s, %s,
            %s, %s, %s, %s, %s, NOW()
        ) ON CONFLICT (snapshot_date, appid, region_code, country_iso3) DO UPDATE SET
            player_count = EXCLUDED.player_count,
            share_percentage = EXCLUDED.share_percentage,
            peak_time_bkk = EXCLUDED.peak_time_bkk;
        , parameters: ('2026-09-07', 553850, 'HELLDIVERS™ 2', 'ASIA_EAST', 'เอเชียตะวันออก', 'KOR', 'เกาหลีใต้', 1607, 3.88, '19:00 - 23:00 น.')
[2026-09-07T06:11:03.104+0000] {sql.py:562} INFO - Rows affected: 1
[2026-09-07T06:11:03.111+0000] {sql.py:553} INFO - Running statement: 
        INSERT INTO steam_game_regions (
            snapshot_date, appid, game_name, region_code, region_name,
            country_iso3, country_name, player_count, share_percentage, peak_time_bkk, created_at
        ) VALUES (
            %s, %s, %s, %s, %s,
            %s, %s, %s, %s, %s, NOW()
        ) ON CONFLICT (snapshot_date, appid, region_code, country_iso3) DO UPDATE SET
            player_count = EXCLUDED.player_count,
            share_percentage = EXCLUDED.share_percentage,
            peak_time_bkk = EXCLUDED.peak_time_bkk;
        , parameters: ('2026-09-07', 553850, 'HELLDIVERS™ 2', 'ASIA_EAST', 'เอเชียตะวันออก', 'TWN', 'ไต้หวัน', 803, 1.94, '19:00 - 23:00 น.')
[2026-09-07T06:11:03.113+0000] {sql.py:562} INFO - Rows affected: 1
[2026-09-07T06:11:03.120+0000] {sql.py:553} INFO - Running statement: 
        INSERT INTO steam_game_regions (
            snapshot_date, appid, game_name, region_code, region_name,
            country_iso3, country_name, player_count, share_percentage, peak_time_bkk, created_at
        ) VALUES (
            %s, %s, %s, %s, %s,
            %s, %s, %s, %s, %s, NOW()
        ) ON CONFLICT (snapshot_date, appid, region_code, country_iso3) DO UPDATE SET
            player_count = EXCLUDED.player_count,
            share_percentage = EXCLUDED.share_percentage,
            peak_time_bkk = EXCLUDED.peak_time_bkk;
        , parameters: ('2026-09-07', 553850, 'HELLDIVERS™ 2', 'ASIA_SEA', 'เอเชียตะวันออกเฉียงใต้', 'THA', 'ประเทศไทย', 1808, 4.37, '20:00 - 00:00 น.')
[2026-09-07T06:11:03.122+0000] {sql.py:562} INFO - Rows affected: 1
[2026-09-07T06:11:03.130+0000] {sql.py:553} INFO - Running statement: 
        INSERT INTO steam_game_regions (
            snapshot_date, appid, game_name, region_code, region_name,
            country_iso3, country_name, player_count, share_percentage, peak_time_bkk, created_at
        ) VALUES (
            %s, %s, %s, %s, %s,
            %s, %s, %s, %s, %s, NOW()
        ) ON CONFLICT (snapshot_date, appid, region_code, country_iso3) DO UPDATE SET
            player_count = EXCLUDED.player_count,
            share_percentage = EXCLUDED.share_percentage,
            peak_time_bkk = EXCLUDED.peak_time_bkk;
        , parameters: ('2026-09-07', 553850, 'HELLDIVERS™ 2', 'ASIA_SEA', 'เอเชียตะวันออกเฉียงใต้', 'VNM', 'เวียดนาม', 1406, 3.4, '20:00 - 00:00 น.')
[2026-09-07T06:11:03.131+0000] {sql.py:562} INFO - Rows affected: 1
[2026-09-07T06:11:03.139+0000] {sql.py:553} INFO - Running statement: 
        INSERT INTO steam_game_regions (
            snapshot_date, appid, game_name, region_code, region_name,
            country_iso3, country_name, player_count, share_percentage, peak_time_bkk, created_at
        ) VALUES (
            %s, %s, %s, %s, %s,
            %s, %s, %s, %s, %s, NOW()
        ) ON CONFLICT (snapshot_date, appid, region_code, country_iso3) DO UPDATE SET
            player_count = EXCLUDED.player_count,
            share_percentage = EXCLUDED.share_percentage,
            peak_time_bkk = EXCLUDED.peak_time_bkk;
        , parameters: ('2026-09-07', 553850, 'HELLDIVERS™ 2', 'ASIA_SEA', 'เอเชียตะวันออกเฉียงใต้', 'IDN', 'อินโดนีเซีย', 1205, 2.91, '20:00 - 00:00 น.')
[2026-09-07T06:11:03.141+0000] {sql.py:562} INFO - Rows affected: 1
[2026-09-07T06:11:03.149+0000] {sql.py:553} INFO - Running statement: 
        INSERT INTO steam_game_regions (
            snapshot_date, appid, game_name, region_code, region_name,
            country_iso3, country_name, player_count, share_percentage, peak_time_bkk, created_at
        ) VALUES (
            %s, %s, %s, %s, %s,
            %s, %s, %s, %s, %s, NOW()
        ) ON CONFLICT (snapshot_date, appid, region_code, country_iso3) DO UPDATE SET
            player_count = EXCLUDED.player_count,
            share_percentage = EXCLUDED.share_percentage,
            peak_time_bkk = EXCLUDED.peak_time_bkk;
        , parameters: ('2026-09-07', 553850, 'HELLDIVERS™ 2', 'ASIA_SEA', 'เอเชียตะวันออกเฉียงใต้', 'PHL', 'ฟิลิปปินส์', 1004, 2.43, '20:00 - 00:00 น.')
[2026-09-07T06:11:03.151+0000] {sql.py:562} INFO - Rows affected: 1
[2026-09-07T06:11:03.159+0000] {sql.py:553} INFO - Running statement: 
        INSERT INTO steam_game_regions (
            snapshot_date, appid, game_name, region_code, region_name,
            country_iso3, country_name, player_count, share_percentage, peak_time_bkk, created_at
        ) VALUES (
            %s, %s, %s, %s, %s,
            %s, %s, %s, %s, %s, NOW()
        ) ON CONFLICT (snapshot_date, appid, region_code, country_iso3) DO UPDATE SET
            player_count = EXCLUDED.player_count,
            share_percentage = EXCLUDED.share_percentage,
            peak_time_bkk = EXCLUDED.peak_time_bkk;
        , parameters: ('2026-09-07', 553850, 'HELLDIVERS™ 2', 'ASIA_SEA', 'เอเชียตะวันออกเฉียงใต้', 'MYS', 'มาเลเซีย', 603, 1.46, '20:00 - 00:00 น.')
[2026-09-07T06:11:03.161+0000] {sql.py:562} INFO - Rows affected: 1
[2026-09-07T06:11:03.169+0000] {sql.py:553} INFO - Running statement: 
        INSERT INTO steam_game_regions (
            snapshot_date, appid, game_name, region_code, region_name,
            country_iso3, country_name, player_count, share_percentage, peak_time_bkk, created_at
        ) VALUES (
            %s, %s, %s, %s, %s,
            %s, %s, %s, %s, %s, NOW()
        ) ON CONFLICT (snapshot_date, appid, region_code, country_iso3) DO UPDATE SET
            player_count = EXCLUDED.player_count,
            share_percentage = EXCLUDED.share_percentage,
            peak_time_bkk = EXCLUDED.peak_time_bkk;
        , parameters: ('2026-09-07', 553850, 'HELLDIVERS™ 2', 'ASIA_SEA', 'เอเชียตะวันออกเฉียงใต้', 'SGP', 'สิงคโปร์', 402, 0.97, '20:00 - 00:00 น.')
[2026-09-07T06:11:03.171+0000] {sql.py:562} INFO - Rows affected: 1
[2026-09-07T06:11:03.177+0000] {sql.py:553} INFO - Running statement: 
        INSERT INTO steam_game_regions (
            snapshot_date, appid, game_name, region_code, region_name,
            country_iso3, country_name, player_count, share_percentage, peak_time_bkk, created_at
        ) VALUES (
            %s, %s, %s, %s, %s,
            %s, %s, %s, %s, %s, NOW()
        ) ON CONFLICT (snapshot_date, appid, region_code, country_iso3) DO UPDATE SET
            player_count = EXCLUDED.player_count,
            share_percentage = EXCLUDED.share_percentage,
            peak_time_bkk = EXCLUDED.peak_time_bkk;
        , parameters: ('2026-09-07', 553850, 'HELLDIVERS™ 2', 'EUROPE', 'ยุโรป', 'RUS', 'รัสเซีย', 4821, 11.65, '22:00 - 02:00 น.')
[2026-09-07T06:11:03.179+0000] {sql.py:562} INFO - Rows affected: 1
[2026-09-07T06:11:03.187+0000] {sql.py:553} INFO - Running statement: 
        INSERT INTO steam_game_regions (
            snapshot_date, appid, game_name, region_code, region_name,
            country_iso3, country_name, player_count, share_percentage, peak_time_bkk, created_at
        ) VALUES (
            %s, %s, %s, %s, %s,
            %s, %s, %s, %s, %s, NOW()
        ) ON CONFLICT (snapshot_date, appid, region_code, country_iso3) DO UPDATE SET
            player_count = EXCLUDED.player_count,
            share_percentage = EXCLUDED.share_percentage,
            peak_time_bkk = EXCLUDED.peak_time_bkk;
        , parameters: ('2026-09-07', 553850, 'HELLDIVERS™ 2', 'EUROPE', 'ยุโรป', 'DEU', 'เยอรมนี', 2410, 5.83, '00:00 - 04:00 น.')
[2026-09-07T06:11:03.189+0000] {sql.py:562} INFO - Rows affected: 1
[2026-09-07T06:11:03.196+0000] {sql.py:553} INFO - Running statement: 
        INSERT INTO steam_game_regions (
            snapshot_date, appid, game_name, region_code, region_name,
            country_iso3, country_name, player_count, share_percentage, peak_time_bkk, created_at
        ) VALUES (
            %s, %s, %s, %s, %s,
            %s, %s, %s, %s, %s, NOW()
        ) ON CONFLICT (snapshot_date, appid, region_code, country_iso3) DO UPDATE SET
            player_count = EXCLUDED.player_count,
            share_percentage = EXCLUDED.share_percentage,
            peak_time_bkk = EXCLUDED.peak_time_bkk;
        , parameters: ('2026-09-07', 553850, 'HELLDIVERS™ 2', 'EUROPE', 'ยุโรป', 'GBR', 'สหราชอาณาจักร', 1607, 3.88, '01:00 - 05:00 น.')
[2026-09-07T06:11:03.199+0000] {sql.py:562} INFO - Rows affected: 1
[2026-09-07T06:11:03.207+0000] {sql.py:553} INFO - Running statement: 
        INSERT INTO steam_game_regions (
            snapshot_date, appid, game_name, region_code, region_name,
            country_iso3, country_name, player_count, share_percentage, peak_time_bkk, created_at
        ) VALUES (
            %s, %s, %s, %s, %s,
            %s, %s, %s, %s, %s, NOW()
        ) ON CONFLICT (snapshot_date, appid, region_code, country_iso3) DO UPDATE SET
            player_count = EXCLUDED.player_count,
            share_percentage = EXCLUDED.share_percentage,
            peak_time_bkk = EXCLUDED.peak_time_bkk;
        , parameters: ('2026-09-07', 553850, 'HELLDIVERS™ 2', 'EUROPE', 'ยุโรป', 'FRA', 'ฝรั่งเศส', 1205, 2.91, '00:00 - 04:00 น.')
[2026-09-07T06:11:03.209+0000] {sql.py:562} INFO - Rows affected: 1
[2026-09-07T06:11:03.216+0000] {sql.py:553} INFO - Running statement: 
        INSERT INTO steam_game_regions (
            snapshot_date, appid, game_name, region_code, region_name,
            country_iso3, country_name, player_count, share_percentage, peak_time_bkk, created_at
        ) VALUES (
            %s, %s, %s, %s, %s,
            %s, %s, %s, %s, %s, NOW()
        ) ON CONFLICT (snapshot_date, appid, region_code, country_iso3) DO UPDATE SET
            player_count = EXCLUDED.player_count,
            share_percentage = EXCLUDED.share_percentage,
            peak_time_bkk = EXCLUDED.peak_time_bkk;
        , parameters: ('2026-09-07', 553850, 'HELLDIVERS™ 2', 'EUROPE', 'ยุโรป', 'POL', 'โปแลนด์', 1205, 2.91, '00:00 - 04:00 น.')
[2026-09-07T06:11:03.218+0000] {sql.py:562} INFO - Rows affected: 1
[2026-09-07T06:11:03.225+0000] {sql.py:553} INFO - Running statement: 
        INSERT INTO steam_game_regions (
            snapshot_date, appid, game_name, region_code, region_name,
            country_iso3, country_name, player_count, share_percentage, peak_time_bkk, created_at
        ) VALUES (
            %s, %s, %s, %s, %s,
            %s, %s, %s, %s, %s, NOW()
        ) ON CONFLICT (snapshot_date, appid, region_code, country_iso3) DO UPDATE SET
            player_count = EXCLUDED.player_count,
            share_percentage = EXCLUDED.share_percentage,
            peak_time_bkk = EXCLUDED.peak_time_bkk;
        , parameters: ('2026-09-07', 553850, 'HELLDIVERS™ 2', 'NORTH_AMERICA', 'อเมริกาเหนือ', 'USA', 'สหรัฐอเมริกา', 4419, 10.68, '07:00 - 11:00 น.')
[2026-09-07T06:11:03.227+0000] {sql.py:562} INFO - Rows affected: 1
[2026-09-07T06:11:03.234+0000] {sql.py:553} INFO - Running statement: 
        INSERT INTO steam_game_regions (
            snapshot_date, appid, game_name, region_code, region_name,
            country_iso3, country_name, player_count, share_percentage, peak_time_bkk, created_at
        ) VALUES (
            %s, %s, %s, %s, %s,
            %s, %s, %s, %s, %s, NOW()
        ) ON CONFLICT (snapshot_date, appid, region_code, country_iso3) DO UPDATE SET
            player_count = EXCLUDED.player_count,
            share_percentage = EXCLUDED.share_percentage,
            peak_time_bkk = EXCLUDED.peak_time_bkk;
        , parameters: ('2026-09-07', 553850, 'HELLDIVERS™ 2', 'NORTH_AMERICA', 'อเมริกาเหนือ', 'CAN', 'แคนาดา', 803, 1.94, '07:00 - 11:00 น.')
[2026-09-07T06:11:03.236+0000] {sql.py:562} INFO - Rows affected: 1
[2026-09-07T06:11:03.242+0000] {sql.py:553} INFO - Running statement: 
        INSERT INTO steam_game_regions (
            snapshot_date, appid, game_name, region_code, region_name,
            country_iso3, country_name, player_count, share_percentage, peak_time_bkk, created_at
        ) VALUES (
            %s, %s, %s, %s, %s,
            %s, %s, %s, %s, %s, NOW()
        ) ON CONFLICT (snapshot_date, appid, region_code, country_iso3) DO UPDATE SET
            player_count = EXCLUDED.player_count,
            share_percentage = EXCLUDED.share_percentage,
            peak_time_bkk = EXCLUDED.peak_time_bkk;
        , parameters: ('2026-09-07', 553850, 'HELLDIVERS™ 2', 'LATIN_AMERICA', 'ลาตินอเมริกา', 'BRA', 'บราซิล', 1607, 3.88, '05:00 - 09:00 น.')
[2026-09-07T06:11:03.245+0000] {sql.py:562} INFO - Rows affected: 1
[2026-09-07T06:11:03.253+0000] {sql.py:553} INFO - Running statement: 
        INSERT INTO steam_game_regions (
            snapshot_date, appid, game_name, region_code, region_name,
            country_iso3, country_name, player_count, share_percentage, peak_time_bkk, created_at
        ) VALUES (
            %s, %s, %s, %s, %s,
            %s, %s, %s, %s, %s, NOW()
        ) ON CONFLICT (snapshot_date, appid, region_code, country_iso3) DO UPDATE SET
            player_count = EXCLUDED.player_count,
            share_percentage = EXCLUDED.share_percentage,
            peak_time_bkk = EXCLUDED.peak_time_bkk;
        , parameters: ('2026-09-07', 553850, 'HELLDIVERS™ 2', 'LATIN_AMERICA', 'ลาตินอเมริกา', 'ARG', 'อาร์เจนตินา', 603, 1.46, '05:00 - 09:00 น.')
[2026-09-07T06:11:03.255+0000] {sql.py:562} INFO - Rows affected: 1
[2026-09-07T06:11:03.263+0000] {sql.py:553} INFO - Running statement: 
        INSERT INTO steam_game_regions (
            snapshot_date, appid, game_name, region_code, region_name,
            country_iso3, country_name, player_count, share_percentage, peak_time_bkk, created_at
        ) VALUES (
            %s, %s, %s, %s, %s,
            %s, %s, %s, %s, %s, NOW()
        ) ON CONFLICT (snapshot_date, appid, region_code, country_iso3) DO UPDATE SET
            player_count = EXCLUDED.player_count,
            share_percentage = EXCLUDED.share_percentage,
            peak_time_bkk = EXCLUDED.peak_time_bkk;
        , parameters: ('2026-09-07', 553850, 'HELLDIVERS™ 2', 'OCEANIA', 'โอเชียเนีย', 'AUS', 'ออสเตรเลีย', 603, 1.46, '16:00 - 20:00 น.')
[2026-09-07T06:11:03.265+0000] {sql.py:562} INFO - Rows affected: 1
[2026-09-07T06:11:03.274+0000] {sql.py:553} INFO - Running statement: 
        INSERT INTO steam_game_regions (
            snapshot_date, appid, game_name, region_code, region_name,
            country_iso3, country_name, player_count, share_percentage, peak_time_bkk, created_at
        ) VALUES (
            %s, %s, %s, %s, %s,
            %s, %s, %s, %s, %s, NOW()
        ) ON CONFLICT (snapshot_date, appid, region_code, country_iso3) DO UPDATE SET
            player_count = EXCLUDED.player_count,
            share_percentage = EXCLUDED.share_percentage,
            peak_time_bkk = EXCLUDED.peak_time_bkk;
        , parameters: ('2026-09-07', 1623730, 'Palworld', 'ASIA_EAST', 'เอเชียตะวันออก', 'CHN', 'จีน', 22298, 27.18, '19:00 - 23:00 น.')
[2026-09-07T06:11:03.276+0000] {sql.py:562} INFO - Rows affected: 1
[2026-09-07T06:11:03.283+0000] {sql.py:553} INFO - Running statement: 
        INSERT INTO steam_game_regions (
            snapshot_date, appid, game_name, region_code, region_name,
            country_iso3, country_name, player_count, share_percentage, peak_time_bkk, created_at
        ) VALUES (
            %s, %s, %s, %s, %s,
            %s, %s, %s, %s, %s, NOW()
        ) ON CONFLICT (snapshot_date, appid, region_code, country_iso3) DO UPDATE SET
            player_count = EXCLUDED.player_count,
            share_percentage = EXCLUDED.share_percentage,
            peak_time_bkk = EXCLUDED.peak_time_bkk;
        , parameters: ('2026-09-07', 1623730, 'Palworld', 'ASIA_EAST', 'เอเชียตะวันออก', 'JPN', 'ญี่ปุ่น', 3982, 4.85, '19:00 - 23:00 น.')
[2026-09-07T06:11:03.285+0000] {sql.py:562} INFO - Rows affected: 1
[2026-09-07T06:11:03.293+0000] {sql.py:553} INFO - Running statement: 
        INSERT INTO steam_game_regions (
            snapshot_date, appid, game_name, region_code, region_name,
            country_iso3, country_name, player_count, share_percentage, peak_time_bkk, created_at
        ) VALUES (
            %s, %s, %s, %s, %s,
            %s, %s, %s, %s, %s, NOW()
        ) ON CONFLICT (snapshot_date, appid, region_code, country_iso3) DO UPDATE SET
            player_count = EXCLUDED.player_count,
            share_percentage = EXCLUDED.share_percentage,
            peak_time_bkk = EXCLUDED.peak_time_bkk;
        , parameters: ('2026-09-07', 1623730, 'Palworld', 'ASIA_EAST', 'เอเชียตะวันออก', 'KOR', 'เกาหลีใต้', 3185, 3.88, '19:00 - 23:00 น.')
[2026-09-07T06:11:03.295+0000] {sql.py:562} INFO - Rows affected: 1
[2026-09-07T06:11:03.301+0000] {sql.py:553} INFO - Running statement: 
        INSERT INTO steam_game_regions (
            snapshot_date, appid, game_name, region_code, region_name,
            country_iso3, country_name, player_count, share_percentage, peak_time_bkk, created_at
        ) VALUES (
            %s, %s, %s, %s, %s,
            %s, %s, %s, %s, %s, NOW()
        ) ON CONFLICT (snapshot_date, appid, region_code, country_iso3) DO UPDATE SET
            player_count = EXCLUDED.player_count,
            share_percentage = EXCLUDED.share_percentage,
            peak_time_bkk = EXCLUDED.peak_time_bkk;
        , parameters: ('2026-09-07', 1623730, 'Palworld', 'ASIA_EAST', 'เอเชียตะวันออก', 'TWN', 'ไต้หวัน', 1593, 1.94, '19:00 - 23:00 น.')
[2026-09-07T06:11:03.304+0000] {sql.py:562} INFO - Rows affected: 1
[2026-09-07T06:11:03.312+0000] {sql.py:553} INFO - Running statement: 
        INSERT INTO steam_game_regions (
            snapshot_date, appid, game_name, region_code, region_name,
            country_iso3, country_name, player_count, share_percentage, peak_time_bkk, created_at
        ) VALUES (
            %s, %s, %s, %s, %s,
            %s, %s, %s, %s, %s, NOW()
        ) ON CONFLICT (snapshot_date, appid, region_code, country_iso3) DO UPDATE SET
            player_count = EXCLUDED.player_count,
            share_percentage = EXCLUDED.share_percentage,
            peak_time_bkk = EXCLUDED.peak_time_bkk;
        , parameters: ('2026-09-07', 1623730, 'Palworld', 'ASIA_SEA', 'เอเชียตะวันออกเฉียงใต้', 'THA', 'ประเทศไทย', 3584, 4.37, '20:00 - 00:00 น.')
[2026-09-07T06:11:03.314+0000] {sql.py:562} INFO - Rows affected: 1
[2026-09-07T06:11:03.325+0000] {sql.py:553} INFO - Running statement: 
        INSERT INTO steam_game_regions (
            snapshot_date, appid, game_name, region_code, region_name,
            country_iso3, country_name, player_count, share_percentage, peak_time_bkk, created_at
        ) VALUES (
            %s, %s, %s, %s, %s,
            %s, %s, %s, %s, %s, NOW()
        ) ON CONFLICT (snapshot_date, appid, region_code, country_iso3) DO UPDATE SET
            player_count = EXCLUDED.player_count,
            share_percentage = EXCLUDED.share_percentage,
            peak_time_bkk = EXCLUDED.peak_time_bkk;
        , parameters: ('2026-09-07', 1623730, 'Palworld', 'ASIA_SEA', 'เอเชียตะวันออกเฉียงใต้', 'VNM', 'เวียดนาม', 2787, 3.4, '20:00 - 00:00 น.')
[2026-09-07T06:11:03.328+0000] {sql.py:562} INFO - Rows affected: 1
[2026-09-07T06:11:03.341+0000] {sql.py:553} INFO - Running statement: 
        INSERT INTO steam_game_regions (
            snapshot_date, appid, game_name, region_code, region_name,
            country_iso3, country_name, player_count, share_percentage, peak_time_bkk, created_at
        ) VALUES (
            %s, %s, %s, %s, %s,
            %s, %s, %s, %s, %s, NOW()
        ) ON CONFLICT (snapshot_date, appid, region_code, country_iso3) DO UPDATE SET
            player_count = EXCLUDED.player_count,
            share_percentage = EXCLUDED.share_percentage,
            peak_time_bkk = EXCLUDED.peak_time_bkk;
        , parameters: ('2026-09-07', 1623730, 'Palworld', 'ASIA_SEA', 'เอเชียตะวันออกเฉียงใต้', 'IDN', 'อินโดนีเซีย', 2389, 2.91, '20:00 - 00:00 น.')
[2026-09-07T06:11:03.344+0000] {sql.py:562} INFO - Rows affected: 1
[2026-09-07T06:11:03.356+0000] {sql.py:553} INFO - Running statement: 
        INSERT INTO steam_game_regions (
            snapshot_date, appid, game_name, region_code, region_name,
            country_iso3, country_name, player_count, share_percentage, peak_time_bkk, created_at
        ) VALUES (
            %s, %s, %s, %s, %s,
            %s, %s, %s, %s, %s, NOW()
        ) ON CONFLICT (snapshot_date, appid, region_code, country_iso3) DO UPDATE SET
            player_count = EXCLUDED.player_count,
            share_percentage = EXCLUDED.share_percentage,
            peak_time_bkk = EXCLUDED.peak_time_bkk;
        , parameters: ('2026-09-07', 1623730, 'Palworld', 'ASIA_SEA', 'เอเชียตะวันออกเฉียงใต้', 'PHL', 'ฟิลิปปินส์', 1991, 2.43, '20:00 - 00:00 น.')
[2026-09-07T06:11:03.359+0000] {sql.py:562} INFO - Rows affected: 1
[2026-09-07T06:11:03.368+0000] {sql.py:553} INFO - Running statement: 
        INSERT INTO steam_game_regions (
            snapshot_date, appid, game_name, region_code, region_name,
            country_iso3, country_name, player_count, share_percentage, peak_time_bkk, created_at
        ) VALUES (
            %s, %s, %s, %s, %s,
            %s, %s, %s, %s, %s, NOW()
        ) ON CONFLICT (snapshot_date, appid, region_code, country_iso3) DO UPDATE SET
            player_count = EXCLUDED.player_count,
            share_percentage = EXCLUDED.share_percentage,
            peak_time_bkk = EXCLUDED.peak_time_bkk;
        , parameters: ('2026-09-07', 1623730, 'Palworld', 'ASIA_SEA', 'เอเชียตะวันออกเฉียงใต้', 'MYS', 'มาเลเซีย', 1195, 1.46, '20:00 - 00:00 น.')
[2026-09-07T06:11:03.371+0000] {sql.py:562} INFO - Rows affected: 1
[2026-09-07T06:11:03.419+0000] {sql.py:553} INFO - Running statement: 
        INSERT INTO steam_game_regions (
            snapshot_date, appid, game_name, region_code, region_name,
            country_iso3, country_name, player_count, share_percentage, peak_time_bkk, created_at
        ) VALUES (
            %s, %s, %s, %s, %s,
            %s, %s, %s, %s, %s, NOW()
        ) ON CONFLICT (snapshot_date, appid, region_code, country_iso3) DO UPDATE SET
            player_count = EXCLUDED.player_count,
            share_percentage = EXCLUDED.share_percentage,
            peak_time_bkk = EXCLUDED.peak_time_bkk;
        , parameters: ('2026-09-07', 1623730, 'Palworld', 'ASIA_SEA', 'เอเชียตะวันออกเฉียงใต้', 'SGP', 'สิงคโปร์', 796, 0.97, '20:00 - 00:00 น.')
[2026-09-07T06:11:03.422+0000] {sql.py:562} INFO - Rows affected: 1
[2026-09-07T06:11:03.431+0000] {sql.py:553} INFO - Running statement: 
        INSERT INTO steam_game_regions (
            snapshot_date, appid, game_name, region_code, region_name,
            country_iso3, country_name, player_count, share_percentage, peak_time_bkk, created_at
        ) VALUES (
            %s, %s, %s, %s, %s,
            %s, %s, %s, %s, %s, NOW()
        ) ON CONFLICT (snapshot_date, appid, region_code, country_iso3) DO UPDATE SET
            player_count = EXCLUDED.player_count,
            share_percentage = EXCLUDED.share_percentage,
            peak_time_bkk = EXCLUDED.peak_time_bkk;
        , parameters: ('2026-09-07', 1623730, 'Palworld', 'EUROPE', 'ยุโรป', 'RUS', 'รัสเซีย', 9556, 11.65, '22:00 - 02:00 น.')
[2026-09-07T06:11:03.434+0000] {sql.py:562} INFO - Rows affected: 1
[2026-09-07T06:11:03.443+0000] {sql.py:553} INFO - Running statement: 
        INSERT INTO steam_game_regions (
            snapshot_date, appid, game_name, region_code, region_name,
            country_iso3, country_name, player_count, share_percentage, peak_time_bkk, created_at
        ) VALUES (
            %s, %s, %s, %s, %s,
            %s, %s, %s, %s, %s, NOW()
        ) ON CONFLICT (snapshot_date, appid, region_code, country_iso3) DO UPDATE SET
            player_count = EXCLUDED.player_count,
            share_percentage = EXCLUDED.share_percentage,
            peak_time_bkk = EXCLUDED.peak_time_bkk;
        , parameters: ('2026-09-07', 1623730, 'Palworld', 'EUROPE', 'ยุโรป', 'DEU', 'เยอรมนี', 4778, 5.83, '00:00 - 04:00 น.')
[2026-09-07T06:11:03.445+0000] {sql.py:562} INFO - Rows affected: 1
[2026-09-07T06:11:03.455+0000] {sql.py:553} INFO - Running statement: 
        INSERT INTO steam_game_regions (
            snapshot_date, appid, game_name, region_code, region_name,
            country_iso3, country_name, player_count, share_percentage, peak_time_bkk, created_at
        ) VALUES (
            %s, %s, %s, %s, %s,
            %s, %s, %s, %s, %s, NOW()
        ) ON CONFLICT (snapshot_date, appid, region_code, country_iso3) DO UPDATE SET
            player_count = EXCLUDED.player_count,
            share_percentage = EXCLUDED.share_percentage,
            peak_time_bkk = EXCLUDED.peak_time_bkk;
        , parameters: ('2026-09-07', 1623730, 'Palworld', 'EUROPE', 'ยุโรป', 'GBR', 'สหราชอาณาจักร', 3185, 3.88, '01:00 - 05:00 น.')
[2026-09-07T06:11:03.457+0000] {sql.py:562} INFO - Rows affected: 1
[2026-09-07T06:11:03.467+0000] {sql.py:553} INFO - Running statement: 
        INSERT INTO steam_game_regions (
            snapshot_date, appid, game_name, region_code, region_name,
            country_iso3, country_name, player_count, share_percentage, peak_time_bkk, created_at
        ) VALUES (
            %s, %s, %s, %s, %s,
            %s, %s, %s, %s, %s, NOW()
        ) ON CONFLICT (snapshot_date, appid, region_code, country_iso3) DO UPDATE SET
            player_count = EXCLUDED.player_count,
            share_percentage = EXCLUDED.share_percentage,
            peak_time_bkk = EXCLUDED.peak_time_bkk;
        , parameters: ('2026-09-07', 1623730, 'Palworld', 'EUROPE', 'ยุโรป', 'FRA', 'ฝรั่งเศส', 2389, 2.91, '00:00 - 04:00 น.')
[2026-09-07T06:11:03.469+0000] {sql.py:562} INFO - Rows affected: 1
[2026-09-07T06:11:03.478+0000] {sql.py:553} INFO - Running statement: 
        INSERT INTO steam_game_regions (
            snapshot_date, appid, game_name, region_code, region_name,
            country_iso3, country_name, player_count, share_percentage, peak_time_bkk, created_at
        ) VALUES (
            %s, %s, %s, %s, %s,
            %s, %s, %s, %s, %s, NOW()
        ) ON CONFLICT (snapshot_date, appid, region_code, country_iso3) DO UPDATE SET
            player_count = EXCLUDED.player_count,
            share_percentage = EXCLUDED.share_percentage,
            peak_time_bkk = EXCLUDED.peak_time_bkk;
        , parameters: ('2026-09-07', 1623730, 'Palworld', 'EUROPE', 'ยุโรป', 'POL', 'โปแลนด์', 2389, 2.91, '00:00 - 04:00 น.')
[2026-09-07T06:11:03.480+0000] {sql.py:562} INFO - Rows affected: 1
[2026-09-07T06:11:03.490+0000] {sql.py:553} INFO - Running statement: 
        INSERT INTO steam_game_regions (
            snapshot_date, appid, game_name, region_code, region_name,
            country_iso3, country_name, player_count, share_percentage, peak_time_bkk, created_at
        ) VALUES (
            %s, %s, %s, %s, %s,
            %s, %s, %s, %s, %s, NOW()
        ) ON CONFLICT (snapshot_date, appid, region_code, country_iso3) DO UPDATE SET
            player_count = EXCLUDED.player_count,
            share_percentage = EXCLUDED.share_percentage,
            peak_time_bkk = EXCLUDED.peak_time_bkk;
        , parameters: ('2026-09-07', 1623730, 'Palworld', 'NORTH_AMERICA', 'อเมริกาเหนือ', 'USA', 'สหรัฐอเมริกา', 8760, 10.68, '07:00 - 11:00 น.')
[2026-09-07T06:11:03.492+0000] {sql.py:562} INFO - Rows affected: 1
[2026-09-07T06:11:03.500+0000] {sql.py:553} INFO - Running statement: 
        INSERT INTO steam_game_regions (
            snapshot_date, appid, game_name, region_code, region_name,
            country_iso3, country_name, player_count, share_percentage, peak_time_bkk, created_at
        ) VALUES (
            %s, %s, %s, %s, %s,
            %s, %s, %s, %s, %s, NOW()
        ) ON CONFLICT (snapshot_date, appid, region_code, country_iso3) DO UPDATE SET
            player_count = EXCLUDED.player_count,
            share_percentage = EXCLUDED.share_percentage,
            peak_time_bkk = EXCLUDED.peak_time_bkk;
        , parameters: ('2026-09-07', 1623730, 'Palworld', 'NORTH_AMERICA', 'อเมริกาเหนือ', 'CAN', 'แคนาดา', 1593, 1.94, '07:00 - 11:00 น.')
[2026-09-07T06:11:03.503+0000] {sql.py:562} INFO - Rows affected: 1
[2026-09-07T06:11:03.512+0000] {sql.py:553} INFO - Running statement: 
        INSERT INTO steam_game_regions (
            snapshot_date, appid, game_name, region_code, region_name,
            country_iso3, country_name, player_count, share_percentage, peak_time_bkk, created_at
        ) VALUES (
            %s, %s, %s, %s, %s,
            %s, %s, %s, %s, %s, NOW()
        ) ON CONFLICT (snapshot_date, appid, region_code, country_iso3) DO UPDATE SET
            player_count = EXCLUDED.player_count,
            share_percentage = EXCLUDED.share_percentage,
            peak_time_bkk = EXCLUDED.peak_time_bkk;
        , parameters: ('2026-09-07', 1623730, 'Palworld', 'LATIN_AMERICA', 'ลาตินอเมริกา', 'BRA', 'บราซิล', 3185, 3.88, '05:00 - 09:00 น.')
[2026-09-07T06:11:03.514+0000] {sql.py:562} INFO - Rows affected: 1
[2026-09-07T06:11:03.524+0000] {sql.py:553} INFO - Running statement: 
        INSERT INTO steam_game_regions (
            snapshot_date, appid, game_name, region_code, region_name,
            country_iso3, country_name, player_count, share_percentage, peak_time_bkk, created_at
        ) VALUES (
            %s, %s, %s, %s, %s,
            %s, %s, %s, %s, %s, NOW()
        ) ON CONFLICT (snapshot_date, appid, region_code, country_iso3) DO UPDATE SET
            player_count = EXCLUDED.player_count,
            share_percentage = EXCLUDED.share_percentage,
            peak_time_bkk = EXCLUDED.peak_time_bkk;
        , parameters: ('2026-09-07', 1623730, 'Palworld', 'LATIN_AMERICA', 'ลาตินอเมริกา', 'ARG', 'อาร์เจนตินา', 1195, 1.46, '05:00 - 09:00 น.')
[2026-09-07T06:11:03.527+0000] {sql.py:562} INFO - Rows affected: 1
[2026-09-07T06:11:03.536+0000] {sql.py:553} INFO - Running statement: 
        INSERT INTO steam_game_regions (
            snapshot_date, appid, game_name, region_code, region_name,
            country_iso3, country_name, player_count, share_percentage, peak_time_bkk, created_at
        ) VALUES (
            %s, %s, %s, %s, %s,
            %s, %s, %s, %s, %s, NOW()
        ) ON CONFLICT (snapshot_date, appid, region_code, country_iso3) DO UPDATE SET
            player_count = EXCLUDED.player_count,
            share_percentage = EXCLUDED.share_percentage,
            peak_time_bkk = EXCLUDED.peak_time_bkk;
        , parameters: ('2026-09-07', 1623730, 'Palworld', 'OCEANIA', 'โอเชียเนีย', 'AUS', 'ออสเตรเลีย', 1195, 1.46, '16:00 - 20:00 น.')
[2026-09-07T06:11:03.538+0000] {sql.py:562} INFO - Rows affected: 1
[2026-09-07T06:11:03.547+0000] {sql.py:553} INFO - Running statement: 
        INSERT INTO steam_game_regions (
            snapshot_date, appid, game_name, region_code, region_name,
            country_iso3, country_name, player_count, share_percentage, peak_time_bkk, created_at
        ) VALUES (
            %s, %s, %s, %s, %s,
            %s, %s, %s, %s, %s, NOW()
        ) ON CONFLICT (snapshot_date, appid, region_code, country_iso3) DO UPDATE SET
            player_count = EXCLUDED.player_count,
            share_percentage = EXCLUDED.share_percentage,
            peak_time_bkk = EXCLUDED.peak_time_bkk;
        , parameters: ('2026-09-07', 105600, 'Terraria', 'ASIA_EAST', 'เอเชียตะวันออก', 'CHN', 'จีน', 9965, 27.18, '19:00 - 23:00 น.')
[2026-09-07T06:11:03.550+0000] {sql.py:562} INFO - Rows affected: 1
[2026-09-07T06:11:03.561+0000] {sql.py:553} INFO - Running statement: 
        INSERT INTO steam_game_regions (
            snapshot_date, appid, game_name, region_code, region_name,
            country_iso3, country_name, player_count, share_percentage, peak_time_bkk, created_at
        ) VALUES (
            %s, %s, %s, %s, %s,
            %s, %s, %s, %s, %s, NOW()
        ) ON CONFLICT (snapshot_date, appid, region_code, country_iso3) DO UPDATE SET
            player_count = EXCLUDED.player_count,
            share_percentage = EXCLUDED.share_percentage,
            peak_time_bkk = EXCLUDED.peak_time_bkk;
        , parameters: ('2026-09-07', 105600, 'Terraria', 'ASIA_EAST', 'เอเชียตะวันออก', 'JPN', 'ญี่ปุ่น', 1779, 4.85, '19:00 - 23:00 น.')
[2026-09-07T06:11:03.563+0000] {sql.py:562} INFO - Rows affected: 1
[2026-09-07T06:11:03.573+0000] {sql.py:553} INFO - Running statement: 
        INSERT INTO steam_game_regions (
            snapshot_date, appid, game_name, region_code, region_name,
            country_iso3, country_name, player_count, share_percentage, peak_time_bkk, created_at
        ) VALUES (
            %s, %s, %s, %s, %s,
            %s, %s, %s, %s, %s, NOW()
        ) ON CONFLICT (snapshot_date, appid, region_code, country_iso3) DO UPDATE SET
            player_count = EXCLUDED.player_count,
            share_percentage = EXCLUDED.share_percentage,
            peak_time_bkk = EXCLUDED.peak_time_bkk;
        , parameters: ('2026-09-07', 105600, 'Terraria', 'ASIA_EAST', 'เอเชียตะวันออก', 'KOR', 'เกาหลีใต้', 1424, 3.88, '19:00 - 23:00 น.')
[2026-09-07T06:11:03.576+0000] {sql.py:562} INFO - Rows affected: 1
[2026-09-07T06:11:03.587+0000] {sql.py:553} INFO - Running statement: 
        INSERT INTO steam_game_regions (
            snapshot_date, appid, game_name, region_code, region_name,
            country_iso3, country_name, player_count, share_percentage, peak_time_bkk, created_at
        ) VALUES (
            %s, %s, %s, %s, %s,
            %s, %s, %s, %s, %s, NOW()
        ) ON CONFLICT (snapshot_date, appid, region_code, country_iso3) DO UPDATE SET
            player_count = EXCLUDED.player_count,
            share_percentage = EXCLUDED.share_percentage,
            peak_time_bkk = EXCLUDED.peak_time_bkk;
        , parameters: ('2026-09-07', 105600, 'Terraria', 'ASIA_EAST', 'เอเชียตะวันออก', 'TWN', 'ไต้หวัน', 712, 1.94, '19:00 - 23:00 น.')
[2026-09-07T06:11:03.589+0000] {sql.py:562} INFO - Rows affected: 1
[2026-09-07T06:11:03.599+0000] {sql.py:553} INFO - Running statement: 
        INSERT INTO steam_game_regions (
            snapshot_date, appid, game_name, region_code, region_name,
            country_iso3, country_name, player_count, share_percentage, peak_time_bkk, created_at
        ) VALUES (
            %s, %s, %s, %s, %s,
            %s, %s, %s, %s, %s, NOW()
        ) ON CONFLICT (snapshot_date, appid, region_code, country_iso3) DO UPDATE SET
            player_count = EXCLUDED.player_count,
            share_percentage = EXCLUDED.share_percentage,
            peak_time_bkk = EXCLUDED.peak_time_bkk;
        , parameters: ('2026-09-07', 105600, 'Terraria', 'ASIA_SEA', 'เอเชียตะวันออกเฉียงใต้', 'THA', 'ประเทศไทย', 1601, 4.37, '20:00 - 00:00 น.')
[2026-09-07T06:11:03.601+0000] {sql.py:562} INFO - Rows affected: 1
[2026-09-07T06:11:03.611+0000] {sql.py:553} INFO - Running statement: 
        INSERT INTO steam_game_regions (
            snapshot_date, appid, game_name, region_code, region_name,
            country_iso3, country_name, player_count, share_percentage, peak_time_bkk, created_at
        ) VALUES (
            %s, %s, %s, %s, %s,
            %s, %s, %s, %s, %s, NOW()
        ) ON CONFLICT (snapshot_date, appid, region_code, country_iso3) DO UPDATE SET
            player_count = EXCLUDED.player_count,
            share_percentage = EXCLUDED.share_percentage,
            peak_time_bkk = EXCLUDED.peak_time_bkk;
        , parameters: ('2026-09-07', 105600, 'Terraria', 'ASIA_SEA', 'เอเชียตะวันออกเฉียงใต้', 'VNM', 'เวียดนาม', 1246, 3.4, '20:00 - 00:00 น.')
[2026-09-07T06:11:03.613+0000] {sql.py:562} INFO - Rows affected: 1
[2026-09-07T06:11:03.623+0000] {sql.py:553} INFO - Running statement: 
        INSERT INTO steam_game_regions (
            snapshot_date, appid, game_name, region_code, region_name,
            country_iso3, country_name, player_count, share_percentage, peak_time_bkk, created_at
        ) VALUES (
            %s, %s, %s, %s, %s,
            %s, %s, %s, %s, %s, NOW()
        ) ON CONFLICT (snapshot_date, appid, region_code, country_iso3) DO UPDATE SET
            player_count = EXCLUDED.player_count,
            share_percentage = EXCLUDED.share_percentage,
            peak_time_bkk = EXCLUDED.peak_time_bkk;
        , parameters: ('2026-09-07', 105600, 'Terraria', 'ASIA_SEA', 'เอเชียตะวันออกเฉียงใต้', 'IDN', 'อินโดนีเซีย', 1068, 2.91, '20:00 - 00:00 น.')
[2026-09-07T06:11:03.627+0000] {sql.py:562} INFO - Rows affected: 1
[2026-09-07T06:11:03.637+0000] {sql.py:553} INFO - Running statement: 
        INSERT INTO steam_game_regions (
            snapshot_date, appid, game_name, region_code, region_name,
            country_iso3, country_name, player_count, share_percentage, peak_time_bkk, created_at
        ) VALUES (
            %s, %s, %s, %s, %s,
            %s, %s, %s, %s, %s, NOW()
        ) ON CONFLICT (snapshot_date, appid, region_code, country_iso3) DO UPDATE SET
            player_count = EXCLUDED.player_count,
            share_percentage = EXCLUDED.share_percentage,
            peak_time_bkk = EXCLUDED.peak_time_bkk;
        , parameters: ('2026-09-07', 105600, 'Terraria', 'ASIA_SEA', 'เอเชียตะวันออกเฉียงใต้', 'PHL', 'ฟิลิปปินส์', 890, 2.43, '20:00 - 00:00 น.')
[2026-09-07T06:11:03.640+0000] {sql.py:562} INFO - Rows affected: 1
[2026-09-07T06:11:03.650+0000] {sql.py:553} INFO - Running statement: 
        INSERT INTO steam_game_regions (
            snapshot_date, appid, game_name, region_code, region_name,
            country_iso3, country_name, player_count, share_percentage, peak_time_bkk, created_at
        ) VALUES (
            %s, %s, %s, %s, %s,
            %s, %s, %s, %s, %s, NOW()
        ) ON CONFLICT (snapshot_date, appid, region_code, country_iso3) DO UPDATE SET
            player_count = EXCLUDED.player_count,
            share_percentage = EXCLUDED.share_percentage,
            peak_time_bkk = EXCLUDED.peak_time_bkk;
        , parameters: ('2026-09-07', 105600, 'Terraria', 'ASIA_SEA', 'เอเชียตะวันออกเฉียงใต้', 'MYS', 'มาเลเซีย', 534, 1.46, '20:00 - 00:00 น.')
[2026-09-07T06:11:03.652+0000] {sql.py:562} INFO - Rows affected: 1
[2026-09-07T06:11:03.661+0000] {sql.py:553} INFO - Running statement: 
        INSERT INTO steam_game_regions (
            snapshot_date, appid, game_name, region_code, region_name,
            country_iso3, country_name, player_count, share_percentage, peak_time_bkk, created_at
        ) VALUES (
            %s, %s, %s, %s, %s,
            %s, %s, %s, %s, %s, NOW()
        ) ON CONFLICT (snapshot_date, appid, region_code, country_iso3) DO UPDATE SET
            player_count = EXCLUDED.player_count,
            share_percentage = EXCLUDED.share_percentage,
            peak_time_bkk = EXCLUDED.peak_time_bkk;
        , parameters: ('2026-09-07', 105600, 'Terraria', 'ASIA_SEA', 'เอเชียตะวันออกเฉียงใต้', 'SGP', 'สิงคโปร์', 356, 0.97, '20:00 - 00:00 น.')
[2026-09-07T06:11:03.663+0000] {sql.py:562} INFO - Rows affected: 1
[2026-09-07T06:11:03.673+0000] {sql.py:553} INFO - Running statement: 
        INSERT INTO steam_game_regions (
            snapshot_date, appid, game_name, region_code, region_name,
            country_iso3, country_name, player_count, share_percentage, peak_time_bkk, created_at
        ) VALUES (
            %s, %s, %s, %s, %s,
            %s, %s, %s, %s, %s, NOW()
        ) ON CONFLICT (snapshot_date, appid, region_code, country_iso3) DO UPDATE SET
            player_count = EXCLUDED.player_count,
            share_percentage = EXCLUDED.share_percentage,
            peak_time_bkk = EXCLUDED.peak_time_bkk;
        , parameters: ('2026-09-07', 105600, 'Terraria', 'EUROPE', 'ยุโรป', 'RUS', 'รัสเซีย', 4271, 11.65, '22:00 - 02:00 น.')
[2026-09-07T06:11:03.676+0000] {sql.py:562} INFO - Rows affected: 1
[2026-09-07T06:11:03.686+0000] {sql.py:553} INFO - Running statement: 
        INSERT INTO steam_game_regions (
            snapshot_date, appid, game_name, region_code, region_name,
            country_iso3, country_name, player_count, share_percentage, peak_time_bkk, created_at
        ) VALUES (
            %s, %s, %s, %s, %s,
            %s, %s, %s, %s, %s, NOW()
        ) ON CONFLICT (snapshot_date, appid, region_code, country_iso3) DO UPDATE SET
            player_count = EXCLUDED.player_count,
            share_percentage = EXCLUDED.share_percentage,
            peak_time_bkk = EXCLUDED.peak_time_bkk;
        , parameters: ('2026-09-07', 105600, 'Terraria', 'EUROPE', 'ยุโรป', 'DEU', 'เยอรมนี', 2135, 5.83, '00:00 - 04:00 น.')
[2026-09-07T06:11:03.689+0000] {sql.py:562} INFO - Rows affected: 1
[2026-09-07T06:11:03.698+0000] {sql.py:553} INFO - Running statement: 
        INSERT INTO steam_game_regions (
            snapshot_date, appid, game_name, region_code, region_name,
            country_iso3, country_name, player_count, share_percentage, peak_time_bkk, created_at
        ) VALUES (
            %s, %s, %s, %s, %s,
            %s, %s, %s, %s, %s, NOW()
        ) ON CONFLICT (snapshot_date, appid, region_code, country_iso3) DO UPDATE SET
            player_count = EXCLUDED.player_count,
            share_percentage = EXCLUDED.share_percentage,
            peak_time_bkk = EXCLUDED.peak_time_bkk;
        , parameters: ('2026-09-07', 105600, 'Terraria', 'EUROPE', 'ยุโรป', 'GBR', 'สหราชอาณาจักร', 1424, 3.88, '01:00 - 05:00 น.')
[2026-09-07T06:11:03.701+0000] {sql.py:562} INFO - Rows affected: 1
[2026-09-07T06:11:03.710+0000] {sql.py:553} INFO - Running statement: 
        INSERT INTO steam_game_regions (
            snapshot_date, appid, game_name, region_code, region_name,
            country_iso3, country_name, player_count, share_percentage, peak_time_bkk, created_at
        ) VALUES (
            %s, %s, %s, %s, %s,
            %s, %s, %s, %s, %s, NOW()
        ) ON CONFLICT (snapshot_date, appid, region_code, country_iso3) DO UPDATE SET
            player_count = EXCLUDED.player_count,
            share_percentage = EXCLUDED.share_percentage,
            peak_time_bkk = EXCLUDED.peak_time_bkk;
        , parameters: ('2026-09-07', 105600, 'Terraria', 'EUROPE', 'ยุโรป', 'FRA', 'ฝรั่งเศส', 1068, 2.91, '00:00 - 04:00 น.')
[2026-09-07T06:11:03.713+0000] {sql.py:562} INFO - Rows affected: 1
[2026-09-07T06:11:03.723+0000] {sql.py:553} INFO - Running statement: 
        INSERT INTO steam_game_regions (
            snapshot_date, appid, game_name, region_code, region_name,
            country_iso3, country_name, player_count, share_percentage, peak_time_bkk, created_at
        ) VALUES (
            %s, %s, %s, %s, %s,
            %s, %s, %s, %s, %s, NOW()
        ) ON CONFLICT (snapshot_date, appid, region_code, country_iso3) DO UPDATE SET
            player_count = EXCLUDED.player_count,
            share_percentage = EXCLUDED.share_percentage,
            peak_time_bkk = EXCLUDED.peak_time_bkk;
        , parameters: ('2026-09-07', 105600, 'Terraria', 'EUROPE', 'ยุโรป', 'POL', 'โปแลนด์', 1068, 2.91, '00:00 - 04:00 น.')
[2026-09-07T06:11:03.726+0000] {sql.py:562} INFO - Rows affected: 1
[2026-09-07T06:11:03.736+0000] {sql.py:553} INFO - Running statement: 
        INSERT INTO steam_game_regions (
            snapshot_date, appid, game_name, region_code, region_name,
            country_iso3, country_name, player_count, share_percentage, peak_time_bkk, created_at
        ) VALUES (
            %s, %s, %s, %s, %s,
            %s, %s, %s, %s, %s, NOW()
        ) ON CONFLICT (snapshot_date, appid, region_code, country_iso3) DO UPDATE SET
            player_count = EXCLUDED.player_count,
            share_percentage = EXCLUDED.share_percentage,
            peak_time_bkk = EXCLUDED.peak_time_bkk;
        , parameters: ('2026-09-07', 105600, 'Terraria', 'NORTH_AMERICA', 'อเมริกาเหนือ', 'USA', 'สหรัฐอเมริกา', 3915, 10.68, '07:00 - 11:00 น.')
[2026-09-07T06:11:03.739+0000] {sql.py:562} INFO - Rows affected: 1
[2026-09-07T06:11:03.749+0000] {sql.py:553} INFO - Running statement: 
        INSERT INTO steam_game_regions (
            snapshot_date, appid, game_name, region_code, region_name,
            country_iso3, country_name, player_count, share_percentage, peak_time_bkk, created_at
        ) VALUES (
            %s, %s, %s, %s, %s,
            %s, %s, %s, %s, %s, NOW()
        ) ON CONFLICT (snapshot_date, appid, region_code, country_iso3) DO UPDATE SET
            player_count = EXCLUDED.player_count,
            share_percentage = EXCLUDED.share_percentage,
            peak_time_bkk = EXCLUDED.peak_time_bkk;
        , parameters: ('2026-09-07', 105600, 'Terraria', 'NORTH_AMERICA', 'อเมริกาเหนือ', 'CAN', 'แคนาดา', 712, 1.94, '07:00 - 11:00 น.')
[2026-09-07T06:11:03.751+0000] {sql.py:562} INFO - Rows affected: 1
[2026-09-07T06:11:03.760+0000] {sql.py:553} INFO - Running statement: 
        INSERT INTO steam_game_regions (
            snapshot_date, appid, game_name, region_code, region_name,
            country_iso3, country_name, player_count, share_percentage, peak_time_bkk, created_at
        ) VALUES (
            %s, %s, %s, %s, %s,
            %s, %s, %s, %s, %s, NOW()
        ) ON CONFLICT (snapshot_date, appid, region_code, country_iso3) DO UPDATE SET
            player_count = EXCLUDED.player_count,
            share_percentage = EXCLUDED.share_percentage,
            peak_time_bkk = EXCLUDED.peak_time_bkk;
        , parameters: ('2026-09-07', 105600, 'Terraria', 'LATIN_AMERICA', 'ลาตินอเมริกา', 'BRA', 'บราซิล', 1424, 3.88, '05:00 - 09:00 น.')
[2026-09-07T06:11:03.763+0000] {sql.py:562} INFO - Rows affected: 1
[2026-09-07T06:11:03.771+0000] {sql.py:553} INFO - Running statement: 
        INSERT INTO steam_game_regions (
            snapshot_date, appid, game_name, region_code, region_name,
            country_iso3, country_name, player_count, share_percentage, peak_time_bkk, created_at
        ) VALUES (
            %s, %s, %s, %s, %s,
            %s, %s, %s, %s, %s, NOW()
        ) ON CONFLICT (snapshot_date, appid, region_code, country_iso3) DO UPDATE SET
            player_count = EXCLUDED.player_count,
            share_percentage = EXCLUDED.share_percentage,
            peak_time_bkk = EXCLUDED.peak_time_bkk;
        , parameters: ('2026-09-07', 105600, 'Terraria', 'LATIN_AMERICA', 'ลาตินอเมริกา', 'ARG', 'อาร์เจนตินา', 534, 1.46, '05:00 - 09:00 น.')
[2026-09-07T06:11:03.773+0000] {sql.py:562} INFO - Rows affected: 1
[2026-09-07T06:11:03.783+0000] {sql.py:553} INFO - Running statement: 
        INSERT INTO steam_game_regions (
            snapshot_date, appid, game_name, region_code, region_name,
            country_iso3, country_name, player_count, share_percentage, peak_time_bkk, created_at
        ) VALUES (
            %s, %s, %s, %s, %s,
            %s, %s, %s, %s, %s, NOW()
        ) ON CONFLICT (snapshot_date, appid, region_code, country_iso3) DO UPDATE SET
            player_count = EXCLUDED.player_count,
            share_percentage = EXCLUDED.share_percentage,
            peak_time_bkk = EXCLUDED.peak_time_bkk;
        , parameters: ('2026-09-07', 105600, 'Terraria', 'OCEANIA', 'โอเชียเนีย', 'AUS', 'ออสเตรเลีย', 534, 1.46, '16:00 - 20:00 น.')
[2026-09-07T06:11:03.785+0000] {sql.py:562} INFO - Rows affected: 1
[2026-09-07T06:11:03.793+0000] {sql.py:553} INFO - Running statement: 
        INSERT INTO steam_game_regions (
            snapshot_date, appid, game_name, region_code, region_name,
            country_iso3, country_name, player_count, share_percentage, peak_time_bkk, created_at
        ) VALUES (
            %s, %s, %s, %s, %s,
            %s, %s, %s, %s, %s, NOW()
        ) ON CONFLICT (snapshot_date, appid, region_code, country_iso3) DO UPDATE SET
            player_count = EXCLUDED.player_count,
            share_percentage = EXCLUDED.share_percentage,
            peak_time_bkk = EXCLUDED.peak_time_bkk;
        , parameters: ('2026-09-07', 440, 'Team Fortress 2', 'ASIA_EAST', 'เอเชียตะวันออก', 'CHN', 'จีน', 11384, 27.18, '19:00 - 23:00 น.')
[2026-09-07T06:11:03.795+0000] {sql.py:562} INFO - Rows affected: 1
[2026-09-07T06:11:03.803+0000] {sql.py:553} INFO - Running statement: 
        INSERT INTO steam_game_regions (
            snapshot_date, appid, game_name, region_code, region_name,
            country_iso3, country_name, player_count, share_percentage, peak_time_bkk, created_at
        ) VALUES (
            %s, %s, %s, %s, %s,
            %s, %s, %s, %s, %s, NOW()
        ) ON CONFLICT (snapshot_date, appid, region_code, country_iso3) DO UPDATE SET
            player_count = EXCLUDED.player_count,
            share_percentage = EXCLUDED.share_percentage,
            peak_time_bkk = EXCLUDED.peak_time_bkk;
        , parameters: ('2026-09-07', 440, 'Team Fortress 2', 'ASIA_EAST', 'เอเชียตะวันออก', 'JPN', 'ญี่ปุ่น', 2033, 4.85, '19:00 - 23:00 น.')
[2026-09-07T06:11:03.805+0000] {sql.py:562} INFO - Rows affected: 1
[2026-09-07T06:11:03.816+0000] {sql.py:553} INFO - Running statement: 
        INSERT INTO steam_game_regions (
            snapshot_date, appid, game_name, region_code, region_name,
            country_iso3, country_name, player_count, share_percentage, peak_time_bkk, created_at
        ) VALUES (
            %s, %s, %s, %s, %s,
            %s, %s, %s, %s, %s, NOW()
        ) ON CONFLICT (snapshot_date, appid, region_code, country_iso3) DO UPDATE SET
            player_count = EXCLUDED.player_count,
            share_percentage = EXCLUDED.share_percentage,
            peak_time_bkk = EXCLUDED.peak_time_bkk;
        , parameters: ('2026-09-07', 440, 'Team Fortress 2', 'ASIA_EAST', 'เอเชียตะวันออก', 'KOR', 'เกาหลีใต้', 1626, 3.88, '19:00 - 23:00 น.')
[2026-09-07T06:11:03.818+0000] {sql.py:562} INFO - Rows affected: 1
[2026-09-07T06:11:03.828+0000] {sql.py:553} INFO - Running statement: 
        INSERT INTO steam_game_regions (
            snapshot_date, appid, game_name, region_code, region_name,
            country_iso3, country_name, player_count, share_percentage, peak_time_bkk, created_at
        ) VALUES (
            %s, %s, %s, %s, %s,
            %s, %s, %s, %s, %s, NOW()
        ) ON CONFLICT (snapshot_date, appid, region_code, country_iso3) DO UPDATE SET
            player_count = EXCLUDED.player_count,
            share_percentage = EXCLUDED.share_percentage,
            peak_time_bkk = EXCLUDED.peak_time_bkk;
        , parameters: ('2026-09-07', 440, 'Team Fortress 2', 'ASIA_EAST', 'เอเชียตะวันออก', 'TWN', 'ไต้หวัน', 813, 1.94, '19:00 - 23:00 น.')
[2026-09-07T06:11:03.830+0000] {sql.py:562} INFO - Rows affected: 1
[2026-09-07T06:11:03.839+0000] {sql.py:553} INFO - Running statement: 
        INSERT INTO steam_game_regions (
            snapshot_date, appid, game_name, region_code, region_name,
            country_iso3, country_name, player_count, share_percentage, peak_time_bkk, created_at
        ) VALUES (
            %s, %s, %s, %s, %s,
            %s, %s, %s, %s, %s, NOW()
        ) ON CONFLICT (snapshot_date, appid, region_code, country_iso3) DO UPDATE SET
            player_count = EXCLUDED.player_count,
            share_percentage = EXCLUDED.share_percentage,
            peak_time_bkk = EXCLUDED.peak_time_bkk;
        , parameters: ('2026-09-07', 440, 'Team Fortress 2', 'ASIA_SEA', 'เอเชียตะวันออกเฉียงใต้', 'THA', 'ประเทศไทย', 1830, 4.37, '20:00 - 00:00 น.')
[2026-09-07T06:11:03.842+0000] {sql.py:562} INFO - Rows affected: 1
[2026-09-07T06:11:03.869+0000] {sql.py:553} INFO - Running statement: 
        INSERT INTO steam_game_regions (
            snapshot_date, appid, game_name, region_code, region_name,
            country_iso3, country_name, player_count, share_percentage, peak_time_bkk, created_at
        ) VALUES (
            %s, %s, %s, %s, %s,
            %s, %s, %s, %s, %s, NOW()
        ) ON CONFLICT (snapshot_date, appid, region_code, country_iso3) DO UPDATE SET
            player_count = EXCLUDED.player_count,
            share_percentage = EXCLUDED.share_percentage,
            peak_time_bkk = EXCLUDED.peak_time_bkk;
        , parameters: ('2026-09-07', 440, 'Team Fortress 2', 'ASIA_SEA', 'เอเชียตะวันออกเฉียงใต้', 'VNM', 'เวียดนาม', 1423, 3.4, '20:00 - 00:00 น.')
[2026-09-07T06:11:03.871+0000] {sql.py:562} INFO - Rows affected: 1
[2026-09-07T06:11:03.892+0000] {sql.py:553} INFO - Running statement: 
        INSERT INTO steam_game_regions (
            snapshot_date, appid, game_name, region_code, region_name,
            country_iso3, country_name, player_count, share_percentage, peak_time_bkk, created_at
        ) VALUES (
            %s, %s, %s, %s, %s,
            %s, %s, %s, %s, %s, NOW()
        ) ON CONFLICT (snapshot_date, appid, region_code, country_iso3) DO UPDATE SET
            player_count = EXCLUDED.player_count,
            share_percentage = EXCLUDED.share_percentage,
            peak_time_bkk = EXCLUDED.peak_time_bkk;
        , parameters: ('2026-09-07', 440, 'Team Fortress 2', 'ASIA_SEA', 'เอเชียตะวันออกเฉียงใต้', 'IDN', 'อินโดนีเซีย', 1220, 2.91, '20:00 - 00:00 น.')
[2026-09-07T06:11:03.894+0000] {sql.py:562} INFO - Rows affected: 1
[2026-09-07T06:11:03.904+0000] {sql.py:553} INFO - Running statement: 
        INSERT INTO steam_game_regions (
            snapshot_date, appid, game_name, region_code, region_name,
            country_iso3, country_name, player_count, share_percentage, peak_time_bkk, created_at
        ) VALUES (
            %s, %s, %s, %s, %s,
            %s, %s, %s, %s, %s, NOW()
        ) ON CONFLICT (snapshot_date, appid, region_code, country_iso3) DO UPDATE SET
            player_count = EXCLUDED.player_count,
            share_percentage = EXCLUDED.share_percentage,
            peak_time_bkk = EXCLUDED.peak_time_bkk;
        , parameters: ('2026-09-07', 440, 'Team Fortress 2', 'ASIA_SEA', 'เอเชียตะวันออกเฉียงใต้', 'PHL', 'ฟิลิปปินส์', 1016, 2.43, '20:00 - 00:00 น.')
[2026-09-07T06:11:03.907+0000] {sql.py:562} INFO - Rows affected: 1
[2026-09-07T06:11:03.917+0000] {sql.py:553} INFO - Running statement: 
        INSERT INTO steam_game_regions (
            snapshot_date, appid, game_name, region_code, region_name,
            country_iso3, country_name, player_count, share_percentage, peak_time_bkk, created_at
        ) VALUES (
            %s, %s, %s, %s, %s,
            %s, %s, %s, %s, %s, NOW()
        ) ON CONFLICT (snapshot_date, appid, region_code, country_iso3) DO UPDATE SET
            player_count = EXCLUDED.player_count,
            share_percentage = EXCLUDED.share_percentage,
            peak_time_bkk = EXCLUDED.peak_time_bkk;
        , parameters: ('2026-09-07', 440, 'Team Fortress 2', 'ASIA_SEA', 'เอเชียตะวันออกเฉียงใต้', 'MYS', 'มาเลเซีย', 610, 1.46, '20:00 - 00:00 น.')
[2026-09-07T06:11:03.919+0000] {sql.py:562} INFO - Rows affected: 1
[2026-09-07T06:11:03.929+0000] {sql.py:553} INFO - Running statement: 
        INSERT INTO steam_game_regions (
            snapshot_date, appid, game_name, region_code, region_name,
            country_iso3, country_name, player_count, share_percentage, peak_time_bkk, created_at
        ) VALUES (
            %s, %s, %s, %s, %s,
            %s, %s, %s, %s, %s, NOW()
        ) ON CONFLICT (snapshot_date, appid, region_code, country_iso3) DO UPDATE SET
            player_count = EXCLUDED.player_count,
            share_percentage = EXCLUDED.share_percentage,
            peak_time_bkk = EXCLUDED.peak_time_bkk;
        , parameters: ('2026-09-07', 440, 'Team Fortress 2', 'ASIA_SEA', 'เอเชียตะวันออกเฉียงใต้', 'SGP', 'สิงคโปร์', 407, 0.97, '20:00 - 00:00 น.')
[2026-09-07T06:11:03.932+0000] {sql.py:562} INFO - Rows affected: 1
[2026-09-07T06:11:03.952+0000] {sql.py:553} INFO - Running statement: 
        INSERT INTO steam_game_regions (
            snapshot_date, appid, game_name, region_code, region_name,
            country_iso3, country_name, player_count, share_percentage, peak_time_bkk, created_at
        ) VALUES (
            %s, %s, %s, %s, %s,
            %s, %s, %s, %s, %s, NOW()
        ) ON CONFLICT (snapshot_date, appid, region_code, country_iso3) DO UPDATE SET
            player_count = EXCLUDED.player_count,
            share_percentage = EXCLUDED.share_percentage,
            peak_time_bkk = EXCLUDED.peak_time_bkk;
        , parameters: ('2026-09-07', 440, 'Team Fortress 2', 'EUROPE', 'ยุโรป', 'RUS', 'รัสเซีย', 4879, 11.65, '22:00 - 02:00 น.')
[2026-09-07T06:11:03.955+0000] {sql.py:562} INFO - Rows affected: 1
[2026-09-07T06:11:03.965+0000] {sql.py:553} INFO - Running statement: 
        INSERT INTO steam_game_regions (
            snapshot_date, appid, game_name, region_code, region_name,
            country_iso3, country_name, player_count, share_percentage, peak_time_bkk, created_at
        ) VALUES (
            %s, %s, %s, %s, %s,
            %s, %s, %s, %s, %s, NOW()
        ) ON CONFLICT (snapshot_date, appid, region_code, country_iso3) DO UPDATE SET
            player_count = EXCLUDED.player_count,
            share_percentage = EXCLUDED.share_percentage,
            peak_time_bkk = EXCLUDED.peak_time_bkk;
        , parameters: ('2026-09-07', 440, 'Team Fortress 2', 'EUROPE', 'ยุโรป', 'DEU', 'เยอรมนี', 2439, 5.83, '00:00 - 04:00 น.')
[2026-09-07T06:11:03.969+0000] {sql.py:562} INFO - Rows affected: 1
[2026-09-07T06:11:03.981+0000] {sql.py:553} INFO - Running statement: 
        INSERT INTO steam_game_regions (
            snapshot_date, appid, game_name, region_code, region_name,
            country_iso3, country_name, player_count, share_percentage, peak_time_bkk, created_at
        ) VALUES (
            %s, %s, %s, %s, %s,
            %s, %s, %s, %s, %s, NOW()
        ) ON CONFLICT (snapshot_date, appid, region_code, country_iso3) DO UPDATE SET
            player_count = EXCLUDED.player_count,
            share_percentage = EXCLUDED.share_percentage,
            peak_time_bkk = EXCLUDED.peak_time_bkk;
        , parameters: ('2026-09-07', 440, 'Team Fortress 2', 'EUROPE', 'ยุโรป', 'GBR', 'สหราชอาณาจักร', 1626, 3.88, '01:00 - 05:00 น.')
[2026-09-07T06:11:03.983+0000] {sql.py:562} INFO - Rows affected: 1
[2026-09-07T06:11:03.994+0000] {sql.py:553} INFO - Running statement: 
        INSERT INTO steam_game_regions (
            snapshot_date, appid, game_name, region_code, region_name,
            country_iso3, country_name, player_count, share_percentage, peak_time_bkk, created_at
        ) VALUES (
            %s, %s, %s, %s, %s,
            %s, %s, %s, %s, %s, NOW()
        ) ON CONFLICT (snapshot_date, appid, region_code, country_iso3) DO UPDATE SET
            player_count = EXCLUDED.player_count,
            share_percentage = EXCLUDED.share_percentage,
            peak_time_bkk = EXCLUDED.peak_time_bkk;
        , parameters: ('2026-09-07', 440, 'Team Fortress 2', 'EUROPE', 'ยุโรป', 'FRA', 'ฝรั่งเศส', 1220, 2.91, '00:00 - 04:00 น.')
[2026-09-07T06:11:03.997+0000] {sql.py:562} INFO - Rows affected: 1
[2026-09-07T06:11:04.008+0000] {sql.py:553} INFO - Running statement: 
        INSERT INTO steam_game_regions (
            snapshot_date, appid, game_name, region_code, region_name,
            country_iso3, country_name, player_count, share_percentage, peak_time_bkk, created_at
        ) VALUES (
            %s, %s, %s, %s, %s,
            %s, %s, %s, %s, %s, NOW()
        ) ON CONFLICT (snapshot_date, appid, region_code, country_iso3) DO UPDATE SET
            player_count = EXCLUDED.player_count,
            share_percentage = EXCLUDED.share_percentage,
            peak_time_bkk = EXCLUDED.peak_time_bkk;
        , parameters: ('2026-09-07', 440, 'Team Fortress 2', 'EUROPE', 'ยุโรป', 'POL', 'โปแลนด์', 1220, 2.91, '00:00 - 04:00 น.')
[2026-09-07T06:11:04.011+0000] {sql.py:562} INFO - Rows affected: 1
[2026-09-07T06:11:04.022+0000] {sql.py:553} INFO - Running statement: 
        INSERT INTO steam_game_regions (
            snapshot_date, appid, game_name, region_code, region_name,
            country_iso3, country_name, player_count, share_percentage, peak_time_bkk, created_at
        ) VALUES (
            %s, %s, %s, %s, %s,
            %s, %s, %s, %s, %s, NOW()
        ) ON CONFLICT (snapshot_date, appid, region_code, country_iso3) DO UPDATE SET
            player_count = EXCLUDED.player_count,
            share_percentage = EXCLUDED.share_percentage,
            peak_time_bkk = EXCLUDED.peak_time_bkk;
        , parameters: ('2026-09-07', 440, 'Team Fortress 2', 'NORTH_AMERICA', 'อเมริกาเหนือ', 'USA', 'สหรัฐอเมริกา', 4472, 10.68, '07:00 - 11:00 น.')
[2026-09-07T06:11:04.025+0000] {sql.py:562} INFO - Rows affected: 1
[2026-09-07T06:11:04.035+0000] {sql.py:553} INFO - Running statement: 
        INSERT INTO steam_game_regions (
            snapshot_date, appid, game_name, region_code, region_name,
            country_iso3, country_name, player_count, share_percentage, peak_time_bkk, created_at
        ) VALUES (
            %s, %s, %s, %s, %s,
            %s, %s, %s, %s, %s, NOW()
        ) ON CONFLICT (snapshot_date, appid, region_code, country_iso3) DO UPDATE SET
            player_count = EXCLUDED.player_count,
            share_percentage = EXCLUDED.share_percentage,
            peak_time_bkk = EXCLUDED.peak_time_bkk;
        , parameters: ('2026-09-07', 440, 'Team Fortress 2', 'NORTH_AMERICA', 'อเมริกาเหนือ', 'CAN', 'แคนาดา', 813, 1.94, '07:00 - 11:00 น.')
[2026-09-07T06:11:04.038+0000] {sql.py:562} INFO - Rows affected: 1
[2026-09-07T06:11:04.049+0000] {sql.py:553} INFO - Running statement: 
        INSERT INTO steam_game_regions (
            snapshot_date, appid, game_name, region_code, region_name,
            country_iso3, country_name, player_count, share_percentage, peak_time_bkk, created_at
        ) VALUES (
            %s, %s, %s, %s, %s,
            %s, %s, %s, %s, %s, NOW()
        ) ON CONFLICT (snapshot_date, appid, region_code, country_iso3) DO UPDATE SET
            player_count = EXCLUDED.player_count,
            share_percentage = EXCLUDED.share_percentage,
            peak_time_bkk = EXCLUDED.peak_time_bkk;
        , parameters: ('2026-09-07', 440, 'Team Fortress 2', 'LATIN_AMERICA', 'ลาตินอเมริกา', 'BRA', 'บราซิล', 1626, 3.88, '05:00 - 09:00 น.')
[2026-09-07T06:11:04.066+0000] {sql.py:562} INFO - Rows affected: 1
[2026-09-07T06:11:04.077+0000] {sql.py:553} INFO - Running statement: 
        INSERT INTO steam_game_regions (
            snapshot_date, appid, game_name, region_code, region_name,
            country_iso3, country_name, player_count, share_percentage, peak_time_bkk, created_at
        ) VALUES (
            %s, %s, %s, %s, %s,
            %s, %s, %s, %s, %s, NOW()
        ) ON CONFLICT (snapshot_date, appid, region_code, country_iso3) DO UPDATE SET
            player_count = EXCLUDED.player_count,
            share_percentage = EXCLUDED.share_percentage,
            peak_time_bkk = EXCLUDED.peak_time_bkk;
        , parameters: ('2026-09-07', 440, 'Team Fortress 2', 'LATIN_AMERICA', 'ลาตินอเมริกา', 'ARG', 'อาร์เจนตินา', 610, 1.46, '05:00 - 09:00 น.')
[2026-09-07T06:11:04.080+0000] {sql.py:562} INFO - Rows affected: 1
[2026-09-07T06:11:04.092+0000] {sql.py:553} INFO - Running statement: 
        INSERT INTO steam_game_regions (
            snapshot_date, appid, game_name, region_code, region_name,
            country_iso3, country_name, player_count, share_percentage, peak_time_bkk, created_at
        ) VALUES (
            %s, %s, %s, %s, %s,
            %s, %s, %s, %s, %s, NOW()
        ) ON CONFLICT (snapshot_date, appid, region_code, country_iso3) DO UPDATE SET
            player_count = EXCLUDED.player_count,
            share_percentage = EXCLUDED.share_percentage,
            peak_time_bkk = EXCLUDED.peak_time_bkk;
        , parameters: ('2026-09-07', 440, 'Team Fortress 2', 'OCEANIA', 'โอเชียเนีย', 'AUS', 'ออสเตรเลีย', 610, 1.46, '16:00 - 20:00 น.')
[2026-09-07T06:11:04.095+0000] {sql.py:562} INFO - Rows affected: 1
[2026-09-07T06:11:04.121+0000] {sql.py:553} INFO - Running statement: 
        INSERT INTO steam_game_regions (
            snapshot_date, appid, game_name, region_code, region_name,
            country_iso3, country_name, player_count, share_percentage, peak_time_bkk, created_at
        ) VALUES (
            %s, %s, %s, %s, %s,
            %s, %s, %s, %s, %s, NOW()
        ) ON CONFLICT (snapshot_date, appid, region_code, country_iso3) DO UPDATE SET
            player_count = EXCLUDED.player_count,
            share_percentage = EXCLUDED.share_percentage,
            peak_time_bkk = EXCLUDED.peak_time_bkk;
        , parameters: ('2026-09-07', 271590, 'Grand Theft Auto V Legacy', 'ASIA_EAST', 'เอเชียตะวันออก', 'CHN', 'จีน', 5843, 18.03, '19:00 - 23:00 น.')
[2026-09-07T06:11:04.125+0000] {sql.py:562} INFO - Rows affected: 1
[2026-09-07T06:11:04.135+0000] {sql.py:553} INFO - Running statement: 
        INSERT INTO steam_game_regions (
            snapshot_date, appid, game_name, region_code, region_name,
            country_iso3, country_name, player_count, share_percentage, peak_time_bkk, created_at
        ) VALUES (
            %s, %s, %s, %s, %s,
            %s, %s, %s, %s, %s, NOW()
        ) ON CONFLICT (snapshot_date, appid, region_code, country_iso3) DO UPDATE SET
            player_count = EXCLUDED.player_count,
            share_percentage = EXCLUDED.share_percentage,
            peak_time_bkk = EXCLUDED.peak_time_bkk;
        , parameters: ('2026-09-07', 271590, 'Grand Theft Auto V Legacy', 'ASIA_EAST', 'เอเชียตะวันออก', 'JPN', 'ญี่ปุ่น', 1491, 4.6, '19:00 - 23:00 น.')
[2026-09-07T06:11:04.138+0000] {sql.py:562} INFO - Rows affected: 1
[2026-09-07T06:11:04.149+0000] {sql.py:553} INFO - Running statement: 
        INSERT INTO steam_game_regions (
            snapshot_date, appid, game_name, region_code, region_name,
            country_iso3, country_name, player_count, share_percentage, peak_time_bkk, created_at
        ) VALUES (
            %s, %s, %s, %s, %s,
            %s, %s, %s, %s, %s, NOW()
        ) ON CONFLICT (snapshot_date, appid, region_code, country_iso3) DO UPDATE SET
            player_count = EXCLUDED.player_count,
            share_percentage = EXCLUDED.share_percentage,
            peak_time_bkk = EXCLUDED.peak_time_bkk;
        , parameters: ('2026-09-07', 271590, 'Grand Theft Auto V Legacy', 'ASIA_EAST', 'เอเชียตะวันออก', 'KOR', 'เกาหลีใต้', 1193, 3.68, '19:00 - 23:00 น.')
[2026-09-07T06:11:04.152+0000] {sql.py:562} INFO - Rows affected: 1
[2026-09-07T06:11:04.164+0000] {sql.py:553} INFO - Running statement: 
        INSERT INTO steam_game_regions (
            snapshot_date, appid, game_name, region_code, region_name,
            country_iso3, country_name, player_count, share_percentage, peak_time_bkk, created_at
        ) VALUES (
            %s, %s, %s, %s, %s,
            %s, %s, %s, %s, %s, NOW()
        ) ON CONFLICT (snapshot_date, appid, region_code, country_iso3) DO UPDATE SET
            player_count = EXCLUDED.player_count,
            share_percentage = EXCLUDED.share_percentage,
            peak_time_bkk = EXCLUDED.peak_time_bkk;
        , parameters: ('2026-09-07', 271590, 'Grand Theft Auto V Legacy', 'ASIA_EAST', 'เอเชียตะวันออก', 'TWN', 'ไต้หวัน', 596, 1.84, '19:00 - 23:00 น.')
[2026-09-07T06:11:04.167+0000] {sql.py:562} INFO - Rows affected: 1
[2026-09-07T06:11:04.178+0000] {sql.py:553} INFO - Running statement: 
        INSERT INTO steam_game_regions (
            snapshot_date, appid, game_name, region_code, region_name,
            country_iso3, country_name, player_count, share_percentage, peak_time_bkk, created_at
        ) VALUES (
            %s, %s, %s, %s, %s,
            %s, %s, %s, %s, %s, NOW()
        ) ON CONFLICT (snapshot_date, appid, region_code, country_iso3) DO UPDATE SET
            player_count = EXCLUDED.player_count,
            share_percentage = EXCLUDED.share_percentage,
            peak_time_bkk = EXCLUDED.peak_time_bkk;
        , parameters: ('2026-09-07', 271590, 'Grand Theft Auto V Legacy', 'ASIA_SEA', 'เอเชียตะวันออกเฉียงใต้', 'THA', 'ประเทศไทย', 1610, 4.97, '20:00 - 00:00 น.')
[2026-09-07T06:11:04.181+0000] {sql.py:562} INFO - Rows affected: 1
[2026-09-07T06:11:04.190+0000] {sql.py:553} INFO - Running statement: 
        INSERT INTO steam_game_regions (
            snapshot_date, appid, game_name, region_code, region_name,
            country_iso3, country_name, player_count, share_percentage, peak_time_bkk, created_at
        ) VALUES (
            %s, %s, %s, %s, %s,
            %s, %s, %s, %s, %s, NOW()
        ) ON CONFLICT (snapshot_date, appid, region_code, country_iso3) DO UPDATE SET
            player_count = EXCLUDED.player_count,
            share_percentage = EXCLUDED.share_percentage,
            peak_time_bkk = EXCLUDED.peak_time_bkk;
        , parameters: ('2026-09-07', 271590, 'Grand Theft Auto V Legacy', 'ASIA_SEA', 'เอเชียตะวันออกเฉียงใต้', 'VNM', 'เวียดนาม', 1043, 3.22, '20:00 - 00:00 น.')
[2026-09-07T06:11:04.194+0000] {sql.py:562} INFO - Rows affected: 1
[2026-09-07T06:11:04.204+0000] {sql.py:553} INFO - Running statement: 
        INSERT INTO steam_game_regions (
            snapshot_date, appid, game_name, region_code, region_name,
            country_iso3, country_name, player_count, share_percentage, peak_time_bkk, created_at
        ) VALUES (
            %s, %s, %s, %s, %s,
            %s, %s, %s, %s, %s, NOW()
        ) ON CONFLICT (snapshot_date, appid, region_code, country_iso3) DO UPDATE SET
            player_count = EXCLUDED.player_count,
            share_percentage = EXCLUDED.share_percentage,
            peak_time_bkk = EXCLUDED.peak_time_bkk;
        , parameters: ('2026-09-07', 271590, 'Grand Theft Auto V Legacy', 'ASIA_SEA', 'เอเชียตะวันออกเฉียงใต้', 'IDN', 'อินโดนีเซีย', 894, 2.76, '20:00 - 00:00 น.')
[2026-09-07T06:11:04.207+0000] {sql.py:562} INFO - Rows affected: 1
[2026-09-07T06:11:04.219+0000] {sql.py:553} INFO - Running statement: 
        INSERT INTO steam_game_regions (
            snapshot_date, appid, game_name, region_code, region_name,
            country_iso3, country_name, player_count, share_percentage, peak_time_bkk, created_at
        ) VALUES (
            %s, %s, %s, %s, %s,
            %s, %s, %s, %s, %s, NOW()
        ) ON CONFLICT (snapshot_date, appid, region_code, country_iso3) DO UPDATE SET
            player_count = EXCLUDED.player_count,
            share_percentage = EXCLUDED.share_percentage,
            peak_time_bkk = EXCLUDED.peak_time_bkk;
        , parameters: ('2026-09-07', 271590, 'Grand Theft Auto V Legacy', 'ASIA_SEA', 'เอเชียตะวันออกเฉียงใต้', 'PHL', 'ฟิลิปปินส์', 745, 2.3, '20:00 - 00:00 น.')
[2026-09-07T06:11:04.223+0000] {sql.py:562} INFO - Rows affected: 1
[2026-09-07T06:11:04.238+0000] {sql.py:553} INFO - Running statement: 
        INSERT INTO steam_game_regions (
            snapshot_date, appid, game_name, region_code, region_name,
            country_iso3, country_name, player_count, share_percentage, peak_time_bkk, created_at
        ) VALUES (
            %s, %s, %s, %s, %s,
            %s, %s, %s, %s, %s, NOW()
        ) ON CONFLICT (snapshot_date, appid, region_code, country_iso3) DO UPDATE SET
            player_count = EXCLUDED.player_count,
            share_percentage = EXCLUDED.share_percentage,
            peak_time_bkk = EXCLUDED.peak_time_bkk;
        , parameters: ('2026-09-07', 271590, 'Grand Theft Auto V Legacy', 'ASIA_SEA', 'เอเชียตะวันออกเฉียงใต้', 'MYS', 'มาเลเซีย', 447, 1.38, '20:00 - 00:00 น.')
[2026-09-07T06:11:04.241+0000] {sql.py:562} INFO - Rows affected: 1
[2026-09-07T06:11:04.251+0000] {sql.py:553} INFO - Running statement: 
        INSERT INTO steam_game_regions (
            snapshot_date, appid, game_name, region_code, region_name,
            country_iso3, country_name, player_count, share_percentage, peak_time_bkk, created_at
        ) VALUES (
            %s, %s, %s, %s, %s,
            %s, %s, %s, %s, %s, NOW()
        ) ON CONFLICT (snapshot_date, appid, region_code, country_iso3) DO UPDATE SET
            player_count = EXCLUDED.player_count,
            share_percentage = EXCLUDED.share_percentage,
            peak_time_bkk = EXCLUDED.peak_time_bkk;
        , parameters: ('2026-09-07', 271590, 'Grand Theft Auto V Legacy', 'ASIA_SEA', 'เอเชียตะวันออกเฉียงใต้', 'SGP', 'สิงคโปร์', 298, 0.92, '20:00 - 00:00 น.')
[2026-09-07T06:11:04.254+0000] {sql.py:562} INFO - Rows affected: 1
[2026-09-07T06:11:04.263+0000] {sql.py:553} INFO - Running statement: 
        INSERT INTO steam_game_regions (
            snapshot_date, appid, game_name, region_code, region_name,
            country_iso3, country_name, player_count, share_percentage, peak_time_bkk, created_at
        ) VALUES (
            %s, %s, %s, %s, %s,
            %s, %s, %s, %s, %s, NOW()
        ) ON CONFLICT (snapshot_date, appid, region_code, country_iso3) DO UPDATE SET
            player_count = EXCLUDED.player_count,
            share_percentage = EXCLUDED.share_percentage,
            peak_time_bkk = EXCLUDED.peak_time_bkk;
        , parameters: ('2026-09-07', 271590, 'Grand Theft Auto V Legacy', 'EUROPE', 'ยุโรป', 'RUS', 'รัสเซีย', 3578, 11.04, '22:00 - 02:00 น.')
[2026-09-07T06:11:04.266+0000] {sql.py:562} INFO - Rows affected: 1
[2026-09-07T06:11:04.276+0000] {sql.py:553} INFO - Running statement: 
        INSERT INTO steam_game_regions (
            snapshot_date, appid, game_name, region_code, region_name,
            country_iso3, country_name, player_count, share_percentage, peak_time_bkk, created_at
        ) VALUES (
            %s, %s, %s, %s, %s,
            %s, %s, %s, %s, %s, NOW()
        ) ON CONFLICT (snapshot_date, appid, region_code, country_iso3) DO UPDATE SET
            player_count = EXCLUDED.player_count,
            share_percentage = EXCLUDED.share_percentage,
            peak_time_bkk = EXCLUDED.peak_time_bkk;
        , parameters: ('2026-09-07', 271590, 'Grand Theft Auto V Legacy', 'EUROPE', 'ยุโรป', 'DEU', 'เยอรมนี', 2325, 7.18, '00:00 - 04:00 น.')
[2026-09-07T06:11:04.278+0000] {sql.py:562} INFO - Rows affected: 1
[2026-09-07T06:11:04.288+0000] {sql.py:553} INFO - Running statement: 
        INSERT INTO steam_game_regions (
            snapshot_date, appid, game_name, region_code, region_name,
            country_iso3, country_name, player_count, share_percentage, peak_time_bkk, created_at
        ) VALUES (
            %s, %s, %s, %s, %s,
            %s, %s, %s, %s, %s, NOW()
        ) ON CONFLICT (snapshot_date, appid, region_code, country_iso3) DO UPDATE SET
            player_count = EXCLUDED.player_count,
            share_percentage = EXCLUDED.share_percentage,
            peak_time_bkk = EXCLUDED.peak_time_bkk;
        , parameters: ('2026-09-07', 271590, 'Grand Theft Auto V Legacy', 'EUROPE', 'ยุโรป', 'GBR', 'สหราชอาณาจักร', 1670, 5.15, '01:00 - 05:00 น.')
[2026-09-07T06:11:04.292+0000] {sql.py:562} INFO - Rows affected: 1
[2026-09-07T06:11:04.301+0000] {sql.py:553} INFO - Running statement: 
        INSERT INTO steam_game_regions (
            snapshot_date, appid, game_name, region_code, region_name,
            country_iso3, country_name, player_count, share_percentage, peak_time_bkk, created_at
        ) VALUES (
            %s, %s, %s, %s, %s,
            %s, %s, %s, %s, %s, NOW()
        ) ON CONFLICT (snapshot_date, appid, region_code, country_iso3) DO UPDATE SET
            player_count = EXCLUDED.player_count,
            share_percentage = EXCLUDED.share_percentage,
            peak_time_bkk = EXCLUDED.peak_time_bkk;
        , parameters: ('2026-09-07', 271590, 'Grand Theft Auto V Legacy', 'EUROPE', 'ยุโรป', 'FRA', 'ฝรั่งเศส', 894, 2.76, '00:00 - 04:00 น.')
[2026-09-07T06:11:04.304+0000] {sql.py:562} INFO - Rows affected: 1
[2026-09-07T06:11:04.314+0000] {sql.py:553} INFO - Running statement: 
        INSERT INTO steam_game_regions (
            snapshot_date, appid, game_name, region_code, region_name,
            country_iso3, country_name, player_count, share_percentage, peak_time_bkk, created_at
        ) VALUES (
            %s, %s, %s, %s, %s,
            %s, %s, %s, %s, %s, NOW()
        ) ON CONFLICT (snapshot_date, appid, region_code, country_iso3) DO UPDATE SET
            player_count = EXCLUDED.player_count,
            share_percentage = EXCLUDED.share_percentage,
            peak_time_bkk = EXCLUDED.peak_time_bkk;
        , parameters: ('2026-09-07', 271590, 'Grand Theft Auto V Legacy', 'EUROPE', 'ยุโรป', 'POL', 'โปแลนด์', 894, 2.76, '00:00 - 04:00 น.')
[2026-09-07T06:11:04.319+0000] {sql.py:562} INFO - Rows affected: 1
[2026-09-07T06:11:04.330+0000] {sql.py:553} INFO - Running statement: 
        INSERT INTO steam_game_regions (
            snapshot_date, appid, game_name, region_code, region_name,
            country_iso3, country_name, player_count, share_percentage, peak_time_bkk, created_at
        ) VALUES (
            %s, %s, %s, %s, %s,
            %s, %s, %s, %s, %s, NOW()
        ) ON CONFLICT (snapshot_date, appid, region_code, country_iso3) DO UPDATE SET
            player_count = EXCLUDED.player_count,
            share_percentage = EXCLUDED.share_percentage,
            peak_time_bkk = EXCLUDED.peak_time_bkk;
        , parameters: ('2026-09-07', 271590, 'Grand Theft Auto V Legacy', 'NORTH_AMERICA', 'อเมริกาเหนือ', 'USA', 'สหรัฐอเมริกา', 5247, 16.19, '07:00 - 11:00 น.')
[2026-09-07T06:11:04.334+0000] {sql.py:562} INFO - Rows affected: 1
[2026-09-07T06:11:04.342+0000] {sql.py:553} INFO - Running statement: 
        INSERT INTO steam_game_regions (
            snapshot_date, appid, game_name, region_code, region_name,
            country_iso3, country_name, player_count, share_percentage, peak_time_bkk, created_at
        ) VALUES (
            %s, %s, %s, %s, %s,
            %s, %s, %s, %s, %s, NOW()
        ) ON CONFLICT (snapshot_date, appid, region_code, country_iso3) DO UPDATE SET
            player_count = EXCLUDED.player_count,
            share_percentage = EXCLUDED.share_percentage,
            peak_time_bkk = EXCLUDED.peak_time_bkk;
        , parameters: ('2026-09-07', 271590, 'Grand Theft Auto V Legacy', 'NORTH_AMERICA', 'อเมริกาเหนือ', 'CAN', 'แคนาดา', 596, 1.84, '07:00 - 11:00 น.')
[2026-09-07T06:11:04.344+0000] {sql.py:562} INFO - Rows affected: 1
[2026-09-07T06:11:04.355+0000] {sql.py:553} INFO - Running statement: 
        INSERT INTO steam_game_regions (
            snapshot_date, appid, game_name, region_code, region_name,
            country_iso3, country_name, player_count, share_percentage, peak_time_bkk, created_at
        ) VALUES (
            %s, %s, %s, %s, %s,
            %s, %s, %s, %s, %s, NOW()
        ) ON CONFLICT (snapshot_date, appid, region_code, country_iso3) DO UPDATE SET
            player_count = EXCLUDED.player_count,
            share_percentage = EXCLUDED.share_percentage,
            peak_time_bkk = EXCLUDED.peak_time_bkk;
        , parameters: ('2026-09-07', 271590, 'Grand Theft Auto V Legacy', 'LATIN_AMERICA', 'ลาตินอเมริกา', 'BRA', 'บราซิล', 2147, 6.62, '05:00 - 09:00 น.')
[2026-09-07T06:11:04.357+0000] {sql.py:562} INFO - Rows affected: 1
[2026-09-07T06:11:04.365+0000] {sql.py:553} INFO - Running statement: 
        INSERT INTO steam_game_regions (
            snapshot_date, appid, game_name, region_code, region_name,
            country_iso3, country_name, player_count, share_percentage, peak_time_bkk, created_at
        ) VALUES (
            %s, %s, %s, %s, %s,
            %s, %s, %s, %s, %s, NOW()
        ) ON CONFLICT (snapshot_date, appid, region_code, country_iso3) DO UPDATE SET
            player_count = EXCLUDED.player_count,
            share_percentage = EXCLUDED.share_percentage,
            peak_time_bkk = EXCLUDED.peak_time_bkk;
        , parameters: ('2026-09-07', 271590, 'Grand Theft Auto V Legacy', 'LATIN_AMERICA', 'ลาตินอเมริกา', 'ARG', 'อาร์เจนตินา', 447, 1.38, '05:00 - 09:00 น.')
[2026-09-07T06:11:04.367+0000] {sql.py:562} INFO - Rows affected: 1
[2026-09-07T06:11:04.377+0000] {sql.py:553} INFO - Running statement: 
        INSERT INTO steam_game_regions (
            snapshot_date, appid, game_name, region_code, region_name,
            country_iso3, country_name, player_count, share_percentage, peak_time_bkk, created_at
        ) VALUES (
            %s, %s, %s, %s, %s,
            %s, %s, %s, %s, %s, NOW()
        ) ON CONFLICT (snapshot_date, appid, region_code, country_iso3) DO UPDATE SET
            player_count = EXCLUDED.player_count,
            share_percentage = EXCLUDED.share_percentage,
            peak_time_bkk = EXCLUDED.peak_time_bkk;
        , parameters: ('2026-09-07', 271590, 'Grand Theft Auto V Legacy', 'OCEANIA', 'โอเชียเนีย', 'AUS', 'ออสเตรเลีย', 447, 1.38, '16:00 - 20:00 น.')
[2026-09-07T06:11:04.380+0000] {sql.py:562} INFO - Rows affected: 1
[2026-09-07T06:11:04.387+0000] {sql.py:553} INFO - Running statement: 
        INSERT INTO steam_game_regions (
            snapshot_date, appid, game_name, region_code, region_name,
            country_iso3, country_name, player_count, share_percentage, peak_time_bkk, created_at
        ) VALUES (
            %s, %s, %s, %s, %s,
            %s, %s, %s, %s, %s, NOW()
        ) ON CONFLICT (snapshot_date, appid, region_code, country_iso3) DO UPDATE SET
            player_count = EXCLUDED.player_count,
            share_percentage = EXCLUDED.share_percentage,
            peak_time_bkk = EXCLUDED.peak_time_bkk;
        , parameters: ('2026-09-07', 550, 'Left 4 Dead 2', 'ASIA_EAST', 'เอเชียตะวันออก', 'CHN', 'จีน', 4921, 27.18, '19:00 - 23:00 น.')
[2026-09-07T06:11:04.389+0000] {sql.py:562} INFO - Rows affected: 1
[2026-09-07T06:11:04.397+0000] {sql.py:553} INFO - Running statement: 
        INSERT INTO steam_game_regions (
            snapshot_date, appid, game_name, region_code, region_name,
            country_iso3, country_name, player_count, share_percentage, peak_time_bkk, created_at
        ) VALUES (
            %s, %s, %s, %s, %s,
            %s, %s, %s, %s, %s, NOW()
        ) ON CONFLICT (snapshot_date, appid, region_code, country_iso3) DO UPDATE SET
            player_count = EXCLUDED.player_count,
            share_percentage = EXCLUDED.share_percentage,
            peak_time_bkk = EXCLUDED.peak_time_bkk;
        , parameters: ('2026-09-07', 550, 'Left 4 Dead 2', 'ASIA_EAST', 'เอเชียตะวันออก', 'JPN', 'ญี่ปุ่น', 879, 4.85, '19:00 - 23:00 น.')
[2026-09-07T06:11:04.399+0000] {sql.py:562} INFO - Rows affected: 1
[2026-09-07T06:11:04.408+0000] {sql.py:553} INFO - Running statement: 
        INSERT INTO steam_game_regions (
            snapshot_date, appid, game_name, region_code, region_name,
            country_iso3, country_name, player_count, share_percentage, peak_time_bkk, created_at
        ) VALUES (
            %s, %s, %s, %s, %s,
            %s, %s, %s, %s, %s, NOW()
        ) ON CONFLICT (snapshot_date, appid, region_code, country_iso3) DO UPDATE SET
            player_count = EXCLUDED.player_count,
            share_percentage = EXCLUDED.share_percentage,
            peak_time_bkk = EXCLUDED.peak_time_bkk;
        , parameters: ('2026-09-07', 550, 'Left 4 Dead 2', 'ASIA_EAST', 'เอเชียตะวันออก', 'KOR', 'เกาหลีใต้', 703, 3.88, '19:00 - 23:00 น.')
[2026-09-07T06:11:04.410+0000] {sql.py:562} INFO - Rows affected: 1
[2026-09-07T06:11:04.418+0000] {sql.py:553} INFO - Running statement: 
        INSERT INTO steam_game_regions (
            snapshot_date, appid, game_name, region_code, region_name,
            country_iso3, country_name, player_count, share_percentage, peak_time_bkk, created_at
        ) VALUES (
            %s, %s, %s, %s, %s,
            %s, %s, %s, %s, %s, NOW()
        ) ON CONFLICT (snapshot_date, appid, region_code, country_iso3) DO UPDATE SET
            player_count = EXCLUDED.player_count,
            share_percentage = EXCLUDED.share_percentage,
            peak_time_bkk = EXCLUDED.peak_time_bkk;
        , parameters: ('2026-09-07', 550, 'Left 4 Dead 2', 'ASIA_EAST', 'เอเชียตะวันออก', 'TWN', 'ไต้หวัน', 351, 1.94, '19:00 - 23:00 น.')
[2026-09-07T06:11:04.420+0000] {sql.py:562} INFO - Rows affected: 1
[2026-09-07T06:11:04.428+0000] {sql.py:553} INFO - Running statement: 
        INSERT INTO steam_game_regions (
            snapshot_date, appid, game_name, region_code, region_name,
            country_iso3, country_name, player_count, share_percentage, peak_time_bkk, created_at
        ) VALUES (
            %s, %s, %s, %s, %s,
            %s, %s, %s, %s, %s, NOW()
        ) ON CONFLICT (snapshot_date, appid, region_code, country_iso3) DO UPDATE SET
            player_count = EXCLUDED.player_count,
            share_percentage = EXCLUDED.share_percentage,
            peak_time_bkk = EXCLUDED.peak_time_bkk;
        , parameters: ('2026-09-07', 550, 'Left 4 Dead 2', 'ASIA_SEA', 'เอเชียตะวันออกเฉียงใต้', 'THA', 'ประเทศไทย', 791, 4.37, '20:00 - 00:00 น.')
[2026-09-07T06:11:04.430+0000] {sql.py:562} INFO - Rows affected: 1
[2026-09-07T06:11:04.437+0000] {sql.py:553} INFO - Running statement: 
        INSERT INTO steam_game_regions (
            snapshot_date, appid, game_name, region_code, region_name,
            country_iso3, country_name, player_count, share_percentage, peak_time_bkk, created_at
        ) VALUES (
            %s, %s, %s, %s, %s,
            %s, %s, %s, %s, %s, NOW()
        ) ON CONFLICT (snapshot_date, appid, region_code, country_iso3) DO UPDATE SET
            player_count = EXCLUDED.player_count,
            share_percentage = EXCLUDED.share_percentage,
            peak_time_bkk = EXCLUDED.peak_time_bkk;
        , parameters: ('2026-09-07', 550, 'Left 4 Dead 2', 'ASIA_SEA', 'เอเชียตะวันออกเฉียงใต้', 'VNM', 'เวียดนาม', 615, 3.4, '20:00 - 00:00 น.')
[2026-09-07T06:11:04.439+0000] {sql.py:562} INFO - Rows affected: 1
[2026-09-07T06:11:04.448+0000] {sql.py:553} INFO - Running statement: 
        INSERT INTO steam_game_regions (
            snapshot_date, appid, game_name, region_code, region_name,
            country_iso3, country_name, player_count, share_percentage, peak_time_bkk, created_at
        ) VALUES (
            %s, %s, %s, %s, %s,
            %s, %s, %s, %s, %s, NOW()
        ) ON CONFLICT (snapshot_date, appid, region_code, country_iso3) DO UPDATE SET
            player_count = EXCLUDED.player_count,
            share_percentage = EXCLUDED.share_percentage,
            peak_time_bkk = EXCLUDED.peak_time_bkk;
        , parameters: ('2026-09-07', 550, 'Left 4 Dead 2', 'ASIA_SEA', 'เอเชียตะวันออกเฉียงใต้', 'IDN', 'อินโดนีเซีย', 527, 2.91, '20:00 - 00:00 น.')
[2026-09-07T06:11:04.450+0000] {sql.py:562} INFO - Rows affected: 1
[2026-09-07T06:11:04.458+0000] {sql.py:553} INFO - Running statement: 
        INSERT INTO steam_game_regions (
            snapshot_date, appid, game_name, region_code, region_name,
            country_iso3, country_name, player_count, share_percentage, peak_time_bkk, created_at
        ) VALUES (
            %s, %s, %s, %s, %s,
            %s, %s, %s, %s, %s, NOW()
        ) ON CONFLICT (snapshot_date, appid, region_code, country_iso3) DO UPDATE SET
            player_count = EXCLUDED.player_count,
            share_percentage = EXCLUDED.share_percentage,
            peak_time_bkk = EXCLUDED.peak_time_bkk;
        , parameters: ('2026-09-07', 550, 'Left 4 Dead 2', 'ASIA_SEA', 'เอเชียตะวันออกเฉียงใต้', 'PHL', 'ฟิลิปปินส์', 439, 2.43, '20:00 - 00:00 น.')
[2026-09-07T06:11:04.460+0000] {sql.py:562} INFO - Rows affected: 1
[2026-09-07T06:11:04.467+0000] {sql.py:553} INFO - Running statement: 
        INSERT INTO steam_game_regions (
            snapshot_date, appid, game_name, region_code, region_name,
            country_iso3, country_name, player_count, share_percentage, peak_time_bkk, created_at
        ) VALUES (
            %s, %s, %s, %s, %s,
            %s, %s, %s, %s, %s, NOW()
        ) ON CONFLICT (snapshot_date, appid, region_code, country_iso3) DO UPDATE SET
            player_count = EXCLUDED.player_count,
            share_percentage = EXCLUDED.share_percentage,
            peak_time_bkk = EXCLUDED.peak_time_bkk;
        , parameters: ('2026-09-07', 550, 'Left 4 Dead 2', 'ASIA_SEA', 'เอเชียตะวันออกเฉียงใต้', 'MYS', 'มาเลเซีย', 264, 1.46, '20:00 - 00:00 น.')
[2026-09-07T06:11:04.470+0000] {sql.py:562} INFO - Rows affected: 1
[2026-09-07T06:11:04.478+0000] {sql.py:553} INFO - Running statement: 
        INSERT INTO steam_game_regions (
            snapshot_date, appid, game_name, region_code, region_name,
            country_iso3, country_name, player_count, share_percentage, peak_time_bkk, created_at
        ) VALUES (
            %s, %s, %s, %s, %s,
            %s, %s, %s, %s, %s, NOW()
        ) ON CONFLICT (snapshot_date, appid, region_code, country_iso3) DO UPDATE SET
            player_count = EXCLUDED.player_count,
            share_percentage = EXCLUDED.share_percentage,
            peak_time_bkk = EXCLUDED.peak_time_bkk;
        , parameters: ('2026-09-07', 550, 'Left 4 Dead 2', 'ASIA_SEA', 'เอเชียตะวันออกเฉียงใต้', 'SGP', 'สิงคโปร์', 176, 0.97, '20:00 - 00:00 น.')
[2026-09-07T06:11:04.480+0000] {sql.py:562} INFO - Rows affected: 1
[2026-09-07T06:11:04.487+0000] {sql.py:553} INFO - Running statement: 
        INSERT INTO steam_game_regions (
            snapshot_date, appid, game_name, region_code, region_name,
            country_iso3, country_name, player_count, share_percentage, peak_time_bkk, created_at
        ) VALUES (
            %s, %s, %s, %s, %s,
            %s, %s, %s, %s, %s, NOW()
        ) ON CONFLICT (snapshot_date, appid, region_code, country_iso3) DO UPDATE SET
            player_count = EXCLUDED.player_count,
            share_percentage = EXCLUDED.share_percentage,
            peak_time_bkk = EXCLUDED.peak_time_bkk;
        , parameters: ('2026-09-07', 550, 'Left 4 Dead 2', 'EUROPE', 'ยุโรป', 'RUS', 'รัสเซีย', 2109, 11.65, '22:00 - 02:00 น.')
[2026-09-07T06:11:04.489+0000] {sql.py:562} INFO - Rows affected: 1
[2026-09-07T06:11:04.497+0000] {sql.py:553} INFO - Running statement: 
        INSERT INTO steam_game_regions (
            snapshot_date, appid, game_name, region_code, region_name,
            country_iso3, country_name, player_count, share_percentage, peak_time_bkk, created_at
        ) VALUES (
            %s, %s, %s, %s, %s,
            %s, %s, %s, %s, %s, NOW()
        ) ON CONFLICT (snapshot_date, appid, region_code, country_iso3) DO UPDATE SET
            player_count = EXCLUDED.player_count,
            share_percentage = EXCLUDED.share_percentage,
            peak_time_bkk = EXCLUDED.peak_time_bkk;
        , parameters: ('2026-09-07', 550, 'Left 4 Dead 2', 'EUROPE', 'ยุโรป', 'DEU', 'เยอรมนี', 1054, 5.83, '00:00 - 04:00 น.')
[2026-09-07T06:11:04.499+0000] {sql.py:562} INFO - Rows affected: 1
[2026-09-07T06:11:04.507+0000] {sql.py:553} INFO - Running statement: 
        INSERT INTO steam_game_regions (
            snapshot_date, appid, game_name, region_code, region_name,
            country_iso3, country_name, player_count, share_percentage, peak_time_bkk, created_at
        ) VALUES (
            %s, %s, %s, %s, %s,
            %s, %s, %s, %s, %s, NOW()
        ) ON CONFLICT (snapshot_date, appid, region_code, country_iso3) DO UPDATE SET
            player_count = EXCLUDED.player_count,
            share_percentage = EXCLUDED.share_percentage,
            peak_time_bkk = EXCLUDED.peak_time_bkk;
        , parameters: ('2026-09-07', 550, 'Left 4 Dead 2', 'EUROPE', 'ยุโรป', 'GBR', 'สหราชอาณาจักร', 703, 3.88, '01:00 - 05:00 น.')
[2026-09-07T06:11:04.509+0000] {sql.py:562} INFO - Rows affected: 1
[2026-09-07T06:11:04.517+0000] {sql.py:553} INFO - Running statement: 
        INSERT INTO steam_game_regions (
            snapshot_date, appid, game_name, region_code, region_name,
            country_iso3, country_name, player_count, share_percentage, peak_time_bkk, created_at
        ) VALUES (
            %s, %s, %s, %s, %s,
            %s, %s, %s, %s, %s, NOW()
        ) ON CONFLICT (snapshot_date, appid, region_code, country_iso3) DO UPDATE SET
            player_count = EXCLUDED.player_count,
            share_percentage = EXCLUDED.share_percentage,
            peak_time_bkk = EXCLUDED.peak_time_bkk;
        , parameters: ('2026-09-07', 550, 'Left 4 Dead 2', 'EUROPE', 'ยุโรป', 'FRA', 'ฝรั่งเศส', 527, 2.91, '00:00 - 04:00 น.')
[2026-09-07T06:11:04.519+0000] {sql.py:562} INFO - Rows affected: 1
[2026-09-07T06:11:04.527+0000] {sql.py:553} INFO - Running statement: 
        INSERT INTO steam_game_regions (
            snapshot_date, appid, game_name, region_code, region_name,
            country_iso3, country_name, player_count, share_percentage, peak_time_bkk, created_at
        ) VALUES (
            %s, %s, %s, %s, %s,
            %s, %s, %s, %s, %s, NOW()
        ) ON CONFLICT (snapshot_date, appid, region_code, country_iso3) DO UPDATE SET
            player_count = EXCLUDED.player_count,
            share_percentage = EXCLUDED.share_percentage,
            peak_time_bkk = EXCLUDED.peak_time_bkk;
        , parameters: ('2026-09-07', 550, 'Left 4 Dead 2', 'EUROPE', 'ยุโรป', 'POL', 'โปแลนด์', 527, 2.91, '00:00 - 04:00 น.')
[2026-09-07T06:11:04.529+0000] {sql.py:562} INFO - Rows affected: 1
[2026-09-07T06:11:04.537+0000] {sql.py:553} INFO - Running statement: 
        INSERT INTO steam_game_regions (
            snapshot_date, appid, game_name, region_code, region_name,
            country_iso3, country_name, player_count, share_percentage, peak_time_bkk, created_at
        ) VALUES (
            %s, %s, %s, %s, %s,
            %s, %s, %s, %s, %s, NOW()
        ) ON CONFLICT (snapshot_date, appid, region_code, country_iso3) DO UPDATE SET
            player_count = EXCLUDED.player_count,
            share_percentage = EXCLUDED.share_percentage,
            peak_time_bkk = EXCLUDED.peak_time_bkk;
        , parameters: ('2026-09-07', 550, 'Left 4 Dead 2', 'NORTH_AMERICA', 'อเมริกาเหนือ', 'USA', 'สหรัฐอเมริกา', 1933, 10.68, '07:00 - 11:00 น.')
[2026-09-07T06:11:04.539+0000] {sql.py:562} INFO - Rows affected: 1
[2026-09-07T06:11:04.548+0000] {sql.py:553} INFO - Running statement: 
        INSERT INTO steam_game_regions (
            snapshot_date, appid, game_name, region_code, region_name,
            country_iso3, country_name, player_count, share_percentage, peak_time_bkk, created_at
        ) VALUES (
            %s, %s, %s, %s, %s,
            %s, %s, %s, %s, %s, NOW()
        ) ON CONFLICT (snapshot_date, appid, region_code, country_iso3) DO UPDATE SET
            player_count = EXCLUDED.player_count,
            share_percentage = EXCLUDED.share_percentage,
            peak_time_bkk = EXCLUDED.peak_time_bkk;
        , parameters: ('2026-09-07', 550, 'Left 4 Dead 2', 'NORTH_AMERICA', 'อเมริกาเหนือ', 'CAN', 'แคนาดา', 351, 1.94, '07:00 - 11:00 น.')
[2026-09-07T06:11:04.551+0000] {sql.py:562} INFO - Rows affected: 1
[2026-09-07T06:11:04.560+0000] {sql.py:553} INFO - Running statement: 
        INSERT INTO steam_game_regions (
            snapshot_date, appid, game_name, region_code, region_name,
            country_iso3, country_name, player_count, share_percentage, peak_time_bkk, created_at
        ) VALUES (
            %s, %s, %s, %s, %s,
            %s, %s, %s, %s, %s, NOW()
        ) ON CONFLICT (snapshot_date, appid, region_code, country_iso3) DO UPDATE SET
            player_count = EXCLUDED.player_count,
            share_percentage = EXCLUDED.share_percentage,
            peak_time_bkk = EXCLUDED.peak_time_bkk;
        , parameters: ('2026-09-07', 550, 'Left 4 Dead 2', 'LATIN_AMERICA', 'ลาตินอเมริกา', 'BRA', 'บราซิล', 703, 3.88, '05:00 - 09:00 น.')
[2026-09-07T06:11:04.563+0000] {sql.py:562} INFO - Rows affected: 1
[2026-09-07T06:11:04.573+0000] {sql.py:553} INFO - Running statement: 
        INSERT INTO steam_game_regions (
            snapshot_date, appid, game_name, region_code, region_name,
            country_iso3, country_name, player_count, share_percentage, peak_time_bkk, created_at
        ) VALUES (
            %s, %s, %s, %s, %s,
            %s, %s, %s, %s, %s, NOW()
        ) ON CONFLICT (snapshot_date, appid, region_code, country_iso3) DO UPDATE SET
            player_count = EXCLUDED.player_count,
            share_percentage = EXCLUDED.share_percentage,
            peak_time_bkk = EXCLUDED.peak_time_bkk;
        , parameters: ('2026-09-07', 550, 'Left 4 Dead 2', 'LATIN_AMERICA', 'ลาตินอเมริกา', 'ARG', 'อาร์เจนตินา', 264, 1.46, '05:00 - 09:00 น.')
[2026-09-07T06:11:04.576+0000] {sql.py:562} INFO - Rows affected: 1
[2026-09-07T06:11:04.584+0000] {sql.py:553} INFO - Running statement: 
        INSERT INTO steam_game_regions (
            snapshot_date, appid, game_name, region_code, region_name,
            country_iso3, country_name, player_count, share_percentage, peak_time_bkk, created_at
        ) VALUES (
            %s, %s, %s, %s, %s,
            %s, %s, %s, %s, %s, NOW()
        ) ON CONFLICT (snapshot_date, appid, region_code, country_iso3) DO UPDATE SET
            player_count = EXCLUDED.player_count,
            share_percentage = EXCLUDED.share_percentage,
            peak_time_bkk = EXCLUDED.peak_time_bkk;
        , parameters: ('2026-09-07', 550, 'Left 4 Dead 2', 'OCEANIA', 'โอเชียเนีย', 'AUS', 'ออสเตรเลีย', 264, 1.46, '16:00 - 20:00 น.')
[2026-09-07T06:11:04.586+0000] {sql.py:562} INFO - Rows affected: 1
[2026-09-07T06:11:04.596+0000] {sql.py:553} INFO - Running statement: 
        INSERT INTO steam_game_regions (
            snapshot_date, appid, game_name, region_code, region_name,
            country_iso3, country_name, player_count, share_percentage, peak_time_bkk, created_at
        ) VALUES (
            %s, %s, %s, %s, %s,
            %s, %s, %s, %s, %s, NOW()
        ) ON CONFLICT (snapshot_date, appid, region_code, country_iso3) DO UPDATE SET
            player_count = EXCLUDED.player_count,
            share_percentage = EXCLUDED.share_percentage,
            peak_time_bkk = EXCLUDED.peak_time_bkk;
        , parameters: ('2026-09-07', 230410, 'Warframe', 'ASIA_EAST', 'เอเชียตะวันออก', 'CHN', 'จีน', 12465, 27.18, '19:00 - 23:00 น.')
[2026-09-07T06:11:04.598+0000] {sql.py:562} INFO - Rows affected: 1
[2026-09-07T06:11:04.607+0000] {sql.py:553} INFO - Running statement: 
        INSERT INTO steam_game_regions (
            snapshot_date, appid, game_name, region_code, region_name,
            country_iso3, country_name, player_count, share_percentage, peak_time_bkk, created_at
        ) VALUES (
            %s, %s, %s, %s, %s,
            %s, %s, %s, %s, %s, NOW()
        ) ON CONFLICT (snapshot_date, appid, region_code, country_iso3) DO UPDATE SET
            player_count = EXCLUDED.player_count,
            share_percentage = EXCLUDED.share_percentage,
            peak_time_bkk = EXCLUDED.peak_time_bkk;
        , parameters: ('2026-09-07', 230410, 'Warframe', 'ASIA_EAST', 'เอเชียตะวันออก', 'JPN', 'ญี่ปุ่น', 2226, 4.85, '19:00 - 23:00 น.')
[2026-09-07T06:11:04.609+0000] {sql.py:562} INFO - Rows affected: 1
[2026-09-07T06:11:04.617+0000] {sql.py:553} INFO - Running statement: 
        INSERT INTO steam_game_regions (
            snapshot_date, appid, game_name, region_code, region_name,
            country_iso3, country_name, player_count, share_percentage, peak_time_bkk, created_at
        ) VALUES (
            %s, %s, %s, %s, %s,
            %s, %s, %s, %s, %s, NOW()
        ) ON CONFLICT (snapshot_date, appid, region_code, country_iso3) DO UPDATE SET
            player_count = EXCLUDED.player_count,
            share_percentage = EXCLUDED.share_percentage,
            peak_time_bkk = EXCLUDED.peak_time_bkk;
        , parameters: ('2026-09-07', 230410, 'Warframe', 'ASIA_EAST', 'เอเชียตะวันออก', 'KOR', 'เกาหลีใต้', 1781, 3.88, '19:00 - 23:00 น.')
[2026-09-07T06:11:04.620+0000] {sql.py:562} INFO - Rows affected: 1
[2026-09-07T06:11:04.629+0000] {sql.py:553} INFO - Running statement: 
        INSERT INTO steam_game_regions (
            snapshot_date, appid, game_name, region_code, region_name,
            country_iso3, country_name, player_count, share_percentage, peak_time_bkk, created_at
        ) VALUES (
            %s, %s, %s, %s, %s,
            %s, %s, %s, %s, %s, NOW()
        ) ON CONFLICT (snapshot_date, appid, region_code, country_iso3) DO UPDATE SET
            player_count = EXCLUDED.player_count,
            share_percentage = EXCLUDED.share_percentage,
            peak_time_bkk = EXCLUDED.peak_time_bkk;
        , parameters: ('2026-09-07', 230410, 'Warframe', 'ASIA_EAST', 'เอเชียตะวันออก', 'TWN', 'ไต้หวัน', 890, 1.94, '19:00 - 23:00 น.')
[2026-09-07T06:11:04.631+0000] {sql.py:562} INFO - Rows affected: 1
[2026-09-07T06:11:04.639+0000] {sql.py:553} INFO - Running statement: 
        INSERT INTO steam_game_regions (
            snapshot_date, appid, game_name, region_code, region_name,
            country_iso3, country_name, player_count, share_percentage, peak_time_bkk, created_at
        ) VALUES (
            %s, %s, %s, %s, %s,
            %s, %s, %s, %s, %s, NOW()
        ) ON CONFLICT (snapshot_date, appid, region_code, country_iso3) DO UPDATE SET
            player_count = EXCLUDED.player_count,
            share_percentage = EXCLUDED.share_percentage,
            peak_time_bkk = EXCLUDED.peak_time_bkk;
        , parameters: ('2026-09-07', 230410, 'Warframe', 'ASIA_SEA', 'เอเชียตะวันออกเฉียงใต้', 'THA', 'ประเทศไทย', 2003, 4.37, '20:00 - 00:00 น.')
[2026-09-07T06:11:04.642+0000] {sql.py:562} INFO - Rows affected: 1
[2026-09-07T06:11:04.650+0000] {sql.py:553} INFO - Running statement: 
        INSERT INTO steam_game_regions (
            snapshot_date, appid, game_name, region_code, region_name,
            country_iso3, country_name, player_count, share_percentage, peak_time_bkk, created_at
        ) VALUES (
            %s, %s, %s, %s, %s,
            %s, %s, %s, %s, %s, NOW()
        ) ON CONFLICT (snapshot_date, appid, region_code, country_iso3) DO UPDATE SET
            player_count = EXCLUDED.player_count,
            share_percentage = EXCLUDED.share_percentage,
            peak_time_bkk = EXCLUDED.peak_time_bkk;
        , parameters: ('2026-09-07', 230410, 'Warframe', 'ASIA_SEA', 'เอเชียตะวันออกเฉียงใต้', 'VNM', 'เวียดนาม', 1558, 3.4, '20:00 - 00:00 น.')
[2026-09-07T06:11:04.652+0000] {sql.py:562} INFO - Rows affected: 1
[2026-09-07T06:11:04.659+0000] {sql.py:553} INFO - Running statement: 
        INSERT INTO steam_game_regions (
            snapshot_date, appid, game_name, region_code, region_name,
            country_iso3, country_name, player_count, share_percentage, peak_time_bkk, created_at
        ) VALUES (
            %s, %s, %s, %s, %s,
            %s, %s, %s, %s, %s, NOW()
        ) ON CONFLICT (snapshot_date, appid, region_code, country_iso3) DO UPDATE SET
            player_count = EXCLUDED.player_count,
            share_percentage = EXCLUDED.share_percentage,
            peak_time_bkk = EXCLUDED.peak_time_bkk;
        , parameters: ('2026-09-07', 230410, 'Warframe', 'ASIA_SEA', 'เอเชียตะวันออกเฉียงใต้', 'IDN', 'อินโดนีเซีย', 1335, 2.91, '20:00 - 00:00 น.')
[2026-09-07T06:11:04.661+0000] {sql.py:562} INFO - Rows affected: 1
[2026-09-07T06:11:04.668+0000] {sql.py:553} INFO - Running statement: 
        INSERT INTO steam_game_regions (
            snapshot_date, appid, game_name, region_code, region_name,
            country_iso3, country_name, player_count, share_percentage, peak_time_bkk, created_at
        ) VALUES (
            %s, %s, %s, %s, %s,
            %s, %s, %s, %s, %s, NOW()
        ) ON CONFLICT (snapshot_date, appid, region_code, country_iso3) DO UPDATE SET
            player_count = EXCLUDED.player_count,
            share_percentage = EXCLUDED.share_percentage,
            peak_time_bkk = EXCLUDED.peak_time_bkk;
        , parameters: ('2026-09-07', 230410, 'Warframe', 'ASIA_SEA', 'เอเชียตะวันออกเฉียงใต้', 'PHL', 'ฟิลิปปินส์', 1113, 2.43, '20:00 - 00:00 น.')
[2026-09-07T06:11:04.670+0000] {sql.py:562} INFO - Rows affected: 1
[2026-09-07T06:11:04.678+0000] {sql.py:553} INFO - Running statement: 
        INSERT INTO steam_game_regions (
            snapshot_date, appid, game_name, region_code, region_name,
            country_iso3, country_name, player_count, share_percentage, peak_time_bkk, created_at
        ) VALUES (
            %s, %s, %s, %s, %s,
            %s, %s, %s, %s, %s, NOW()
        ) ON CONFLICT (snapshot_date, appid, region_code, country_iso3) DO UPDATE SET
            player_count = EXCLUDED.player_count,
            share_percentage = EXCLUDED.share_percentage,
            peak_time_bkk = EXCLUDED.peak_time_bkk;
        , parameters: ('2026-09-07', 230410, 'Warframe', 'ASIA_SEA', 'เอเชียตะวันออกเฉียงใต้', 'MYS', 'มาเลเซีย', 668, 1.46, '20:00 - 00:00 น.')
[2026-09-07T06:11:04.680+0000] {sql.py:562} INFO - Rows affected: 1
[2026-09-07T06:11:04.688+0000] {sql.py:553} INFO - Running statement: 
        INSERT INTO steam_game_regions (
            snapshot_date, appid, game_name, region_code, region_name,
            country_iso3, country_name, player_count, share_percentage, peak_time_bkk, created_at
        ) VALUES (
            %s, %s, %s, %s, %s,
            %s, %s, %s, %s, %s, NOW()
        ) ON CONFLICT (snapshot_date, appid, region_code, country_iso3) DO UPDATE SET
            player_count = EXCLUDED.player_count,
            share_percentage = EXCLUDED.share_percentage,
            peak_time_bkk = EXCLUDED.peak_time_bkk;
        , parameters: ('2026-09-07', 230410, 'Warframe', 'ASIA_SEA', 'เอเชียตะวันออกเฉียงใต้', 'SGP', 'สิงคโปร์', 445, 0.97, '20:00 - 00:00 น.')
[2026-09-07T06:11:04.693+0000] {sql.py:562} INFO - Rows affected: 1
[2026-09-07T06:11:04.700+0000] {sql.py:553} INFO - Running statement: 
        INSERT INTO steam_game_regions (
            snapshot_date, appid, game_name, region_code, region_name,
            country_iso3, country_name, player_count, share_percentage, peak_time_bkk, created_at
        ) VALUES (
            %s, %s, %s, %s, %s,
            %s, %s, %s, %s, %s, NOW()
        ) ON CONFLICT (snapshot_date, appid, region_code, country_iso3) DO UPDATE SET
            player_count = EXCLUDED.player_count,
            share_percentage = EXCLUDED.share_percentage,
            peak_time_bkk = EXCLUDED.peak_time_bkk;
        , parameters: ('2026-09-07', 230410, 'Warframe', 'EUROPE', 'ยุโรป', 'RUS', 'รัสเซีย', 5342, 11.65, '22:00 - 02:00 น.')
[2026-09-07T06:11:04.701+0000] {sql.py:562} INFO - Rows affected: 1
[2026-09-07T06:11:04.708+0000] {sql.py:553} INFO - Running statement: 
        INSERT INTO steam_game_regions (
            snapshot_date, appid, game_name, region_code, region_name,
            country_iso3, country_name, player_count, share_percentage, peak_time_bkk, created_at
        ) VALUES (
            %s, %s, %s, %s, %s,
            %s, %s, %s, %s, %s, NOW()
        ) ON CONFLICT (snapshot_date, appid, region_code, country_iso3) DO UPDATE SET
            player_count = EXCLUDED.player_count,
            share_percentage = EXCLUDED.share_percentage,
            peak_time_bkk = EXCLUDED.peak_time_bkk;
        , parameters: ('2026-09-07', 230410, 'Warframe', 'EUROPE', 'ยุโรป', 'DEU', 'เยอรมนี', 2671, 5.83, '00:00 - 04:00 น.')
[2026-09-07T06:11:04.710+0000] {sql.py:562} INFO - Rows affected: 1
[2026-09-07T06:11:04.717+0000] {sql.py:553} INFO - Running statement: 
        INSERT INTO steam_game_regions (
            snapshot_date, appid, game_name, region_code, region_name,
            country_iso3, country_name, player_count, share_percentage, peak_time_bkk, created_at
        ) VALUES (
            %s, %s, %s, %s, %s,
            %s, %s, %s, %s, %s, NOW()
        ) ON CONFLICT (snapshot_date, appid, region_code, country_iso3) DO UPDATE SET
            player_count = EXCLUDED.player_count,
            share_percentage = EXCLUDED.share_percentage,
            peak_time_bkk = EXCLUDED.peak_time_bkk;
        , parameters: ('2026-09-07', 230410, 'Warframe', 'EUROPE', 'ยุโรป', 'GBR', 'สหราชอาณาจักร', 1781, 3.88, '01:00 - 05:00 น.')
[2026-09-07T06:11:04.719+0000] {sql.py:562} INFO - Rows affected: 1
[2026-09-07T06:11:04.726+0000] {sql.py:553} INFO - Running statement: 
        INSERT INTO steam_game_regions (
            snapshot_date, appid, game_name, region_code, region_name,
            country_iso3, country_name, player_count, share_percentage, peak_time_bkk, created_at
        ) VALUES (
            %s, %s, %s, %s, %s,
            %s, %s, %s, %s, %s, NOW()
        ) ON CONFLICT (snapshot_date, appid, region_code, country_iso3) DO UPDATE SET
            player_count = EXCLUDED.player_count,
            share_percentage = EXCLUDED.share_percentage,
            peak_time_bkk = EXCLUDED.peak_time_bkk;
        , parameters: ('2026-09-07', 230410, 'Warframe', 'EUROPE', 'ยุโรป', 'FRA', 'ฝรั่งเศส', 1335, 2.91, '00:00 - 04:00 น.')
[2026-09-07T06:11:04.727+0000] {sql.py:562} INFO - Rows affected: 1
[2026-09-07T06:11:04.735+0000] {sql.py:553} INFO - Running statement: 
        INSERT INTO steam_game_regions (
            snapshot_date, appid, game_name, region_code, region_name,
            country_iso3, country_name, player_count, share_percentage, peak_time_bkk, created_at
        ) VALUES (
            %s, %s, %s, %s, %s,
            %s, %s, %s, %s, %s, NOW()
        ) ON CONFLICT (snapshot_date, appid, region_code, country_iso3) DO UPDATE SET
            player_count = EXCLUDED.player_count,
            share_percentage = EXCLUDED.share_percentage,
            peak_time_bkk = EXCLUDED.peak_time_bkk;
        , parameters: ('2026-09-07', 230410, 'Warframe', 'EUROPE', 'ยุโรป', 'POL', 'โปแลนด์', 1335, 2.91, '00:00 - 04:00 น.')
[2026-09-07T06:11:04.737+0000] {sql.py:562} INFO - Rows affected: 1
[2026-09-07T06:11:04.743+0000] {sql.py:553} INFO - Running statement: 
        INSERT INTO steam_game_regions (
            snapshot_date, appid, game_name, region_code, region_name,
            country_iso3, country_name, player_count, share_percentage, peak_time_bkk, created_at
        ) VALUES (
            %s, %s, %s, %s, %s,
            %s, %s, %s, %s, %s, NOW()
        ) ON CONFLICT (snapshot_date, appid, region_code, country_iso3) DO UPDATE SET
            player_count = EXCLUDED.player_count,
            share_percentage = EXCLUDED.share_percentage,
            peak_time_bkk = EXCLUDED.peak_time_bkk;
        , parameters: ('2026-09-07', 230410, 'Warframe', 'NORTH_AMERICA', 'อเมริกาเหนือ', 'USA', 'สหรัฐอเมริกา', 4897, 10.68, '07:00 - 11:00 น.')
[2026-09-07T06:11:04.745+0000] {sql.py:562} INFO - Rows affected: 1
[2026-09-07T06:11:04.753+0000] {sql.py:553} INFO - Running statement: 
        INSERT INTO steam_game_regions (
            snapshot_date, appid, game_name, region_code, region_name,
            country_iso3, country_name, player_count, share_percentage, peak_time_bkk, created_at
        ) VALUES (
            %s, %s, %s, %s, %s,
            %s, %s, %s, %s, %s, NOW()
        ) ON CONFLICT (snapshot_date, appid, region_code, country_iso3) DO UPDATE SET
            player_count = EXCLUDED.player_count,
            share_percentage = EXCLUDED.share_percentage,
            peak_time_bkk = EXCLUDED.peak_time_bkk;
        , parameters: ('2026-09-07', 230410, 'Warframe', 'NORTH_AMERICA', 'อเมริกาเหนือ', 'CAN', 'แคนาดา', 890, 1.94, '07:00 - 11:00 น.')
[2026-09-07T06:11:04.756+0000] {sql.py:562} INFO - Rows affected: 1
[2026-09-07T06:11:04.766+0000] {sql.py:553} INFO - Running statement: 
        INSERT INTO steam_game_regions (
            snapshot_date, appid, game_name, region_code, region_name,
            country_iso3, country_name, player_count, share_percentage, peak_time_bkk, created_at
        ) VALUES (
            %s, %s, %s, %s, %s,
            %s, %s, %s, %s, %s, NOW()
        ) ON CONFLICT (snapshot_date, appid, region_code, country_iso3) DO UPDATE SET
            player_count = EXCLUDED.player_count,
            share_percentage = EXCLUDED.share_percentage,
            peak_time_bkk = EXCLUDED.peak_time_bkk;
        , parameters: ('2026-09-07', 230410, 'Warframe', 'LATIN_AMERICA', 'ลาตินอเมริกา', 'BRA', 'บราซิล', 1781, 3.88, '05:00 - 09:00 น.')
[2026-09-07T06:11:04.769+0000] {sql.py:562} INFO - Rows affected: 1
[2026-09-07T06:11:04.777+0000] {sql.py:553} INFO - Running statement: 
        INSERT INTO steam_game_regions (
            snapshot_date, appid, game_name, region_code, region_name,
            country_iso3, country_name, player_count, share_percentage, peak_time_bkk, created_at
        ) VALUES (
            %s, %s, %s, %s, %s,
            %s, %s, %s, %s, %s, NOW()
        ) ON CONFLICT (snapshot_date, appid, region_code, country_iso3) DO UPDATE SET
            player_count = EXCLUDED.player_count,
            share_percentage = EXCLUDED.share_percentage,
            peak_time_bkk = EXCLUDED.peak_time_bkk;
        , parameters: ('2026-09-07', 230410, 'Warframe', 'LATIN_AMERICA', 'ลาตินอเมริกา', 'ARG', 'อาร์เจนตินา', 668, 1.46, '05:00 - 09:00 น.')
[2026-09-07T06:11:04.780+0000] {sql.py:562} INFO - Rows affected: 1
[2026-09-07T06:11:04.791+0000] {sql.py:553} INFO - Running statement: 
        INSERT INTO steam_game_regions (
            snapshot_date, appid, game_name, region_code, region_name,
            country_iso3, country_name, player_count, share_percentage, peak_time_bkk, created_at
        ) VALUES (
            %s, %s, %s, %s, %s,
            %s, %s, %s, %s, %s, NOW()
        ) ON CONFLICT (snapshot_date, appid, region_code, country_iso3) DO UPDATE SET
            player_count = EXCLUDED.player_count,
            share_percentage = EXCLUDED.share_percentage,
            peak_time_bkk = EXCLUDED.peak_time_bkk;
        , parameters: ('2026-09-07', 230410, 'Warframe', 'OCEANIA', 'โอเชียเนีย', 'AUS', 'ออสเตรเลีย', 668, 1.46, '16:00 - 20:00 น.')
[2026-09-07T06:11:04.793+0000] {sql.py:562} INFO - Rows affected: 1
[2026-09-07T06:11:04.804+0000] {sql.py:553} INFO - Running statement: 
        INSERT INTO steam_game_regions (
            snapshot_date, appid, game_name, region_code, region_name,
            country_iso3, country_name, player_count, share_percentage, peak_time_bkk, created_at
        ) VALUES (
            %s, %s, %s, %s, %s,
            %s, %s, %s, %s, %s, NOW()
        ) ON CONFLICT (snapshot_date, appid, region_code, country_iso3) DO UPDATE SET
            player_count = EXCLUDED.player_count,
            share_percentage = EXCLUDED.share_percentage,
            peak_time_bkk = EXCLUDED.peak_time_bkk;
        , parameters: ('2026-09-07', 2694490, 'Path of Exile 2', 'ASIA_EAST', 'เอเชียตะวันออก', 'CHN', 'จีน', 17027, 27.18, '19:00 - 23:00 น.')
[2026-09-07T06:11:04.807+0000] {sql.py:562} INFO - Rows affected: 1
[2026-09-07T06:11:04.818+0000] {sql.py:553} INFO - Running statement: 
        INSERT INTO steam_game_regions (
            snapshot_date, appid, game_name, region_code, region_name,
            country_iso3, country_name, player_count, share_percentage, peak_time_bkk, created_at
        ) VALUES (
            %s, %s, %s, %s, %s,
            %s, %s, %s, %s, %s, NOW()
        ) ON CONFLICT (snapshot_date, appid, region_code, country_iso3) DO UPDATE SET
            player_count = EXCLUDED.player_count,
            share_percentage = EXCLUDED.share_percentage,
            peak_time_bkk = EXCLUDED.peak_time_bkk;
        , parameters: ('2026-09-07', 2694490, 'Path of Exile 2', 'ASIA_EAST', 'เอเชียตะวันออก', 'JPN', 'ญี่ปุ่น', 3041, 4.85, '19:00 - 23:00 น.')
[2026-09-07T06:11:04.821+0000] {sql.py:562} INFO - Rows affected: 1
[2026-09-07T06:11:04.834+0000] {sql.py:553} INFO - Running statement: 
        INSERT INTO steam_game_regions (
            snapshot_date, appid, game_name, region_code, region_name,
            country_iso3, country_name, player_count, share_percentage, peak_time_bkk, created_at
        ) VALUES (
            %s, %s, %s, %s, %s,
            %s, %s, %s, %s, %s, NOW()
        ) ON CONFLICT (snapshot_date, appid, region_code, country_iso3) DO UPDATE SET
            player_count = EXCLUDED.player_count,
            share_percentage = EXCLUDED.share_percentage,
            peak_time_bkk = EXCLUDED.peak_time_bkk;
        , parameters: ('2026-09-07', 2694490, 'Path of Exile 2', 'ASIA_EAST', 'เอเชียตะวันออก', 'KOR', 'เกาหลีใต้', 2432, 3.88, '19:00 - 23:00 น.')
[2026-09-07T06:11:04.837+0000] {sql.py:562} INFO - Rows affected: 1
[2026-09-07T06:11:04.846+0000] {sql.py:553} INFO - Running statement: 
        INSERT INTO steam_game_regions (
            snapshot_date, appid, game_name, region_code, region_name,
            country_iso3, country_name, player_count, share_percentage, peak_time_bkk, created_at
        ) VALUES (
            %s, %s, %s, %s, %s,
            %s, %s, %s, %s, %s, NOW()
        ) ON CONFLICT (snapshot_date, appid, region_code, country_iso3) DO UPDATE SET
            player_count = EXCLUDED.player_count,
            share_percentage = EXCLUDED.share_percentage,
            peak_time_bkk = EXCLUDED.peak_time_bkk;
        , parameters: ('2026-09-07', 2694490, 'Path of Exile 2', 'ASIA_EAST', 'เอเชียตะวันออก', 'TWN', 'ไต้หวัน', 1216, 1.94, '19:00 - 23:00 น.')
[2026-09-07T06:11:04.849+0000] {sql.py:562} INFO - Rows affected: 1
[2026-09-07T06:11:04.858+0000] {sql.py:553} INFO - Running statement: 
        INSERT INTO steam_game_regions (
            snapshot_date, appid, game_name, region_code, region_name,
            country_iso3, country_name, player_count, share_percentage, peak_time_bkk, created_at
        ) VALUES (
            %s, %s, %s, %s, %s,
            %s, %s, %s, %s, %s, NOW()
        ) ON CONFLICT (snapshot_date, appid, region_code, country_iso3) DO UPDATE SET
            player_count = EXCLUDED.player_count,
            share_percentage = EXCLUDED.share_percentage,
            peak_time_bkk = EXCLUDED.peak_time_bkk;
        , parameters: ('2026-09-07', 2694490, 'Path of Exile 2', 'ASIA_SEA', 'เอเชียตะวันออกเฉียงใต้', 'THA', 'ประเทศไทย', 2737, 4.37, '20:00 - 00:00 น.')
[2026-09-07T06:11:04.861+0000] {sql.py:562} INFO - Rows affected: 1
[2026-09-07T06:11:04.870+0000] {sql.py:553} INFO - Running statement: 
        INSERT INTO steam_game_regions (
            snapshot_date, appid, game_name, region_code, region_name,
            country_iso3, country_name, player_count, share_percentage, peak_time_bkk, created_at
        ) VALUES (
            %s, %s, %s, %s, %s,
            %s, %s, %s, %s, %s, NOW()
        ) ON CONFLICT (snapshot_date, appid, region_code, country_iso3) DO UPDATE SET
            player_count = EXCLUDED.player_count,
            share_percentage = EXCLUDED.share_percentage,
            peak_time_bkk = EXCLUDED.peak_time_bkk;
        , parameters: ('2026-09-07', 2694490, 'Path of Exile 2', 'ASIA_SEA', 'เอเชียตะวันออกเฉียงใต้', 'VNM', 'เวียดนาม', 2128, 3.4, '20:00 - 00:00 น.')
[2026-09-07T06:11:04.873+0000] {sql.py:562} INFO - Rows affected: 1
[2026-09-07T06:11:04.881+0000] {sql.py:553} INFO - Running statement: 
        INSERT INTO steam_game_regions (
            snapshot_date, appid, game_name, region_code, region_name,
            country_iso3, country_name, player_count, share_percentage, peak_time_bkk, created_at
        ) VALUES (
            %s, %s, %s, %s, %s,
            %s, %s, %s, %s, %s, NOW()
        ) ON CONFLICT (snapshot_date, appid, region_code, country_iso3) DO UPDATE SET
            player_count = EXCLUDED.player_count,
            share_percentage = EXCLUDED.share_percentage,
            peak_time_bkk = EXCLUDED.peak_time_bkk;
        , parameters: ('2026-09-07', 2694490, 'Path of Exile 2', 'ASIA_SEA', 'เอเชียตะวันออกเฉียงใต้', 'IDN', 'อินโดนีเซีย', 1824, 2.91, '20:00 - 00:00 น.')
[2026-09-07T06:11:04.884+0000] {sql.py:562} INFO - Rows affected: 1
[2026-09-07T06:11:04.892+0000] {sql.py:553} INFO - Running statement: 
        INSERT INTO steam_game_regions (
            snapshot_date, appid, game_name, region_code, region_name,
            country_iso3, country_name, player_count, share_percentage, peak_time_bkk, created_at
        ) VALUES (
            %s, %s, %s, %s, %s,
            %s, %s, %s, %s, %s, NOW()
        ) ON CONFLICT (snapshot_date, appid, region_code, country_iso3) DO UPDATE SET
            player_count = EXCLUDED.player_count,
            share_percentage = EXCLUDED.share_percentage,
            peak_time_bkk = EXCLUDED.peak_time_bkk;
        , parameters: ('2026-09-07', 2694490, 'Path of Exile 2', 'ASIA_SEA', 'เอเชียตะวันออกเฉียงใต้', 'PHL', 'ฟิลิปปินส์', 1520, 2.43, '20:00 - 00:00 น.')
[2026-09-07T06:11:04.894+0000] {sql.py:562} INFO - Rows affected: 1
[2026-09-07T06:11:04.903+0000] {sql.py:553} INFO - Running statement: 
        INSERT INTO steam_game_regions (
            snapshot_date, appid, game_name, region_code, region_name,
            country_iso3, country_name, player_count, share_percentage, peak_time_bkk, created_at
        ) VALUES (
            %s, %s, %s, %s, %s,
            %s, %s, %s, %s, %s, NOW()
        ) ON CONFLICT (snapshot_date, appid, region_code, country_iso3) DO UPDATE SET
            player_count = EXCLUDED.player_count,
            share_percentage = EXCLUDED.share_percentage,
            peak_time_bkk = EXCLUDED.peak_time_bkk;
        , parameters: ('2026-09-07', 2694490, 'Path of Exile 2', 'ASIA_SEA', 'เอเชียตะวันออกเฉียงใต้', 'MYS', 'มาเลเซีย', 912, 1.46, '20:00 - 00:00 น.')
[2026-09-07T06:11:04.905+0000] {sql.py:562} INFO - Rows affected: 1
[2026-09-07T06:11:04.912+0000] {sql.py:553} INFO - Running statement: 
        INSERT INTO steam_game_regions (
            snapshot_date, appid, game_name, region_code, region_name,
            country_iso3, country_name, player_count, share_percentage, peak_time_bkk, created_at
        ) VALUES (
            %s, %s, %s, %s, %s,
            %s, %s, %s, %s, %s, NOW()
        ) ON CONFLICT (snapshot_date, appid, region_code, country_iso3) DO UPDATE SET
            player_count = EXCLUDED.player_count,
            share_percentage = EXCLUDED.share_percentage,
            peak_time_bkk = EXCLUDED.peak_time_bkk;
        , parameters: ('2026-09-07', 2694490, 'Path of Exile 2', 'ASIA_SEA', 'เอเชียตะวันออกเฉียงใต้', 'SGP', 'สิงคโปร์', 608, 0.97, '20:00 - 00:00 น.')
[2026-09-07T06:11:04.914+0000] {sql.py:562} INFO - Rows affected: 1
[2026-09-07T06:11:04.922+0000] {sql.py:553} INFO - Running statement: 
        INSERT INTO steam_game_regions (
            snapshot_date, appid, game_name, region_code, region_name,
            country_iso3, country_name, player_count, share_percentage, peak_time_bkk, created_at
        ) VALUES (
            %s, %s, %s, %s, %s,
            %s, %s, %s, %s, %s, NOW()
        ) ON CONFLICT (snapshot_date, appid, region_code, country_iso3) DO UPDATE SET
            player_count = EXCLUDED.player_count,
            share_percentage = EXCLUDED.share_percentage,
            peak_time_bkk = EXCLUDED.peak_time_bkk;
        , parameters: ('2026-09-07', 2694490, 'Path of Exile 2', 'EUROPE', 'ยุโรป', 'RUS', 'รัสเซีย', 7297, 11.65, '22:00 - 02:00 น.')
[2026-09-07T06:11:04.924+0000] {sql.py:562} INFO - Rows affected: 1
[2026-09-07T06:11:04.932+0000] {sql.py:553} INFO - Running statement: 
        INSERT INTO steam_game_regions (
            snapshot_date, appid, game_name, region_code, region_name,
            country_iso3, country_name, player_count, share_percentage, peak_time_bkk, created_at
        ) VALUES (
            %s, %s, %s, %s, %s,
            %s, %s, %s, %s, %s, NOW()
        ) ON CONFLICT (snapshot_date, appid, region_code, country_iso3) DO UPDATE SET
            player_count = EXCLUDED.player_count,
            share_percentage = EXCLUDED.share_percentage,
            peak_time_bkk = EXCLUDED.peak_time_bkk;
        , parameters: ('2026-09-07', 2694490, 'Path of Exile 2', 'EUROPE', 'ยุโรป', 'DEU', 'เยอรมนี', 3649, 5.83, '00:00 - 04:00 น.')
[2026-09-07T06:11:04.934+0000] {sql.py:562} INFO - Rows affected: 1
[2026-09-07T06:11:04.942+0000] {sql.py:553} INFO - Running statement: 
        INSERT INTO steam_game_regions (
            snapshot_date, appid, game_name, region_code, region_name,
            country_iso3, country_name, player_count, share_percentage, peak_time_bkk, created_at
        ) VALUES (
            %s, %s, %s, %s, %s,
            %s, %s, %s, %s, %s, NOW()
        ) ON CONFLICT (snapshot_date, appid, region_code, country_iso3) DO UPDATE SET
            player_count = EXCLUDED.player_count,
            share_percentage = EXCLUDED.share_percentage,
            peak_time_bkk = EXCLUDED.peak_time_bkk;
        , parameters: ('2026-09-07', 2694490, 'Path of Exile 2', 'EUROPE', 'ยุโรป', 'GBR', 'สหราชอาณาจักร', 2432, 3.88, '01:00 - 05:00 น.')
[2026-09-07T06:11:04.944+0000] {sql.py:562} INFO - Rows affected: 1
[2026-09-07T06:11:04.952+0000] {sql.py:553} INFO - Running statement: 
        INSERT INTO steam_game_regions (
            snapshot_date, appid, game_name, region_code, region_name,
            country_iso3, country_name, player_count, share_percentage, peak_time_bkk, created_at
        ) VALUES (
            %s, %s, %s, %s, %s,
            %s, %s, %s, %s, %s, NOW()
        ) ON CONFLICT (snapshot_date, appid, region_code, country_iso3) DO UPDATE SET
            player_count = EXCLUDED.player_count,
            share_percentage = EXCLUDED.share_percentage,
            peak_time_bkk = EXCLUDED.peak_time_bkk;
        , parameters: ('2026-09-07', 2694490, 'Path of Exile 2', 'EUROPE', 'ยุโรป', 'FRA', 'ฝรั่งเศส', 1824, 2.91, '00:00 - 04:00 น.')
[2026-09-07T06:11:04.954+0000] {sql.py:562} INFO - Rows affected: 1
[2026-09-07T06:11:04.964+0000] {sql.py:553} INFO - Running statement: 
        INSERT INTO steam_game_regions (
            snapshot_date, appid, game_name, region_code, region_name,
            country_iso3, country_name, player_count, share_percentage, peak_time_bkk, created_at
        ) VALUES (
            %s, %s, %s, %s, %s,
            %s, %s, %s, %s, %s, NOW()
        ) ON CONFLICT (snapshot_date, appid, region_code, country_iso3) DO UPDATE SET
            player_count = EXCLUDED.player_count,
            share_percentage = EXCLUDED.share_percentage,
            peak_time_bkk = EXCLUDED.peak_time_bkk;
        , parameters: ('2026-09-07', 2694490, 'Path of Exile 2', 'EUROPE', 'ยุโรป', 'POL', 'โปแลนด์', 1824, 2.91, '00:00 - 04:00 น.')
[2026-09-07T06:11:04.967+0000] {sql.py:562} INFO - Rows affected: 1
[2026-09-07T06:11:04.978+0000] {sql.py:553} INFO - Running statement: 
        INSERT INTO steam_game_regions (
            snapshot_date, appid, game_name, region_code, region_name,
            country_iso3, country_name, player_count, share_percentage, peak_time_bkk, created_at
        ) VALUES (
            %s, %s, %s, %s, %s,
            %s, %s, %s, %s, %s, NOW()
        ) ON CONFLICT (snapshot_date, appid, region_code, country_iso3) DO UPDATE SET
            player_count = EXCLUDED.player_count,
            share_percentage = EXCLUDED.share_percentage,
            peak_time_bkk = EXCLUDED.peak_time_bkk;
        , parameters: ('2026-09-07', 2694490, 'Path of Exile 2', 'NORTH_AMERICA', 'อเมริกาเหนือ', 'USA', 'สหรัฐอเมริกา', 6689, 10.68, '07:00 - 11:00 น.')
[2026-09-07T06:11:04.981+0000] {sql.py:562} INFO - Rows affected: 1
[2026-09-07T06:11:04.991+0000] {sql.py:553} INFO - Running statement: 
        INSERT INTO steam_game_regions (
            snapshot_date, appid, game_name, region_code, region_name,
            country_iso3, country_name, player_count, share_percentage, peak_time_bkk, created_at
        ) VALUES (
            %s, %s, %s, %s, %s,
            %s, %s, %s, %s, %s, NOW()
        ) ON CONFLICT (snapshot_date, appid, region_code, country_iso3) DO UPDATE SET
            player_count = EXCLUDED.player_count,
            share_percentage = EXCLUDED.share_percentage,
            peak_time_bkk = EXCLUDED.peak_time_bkk;
        , parameters: ('2026-09-07', 2694490, 'Path of Exile 2', 'NORTH_AMERICA', 'อเมริกาเหนือ', 'CAN', 'แคนาดา', 1216, 1.94, '07:00 - 11:00 น.')
[2026-09-07T06:11:04.994+0000] {sql.py:562} INFO - Rows affected: 1
[2026-09-07T06:11:05.005+0000] {sql.py:553} INFO - Running statement: 
        INSERT INTO steam_game_regions (
            snapshot_date, appid, game_name, region_code, region_name,
            country_iso3, country_name, player_count, share_percentage, peak_time_bkk, created_at
        ) VALUES (
            %s, %s, %s, %s, %s,
            %s, %s, %s, %s, %s, NOW()
        ) ON CONFLICT (snapshot_date, appid, region_code, country_iso3) DO UPDATE SET
            player_count = EXCLUDED.player_count,
            share_percentage = EXCLUDED.share_percentage,
            peak_time_bkk = EXCLUDED.peak_time_bkk;
        , parameters: ('2026-09-07', 2694490, 'Path of Exile 2', 'LATIN_AMERICA', 'ลาตินอเมริกา', 'BRA', 'บราซิล', 2432, 3.88, '05:00 - 09:00 น.')
[2026-09-07T06:11:05.007+0000] {sql.py:562} INFO - Rows affected: 1
[2026-09-07T06:11:05.022+0000] {sql.py:553} INFO - Running statement: 
        INSERT INTO steam_game_regions (
            snapshot_date, appid, game_name, region_code, region_name,
            country_iso3, country_name, player_count, share_percentage, peak_time_bkk, created_at
        ) VALUES (
            %s, %s, %s, %s, %s,
            %s, %s, %s, %s, %s, NOW()
        ) ON CONFLICT (snapshot_date, appid, region_code, country_iso3) DO UPDATE SET
            player_count = EXCLUDED.player_count,
            share_percentage = EXCLUDED.share_percentage,
            peak_time_bkk = EXCLUDED.peak_time_bkk;
        , parameters: ('2026-09-07', 2694490, 'Path of Exile 2', 'LATIN_AMERICA', 'ลาตินอเมริกา', 'ARG', 'อาร์เจนตินา', 912, 1.46, '05:00 - 09:00 น.')
[2026-09-07T06:11:05.025+0000] {sql.py:562} INFO - Rows affected: 1
[2026-09-07T06:11:05.037+0000] {sql.py:553} INFO - Running statement: 
        INSERT INTO steam_game_regions (
            snapshot_date, appid, game_name, region_code, region_name,
            country_iso3, country_name, player_count, share_percentage, peak_time_bkk, created_at
        ) VALUES (
            %s, %s, %s, %s, %s,
            %s, %s, %s, %s, %s, NOW()
        ) ON CONFLICT (snapshot_date, appid, region_code, country_iso3) DO UPDATE SET
            player_count = EXCLUDED.player_count,
            share_percentage = EXCLUDED.share_percentage,
            peak_time_bkk = EXCLUDED.peak_time_bkk;
        , parameters: ('2026-09-07', 2694490, 'Path of Exile 2', 'OCEANIA', 'โอเชียเนีย', 'AUS', 'ออสเตรเลีย', 912, 1.46, '16:00 - 20:00 น.')
[2026-09-07T06:11:05.040+0000] {sql.py:562} INFO - Rows affected: 1
[2026-09-07T06:11:05.052+0000] {sql.py:553} INFO - Running statement: 
        INSERT INTO steam_game_regions (
            snapshot_date, appid, game_name, region_code, region_name,
            country_iso3, country_name, player_count, share_percentage, peak_time_bkk, created_at
        ) VALUES (
            %s, %s, %s, %s, %s,
            %s, %s, %s, %s, %s, NOW()
        ) ON CONFLICT (snapshot_date, appid, region_code, country_iso3) DO UPDATE SET
            player_count = EXCLUDED.player_count,
            share_percentage = EXCLUDED.share_percentage,
            peak_time_bkk = EXCLUDED.peak_time_bkk;
        , parameters: ('2026-09-07', 431960, 'Wallpaper Engine', 'ASIA_EAST', 'เอเชียตะวันออก', 'CHN', 'จีน', 18620, 27.18, '19:00 - 23:00 น.')
[2026-09-07T06:11:05.055+0000] {sql.py:562} INFO - Rows affected: 1
[2026-09-07T06:11:05.069+0000] {sql.py:553} INFO - Running statement: 
        INSERT INTO steam_game_regions (
            snapshot_date, appid, game_name, region_code, region_name,
            country_iso3, country_name, player_count, share_percentage, peak_time_bkk, created_at
        ) VALUES (
            %s, %s, %s, %s, %s,
            %s, %s, %s, %s, %s, NOW()
        ) ON CONFLICT (snapshot_date, appid, region_code, country_iso3) DO UPDATE SET
            player_count = EXCLUDED.player_count,
            share_percentage = EXCLUDED.share_percentage,
            peak_time_bkk = EXCLUDED.peak_time_bkk;
        , parameters: ('2026-09-07', 431960, 'Wallpaper Engine', 'ASIA_EAST', 'เอเชียตะวันออก', 'JPN', 'ญี่ปุ่น', 3325, 4.85, '19:00 - 23:00 น.')
[2026-09-07T06:11:05.072+0000] {sql.py:562} INFO - Rows affected: 1
[2026-09-07T06:11:05.083+0000] {sql.py:553} INFO - Running statement: 
        INSERT INTO steam_game_regions (
            snapshot_date, appid, game_name, region_code, region_name,
            country_iso3, country_name, player_count, share_percentage, peak_time_bkk, created_at
        ) VALUES (
            %s, %s, %s, %s, %s,
            %s, %s, %s, %s, %s, NOW()
        ) ON CONFLICT (snapshot_date, appid, region_code, country_iso3) DO UPDATE SET
            player_count = EXCLUDED.player_count,
            share_percentage = EXCLUDED.share_percentage,
            peak_time_bkk = EXCLUDED.peak_time_bkk;
        , parameters: ('2026-09-07', 431960, 'Wallpaper Engine', 'ASIA_EAST', 'เอเชียตะวันออก', 'KOR', 'เกาหลีใต้', 2660, 3.88, '19:00 - 23:00 น.')
[2026-09-07T06:11:05.086+0000] {sql.py:562} INFO - Rows affected: 1
[2026-09-07T06:11:05.098+0000] {sql.py:553} INFO - Running statement: 
        INSERT INTO steam_game_regions (
            snapshot_date, appid, game_name, region_code, region_name,
            country_iso3, country_name, player_count, share_percentage, peak_time_bkk, created_at
        ) VALUES (
            %s, %s, %s, %s, %s,
            %s, %s, %s, %s, %s, NOW()
        ) ON CONFLICT (snapshot_date, appid, region_code, country_iso3) DO UPDATE SET
            player_count = EXCLUDED.player_count,
            share_percentage = EXCLUDED.share_percentage,
            peak_time_bkk = EXCLUDED.peak_time_bkk;
        , parameters: ('2026-09-07', 431960, 'Wallpaper Engine', 'ASIA_EAST', 'เอเชียตะวันออก', 'TWN', 'ไต้หวัน', 1330, 1.94, '19:00 - 23:00 น.')
[2026-09-07T06:11:05.104+0000] {sql.py:562} INFO - Rows affected: 1
[2026-09-07T06:11:05.117+0000] {sql.py:553} INFO - Running statement: 
        INSERT INTO steam_game_regions (
            snapshot_date, appid, game_name, region_code, region_name,
            country_iso3, country_name, player_count, share_percentage, peak_time_bkk, created_at
        ) VALUES (
            %s, %s, %s, %s, %s,
            %s, %s, %s, %s, %s, NOW()
        ) ON CONFLICT (snapshot_date, appid, region_code, country_iso3) DO UPDATE SET
            player_count = EXCLUDED.player_count,
            share_percentage = EXCLUDED.share_percentage,
            peak_time_bkk = EXCLUDED.peak_time_bkk;
        , parameters: ('2026-09-07', 431960, 'Wallpaper Engine', 'ASIA_SEA', 'เอเชียตะวันออกเฉียงใต้', 'THA', 'ประเทศไทย', 2993, 4.37, '20:00 - 00:00 น.')
[2026-09-07T06:11:05.120+0000] {sql.py:562} INFO - Rows affected: 1
[2026-09-07T06:11:05.130+0000] {sql.py:553} INFO - Running statement: 
        INSERT INTO steam_game_regions (
            snapshot_date, appid, game_name, region_code, region_name,
            country_iso3, country_name, player_count, share_percentage, peak_time_bkk, created_at
        ) VALUES (
            %s, %s, %s, %s, %s,
            %s, %s, %s, %s, %s, NOW()
        ) ON CONFLICT (snapshot_date, appid, region_code, country_iso3) DO UPDATE SET
            player_count = EXCLUDED.player_count,
            share_percentage = EXCLUDED.share_percentage,
            peak_time_bkk = EXCLUDED.peak_time_bkk;
        , parameters: ('2026-09-07', 431960, 'Wallpaper Engine', 'ASIA_SEA', 'เอเชียตะวันออกเฉียงใต้', 'VNM', 'เวียดนาม', 2328, 3.4, '20:00 - 00:00 น.')
[2026-09-07T06:11:05.132+0000] {sql.py:562} INFO - Rows affected: 1
[2026-09-07T06:11:05.143+0000] {sql.py:553} INFO - Running statement: 
        INSERT INTO steam_game_regions (
            snapshot_date, appid, game_name, region_code, region_name,
            country_iso3, country_name, player_count, share_percentage, peak_time_bkk, created_at
        ) VALUES (
            %s, %s, %s, %s, %s,
            %s, %s, %s, %s, %s, NOW()
        ) ON CONFLICT (snapshot_date, appid, region_code, country_iso3) DO UPDATE SET
            player_count = EXCLUDED.player_count,
            share_percentage = EXCLUDED.share_percentage,
            peak_time_bkk = EXCLUDED.peak_time_bkk;
        , parameters: ('2026-09-07', 431960, 'Wallpaper Engine', 'ASIA_SEA', 'เอเชียตะวันออกเฉียงใต้', 'IDN', 'อินโดนีเซีย', 1995, 2.91, '20:00 - 00:00 น.')
[2026-09-07T06:11:05.146+0000] {sql.py:562} INFO - Rows affected: 1
[2026-09-07T06:11:05.156+0000] {sql.py:553} INFO - Running statement: 
        INSERT INTO steam_game_regions (
            snapshot_date, appid, game_name, region_code, region_name,
            country_iso3, country_name, player_count, share_percentage, peak_time_bkk, created_at
        ) VALUES (
            %s, %s, %s, %s, %s,
            %s, %s, %s, %s, %s, NOW()
        ) ON CONFLICT (snapshot_date, appid, region_code, country_iso3) DO UPDATE SET
            player_count = EXCLUDED.player_count,
            share_percentage = EXCLUDED.share_percentage,
            peak_time_bkk = EXCLUDED.peak_time_bkk;
        , parameters: ('2026-09-07', 431960, 'Wallpaper Engine', 'ASIA_SEA', 'เอเชียตะวันออกเฉียงใต้', 'PHL', 'ฟิลิปปินส์', 1663, 2.43, '20:00 - 00:00 น.')
[2026-09-07T06:11:05.159+0000] {sql.py:562} INFO - Rows affected: 1
[2026-09-07T06:11:05.170+0000] {sql.py:553} INFO - Running statement: 
        INSERT INTO steam_game_regions (
            snapshot_date, appid, game_name, region_code, region_name,
            country_iso3, country_name, player_count, share_percentage, peak_time_bkk, created_at
        ) VALUES (
            %s, %s, %s, %s, %s,
            %s, %s, %s, %s, %s, NOW()
        ) ON CONFLICT (snapshot_date, appid, region_code, country_iso3) DO UPDATE SET
            player_count = EXCLUDED.player_count,
            share_percentage = EXCLUDED.share_percentage,
            peak_time_bkk = EXCLUDED.peak_time_bkk;
        , parameters: ('2026-09-07', 431960, 'Wallpaper Engine', 'ASIA_SEA', 'เอเชียตะวันออกเฉียงใต้', 'MYS', 'มาเลเซีย', 998, 1.46, '20:00 - 00:00 น.')
[2026-09-07T06:11:05.173+0000] {sql.py:562} INFO - Rows affected: 1
[2026-09-07T06:11:05.183+0000] {sql.py:553} INFO - Running statement: 
        INSERT INTO steam_game_regions (
            snapshot_date, appid, game_name, region_code, region_name,
            country_iso3, country_name, player_count, share_percentage, peak_time_bkk, created_at
        ) VALUES (
            %s, %s, %s, %s, %s,
            %s, %s, %s, %s, %s, NOW()
        ) ON CONFLICT (snapshot_date, appid, region_code, country_iso3) DO UPDATE SET
            player_count = EXCLUDED.player_count,
            share_percentage = EXCLUDED.share_percentage,
            peak_time_bkk = EXCLUDED.peak_time_bkk;
        , parameters: ('2026-09-07', 431960, 'Wallpaper Engine', 'ASIA_SEA', 'เอเชียตะวันออกเฉียงใต้', 'SGP', 'สิงคโปร์', 665, 0.97, '20:00 - 00:00 น.')
[2026-09-07T06:11:05.186+0000] {sql.py:562} INFO - Rows affected: 1
[2026-09-07T06:11:05.197+0000] {sql.py:553} INFO - Running statement: 
        INSERT INTO steam_game_regions (
            snapshot_date, appid, game_name, region_code, region_name,
            country_iso3, country_name, player_count, share_percentage, peak_time_bkk, created_at
        ) VALUES (
            %s, %s, %s, %s, %s,
            %s, %s, %s, %s, %s, NOW()
        ) ON CONFLICT (snapshot_date, appid, region_code, country_iso3) DO UPDATE SET
            player_count = EXCLUDED.player_count,
            share_percentage = EXCLUDED.share_percentage,
            peak_time_bkk = EXCLUDED.peak_time_bkk;
        , parameters: ('2026-09-07', 431960, 'Wallpaper Engine', 'EUROPE', 'ยุโรป', 'RUS', 'รัสเซีย', 7980, 11.65, '22:00 - 02:00 น.')
[2026-09-07T06:11:05.200+0000] {sql.py:562} INFO - Rows affected: 1
[2026-09-07T06:11:05.217+0000] {sql.py:553} INFO - Running statement: 
        INSERT INTO steam_game_regions (
            snapshot_date, appid, game_name, region_code, region_name,
            country_iso3, country_name, player_count, share_percentage, peak_time_bkk, created_at
        ) VALUES (
            %s, %s, %s, %s, %s,
            %s, %s, %s, %s, %s, NOW()
        ) ON CONFLICT (snapshot_date, appid, region_code, country_iso3) DO UPDATE SET
            player_count = EXCLUDED.player_count,
            share_percentage = EXCLUDED.share_percentage,
            peak_time_bkk = EXCLUDED.peak_time_bkk;
        , parameters: ('2026-09-07', 431960, 'Wallpaper Engine', 'EUROPE', 'ยุโรป', 'DEU', 'เยอรมนี', 3990, 5.83, '00:00 - 04:00 น.')
[2026-09-07T06:11:05.220+0000] {sql.py:562} INFO - Rows affected: 1
[2026-09-07T06:11:05.230+0000] {sql.py:553} INFO - Running statement: 
        INSERT INTO steam_game_regions (
            snapshot_date, appid, game_name, region_code, region_name,
            country_iso3, country_name, player_count, share_percentage, peak_time_bkk, created_at
        ) VALUES (
            %s, %s, %s, %s, %s,
            %s, %s, %s, %s, %s, NOW()
        ) ON CONFLICT (snapshot_date, appid, region_code, country_iso3) DO UPDATE SET
            player_count = EXCLUDED.player_count,
            share_percentage = EXCLUDED.share_percentage,
            peak_time_bkk = EXCLUDED.peak_time_bkk;
        , parameters: ('2026-09-07', 431960, 'Wallpaper Engine', 'EUROPE', 'ยุโรป', 'GBR', 'สหราชอาณาจักร', 2660, 3.88, '01:00 - 05:00 น.')
[2026-09-07T06:11:05.233+0000] {sql.py:562} INFO - Rows affected: 1
[2026-09-07T06:11:05.242+0000] {sql.py:553} INFO - Running statement: 
        INSERT INTO steam_game_regions (
            snapshot_date, appid, game_name, region_code, region_name,
            country_iso3, country_name, player_count, share_percentage, peak_time_bkk, created_at
        ) VALUES (
            %s, %s, %s, %s, %s,
            %s, %s, %s, %s, %s, NOW()
        ) ON CONFLICT (snapshot_date, appid, region_code, country_iso3) DO UPDATE SET
            player_count = EXCLUDED.player_count,
            share_percentage = EXCLUDED.share_percentage,
            peak_time_bkk = EXCLUDED.peak_time_bkk;
        , parameters: ('2026-09-07', 431960, 'Wallpaper Engine', 'EUROPE', 'ยุโรป', 'FRA', 'ฝรั่งเศส', 1995, 2.91, '00:00 - 04:00 น.')
[2026-09-07T06:11:05.245+0000] {sql.py:562} INFO - Rows affected: 1
[2026-09-07T06:11:05.254+0000] {sql.py:553} INFO - Running statement: 
        INSERT INTO steam_game_regions (
            snapshot_date, appid, game_name, region_code, region_name,
            country_iso3, country_name, player_count, share_percentage, peak_time_bkk, created_at
        ) VALUES (
            %s, %s, %s, %s, %s,
            %s, %s, %s, %s, %s, NOW()
        ) ON CONFLICT (snapshot_date, appid, region_code, country_iso3) DO UPDATE SET
            player_count = EXCLUDED.player_count,
            share_percentage = EXCLUDED.share_percentage,
            peak_time_bkk = EXCLUDED.peak_time_bkk;
        , parameters: ('2026-09-07', 431960, 'Wallpaper Engine', 'EUROPE', 'ยุโรป', 'POL', 'โปแลนด์', 1995, 2.91, '00:00 - 04:00 น.')
[2026-09-07T06:11:05.256+0000] {sql.py:562} INFO - Rows affected: 1
[2026-09-07T06:11:05.266+0000] {sql.py:553} INFO - Running statement: 
        INSERT INTO steam_game_regions (
            snapshot_date, appid, game_name, region_code, region_name,
            country_iso3, country_name, player_count, share_percentage, peak_time_bkk, created_at
        ) VALUES (
            %s, %s, %s, %s, %s,
            %s, %s, %s, %s, %s, NOW()
        ) ON CONFLICT (snapshot_date, appid, region_code, country_iso3) DO UPDATE SET
            player_count = EXCLUDED.player_count,
            share_percentage = EXCLUDED.share_percentage,
            peak_time_bkk = EXCLUDED.peak_time_bkk;
        , parameters: ('2026-09-07', 431960, 'Wallpaper Engine', 'NORTH_AMERICA', 'อเมริกาเหนือ', 'USA', 'สหรัฐอเมริกา', 7315, 10.68, '07:00 - 11:00 น.')
[2026-09-07T06:11:05.268+0000] {sql.py:562} INFO - Rows affected: 1
[2026-09-07T06:11:05.277+0000] {sql.py:553} INFO - Running statement: 
        INSERT INTO steam_game_regions (
            snapshot_date, appid, game_name, region_code, region_name,
            country_iso3, country_name, player_count, share_percentage, peak_time_bkk, created_at
        ) VALUES (
            %s, %s, %s, %s, %s,
            %s, %s, %s, %s, %s, NOW()
        ) ON CONFLICT (snapshot_date, appid, region_code, country_iso3) DO UPDATE SET
            player_count = EXCLUDED.player_count,
            share_percentage = EXCLUDED.share_percentage,
            peak_time_bkk = EXCLUDED.peak_time_bkk;
        , parameters: ('2026-09-07', 431960, 'Wallpaper Engine', 'NORTH_AMERICA', 'อเมริกาเหนือ', 'CAN', 'แคนาดา', 1330, 1.94, '07:00 - 11:00 น.')
[2026-09-07T06:11:05.279+0000] {sql.py:562} INFO - Rows affected: 1
[2026-09-07T06:11:05.287+0000] {sql.py:553} INFO - Running statement: 
        INSERT INTO steam_game_regions (
            snapshot_date, appid, game_name, region_code, region_name,
            country_iso3, country_name, player_count, share_percentage, peak_time_bkk, created_at
        ) VALUES (
            %s, %s, %s, %s, %s,
            %s, %s, %s, %s, %s, NOW()
        ) ON CONFLICT (snapshot_date, appid, region_code, country_iso3) DO UPDATE SET
            player_count = EXCLUDED.player_count,
            share_percentage = EXCLUDED.share_percentage,
            peak_time_bkk = EXCLUDED.peak_time_bkk;
        , parameters: ('2026-09-07', 431960, 'Wallpaper Engine', 'LATIN_AMERICA', 'ลาตินอเมริกา', 'BRA', 'บราซิล', 2660, 3.88, '05:00 - 09:00 น.')
[2026-09-07T06:11:05.290+0000] {sql.py:562} INFO - Rows affected: 1
[2026-09-07T06:11:05.298+0000] {sql.py:553} INFO - Running statement: 
        INSERT INTO steam_game_regions (
            snapshot_date, appid, game_name, region_code, region_name,
            country_iso3, country_name, player_count, share_percentage, peak_time_bkk, created_at
        ) VALUES (
            %s, %s, %s, %s, %s,
            %s, %s, %s, %s, %s, NOW()
        ) ON CONFLICT (snapshot_date, appid, region_code, country_iso3) DO UPDATE SET
            player_count = EXCLUDED.player_count,
            share_percentage = EXCLUDED.share_percentage,
            peak_time_bkk = EXCLUDED.peak_time_bkk;
        , parameters: ('2026-09-07', 431960, 'Wallpaper Engine', 'LATIN_AMERICA', 'ลาตินอเมริกา', 'ARG', 'อาร์เจนตินา', 998, 1.46, '05:00 - 09:00 น.')
[2026-09-07T06:11:05.300+0000] {sql.py:562} INFO - Rows affected: 1
[2026-09-07T06:11:05.308+0000] {sql.py:553} INFO - Running statement: 
        INSERT INTO steam_game_regions (
            snapshot_date, appid, game_name, region_code, region_name,
            country_iso3, country_name, player_count, share_percentage, peak_time_bkk, created_at
        ) VALUES (
            %s, %s, %s, %s, %s,
            %s, %s, %s, %s, %s, NOW()
        ) ON CONFLICT (snapshot_date, appid, region_code, country_iso3) DO UPDATE SET
            player_count = EXCLUDED.player_count,
            share_percentage = EXCLUDED.share_percentage,
            peak_time_bkk = EXCLUDED.peak_time_bkk;
        , parameters: ('2026-09-07', 431960, 'Wallpaper Engine', 'OCEANIA', 'โอเชียเนีย', 'AUS', 'ออสเตรเลีย', 998, 1.46, '16:00 - 20:00 น.')
[2026-09-07T06:11:05.310+0000] {sql.py:562} INFO - Rows affected: 1
[2026-09-07T06:11:05.318+0000] {sql.py:553} INFO - Running statement: 
        INSERT INTO steam_game_regions (
            snapshot_date, appid, game_name, region_code, region_name,
            country_iso3, country_name, player_count, share_percentage, peak_time_bkk, created_at
        ) VALUES (
            %s, %s, %s, %s, %s,
            %s, %s, %s, %s, %s, NOW()
        ) ON CONFLICT (snapshot_date, appid, region_code, country_iso3) DO UPDATE SET
            player_count = EXCLUDED.player_count,
            share_percentage = EXCLUDED.share_percentage,
            peak_time_bkk = EXCLUDED.peak_time_bkk;
        , parameters: ('2026-09-07', 291550, 'Brawlhalla', 'ASIA_EAST', 'เอเชียตะวันออก', 'CHN', 'จีน', 1938, 27.18, '19:00 - 23:00 น.')
[2026-09-07T06:11:05.320+0000] {sql.py:562} INFO - Rows affected: 1
[2026-09-07T06:11:05.328+0000] {sql.py:553} INFO - Running statement: 
        INSERT INTO steam_game_regions (
            snapshot_date, appid, game_name, region_code, region_name,
            country_iso3, country_name, player_count, share_percentage, peak_time_bkk, created_at
        ) VALUES (
            %s, %s, %s, %s, %s,
            %s, %s, %s, %s, %s, NOW()
        ) ON CONFLICT (snapshot_date, appid, region_code, country_iso3) DO UPDATE SET
            player_count = EXCLUDED.player_count,
            share_percentage = EXCLUDED.share_percentage,
            peak_time_bkk = EXCLUDED.peak_time_bkk;
        , parameters: ('2026-09-07', 291550, 'Brawlhalla', 'ASIA_EAST', 'เอเชียตะวันออก', 'JPN', 'ญี่ปุ่น', 346, 4.85, '19:00 - 23:00 น.')
[2026-09-07T06:11:05.331+0000] {sql.py:562} INFO - Rows affected: 1
[2026-09-07T06:11:05.340+0000] {sql.py:553} INFO - Running statement: 
        INSERT INTO steam_game_regions (
            snapshot_date, appid, game_name, region_code, region_name,
            country_iso3, country_name, player_count, share_percentage, peak_time_bkk, created_at
        ) VALUES (
            %s, %s, %s, %s, %s,
            %s, %s, %s, %s, %s, NOW()
        ) ON CONFLICT (snapshot_date, appid, region_code, country_iso3) DO UPDATE SET
            player_count = EXCLUDED.player_count,
            share_percentage = EXCLUDED.share_percentage,
            peak_time_bkk = EXCLUDED.peak_time_bkk;
        , parameters: ('2026-09-07', 291550, 'Brawlhalla', 'ASIA_EAST', 'เอเชียตะวันออก', 'KOR', 'เกาหลีใต้', 277, 3.88, '19:00 - 23:00 น.')
[2026-09-07T06:11:05.342+0000] {sql.py:562} INFO - Rows affected: 1
[2026-09-07T06:11:05.351+0000] {sql.py:553} INFO - Running statement: 
        INSERT INTO steam_game_regions (
            snapshot_date, appid, game_name, region_code, region_name,
            country_iso3, country_name, player_count, share_percentage, peak_time_bkk, created_at
        ) VALUES (
            %s, %s, %s, %s, %s,
            %s, %s, %s, %s, %s, NOW()
        ) ON CONFLICT (snapshot_date, appid, region_code, country_iso3) DO UPDATE SET
            player_count = EXCLUDED.player_count,
            share_percentage = EXCLUDED.share_percentage,
            peak_time_bkk = EXCLUDED.peak_time_bkk;
        , parameters: ('2026-09-07', 291550, 'Brawlhalla', 'ASIA_EAST', 'เอเชียตะวันออก', 'TWN', 'ไต้หวัน', 138, 1.94, '19:00 - 23:00 น.')
[2026-09-07T06:11:05.353+0000] {sql.py:562} INFO - Rows affected: 1
[2026-09-07T06:11:05.361+0000] {sql.py:553} INFO - Running statement: 
        INSERT INTO steam_game_regions (
            snapshot_date, appid, game_name, region_code, region_name,
            country_iso3, country_name, player_count, share_percentage, peak_time_bkk, created_at
        ) VALUES (
            %s, %s, %s, %s, %s,
            %s, %s, %s, %s, %s, NOW()
        ) ON CONFLICT (snapshot_date, appid, region_code, country_iso3) DO UPDATE SET
            player_count = EXCLUDED.player_count,
            share_percentage = EXCLUDED.share_percentage,
            peak_time_bkk = EXCLUDED.peak_time_bkk;
        , parameters: ('2026-09-07', 291550, 'Brawlhalla', 'ASIA_SEA', 'เอเชียตะวันออกเฉียงใต้', 'THA', 'ประเทศไทย', 311, 4.37, '20:00 - 00:00 น.')
[2026-09-07T06:11:05.363+0000] {sql.py:562} INFO - Rows affected: 1
[2026-09-07T06:11:05.372+0000] {sql.py:553} INFO - Running statement: 
        INSERT INTO steam_game_regions (
            snapshot_date, appid, game_name, region_code, region_name,
            country_iso3, country_name, player_count, share_percentage, peak_time_bkk, created_at
        ) VALUES (
            %s, %s, %s, %s, %s,
            %s, %s, %s, %s, %s, NOW()
        ) ON CONFLICT (snapshot_date, appid, region_code, country_iso3) DO UPDATE SET
            player_count = EXCLUDED.player_count,
            share_percentage = EXCLUDED.share_percentage,
            peak_time_bkk = EXCLUDED.peak_time_bkk;
        , parameters: ('2026-09-07', 291550, 'Brawlhalla', 'ASIA_SEA', 'เอเชียตะวันออกเฉียงใต้', 'VNM', 'เวียดนาม', 242, 3.4, '20:00 - 00:00 น.')
[2026-09-07T06:11:05.374+0000] {sql.py:562} INFO - Rows affected: 1
[2026-09-07T06:11:05.383+0000] {sql.py:553} INFO - Running statement: 
        INSERT INTO steam_game_regions (
            snapshot_date, appid, game_name, region_code, region_name,
            country_iso3, country_name, player_count, share_percentage, peak_time_bkk, created_at
        ) VALUES (
            %s, %s, %s, %s, %s,
            %s, %s, %s, %s, %s, NOW()
        ) ON CONFLICT (snapshot_date, appid, region_code, country_iso3) DO UPDATE SET
            player_count = EXCLUDED.player_count,
            share_percentage = EXCLUDED.share_percentage,
            peak_time_bkk = EXCLUDED.peak_time_bkk;
        , parameters: ('2026-09-07', 291550, 'Brawlhalla', 'ASIA_SEA', 'เอเชียตะวันออกเฉียงใต้', 'IDN', 'อินโดนีเซีย', 208, 2.91, '20:00 - 00:00 น.')
[2026-09-07T06:11:05.385+0000] {sql.py:562} INFO - Rows affected: 1
[2026-09-07T06:11:05.393+0000] {sql.py:553} INFO - Running statement: 
        INSERT INTO steam_game_regions (
            snapshot_date, appid, game_name, region_code, region_name,
            country_iso3, country_name, player_count, share_percentage, peak_time_bkk, created_at
        ) VALUES (
            %s, %s, %s, %s, %s,
            %s, %s, %s, %s, %s, NOW()
        ) ON CONFLICT (snapshot_date, appid, region_code, country_iso3) DO UPDATE SET
            player_count = EXCLUDED.player_count,
            share_percentage = EXCLUDED.share_percentage,
            peak_time_bkk = EXCLUDED.peak_time_bkk;
        , parameters: ('2026-09-07', 291550, 'Brawlhalla', 'ASIA_SEA', 'เอเชียตะวันออกเฉียงใต้', 'PHL', 'ฟิลิปปินส์', 173, 2.43, '20:00 - 00:00 น.')
[2026-09-07T06:11:05.395+0000] {sql.py:562} INFO - Rows affected: 1
[2026-09-07T06:11:05.404+0000] {sql.py:553} INFO - Running statement: 
        INSERT INTO steam_game_regions (
            snapshot_date, appid, game_name, region_code, region_name,
            country_iso3, country_name, player_count, share_percentage, peak_time_bkk, created_at
        ) VALUES (
            %s, %s, %s, %s, %s,
            %s, %s, %s, %s, %s, NOW()
        ) ON CONFLICT (snapshot_date, appid, region_code, country_iso3) DO UPDATE SET
            player_count = EXCLUDED.player_count,
            share_percentage = EXCLUDED.share_percentage,
            peak_time_bkk = EXCLUDED.peak_time_bkk;
        , parameters: ('2026-09-07', 291550, 'Brawlhalla', 'ASIA_SEA', 'เอเชียตะวันออกเฉียงใต้', 'MYS', 'มาเลเซีย', 104, 1.46, '20:00 - 00:00 น.')
[2026-09-07T06:11:05.406+0000] {sql.py:562} INFO - Rows affected: 1
[2026-09-07T06:11:05.414+0000] {sql.py:553} INFO - Running statement: 
        INSERT INTO steam_game_regions (
            snapshot_date, appid, game_name, region_code, region_name,
            country_iso3, country_name, player_count, share_percentage, peak_time_bkk, created_at
        ) VALUES (
            %s, %s, %s, %s, %s,
            %s, %s, %s, %s, %s, NOW()
        ) ON CONFLICT (snapshot_date, appid, region_code, country_iso3) DO UPDATE SET
            player_count = EXCLUDED.player_count,
            share_percentage = EXCLUDED.share_percentage,
            peak_time_bkk = EXCLUDED.peak_time_bkk;
        , parameters: ('2026-09-07', 291550, 'Brawlhalla', 'ASIA_SEA', 'เอเชียตะวันออกเฉียงใต้', 'SGP', 'สิงคโปร์', 69, 0.97, '20:00 - 00:00 น.')
[2026-09-07T06:11:05.418+0000] {sql.py:562} INFO - Rows affected: 1
[2026-09-07T06:11:05.428+0000] {sql.py:553} INFO - Running statement: 
        INSERT INTO steam_game_regions (
            snapshot_date, appid, game_name, region_code, region_name,
            country_iso3, country_name, player_count, share_percentage, peak_time_bkk, created_at
        ) VALUES (
            %s, %s, %s, %s, %s,
            %s, %s, %s, %s, %s, NOW()
        ) ON CONFLICT (snapshot_date, appid, region_code, country_iso3) DO UPDATE SET
            player_count = EXCLUDED.player_count,
            share_percentage = EXCLUDED.share_percentage,
            peak_time_bkk = EXCLUDED.peak_time_bkk;
        , parameters: ('2026-09-07', 291550, 'Brawlhalla', 'EUROPE', 'ยุโรป', 'RUS', 'รัสเซีย', 831, 11.65, '22:00 - 02:00 น.')
[2026-09-07T06:11:05.431+0000] {sql.py:562} INFO - Rows affected: 1
[2026-09-07T06:11:05.452+0000] {sql.py:553} INFO - Running statement: 
        INSERT INTO steam_game_regions (
            snapshot_date, appid, game_name, region_code, region_name,
            country_iso3, country_name, player_count, share_percentage, peak_time_bkk, created_at
        ) VALUES (
            %s, %s, %s, %s, %s,
            %s, %s, %s, %s, %s, NOW()
        ) ON CONFLICT (snapshot_date, appid, region_code, country_iso3) DO UPDATE SET
            player_count = EXCLUDED.player_count,
            share_percentage = EXCLUDED.share_percentage,
            peak_time_bkk = EXCLUDED.peak_time_bkk;
        , parameters: ('2026-09-07', 291550, 'Brawlhalla', 'EUROPE', 'ยุโรป', 'DEU', 'เยอรมนี', 415, 5.83, '00:00 - 04:00 น.')
[2026-09-07T06:11:05.455+0000] {sql.py:562} INFO - Rows affected: 1
[2026-09-07T06:11:05.470+0000] {sql.py:553} INFO - Running statement: 
        INSERT INTO steam_game_regions (
            snapshot_date, appid, game_name, region_code, region_name,
            country_iso3, country_name, player_count, share_percentage, peak_time_bkk, created_at
        ) VALUES (
            %s, %s, %s, %s, %s,
            %s, %s, %s, %s, %s, NOW()
        ) ON CONFLICT (snapshot_date, appid, region_code, country_iso3) DO UPDATE SET
            player_count = EXCLUDED.player_count,
            share_percentage = EXCLUDED.share_percentage,
            peak_time_bkk = EXCLUDED.peak_time_bkk;
        , parameters: ('2026-09-07', 291550, 'Brawlhalla', 'EUROPE', 'ยุโรป', 'GBR', 'สหราชอาณาจักร', 277, 3.88, '01:00 - 05:00 น.')
[2026-09-07T06:11:05.474+0000] {sql.py:562} INFO - Rows affected: 1
[2026-09-07T06:11:05.487+0000] {sql.py:553} INFO - Running statement: 
        INSERT INTO steam_game_regions (
            snapshot_date, appid, game_name, region_code, region_name,
            country_iso3, country_name, player_count, share_percentage, peak_time_bkk, created_at
        ) VALUES (
            %s, %s, %s, %s, %s,
            %s, %s, %s, %s, %s, NOW()
        ) ON CONFLICT (snapshot_date, appid, region_code, country_iso3) DO UPDATE SET
            player_count = EXCLUDED.player_count,
            share_percentage = EXCLUDED.share_percentage,
            peak_time_bkk = EXCLUDED.peak_time_bkk;
        , parameters: ('2026-09-07', 291550, 'Brawlhalla', 'EUROPE', 'ยุโรป', 'FRA', 'ฝรั่งเศส', 208, 2.91, '00:00 - 04:00 น.')
[2026-09-07T06:11:05.489+0000] {sql.py:562} INFO - Rows affected: 1
[2026-09-07T06:11:05.500+0000] {sql.py:553} INFO - Running statement: 
        INSERT INTO steam_game_regions (
            snapshot_date, appid, game_name, region_code, region_name,
            country_iso3, country_name, player_count, share_percentage, peak_time_bkk, created_at
        ) VALUES (
            %s, %s, %s, %s, %s,
            %s, %s, %s, %s, %s, NOW()
        ) ON CONFLICT (snapshot_date, appid, region_code, country_iso3) DO UPDATE SET
            player_count = EXCLUDED.player_count,
            share_percentage = EXCLUDED.share_percentage,
            peak_time_bkk = EXCLUDED.peak_time_bkk;
        , parameters: ('2026-09-07', 291550, 'Brawlhalla', 'EUROPE', 'ยุโรป', 'POL', 'โปแลนด์', 208, 2.91, '00:00 - 04:00 น.')
[2026-09-07T06:11:05.504+0000] {sql.py:562} INFO - Rows affected: 1
[2026-09-07T06:11:05.513+0000] {sql.py:553} INFO - Running statement: 
        INSERT INTO steam_game_regions (
            snapshot_date, appid, game_name, region_code, region_name,
            country_iso3, country_name, player_count, share_percentage, peak_time_bkk, created_at
        ) VALUES (
            %s, %s, %s, %s, %s,
            %s, %s, %s, %s, %s, NOW()
        ) ON CONFLICT (snapshot_date, appid, region_code, country_iso3) DO UPDATE SET
            player_count = EXCLUDED.player_count,
            share_percentage = EXCLUDED.share_percentage,
            peak_time_bkk = EXCLUDED.peak_time_bkk;
        , parameters: ('2026-09-07', 291550, 'Brawlhalla', 'NORTH_AMERICA', 'อเมริกาเหนือ', 'USA', 'สหรัฐอเมริกา', 761, 10.68, '07:00 - 11:00 น.')
[2026-09-07T06:11:05.516+0000] {sql.py:562} INFO - Rows affected: 1
[2026-09-07T06:11:05.525+0000] {sql.py:553} INFO - Running statement: 
        INSERT INTO steam_game_regions (
            snapshot_date, appid, game_name, region_code, region_name,
            country_iso3, country_name, player_count, share_percentage, peak_time_bkk, created_at
        ) VALUES (
            %s, %s, %s, %s, %s,
            %s, %s, %s, %s, %s, NOW()
        ) ON CONFLICT (snapshot_date, appid, region_code, country_iso3) DO UPDATE SET
            player_count = EXCLUDED.player_count,
            share_percentage = EXCLUDED.share_percentage,
            peak_time_bkk = EXCLUDED.peak_time_bkk;
        , parameters: ('2026-09-07', 291550, 'Brawlhalla', 'NORTH_AMERICA', 'อเมริกาเหนือ', 'CAN', 'แคนาดา', 138, 1.94, '07:00 - 11:00 น.')
[2026-09-07T06:11:05.529+0000] {sql.py:562} INFO - Rows affected: 1
[2026-09-07T06:11:05.539+0000] {sql.py:553} INFO - Running statement: 
        INSERT INTO steam_game_regions (
            snapshot_date, appid, game_name, region_code, region_name,
            country_iso3, country_name, player_count, share_percentage, peak_time_bkk, created_at
        ) VALUES (
            %s, %s, %s, %s, %s,
            %s, %s, %s, %s, %s, NOW()
        ) ON CONFLICT (snapshot_date, appid, region_code, country_iso3) DO UPDATE SET
            player_count = EXCLUDED.player_count,
            share_percentage = EXCLUDED.share_percentage,
            peak_time_bkk = EXCLUDED.peak_time_bkk;
        , parameters: ('2026-09-07', 291550, 'Brawlhalla', 'LATIN_AMERICA', 'ลาตินอเมริกา', 'BRA', 'บราซิล', 277, 3.88, '05:00 - 09:00 น.')
[2026-09-07T06:11:05.541+0000] {sql.py:562} INFO - Rows affected: 1
[2026-09-07T06:11:05.550+0000] {sql.py:553} INFO - Running statement: 
        INSERT INTO steam_game_regions (
            snapshot_date, appid, game_name, region_code, region_name,
            country_iso3, country_name, player_count, share_percentage, peak_time_bkk, created_at
        ) VALUES (
            %s, %s, %s, %s, %s,
            %s, %s, %s, %s, %s, NOW()
        ) ON CONFLICT (snapshot_date, appid, region_code, country_iso3) DO UPDATE SET
            player_count = EXCLUDED.player_count,
            share_percentage = EXCLUDED.share_percentage,
            peak_time_bkk = EXCLUDED.peak_time_bkk;
        , parameters: ('2026-09-07', 291550, 'Brawlhalla', 'LATIN_AMERICA', 'ลาตินอเมริกา', 'ARG', 'อาร์เจนตินา', 104, 1.46, '05:00 - 09:00 น.')
[2026-09-07T06:11:05.553+0000] {sql.py:562} INFO - Rows affected: 1
[2026-09-07T06:11:05.562+0000] {sql.py:553} INFO - Running statement: 
        INSERT INTO steam_game_regions (
            snapshot_date, appid, game_name, region_code, region_name,
            country_iso3, country_name, player_count, share_percentage, peak_time_bkk, created_at
        ) VALUES (
            %s, %s, %s, %s, %s,
            %s, %s, %s, %s, %s, NOW()
        ) ON CONFLICT (snapshot_date, appid, region_code, country_iso3) DO UPDATE SET
            player_count = EXCLUDED.player_count,
            share_percentage = EXCLUDED.share_percentage,
            peak_time_bkk = EXCLUDED.peak_time_bkk;
        , parameters: ('2026-09-07', 291550, 'Brawlhalla', 'OCEANIA', 'โอเชียเนีย', 'AUS', 'ออสเตรเลีย', 104, 1.46, '16:00 - 20:00 น.')
[2026-09-07T06:11:05.565+0000] {sql.py:562} INFO - Rows affected: 1
[2026-09-07T06:11:05.575+0000] {sql.py:553} INFO - Running statement: 
        INSERT INTO steam_game_regions (
            snapshot_date, appid, game_name, region_code, region_name,
            country_iso3, country_name, player_count, share_percentage, peak_time_bkk, created_at
        ) VALUES (
            %s, %s, %s, %s, %s,
            %s, %s, %s, %s, %s, NOW()
        ) ON CONFLICT (snapshot_date, appid, region_code, country_iso3) DO UPDATE SET
            player_count = EXCLUDED.player_count,
            share_percentage = EXCLUDED.share_percentage,
            peak_time_bkk = EXCLUDED.peak_time_bkk;
        , parameters: ('2026-09-07', 252490, 'Rust', 'ASIA_EAST', 'เอเชียตะวันออก', 'CHN', 'จีน', 16891, 27.18, '19:00 - 23:00 น.')
[2026-09-07T06:11:05.578+0000] {sql.py:562} INFO - Rows affected: 1
[2026-09-07T06:11:05.586+0000] {sql.py:553} INFO - Running statement: 
        INSERT INTO steam_game_regions (
            snapshot_date, appid, game_name, region_code, region_name,
            country_iso3, country_name, player_count, share_percentage, peak_time_bkk, created_at
        ) VALUES (
            %s, %s, %s, %s, %s,
            %s, %s, %s, %s, %s, NOW()
        ) ON CONFLICT (snapshot_date, appid, region_code, country_iso3) DO UPDATE SET
            player_count = EXCLUDED.player_count,
            share_percentage = EXCLUDED.share_percentage,
            peak_time_bkk = EXCLUDED.peak_time_bkk;
        , parameters: ('2026-09-07', 252490, 'Rust', 'ASIA_EAST', 'เอเชียตะวันออก', 'JPN', 'ญี่ปุ่น', 3016, 4.85, '19:00 - 23:00 น.')
[2026-09-07T06:11:05.588+0000] {sql.py:562} INFO - Rows affected: 1
[2026-09-07T06:11:05.598+0000] {sql.py:553} INFO - Running statement: 
        INSERT INTO steam_game_regions (
            snapshot_date, appid, game_name, region_code, region_name,
            country_iso3, country_name, player_count, share_percentage, peak_time_bkk, created_at
        ) VALUES (
            %s, %s, %s, %s, %s,
            %s, %s, %s, %s, %s, NOW()
        ) ON CONFLICT (snapshot_date, appid, region_code, country_iso3) DO UPDATE SET
            player_count = EXCLUDED.player_count,
            share_percentage = EXCLUDED.share_percentage,
            peak_time_bkk = EXCLUDED.peak_time_bkk;
        , parameters: ('2026-09-07', 252490, 'Rust', 'ASIA_EAST', 'เอเชียตะวันออก', 'KOR', 'เกาหลีใต้', 2413, 3.88, '19:00 - 23:00 น.')
[2026-09-07T06:11:05.600+0000] {sql.py:562} INFO - Rows affected: 1
[2026-09-07T06:11:05.608+0000] {sql.py:553} INFO - Running statement: 
        INSERT INTO steam_game_regions (
            snapshot_date, appid, game_name, region_code, region_name,
            country_iso3, country_name, player_count, share_percentage, peak_time_bkk, created_at
        ) VALUES (
            %s, %s, %s, %s, %s,
            %s, %s, %s, %s, %s, NOW()
        ) ON CONFLICT (snapshot_date, appid, region_code, country_iso3) DO UPDATE SET
            player_count = EXCLUDED.player_count,
            share_percentage = EXCLUDED.share_percentage,
            peak_time_bkk = EXCLUDED.peak_time_bkk;
        , parameters: ('2026-09-07', 252490, 'Rust', 'ASIA_EAST', 'เอเชียตะวันออก', 'TWN', 'ไต้หวัน', 1207, 1.94, '19:00 - 23:00 น.')
[2026-09-07T06:11:05.610+0000] {sql.py:562} INFO - Rows affected: 1
[2026-09-07T06:11:05.618+0000] {sql.py:553} INFO - Running statement: 
        INSERT INTO steam_game_regions (
            snapshot_date, appid, game_name, region_code, region_name,
            country_iso3, country_name, player_count, share_percentage, peak_time_bkk, created_at
        ) VALUES (
            %s, %s, %s, %s, %s,
            %s, %s, %s, %s, %s, NOW()
        ) ON CONFLICT (snapshot_date, appid, region_code, country_iso3) DO UPDATE SET
            player_count = EXCLUDED.player_count,
            share_percentage = EXCLUDED.share_percentage,
            peak_time_bkk = EXCLUDED.peak_time_bkk;
        , parameters: ('2026-09-07', 252490, 'Rust', 'ASIA_SEA', 'เอเชียตะวันออกเฉียงใต้', 'THA', 'ประเทศไทย', 2715, 4.37, '20:00 - 00:00 น.')
[2026-09-07T06:11:05.621+0000] {sql.py:562} INFO - Rows affected: 1
[2026-09-07T06:11:05.630+0000] {sql.py:553} INFO - Running statement: 
        INSERT INTO steam_game_regions (
            snapshot_date, appid, game_name, region_code, region_name,
            country_iso3, country_name, player_count, share_percentage, peak_time_bkk, created_at
        ) VALUES (
            %s, %s, %s, %s, %s,
            %s, %s, %s, %s, %s, NOW()
        ) ON CONFLICT (snapshot_date, appid, region_code, country_iso3) DO UPDATE SET
            player_count = EXCLUDED.player_count,
            share_percentage = EXCLUDED.share_percentage,
            peak_time_bkk = EXCLUDED.peak_time_bkk;
        , parameters: ('2026-09-07', 252490, 'Rust', 'ASIA_SEA', 'เอเชียตะวันออกเฉียงใต้', 'VNM', 'เวียดนาม', 2111, 3.4, '20:00 - 00:00 น.')
[2026-09-07T06:11:05.632+0000] {sql.py:562} INFO - Rows affected: 1
[2026-09-07T06:11:05.640+0000] {sql.py:553} INFO - Running statement: 
        INSERT INTO steam_game_regions (
            snapshot_date, appid, game_name, region_code, region_name,
            country_iso3, country_name, player_count, share_percentage, peak_time_bkk, created_at
        ) VALUES (
            %s, %s, %s, %s, %s,
            %s, %s, %s, %s, %s, NOW()
        ) ON CONFLICT (snapshot_date, appid, region_code, country_iso3) DO UPDATE SET
            player_count = EXCLUDED.player_count,
            share_percentage = EXCLUDED.share_percentage,
            peak_time_bkk = EXCLUDED.peak_time_bkk;
        , parameters: ('2026-09-07', 252490, 'Rust', 'ASIA_SEA', 'เอเชียตะวันออกเฉียงใต้', 'IDN', 'อินโดนีเซีย', 1810, 2.91, '20:00 - 00:00 น.')
[2026-09-07T06:11:05.642+0000] {sql.py:562} INFO - Rows affected: 1
[2026-09-07T06:11:05.650+0000] {sql.py:553} INFO - Running statement: 
        INSERT INTO steam_game_regions (
            snapshot_date, appid, game_name, region_code, region_name,
            country_iso3, country_name, player_count, share_percentage, peak_time_bkk, created_at
        ) VALUES (
            %s, %s, %s, %s, %s,
            %s, %s, %s, %s, %s, NOW()
        ) ON CONFLICT (snapshot_date, appid, region_code, country_iso3) DO UPDATE SET
            player_count = EXCLUDED.player_count,
            share_percentage = EXCLUDED.share_percentage,
            peak_time_bkk = EXCLUDED.peak_time_bkk;
        , parameters: ('2026-09-07', 252490, 'Rust', 'ASIA_SEA', 'เอเชียตะวันออกเฉียงใต้', 'PHL', 'ฟิลิปปินส์', 1508, 2.43, '20:00 - 00:00 น.')
[2026-09-07T06:11:05.652+0000] {sql.py:562} INFO - Rows affected: 1
[2026-09-07T06:11:05.660+0000] {sql.py:553} INFO - Running statement: 
        INSERT INTO steam_game_regions (
            snapshot_date, appid, game_name, region_code, region_name,
            country_iso3, country_name, player_count, share_percentage, peak_time_bkk, created_at
        ) VALUES (
            %s, %s, %s, %s, %s,
            %s, %s, %s, %s, %s, NOW()
        ) ON CONFLICT (snapshot_date, appid, region_code, country_iso3) DO UPDATE SET
            player_count = EXCLUDED.player_count,
            share_percentage = EXCLUDED.share_percentage,
            peak_time_bkk = EXCLUDED.peak_time_bkk;
        , parameters: ('2026-09-07', 252490, 'Rust', 'ASIA_SEA', 'เอเชียตะวันออกเฉียงใต้', 'MYS', 'มาเลเซีย', 905, 1.46, '20:00 - 00:00 น.')
[2026-09-07T06:11:05.663+0000] {sql.py:562} INFO - Rows affected: 1
[2026-09-07T06:11:05.671+0000] {sql.py:553} INFO - Running statement: 
        INSERT INTO steam_game_regions (
            snapshot_date, appid, game_name, region_code, region_name,
            country_iso3, country_name, player_count, share_percentage, peak_time_bkk, created_at
        ) VALUES (
            %s, %s, %s, %s, %s,
            %s, %s, %s, %s, %s, NOW()
        ) ON CONFLICT (snapshot_date, appid, region_code, country_iso3) DO UPDATE SET
            player_count = EXCLUDED.player_count,
            share_percentage = EXCLUDED.share_percentage,
            peak_time_bkk = EXCLUDED.peak_time_bkk;
        , parameters: ('2026-09-07', 252490, 'Rust', 'ASIA_SEA', 'เอเชียตะวันออกเฉียงใต้', 'SGP', 'สิงคโปร์', 603, 0.97, '20:00 - 00:00 น.')
[2026-09-07T06:11:05.673+0000] {sql.py:562} INFO - Rows affected: 1
[2026-09-07T06:11:05.681+0000] {sql.py:553} INFO - Running statement: 
        INSERT INTO steam_game_regions (
            snapshot_date, appid, game_name, region_code, region_name,
            country_iso3, country_name, player_count, share_percentage, peak_time_bkk, created_at
        ) VALUES (
            %s, %s, %s, %s, %s,
            %s, %s, %s, %s, %s, NOW()
        ) ON CONFLICT (snapshot_date, appid, region_code, country_iso3) DO UPDATE SET
            player_count = EXCLUDED.player_count,
            share_percentage = EXCLUDED.share_percentage,
            peak_time_bkk = EXCLUDED.peak_time_bkk;
        , parameters: ('2026-09-07', 252490, 'Rust', 'EUROPE', 'ยุโรป', 'RUS', 'รัสเซีย', 7239, 11.65, '22:00 - 02:00 น.')
[2026-09-07T06:11:05.683+0000] {sql.py:562} INFO - Rows affected: 1
[2026-09-07T06:11:05.692+0000] {sql.py:553} INFO - Running statement: 
        INSERT INTO steam_game_regions (
            snapshot_date, appid, game_name, region_code, region_name,
            country_iso3, country_name, player_count, share_percentage, peak_time_bkk, created_at
        ) VALUES (
            %s, %s, %s, %s, %s,
            %s, %s, %s, %s, %s, NOW()
        ) ON CONFLICT (snapshot_date, appid, region_code, country_iso3) DO UPDATE SET
            player_count = EXCLUDED.player_count,
            share_percentage = EXCLUDED.share_percentage,
            peak_time_bkk = EXCLUDED.peak_time_bkk;
        , parameters: ('2026-09-07', 252490, 'Rust', 'EUROPE', 'ยุโรป', 'DEU', 'เยอรมนี', 3620, 5.83, '00:00 - 04:00 น.')
[2026-09-07T06:11:05.695+0000] {sql.py:562} INFO - Rows affected: 1
[2026-09-07T06:11:05.703+0000] {sql.py:553} INFO - Running statement: 
        INSERT INTO steam_game_regions (
            snapshot_date, appid, game_name, region_code, region_name,
            country_iso3, country_name, player_count, share_percentage, peak_time_bkk, created_at
        ) VALUES (
            %s, %s, %s, %s, %s,
            %s, %s, %s, %s, %s, NOW()
        ) ON CONFLICT (snapshot_date, appid, region_code, country_iso3) DO UPDATE SET
            player_count = EXCLUDED.player_count,
            share_percentage = EXCLUDED.share_percentage,
            peak_time_bkk = EXCLUDED.peak_time_bkk;
        , parameters: ('2026-09-07', 252490, 'Rust', 'EUROPE', 'ยุโรป', 'GBR', 'สหราชอาณาจักร', 2413, 3.88, '01:00 - 05:00 น.')
[2026-09-07T06:11:05.705+0000] {sql.py:562} INFO - Rows affected: 1
[2026-09-07T06:11:05.713+0000] {sql.py:553} INFO - Running statement: 
        INSERT INTO steam_game_regions (
            snapshot_date, appid, game_name, region_code, region_name,
            country_iso3, country_name, player_count, share_percentage, peak_time_bkk, created_at
        ) VALUES (
            %s, %s, %s, %s, %s,
            %s, %s, %s, %s, %s, NOW()
        ) ON CONFLICT (snapshot_date, appid, region_code, country_iso3) DO UPDATE SET
            player_count = EXCLUDED.player_count,
            share_percentage = EXCLUDED.share_percentage,
            peak_time_bkk = EXCLUDED.peak_time_bkk;
        , parameters: ('2026-09-07', 252490, 'Rust', 'EUROPE', 'ยุโรป', 'FRA', 'ฝรั่งเศส', 1810, 2.91, '00:00 - 04:00 น.')
[2026-09-07T06:11:05.715+0000] {sql.py:562} INFO - Rows affected: 1
[2026-09-07T06:11:05.722+0000] {sql.py:553} INFO - Running statement: 
        INSERT INTO steam_game_regions (
            snapshot_date, appid, game_name, region_code, region_name,
            country_iso3, country_name, player_count, share_percentage, peak_time_bkk, created_at
        ) VALUES (
            %s, %s, %s, %s, %s,
            %s, %s, %s, %s, %s, NOW()
        ) ON CONFLICT (snapshot_date, appid, region_code, country_iso3) DO UPDATE SET
            player_count = EXCLUDED.player_count,
            share_percentage = EXCLUDED.share_percentage,
            peak_time_bkk = EXCLUDED.peak_time_bkk;
        , parameters: ('2026-09-07', 252490, 'Rust', 'EUROPE', 'ยุโรป', 'POL', 'โปแลนด์', 1810, 2.91, '00:00 - 04:00 น.')
[2026-09-07T06:11:05.724+0000] {sql.py:562} INFO - Rows affected: 1
[2026-09-07T06:11:05.733+0000] {sql.py:553} INFO - Running statement: 
        INSERT INTO steam_game_regions (
            snapshot_date, appid, game_name, region_code, region_name,
            country_iso3, country_name, player_count, share_percentage, peak_time_bkk, created_at
        ) VALUES (
            %s, %s, %s, %s, %s,
            %s, %s, %s, %s, %s, NOW()
        ) ON CONFLICT (snapshot_date, appid, region_code, country_iso3) DO UPDATE SET
            player_count = EXCLUDED.player_count,
            share_percentage = EXCLUDED.share_percentage,
            peak_time_bkk = EXCLUDED.peak_time_bkk;
        , parameters: ('2026-09-07', 252490, 'Rust', 'NORTH_AMERICA', 'อเมริกาเหนือ', 'USA', 'สหรัฐอเมริกา', 6636, 10.68, '07:00 - 11:00 น.')
[2026-09-07T06:11:05.736+0000] {sql.py:562} INFO - Rows affected: 1
[2026-09-07T06:11:05.750+0000] {sql.py:553} INFO - Running statement: 
        INSERT INTO steam_game_regions (
            snapshot_date, appid, game_name, region_code, region_name,
            country_iso3, country_name, player_count, share_percentage, peak_time_bkk, created_at
        ) VALUES (
            %s, %s, %s, %s, %s,
            %s, %s, %s, %s, %s, NOW()
        ) ON CONFLICT (snapshot_date, appid, region_code, country_iso3) DO UPDATE SET
            player_count = EXCLUDED.player_count,
            share_percentage = EXCLUDED.share_percentage,
            peak_time_bkk = EXCLUDED.peak_time_bkk;
        , parameters: ('2026-09-07', 252490, 'Rust', 'NORTH_AMERICA', 'อเมริกาเหนือ', 'CAN', 'แคนาดา', 1207, 1.94, '07:00 - 11:00 น.')
[2026-09-07T06:11:05.753+0000] {sql.py:562} INFO - Rows affected: 1
[2026-09-07T06:11:05.766+0000] {sql.py:553} INFO - Running statement: 
        INSERT INTO steam_game_regions (
            snapshot_date, appid, game_name, region_code, region_name,
            country_iso3, country_name, player_count, share_percentage, peak_time_bkk, created_at
        ) VALUES (
            %s, %s, %s, %s, %s,
            %s, %s, %s, %s, %s, NOW()
        ) ON CONFLICT (snapshot_date, appid, region_code, country_iso3) DO UPDATE SET
            player_count = EXCLUDED.player_count,
            share_percentage = EXCLUDED.share_percentage,
            peak_time_bkk = EXCLUDED.peak_time_bkk;
        , parameters: ('2026-09-07', 252490, 'Rust', 'LATIN_AMERICA', 'ลาตินอเมริกา', 'BRA', 'บราซิล', 2413, 3.88, '05:00 - 09:00 น.')
[2026-09-07T06:11:05.770+0000] {sql.py:562} INFO - Rows affected: 1
[2026-09-07T06:11:05.783+0000] {sql.py:553} INFO - Running statement: 
        INSERT INTO steam_game_regions (
            snapshot_date, appid, game_name, region_code, region_name,
            country_iso3, country_name, player_count, share_percentage, peak_time_bkk, created_at
        ) VALUES (
            %s, %s, %s, %s, %s,
            %s, %s, %s, %s, %s, NOW()
        ) ON CONFLICT (snapshot_date, appid, region_code, country_iso3) DO UPDATE SET
            player_count = EXCLUDED.player_count,
            share_percentage = EXCLUDED.share_percentage,
            peak_time_bkk = EXCLUDED.peak_time_bkk;
        , parameters: ('2026-09-07', 252490, 'Rust', 'LATIN_AMERICA', 'ลาตินอเมริกา', 'ARG', 'อาร์เจนตินา', 905, 1.46, '05:00 - 09:00 น.')
[2026-09-07T06:11:05.786+0000] {sql.py:562} INFO - Rows affected: 1
[2026-09-07T06:11:05.803+0000] {sql.py:553} INFO - Running statement: 
        INSERT INTO steam_game_regions (
            snapshot_date, appid, game_name, region_code, region_name,
            country_iso3, country_name, player_count, share_percentage, peak_time_bkk, created_at
        ) VALUES (
            %s, %s, %s, %s, %s,
            %s, %s, %s, %s, %s, NOW()
        ) ON CONFLICT (snapshot_date, appid, region_code, country_iso3) DO UPDATE SET
            player_count = EXCLUDED.player_count,
            share_percentage = EXCLUDED.share_percentage,
            peak_time_bkk = EXCLUDED.peak_time_bkk;
        , parameters: ('2026-09-07', 252490, 'Rust', 'OCEANIA', 'โอเชียเนีย', 'AUS', 'ออสเตรเลีย', 905, 1.46, '16:00 - 20:00 น.')
[2026-09-07T06:11:05.806+0000] {sql.py:562} INFO - Rows affected: 1
[2026-09-07T06:11:05.814+0000] {sql.py:553} INFO - Running statement: 
        INSERT INTO steam_game_regions (
            snapshot_date, appid, game_name, region_code, region_name,
            country_iso3, country_name, player_count, share_percentage, peak_time_bkk, created_at
        ) VALUES (
            %s, %s, %s, %s, %s,
            %s, %s, %s, %s, %s, NOW()
        ) ON CONFLICT (snapshot_date, appid, region_code, country_iso3) DO UPDATE SET
            player_count = EXCLUDED.player_count,
            share_percentage = EXCLUDED.share_percentage,
            peak_time_bkk = EXCLUDED.peak_time_bkk;
        , parameters: ('2026-09-07', 359550, "Tom Clancy's Rainbow Six Siege", 'ASIA_EAST', 'เอเชียตะวันออก', 'CHN', 'จีน', 16813, 27.18, '19:00 - 23:00 น.')
[2026-09-07T06:11:05.816+0000] {sql.py:562} INFO - Rows affected: 1
[2026-09-07T06:11:05.824+0000] {sql.py:553} INFO - Running statement: 
        INSERT INTO steam_game_regions (
            snapshot_date, appid, game_name, region_code, region_name,
            country_iso3, country_name, player_count, share_percentage, peak_time_bkk, created_at
        ) VALUES (
            %s, %s, %s, %s, %s,
            %s, %s, %s, %s, %s, NOW()
        ) ON CONFLICT (snapshot_date, appid, region_code, country_iso3) DO UPDATE SET
            player_count = EXCLUDED.player_count,
            share_percentage = EXCLUDED.share_percentage,
            peak_time_bkk = EXCLUDED.peak_time_bkk;
        , parameters: ('2026-09-07', 359550, "Tom Clancy's Rainbow Six Siege", 'ASIA_EAST', 'เอเชียตะวันออก', 'JPN', 'ญี่ปุ่น', 3002, 4.85, '19:00 - 23:00 น.')
[2026-09-07T06:11:05.826+0000] {sql.py:562} INFO - Rows affected: 1
[2026-09-07T06:11:05.835+0000] {sql.py:553} INFO - Running statement: 
        INSERT INTO steam_game_regions (
            snapshot_date, appid, game_name, region_code, region_name,
            country_iso3, country_name, player_count, share_percentage, peak_time_bkk, created_at
        ) VALUES (
            %s, %s, %s, %s, %s,
            %s, %s, %s, %s, %s, NOW()
        ) ON CONFLICT (snapshot_date, appid, region_code, country_iso3) DO UPDATE SET
            player_count = EXCLUDED.player_count,
            share_percentage = EXCLUDED.share_percentage,
            peak_time_bkk = EXCLUDED.peak_time_bkk;
        , parameters: ('2026-09-07', 359550, "Tom Clancy's Rainbow Six Siege", 'ASIA_EAST', 'เอเชียตะวันออก', 'KOR', 'เกาหลีใต้', 2402, 3.88, '19:00 - 23:00 น.')
[2026-09-07T06:11:05.837+0000] {sql.py:562} INFO - Rows affected: 1
[2026-09-07T06:11:05.846+0000] {sql.py:553} INFO - Running statement: 
        INSERT INTO steam_game_regions (
            snapshot_date, appid, game_name, region_code, region_name,
            country_iso3, country_name, player_count, share_percentage, peak_time_bkk, created_at
        ) VALUES (
            %s, %s, %s, %s, %s,
            %s, %s, %s, %s, %s, NOW()
        ) ON CONFLICT (snapshot_date, appid, region_code, country_iso3) DO UPDATE SET
            player_count = EXCLUDED.player_count,
            share_percentage = EXCLUDED.share_percentage,
            peak_time_bkk = EXCLUDED.peak_time_bkk;
        , parameters: ('2026-09-07', 359550, "Tom Clancy's Rainbow Six Siege", 'ASIA_EAST', 'เอเชียตะวันออก', 'TWN', 'ไต้หวัน', 1201, 1.94, '19:00 - 23:00 น.')
[2026-09-07T06:11:05.849+0000] {sql.py:562} INFO - Rows affected: 1
[2026-09-07T06:11:05.857+0000] {sql.py:553} INFO - Running statement: 
        INSERT INTO steam_game_regions (
            snapshot_date, appid, game_name, region_code, region_name,
            country_iso3, country_name, player_count, share_percentage, peak_time_bkk, created_at
        ) VALUES (
            %s, %s, %s, %s, %s,
            %s, %s, %s, %s, %s, NOW()
        ) ON CONFLICT (snapshot_date, appid, region_code, country_iso3) DO UPDATE SET
            player_count = EXCLUDED.player_count,
            share_percentage = EXCLUDED.share_percentage,
            peak_time_bkk = EXCLUDED.peak_time_bkk;
        , parameters: ('2026-09-07', 359550, "Tom Clancy's Rainbow Six Siege", 'ASIA_SEA', 'เอเชียตะวันออกเฉียงใต้', 'THA', 'ประเทศไทย', 2702, 4.37, '20:00 - 00:00 น.')
[2026-09-07T06:11:05.860+0000] {sql.py:562} INFO - Rows affected: 1
[2026-09-07T06:11:05.868+0000] {sql.py:553} INFO - Running statement: 
        INSERT INTO steam_game_regions (
            snapshot_date, appid, game_name, region_code, region_name,
            country_iso3, country_name, player_count, share_percentage, peak_time_bkk, created_at
        ) VALUES (
            %s, %s, %s, %s, %s,
            %s, %s, %s, %s, %s, NOW()
        ) ON CONFLICT (snapshot_date, appid, region_code, country_iso3) DO UPDATE SET
            player_count = EXCLUDED.player_count,
            share_percentage = EXCLUDED.share_percentage,
            peak_time_bkk = EXCLUDED.peak_time_bkk;
        , parameters: ('2026-09-07', 359550, "Tom Clancy's Rainbow Six Siege", 'ASIA_SEA', 'เอเชียตะวันออกเฉียงใต้', 'VNM', 'เวียดนาม', 2102, 3.4, '20:00 - 00:00 น.')
[2026-09-07T06:11:05.871+0000] {sql.py:562} INFO - Rows affected: 1
[2026-09-07T06:11:05.879+0000] {sql.py:553} INFO - Running statement: 
        INSERT INTO steam_game_regions (
            snapshot_date, appid, game_name, region_code, region_name,
            country_iso3, country_name, player_count, share_percentage, peak_time_bkk, created_at
        ) VALUES (
            %s, %s, %s, %s, %s,
            %s, %s, %s, %s, %s, NOW()
        ) ON CONFLICT (snapshot_date, appid, region_code, country_iso3) DO UPDATE SET
            player_count = EXCLUDED.player_count,
            share_percentage = EXCLUDED.share_percentage,
            peak_time_bkk = EXCLUDED.peak_time_bkk;
        , parameters: ('2026-09-07', 359550, "Tom Clancy's Rainbow Six Siege", 'ASIA_SEA', 'เอเชียตะวันออกเฉียงใต้', 'IDN', 'อินโดนีเซีย', 1801, 2.91, '20:00 - 00:00 น.')
[2026-09-07T06:11:05.882+0000] {sql.py:562} INFO - Rows affected: 1
[2026-09-07T06:11:05.892+0000] {sql.py:553} INFO - Running statement: 
        INSERT INTO steam_game_regions (
            snapshot_date, appid, game_name, region_code, region_name,
            country_iso3, country_name, player_count, share_percentage, peak_time_bkk, created_at
        ) VALUES (
            %s, %s, %s, %s, %s,
            %s, %s, %s, %s, %s, NOW()
        ) ON CONFLICT (snapshot_date, appid, region_code, country_iso3) DO UPDATE SET
            player_count = EXCLUDED.player_count,
            share_percentage = EXCLUDED.share_percentage,
            peak_time_bkk = EXCLUDED.peak_time_bkk;
        , parameters: ('2026-09-07', 359550, "Tom Clancy's Rainbow Six Siege", 'ASIA_SEA', 'เอเชียตะวันออกเฉียงใต้', 'PHL', 'ฟิลิปปินส์', 1501, 2.43, '20:00 - 00:00 น.')
[2026-09-07T06:11:05.896+0000] {sql.py:562} INFO - Rows affected: 1
[2026-09-07T06:11:05.908+0000] {sql.py:553} INFO - Running statement: 
        INSERT INTO steam_game_regions (
            snapshot_date, appid, game_name, region_code, region_name,
            country_iso3, country_name, player_count, share_percentage, peak_time_bkk, created_at
        ) VALUES (
            %s, %s, %s, %s, %s,
            %s, %s, %s, %s, %s, NOW()
        ) ON CONFLICT (snapshot_date, appid, region_code, country_iso3) DO UPDATE SET
            player_count = EXCLUDED.player_count,
            share_percentage = EXCLUDED.share_percentage,
            peak_time_bkk = EXCLUDED.peak_time_bkk;
        , parameters: ('2026-09-07', 359550, "Tom Clancy's Rainbow Six Siege", 'ASIA_SEA', 'เอเชียตะวันออกเฉียงใต้', 'MYS', 'มาเลเซีย', 901, 1.46, '20:00 - 00:00 น.')
[2026-09-07T06:11:05.911+0000] {sql.py:562} INFO - Rows affected: 1
[2026-09-07T06:11:05.920+0000] {sql.py:553} INFO - Running statement: 
        INSERT INTO steam_game_regions (
            snapshot_date, appid, game_name, region_code, region_name,
            country_iso3, country_name, player_count, share_percentage, peak_time_bkk, created_at
        ) VALUES (
            %s, %s, %s, %s, %s,
            %s, %s, %s, %s, %s, NOW()
        ) ON CONFLICT (snapshot_date, appid, region_code, country_iso3) DO UPDATE SET
            player_count = EXCLUDED.player_count,
            share_percentage = EXCLUDED.share_percentage,
            peak_time_bkk = EXCLUDED.peak_time_bkk;
        , parameters: ('2026-09-07', 359550, "Tom Clancy's Rainbow Six Siege", 'ASIA_SEA', 'เอเชียตะวันออกเฉียงใต้', 'SGP', 'สิงคโปร์', 600, 0.97, '20:00 - 00:00 น.')
[2026-09-07T06:11:05.923+0000] {sql.py:562} INFO - Rows affected: 1
[2026-09-07T06:11:05.933+0000] {sql.py:553} INFO - Running statement: 
        INSERT INTO steam_game_regions (
            snapshot_date, appid, game_name, region_code, region_name,
            country_iso3, country_name, player_count, share_percentage, peak_time_bkk, created_at
        ) VALUES (
            %s, %s, %s, %s, %s,
            %s, %s, %s, %s, %s, NOW()
        ) ON CONFLICT (snapshot_date, appid, region_code, country_iso3) DO UPDATE SET
            player_count = EXCLUDED.player_count,
            share_percentage = EXCLUDED.share_percentage,
            peak_time_bkk = EXCLUDED.peak_time_bkk;
        , parameters: ('2026-09-07', 359550, "Tom Clancy's Rainbow Six Siege", 'EUROPE', 'ยุโรป', 'RUS', 'รัสเซีย', 7205, 11.65, '22:00 - 02:00 น.')
[2026-09-07T06:11:05.936+0000] {sql.py:562} INFO - Rows affected: 1
[2026-09-07T06:11:05.946+0000] {sql.py:553} INFO - Running statement: 
        INSERT INTO steam_game_regions (
            snapshot_date, appid, game_name, region_code, region_name,
            country_iso3, country_name, player_count, share_percentage, peak_time_bkk, created_at
        ) VALUES (
            %s, %s, %s, %s, %s,
            %s, %s, %s, %s, %s, NOW()
        ) ON CONFLICT (snapshot_date, appid, region_code, country_iso3) DO UPDATE SET
            player_count = EXCLUDED.player_count,
            share_percentage = EXCLUDED.share_percentage,
            peak_time_bkk = EXCLUDED.peak_time_bkk;
        , parameters: ('2026-09-07', 359550, "Tom Clancy's Rainbow Six Siege", 'EUROPE', 'ยุโรป', 'DEU', 'เยอรมนี', 3603, 5.83, '00:00 - 04:00 น.')
[2026-09-07T06:11:05.949+0000] {sql.py:562} INFO - Rows affected: 1
[2026-09-07T06:11:05.958+0000] {sql.py:553} INFO - Running statement: 
        INSERT INTO steam_game_regions (
            snapshot_date, appid, game_name, region_code, region_name,
            country_iso3, country_name, player_count, share_percentage, peak_time_bkk, created_at
        ) VALUES (
            %s, %s, %s, %s, %s,
            %s, %s, %s, %s, %s, NOW()
        ) ON CONFLICT (snapshot_date, appid, region_code, country_iso3) DO UPDATE SET
            player_count = EXCLUDED.player_count,
            share_percentage = EXCLUDED.share_percentage,
            peak_time_bkk = EXCLUDED.peak_time_bkk;
        , parameters: ('2026-09-07', 359550, "Tom Clancy's Rainbow Six Siege", 'EUROPE', 'ยุโรป', 'GBR', 'สหราชอาณาจักร', 2402, 3.88, '01:00 - 05:00 น.')
[2026-09-07T06:11:05.961+0000] {sql.py:562} INFO - Rows affected: 1
[2026-09-07T06:11:05.973+0000] {sql.py:553} INFO - Running statement: 
        INSERT INTO steam_game_regions (
            snapshot_date, appid, game_name, region_code, region_name,
            country_iso3, country_name, player_count, share_percentage, peak_time_bkk, created_at
        ) VALUES (
            %s, %s, %s, %s, %s,
            %s, %s, %s, %s, %s, NOW()
        ) ON CONFLICT (snapshot_date, appid, region_code, country_iso3) DO UPDATE SET
            player_count = EXCLUDED.player_count,
            share_percentage = EXCLUDED.share_percentage,
            peak_time_bkk = EXCLUDED.peak_time_bkk;
        , parameters: ('2026-09-07', 359550, "Tom Clancy's Rainbow Six Siege", 'EUROPE', 'ยุโรป', 'FRA', 'ฝรั่งเศส', 1801, 2.91, '00:00 - 04:00 น.')
[2026-09-07T06:11:05.975+0000] {sql.py:562} INFO - Rows affected: 1
[2026-09-07T06:11:05.985+0000] {sql.py:553} INFO - Running statement: 
        INSERT INTO steam_game_regions (
            snapshot_date, appid, game_name, region_code, region_name,
            country_iso3, country_name, player_count, share_percentage, peak_time_bkk, created_at
        ) VALUES (
            %s, %s, %s, %s, %s,
            %s, %s, %s, %s, %s, NOW()
        ) ON CONFLICT (snapshot_date, appid, region_code, country_iso3) DO UPDATE SET
            player_count = EXCLUDED.player_count,
            share_percentage = EXCLUDED.share_percentage,
            peak_time_bkk = EXCLUDED.peak_time_bkk;
        , parameters: ('2026-09-07', 359550, "Tom Clancy's Rainbow Six Siege", 'EUROPE', 'ยุโรป', 'POL', 'โปแลนด์', 1801, 2.91, '00:00 - 04:00 น.')
[2026-09-07T06:11:05.987+0000] {sql.py:562} INFO - Rows affected: 1
[2026-09-07T06:11:05.999+0000] {sql.py:553} INFO - Running statement: 
        INSERT INTO steam_game_regions (
            snapshot_date, appid, game_name, region_code, region_name,
            country_iso3, country_name, player_count, share_percentage, peak_time_bkk, created_at
        ) VALUES (
            %s, %s, %s, %s, %s,
            %s, %s, %s, %s, %s, NOW()
        ) ON CONFLICT (snapshot_date, appid, region_code, country_iso3) DO UPDATE SET
            player_count = EXCLUDED.player_count,
            share_percentage = EXCLUDED.share_percentage,
            peak_time_bkk = EXCLUDED.peak_time_bkk;
        , parameters: ('2026-09-07', 359550, "Tom Clancy's Rainbow Six Siege", 'NORTH_AMERICA', 'อเมริกาเหนือ', 'USA', 'สหรัฐอเมริกา', 6605, 10.68, '07:00 - 11:00 น.')
[2026-09-07T06:11:06.003+0000] {sql.py:562} INFO - Rows affected: 1
[2026-09-07T06:11:06.014+0000] {sql.py:553} INFO - Running statement: 
        INSERT INTO steam_game_regions (
            snapshot_date, appid, game_name, region_code, region_name,
            country_iso3, country_name, player_count, share_percentage, peak_time_bkk, created_at
        ) VALUES (
            %s, %s, %s, %s, %s,
            %s, %s, %s, %s, %s, NOW()
        ) ON CONFLICT (snapshot_date, appid, region_code, country_iso3) DO UPDATE SET
            player_count = EXCLUDED.player_count,
            share_percentage = EXCLUDED.share_percentage,
            peak_time_bkk = EXCLUDED.peak_time_bkk;
        , parameters: ('2026-09-07', 359550, "Tom Clancy's Rainbow Six Siege", 'NORTH_AMERICA', 'อเมริกาเหนือ', 'CAN', 'แคนาดา', 1201, 1.94, '07:00 - 11:00 น.')
[2026-09-07T06:11:06.019+0000] {sql.py:562} INFO - Rows affected: 1
[2026-09-07T06:11:06.031+0000] {sql.py:553} INFO - Running statement: 
        INSERT INTO steam_game_regions (
            snapshot_date, appid, game_name, region_code, region_name,
            country_iso3, country_name, player_count, share_percentage, peak_time_bkk, created_at
        ) VALUES (
            %s, %s, %s, %s, %s,
            %s, %s, %s, %s, %s, NOW()
        ) ON CONFLICT (snapshot_date, appid, region_code, country_iso3) DO UPDATE SET
            player_count = EXCLUDED.player_count,
            share_percentage = EXCLUDED.share_percentage,
            peak_time_bkk = EXCLUDED.peak_time_bkk;
        , parameters: ('2026-09-07', 359550, "Tom Clancy's Rainbow Six Siege", 'LATIN_AMERICA', 'ลาตินอเมริกา', 'BRA', 'บราซิล', 2402, 3.88, '05:00 - 09:00 น.')
[2026-09-07T06:11:06.034+0000] {sql.py:562} INFO - Rows affected: 1
[2026-09-07T06:11:06.044+0000] {sql.py:553} INFO - Running statement: 
        INSERT INTO steam_game_regions (
            snapshot_date, appid, game_name, region_code, region_name,
            country_iso3, country_name, player_count, share_percentage, peak_time_bkk, created_at
        ) VALUES (
            %s, %s, %s, %s, %s,
            %s, %s, %s, %s, %s, NOW()
        ) ON CONFLICT (snapshot_date, appid, region_code, country_iso3) DO UPDATE SET
            player_count = EXCLUDED.player_count,
            share_percentage = EXCLUDED.share_percentage,
            peak_time_bkk = EXCLUDED.peak_time_bkk;
        , parameters: ('2026-09-07', 359550, "Tom Clancy's Rainbow Six Siege", 'LATIN_AMERICA', 'ลาตินอเมริกา', 'ARG', 'อาร์เจนตินา', 901, 1.46, '05:00 - 09:00 น.')
[2026-09-07T06:11:06.048+0000] {sql.py:562} INFO - Rows affected: 1
[2026-09-07T06:11:06.063+0000] {sql.py:553} INFO - Running statement: 
        INSERT INTO steam_game_regions (
            snapshot_date, appid, game_name, region_code, region_name,
            country_iso3, country_name, player_count, share_percentage, peak_time_bkk, created_at
        ) VALUES (
            %s, %s, %s, %s, %s,
            %s, %s, %s, %s, %s, NOW()
        ) ON CONFLICT (snapshot_date, appid, region_code, country_iso3) DO UPDATE SET
            player_count = EXCLUDED.player_count,
            share_percentage = EXCLUDED.share_percentage,
            peak_time_bkk = EXCLUDED.peak_time_bkk;
        , parameters: ('2026-09-07', 359550, "Tom Clancy's Rainbow Six Siege", 'OCEANIA', 'โอเชียเนีย', 'AUS', 'ออสเตรเลีย', 901, 1.46, '16:00 - 20:00 น.')
[2026-09-07T06:11:06.072+0000] {sql.py:562} INFO - Rows affected: 1
[2026-09-07T06:11:06.085+0000] {sql.py:553} INFO - Running statement: 
        INSERT INTO steam_game_regions (
            snapshot_date, appid, game_name, region_code, region_name,
            country_iso3, country_name, player_count, share_percentage, peak_time_bkk, created_at
        ) VALUES (
            %s, %s, %s, %s, %s,
            %s, %s, %s, %s, %s, NOW()
        ) ON CONFLICT (snapshot_date, appid, region_code, country_iso3) DO UPDATE SET
            player_count = EXCLUDED.player_count,
            share_percentage = EXCLUDED.share_percentage,
            peak_time_bkk = EXCLUDED.peak_time_bkk;
        , parameters: ('2026-09-07', 1091500, 'Cyberpunk 2077', 'ASIA_EAST', 'เอเชียตะวันออก', 'CHN', 'จีน', 7303, 27.18, '19:00 - 23:00 น.')
[2026-09-07T06:11:06.089+0000] {sql.py:562} INFO - Rows affected: 1
[2026-09-07T06:11:06.101+0000] {sql.py:553} INFO - Running statement: 
        INSERT INTO steam_game_regions (
            snapshot_date, appid, game_name, region_code, region_name,
            country_iso3, country_name, player_count, share_percentage, peak_time_bkk, created_at
        ) VALUES (
            %s, %s, %s, %s, %s,
            %s, %s, %s, %s, %s, NOW()
        ) ON CONFLICT (snapshot_date, appid, region_code, country_iso3) DO UPDATE SET
            player_count = EXCLUDED.player_count,
            share_percentage = EXCLUDED.share_percentage,
            peak_time_bkk = EXCLUDED.peak_time_bkk;
        , parameters: ('2026-09-07', 1091500, 'Cyberpunk 2077', 'ASIA_EAST', 'เอเชียตะวันออก', 'JPN', 'ญี่ปุ่น', 1304, 4.85, '19:00 - 23:00 น.')
[2026-09-07T06:11:06.104+0000] {sql.py:562} INFO - Rows affected: 1
[2026-09-07T06:11:06.115+0000] {sql.py:553} INFO - Running statement: 
        INSERT INTO steam_game_regions (
            snapshot_date, appid, game_name, region_code, region_name,
            country_iso3, country_name, player_count, share_percentage, peak_time_bkk, created_at
        ) VALUES (
            %s, %s, %s, %s, %s,
            %s, %s, %s, %s, %s, NOW()
        ) ON CONFLICT (snapshot_date, appid, region_code, country_iso3) DO UPDATE SET
            player_count = EXCLUDED.player_count,
            share_percentage = EXCLUDED.share_percentage,
            peak_time_bkk = EXCLUDED.peak_time_bkk;
        , parameters: ('2026-09-07', 1091500, 'Cyberpunk 2077', 'ASIA_EAST', 'เอเชียตะวันออก', 'KOR', 'เกาหลีใต้', 1043, 3.88, '19:00 - 23:00 น.')
[2026-09-07T06:11:06.118+0000] {sql.py:562} INFO - Rows affected: 1
[2026-09-07T06:11:06.130+0000] {sql.py:553} INFO - Running statement: 
        INSERT INTO steam_game_regions (
            snapshot_date, appid, game_name, region_code, region_name,
            country_iso3, country_name, player_count, share_percentage, peak_time_bkk, created_at
        ) VALUES (
            %s, %s, %s, %s, %s,
            %s, %s, %s, %s, %s, NOW()
        ) ON CONFLICT (snapshot_date, appid, region_code, country_iso3) DO UPDATE SET
            player_count = EXCLUDED.player_count,
            share_percentage = EXCLUDED.share_percentage,
            peak_time_bkk = EXCLUDED.peak_time_bkk;
        , parameters: ('2026-09-07', 1091500, 'Cyberpunk 2077', 'ASIA_EAST', 'เอเชียตะวันออก', 'TWN', 'ไต้หวัน', 522, 1.94, '19:00 - 23:00 น.')
[2026-09-07T06:11:06.134+0000] {sql.py:562} INFO - Rows affected: 1
[2026-09-07T06:11:06.148+0000] {sql.py:553} INFO - Running statement: 
        INSERT INTO steam_game_regions (
            snapshot_date, appid, game_name, region_code, region_name,
            country_iso3, country_name, player_count, share_percentage, peak_time_bkk, created_at
        ) VALUES (
            %s, %s, %s, %s, %s,
            %s, %s, %s, %s, %s, NOW()
        ) ON CONFLICT (snapshot_date, appid, region_code, country_iso3) DO UPDATE SET
            player_count = EXCLUDED.player_count,
            share_percentage = EXCLUDED.share_percentage,
            peak_time_bkk = EXCLUDED.peak_time_bkk;
        , parameters: ('2026-09-07', 1091500, 'Cyberpunk 2077', 'ASIA_SEA', 'เอเชียตะวันออกเฉียงใต้', 'THA', 'ประเทศไทย', 1174, 4.37, '20:00 - 00:00 น.')
[2026-09-07T06:11:06.151+0000] {sql.py:562} INFO - Rows affected: 1
[2026-09-07T06:11:06.163+0000] {sql.py:553} INFO - Running statement: 
        INSERT INTO steam_game_regions (
            snapshot_date, appid, game_name, region_code, region_name,
            country_iso3, country_name, player_count, share_percentage, peak_time_bkk, created_at
        ) VALUES (
            %s, %s, %s, %s, %s,
            %s, %s, %s, %s, %s, NOW()
        ) ON CONFLICT (snapshot_date, appid, region_code, country_iso3) DO UPDATE SET
            player_count = EXCLUDED.player_count,
            share_percentage = EXCLUDED.share_percentage,
            peak_time_bkk = EXCLUDED.peak_time_bkk;
        , parameters: ('2026-09-07', 1091500, 'Cyberpunk 2077', 'ASIA_SEA', 'เอเชียตะวันออกเฉียงใต้', 'VNM', 'เวียดนาม', 913, 3.4, '20:00 - 00:00 น.')
[2026-09-07T06:11:06.166+0000] {sql.py:562} INFO - Rows affected: 1
[2026-09-07T06:11:06.179+0000] {sql.py:553} INFO - Running statement: 
        INSERT INTO steam_game_regions (
            snapshot_date, appid, game_name, region_code, region_name,
            country_iso3, country_name, player_count, share_percentage, peak_time_bkk, created_at
        ) VALUES (
            %s, %s, %s, %s, %s,
            %s, %s, %s, %s, %s, NOW()
        ) ON CONFLICT (snapshot_date, appid, region_code, country_iso3) DO UPDATE SET
            player_count = EXCLUDED.player_count,
            share_percentage = EXCLUDED.share_percentage,
            peak_time_bkk = EXCLUDED.peak_time_bkk;
        , parameters: ('2026-09-07', 1091500, 'Cyberpunk 2077', 'ASIA_SEA', 'เอเชียตะวันออกเฉียงใต้', 'IDN', 'อินโดนีเซีย', 782, 2.91, '20:00 - 00:00 น.')
[2026-09-07T06:11:06.183+0000] {sql.py:562} INFO - Rows affected: 1
[2026-09-07T06:11:06.198+0000] {sql.py:553} INFO - Running statement: 
        INSERT INTO steam_game_regions (
            snapshot_date, appid, game_name, region_code, region_name,
            country_iso3, country_name, player_count, share_percentage, peak_time_bkk, created_at
        ) VALUES (
            %s, %s, %s, %s, %s,
            %s, %s, %s, %s, %s, NOW()
        ) ON CONFLICT (snapshot_date, appid, region_code, country_iso3) DO UPDATE SET
            player_count = EXCLUDED.player_count,
            share_percentage = EXCLUDED.share_percentage,
            peak_time_bkk = EXCLUDED.peak_time_bkk;
        , parameters: ('2026-09-07', 1091500, 'Cyberpunk 2077', 'ASIA_SEA', 'เอเชียตะวันออกเฉียงใต้', 'PHL', 'ฟิลิปปินส์', 652, 2.43, '20:00 - 00:00 น.')
[2026-09-07T06:11:06.208+0000] {sql.py:562} INFO - Rows affected: 1
[2026-09-07T06:11:06.224+0000] {sql.py:553} INFO - Running statement: 
        INSERT INTO steam_game_regions (
            snapshot_date, appid, game_name, region_code, region_name,
            country_iso3, country_name, player_count, share_percentage, peak_time_bkk, created_at
        ) VALUES (
            %s, %s, %s, %s, %s,
            %s, %s, %s, %s, %s, NOW()
        ) ON CONFLICT (snapshot_date, appid, region_code, country_iso3) DO UPDATE SET
            player_count = EXCLUDED.player_count,
            share_percentage = EXCLUDED.share_percentage,
            peak_time_bkk = EXCLUDED.peak_time_bkk;
        , parameters: ('2026-09-07', 1091500, 'Cyberpunk 2077', 'ASIA_SEA', 'เอเชียตะวันออกเฉียงใต้', 'MYS', 'มาเลเซีย', 391, 1.46, '20:00 - 00:00 น.')
[2026-09-07T06:11:06.228+0000] {sql.py:562} INFO - Rows affected: 1
[2026-09-07T06:11:06.240+0000] {sql.py:553} INFO - Running statement: 
        INSERT INTO steam_game_regions (
            snapshot_date, appid, game_name, region_code, region_name,
            country_iso3, country_name, player_count, share_percentage, peak_time_bkk, created_at
        ) VALUES (
            %s, %s, %s, %s, %s,
            %s, %s, %s, %s, %s, NOW()
        ) ON CONFLICT (snapshot_date, appid, region_code, country_iso3) DO UPDATE SET
            player_count = EXCLUDED.player_count,
            share_percentage = EXCLUDED.share_percentage,
            peak_time_bkk = EXCLUDED.peak_time_bkk;
        , parameters: ('2026-09-07', 1091500, 'Cyberpunk 2077', 'ASIA_SEA', 'เอเชียตะวันออกเฉียงใต้', 'SGP', 'สิงคโปร์', 261, 0.97, '20:00 - 00:00 น.')
[2026-09-07T06:11:06.243+0000] {sql.py:562} INFO - Rows affected: 1
[2026-09-07T06:11:06.255+0000] {sql.py:553} INFO - Running statement: 
        INSERT INTO steam_game_regions (
            snapshot_date, appid, game_name, region_code, region_name,
            country_iso3, country_name, player_count, share_percentage, peak_time_bkk, created_at
        ) VALUES (
            %s, %s, %s, %s, %s,
            %s, %s, %s, %s, %s, NOW()
        ) ON CONFLICT (snapshot_date, appid, region_code, country_iso3) DO UPDATE SET
            player_count = EXCLUDED.player_count,
            share_percentage = EXCLUDED.share_percentage,
            peak_time_bkk = EXCLUDED.peak_time_bkk;
        , parameters: ('2026-09-07', 1091500, 'Cyberpunk 2077', 'EUROPE', 'ยุโรป', 'RUS', 'รัสเซีย', 3130, 11.65, '22:00 - 02:00 น.')
[2026-09-07T06:11:06.258+0000] {sql.py:562} INFO - Rows affected: 1
[2026-09-07T06:11:06.269+0000] {sql.py:553} INFO - Running statement: 
        INSERT INTO steam_game_regions (
            snapshot_date, appid, game_name, region_code, region_name,
            country_iso3, country_name, player_count, share_percentage, peak_time_bkk, created_at
        ) VALUES (
            %s, %s, %s, %s, %s,
            %s, %s, %s, %s, %s, NOW()
        ) ON CONFLICT (snapshot_date, appid, region_code, country_iso3) DO UPDATE SET
            player_count = EXCLUDED.player_count,
            share_percentage = EXCLUDED.share_percentage,
            peak_time_bkk = EXCLUDED.peak_time_bkk;
        , parameters: ('2026-09-07', 1091500, 'Cyberpunk 2077', 'EUROPE', 'ยุโรป', 'DEU', 'เยอรมนี', 1565, 5.83, '00:00 - 04:00 น.')
[2026-09-07T06:11:06.272+0000] {sql.py:562} INFO - Rows affected: 1
[2026-09-07T06:11:06.283+0000] {sql.py:553} INFO - Running statement: 
        INSERT INTO steam_game_regions (
            snapshot_date, appid, game_name, region_code, region_name,
            country_iso3, country_name, player_count, share_percentage, peak_time_bkk, created_at
        ) VALUES (
            %s, %s, %s, %s, %s,
            %s, %s, %s, %s, %s, NOW()
        ) ON CONFLICT (snapshot_date, appid, region_code, country_iso3) DO UPDATE SET
            player_count = EXCLUDED.player_count,
            share_percentage = EXCLUDED.share_percentage,
            peak_time_bkk = EXCLUDED.peak_time_bkk;
        , parameters: ('2026-09-07', 1091500, 'Cyberpunk 2077', 'EUROPE', 'ยุโรป', 'GBR', 'สหราชอาณาจักร', 1043, 3.88, '01:00 - 05:00 น.')
[2026-09-07T06:11:06.285+0000] {sql.py:562} INFO - Rows affected: 1
[2026-09-07T06:11:06.296+0000] {sql.py:553} INFO - Running statement: 
        INSERT INTO steam_game_regions (
            snapshot_date, appid, game_name, region_code, region_name,
            country_iso3, country_name, player_count, share_percentage, peak_time_bkk, created_at
        ) VALUES (
            %s, %s, %s, %s, %s,
            %s, %s, %s, %s, %s, NOW()
        ) ON CONFLICT (snapshot_date, appid, region_code, country_iso3) DO UPDATE SET
            player_count = EXCLUDED.player_count,
            share_percentage = EXCLUDED.share_percentage,
            peak_time_bkk = EXCLUDED.peak_time_bkk;
        , parameters: ('2026-09-07', 1091500, 'Cyberpunk 2077', 'EUROPE', 'ยุโรป', 'FRA', 'ฝรั่งเศส', 782, 2.91, '00:00 - 04:00 น.')
[2026-09-07T06:11:06.299+0000] {sql.py:562} INFO - Rows affected: 1
[2026-09-07T06:11:06.311+0000] {sql.py:553} INFO - Running statement: 
        INSERT INTO steam_game_regions (
            snapshot_date, appid, game_name, region_code, region_name,
            country_iso3, country_name, player_count, share_percentage, peak_time_bkk, created_at
        ) VALUES (
            %s, %s, %s, %s, %s,
            %s, %s, %s, %s, %s, NOW()
        ) ON CONFLICT (snapshot_date, appid, region_code, country_iso3) DO UPDATE SET
            player_count = EXCLUDED.player_count,
            share_percentage = EXCLUDED.share_percentage,
            peak_time_bkk = EXCLUDED.peak_time_bkk;
        , parameters: ('2026-09-07', 1091500, 'Cyberpunk 2077', 'EUROPE', 'ยุโรป', 'POL', 'โปแลนด์', 782, 2.91, '00:00 - 04:00 น.')
[2026-09-07T06:11:06.314+0000] {sql.py:562} INFO - Rows affected: 1
[2026-09-07T06:11:06.326+0000] {sql.py:553} INFO - Running statement: 
        INSERT INTO steam_game_regions (
            snapshot_date, appid, game_name, region_code, region_name,
            country_iso3, country_name, player_count, share_percentage, peak_time_bkk, created_at
        ) VALUES (
            %s, %s, %s, %s, %s,
            %s, %s, %s, %s, %s, NOW()
        ) ON CONFLICT (snapshot_date, appid, region_code, country_iso3) DO UPDATE SET
            player_count = EXCLUDED.player_count,
            share_percentage = EXCLUDED.share_percentage,
            peak_time_bkk = EXCLUDED.peak_time_bkk;
        , parameters: ('2026-09-07', 1091500, 'Cyberpunk 2077', 'NORTH_AMERICA', 'อเมริกาเหนือ', 'USA', 'สหรัฐอเมริกา', 2869, 10.68, '07:00 - 11:00 น.')
[2026-09-07T06:11:06.329+0000] {sql.py:562} INFO - Rows affected: 1
[2026-09-07T06:11:06.340+0000] {sql.py:553} INFO - Running statement: 
        INSERT INTO steam_game_regions (
            snapshot_date, appid, game_name, region_code, region_name,
            country_iso3, country_name, player_count, share_percentage, peak_time_bkk, created_at
        ) VALUES (
            %s, %s, %s, %s, %s,
            %s, %s, %s, %s, %s, NOW()
        ) ON CONFLICT (snapshot_date, appid, region_code, country_iso3) DO UPDATE SET
            player_count = EXCLUDED.player_count,
            share_percentage = EXCLUDED.share_percentage,
            peak_time_bkk = EXCLUDED.peak_time_bkk;
        , parameters: ('2026-09-07', 1091500, 'Cyberpunk 2077', 'NORTH_AMERICA', 'อเมริกาเหนือ', 'CAN', 'แคนาดา', 522, 1.94, '07:00 - 11:00 น.')
[2026-09-07T06:11:06.343+0000] {sql.py:562} INFO - Rows affected: 1
[2026-09-07T06:11:06.356+0000] {sql.py:553} INFO - Running statement: 
        INSERT INTO steam_game_regions (
            snapshot_date, appid, game_name, region_code, region_name,
            country_iso3, country_name, player_count, share_percentage, peak_time_bkk, created_at
        ) VALUES (
            %s, %s, %s, %s, %s,
            %s, %s, %s, %s, %s, NOW()
        ) ON CONFLICT (snapshot_date, appid, region_code, country_iso3) DO UPDATE SET
            player_count = EXCLUDED.player_count,
            share_percentage = EXCLUDED.share_percentage,
            peak_time_bkk = EXCLUDED.peak_time_bkk;
        , parameters: ('2026-09-07', 1091500, 'Cyberpunk 2077', 'LATIN_AMERICA', 'ลาตินอเมริกา', 'BRA', 'บราซิล', 1043, 3.88, '05:00 - 09:00 น.')
[2026-09-07T06:11:06.359+0000] {sql.py:562} INFO - Rows affected: 1
[2026-09-07T06:11:06.369+0000] {sql.py:553} INFO - Running statement: 
        INSERT INTO steam_game_regions (
            snapshot_date, appid, game_name, region_code, region_name,
            country_iso3, country_name, player_count, share_percentage, peak_time_bkk, created_at
        ) VALUES (
            %s, %s, %s, %s, %s,
            %s, %s, %s, %s, %s, NOW()
        ) ON CONFLICT (snapshot_date, appid, region_code, country_iso3) DO UPDATE SET
            player_count = EXCLUDED.player_count,
            share_percentage = EXCLUDED.share_percentage,
            peak_time_bkk = EXCLUDED.peak_time_bkk;
        , parameters: ('2026-09-07', 1091500, 'Cyberpunk 2077', 'LATIN_AMERICA', 'ลาตินอเมริกา', 'ARG', 'อาร์เจนตินา', 391, 1.46, '05:00 - 09:00 น.')
[2026-09-07T06:11:06.372+0000] {sql.py:562} INFO - Rows affected: 1
[2026-09-07T06:11:06.382+0000] {sql.py:553} INFO - Running statement: 
        INSERT INTO steam_game_regions (
            snapshot_date, appid, game_name, region_code, region_name,
            country_iso3, country_name, player_count, share_percentage, peak_time_bkk, created_at
        ) VALUES (
            %s, %s, %s, %s, %s,
            %s, %s, %s, %s, %s, NOW()
        ) ON CONFLICT (snapshot_date, appid, region_code, country_iso3) DO UPDATE SET
            player_count = EXCLUDED.player_count,
            share_percentage = EXCLUDED.share_percentage,
            peak_time_bkk = EXCLUDED.peak_time_bkk;
        , parameters: ('2026-09-07', 1091500, 'Cyberpunk 2077', 'OCEANIA', 'โอเชียเนีย', 'AUS', 'ออสเตรเลีย', 391, 1.46, '16:00 - 20:00 น.')
[2026-09-07T06:11:06.384+0000] {sql.py:562} INFO - Rows affected: 1
[2026-09-07T06:11:06.396+0000] {sql.py:553} INFO - Running statement: 
        INSERT INTO steam_game_regions (
            snapshot_date, appid, game_name, region_code, region_name,
            country_iso3, country_name, player_count, share_percentage, peak_time_bkk, created_at
        ) VALUES (
            %s, %s, %s, %s, %s,
            %s, %s, %s, %s, %s, NOW()
        ) ON CONFLICT (snapshot_date, appid, region_code, country_iso3) DO UPDATE SET
            player_count = EXCLUDED.player_count,
            share_percentage = EXCLUDED.share_percentage,
            peak_time_bkk = EXCLUDED.peak_time_bkk;
        , parameters: ('2026-09-07', 1145360, 'Hades', 'ASIA_EAST', 'เอเชียตะวันออก', 'CHN', 'จีน', 565, 27.18, '19:00 - 23:00 น.')
[2026-09-07T06:11:06.399+0000] {sql.py:562} INFO - Rows affected: 1
[2026-09-07T06:11:06.412+0000] {sql.py:553} INFO - Running statement: 
        INSERT INTO steam_game_regions (
            snapshot_date, appid, game_name, region_code, region_name,
            country_iso3, country_name, player_count, share_percentage, peak_time_bkk, created_at
        ) VALUES (
            %s, %s, %s, %s, %s,
            %s, %s, %s, %s, %s, NOW()
        ) ON CONFLICT (snapshot_date, appid, region_code, country_iso3) DO UPDATE SET
            player_count = EXCLUDED.player_count,
            share_percentage = EXCLUDED.share_percentage,
            peak_time_bkk = EXCLUDED.peak_time_bkk;
        , parameters: ('2026-09-07', 1145360, 'Hades', 'ASIA_EAST', 'เอเชียตะวันออก', 'JPN', 'ญี่ปุ่น', 101, 4.85, '19:00 - 23:00 น.')
[2026-09-07T06:11:06.415+0000] {sql.py:562} INFO - Rows affected: 1
[2026-09-07T06:11:06.428+0000] {sql.py:553} INFO - Running statement: 
        INSERT INTO steam_game_regions (
            snapshot_date, appid, game_name, region_code, region_name,
            country_iso3, country_name, player_count, share_percentage, peak_time_bkk, created_at
        ) VALUES (
            %s, %s, %s, %s, %s,
            %s, %s, %s, %s, %s, NOW()
        ) ON CONFLICT (snapshot_date, appid, region_code, country_iso3) DO UPDATE SET
            player_count = EXCLUDED.player_count,
            share_percentage = EXCLUDED.share_percentage,
            peak_time_bkk = EXCLUDED.peak_time_bkk;
        , parameters: ('2026-09-07', 1145360, 'Hades', 'ASIA_EAST', 'เอเชียตะวันออก', 'KOR', 'เกาหลีใต้', 81, 3.88, '19:00 - 23:00 น.')
[2026-09-07T06:11:06.431+0000] {sql.py:562} INFO - Rows affected: 1
[2026-09-07T06:11:06.444+0000] {sql.py:553} INFO - Running statement: 
        INSERT INTO steam_game_regions (
            snapshot_date, appid, game_name, region_code, region_name,
            country_iso3, country_name, player_count, share_percentage, peak_time_bkk, created_at
        ) VALUES (
            %s, %s, %s, %s, %s,
            %s, %s, %s, %s, %s, NOW()
        ) ON CONFLICT (snapshot_date, appid, region_code, country_iso3) DO UPDATE SET
            player_count = EXCLUDED.player_count,
            share_percentage = EXCLUDED.share_percentage,
            peak_time_bkk = EXCLUDED.peak_time_bkk;
        , parameters: ('2026-09-07', 1145360, 'Hades', 'ASIA_EAST', 'เอเชียตะวันออก', 'TWN', 'ไต้หวัน', 40, 1.94, '19:00 - 23:00 น.')
[2026-09-07T06:11:06.449+0000] {sql.py:562} INFO - Rows affected: 1
[2026-09-07T06:11:06.464+0000] {sql.py:553} INFO - Running statement: 
        INSERT INTO steam_game_regions (
            snapshot_date, appid, game_name, region_code, region_name,
            country_iso3, country_name, player_count, share_percentage, peak_time_bkk, created_at
        ) VALUES (
            %s, %s, %s, %s, %s,
            %s, %s, %s, %s, %s, NOW()
        ) ON CONFLICT (snapshot_date, appid, region_code, country_iso3) DO UPDATE SET
            player_count = EXCLUDED.player_count,
            share_percentage = EXCLUDED.share_percentage,
            peak_time_bkk = EXCLUDED.peak_time_bkk;
        , parameters: ('2026-09-07', 1145360, 'Hades', 'ASIA_SEA', 'เอเชียตะวันออกเฉียงใต้', 'THA', 'ประเทศไทย', 91, 4.37, '20:00 - 00:00 น.')
[2026-09-07T06:11:06.468+0000] {sql.py:562} INFO - Rows affected: 1
[2026-09-07T06:11:06.480+0000] {sql.py:553} INFO - Running statement: 
        INSERT INTO steam_game_regions (
            snapshot_date, appid, game_name, region_code, region_name,
            country_iso3, country_name, player_count, share_percentage, peak_time_bkk, created_at
        ) VALUES (
            %s, %s, %s, %s, %s,
            %s, %s, %s, %s, %s, NOW()
        ) ON CONFLICT (snapshot_date, appid, region_code, country_iso3) DO UPDATE SET
            player_count = EXCLUDED.player_count,
            share_percentage = EXCLUDED.share_percentage,
            peak_time_bkk = EXCLUDED.peak_time_bkk;
        , parameters: ('2026-09-07', 1145360, 'Hades', 'ASIA_SEA', 'เอเชียตะวันออกเฉียงใต้', 'VNM', 'เวียดนาม', 71, 3.4, '20:00 - 00:00 น.')
[2026-09-07T06:11:06.483+0000] {sql.py:562} INFO - Rows affected: 1
[2026-09-07T06:11:06.493+0000] {sql.py:553} INFO - Running statement: 
        INSERT INTO steam_game_regions (
            snapshot_date, appid, game_name, region_code, region_name,
            country_iso3, country_name, player_count, share_percentage, peak_time_bkk, created_at
        ) VALUES (
            %s, %s, %s, %s, %s,
            %s, %s, %s, %s, %s, NOW()
        ) ON CONFLICT (snapshot_date, appid, region_code, country_iso3) DO UPDATE SET
            player_count = EXCLUDED.player_count,
            share_percentage = EXCLUDED.share_percentage,
            peak_time_bkk = EXCLUDED.peak_time_bkk;
        , parameters: ('2026-09-07', 1145360, 'Hades', 'ASIA_SEA', 'เอเชียตะวันออกเฉียงใต้', 'IDN', 'อินโดนีเซีย', 61, 2.91, '20:00 - 00:00 น.')
[2026-09-07T06:11:06.496+0000] {sql.py:562} INFO - Rows affected: 1
[2026-09-07T06:11:06.508+0000] {sql.py:553} INFO - Running statement: 
        INSERT INTO steam_game_regions (
            snapshot_date, appid, game_name, region_code, region_name,
            country_iso3, country_name, player_count, share_percentage, peak_time_bkk, created_at
        ) VALUES (
            %s, %s, %s, %s, %s,
            %s, %s, %s, %s, %s, NOW()
        ) ON CONFLICT (snapshot_date, appid, region_code, country_iso3) DO UPDATE SET
            player_count = EXCLUDED.player_count,
            share_percentage = EXCLUDED.share_percentage,
            peak_time_bkk = EXCLUDED.peak_time_bkk;
        , parameters: ('2026-09-07', 1145360, 'Hades', 'ASIA_SEA', 'เอเชียตะวันออกเฉียงใต้', 'PHL', 'ฟิลิปปินส์', 50, 2.43, '20:00 - 00:00 น.')
[2026-09-07T06:11:06.511+0000] {sql.py:562} INFO - Rows affected: 1
[2026-09-07T06:11:06.524+0000] {sql.py:553} INFO - Running statement: 
        INSERT INTO steam_game_regions (
            snapshot_date, appid, game_name, region_code, region_name,
            country_iso3, country_name, player_count, share_percentage, peak_time_bkk, created_at
        ) VALUES (
            %s, %s, %s, %s, %s,
            %s, %s, %s, %s, %s, NOW()
        ) ON CONFLICT (snapshot_date, appid, region_code, country_iso3) DO UPDATE SET
            player_count = EXCLUDED.player_count,
            share_percentage = EXCLUDED.share_percentage,
            peak_time_bkk = EXCLUDED.peak_time_bkk;
        , parameters: ('2026-09-07', 1145360, 'Hades', 'ASIA_SEA', 'เอเชียตะวันออกเฉียงใต้', 'MYS', 'มาเลเซีย', 30, 1.46, '20:00 - 00:00 น.')
[2026-09-07T06:11:06.527+0000] {sql.py:562} INFO - Rows affected: 1
[2026-09-07T06:11:06.538+0000] {sql.py:553} INFO - Running statement: 
        INSERT INTO steam_game_regions (
            snapshot_date, appid, game_name, region_code, region_name,
            country_iso3, country_name, player_count, share_percentage, peak_time_bkk, created_at
        ) VALUES (
            %s, %s, %s, %s, %s,
            %s, %s, %s, %s, %s, NOW()
        ) ON CONFLICT (snapshot_date, appid, region_code, country_iso3) DO UPDATE SET
            player_count = EXCLUDED.player_count,
            share_percentage = EXCLUDED.share_percentage,
            peak_time_bkk = EXCLUDED.peak_time_bkk;
        , parameters: ('2026-09-07', 1145360, 'Hades', 'ASIA_SEA', 'เอเชียตะวันออกเฉียงใต้', 'SGP', 'สิงคโปร์', 20, 0.97, '20:00 - 00:00 น.')
[2026-09-07T06:11:06.545+0000] {sql.py:562} INFO - Rows affected: 1
[2026-09-07T06:11:06.558+0000] {sql.py:553} INFO - Running statement: 
        INSERT INTO steam_game_regions (
            snapshot_date, appid, game_name, region_code, region_name,
            country_iso3, country_name, player_count, share_percentage, peak_time_bkk, created_at
        ) VALUES (
            %s, %s, %s, %s, %s,
            %s, %s, %s, %s, %s, NOW()
        ) ON CONFLICT (snapshot_date, appid, region_code, country_iso3) DO UPDATE SET
            player_count = EXCLUDED.player_count,
            share_percentage = EXCLUDED.share_percentage,
            peak_time_bkk = EXCLUDED.peak_time_bkk;
        , parameters: ('2026-09-07', 1145360, 'Hades', 'EUROPE', 'ยุโรป', 'RUS', 'รัสเซีย', 242, 11.65, '22:00 - 02:00 น.')
[2026-09-07T06:11:06.561+0000] {sql.py:562} INFO - Rows affected: 1
[2026-09-07T06:11:06.573+0000] {sql.py:553} INFO - Running statement: 
        INSERT INTO steam_game_regions (
            snapshot_date, appid, game_name, region_code, region_name,
            country_iso3, country_name, player_count, share_percentage, peak_time_bkk, created_at
        ) VALUES (
            %s, %s, %s, %s, %s,
            %s, %s, %s, %s, %s, NOW()
        ) ON CONFLICT (snapshot_date, appid, region_code, country_iso3) DO UPDATE SET
            player_count = EXCLUDED.player_count,
            share_percentage = EXCLUDED.share_percentage,
            peak_time_bkk = EXCLUDED.peak_time_bkk;
        , parameters: ('2026-09-07', 1145360, 'Hades', 'EUROPE', 'ยุโรป', 'DEU', 'เยอรมนี', 121, 5.83, '00:00 - 04:00 น.')
[2026-09-07T06:11:06.576+0000] {sql.py:562} INFO - Rows affected: 1
[2026-09-07T06:11:06.599+0000] {sql.py:553} INFO - Running statement: 
        INSERT INTO steam_game_regions (
            snapshot_date, appid, game_name, region_code, region_name,
            country_iso3, country_name, player_count, share_percentage, peak_time_bkk, created_at
        ) VALUES (
            %s, %s, %s, %s, %s,
            %s, %s, %s, %s, %s, NOW()
        ) ON CONFLICT (snapshot_date, appid, region_code, country_iso3) DO UPDATE SET
            player_count = EXCLUDED.player_count,
            share_percentage = EXCLUDED.share_percentage,
            peak_time_bkk = EXCLUDED.peak_time_bkk;
        , parameters: ('2026-09-07', 1145360, 'Hades', 'EUROPE', 'ยุโรป', 'GBR', 'สหราชอาณาจักร', 81, 3.88, '01:00 - 05:00 น.')
[2026-09-07T06:11:06.605+0000] {sql.py:562} INFO - Rows affected: 1
[2026-09-07T06:11:06.618+0000] {sql.py:553} INFO - Running statement: 
        INSERT INTO steam_game_regions (
            snapshot_date, appid, game_name, region_code, region_name,
            country_iso3, country_name, player_count, share_percentage, peak_time_bkk, created_at
        ) VALUES (
            %s, %s, %s, %s, %s,
            %s, %s, %s, %s, %s, NOW()
        ) ON CONFLICT (snapshot_date, appid, region_code, country_iso3) DO UPDATE SET
            player_count = EXCLUDED.player_count,
            share_percentage = EXCLUDED.share_percentage,
            peak_time_bkk = EXCLUDED.peak_time_bkk;
        , parameters: ('2026-09-07', 1145360, 'Hades', 'EUROPE', 'ยุโรป', 'FRA', 'ฝรั่งเศส', 61, 2.91, '00:00 - 04:00 น.')
[2026-09-07T06:11:06.621+0000] {sql.py:562} INFO - Rows affected: 1
[2026-09-07T06:11:06.635+0000] {sql.py:553} INFO - Running statement: 
        INSERT INTO steam_game_regions (
            snapshot_date, appid, game_name, region_code, region_name,
            country_iso3, country_name, player_count, share_percentage, peak_time_bkk, created_at
        ) VALUES (
            %s, %s, %s, %s, %s,
            %s, %s, %s, %s, %s, NOW()
        ) ON CONFLICT (snapshot_date, appid, region_code, country_iso3) DO UPDATE SET
            player_count = EXCLUDED.player_count,
            share_percentage = EXCLUDED.share_percentage,
            peak_time_bkk = EXCLUDED.peak_time_bkk;
        , parameters: ('2026-09-07', 1145360, 'Hades', 'EUROPE', 'ยุโรป', 'POL', 'โปแลนด์', 61, 2.91, '00:00 - 04:00 น.')
[2026-09-07T06:11:06.640+0000] {sql.py:562} INFO - Rows affected: 1
[2026-09-07T06:11:06.652+0000] {sql.py:553} INFO - Running statement: 
        INSERT INTO steam_game_regions (
            snapshot_date, appid, game_name, region_code, region_name,
            country_iso3, country_name, player_count, share_percentage, peak_time_bkk, created_at
        ) VALUES (
            %s, %s, %s, %s, %s,
            %s, %s, %s, %s, %s, NOW()
        ) ON CONFLICT (snapshot_date, appid, region_code, country_iso3) DO UPDATE SET
            player_count = EXCLUDED.player_count,
            share_percentage = EXCLUDED.share_percentage,
            peak_time_bkk = EXCLUDED.peak_time_bkk;
        , parameters: ('2026-09-07', 1145360, 'Hades', 'NORTH_AMERICA', 'อเมริกาเหนือ', 'USA', 'สหรัฐอเมริกา', 222, 10.68, '07:00 - 11:00 น.')
[2026-09-07T06:11:06.656+0000] {sql.py:562} INFO - Rows affected: 1
[2026-09-07T06:11:06.668+0000] {sql.py:553} INFO - Running statement: 
        INSERT INTO steam_game_regions (
            snapshot_date, appid, game_name, region_code, region_name,
            country_iso3, country_name, player_count, share_percentage, peak_time_bkk, created_at
        ) VALUES (
            %s, %s, %s, %s, %s,
            %s, %s, %s, %s, %s, NOW()
        ) ON CONFLICT (snapshot_date, appid, region_code, country_iso3) DO UPDATE SET
            player_count = EXCLUDED.player_count,
            share_percentage = EXCLUDED.share_percentage,
            peak_time_bkk = EXCLUDED.peak_time_bkk;
        , parameters: ('2026-09-07', 1145360, 'Hades', 'NORTH_AMERICA', 'อเมริกาเหนือ', 'CAN', 'แคนาดา', 40, 1.94, '07:00 - 11:00 น.')
[2026-09-07T06:11:06.672+0000] {sql.py:562} INFO - Rows affected: 1
[2026-09-07T06:11:06.683+0000] {sql.py:553} INFO - Running statement: 
        INSERT INTO steam_game_regions (
            snapshot_date, appid, game_name, region_code, region_name,
            country_iso3, country_name, player_count, share_percentage, peak_time_bkk, created_at
        ) VALUES (
            %s, %s, %s, %s, %s,
            %s, %s, %s, %s, %s, NOW()
        ) ON CONFLICT (snapshot_date, appid, region_code, country_iso3) DO UPDATE SET
            player_count = EXCLUDED.player_count,
            share_percentage = EXCLUDED.share_percentage,
            peak_time_bkk = EXCLUDED.peak_time_bkk;
        , parameters: ('2026-09-07', 1145360, 'Hades', 'LATIN_AMERICA', 'ลาตินอเมริกา', 'BRA', 'บราซิล', 81, 3.88, '05:00 - 09:00 น.')
[2026-09-07T06:11:06.687+0000] {sql.py:562} INFO - Rows affected: 1
[2026-09-07T06:11:06.700+0000] {sql.py:553} INFO - Running statement: 
        INSERT INTO steam_game_regions (
            snapshot_date, appid, game_name, region_code, region_name,
            country_iso3, country_name, player_count, share_percentage, peak_time_bkk, created_at
        ) VALUES (
            %s, %s, %s, %s, %s,
            %s, %s, %s, %s, %s, NOW()
        ) ON CONFLICT (snapshot_date, appid, region_code, country_iso3) DO UPDATE SET
            player_count = EXCLUDED.player_count,
            share_percentage = EXCLUDED.share_percentage,
            peak_time_bkk = EXCLUDED.peak_time_bkk;
        , parameters: ('2026-09-07', 1145360, 'Hades', 'LATIN_AMERICA', 'ลาตินอเมริกา', 'ARG', 'อาร์เจนตินา', 30, 1.46, '05:00 - 09:00 น.')
[2026-09-07T06:11:06.705+0000] {sql.py:562} INFO - Rows affected: 1
[2026-09-07T06:11:06.721+0000] {sql.py:553} INFO - Running statement: 
        INSERT INTO steam_game_regions (
            snapshot_date, appid, game_name, region_code, region_name,
            country_iso3, country_name, player_count, share_percentage, peak_time_bkk, created_at
        ) VALUES (
            %s, %s, %s, %s, %s,
            %s, %s, %s, %s, %s, NOW()
        ) ON CONFLICT (snapshot_date, appid, region_code, country_iso3) DO UPDATE SET
            player_count = EXCLUDED.player_count,
            share_percentage = EXCLUDED.share_percentage,
            peak_time_bkk = EXCLUDED.peak_time_bkk;
        , parameters: ('2026-09-07', 1145360, 'Hades', 'OCEANIA', 'โอเชียเนีย', 'AUS', 'ออสเตรเลีย', 30, 1.46, '16:00 - 20:00 น.')
[2026-09-07T06:11:06.725+0000] {sql.py:562} INFO - Rows affected: 1
[2026-09-07T06:11:06.738+0000] {sql.py:553} INFO - Running statement: 
        INSERT INTO steam_game_regions (
            snapshot_date, appid, game_name, region_code, region_name,
            country_iso3, country_name, player_count, share_percentage, peak_time_bkk, created_at
        ) VALUES (
            %s, %s, %s, %s, %s,
            %s, %s, %s, %s, %s, NOW()
        ) ON CONFLICT (snapshot_date, appid, region_code, country_iso3) DO UPDATE SET
            player_count = EXCLUDED.player_count,
            share_percentage = EXCLUDED.share_percentage,
            peak_time_bkk = EXCLUDED.peak_time_bkk;
        , parameters: ('2026-09-07', 814380, 'Sekiro™: Shadows Die Twice - GOTY Edition', 'ASIA_EAST', 'เอเชียตะวันออก', 'CHN', 'จีน', 1015, 27.18, '19:00 - 23:00 น.')
[2026-09-07T06:11:06.743+0000] {sql.py:562} INFO - Rows affected: 1
[2026-09-07T06:11:06.754+0000] {sql.py:553} INFO - Running statement: 
        INSERT INTO steam_game_regions (
            snapshot_date, appid, game_name, region_code, region_name,
            country_iso3, country_name, player_count, share_percentage, peak_time_bkk, created_at
        ) VALUES (
            %s, %s, %s, %s, %s,
            %s, %s, %s, %s, %s, NOW()
        ) ON CONFLICT (snapshot_date, appid, region_code, country_iso3) DO UPDATE SET
            player_count = EXCLUDED.player_count,
            share_percentage = EXCLUDED.share_percentage,
            peak_time_bkk = EXCLUDED.peak_time_bkk;
        , parameters: ('2026-09-07', 814380, 'Sekiro™: Shadows Die Twice - GOTY Edition', 'ASIA_EAST', 'เอเชียตะวันออก', 'JPN', 'ญี่ปุ่น', 181, 4.85, '19:00 - 23:00 น.')
[2026-09-07T06:11:06.760+0000] {sql.py:562} INFO - Rows affected: 1
[2026-09-07T06:11:06.776+0000] {sql.py:553} INFO - Running statement: 
        INSERT INTO steam_game_regions (
            snapshot_date, appid, game_name, region_code, region_name,
            country_iso3, country_name, player_count, share_percentage, peak_time_bkk, created_at
        ) VALUES (
            %s, %s, %s, %s, %s,
            %s, %s, %s, %s, %s, NOW()
        ) ON CONFLICT (snapshot_date, appid, region_code, country_iso3) DO UPDATE SET
            player_count = EXCLUDED.player_count,
            share_percentage = EXCLUDED.share_percentage,
            peak_time_bkk = EXCLUDED.peak_time_bkk;
        , parameters: ('2026-09-07', 814380, 'Sekiro™: Shadows Die Twice - GOTY Edition', 'ASIA_EAST', 'เอเชียตะวันออก', 'KOR', 'เกาหลีใต้', 145, 3.88, '19:00 - 23:00 น.')
[2026-09-07T06:11:06.782+0000] {sql.py:562} INFO - Rows affected: 1
[2026-09-07T06:11:06.793+0000] {sql.py:553} INFO - Running statement: 
        INSERT INTO steam_game_regions (
            snapshot_date, appid, game_name, region_code, region_name,
            country_iso3, country_name, player_count, share_percentage, peak_time_bkk, created_at
        ) VALUES (
            %s, %s, %s, %s, %s,
            %s, %s, %s, %s, %s, NOW()
        ) ON CONFLICT (snapshot_date, appid, region_code, country_iso3) DO UPDATE SET
            player_count = EXCLUDED.player_count,
            share_percentage = EXCLUDED.share_percentage,
            peak_time_bkk = EXCLUDED.peak_time_bkk;
        , parameters: ('2026-09-07', 814380, 'Sekiro™: Shadows Die Twice - GOTY Edition', 'ASIA_EAST', 'เอเชียตะวันออก', 'TWN', 'ไต้หวัน', 72, 1.94, '19:00 - 23:00 น.')
[2026-09-07T06:11:06.796+0000] {sql.py:562} INFO - Rows affected: 1
[2026-09-07T06:11:06.806+0000] {sql.py:553} INFO - Running statement: 
        INSERT INTO steam_game_regions (
            snapshot_date, appid, game_name, region_code, region_name,
            country_iso3, country_name, player_count, share_percentage, peak_time_bkk, created_at
        ) VALUES (
            %s, %s, %s, %s, %s,
            %s, %s, %s, %s, %s, NOW()
        ) ON CONFLICT (snapshot_date, appid, region_code, country_iso3) DO UPDATE SET
            player_count = EXCLUDED.player_count,
            share_percentage = EXCLUDED.share_percentage,
            peak_time_bkk = EXCLUDED.peak_time_bkk;
        , parameters: ('2026-09-07', 814380, 'Sekiro™: Shadows Die Twice - GOTY Edition', 'ASIA_SEA', 'เอเชียตะวันออกเฉียงใต้', 'THA', 'ประเทศไทย', 163, 4.37, '20:00 - 00:00 น.')
[2026-09-07T06:11:06.809+0000] {sql.py:562} INFO - Rows affected: 1
[2026-09-07T06:11:06.819+0000] {sql.py:553} INFO - Running statement: 
        INSERT INTO steam_game_regions (
            snapshot_date, appid, game_name, region_code, region_name,
            country_iso3, country_name, player_count, share_percentage, peak_time_bkk, created_at
        ) VALUES (
            %s, %s, %s, %s, %s,
            %s, %s, %s, %s, %s, NOW()
        ) ON CONFLICT (snapshot_date, appid, region_code, country_iso3) DO UPDATE SET
            player_count = EXCLUDED.player_count,
            share_percentage = EXCLUDED.share_percentage,
            peak_time_bkk = EXCLUDED.peak_time_bkk;
        , parameters: ('2026-09-07', 814380, 'Sekiro™: Shadows Die Twice - GOTY Edition', 'ASIA_SEA', 'เอเชียตะวันออกเฉียงใต้', 'VNM', 'เวียดนาม', 127, 3.4, '20:00 - 00:00 น.')
[2026-09-07T06:11:06.822+0000] {sql.py:562} INFO - Rows affected: 1
[2026-09-07T06:11:06.833+0000] {sql.py:553} INFO - Running statement: 
        INSERT INTO steam_game_regions (
            snapshot_date, appid, game_name, region_code, region_name,
            country_iso3, country_name, player_count, share_percentage, peak_time_bkk, created_at
        ) VALUES (
            %s, %s, %s, %s, %s,
            %s, %s, %s, %s, %s, NOW()
        ) ON CONFLICT (snapshot_date, appid, region_code, country_iso3) DO UPDATE SET
            player_count = EXCLUDED.player_count,
            share_percentage = EXCLUDED.share_percentage,
            peak_time_bkk = EXCLUDED.peak_time_bkk;
        , parameters: ('2026-09-07', 814380, 'Sekiro™: Shadows Die Twice - GOTY Edition', 'ASIA_SEA', 'เอเชียตะวันออกเฉียงใต้', 'IDN', 'อินโดนีเซีย', 109, 2.91, '20:00 - 00:00 น.')
[2026-09-07T06:11:06.838+0000] {sql.py:562} INFO - Rows affected: 1
[2026-09-07T06:11:06.857+0000] {sql.py:553} INFO - Running statement: 
        INSERT INTO steam_game_regions (
            snapshot_date, appid, game_name, region_code, region_name,
            country_iso3, country_name, player_count, share_percentage, peak_time_bkk, created_at
        ) VALUES (
            %s, %s, %s, %s, %s,
            %s, %s, %s, %s, %s, NOW()
        ) ON CONFLICT (snapshot_date, appid, region_code, country_iso3) DO UPDATE SET
            player_count = EXCLUDED.player_count,
            share_percentage = EXCLUDED.share_percentage,
            peak_time_bkk = EXCLUDED.peak_time_bkk;
        , parameters: ('2026-09-07', 814380, 'Sekiro™: Shadows Die Twice - GOTY Edition', 'ASIA_SEA', 'เอเชียตะวันออกเฉียงใต้', 'PHL', 'ฟิลิปปินส์', 91, 2.43, '20:00 - 00:00 น.')
[2026-09-07T06:11:06.862+0000] {sql.py:562} INFO - Rows affected: 1
[2026-09-07T06:11:06.900+0000] {sql.py:553} INFO - Running statement: 
        INSERT INTO steam_game_regions (
            snapshot_date, appid, game_name, region_code, region_name,
            country_iso3, country_name, player_count, share_percentage, peak_time_bkk, created_at
        ) VALUES (
            %s, %s, %s, %s, %s,
            %s, %s, %s, %s, %s, NOW()
        ) ON CONFLICT (snapshot_date, appid, region_code, country_iso3) DO UPDATE SET
            player_count = EXCLUDED.player_count,
            share_percentage = EXCLUDED.share_percentage,
            peak_time_bkk = EXCLUDED.peak_time_bkk;
        , parameters: ('2026-09-07', 814380, 'Sekiro™: Shadows Die Twice - GOTY Edition', 'ASIA_SEA', 'เอเชียตะวันออกเฉียงใต้', 'MYS', 'มาเลเซีย', 54, 1.46, '20:00 - 00:00 น.')
[2026-09-07T06:11:06.906+0000] {sql.py:562} INFO - Rows affected: 1
[2026-09-07T06:11:06.974+0000] {sql.py:553} INFO - Running statement: 
        INSERT INTO steam_game_regions (
            snapshot_date, appid, game_name, region_code, region_name,
            country_iso3, country_name, player_count, share_percentage, peak_time_bkk, created_at
        ) VALUES (
            %s, %s, %s, %s, %s,
            %s, %s, %s, %s, %s, NOW()
        ) ON CONFLICT (snapshot_date, appid, region_code, country_iso3) DO UPDATE SET
            player_count = EXCLUDED.player_count,
            share_percentage = EXCLUDED.share_percentage,
            peak_time_bkk = EXCLUDED.peak_time_bkk;
        , parameters: ('2026-09-07', 814380, 'Sekiro™: Shadows Die Twice - GOTY Edition', 'ASIA_SEA', 'เอเชียตะวันออกเฉียงใต้', 'SGP', 'สิงคโปร์', 36, 0.97, '20:00 - 00:00 น.')
[2026-09-07T06:11:06.980+0000] {sql.py:562} INFO - Rows affected: 1
[2026-09-07T06:11:07.052+0000] {sql.py:553} INFO - Running statement: 
        INSERT INTO steam_game_regions (
            snapshot_date, appid, game_name, region_code, region_name,
            country_iso3, country_name, player_count, share_percentage, peak_time_bkk, created_at
        ) VALUES (
            %s, %s, %s, %s, %s,
            %s, %s, %s, %s, %s, NOW()
        ) ON CONFLICT (snapshot_date, appid, region_code, country_iso3) DO UPDATE SET
            player_count = EXCLUDED.player_count,
            share_percentage = EXCLUDED.share_percentage,
            peak_time_bkk = EXCLUDED.peak_time_bkk;
        , parameters: ('2026-09-07', 814380, 'Sekiro™: Shadows Die Twice - GOTY Edition', 'EUROPE', 'ยุโรป', 'RUS', 'รัสเซีย', 435, 11.65, '22:00 - 02:00 น.')
[2026-09-07T06:11:07.058+0000] {sql.py:562} INFO - Rows affected: 1
[2026-09-07T06:11:07.087+0000] {sql.py:553} INFO - Running statement: 
        INSERT INTO steam_game_regions (
            snapshot_date, appid, game_name, region_code, region_name,
            country_iso3, country_name, player_count, share_percentage, peak_time_bkk, created_at
        ) VALUES (
            %s, %s, %s, %s, %s,
            %s, %s, %s, %s, %s, NOW()
        ) ON CONFLICT (snapshot_date, appid, region_code, country_iso3) DO UPDATE SET
            player_count = EXCLUDED.player_count,
            share_percentage = EXCLUDED.share_percentage,
            peak_time_bkk = EXCLUDED.peak_time_bkk;
        , parameters: ('2026-09-07', 814380, 'Sekiro™: Shadows Die Twice - GOTY Edition', 'EUROPE', 'ยุโรป', 'DEU', 'เยอรมนี', 217, 5.83, '00:00 - 04:00 น.')
[2026-09-07T06:11:07.091+0000] {sql.py:562} INFO - Rows affected: 1
[2026-09-07T06:11:07.102+0000] {sql.py:553} INFO - Running statement: 
        INSERT INTO steam_game_regions (
            snapshot_date, appid, game_name, region_code, region_name,
            country_iso3, country_name, player_count, share_percentage, peak_time_bkk, created_at
        ) VALUES (
            %s, %s, %s, %s, %s,
            %s, %s, %s, %s, %s, NOW()
        ) ON CONFLICT (snapshot_date, appid, region_code, country_iso3) DO UPDATE SET
            player_count = EXCLUDED.player_count,
            share_percentage = EXCLUDED.share_percentage,
            peak_time_bkk = EXCLUDED.peak_time_bkk;
        , parameters: ('2026-09-07', 814380, 'Sekiro™: Shadows Die Twice - GOTY Edition', 'EUROPE', 'ยุโรป', 'GBR', 'สหราชอาณาจักร', 145, 3.88, '01:00 - 05:00 น.')
[2026-09-07T06:11:07.107+0000] {sql.py:562} INFO - Rows affected: 1
[2026-09-07T06:11:07.128+0000] {sql.py:553} INFO - Running statement: 
        INSERT INTO steam_game_regions (
            snapshot_date, appid, game_name, region_code, region_name,
            country_iso3, country_name, player_count, share_percentage, peak_time_bkk, created_at
        ) VALUES (
            %s, %s, %s, %s, %s,
            %s, %s, %s, %s, %s, NOW()
        ) ON CONFLICT (snapshot_date, appid, region_code, country_iso3) DO UPDATE SET
            player_count = EXCLUDED.player_count,
            share_percentage = EXCLUDED.share_percentage,
            peak_time_bkk = EXCLUDED.peak_time_bkk;
        , parameters: ('2026-09-07', 814380, 'Sekiro™: Shadows Die Twice - GOTY Edition', 'EUROPE', 'ยุโรป', 'FRA', 'ฝรั่งเศส', 109, 2.91, '00:00 - 04:00 น.')
[2026-09-07T06:11:07.139+0000] {sql.py:562} INFO - Rows affected: 1
[2026-09-07T06:11:07.152+0000] {sql.py:553} INFO - Running statement: 
        INSERT INTO steam_game_regions (
            snapshot_date, appid, game_name, region_code, region_name,
            country_iso3, country_name, player_count, share_percentage, peak_time_bkk, created_at
        ) VALUES (
            %s, %s, %s, %s, %s,
            %s, %s, %s, %s, %s, NOW()
        ) ON CONFLICT (snapshot_date, appid, region_code, country_iso3) DO UPDATE SET
            player_count = EXCLUDED.player_count,
            share_percentage = EXCLUDED.share_percentage,
            peak_time_bkk = EXCLUDED.peak_time_bkk;
        , parameters: ('2026-09-07', 814380, 'Sekiro™: Shadows Die Twice - GOTY Edition', 'EUROPE', 'ยุโรป', 'POL', 'โปแลนด์', 109, 2.91, '00:00 - 04:00 น.')
[2026-09-07T06:11:07.155+0000] {sql.py:562} INFO - Rows affected: 1
[2026-09-07T06:11:07.167+0000] {sql.py:553} INFO - Running statement: 
        INSERT INTO steam_game_regions (
            snapshot_date, appid, game_name, region_code, region_name,
            country_iso3, country_name, player_count, share_percentage, peak_time_bkk, created_at
        ) VALUES (
            %s, %s, %s, %s, %s,
            %s, %s, %s, %s, %s, NOW()
        ) ON CONFLICT (snapshot_date, appid, region_code, country_iso3) DO UPDATE SET
            player_count = EXCLUDED.player_count,
            share_percentage = EXCLUDED.share_percentage,
            peak_time_bkk = EXCLUDED.peak_time_bkk;
        , parameters: ('2026-09-07', 814380, 'Sekiro™: Shadows Die Twice - GOTY Edition', 'NORTH_AMERICA', 'อเมริกาเหนือ', 'USA', 'สหรัฐอเมริกา', 399, 10.68, '07:00 - 11:00 น.')
[2026-09-07T06:11:07.169+0000] {sql.py:562} INFO - Rows affected: 1
[2026-09-07T06:11:07.180+0000] {sql.py:553} INFO - Running statement: 
        INSERT INTO steam_game_regions (
            snapshot_date, appid, game_name, region_code, region_name,
            country_iso3, country_name, player_count, share_percentage, peak_time_bkk, created_at
        ) VALUES (
            %s, %s, %s, %s, %s,
            %s, %s, %s, %s, %s, NOW()
        ) ON CONFLICT (snapshot_date, appid, region_code, country_iso3) DO UPDATE SET
            player_count = EXCLUDED.player_count,
            share_percentage = EXCLUDED.share_percentage,
            peak_time_bkk = EXCLUDED.peak_time_bkk;
        , parameters: ('2026-09-07', 814380, 'Sekiro™: Shadows Die Twice - GOTY Edition', 'NORTH_AMERICA', 'อเมริกาเหนือ', 'CAN', 'แคนาดา', 72, 1.94, '07:00 - 11:00 น.')
[2026-09-07T06:11:07.182+0000] {sql.py:562} INFO - Rows affected: 1
[2026-09-07T06:11:07.193+0000] {sql.py:553} INFO - Running statement: 
        INSERT INTO steam_game_regions (
            snapshot_date, appid, game_name, region_code, region_name,
            country_iso3, country_name, player_count, share_percentage, peak_time_bkk, created_at
        ) VALUES (
            %s, %s, %s, %s, %s,
            %s, %s, %s, %s, %s, NOW()
        ) ON CONFLICT (snapshot_date, appid, region_code, country_iso3) DO UPDATE SET
            player_count = EXCLUDED.player_count,
            share_percentage = EXCLUDED.share_percentage,
            peak_time_bkk = EXCLUDED.peak_time_bkk;
        , parameters: ('2026-09-07', 814380, 'Sekiro™: Shadows Die Twice - GOTY Edition', 'LATIN_AMERICA', 'ลาตินอเมริกา', 'BRA', 'บราซิล', 145, 3.88, '05:00 - 09:00 น.')
[2026-09-07T06:11:07.196+0000] {sql.py:562} INFO - Rows affected: 1
[2026-09-07T06:11:07.207+0000] {sql.py:553} INFO - Running statement: 
        INSERT INTO steam_game_regions (
            snapshot_date, appid, game_name, region_code, region_name,
            country_iso3, country_name, player_count, share_percentage, peak_time_bkk, created_at
        ) VALUES (
            %s, %s, %s, %s, %s,
            %s, %s, %s, %s, %s, NOW()
        ) ON CONFLICT (snapshot_date, appid, region_code, country_iso3) DO UPDATE SET
            player_count = EXCLUDED.player_count,
            share_percentage = EXCLUDED.share_percentage,
            peak_time_bkk = EXCLUDED.peak_time_bkk;
        , parameters: ('2026-09-07', 814380, 'Sekiro™: Shadows Die Twice - GOTY Edition', 'LATIN_AMERICA', 'ลาตินอเมริกา', 'ARG', 'อาร์เจนตินา', 54, 1.46, '05:00 - 09:00 น.')
[2026-09-07T06:11:07.211+0000] {sql.py:562} INFO - Rows affected: 1
[2026-09-07T06:11:07.222+0000] {sql.py:553} INFO - Running statement: 
        INSERT INTO steam_game_regions (
            snapshot_date, appid, game_name, region_code, region_name,
            country_iso3, country_name, player_count, share_percentage, peak_time_bkk, created_at
        ) VALUES (
            %s, %s, %s, %s, %s,
            %s, %s, %s, %s, %s, NOW()
        ) ON CONFLICT (snapshot_date, appid, region_code, country_iso3) DO UPDATE SET
            player_count = EXCLUDED.player_count,
            share_percentage = EXCLUDED.share_percentage,
            peak_time_bkk = EXCLUDED.peak_time_bkk;
        , parameters: ('2026-09-07', 814380, 'Sekiro™: Shadows Die Twice - GOTY Edition', 'OCEANIA', 'โอเชียเนีย', 'AUS', 'ออสเตรเลีย', 54, 1.46, '16:00 - 20:00 น.')
[2026-09-07T06:11:07.225+0000] {sql.py:562} INFO - Rows affected: 1
[2026-09-07T06:11:07.237+0000] {sql.py:553} INFO - Running statement: 
        INSERT INTO steam_game_regions (
            snapshot_date, appid, game_name, region_code, region_name,
            country_iso3, country_name, player_count, share_percentage, peak_time_bkk, created_at
        ) VALUES (
            %s, %s, %s, %s, %s,
            %s, %s, %s, %s, %s, NOW()
        ) ON CONFLICT (snapshot_date, appid, region_code, country_iso3) DO UPDATE SET
            player_count = EXCLUDED.player_count,
            share_percentage = EXCLUDED.share_percentage,
            peak_time_bkk = EXCLUDED.peak_time_bkk;
        , parameters: ('2026-09-07', 1174180, 'Red Dead Redemption 2', 'ASIA_EAST', 'เอเชียตะวันออก', 'CHN', 'จีน', 7783, 27.18, '19:00 - 23:00 น.')
[2026-09-07T06:11:07.240+0000] {sql.py:562} INFO - Rows affected: 1
[2026-09-07T06:11:07.253+0000] {sql.py:553} INFO - Running statement: 
        INSERT INTO steam_game_regions (
            snapshot_date, appid, game_name, region_code, region_name,
            country_iso3, country_name, player_count, share_percentage, peak_time_bkk, created_at
        ) VALUES (
            %s, %s, %s, %s, %s,
            %s, %s, %s, %s, %s, NOW()
        ) ON CONFLICT (snapshot_date, appid, region_code, country_iso3) DO UPDATE SET
            player_count = EXCLUDED.player_count,
            share_percentage = EXCLUDED.share_percentage,
            peak_time_bkk = EXCLUDED.peak_time_bkk;
        , parameters: ('2026-09-07', 1174180, 'Red Dead Redemption 2', 'ASIA_EAST', 'เอเชียตะวันออก', 'JPN', 'ญี่ปุ่น', 1390, 4.85, '19:00 - 23:00 น.')
[2026-09-07T06:11:07.257+0000] {sql.py:562} INFO - Rows affected: 1
[2026-09-07T06:11:07.267+0000] {sql.py:553} INFO - Running statement: 
        INSERT INTO steam_game_regions (
            snapshot_date, appid, game_name, region_code, region_name,
            country_iso3, country_name, player_count, share_percentage, peak_time_bkk, created_at
        ) VALUES (
            %s, %s, %s, %s, %s,
            %s, %s, %s, %s, %s, NOW()
        ) ON CONFLICT (snapshot_date, appid, region_code, country_iso3) DO UPDATE SET
            player_count = EXCLUDED.player_count,
            share_percentage = EXCLUDED.share_percentage,
            peak_time_bkk = EXCLUDED.peak_time_bkk;
        , parameters: ('2026-09-07', 1174180, 'Red Dead Redemption 2', 'ASIA_EAST', 'เอเชียตะวันออก', 'KOR', 'เกาหลีใต้', 1112, 3.88, '19:00 - 23:00 น.')
[2026-09-07T06:11:07.270+0000] {sql.py:562} INFO - Rows affected: 1
[2026-09-07T06:11:07.281+0000] {sql.py:553} INFO - Running statement: 
        INSERT INTO steam_game_regions (
            snapshot_date, appid, game_name, region_code, region_name,
            country_iso3, country_name, player_count, share_percentage, peak_time_bkk, created_at
        ) VALUES (
            %s, %s, %s, %s, %s,
            %s, %s, %s, %s, %s, NOW()
        ) ON CONFLICT (snapshot_date, appid, region_code, country_iso3) DO UPDATE SET
            player_count = EXCLUDED.player_count,
            share_percentage = EXCLUDED.share_percentage,
            peak_time_bkk = EXCLUDED.peak_time_bkk;
        , parameters: ('2026-09-07', 1174180, 'Red Dead Redemption 2', 'ASIA_EAST', 'เอเชียตะวันออก', 'TWN', 'ไต้หวัน', 556, 1.94, '19:00 - 23:00 น.')
[2026-09-07T06:11:07.283+0000] {sql.py:562} INFO - Rows affected: 1
[2026-09-07T06:11:07.292+0000] {sql.py:553} INFO - Running statement: 
        INSERT INTO steam_game_regions (
            snapshot_date, appid, game_name, region_code, region_name,
            country_iso3, country_name, player_count, share_percentage, peak_time_bkk, created_at
        ) VALUES (
            %s, %s, %s, %s, %s,
            %s, %s, %s, %s, %s, NOW()
        ) ON CONFLICT (snapshot_date, appid, region_code, country_iso3) DO UPDATE SET
            player_count = EXCLUDED.player_count,
            share_percentage = EXCLUDED.share_percentage,
            peak_time_bkk = EXCLUDED.peak_time_bkk;
        , parameters: ('2026-09-07', 1174180, 'Red Dead Redemption 2', 'ASIA_SEA', 'เอเชียตะวันออกเฉียงใต้', 'THA', 'ประเทศไทย', 1251, 4.37, '20:00 - 00:00 น.')
[2026-09-07T06:11:07.295+0000] {sql.py:562} INFO - Rows affected: 1
[2026-09-07T06:11:07.305+0000] {sql.py:553} INFO - Running statement: 
        INSERT INTO steam_game_regions (
            snapshot_date, appid, game_name, region_code, region_name,
            country_iso3, country_name, player_count, share_percentage, peak_time_bkk, created_at
        ) VALUES (
            %s, %s, %s, %s, %s,
            %s, %s, %s, %s, %s, NOW()
        ) ON CONFLICT (snapshot_date, appid, region_code, country_iso3) DO UPDATE SET
            player_count = EXCLUDED.player_count,
            share_percentage = EXCLUDED.share_percentage,
            peak_time_bkk = EXCLUDED.peak_time_bkk;
        , parameters: ('2026-09-07', 1174180, 'Red Dead Redemption 2', 'ASIA_SEA', 'เอเชียตะวันออกเฉียงใต้', 'VNM', 'เวียดนาม', 973, 3.4, '20:00 - 00:00 น.')
[2026-09-07T06:11:07.308+0000] {sql.py:562} INFO - Rows affected: 1
[2026-09-07T06:11:07.317+0000] {sql.py:553} INFO - Running statement: 
        INSERT INTO steam_game_regions (
            snapshot_date, appid, game_name, region_code, region_name,
            country_iso3, country_name, player_count, share_percentage, peak_time_bkk, created_at
        ) VALUES (
            %s, %s, %s, %s, %s,
            %s, %s, %s, %s, %s, NOW()
        ) ON CONFLICT (snapshot_date, appid, region_code, country_iso3) DO UPDATE SET
            player_count = EXCLUDED.player_count,
            share_percentage = EXCLUDED.share_percentage,
            peak_time_bkk = EXCLUDED.peak_time_bkk;
        , parameters: ('2026-09-07', 1174180, 'Red Dead Redemption 2', 'ASIA_SEA', 'เอเชียตะวันออกเฉียงใต้', 'IDN', 'อินโดนีเซีย', 834, 2.91, '20:00 - 00:00 น.')
[2026-09-07T06:11:07.319+0000] {sql.py:562} INFO - Rows affected: 1
[2026-09-07T06:11:07.327+0000] {sql.py:553} INFO - Running statement: 
        INSERT INTO steam_game_regions (
            snapshot_date, appid, game_name, region_code, region_name,
            country_iso3, country_name, player_count, share_percentage, peak_time_bkk, created_at
        ) VALUES (
            %s, %s, %s, %s, %s,
            %s, %s, %s, %s, %s, NOW()
        ) ON CONFLICT (snapshot_date, appid, region_code, country_iso3) DO UPDATE SET
            player_count = EXCLUDED.player_count,
            share_percentage = EXCLUDED.share_percentage,
            peak_time_bkk = EXCLUDED.peak_time_bkk;
        , parameters: ('2026-09-07', 1174180, 'Red Dead Redemption 2', 'ASIA_SEA', 'เอเชียตะวันออกเฉียงใต้', 'PHL', 'ฟิลิปปินส์', 695, 2.43, '20:00 - 00:00 น.')
[2026-09-07T06:11:07.329+0000] {sql.py:562} INFO - Rows affected: 1
[2026-09-07T06:11:07.338+0000] {sql.py:553} INFO - Running statement: 
        INSERT INTO steam_game_regions (
            snapshot_date, appid, game_name, region_code, region_name,
            country_iso3, country_name, player_count, share_percentage, peak_time_bkk, created_at
        ) VALUES (
            %s, %s, %s, %s, %s,
            %s, %s, %s, %s, %s, NOW()
        ) ON CONFLICT (snapshot_date, appid, region_code, country_iso3) DO UPDATE SET
            player_count = EXCLUDED.player_count,
            share_percentage = EXCLUDED.share_percentage,
            peak_time_bkk = EXCLUDED.peak_time_bkk;
        , parameters: ('2026-09-07', 1174180, 'Red Dead Redemption 2', 'ASIA_SEA', 'เอเชียตะวันออกเฉียงใต้', 'MYS', 'มาเลเซีย', 417, 1.46, '20:00 - 00:00 น.')
[2026-09-07T06:11:07.341+0000] {sql.py:562} INFO - Rows affected: 1
[2026-09-07T06:11:07.350+0000] {sql.py:553} INFO - Running statement: 
        INSERT INTO steam_game_regions (
            snapshot_date, appid, game_name, region_code, region_name,
            country_iso3, country_name, player_count, share_percentage, peak_time_bkk, created_at
        ) VALUES (
            %s, %s, %s, %s, %s,
            %s, %s, %s, %s, %s, NOW()
        ) ON CONFLICT (snapshot_date, appid, region_code, country_iso3) DO UPDATE SET
            player_count = EXCLUDED.player_count,
            share_percentage = EXCLUDED.share_percentage,
            peak_time_bkk = EXCLUDED.peak_time_bkk;
        , parameters: ('2026-09-07', 1174180, 'Red Dead Redemption 2', 'ASIA_SEA', 'เอเชียตะวันออกเฉียงใต้', 'SGP', 'สิงคโปร์', 278, 0.97, '20:00 - 00:00 น.')
[2026-09-07T06:11:07.353+0000] {sql.py:562} INFO - Rows affected: 1
[2026-09-07T06:11:07.363+0000] {sql.py:553} INFO - Running statement: 
        INSERT INTO steam_game_regions (
            snapshot_date, appid, game_name, region_code, region_name,
            country_iso3, country_name, player_count, share_percentage, peak_time_bkk, created_at
        ) VALUES (
            %s, %s, %s, %s, %s,
            %s, %s, %s, %s, %s, NOW()
        ) ON CONFLICT (snapshot_date, appid, region_code, country_iso3) DO UPDATE SET
            player_count = EXCLUDED.player_count,
            share_percentage = EXCLUDED.share_percentage,
            peak_time_bkk = EXCLUDED.peak_time_bkk;
        , parameters: ('2026-09-07', 1174180, 'Red Dead Redemption 2', 'EUROPE', 'ยุโรป', 'RUS', 'รัสเซีย', 3336, 11.65, '22:00 - 02:00 น.')
[2026-09-07T06:11:07.365+0000] {sql.py:562} INFO - Rows affected: 1
[2026-09-07T06:11:07.374+0000] {sql.py:553} INFO - Running statement: 
        INSERT INTO steam_game_regions (
            snapshot_date, appid, game_name, region_code, region_name,
            country_iso3, country_name, player_count, share_percentage, peak_time_bkk, created_at
        ) VALUES (
            %s, %s, %s, %s, %s,
            %s, %s, %s, %s, %s, NOW()
        ) ON CONFLICT (snapshot_date, appid, region_code, country_iso3) DO UPDATE SET
            player_count = EXCLUDED.player_count,
            share_percentage = EXCLUDED.share_percentage,
            peak_time_bkk = EXCLUDED.peak_time_bkk;
        , parameters: ('2026-09-07', 1174180, 'Red Dead Redemption 2', 'EUROPE', 'ยุโรป', 'DEU', 'เยอรมนี', 1668, 5.83, '00:00 - 04:00 น.')
[2026-09-07T06:11:07.377+0000] {sql.py:562} INFO - Rows affected: 1
[2026-09-07T06:11:07.386+0000] {sql.py:553} INFO - Running statement: 
        INSERT INTO steam_game_regions (
            snapshot_date, appid, game_name, region_code, region_name,
            country_iso3, country_name, player_count, share_percentage, peak_time_bkk, created_at
        ) VALUES (
            %s, %s, %s, %s, %s,
            %s, %s, %s, %s, %s, NOW()
        ) ON CONFLICT (snapshot_date, appid, region_code, country_iso3) DO UPDATE SET
            player_count = EXCLUDED.player_count,
            share_percentage = EXCLUDED.share_percentage,
            peak_time_bkk = EXCLUDED.peak_time_bkk;
        , parameters: ('2026-09-07', 1174180, 'Red Dead Redemption 2', 'EUROPE', 'ยุโรป', 'GBR', 'สหราชอาณาจักร', 1112, 3.88, '01:00 - 05:00 น.')
[2026-09-07T06:11:07.388+0000] {sql.py:562} INFO - Rows affected: 1
[2026-09-07T06:11:07.397+0000] {sql.py:553} INFO - Running statement: 
        INSERT INTO steam_game_regions (
            snapshot_date, appid, game_name, region_code, region_name,
            country_iso3, country_name, player_count, share_percentage, peak_time_bkk, created_at
        ) VALUES (
            %s, %s, %s, %s, %s,
            %s, %s, %s, %s, %s, NOW()
        ) ON CONFLICT (snapshot_date, appid, region_code, country_iso3) DO UPDATE SET
            player_count = EXCLUDED.player_count,
            share_percentage = EXCLUDED.share_percentage,
            peak_time_bkk = EXCLUDED.peak_time_bkk;
        , parameters: ('2026-09-07', 1174180, 'Red Dead Redemption 2', 'EUROPE', 'ยุโรป', 'FRA', 'ฝรั่งเศส', 834, 2.91, '00:00 - 04:00 น.')
[2026-09-07T06:11:07.399+0000] {sql.py:562} INFO - Rows affected: 1
[2026-09-07T06:11:07.409+0000] {sql.py:553} INFO - Running statement: 
        INSERT INTO steam_game_regions (
            snapshot_date, appid, game_name, region_code, region_name,
            country_iso3, country_name, player_count, share_percentage, peak_time_bkk, created_at
        ) VALUES (
            %s, %s, %s, %s, %s,
            %s, %s, %s, %s, %s, NOW()
        ) ON CONFLICT (snapshot_date, appid, region_code, country_iso3) DO UPDATE SET
            player_count = EXCLUDED.player_count,
            share_percentage = EXCLUDED.share_percentage,
            peak_time_bkk = EXCLUDED.peak_time_bkk;
        , parameters: ('2026-09-07', 1174180, 'Red Dead Redemption 2', 'EUROPE', 'ยุโรป', 'POL', 'โปแลนด์', 834, 2.91, '00:00 - 04:00 น.')
[2026-09-07T06:11:07.413+0000] {sql.py:562} INFO - Rows affected: 1
[2026-09-07T06:11:07.422+0000] {sql.py:553} INFO - Running statement: 
        INSERT INTO steam_game_regions (
            snapshot_date, appid, game_name, region_code, region_name,
            country_iso3, country_name, player_count, share_percentage, peak_time_bkk, created_at
        ) VALUES (
            %s, %s, %s, %s, %s,
            %s, %s, %s, %s, %s, NOW()
        ) ON CONFLICT (snapshot_date, appid, region_code, country_iso3) DO UPDATE SET
            player_count = EXCLUDED.player_count,
            share_percentage = EXCLUDED.share_percentage,
            peak_time_bkk = EXCLUDED.peak_time_bkk;
        , parameters: ('2026-09-07', 1174180, 'Red Dead Redemption 2', 'NORTH_AMERICA', 'อเมริกาเหนือ', 'USA', 'สหรัฐอเมริกา', 3058, 10.68, '07:00 - 11:00 น.')
[2026-09-07T06:11:07.425+0000] {sql.py:562} INFO - Rows affected: 1
[2026-09-07T06:11:07.434+0000] {sql.py:553} INFO - Running statement: 
        INSERT INTO steam_game_regions (
            snapshot_date, appid, game_name, region_code, region_name,
            country_iso3, country_name, player_count, share_percentage, peak_time_bkk, created_at
        ) VALUES (
            %s, %s, %s, %s, %s,
            %s, %s, %s, %s, %s, NOW()
        ) ON CONFLICT (snapshot_date, appid, region_code, country_iso3) DO UPDATE SET
            player_count = EXCLUDED.player_count,
            share_percentage = EXCLUDED.share_percentage,
            peak_time_bkk = EXCLUDED.peak_time_bkk;
        , parameters: ('2026-09-07', 1174180, 'Red Dead Redemption 2', 'NORTH_AMERICA', 'อเมริกาเหนือ', 'CAN', 'แคนาดา', 556, 1.94, '07:00 - 11:00 น.')
[2026-09-07T06:11:07.436+0000] {sql.py:562} INFO - Rows affected: 1
[2026-09-07T06:11:07.446+0000] {sql.py:553} INFO - Running statement: 
        INSERT INTO steam_game_regions (
            snapshot_date, appid, game_name, region_code, region_name,
            country_iso3, country_name, player_count, share_percentage, peak_time_bkk, created_at
        ) VALUES (
            %s, %s, %s, %s, %s,
            %s, %s, %s, %s, %s, NOW()
        ) ON CONFLICT (snapshot_date, appid, region_code, country_iso3) DO UPDATE SET
            player_count = EXCLUDED.player_count,
            share_percentage = EXCLUDED.share_percentage,
            peak_time_bkk = EXCLUDED.peak_time_bkk;
        , parameters: ('2026-09-07', 1174180, 'Red Dead Redemption 2', 'LATIN_AMERICA', 'ลาตินอเมริกา', 'BRA', 'บราซิล', 1112, 3.88, '05:00 - 09:00 น.')
[2026-09-07T06:11:07.448+0000] {sql.py:562} INFO - Rows affected: 1
[2026-09-07T06:11:07.457+0000] {sql.py:553} INFO - Running statement: 
        INSERT INTO steam_game_regions (
            snapshot_date, appid, game_name, region_code, region_name,
            country_iso3, country_name, player_count, share_percentage, peak_time_bkk, created_at
        ) VALUES (
            %s, %s, %s, %s, %s,
            %s, %s, %s, %s, %s, NOW()
        ) ON CONFLICT (snapshot_date, appid, region_code, country_iso3) DO UPDATE SET
            player_count = EXCLUDED.player_count,
            share_percentage = EXCLUDED.share_percentage,
            peak_time_bkk = EXCLUDED.peak_time_bkk;
        , parameters: ('2026-09-07', 1174180, 'Red Dead Redemption 2', 'LATIN_AMERICA', 'ลาตินอเมริกา', 'ARG', 'อาร์เจนตินา', 417, 1.46, '05:00 - 09:00 น.')
[2026-09-07T06:11:07.459+0000] {sql.py:562} INFO - Rows affected: 1
[2026-09-07T06:11:07.468+0000] {sql.py:553} INFO - Running statement: 
        INSERT INTO steam_game_regions (
            snapshot_date, appid, game_name, region_code, region_name,
            country_iso3, country_name, player_count, share_percentage, peak_time_bkk, created_at
        ) VALUES (
            %s, %s, %s, %s, %s,
            %s, %s, %s, %s, %s, NOW()
        ) ON CONFLICT (snapshot_date, appid, region_code, country_iso3) DO UPDATE SET
            player_count = EXCLUDED.player_count,
            share_percentage = EXCLUDED.share_percentage,
            peak_time_bkk = EXCLUDED.peak_time_bkk;
        , parameters: ('2026-09-07', 1174180, 'Red Dead Redemption 2', 'OCEANIA', 'โอเชียเนีย', 'AUS', 'ออสเตรเลีย', 417, 1.46, '16:00 - 20:00 น.')
[2026-09-07T06:11:07.472+0000] {sql.py:562} INFO - Rows affected: 1
[2026-09-07T06:11:07.481+0000] {sql.py:553} INFO - Running statement: 
        INSERT INTO steam_game_regions (
            snapshot_date, appid, game_name, region_code, region_name,
            country_iso3, country_name, player_count, share_percentage, peak_time_bkk, created_at
        ) VALUES (
            %s, %s, %s, %s, %s,
            %s, %s, %s, %s, %s, NOW()
        ) ON CONFLICT (snapshot_date, appid, region_code, country_iso3) DO UPDATE SET
            player_count = EXCLUDED.player_count,
            share_percentage = EXCLUDED.share_percentage,
            peak_time_bkk = EXCLUDED.peak_time_bkk;
        , parameters: ('2026-09-07', 289070, 'Sid Meier’s Civilization® VI', 'ASIA_EAST', 'เอเชียตะวันออก', 'CHN', 'จีน', 6615, 27.18, '19:00 - 23:00 น.')
[2026-09-07T06:11:07.485+0000] {sql.py:562} INFO - Rows affected: 1
[2026-09-07T06:11:07.493+0000] {sql.py:553} INFO - Running statement: 
        INSERT INTO steam_game_regions (
            snapshot_date, appid, game_name, region_code, region_name,
            country_iso3, country_name, player_count, share_percentage, peak_time_bkk, created_at
        ) VALUES (
            %s, %s, %s, %s, %s,
            %s, %s, %s, %s, %s, NOW()
        ) ON CONFLICT (snapshot_date, appid, region_code, country_iso3) DO UPDATE SET
            player_count = EXCLUDED.player_count,
            share_percentage = EXCLUDED.share_percentage,
            peak_time_bkk = EXCLUDED.peak_time_bkk;
        , parameters: ('2026-09-07', 289070, 'Sid Meier’s Civilization® VI', 'ASIA_EAST', 'เอเชียตะวันออก', 'JPN', 'ญี่ปุ่น', 1181, 4.85, '19:00 - 23:00 น.')
[2026-09-07T06:11:07.496+0000] {sql.py:562} INFO - Rows affected: 1
[2026-09-07T06:11:07.506+0000] {sql.py:553} INFO - Running statement: 
        INSERT INTO steam_game_regions (
            snapshot_date, appid, game_name, region_code, region_name,
            country_iso3, country_name, player_count, share_percentage, peak_time_bkk, created_at
        ) VALUES (
            %s, %s, %s, %s, %s,
            %s, %s, %s, %s, %s, NOW()
        ) ON CONFLICT (snapshot_date, appid, region_code, country_iso3) DO UPDATE SET
            player_count = EXCLUDED.player_count,
            share_percentage = EXCLUDED.share_percentage,
            peak_time_bkk = EXCLUDED.peak_time_bkk;
        , parameters: ('2026-09-07', 289070, 'Sid Meier’s Civilization® VI', 'ASIA_EAST', 'เอเชียตะวันออก', 'KOR', 'เกาหลีใต้', 945, 3.88, '19:00 - 23:00 น.')
[2026-09-07T06:11:07.508+0000] {sql.py:562} INFO - Rows affected: 1
[2026-09-07T06:11:07.519+0000] {sql.py:553} INFO - Running statement: 
        INSERT INTO steam_game_regions (
            snapshot_date, appid, game_name, region_code, region_name,
            country_iso3, country_name, player_count, share_percentage, peak_time_bkk, created_at
        ) VALUES (
            %s, %s, %s, %s, %s,
            %s, %s, %s, %s, %s, NOW()
        ) ON CONFLICT (snapshot_date, appid, region_code, country_iso3) DO UPDATE SET
            player_count = EXCLUDED.player_count,
            share_percentage = EXCLUDED.share_percentage,
            peak_time_bkk = EXCLUDED.peak_time_bkk;
        , parameters: ('2026-09-07', 289070, 'Sid Meier’s Civilization® VI', 'ASIA_EAST', 'เอเชียตะวันออก', 'TWN', 'ไต้หวัน', 473, 1.94, '19:00 - 23:00 น.')
[2026-09-07T06:11:07.522+0000] {sql.py:562} INFO - Rows affected: 1
[2026-09-07T06:11:07.532+0000] {sql.py:553} INFO - Running statement: 
        INSERT INTO steam_game_regions (
            snapshot_date, appid, game_name, region_code, region_name,
            country_iso3, country_name, player_count, share_percentage, peak_time_bkk, created_at
        ) VALUES (
            %s, %s, %s, %s, %s,
            %s, %s, %s, %s, %s, NOW()
        ) ON CONFLICT (snapshot_date, appid, region_code, country_iso3) DO UPDATE SET
            player_count = EXCLUDED.player_count,
            share_percentage = EXCLUDED.share_percentage,
            peak_time_bkk = EXCLUDED.peak_time_bkk;
        , parameters: ('2026-09-07', 289070, 'Sid Meier’s Civilization® VI', 'ASIA_SEA', 'เอเชียตะวันออกเฉียงใต้', 'THA', 'ประเทศไทย', 1063, 4.37, '20:00 - 00:00 น.')
[2026-09-07T06:11:07.535+0000] {sql.py:562} INFO - Rows affected: 1
[2026-09-07T06:11:07.548+0000] {sql.py:553} INFO - Running statement: 
        INSERT INTO steam_game_regions (
            snapshot_date, appid, game_name, region_code, region_name,
            country_iso3, country_name, player_count, share_percentage, peak_time_bkk, created_at
        ) VALUES (
            %s, %s, %s, %s, %s,
            %s, %s, %s, %s, %s, NOW()
        ) ON CONFLICT (snapshot_date, appid, region_code, country_iso3) DO UPDATE SET
            player_count = EXCLUDED.player_count,
            share_percentage = EXCLUDED.share_percentage,
            peak_time_bkk = EXCLUDED.peak_time_bkk;
        , parameters: ('2026-09-07', 289070, 'Sid Meier’s Civilization® VI', 'ASIA_SEA', 'เอเชียตะวันออกเฉียงใต้', 'VNM', 'เวียดนาม', 827, 3.4, '20:00 - 00:00 น.')
[2026-09-07T06:11:07.555+0000] {sql.py:562} INFO - Rows affected: 1
[2026-09-07T06:11:07.569+0000] {sql.py:553} INFO - Running statement: 
        INSERT INTO steam_game_regions (
            snapshot_date, appid, game_name, region_code, region_name,
            country_iso3, country_name, player_count, share_percentage, peak_time_bkk, created_at
        ) VALUES (
            %s, %s, %s, %s, %s,
            %s, %s, %s, %s, %s, NOW()
        ) ON CONFLICT (snapshot_date, appid, region_code, country_iso3) DO UPDATE SET
            player_count = EXCLUDED.player_count,
            share_percentage = EXCLUDED.share_percentage,
            peak_time_bkk = EXCLUDED.peak_time_bkk;
        , parameters: ('2026-09-07', 289070, 'Sid Meier’s Civilization® VI', 'ASIA_SEA', 'เอเชียตะวันออกเฉียงใต้', 'IDN', 'อินโดนีเซีย', 709, 2.91, '20:00 - 00:00 น.')
[2026-09-07T06:11:07.573+0000] {sql.py:562} INFO - Rows affected: 1
[2026-09-07T06:11:07.588+0000] {sql.py:553} INFO - Running statement: 
        INSERT INTO steam_game_regions (
            snapshot_date, appid, game_name, region_code, region_name,
            country_iso3, country_name, player_count, share_percentage, peak_time_bkk, created_at
        ) VALUES (
            %s, %s, %s, %s, %s,
            %s, %s, %s, %s, %s, NOW()
        ) ON CONFLICT (snapshot_date, appid, region_code, country_iso3) DO UPDATE SET
            player_count = EXCLUDED.player_count,
            share_percentage = EXCLUDED.share_percentage,
            peak_time_bkk = EXCLUDED.peak_time_bkk;
        , parameters: ('2026-09-07', 289070, 'Sid Meier’s Civilization® VI', 'ASIA_SEA', 'เอเชียตะวันออกเฉียงใต้', 'PHL', 'ฟิลิปปินส์', 591, 2.43, '20:00 - 00:00 น.')
[2026-09-07T06:11:07.591+0000] {sql.py:562} INFO - Rows affected: 1
[2026-09-07T06:11:07.603+0000] {sql.py:553} INFO - Running statement: 
        INSERT INTO steam_game_regions (
            snapshot_date, appid, game_name, region_code, region_name,
            country_iso3, country_name, player_count, share_percentage, peak_time_bkk, created_at
        ) VALUES (
            %s, %s, %s, %s, %s,
            %s, %s, %s, %s, %s, NOW()
        ) ON CONFLICT (snapshot_date, appid, region_code, country_iso3) DO UPDATE SET
            player_count = EXCLUDED.player_count,
            share_percentage = EXCLUDED.share_percentage,
            peak_time_bkk = EXCLUDED.peak_time_bkk;
        , parameters: ('2026-09-07', 289070, 'Sid Meier’s Civilization® VI', 'ASIA_SEA', 'เอเชียตะวันออกเฉียงใต้', 'MYS', 'มาเลเซีย', 354, 1.46, '20:00 - 00:00 น.')
[2026-09-07T06:11:07.609+0000] {sql.py:562} INFO - Rows affected: 1
[2026-09-07T06:11:07.629+0000] {sql.py:553} INFO - Running statement: 
        INSERT INTO steam_game_regions (
            snapshot_date, appid, game_name, region_code, region_name,
            country_iso3, country_name, player_count, share_percentage, peak_time_bkk, created_at
        ) VALUES (
            %s, %s, %s, %s, %s,
            %s, %s, %s, %s, %s, NOW()
        ) ON CONFLICT (snapshot_date, appid, region_code, country_iso3) DO UPDATE SET
            player_count = EXCLUDED.player_count,
            share_percentage = EXCLUDED.share_percentage,
            peak_time_bkk = EXCLUDED.peak_time_bkk;
        , parameters: ('2026-09-07', 289070, 'Sid Meier’s Civilization® VI', 'ASIA_SEA', 'เอเชียตะวันออกเฉียงใต้', 'SGP', 'สิงคโปร์', 236, 0.97, '20:00 - 00:00 น.')
[2026-09-07T06:11:07.633+0000] {sql.py:562} INFO - Rows affected: 1
[2026-09-07T06:11:07.656+0000] {sql.py:553} INFO - Running statement: 
        INSERT INTO steam_game_regions (
            snapshot_date, appid, game_name, region_code, region_name,
            country_iso3, country_name, player_count, share_percentage, peak_time_bkk, created_at
        ) VALUES (
            %s, %s, %s, %s, %s,
            %s, %s, %s, %s, %s, NOW()
        ) ON CONFLICT (snapshot_date, appid, region_code, country_iso3) DO UPDATE SET
            player_count = EXCLUDED.player_count,
            share_percentage = EXCLUDED.share_percentage,
            peak_time_bkk = EXCLUDED.peak_time_bkk;
        , parameters: ('2026-09-07', 289070, 'Sid Meier’s Civilization® VI', 'EUROPE', 'ยุโรป', 'RUS', 'รัสเซีย', 2835, 11.65, '22:00 - 02:00 น.')
[2026-09-07T06:11:07.662+0000] {sql.py:562} INFO - Rows affected: 1
[2026-09-07T06:11:07.676+0000] {sql.py:553} INFO - Running statement: 
        INSERT INTO steam_game_regions (
            snapshot_date, appid, game_name, region_code, region_name,
            country_iso3, country_name, player_count, share_percentage, peak_time_bkk, created_at
        ) VALUES (
            %s, %s, %s, %s, %s,
            %s, %s, %s, %s, %s, NOW()
        ) ON CONFLICT (snapshot_date, appid, region_code, country_iso3) DO UPDATE SET
            player_count = EXCLUDED.player_count,
            share_percentage = EXCLUDED.share_percentage,
            peak_time_bkk = EXCLUDED.peak_time_bkk;
        , parameters: ('2026-09-07', 289070, 'Sid Meier’s Civilization® VI', 'EUROPE', 'ยุโรป', 'DEU', 'เยอรมนี', 1418, 5.83, '00:00 - 04:00 น.')
[2026-09-07T06:11:07.680+0000] {sql.py:562} INFO - Rows affected: 1
[2026-09-07T06:11:07.695+0000] {sql.py:553} INFO - Running statement: 
        INSERT INTO steam_game_regions (
            snapshot_date, appid, game_name, region_code, region_name,
            country_iso3, country_name, player_count, share_percentage, peak_time_bkk, created_at
        ) VALUES (
            %s, %s, %s, %s, %s,
            %s, %s, %s, %s, %s, NOW()
        ) ON CONFLICT (snapshot_date, appid, region_code, country_iso3) DO UPDATE SET
            player_count = EXCLUDED.player_count,
            share_percentage = EXCLUDED.share_percentage,
            peak_time_bkk = EXCLUDED.peak_time_bkk;
        , parameters: ('2026-09-07', 289070, 'Sid Meier’s Civilization® VI', 'EUROPE', 'ยุโรป', 'GBR', 'สหราชอาณาจักร', 945, 3.88, '01:00 - 05:00 น.')
[2026-09-07T06:11:07.699+0000] {sql.py:562} INFO - Rows affected: 1
[2026-09-07T06:11:07.715+0000] {sql.py:553} INFO - Running statement: 
        INSERT INTO steam_game_regions (
            snapshot_date, appid, game_name, region_code, region_name,
            country_iso3, country_name, player_count, share_percentage, peak_time_bkk, created_at
        ) VALUES (
            %s, %s, %s, %s, %s,
            %s, %s, %s, %s, %s, NOW()
        ) ON CONFLICT (snapshot_date, appid, region_code, country_iso3) DO UPDATE SET
            player_count = EXCLUDED.player_count,
            share_percentage = EXCLUDED.share_percentage,
            peak_time_bkk = EXCLUDED.peak_time_bkk;
        , parameters: ('2026-09-07', 289070, 'Sid Meier’s Civilization® VI', 'EUROPE', 'ยุโรป', 'FRA', 'ฝรั่งเศส', 709, 2.91, '00:00 - 04:00 น.')
[2026-09-07T06:11:07.720+0000] {sql.py:562} INFO - Rows affected: 1
[2026-09-07T06:11:07.735+0000] {sql.py:553} INFO - Running statement: 
        INSERT INTO steam_game_regions (
            snapshot_date, appid, game_name, region_code, region_name,
            country_iso3, country_name, player_count, share_percentage, peak_time_bkk, created_at
        ) VALUES (
            %s, %s, %s, %s, %s,
            %s, %s, %s, %s, %s, NOW()
        ) ON CONFLICT (snapshot_date, appid, region_code, country_iso3) DO UPDATE SET
            player_count = EXCLUDED.player_count,
            share_percentage = EXCLUDED.share_percentage,
            peak_time_bkk = EXCLUDED.peak_time_bkk;
        , parameters: ('2026-09-07', 289070, 'Sid Meier’s Civilization® VI', 'EUROPE', 'ยุโรป', 'POL', 'โปแลนด์', 709, 2.91, '00:00 - 04:00 น.')
[2026-09-07T06:11:07.740+0000] {sql.py:562} INFO - Rows affected: 1
[2026-09-07T06:11:07.752+0000] {sql.py:553} INFO - Running statement: 
        INSERT INTO steam_game_regions (
            snapshot_date, appid, game_name, region_code, region_name,
            country_iso3, country_name, player_count, share_percentage, peak_time_bkk, created_at
        ) VALUES (
            %s, %s, %s, %s, %s,
            %s, %s, %s, %s, %s, NOW()
        ) ON CONFLICT (snapshot_date, appid, region_code, country_iso3) DO UPDATE SET
            player_count = EXCLUDED.player_count,
            share_percentage = EXCLUDED.share_percentage,
            peak_time_bkk = EXCLUDED.peak_time_bkk;
        , parameters: ('2026-09-07', 289070, 'Sid Meier’s Civilization® VI', 'NORTH_AMERICA', 'อเมริกาเหนือ', 'USA', 'สหรัฐอเมริกา', 2599, 10.68, '07:00 - 11:00 น.')
[2026-09-07T06:11:07.755+0000] {sql.py:562} INFO - Rows affected: 1
[2026-09-07T06:11:07.768+0000] {sql.py:553} INFO - Running statement: 
        INSERT INTO steam_game_regions (
            snapshot_date, appid, game_name, region_code, region_name,
            country_iso3, country_name, player_count, share_percentage, peak_time_bkk, created_at
        ) VALUES (
            %s, %s, %s, %s, %s,
            %s, %s, %s, %s, %s, NOW()
        ) ON CONFLICT (snapshot_date, appid, region_code, country_iso3) DO UPDATE SET
            player_count = EXCLUDED.player_count,
            share_percentage = EXCLUDED.share_percentage,
            peak_time_bkk = EXCLUDED.peak_time_bkk;
        , parameters: ('2026-09-07', 289070, 'Sid Meier’s Civilization® VI', 'NORTH_AMERICA', 'อเมริกาเหนือ', 'CAN', 'แคนาดา', 473, 1.94, '07:00 - 11:00 น.')
[2026-09-07T06:11:07.772+0000] {sql.py:562} INFO - Rows affected: 1
[2026-09-07T06:11:07.785+0000] {sql.py:553} INFO - Running statement: 
        INSERT INTO steam_game_regions (
            snapshot_date, appid, game_name, region_code, region_name,
            country_iso3, country_name, player_count, share_percentage, peak_time_bkk, created_at
        ) VALUES (
            %s, %s, %s, %s, %s,
            %s, %s, %s, %s, %s, NOW()
        ) ON CONFLICT (snapshot_date, appid, region_code, country_iso3) DO UPDATE SET
            player_count = EXCLUDED.player_count,
            share_percentage = EXCLUDED.share_percentage,
            peak_time_bkk = EXCLUDED.peak_time_bkk;
        , parameters: ('2026-09-07', 289070, 'Sid Meier’s Civilization® VI', 'LATIN_AMERICA', 'ลาตินอเมริกา', 'BRA', 'บราซิล', 945, 3.88, '05:00 - 09:00 น.')
[2026-09-07T06:11:07.789+0000] {sql.py:562} INFO - Rows affected: 1
[2026-09-07T06:11:07.804+0000] {sql.py:553} INFO - Running statement: 
        INSERT INTO steam_game_regions (
            snapshot_date, appid, game_name, region_code, region_name,
            country_iso3, country_name, player_count, share_percentage, peak_time_bkk, created_at
        ) VALUES (
            %s, %s, %s, %s, %s,
            %s, %s, %s, %s, %s, NOW()
        ) ON CONFLICT (snapshot_date, appid, region_code, country_iso3) DO UPDATE SET
            player_count = EXCLUDED.player_count,
            share_percentage = EXCLUDED.share_percentage,
            peak_time_bkk = EXCLUDED.peak_time_bkk;
        , parameters: ('2026-09-07', 289070, 'Sid Meier’s Civilization® VI', 'LATIN_AMERICA', 'ลาตินอเมริกา', 'ARG', 'อาร์เจนตินา', 354, 1.46, '05:00 - 09:00 น.')
[2026-09-07T06:11:07.807+0000] {sql.py:562} INFO - Rows affected: 1
[2026-09-07T06:11:07.819+0000] {sql.py:553} INFO - Running statement: 
        INSERT INTO steam_game_regions (
            snapshot_date, appid, game_name, region_code, region_name,
            country_iso3, country_name, player_count, share_percentage, peak_time_bkk, created_at
        ) VALUES (
            %s, %s, %s, %s, %s,
            %s, %s, %s, %s, %s, NOW()
        ) ON CONFLICT (snapshot_date, appid, region_code, country_iso3) DO UPDATE SET
            player_count = EXCLUDED.player_count,
            share_percentage = EXCLUDED.share_percentage,
            peak_time_bkk = EXCLUDED.peak_time_bkk;
        , parameters: ('2026-09-07', 289070, 'Sid Meier’s Civilization® VI', 'OCEANIA', 'โอเชียเนีย', 'AUS', 'ออสเตรเลีย', 354, 1.46, '16:00 - 20:00 น.')
[2026-09-07T06:11:07.827+0000] {sql.py:562} INFO - Rows affected: 1
[2026-09-07T06:11:07.839+0000] {sql.py:553} INFO - Running statement: 
        INSERT INTO steam_game_regions (
            snapshot_date, appid, game_name, region_code, region_name,
            country_iso3, country_name, player_count, share_percentage, peak_time_bkk, created_at
        ) VALUES (
            %s, %s, %s, %s, %s,
            %s, %s, %s, %s, %s, NOW()
        ) ON CONFLICT (snapshot_date, appid, region_code, country_iso3) DO UPDATE SET
            player_count = EXCLUDED.player_count,
            share_percentage = EXCLUDED.share_percentage,
            peak_time_bkk = EXCLUDED.peak_time_bkk;
        , parameters: ('2026-09-07', 1245620, 'ELDEN RING', 'ASIA_EAST', 'เอเชียตะวันออก', 'CHN', 'จีน', 7496, 27.18, '19:00 - 23:00 น.')
[2026-09-07T06:11:07.842+0000] {sql.py:562} INFO - Rows affected: 1
[2026-09-07T06:11:07.854+0000] {sql.py:553} INFO - Running statement: 
        INSERT INTO steam_game_regions (
            snapshot_date, appid, game_name, region_code, region_name,
            country_iso3, country_name, player_count, share_percentage, peak_time_bkk, created_at
        ) VALUES (
            %s, %s, %s, %s, %s,
            %s, %s, %s, %s, %s, NOW()
        ) ON CONFLICT (snapshot_date, appid, region_code, country_iso3) DO UPDATE SET
            player_count = EXCLUDED.player_count,
            share_percentage = EXCLUDED.share_percentage,
            peak_time_bkk = EXCLUDED.peak_time_bkk;
        , parameters: ('2026-09-07', 1245620, 'ELDEN RING', 'ASIA_EAST', 'เอเชียตะวันออก', 'JPN', 'ญี่ปุ่น', 1339, 4.85, '19:00 - 23:00 น.')
[2026-09-07T06:11:07.858+0000] {sql.py:562} INFO - Rows affected: 1
[2026-09-07T06:11:07.870+0000] {sql.py:553} INFO - Running statement: 
        INSERT INTO steam_game_regions (
            snapshot_date, appid, game_name, region_code, region_name,
            country_iso3, country_name, player_count, share_percentage, peak_time_bkk, created_at
        ) VALUES (
            %s, %s, %s, %s, %s,
            %s, %s, %s, %s, %s, NOW()
        ) ON CONFLICT (snapshot_date, appid, region_code, country_iso3) DO UPDATE SET
            player_count = EXCLUDED.player_count,
            share_percentage = EXCLUDED.share_percentage,
            peak_time_bkk = EXCLUDED.peak_time_bkk;
        , parameters: ('2026-09-07', 1245620, 'ELDEN RING', 'ASIA_EAST', 'เอเชียตะวันออก', 'KOR', 'เกาหลีใต้', 1071, 3.88, '19:00 - 23:00 น.')
[2026-09-07T06:11:07.874+0000] {sql.py:562} INFO - Rows affected: 1
[2026-09-07T06:11:07.891+0000] {sql.py:553} INFO - Running statement: 
        INSERT INTO steam_game_regions (
            snapshot_date, appid, game_name, region_code, region_name,
            country_iso3, country_name, player_count, share_percentage, peak_time_bkk, created_at
        ) VALUES (
            %s, %s, %s, %s, %s,
            %s, %s, %s, %s, %s, NOW()
        ) ON CONFLICT (snapshot_date, appid, region_code, country_iso3) DO UPDATE SET
            player_count = EXCLUDED.player_count,
            share_percentage = EXCLUDED.share_percentage,
            peak_time_bkk = EXCLUDED.peak_time_bkk;
        , parameters: ('2026-09-07', 1245620, 'ELDEN RING', 'ASIA_EAST', 'เอเชียตะวันออก', 'TWN', 'ไต้หวัน', 535, 1.94, '19:00 - 23:00 น.')
[2026-09-07T06:11:07.894+0000] {sql.py:562} INFO - Rows affected: 1
[2026-09-07T06:11:07.904+0000] {sql.py:553} INFO - Running statement: 
        INSERT INTO steam_game_regions (
            snapshot_date, appid, game_name, region_code, region_name,
            country_iso3, country_name, player_count, share_percentage, peak_time_bkk, created_at
        ) VALUES (
            %s, %s, %s, %s, %s,
            %s, %s, %s, %s, %s, NOW()
        ) ON CONFLICT (snapshot_date, appid, region_code, country_iso3) DO UPDATE SET
            player_count = EXCLUDED.player_count,
            share_percentage = EXCLUDED.share_percentage,
            peak_time_bkk = EXCLUDED.peak_time_bkk;
        , parameters: ('2026-09-07', 1245620, 'ELDEN RING', 'ASIA_SEA', 'เอเชียตะวันออกเฉียงใต้', 'THA', 'ประเทศไทย', 1205, 4.37, '20:00 - 00:00 น.')
[2026-09-07T06:11:07.907+0000] {sql.py:562} INFO - Rows affected: 1
[2026-09-07T06:11:07.919+0000] {sql.py:553} INFO - Running statement: 
        INSERT INTO steam_game_regions (
            snapshot_date, appid, game_name, region_code, region_name,
            country_iso3, country_name, player_count, share_percentage, peak_time_bkk, created_at
        ) VALUES (
            %s, %s, %s, %s, %s,
            %s, %s, %s, %s, %s, NOW()
        ) ON CONFLICT (snapshot_date, appid, region_code, country_iso3) DO UPDATE SET
            player_count = EXCLUDED.player_count,
            share_percentage = EXCLUDED.share_percentage,
            peak_time_bkk = EXCLUDED.peak_time_bkk;
        , parameters: ('2026-09-07', 1245620, 'ELDEN RING', 'ASIA_SEA', 'เอเชียตะวันออกเฉียงใต้', 'VNM', 'เวียดนาม', 937, 3.4, '20:00 - 00:00 น.')
[2026-09-07T06:11:07.923+0000] {sql.py:562} INFO - Rows affected: 1
[2026-09-07T06:11:07.932+0000] {sql.py:553} INFO - Running statement: 
        INSERT INTO steam_game_regions (
            snapshot_date, appid, game_name, region_code, region_name,
            country_iso3, country_name, player_count, share_percentage, peak_time_bkk, created_at
        ) VALUES (
            %s, %s, %s, %s, %s,
            %s, %s, %s, %s, %s, NOW()
        ) ON CONFLICT (snapshot_date, appid, region_code, country_iso3) DO UPDATE SET
            player_count = EXCLUDED.player_count,
            share_percentage = EXCLUDED.share_percentage,
            peak_time_bkk = EXCLUDED.peak_time_bkk;
        , parameters: ('2026-09-07', 1245620, 'ELDEN RING', 'ASIA_SEA', 'เอเชียตะวันออกเฉียงใต้', 'IDN', 'อินโดนีเซีย', 803, 2.91, '20:00 - 00:00 น.')
[2026-09-07T06:11:07.934+0000] {sql.py:562} INFO - Rows affected: 1
[2026-09-07T06:11:07.944+0000] {sql.py:553} INFO - Running statement: 
        INSERT INTO steam_game_regions (
            snapshot_date, appid, game_name, region_code, region_name,
            country_iso3, country_name, player_count, share_percentage, peak_time_bkk, created_at
        ) VALUES (
            %s, %s, %s, %s, %s,
            %s, %s, %s, %s, %s, NOW()
        ) ON CONFLICT (snapshot_date, appid, region_code, country_iso3) DO UPDATE SET
            player_count = EXCLUDED.player_count,
            share_percentage = EXCLUDED.share_percentage,
            peak_time_bkk = EXCLUDED.peak_time_bkk;
        , parameters: ('2026-09-07', 1245620, 'ELDEN RING', 'ASIA_SEA', 'เอเชียตะวันออกเฉียงใต้', 'PHL', 'ฟิลิปปินส์', 669, 2.43, '20:00 - 00:00 น.')
[2026-09-07T06:11:07.947+0000] {sql.py:562} INFO - Rows affected: 1
[2026-09-07T06:11:07.956+0000] {sql.py:553} INFO - Running statement: 
        INSERT INTO steam_game_regions (
            snapshot_date, appid, game_name, region_code, region_name,
            country_iso3, country_name, player_count, share_percentage, peak_time_bkk, created_at
        ) VALUES (
            %s, %s, %s, %s, %s,
            %s, %s, %s, %s, %s, NOW()
        ) ON CONFLICT (snapshot_date, appid, region_code, country_iso3) DO UPDATE SET
            player_count = EXCLUDED.player_count,
            share_percentage = EXCLUDED.share_percentage,
            peak_time_bkk = EXCLUDED.peak_time_bkk;
        , parameters: ('2026-09-07', 1245620, 'ELDEN RING', 'ASIA_SEA', 'เอเชียตะวันออกเฉียงใต้', 'MYS', 'มาเลเซีย', 402, 1.46, '20:00 - 00:00 น.')
[2026-09-07T06:11:07.960+0000] {sql.py:562} INFO - Rows affected: 1
[2026-09-07T06:11:07.973+0000] {sql.py:553} INFO - Running statement: 
        INSERT INTO steam_game_regions (
            snapshot_date, appid, game_name, region_code, region_name,
            country_iso3, country_name, player_count, share_percentage, peak_time_bkk, created_at
        ) VALUES (
            %s, %s, %s, %s, %s,
            %s, %s, %s, %s, %s, NOW()
        ) ON CONFLICT (snapshot_date, appid, region_code, country_iso3) DO UPDATE SET
            player_count = EXCLUDED.player_count,
            share_percentage = EXCLUDED.share_percentage,
            peak_time_bkk = EXCLUDED.peak_time_bkk;
        , parameters: ('2026-09-07', 1245620, 'ELDEN RING', 'ASIA_SEA', 'เอเชียตะวันออกเฉียงใต้', 'SGP', 'สิงคโปร์', 268, 0.97, '20:00 - 00:00 น.')
[2026-09-07T06:11:07.977+0000] {sql.py:562} INFO - Rows affected: 1
[2026-09-07T06:11:07.991+0000] {sql.py:553} INFO - Running statement: 
        INSERT INTO steam_game_regions (
            snapshot_date, appid, game_name, region_code, region_name,
            country_iso3, country_name, player_count, share_percentage, peak_time_bkk, created_at
        ) VALUES (
            %s, %s, %s, %s, %s,
            %s, %s, %s, %s, %s, NOW()
        ) ON CONFLICT (snapshot_date, appid, region_code, country_iso3) DO UPDATE SET
            player_count = EXCLUDED.player_count,
            share_percentage = EXCLUDED.share_percentage,
            peak_time_bkk = EXCLUDED.peak_time_bkk;
        , parameters: ('2026-09-07', 1245620, 'ELDEN RING', 'EUROPE', 'ยุโรป', 'RUS', 'รัสเซีย', 3213, 11.65, '22:00 - 02:00 น.')
[2026-09-07T06:11:07.994+0000] {sql.py:562} INFO - Rows affected: 1
[2026-09-07T06:11:08.005+0000] {sql.py:553} INFO - Running statement: 
        INSERT INTO steam_game_regions (
            snapshot_date, appid, game_name, region_code, region_name,
            country_iso3, country_name, player_count, share_percentage, peak_time_bkk, created_at
        ) VALUES (
            %s, %s, %s, %s, %s,
            %s, %s, %s, %s, %s, NOW()
        ) ON CONFLICT (snapshot_date, appid, region_code, country_iso3) DO UPDATE SET
            player_count = EXCLUDED.player_count,
            share_percentage = EXCLUDED.share_percentage,
            peak_time_bkk = EXCLUDED.peak_time_bkk;
        , parameters: ('2026-09-07', 1245620, 'ELDEN RING', 'EUROPE', 'ยุโรป', 'DEU', 'เยอรมนี', 1606, 5.83, '00:00 - 04:00 น.')
[2026-09-07T06:11:08.008+0000] {sql.py:562} INFO - Rows affected: 1
[2026-09-07T06:11:08.019+0000] {sql.py:553} INFO - Running statement: 
        INSERT INTO steam_game_regions (
            snapshot_date, appid, game_name, region_code, region_name,
            country_iso3, country_name, player_count, share_percentage, peak_time_bkk, created_at
        ) VALUES (
            %s, %s, %s, %s, %s,
            %s, %s, %s, %s, %s, NOW()
        ) ON CONFLICT (snapshot_date, appid, region_code, country_iso3) DO UPDATE SET
            player_count = EXCLUDED.player_count,
            share_percentage = EXCLUDED.share_percentage,
            peak_time_bkk = EXCLUDED.peak_time_bkk;
        , parameters: ('2026-09-07', 1245620, 'ELDEN RING', 'EUROPE', 'ยุโรป', 'GBR', 'สหราชอาณาจักร', 1071, 3.88, '01:00 - 05:00 น.')
[2026-09-07T06:11:08.023+0000] {sql.py:562} INFO - Rows affected: 1
[2026-09-07T06:11:08.041+0000] {sql.py:553} INFO - Running statement: 
        INSERT INTO steam_game_regions (
            snapshot_date, appid, game_name, region_code, region_name,
            country_iso3, country_name, player_count, share_percentage, peak_time_bkk, created_at
        ) VALUES (
            %s, %s, %s, %s, %s,
            %s, %s, %s, %s, %s, NOW()
        ) ON CONFLICT (snapshot_date, appid, region_code, country_iso3) DO UPDATE SET
            player_count = EXCLUDED.player_count,
            share_percentage = EXCLUDED.share_percentage,
            peak_time_bkk = EXCLUDED.peak_time_bkk;
        , parameters: ('2026-09-07', 1245620, 'ELDEN RING', 'EUROPE', 'ยุโรป', 'FRA', 'ฝรั่งเศส', 803, 2.91, '00:00 - 04:00 น.')
[2026-09-07T06:11:08.045+0000] {sql.py:562} INFO - Rows affected: 1
[2026-09-07T06:11:08.057+0000] {sql.py:553} INFO - Running statement: 
        INSERT INTO steam_game_regions (
            snapshot_date, appid, game_name, region_code, region_name,
            country_iso3, country_name, player_count, share_percentage, peak_time_bkk, created_at
        ) VALUES (
            %s, %s, %s, %s, %s,
            %s, %s, %s, %s, %s, NOW()
        ) ON CONFLICT (snapshot_date, appid, region_code, country_iso3) DO UPDATE SET
            player_count = EXCLUDED.player_count,
            share_percentage = EXCLUDED.share_percentage,
            peak_time_bkk = EXCLUDED.peak_time_bkk;
        , parameters: ('2026-09-07', 1245620, 'ELDEN RING', 'EUROPE', 'ยุโรป', 'POL', 'โปแลนด์', 803, 2.91, '00:00 - 04:00 น.')
[2026-09-07T06:11:08.061+0000] {sql.py:562} INFO - Rows affected: 1
[2026-09-07T06:11:08.082+0000] {sql.py:553} INFO - Running statement: 
        INSERT INTO steam_game_regions (
            snapshot_date, appid, game_name, region_code, region_name,
            country_iso3, country_name, player_count, share_percentage, peak_time_bkk, created_at
        ) VALUES (
            %s, %s, %s, %s, %s,
            %s, %s, %s, %s, %s, NOW()
        ) ON CONFLICT (snapshot_date, appid, region_code, country_iso3) DO UPDATE SET
            player_count = EXCLUDED.player_count,
            share_percentage = EXCLUDED.share_percentage,
            peak_time_bkk = EXCLUDED.peak_time_bkk;
        , parameters: ('2026-09-07', 1245620, 'ELDEN RING', 'NORTH_AMERICA', 'อเมริกาเหนือ', 'USA', 'สหรัฐอเมริกา', 2945, 10.68, '07:00 - 11:00 น.')
[2026-09-07T06:11:08.086+0000] {sql.py:562} INFO - Rows affected: 1
[2026-09-07T06:11:08.102+0000] {sql.py:553} INFO - Running statement: 
        INSERT INTO steam_game_regions (
            snapshot_date, appid, game_name, region_code, region_name,
            country_iso3, country_name, player_count, share_percentage, peak_time_bkk, created_at
        ) VALUES (
            %s, %s, %s, %s, %s,
            %s, %s, %s, %s, %s, NOW()
        ) ON CONFLICT (snapshot_date, appid, region_code, country_iso3) DO UPDATE SET
            player_count = EXCLUDED.player_count,
            share_percentage = EXCLUDED.share_percentage,
            peak_time_bkk = EXCLUDED.peak_time_bkk;
        , parameters: ('2026-09-07', 1245620, 'ELDEN RING', 'NORTH_AMERICA', 'อเมริกาเหนือ', 'CAN', 'แคนาดา', 535, 1.94, '07:00 - 11:00 น.')
[2026-09-07T06:11:08.107+0000] {sql.py:562} INFO - Rows affected: 1
[2026-09-07T06:11:08.127+0000] {sql.py:553} INFO - Running statement: 
        INSERT INTO steam_game_regions (
            snapshot_date, appid, game_name, region_code, region_name,
            country_iso3, country_name, player_count, share_percentage, peak_time_bkk, created_at
        ) VALUES (
            %s, %s, %s, %s, %s,
            %s, %s, %s, %s, %s, NOW()
        ) ON CONFLICT (snapshot_date, appid, region_code, country_iso3) DO UPDATE SET
            player_count = EXCLUDED.player_count,
            share_percentage = EXCLUDED.share_percentage,
            peak_time_bkk = EXCLUDED.peak_time_bkk;
        , parameters: ('2026-09-07', 1245620, 'ELDEN RING', 'LATIN_AMERICA', 'ลาตินอเมริกา', 'BRA', 'บราซิล', 1071, 3.88, '05:00 - 09:00 น.')
[2026-09-07T06:11:08.132+0000] {sql.py:562} INFO - Rows affected: 1
[2026-09-07T06:11:08.158+0000] {sql.py:553} INFO - Running statement: 
        INSERT INTO steam_game_regions (
            snapshot_date, appid, game_name, region_code, region_name,
            country_iso3, country_name, player_count, share_percentage, peak_time_bkk, created_at
        ) VALUES (
            %s, %s, %s, %s, %s,
            %s, %s, %s, %s, %s, NOW()
        ) ON CONFLICT (snapshot_date, appid, region_code, country_iso3) DO UPDATE SET
            player_count = EXCLUDED.player_count,
            share_percentage = EXCLUDED.share_percentage,
            peak_time_bkk = EXCLUDED.peak_time_bkk;
        , parameters: ('2026-09-07', 1245620, 'ELDEN RING', 'LATIN_AMERICA', 'ลาตินอเมริกา', 'ARG', 'อาร์เจนตินา', 402, 1.46, '05:00 - 09:00 น.')
[2026-09-07T06:11:08.162+0000] {sql.py:562} INFO - Rows affected: 1
[2026-09-07T06:11:08.177+0000] {sql.py:553} INFO - Running statement: 
        INSERT INTO steam_game_regions (
            snapshot_date, appid, game_name, region_code, region_name,
            country_iso3, country_name, player_count, share_percentage, peak_time_bkk, created_at
        ) VALUES (
            %s, %s, %s, %s, %s,
            %s, %s, %s, %s, %s, NOW()
        ) ON CONFLICT (snapshot_date, appid, region_code, country_iso3) DO UPDATE SET
            player_count = EXCLUDED.player_count,
            share_percentage = EXCLUDED.share_percentage,
            peak_time_bkk = EXCLUDED.peak_time_bkk;
        , parameters: ('2026-09-07', 1245620, 'ELDEN RING', 'OCEANIA', 'โอเชียเนีย', 'AUS', 'ออสเตรเลีย', 402, 1.46, '16:00 - 20:00 น.')
[2026-09-07T06:11:08.203+0000] {sql.py:562} INFO - Rows affected: 1
[2026-09-07T06:11:08.224+0000] {sql.py:553} INFO - Running statement: 
        INSERT INTO steam_game_regions (
            snapshot_date, appid, game_name, region_code, region_name,
            country_iso3, country_name, player_count, share_percentage, peak_time_bkk, created_at
        ) VALUES (
            %s, %s, %s, %s, %s,
            %s, %s, %s, %s, %s, NOW()
        ) ON CONFLICT (snapshot_date, appid, region_code, country_iso3) DO UPDATE SET
            player_count = EXCLUDED.player_count,
            share_percentage = EXCLUDED.share_percentage,
            peak_time_bkk = EXCLUDED.peak_time_bkk;
        , parameters: ('2026-09-07', 236390, 'War Thunder', 'ASIA_EAST', 'เอเชียตะวันออก', 'CHN', 'จีน', 9388, 27.18, '19:00 - 23:00 น.')
[2026-09-07T06:11:08.229+0000] {sql.py:562} INFO - Rows affected: 1
[2026-09-07T06:11:08.248+0000] {sql.py:553} INFO - Running statement: 
        INSERT INTO steam_game_regions (
            snapshot_date, appid, game_name, region_code, region_name,
            country_iso3, country_name, player_count, share_percentage, peak_time_bkk, created_at
        ) VALUES (
            %s, %s, %s, %s, %s,
            %s, %s, %s, %s, %s, NOW()
        ) ON CONFLICT (snapshot_date, appid, region_code, country_iso3) DO UPDATE SET
            player_count = EXCLUDED.player_count,
            share_percentage = EXCLUDED.share_percentage,
            peak_time_bkk = EXCLUDED.peak_time_bkk;
        , parameters: ('2026-09-07', 236390, 'War Thunder', 'ASIA_EAST', 'เอเชียตะวันออก', 'JPN', 'ญี่ปุ่น', 1677, 4.85, '19:00 - 23:00 น.')
[2026-09-07T06:11:08.253+0000] {sql.py:562} INFO - Rows affected: 1
[2026-09-07T06:11:08.270+0000] {sql.py:553} INFO - Running statement: 
        INSERT INTO steam_game_regions (
            snapshot_date, appid, game_name, region_code, region_name,
            country_iso3, country_name, player_count, share_percentage, peak_time_bkk, created_at
        ) VALUES (
            %s, %s, %s, %s, %s,
            %s, %s, %s, %s, %s, NOW()
        ) ON CONFLICT (snapshot_date, appid, region_code, country_iso3) DO UPDATE SET
            player_count = EXCLUDED.player_count,
            share_percentage = EXCLUDED.share_percentage,
            peak_time_bkk = EXCLUDED.peak_time_bkk;
        , parameters: ('2026-09-07', 236390, 'War Thunder', 'ASIA_EAST', 'เอเชียตะวันออก', 'KOR', 'เกาหลีใต้', 1341, 3.88, '19:00 - 23:00 น.')
[2026-09-07T06:11:08.273+0000] {sql.py:562} INFO - Rows affected: 1
[2026-09-07T06:11:08.286+0000] {sql.py:553} INFO - Running statement: 
        INSERT INTO steam_game_regions (
            snapshot_date, appid, game_name, region_code, region_name,
            country_iso3, country_name, player_count, share_percentage, peak_time_bkk, created_at
        ) VALUES (
            %s, %s, %s, %s, %s,
            %s, %s, %s, %s, %s, NOW()
        ) ON CONFLICT (snapshot_date, appid, region_code, country_iso3) DO UPDATE SET
            player_count = EXCLUDED.player_count,
            share_percentage = EXCLUDED.share_percentage,
            peak_time_bkk = EXCLUDED.peak_time_bkk;
        , parameters: ('2026-09-07', 236390, 'War Thunder', 'ASIA_EAST', 'เอเชียตะวันออก', 'TWN', 'ไต้หวัน', 671, 1.94, '19:00 - 23:00 น.')
[2026-09-07T06:11:08.291+0000] {sql.py:562} INFO - Rows affected: 1
[2026-09-07T06:11:08.320+0000] {sql.py:553} INFO - Running statement: 
        INSERT INTO steam_game_regions (
            snapshot_date, appid, game_name, region_code, region_name,
            country_iso3, country_name, player_count, share_percentage, peak_time_bkk, created_at
        ) VALUES (
            %s, %s, %s, %s, %s,
            %s, %s, %s, %s, %s, NOW()
        ) ON CONFLICT (snapshot_date, appid, region_code, country_iso3) DO UPDATE SET
            player_count = EXCLUDED.player_count,
            share_percentage = EXCLUDED.share_percentage,
            peak_time_bkk = EXCLUDED.peak_time_bkk;
        , parameters: ('2026-09-07', 236390, 'War Thunder', 'ASIA_SEA', 'เอเชียตะวันออกเฉียงใต้', 'THA', 'ประเทศไทย', 1509, 4.37, '20:00 - 00:00 น.')
[2026-09-07T06:11:08.328+0000] {sql.py:562} INFO - Rows affected: 1
[2026-09-07T06:11:08.359+0000] {sql.py:553} INFO - Running statement: 
        INSERT INTO steam_game_regions (
            snapshot_date, appid, game_name, region_code, region_name,
            country_iso3, country_name, player_count, share_percentage, peak_time_bkk, created_at
        ) VALUES (
            %s, %s, %s, %s, %s,
            %s, %s, %s, %s, %s, NOW()
        ) ON CONFLICT (snapshot_date, appid, region_code, country_iso3) DO UPDATE SET
            player_count = EXCLUDED.player_count,
            share_percentage = EXCLUDED.share_percentage,
            peak_time_bkk = EXCLUDED.peak_time_bkk;
        , parameters: ('2026-09-07', 236390, 'War Thunder', 'ASIA_SEA', 'เอเชียตะวันออกเฉียงใต้', 'VNM', 'เวียดนาม', 1174, 3.4, '20:00 - 00:00 น.')
[2026-09-07T06:11:08.363+0000] {sql.py:562} INFO - Rows affected: 1
[2026-09-07T06:11:08.380+0000] {sql.py:553} INFO - Running statement: 
        INSERT INTO steam_game_regions (
            snapshot_date, appid, game_name, region_code, region_name,
            country_iso3, country_name, player_count, share_percentage, peak_time_bkk, created_at
        ) VALUES (
            %s, %s, %s, %s, %s,
            %s, %s, %s, %s, %s, NOW()
        ) ON CONFLICT (snapshot_date, appid, region_code, country_iso3) DO UPDATE SET
            player_count = EXCLUDED.player_count,
            share_percentage = EXCLUDED.share_percentage,
            peak_time_bkk = EXCLUDED.peak_time_bkk;
        , parameters: ('2026-09-07', 236390, 'War Thunder', 'ASIA_SEA', 'เอเชียตะวันออกเฉียงใต้', 'IDN', 'อินโดนีเซีย', 1006, 2.91, '20:00 - 00:00 น.')
[2026-09-07T06:11:08.385+0000] {sql.py:562} INFO - Rows affected: 1
[2026-09-07T06:11:08.404+0000] {sql.py:553} INFO - Running statement: 
        INSERT INTO steam_game_regions (
            snapshot_date, appid, game_name, region_code, region_name,
            country_iso3, country_name, player_count, share_percentage, peak_time_bkk, created_at
        ) VALUES (
            %s, %s, %s, %s, %s,
            %s, %s, %s, %s, %s, NOW()
        ) ON CONFLICT (snapshot_date, appid, region_code, country_iso3) DO UPDATE SET
            player_count = EXCLUDED.player_count,
            share_percentage = EXCLUDED.share_percentage,
            peak_time_bkk = EXCLUDED.peak_time_bkk;
        , parameters: ('2026-09-07', 236390, 'War Thunder', 'ASIA_SEA', 'เอเชียตะวันออกเฉียงใต้', 'PHL', 'ฟิลิปปินส์', 838, 2.43, '20:00 - 00:00 น.')
[2026-09-07T06:11:08.407+0000] {sql.py:562} INFO - Rows affected: 1
[2026-09-07T06:11:08.419+0000] {sql.py:553} INFO - Running statement: 
        INSERT INTO steam_game_regions (
            snapshot_date, appid, game_name, region_code, region_name,
            country_iso3, country_name, player_count, share_percentage, peak_time_bkk, created_at
        ) VALUES (
            %s, %s, %s, %s, %s,
            %s, %s, %s, %s, %s, NOW()
        ) ON CONFLICT (snapshot_date, appid, region_code, country_iso3) DO UPDATE SET
            player_count = EXCLUDED.player_count,
            share_percentage = EXCLUDED.share_percentage,
            peak_time_bkk = EXCLUDED.peak_time_bkk;
        , parameters: ('2026-09-07', 236390, 'War Thunder', 'ASIA_SEA', 'เอเชียตะวันออกเฉียงใต้', 'MYS', 'มาเลเซีย', 503, 1.46, '20:00 - 00:00 น.')
[2026-09-07T06:11:08.424+0000] {sql.py:562} INFO - Rows affected: 1
[2026-09-07T06:11:08.437+0000] {sql.py:553} INFO - Running statement: 
        INSERT INTO steam_game_regions (
            snapshot_date, appid, game_name, region_code, region_name,
            country_iso3, country_name, player_count, share_percentage, peak_time_bkk, created_at
        ) VALUES (
            %s, %s, %s, %s, %s,
            %s, %s, %s, %s, %s, NOW()
        ) ON CONFLICT (snapshot_date, appid, region_code, country_iso3) DO UPDATE SET
            player_count = EXCLUDED.player_count,
            share_percentage = EXCLUDED.share_percentage,
            peak_time_bkk = EXCLUDED.peak_time_bkk;
        , parameters: ('2026-09-07', 236390, 'War Thunder', 'ASIA_SEA', 'เอเชียตะวันออกเฉียงใต้', 'SGP', 'สิงคโปร์', 335, 0.97, '20:00 - 00:00 น.')
[2026-09-07T06:11:08.446+0000] {sql.py:562} INFO - Rows affected: 1
[2026-09-07T06:11:08.459+0000] {sql.py:553} INFO - Running statement: 
        INSERT INTO steam_game_regions (
            snapshot_date, appid, game_name, region_code, region_name,
            country_iso3, country_name, player_count, share_percentage, peak_time_bkk, created_at
        ) VALUES (
            %s, %s, %s, %s, %s,
            %s, %s, %s, %s, %s, NOW()
        ) ON CONFLICT (snapshot_date, appid, region_code, country_iso3) DO UPDATE SET
            player_count = EXCLUDED.player_count,
            share_percentage = EXCLUDED.share_percentage,
            peak_time_bkk = EXCLUDED.peak_time_bkk;
        , parameters: ('2026-09-07', 236390, 'War Thunder', 'EUROPE', 'ยุโรป', 'RUS', 'รัสเซีย', 4024, 11.65, '22:00 - 02:00 น.')
[2026-09-07T06:11:08.462+0000] {sql.py:562} INFO - Rows affected: 1
[2026-09-07T06:11:08.476+0000] {sql.py:553} INFO - Running statement: 
        INSERT INTO steam_game_regions (
            snapshot_date, appid, game_name, region_code, region_name,
            country_iso3, country_name, player_count, share_percentage, peak_time_bkk, created_at
        ) VALUES (
            %s, %s, %s, %s, %s,
            %s, %s, %s, %s, %s, NOW()
        ) ON CONFLICT (snapshot_date, appid, region_code, country_iso3) DO UPDATE SET
            player_count = EXCLUDED.player_count,
            share_percentage = EXCLUDED.share_percentage,
            peak_time_bkk = EXCLUDED.peak_time_bkk;
        , parameters: ('2026-09-07', 236390, 'War Thunder', 'EUROPE', 'ยุโรป', 'DEU', 'เยอรมนี', 2012, 5.83, '00:00 - 04:00 น.')
[2026-09-07T06:11:08.483+0000] {sql.py:562} INFO - Rows affected: 1
[2026-09-07T06:11:08.496+0000] {sql.py:553} INFO - Running statement: 
        INSERT INTO steam_game_regions (
            snapshot_date, appid, game_name, region_code, region_name,
            country_iso3, country_name, player_count, share_percentage, peak_time_bkk, created_at
        ) VALUES (
            %s, %s, %s, %s, %s,
            %s, %s, %s, %s, %s, NOW()
        ) ON CONFLICT (snapshot_date, appid, region_code, country_iso3) DO UPDATE SET
            player_count = EXCLUDED.player_count,
            share_percentage = EXCLUDED.share_percentage,
            peak_time_bkk = EXCLUDED.peak_time_bkk;
        , parameters: ('2026-09-07', 236390, 'War Thunder', 'EUROPE', 'ยุโรป', 'GBR', 'สหราชอาณาจักร', 1341, 3.88, '01:00 - 05:00 น.')
[2026-09-07T06:11:08.500+0000] {sql.py:562} INFO - Rows affected: 1
[2026-09-07T06:11:08.512+0000] {sql.py:553} INFO - Running statement: 
        INSERT INTO steam_game_regions (
            snapshot_date, appid, game_name, region_code, region_name,
            country_iso3, country_name, player_count, share_percentage, peak_time_bkk, created_at
        ) VALUES (
            %s, %s, %s, %s, %s,
            %s, %s, %s, %s, %s, NOW()
        ) ON CONFLICT (snapshot_date, appid, region_code, country_iso3) DO UPDATE SET
            player_count = EXCLUDED.player_count,
            share_percentage = EXCLUDED.share_percentage,
            peak_time_bkk = EXCLUDED.peak_time_bkk;
        , parameters: ('2026-09-07', 236390, 'War Thunder', 'EUROPE', 'ยุโรป', 'FRA', 'ฝรั่งเศส', 1006, 2.91, '00:00 - 04:00 น.')
[2026-09-07T06:11:08.520+0000] {sql.py:562} INFO - Rows affected: 1
[2026-09-07T06:11:08.542+0000] {sql.py:553} INFO - Running statement: 
        INSERT INTO steam_game_regions (
            snapshot_date, appid, game_name, region_code, region_name,
            country_iso3, country_name, player_count, share_percentage, peak_time_bkk, created_at
        ) VALUES (
            %s, %s, %s, %s, %s,
            %s, %s, %s, %s, %s, NOW()
        ) ON CONFLICT (snapshot_date, appid, region_code, country_iso3) DO UPDATE SET
            player_count = EXCLUDED.player_count,
            share_percentage = EXCLUDED.share_percentage,
            peak_time_bkk = EXCLUDED.peak_time_bkk;
        , parameters: ('2026-09-07', 236390, 'War Thunder', 'EUROPE', 'ยุโรป', 'POL', 'โปแลนด์', 1006, 2.91, '00:00 - 04:00 น.')
[2026-09-07T06:11:08.546+0000] {sql.py:562} INFO - Rows affected: 1
[2026-09-07T06:11:08.562+0000] {sql.py:553} INFO - Running statement: 
        INSERT INTO steam_game_regions (
            snapshot_date, appid, game_name, region_code, region_name,
            country_iso3, country_name, player_count, share_percentage, peak_time_bkk, created_at
        ) VALUES (
            %s, %s, %s, %s, %s,
            %s, %s, %s, %s, %s, NOW()
        ) ON CONFLICT (snapshot_date, appid, region_code, country_iso3) DO UPDATE SET
            player_count = EXCLUDED.player_count,
            share_percentage = EXCLUDED.share_percentage,
            peak_time_bkk = EXCLUDED.peak_time_bkk;
        , parameters: ('2026-09-07', 236390, 'War Thunder', 'NORTH_AMERICA', 'อเมริกาเหนือ', 'USA', 'สหรัฐอเมริกา', 3688, 10.68, '07:00 - 11:00 น.')
[2026-09-07T06:11:08.566+0000] {sql.py:562} INFO - Rows affected: 1
[2026-09-07T06:11:08.584+0000] {sql.py:553} INFO - Running statement: 
        INSERT INTO steam_game_regions (
            snapshot_date, appid, game_name, region_code, region_name,
            country_iso3, country_name, player_count, share_percentage, peak_time_bkk, created_at
        ) VALUES (
            %s, %s, %s, %s, %s,
            %s, %s, %s, %s, %s, NOW()
        ) ON CONFLICT (snapshot_date, appid, region_code, country_iso3) DO UPDATE SET
            player_count = EXCLUDED.player_count,
            share_percentage = EXCLUDED.share_percentage,
            peak_time_bkk = EXCLUDED.peak_time_bkk;
        , parameters: ('2026-09-07', 236390, 'War Thunder', 'NORTH_AMERICA', 'อเมริกาเหนือ', 'CAN', 'แคนาดา', 671, 1.94, '07:00 - 11:00 น.')
[2026-09-07T06:11:08.588+0000] {sql.py:562} INFO - Rows affected: 1
[2026-09-07T06:11:08.603+0000] {sql.py:553} INFO - Running statement: 
        INSERT INTO steam_game_regions (
            snapshot_date, appid, game_name, region_code, region_name,
            country_iso3, country_name, player_count, share_percentage, peak_time_bkk, created_at
        ) VALUES (
            %s, %s, %s, %s, %s,
            %s, %s, %s, %s, %s, NOW()
        ) ON CONFLICT (snapshot_date, appid, region_code, country_iso3) DO UPDATE SET
            player_count = EXCLUDED.player_count,
            share_percentage = EXCLUDED.share_percentage,
            peak_time_bkk = EXCLUDED.peak_time_bkk;
        , parameters: ('2026-09-07', 236390, 'War Thunder', 'LATIN_AMERICA', 'ลาตินอเมริกา', 'BRA', 'บราซิล', 1341, 3.88, '05:00 - 09:00 น.')
[2026-09-07T06:11:08.608+0000] {sql.py:562} INFO - Rows affected: 1
[2026-09-07T06:11:08.623+0000] {sql.py:553} INFO - Running statement: 
        INSERT INTO steam_game_regions (
            snapshot_date, appid, game_name, region_code, region_name,
            country_iso3, country_name, player_count, share_percentage, peak_time_bkk, created_at
        ) VALUES (
            %s, %s, %s, %s, %s,
            %s, %s, %s, %s, %s, NOW()
        ) ON CONFLICT (snapshot_date, appid, region_code, country_iso3) DO UPDATE SET
            player_count = EXCLUDED.player_count,
            share_percentage = EXCLUDED.share_percentage,
            peak_time_bkk = EXCLUDED.peak_time_bkk;
        , parameters: ('2026-09-07', 236390, 'War Thunder', 'LATIN_AMERICA', 'ลาตินอเมริกา', 'ARG', 'อาร์เจนตินา', 503, 1.46, '05:00 - 09:00 น.')
[2026-09-07T06:11:08.640+0000] {sql.py:562} INFO - Rows affected: 1
[2026-09-07T06:11:08.671+0000] {sql.py:553} INFO - Running statement: 
        INSERT INTO steam_game_regions (
            snapshot_date, appid, game_name, region_code, region_name,
            country_iso3, country_name, player_count, share_percentage, peak_time_bkk, created_at
        ) VALUES (
            %s, %s, %s, %s, %s,
            %s, %s, %s, %s, %s, NOW()
        ) ON CONFLICT (snapshot_date, appid, region_code, country_iso3) DO UPDATE SET
            player_count = EXCLUDED.player_count,
            share_percentage = EXCLUDED.share_percentage,
            peak_time_bkk = EXCLUDED.peak_time_bkk;
        , parameters: ('2026-09-07', 236390, 'War Thunder', 'OCEANIA', 'โอเชียเนีย', 'AUS', 'ออสเตรเลีย', 503, 1.46, '16:00 - 20:00 น.')
[2026-09-07T06:11:08.691+0000] {sql.py:562} INFO - Rows affected: 1
[2026-09-07T06:11:08.731+0000] {logging_mixin.py:190} INFO - 🌍 คำนวณและบันทึกสถิติผู้เล่นแยกตามโซน/ประเทศ 500 รายการ สำเร็จ!
[2026-09-07T06:11:08.736+0000] {python.py:240} INFO - Done. Returned value was: None
[2026-09-07T06:11:08.768+0000] {taskinstance.py:340} INFO - ::group::Post task execution logs
[2026-09-07T06:11:08.776+0000] {taskinstance.py:352} INFO - Marking task as SUCCESS. dag_id=steam_etl_dag, task_id=calculate_regional_distribution, run_id=manual__2026-09-07T06:10:13+00:00, execution_date=20260907T061013, start_date=20260907T061101, end_date=20260907T061108
[2026-09-07T06:11:08.875+0000] {local_task_job_runner.py:266} INFO - Task exited with return code 0
[2026-09-07T06:11:08.974+0000] {taskinstance.py:3895} INFO - 1 downstream tasks scheduled from follow-on schedule check
[2026-09-07T06:11:09.007+0000] {local_task_job_runner.py:245} INFO - ::endgroup::
