[2026-08-30T13:04:38.594+0000] {processor.py:186} INFO - Started process (PID=80) to work on /opt/airflow/dags/01_hello_dag.py
[2026-08-30T13:04:38.597+0000] {processor.py:914} INFO - Processing file /opt/airflow/dags/01_hello_dag.py for tasks to queue
[2026-08-30T13:04:38.605+0000] {logging_mixin.py:190} INFO - [2026-08-30T13:04:38.605+0000] {dagbag.py:588} INFO - Filling up the DagBag from /opt/airflow/dags/01_hello_dag.py
[2026-08-30T13:04:38.637+0000] {processor.py:925} INFO - DAG(s) 'hello_dag' retrieved from /opt/airflow/dags/01_hello_dag.py
[2026-08-30T13:04:38.695+0000] {logging_mixin.py:190} INFO - [2026-08-30T13:04:38.694+0000] {dag.py:3239} INFO - Sync 1 DAGs
[2026-08-30T13:04:38.716+0000] {logging_mixin.py:190} INFO - [2026-08-30T13:04:38.715+0000] {dag.py:4180} INFO - Setting next_dagrun for hello_dag to None, run_after=None
[2026-08-30T13:04:38.750+0000] {processor.py:208} INFO - Processing /opt/airflow/dags/01_hello_dag.py took 0.171 seconds
[2026-08-30T13:05:09.438+0000] {processor.py:186} INFO - Started process (PID=91) to work on /opt/airflow/dags/01_hello_dag.py
[2026-08-30T13:05:09.439+0000] {processor.py:914} INFO - Processing file /opt/airflow/dags/01_hello_dag.py for tasks to queue
[2026-08-30T13:05:09.440+0000] {logging_mixin.py:190} INFO - [2026-08-30T13:05:09.440+0000] {dagbag.py:588} INFO - Filling up the DagBag from /opt/airflow/dags/01_hello_dag.py
[2026-08-30T13:05:09.454+0000] {processor.py:925} INFO - DAG(s) 'hello_dag' retrieved from /opt/airflow/dags/01_hello_dag.py
[2026-08-30T13:05:09.477+0000] {logging_mixin.py:190} INFO - [2026-08-30T13:05:09.477+0000] {dag.py:3239} INFO - Sync 1 DAGs
[2026-08-30T13:05:09.489+0000] {logging_mixin.py:190} INFO - [2026-08-30T13:05:09.489+0000] {dag.py:4180} INFO - Setting next_dagrun for hello_dag to None, run_after=None
[2026-08-30T13:05:09.500+0000] {processor.py:208} INFO - Processing /opt/airflow/dags/01_hello_dag.py took 0.067 seconds
[2026-08-30T13:05:40.104+0000] {processor.py:186} INFO - Started process (PID=102) to work on /opt/airflow/dags/01_hello_dag.py
[2026-08-30T13:05:40.104+0000] {processor.py:914} INFO - Processing file /opt/airflow/dags/01_hello_dag.py for tasks to queue
[2026-08-30T13:05:40.106+0000] {logging_mixin.py:190} INFO - [2026-08-30T13:05:40.106+0000] {dagbag.py:588} INFO - Filling up the DagBag from /opt/airflow/dags/01_hello_dag.py
[2026-08-30T13:05:40.115+0000] {processor.py:925} INFO - DAG(s) 'hello_dag' retrieved from /opt/airflow/dags/01_hello_dag.py
[2026-08-30T13:05:40.139+0000] {logging_mixin.py:190} INFO - [2026-08-30T13:05:40.139+0000] {dag.py:3239} INFO - Sync 1 DAGs
[2026-08-30T13:05:40.147+0000] {logging_mixin.py:190} INFO - [2026-08-30T13:05:40.146+0000] {dag.py:4180} INFO - Setting next_dagrun for hello_dag to None, run_after=None
[2026-08-30T13:05:40.161+0000] {processor.py:208} INFO - Processing /opt/airflow/dags/01_hello_dag.py took 0.061 seconds
[2026-08-30T13:06:10.696+0000] {processor.py:186} INFO - Started process (PID=113) to work on /opt/airflow/dags/01_hello_dag.py
[2026-08-30T13:06:10.697+0000] {processor.py:914} INFO - Processing file /opt/airflow/dags/01_hello_dag.py for tasks to queue
[2026-08-30T13:06:10.698+0000] {logging_mixin.py:190} INFO - [2026-08-30T13:06:10.698+0000] {dagbag.py:588} INFO - Filling up the DagBag from /opt/airflow/dags/01_hello_dag.py
[2026-08-30T13:06:10.706+0000] {processor.py:925} INFO - DAG(s) 'hello_dag' retrieved from /opt/airflow/dags/01_hello_dag.py
[2026-08-30T13:06:10.726+0000] {logging_mixin.py:190} INFO - [2026-08-30T13:06:10.726+0000] {dag.py:3239} INFO - Sync 1 DAGs
[2026-08-30T13:06:10.733+0000] {logging_mixin.py:190} INFO - [2026-08-30T13:06:10.733+0000] {dag.py:4180} INFO - Setting next_dagrun for hello_dag to None, run_after=None
[2026-08-30T13:06:10.745+0000] {processor.py:208} INFO - Processing /opt/airflow/dags/01_hello_dag.py took 0.053 seconds
[2026-08-30T13:06:41.363+0000] {processor.py:186} INFO - Started process (PID=124) to work on /opt/airflow/dags/01_hello_dag.py
[2026-08-30T13:06:41.364+0000] {processor.py:914} INFO - Processing file /opt/airflow/dags/01_hello_dag.py for tasks to queue
[2026-08-30T13:06:41.365+0000] {logging_mixin.py:190} INFO - [2026-08-30T13:06:41.365+0000] {dagbag.py:588} INFO - Filling up the DagBag from /opt/airflow/dags/01_hello_dag.py
[2026-08-30T13:06:41.375+0000] {processor.py:925} INFO - DAG(s) 'hello_dag' retrieved from /opt/airflow/dags/01_hello_dag.py
[2026-08-30T13:06:41.394+0000] {logging_mixin.py:190} INFO - [2026-08-30T13:06:41.394+0000] {dag.py:3239} INFO - Sync 1 DAGs
[2026-08-30T13:06:41.407+0000] {logging_mixin.py:190} INFO - [2026-08-30T13:06:41.407+0000] {dag.py:4180} INFO - Setting next_dagrun for hello_dag to None, run_after=None
[2026-08-30T13:06:41.425+0000] {processor.py:208} INFO - Processing /opt/airflow/dags/01_hello_dag.py took 0.065 seconds
[2026-08-30T13:07:11.998+0000] {processor.py:186} INFO - Started process (PID=135) to work on /opt/airflow/dags/01_hello_dag.py
[2026-08-30T13:07:11.999+0000] {processor.py:914} INFO - Processing file /opt/airflow/dags/01_hello_dag.py for tasks to queue
[2026-08-30T13:07:12.001+0000] {logging_mixin.py:190} INFO - [2026-08-30T13:07:12.001+0000] {dagbag.py:588} INFO - Filling up the DagBag from /opt/airflow/dags/01_hello_dag.py
[2026-08-30T13:07:12.010+0000] {processor.py:925} INFO - DAG(s) 'hello_dag' retrieved from /opt/airflow/dags/01_hello_dag.py
[2026-08-30T13:07:12.029+0000] {logging_mixin.py:190} INFO - [2026-08-30T13:07:12.028+0000] {dag.py:3239} INFO - Sync 1 DAGs
[2026-08-30T13:07:12.040+0000] {logging_mixin.py:190} INFO - [2026-08-30T13:07:12.040+0000] {dag.py:4180} INFO - Setting next_dagrun for hello_dag to None, run_after=None
[2026-08-30T13:07:12.055+0000] {processor.py:208} INFO - Processing /opt/airflow/dags/01_hello_dag.py took 0.060 seconds
[2026-08-30T13:07:43.115+0000] {processor.py:186} INFO - Started process (PID=146) to work on /opt/airflow/dags/01_hello_dag.py
[2026-08-30T13:07:43.116+0000] {processor.py:914} INFO - Processing file /opt/airflow/dags/01_hello_dag.py for tasks to queue
[2026-08-30T13:07:43.118+0000] {logging_mixin.py:190} INFO - [2026-08-30T13:07:43.118+0000] {dagbag.py:588} INFO - Filling up the DagBag from /opt/airflow/dags/01_hello_dag.py
[2026-08-30T13:07:43.126+0000] {processor.py:925} INFO - DAG(s) 'hello_dag' retrieved from /opt/airflow/dags/01_hello_dag.py
[2026-08-30T13:07:43.147+0000] {logging_mixin.py:190} INFO - [2026-08-30T13:07:43.147+0000] {dag.py:3239} INFO - Sync 1 DAGs
[2026-08-30T13:07:43.155+0000] {logging_mixin.py:190} INFO - [2026-08-30T13:07:43.155+0000] {dag.py:4180} INFO - Setting next_dagrun for hello_dag to None, run_after=None
[2026-08-30T13:07:43.282+0000] {processor.py:208} INFO - Processing /opt/airflow/dags/01_hello_dag.py took 0.171 seconds
[2026-08-30T13:08:14.269+0000] {processor.py:186} INFO - Started process (PID=157) to work on /opt/airflow/dags/01_hello_dag.py
[2026-08-30T13:08:14.270+0000] {processor.py:914} INFO - Processing file /opt/airflow/dags/01_hello_dag.py for tasks to queue
[2026-08-30T13:08:14.271+0000] {logging_mixin.py:190} INFO - [2026-08-30T13:08:14.271+0000] {dagbag.py:588} INFO - Filling up the DagBag from /opt/airflow/dags/01_hello_dag.py
[2026-08-30T13:08:14.282+0000] {processor.py:925} INFO - DAG(s) 'hello_dag' retrieved from /opt/airflow/dags/01_hello_dag.py
[2026-08-30T13:08:14.447+0000] {logging_mixin.py:190} INFO - [2026-08-30T13:08:14.446+0000] {dag.py:3239} INFO - Sync 1 DAGs
[2026-08-30T13:08:14.459+0000] {logging_mixin.py:190} INFO - [2026-08-30T13:08:14.459+0000] {dag.py:4180} INFO - Setting next_dagrun for hello_dag to None, run_after=None
[2026-08-30T13:08:14.474+0000] {processor.py:208} INFO - Processing /opt/airflow/dags/01_hello_dag.py took 0.209 seconds
[2026-08-30T13:08:45.441+0000] {processor.py:186} INFO - Started process (PID=168) to work on /opt/airflow/dags/01_hello_dag.py
[2026-08-30T13:08:45.442+0000] {processor.py:914} INFO - Processing file /opt/airflow/dags/01_hello_dag.py for tasks to queue
[2026-08-30T13:08:45.443+0000] {logging_mixin.py:190} INFO - [2026-08-30T13:08:45.443+0000] {dagbag.py:588} INFO - Filling up the DagBag from /opt/airflow/dags/01_hello_dag.py
[2026-08-30T13:08:45.566+0000] {processor.py:925} INFO - DAG(s) 'hello_dag' retrieved from /opt/airflow/dags/01_hello_dag.py
[2026-08-30T13:08:45.581+0000] {logging_mixin.py:190} INFO - [2026-08-30T13:08:45.581+0000] {dag.py:3239} INFO - Sync 1 DAGs
[2026-08-30T13:08:45.588+0000] {logging_mixin.py:190} INFO - [2026-08-30T13:08:45.588+0000] {dag.py:4180} INFO - Setting next_dagrun for hello_dag to None, run_after=None
[2026-08-30T13:08:45.599+0000] {processor.py:208} INFO - Processing /opt/airflow/dags/01_hello_dag.py took 0.161 seconds
[2026-08-30T13:09:16.541+0000] {processor.py:186} INFO - Started process (PID=179) to work on /opt/airflow/dags/01_hello_dag.py
[2026-08-30T13:09:16.544+0000] {processor.py:914} INFO - Processing file /opt/airflow/dags/01_hello_dag.py for tasks to queue
[2026-08-30T13:09:16.546+0000] {logging_mixin.py:190} INFO - [2026-08-30T13:09:16.545+0000] {dagbag.py:588} INFO - Filling up the DagBag from /opt/airflow/dags/01_hello_dag.py
[2026-08-30T13:09:16.570+0000] {processor.py:925} INFO - DAG(s) 'hello_dag' retrieved from /opt/airflow/dags/01_hello_dag.py
[2026-08-30T13:09:16.647+0000] {logging_mixin.py:190} INFO - [2026-08-30T13:09:16.647+0000] {dag.py:3239} INFO - Sync 1 DAGs
[2026-08-30T13:09:16.686+0000] {logging_mixin.py:190} INFO - [2026-08-30T13:09:16.686+0000] {dag.py:4180} INFO - Setting next_dagrun for hello_dag to None, run_after=None
[2026-08-30T13:09:16.729+0000] {processor.py:208} INFO - Processing /opt/airflow/dags/01_hello_dag.py took 0.198 seconds
[2026-08-30T13:09:46.869+0000] {processor.py:186} INFO - Started process (PID=191) to work on /opt/airflow/dags/01_hello_dag.py
[2026-08-30T13:09:46.870+0000] {processor.py:914} INFO - Processing file /opt/airflow/dags/01_hello_dag.py for tasks to queue
[2026-08-30T13:09:46.871+0000] {logging_mixin.py:190} INFO - [2026-08-30T13:09:46.871+0000] {dagbag.py:588} INFO - Filling up the DagBag from /opt/airflow/dags/01_hello_dag.py
[2026-08-30T13:09:46.877+0000] {processor.py:925} INFO - DAG(s) 'hello_dag' retrieved from /opt/airflow/dags/01_hello_dag.py
[2026-08-30T13:09:46.891+0000] {logging_mixin.py:190} INFO - [2026-08-30T13:09:46.891+0000] {dag.py:3239} INFO - Sync 1 DAGs
[2026-08-30T13:09:46.898+0000] {logging_mixin.py:190} INFO - [2026-08-30T13:09:46.898+0000] {dag.py:4180} INFO - Setting next_dagrun for hello_dag to None, run_after=None
[2026-08-30T13:09:46.905+0000] {processor.py:208} INFO - Processing /opt/airflow/dags/01_hello_dag.py took 0.041 seconds
[2026-08-30T13:10:17.552+0000] {processor.py:186} INFO - Started process (PID=203) to work on /opt/airflow/dags/01_hello_dag.py
[2026-08-30T13:10:17.553+0000] {processor.py:914} INFO - Processing file /opt/airflow/dags/01_hello_dag.py for tasks to queue
[2026-08-30T13:10:17.556+0000] {logging_mixin.py:190} INFO - [2026-08-30T13:10:17.555+0000] {dagbag.py:588} INFO - Filling up the DagBag from /opt/airflow/dags/01_hello_dag.py
[2026-08-30T13:10:17.566+0000] {processor.py:925} INFO - DAG(s) 'hello_dag' retrieved from /opt/airflow/dags/01_hello_dag.py
[2026-08-30T13:10:17.585+0000] {logging_mixin.py:190} INFO - [2026-08-30T13:10:17.585+0000] {dag.py:3239} INFO - Sync 1 DAGs
[2026-08-30T13:10:17.592+0000] {logging_mixin.py:190} INFO - [2026-08-30T13:10:17.592+0000] {dag.py:4180} INFO - Setting next_dagrun for hello_dag to None, run_after=None
[2026-08-30T13:10:17.603+0000] {processor.py:208} INFO - Processing /opt/airflow/dags/01_hello_dag.py took 0.056 seconds
[2026-08-30T13:10:48.324+0000] {processor.py:186} INFO - Started process (PID=215) to work on /opt/airflow/dags/01_hello_dag.py
[2026-08-30T13:10:48.325+0000] {processor.py:914} INFO - Processing file /opt/airflow/dags/01_hello_dag.py for tasks to queue
[2026-08-30T13:10:48.327+0000] {logging_mixin.py:190} INFO - [2026-08-30T13:10:48.327+0000] {dagbag.py:588} INFO - Filling up the DagBag from /opt/airflow/dags/01_hello_dag.py
[2026-08-30T13:10:48.337+0000] {processor.py:925} INFO - DAG(s) 'hello_dag' retrieved from /opt/airflow/dags/01_hello_dag.py
[2026-08-30T13:10:48.361+0000] {logging_mixin.py:190} INFO - [2026-08-30T13:10:48.361+0000] {dag.py:3239} INFO - Sync 1 DAGs
[2026-08-30T13:10:48.369+0000] {logging_mixin.py:190} INFO - [2026-08-30T13:10:48.369+0000] {dag.py:4180} INFO - Setting next_dagrun for hello_dag to None, run_after=None
[2026-08-30T13:10:48.380+0000] {processor.py:208} INFO - Processing /opt/airflow/dags/01_hello_dag.py took 0.066 seconds
[2026-08-30T13:11:19.192+0000] {processor.py:186} INFO - Started process (PID=227) to work on /opt/airflow/dags/01_hello_dag.py
[2026-08-30T13:11:19.193+0000] {processor.py:914} INFO - Processing file /opt/airflow/dags/01_hello_dag.py for tasks to queue
[2026-08-30T13:11:19.194+0000] {logging_mixin.py:190} INFO - [2026-08-30T13:11:19.194+0000] {dagbag.py:588} INFO - Filling up the DagBag from /opt/airflow/dags/01_hello_dag.py
[2026-08-30T13:11:19.201+0000] {processor.py:925} INFO - DAG(s) 'hello_dag' retrieved from /opt/airflow/dags/01_hello_dag.py
[2026-08-30T13:11:19.215+0000] {logging_mixin.py:190} INFO - [2026-08-30T13:11:19.215+0000] {dag.py:3239} INFO - Sync 1 DAGs
[2026-08-30T13:11:19.222+0000] {logging_mixin.py:190} INFO - [2026-08-30T13:11:19.222+0000] {dag.py:4180} INFO - Setting next_dagrun for hello_dag to None, run_after=None
[2026-08-30T13:11:19.229+0000] {processor.py:208} INFO - Processing /opt/airflow/dags/01_hello_dag.py took 0.041 seconds
[2026-08-30T13:11:49.982+0000] {processor.py:186} INFO - Started process (PID=239) to work on /opt/airflow/dags/01_hello_dag.py
[2026-08-30T13:11:49.982+0000] {processor.py:914} INFO - Processing file /opt/airflow/dags/01_hello_dag.py for tasks to queue
[2026-08-30T13:11:49.984+0000] {logging_mixin.py:190} INFO - [2026-08-30T13:11:49.983+0000] {dagbag.py:588} INFO - Filling up the DagBag from /opt/airflow/dags/01_hello_dag.py
[2026-08-30T13:11:49.995+0000] {processor.py:925} INFO - DAG(s) 'hello_dag' retrieved from /opt/airflow/dags/01_hello_dag.py
[2026-08-30T13:11:50.026+0000] {logging_mixin.py:190} INFO - [2026-08-30T13:11:50.026+0000] {dag.py:3239} INFO - Sync 1 DAGs
[2026-08-30T13:11:50.037+0000] {logging_mixin.py:190} INFO - [2026-08-30T13:11:50.037+0000] {dag.py:4180} INFO - Setting next_dagrun for hello_dag to None, run_after=None
[2026-08-30T13:11:50.051+0000] {processor.py:208} INFO - Processing /opt/airflow/dags/01_hello_dag.py took 0.073 seconds
[2026-08-30T13:12:22.216+0000] {processor.py:186} INFO - Started process (PID=250) to work on /opt/airflow/dags/01_hello_dag.py
[2026-08-30T13:12:22.217+0000] {processor.py:914} INFO - Processing file /opt/airflow/dags/01_hello_dag.py for tasks to queue
[2026-08-30T13:12:22.226+0000] {logging_mixin.py:190} INFO - [2026-08-30T13:12:22.225+0000] {dagbag.py:588} INFO - Filling up the DagBag from /opt/airflow/dags/01_hello_dag.py
[2026-08-30T13:12:22.243+0000] {processor.py:925} INFO - DAG(s) 'hello_dag' retrieved from /opt/airflow/dags/01_hello_dag.py
[2026-08-30T13:12:22.264+0000] {logging_mixin.py:190} INFO - [2026-08-30T13:12:22.264+0000] {dag.py:3239} INFO - Sync 1 DAGs
[2026-08-30T13:12:22.272+0000] {logging_mixin.py:190} INFO - [2026-08-30T13:12:22.272+0000] {dag.py:4180} INFO - Setting next_dagrun for hello_dag to None, run_after=None
[2026-08-30T13:12:22.281+0000] {processor.py:208} INFO - Processing /opt/airflow/dags/01_hello_dag.py took 0.074 seconds
[2026-08-30T13:12:52.982+0000] {processor.py:186} INFO - Started process (PID=262) to work on /opt/airflow/dags/01_hello_dag.py
[2026-08-30T13:12:52.983+0000] {processor.py:914} INFO - Processing file /opt/airflow/dags/01_hello_dag.py for tasks to queue
[2026-08-30T13:12:52.984+0000] {logging_mixin.py:190} INFO - [2026-08-30T13:12:52.984+0000] {dagbag.py:588} INFO - Filling up the DagBag from /opt/airflow/dags/01_hello_dag.py
[2026-08-30T13:12:52.990+0000] {processor.py:925} INFO - DAG(s) 'hello_dag' retrieved from /opt/airflow/dags/01_hello_dag.py
[2026-08-30T13:12:53.007+0000] {logging_mixin.py:190} INFO - [2026-08-30T13:12:53.007+0000] {dag.py:3239} INFO - Sync 1 DAGs
[2026-08-30T13:12:53.015+0000] {logging_mixin.py:190} INFO - [2026-08-30T13:12:53.015+0000] {dag.py:4180} INFO - Setting next_dagrun for hello_dag to None, run_after=None
[2026-08-30T13:12:53.029+0000] {processor.py:208} INFO - Processing /opt/airflow/dags/01_hello_dag.py took 0.050 seconds
[2026-08-30T13:13:23.598+0000] {processor.py:186} INFO - Started process (PID=274) to work on /opt/airflow/dags/01_hello_dag.py
[2026-08-30T13:13:23.599+0000] {processor.py:914} INFO - Processing file /opt/airflow/dags/01_hello_dag.py for tasks to queue
[2026-08-30T13:13:23.602+0000] {logging_mixin.py:190} INFO - [2026-08-30T13:13:23.601+0000] {dagbag.py:588} INFO - Filling up the DagBag from /opt/airflow/dags/01_hello_dag.py
[2026-08-30T13:13:23.608+0000] {processor.py:925} INFO - DAG(s) 'hello_dag' retrieved from /opt/airflow/dags/01_hello_dag.py
[2026-08-30T13:13:23.623+0000] {logging_mixin.py:190} INFO - [2026-08-30T13:13:23.623+0000] {dag.py:3239} INFO - Sync 1 DAGs
[2026-08-30T13:13:23.630+0000] {logging_mixin.py:190} INFO - [2026-08-30T13:13:23.630+0000] {dag.py:4180} INFO - Setting next_dagrun for hello_dag to None, run_after=None
[2026-08-30T13:13:23.637+0000] {processor.py:208} INFO - Processing /opt/airflow/dags/01_hello_dag.py took 0.044 seconds
[2026-08-30T13:13:54.254+0000] {processor.py:186} INFO - Started process (PID=286) to work on /opt/airflow/dags/01_hello_dag.py
[2026-08-30T13:13:54.254+0000] {processor.py:914} INFO - Processing file /opt/airflow/dags/01_hello_dag.py for tasks to queue
[2026-08-30T13:13:54.256+0000] {logging_mixin.py:190} INFO - [2026-08-30T13:13:54.255+0000] {dagbag.py:588} INFO - Filling up the DagBag from /opt/airflow/dags/01_hello_dag.py
[2026-08-30T13:13:54.262+0000] {processor.py:925} INFO - DAG(s) 'hello_dag' retrieved from /opt/airflow/dags/01_hello_dag.py
[2026-08-30T13:13:54.278+0000] {logging_mixin.py:190} INFO - [2026-08-30T13:13:54.278+0000] {dag.py:3239} INFO - Sync 1 DAGs
[2026-08-30T13:13:54.286+0000] {logging_mixin.py:190} INFO - [2026-08-30T13:13:54.286+0000] {dag.py:4180} INFO - Setting next_dagrun for hello_dag to None, run_after=None
[2026-08-30T13:13:54.294+0000] {processor.py:208} INFO - Processing /opt/airflow/dags/01_hello_dag.py took 0.044 seconds
[2026-08-30T13:16:11.452+0000] {processor.py:186} INFO - Started process (PID=94) to work on /opt/airflow/dags/01_hello_dag.py
[2026-08-30T13:16:11.457+0000] {processor.py:914} INFO - Processing file /opt/airflow/dags/01_hello_dag.py for tasks to queue
[2026-08-30T13:16:11.466+0000] {logging_mixin.py:190} INFO - [2026-08-30T13:16:11.465+0000] {dagbag.py:588} INFO - Filling up the DagBag from /opt/airflow/dags/01_hello_dag.py
[2026-08-30T13:16:11.530+0000] {processor.py:925} INFO - DAG(s) 'hello_dag' retrieved from /opt/airflow/dags/01_hello_dag.py
[2026-08-30T13:16:11.626+0000] {logging_mixin.py:190} INFO - [2026-08-30T13:16:11.625+0000] {dag.py:3239} INFO - Sync 1 DAGs
[2026-08-30T13:16:11.650+0000] {logging_mixin.py:190} INFO - [2026-08-30T13:16:11.650+0000] {dag.py:4180} INFO - Setting next_dagrun for hello_dag to None, run_after=None
[2026-08-30T13:16:11.678+0000] {processor.py:208} INFO - Processing /opt/airflow/dags/01_hello_dag.py took 0.245 seconds
[2026-08-30T13:16:42.347+0000] {processor.py:186} INFO - Started process (PID=106) to work on /opt/airflow/dags/01_hello_dag.py
[2026-08-30T13:16:42.349+0000] {processor.py:914} INFO - Processing file /opt/airflow/dags/01_hello_dag.py for tasks to queue
[2026-08-30T13:16:42.351+0000] {logging_mixin.py:190} INFO - [2026-08-30T13:16:42.351+0000] {dagbag.py:588} INFO - Filling up the DagBag from /opt/airflow/dags/01_hello_dag.py
[2026-08-30T13:16:42.358+0000] {processor.py:925} INFO - DAG(s) 'hello_dag' retrieved from /opt/airflow/dags/01_hello_dag.py
[2026-08-30T13:16:42.380+0000] {logging_mixin.py:190} INFO - [2026-08-30T13:16:42.380+0000] {dag.py:3239} INFO - Sync 1 DAGs
[2026-08-30T13:16:42.388+0000] {logging_mixin.py:190} INFO - [2026-08-30T13:16:42.388+0000] {dag.py:4180} INFO - Setting next_dagrun for hello_dag to None, run_after=None
[2026-08-30T13:16:42.398+0000] {processor.py:208} INFO - Processing /opt/airflow/dags/01_hello_dag.py took 0.055 seconds
[2026-08-30T13:17:13.031+0000] {processor.py:186} INFO - Started process (PID=118) to work on /opt/airflow/dags/01_hello_dag.py
[2026-08-30T13:17:13.032+0000] {processor.py:914} INFO - Processing file /opt/airflow/dags/01_hello_dag.py for tasks to queue
[2026-08-30T13:17:13.034+0000] {logging_mixin.py:190} INFO - [2026-08-30T13:17:13.034+0000] {dagbag.py:588} INFO - Filling up the DagBag from /opt/airflow/dags/01_hello_dag.py
[2026-08-30T13:17:13.040+0000] {processor.py:925} INFO - DAG(s) 'hello_dag' retrieved from /opt/airflow/dags/01_hello_dag.py
[2026-08-30T13:17:13.112+0000] {logging_mixin.py:190} INFO - [2026-08-30T13:17:13.103+0000] {dag.py:3239} INFO - Sync 1 DAGs
[2026-08-30T13:17:13.161+0000] {logging_mixin.py:190} INFO - [2026-08-30T13:17:13.161+0000] {dag.py:4180} INFO - Setting next_dagrun for hello_dag to None, run_after=None
[2026-08-30T13:17:13.173+0000] {processor.py:208} INFO - Processing /opt/airflow/dags/01_hello_dag.py took 0.146 seconds
[2026-08-30T13:17:43.746+0000] {processor.py:186} INFO - Started process (PID=130) to work on /opt/airflow/dags/01_hello_dag.py
[2026-08-30T13:17:43.746+0000] {processor.py:914} INFO - Processing file /opt/airflow/dags/01_hello_dag.py for tasks to queue
[2026-08-30T13:17:43.748+0000] {logging_mixin.py:190} INFO - [2026-08-30T13:17:43.748+0000] {dagbag.py:588} INFO - Filling up the DagBag from /opt/airflow/dags/01_hello_dag.py
[2026-08-30T13:17:43.755+0000] {processor.py:925} INFO - DAG(s) 'hello_dag' retrieved from /opt/airflow/dags/01_hello_dag.py
[2026-08-30T13:17:43.774+0000] {logging_mixin.py:190} INFO - [2026-08-30T13:17:43.774+0000] {dag.py:3239} INFO - Sync 1 DAGs
[2026-08-30T13:17:43.783+0000] {logging_mixin.py:190} INFO - [2026-08-30T13:17:43.782+0000] {dag.py:4180} INFO - Setting next_dagrun for hello_dag to None, run_after=None
[2026-08-30T13:17:43.793+0000] {processor.py:208} INFO - Processing /opt/airflow/dags/01_hello_dag.py took 0.050 seconds
[2026-08-30T13:18:14.475+0000] {processor.py:186} INFO - Started process (PID=142) to work on /opt/airflow/dags/01_hello_dag.py
[2026-08-30T13:18:14.476+0000] {processor.py:914} INFO - Processing file /opt/airflow/dags/01_hello_dag.py for tasks to queue
[2026-08-30T13:18:14.477+0000] {logging_mixin.py:190} INFO - [2026-08-30T13:18:14.477+0000] {dagbag.py:588} INFO - Filling up the DagBag from /opt/airflow/dags/01_hello_dag.py
[2026-08-30T13:18:14.483+0000] {processor.py:925} INFO - DAG(s) 'hello_dag' retrieved from /opt/airflow/dags/01_hello_dag.py
[2026-08-30T13:18:14.520+0000] {logging_mixin.py:190} INFO - [2026-08-30T13:18:14.520+0000] {dag.py:3239} INFO - Sync 1 DAGs
[2026-08-30T13:18:14.527+0000] {logging_mixin.py:190} INFO - [2026-08-30T13:18:14.527+0000] {dag.py:4180} INFO - Setting next_dagrun for hello_dag to None, run_after=None
[2026-08-30T13:18:14.538+0000] {processor.py:208} INFO - Processing /opt/airflow/dags/01_hello_dag.py took 0.068 seconds
[2026-08-30T13:18:44.653+0000] {processor.py:186} INFO - Started process (PID=155) to work on /opt/airflow/dags/01_hello_dag.py
[2026-08-30T13:18:44.653+0000] {processor.py:914} INFO - Processing file /opt/airflow/dags/01_hello_dag.py for tasks to queue
[2026-08-30T13:18:44.655+0000] {logging_mixin.py:190} INFO - [2026-08-30T13:18:44.654+0000] {dagbag.py:588} INFO - Filling up the DagBag from /opt/airflow/dags/01_hello_dag.py
[2026-08-30T13:18:44.662+0000] {processor.py:925} INFO - DAG(s) 'hello_dag' retrieved from /opt/airflow/dags/01_hello_dag.py
[2026-08-30T13:18:44.794+0000] {logging_mixin.py:190} INFO - [2026-08-30T13:18:44.794+0000] {dag.py:3239} INFO - Sync 1 DAGs
[2026-08-30T13:18:44.802+0000] {logging_mixin.py:190} INFO - [2026-08-30T13:18:44.802+0000] {dag.py:4180} INFO - Setting next_dagrun for hello_dag to None, run_after=None
[2026-08-30T13:18:44.818+0000] {processor.py:208} INFO - Processing /opt/airflow/dags/01_hello_dag.py took 0.169 seconds
[2026-08-30T13:19:15.574+0000] {processor.py:186} INFO - Started process (PID=167) to work on /opt/airflow/dags/01_hello_dag.py
[2026-08-30T13:19:15.575+0000] {processor.py:914} INFO - Processing file /opt/airflow/dags/01_hello_dag.py for tasks to queue
[2026-08-30T13:19:15.576+0000] {logging_mixin.py:190} INFO - [2026-08-30T13:19:15.576+0000] {dagbag.py:588} INFO - Filling up the DagBag from /opt/airflow/dags/01_hello_dag.py
[2026-08-30T13:19:15.585+0000] {processor.py:925} INFO - DAG(s) 'hello_dag' retrieved from /opt/airflow/dags/01_hello_dag.py
[2026-08-30T13:19:15.640+0000] {logging_mixin.py:190} INFO - [2026-08-30T13:19:15.635+0000] {dag.py:3239} INFO - Sync 1 DAGs
[2026-08-30T13:19:15.661+0000] {logging_mixin.py:190} INFO - [2026-08-30T13:19:15.661+0000] {dag.py:4180} INFO - Setting next_dagrun for hello_dag to None, run_after=None
[2026-08-30T13:19:15.681+0000] {processor.py:208} INFO - Processing /opt/airflow/dags/01_hello_dag.py took 0.111 seconds
[2026-08-30T13:19:46.458+0000] {processor.py:186} INFO - Started process (PID=179) to work on /opt/airflow/dags/01_hello_dag.py
[2026-08-30T13:19:46.459+0000] {processor.py:914} INFO - Processing file /opt/airflow/dags/01_hello_dag.py for tasks to queue
[2026-08-30T13:19:46.460+0000] {logging_mixin.py:190} INFO - [2026-08-30T13:19:46.460+0000] {dagbag.py:588} INFO - Filling up the DagBag from /opt/airflow/dags/01_hello_dag.py
[2026-08-30T13:19:46.466+0000] {processor.py:925} INFO - DAG(s) 'hello_dag' retrieved from /opt/airflow/dags/01_hello_dag.py
[2026-08-30T13:19:46.480+0000] {logging_mixin.py:190} INFO - [2026-08-30T13:19:46.480+0000] {dag.py:3239} INFO - Sync 1 DAGs
[2026-08-30T13:19:46.487+0000] {logging_mixin.py:190} INFO - [2026-08-30T13:19:46.487+0000] {dag.py:4180} INFO - Setting next_dagrun for hello_dag to None, run_after=None
[2026-08-30T13:19:46.494+0000] {processor.py:208} INFO - Processing /opt/airflow/dags/01_hello_dag.py took 0.043 seconds
[2026-08-30T13:20:17.249+0000] {processor.py:186} INFO - Started process (PID=191) to work on /opt/airflow/dags/01_hello_dag.py
[2026-08-30T13:20:17.250+0000] {processor.py:914} INFO - Processing file /opt/airflow/dags/01_hello_dag.py for tasks to queue
[2026-08-30T13:20:17.251+0000] {logging_mixin.py:190} INFO - [2026-08-30T13:20:17.251+0000] {dagbag.py:588} INFO - Filling up the DagBag from /opt/airflow/dags/01_hello_dag.py
[2026-08-30T13:20:17.257+0000] {processor.py:925} INFO - DAG(s) 'hello_dag' retrieved from /opt/airflow/dags/01_hello_dag.py
[2026-08-30T13:20:17.272+0000] {logging_mixin.py:190} INFO - [2026-08-30T13:20:17.272+0000] {dag.py:3239} INFO - Sync 1 DAGs
[2026-08-30T13:20:17.281+0000] {logging_mixin.py:190} INFO - [2026-08-30T13:20:17.280+0000] {dag.py:4180} INFO - Setting next_dagrun for hello_dag to None, run_after=None
[2026-08-30T13:20:17.288+0000] {processor.py:208} INFO - Processing /opt/airflow/dags/01_hello_dag.py took 0.043 seconds
[2026-08-30T13:20:48.041+0000] {processor.py:186} INFO - Started process (PID=203) to work on /opt/airflow/dags/01_hello_dag.py
[2026-08-30T13:20:48.042+0000] {processor.py:914} INFO - Processing file /opt/airflow/dags/01_hello_dag.py for tasks to queue
[2026-08-30T13:20:48.043+0000] {logging_mixin.py:190} INFO - [2026-08-30T13:20:48.043+0000] {dagbag.py:588} INFO - Filling up the DagBag from /opt/airflow/dags/01_hello_dag.py
[2026-08-30T13:20:48.049+0000] {processor.py:925} INFO - DAG(s) 'hello_dag' retrieved from /opt/airflow/dags/01_hello_dag.py
[2026-08-30T13:20:48.064+0000] {logging_mixin.py:190} INFO - [2026-08-30T13:20:48.064+0000] {dag.py:3239} INFO - Sync 1 DAGs
[2026-08-30T13:20:48.071+0000] {logging_mixin.py:190} INFO - [2026-08-30T13:20:48.071+0000] {dag.py:4180} INFO - Setting next_dagrun for hello_dag to None, run_after=None
[2026-08-30T13:20:48.080+0000] {processor.py:208} INFO - Processing /opt/airflow/dags/01_hello_dag.py took 0.044 seconds
[2026-08-30T13:21:18.853+0000] {processor.py:186} INFO - Started process (PID=215) to work on /opt/airflow/dags/01_hello_dag.py
[2026-08-30T13:21:18.853+0000] {processor.py:914} INFO - Processing file /opt/airflow/dags/01_hello_dag.py for tasks to queue
[2026-08-30T13:21:18.855+0000] {logging_mixin.py:190} INFO - [2026-08-30T13:21:18.854+0000] {dagbag.py:588} INFO - Filling up the DagBag from /opt/airflow/dags/01_hello_dag.py
[2026-08-30T13:21:18.860+0000] {processor.py:925} INFO - DAG(s) 'hello_dag' retrieved from /opt/airflow/dags/01_hello_dag.py
[2026-08-30T13:21:18.875+0000] {logging_mixin.py:190} INFO - [2026-08-30T13:21:18.875+0000] {dag.py:3239} INFO - Sync 1 DAGs
[2026-08-30T13:21:18.881+0000] {logging_mixin.py:190} INFO - [2026-08-30T13:21:18.881+0000] {dag.py:4180} INFO - Setting next_dagrun for hello_dag to None, run_after=None
[2026-08-30T13:21:18.889+0000] {processor.py:208} INFO - Processing /opt/airflow/dags/01_hello_dag.py took 0.040 seconds
[2026-08-30T13:21:49.627+0000] {processor.py:186} INFO - Started process (PID=227) to work on /opt/airflow/dags/01_hello_dag.py
[2026-08-30T13:21:49.628+0000] {processor.py:914} INFO - Processing file /opt/airflow/dags/01_hello_dag.py for tasks to queue
[2026-08-30T13:21:49.629+0000] {logging_mixin.py:190} INFO - [2026-08-30T13:21:49.629+0000] {dagbag.py:588} INFO - Filling up the DagBag from /opt/airflow/dags/01_hello_dag.py
[2026-08-30T13:21:49.636+0000] {processor.py:925} INFO - DAG(s) 'hello_dag' retrieved from /opt/airflow/dags/01_hello_dag.py
[2026-08-30T13:21:49.652+0000] {logging_mixin.py:190} INFO - [2026-08-30T13:21:49.652+0000] {dag.py:3239} INFO - Sync 1 DAGs
[2026-08-30T13:21:49.658+0000] {logging_mixin.py:190} INFO - [2026-08-30T13:21:49.658+0000] {dag.py:4180} INFO - Setting next_dagrun for hello_dag to None, run_after=None
[2026-08-30T13:21:49.666+0000] {processor.py:208} INFO - Processing /opt/airflow/dags/01_hello_dag.py took 0.042 seconds
[2026-08-30T13:22:20.347+0000] {processor.py:186} INFO - Started process (PID=239) to work on /opt/airflow/dags/01_hello_dag.py
[2026-08-30T13:22:20.347+0000] {processor.py:914} INFO - Processing file /opt/airflow/dags/01_hello_dag.py for tasks to queue
[2026-08-30T13:22:20.349+0000] {logging_mixin.py:190} INFO - [2026-08-30T13:22:20.348+0000] {dagbag.py:588} INFO - Filling up the DagBag from /opt/airflow/dags/01_hello_dag.py
[2026-08-30T13:22:20.355+0000] {processor.py:925} INFO - DAG(s) 'hello_dag' retrieved from /opt/airflow/dags/01_hello_dag.py
[2026-08-30T13:22:20.369+0000] {logging_mixin.py:190} INFO - [2026-08-30T13:22:20.369+0000] {dag.py:3239} INFO - Sync 1 DAGs
[2026-08-30T13:22:20.375+0000] {logging_mixin.py:190} INFO - [2026-08-30T13:22:20.375+0000] {dag.py:4180} INFO - Setting next_dagrun for hello_dag to None, run_after=None
[2026-08-30T13:22:20.386+0000] {processor.py:208} INFO - Processing /opt/airflow/dags/01_hello_dag.py took 0.044 seconds
[2026-08-30T13:22:51.129+0000] {processor.py:186} INFO - Started process (PID=251) to work on /opt/airflow/dags/01_hello_dag.py
[2026-08-30T13:22:51.129+0000] {processor.py:914} INFO - Processing file /opt/airflow/dags/01_hello_dag.py for tasks to queue
[2026-08-30T13:22:51.131+0000] {logging_mixin.py:190} INFO - [2026-08-30T13:22:51.131+0000] {dagbag.py:588} INFO - Filling up the DagBag from /opt/airflow/dags/01_hello_dag.py
[2026-08-30T13:22:51.137+0000] {processor.py:925} INFO - DAG(s) 'hello_dag' retrieved from /opt/airflow/dags/01_hello_dag.py
[2026-08-30T13:22:51.151+0000] {logging_mixin.py:190} INFO - [2026-08-30T13:22:51.151+0000] {dag.py:3239} INFO - Sync 1 DAGs
[2026-08-30T13:22:51.158+0000] {logging_mixin.py:190} INFO - [2026-08-30T13:22:51.158+0000] {dag.py:4180} INFO - Setting next_dagrun for hello_dag to None, run_after=None
[2026-08-30T13:22:51.166+0000] {processor.py:208} INFO - Processing /opt/airflow/dags/01_hello_dag.py took 0.041 seconds
[2026-08-30T13:23:21.899+0000] {processor.py:186} INFO - Started process (PID=264) to work on /opt/airflow/dags/01_hello_dag.py
[2026-08-30T13:23:21.899+0000] {processor.py:914} INFO - Processing file /opt/airflow/dags/01_hello_dag.py for tasks to queue
[2026-08-30T13:23:21.901+0000] {logging_mixin.py:190} INFO - [2026-08-30T13:23:21.900+0000] {dagbag.py:588} INFO - Filling up the DagBag from /opt/airflow/dags/01_hello_dag.py
[2026-08-30T13:23:21.907+0000] {processor.py:925} INFO - DAG(s) 'hello_dag' retrieved from /opt/airflow/dags/01_hello_dag.py
[2026-08-30T13:23:21.921+0000] {logging_mixin.py:190} INFO - [2026-08-30T13:23:21.921+0000] {dag.py:3239} INFO - Sync 1 DAGs
[2026-08-30T13:23:21.929+0000] {logging_mixin.py:190} INFO - [2026-08-30T13:23:21.928+0000] {dag.py:4180} INFO - Setting next_dagrun for hello_dag to None, run_after=None
[2026-08-30T13:23:21.936+0000] {processor.py:208} INFO - Processing /opt/airflow/dags/01_hello_dag.py took 0.042 seconds
[2026-08-30T13:23:52.738+0000] {processor.py:186} INFO - Started process (PID=276) to work on /opt/airflow/dags/01_hello_dag.py
[2026-08-30T13:23:52.739+0000] {processor.py:914} INFO - Processing file /opt/airflow/dags/01_hello_dag.py for tasks to queue
[2026-08-30T13:23:52.740+0000] {logging_mixin.py:190} INFO - [2026-08-30T13:23:52.740+0000] {dagbag.py:588} INFO - Filling up the DagBag from /opt/airflow/dags/01_hello_dag.py
[2026-08-30T13:23:52.746+0000] {processor.py:925} INFO - DAG(s) 'hello_dag' retrieved from /opt/airflow/dags/01_hello_dag.py
[2026-08-30T13:23:52.760+0000] {logging_mixin.py:190} INFO - [2026-08-30T13:23:52.760+0000] {dag.py:3239} INFO - Sync 1 DAGs
[2026-08-30T13:23:52.766+0000] {logging_mixin.py:190} INFO - [2026-08-30T13:23:52.766+0000] {dag.py:4180} INFO - Setting next_dagrun for hello_dag to None, run_after=None
[2026-08-30T13:23:52.774+0000] {processor.py:208} INFO - Processing /opt/airflow/dags/01_hello_dag.py took 0.040 seconds
[2026-08-30T13:24:23.535+0000] {processor.py:186} INFO - Started process (PID=288) to work on /opt/airflow/dags/01_hello_dag.py
[2026-08-30T13:24:23.536+0000] {processor.py:914} INFO - Processing file /opt/airflow/dags/01_hello_dag.py for tasks to queue
[2026-08-30T13:24:23.537+0000] {logging_mixin.py:190} INFO - [2026-08-30T13:24:23.537+0000] {dagbag.py:588} INFO - Filling up the DagBag from /opt/airflow/dags/01_hello_dag.py
[2026-08-30T13:24:23.543+0000] {processor.py:925} INFO - DAG(s) 'hello_dag' retrieved from /opt/airflow/dags/01_hello_dag.py
[2026-08-30T13:24:23.571+0000] {logging_mixin.py:190} INFO - [2026-08-30T13:24:23.570+0000] {dag.py:3239} INFO - Sync 1 DAGs
[2026-08-30T13:24:23.587+0000] {logging_mixin.py:190} INFO - [2026-08-30T13:24:23.587+0000] {dag.py:4180} INFO - Setting next_dagrun for hello_dag to None, run_after=None
[2026-08-30T13:24:23.623+0000] {processor.py:208} INFO - Processing /opt/airflow/dags/01_hello_dag.py took 0.092 seconds
[2026-08-30T13:24:54.365+0000] {processor.py:186} INFO - Started process (PID=300) to work on /opt/airflow/dags/01_hello_dag.py
[2026-08-30T13:24:54.365+0000] {processor.py:914} INFO - Processing file /opt/airflow/dags/01_hello_dag.py for tasks to queue
[2026-08-30T13:24:54.367+0000] {logging_mixin.py:190} INFO - [2026-08-30T13:24:54.367+0000] {dagbag.py:588} INFO - Filling up the DagBag from /opt/airflow/dags/01_hello_dag.py
[2026-08-30T13:24:54.373+0000] {processor.py:925} INFO - DAG(s) 'hello_dag' retrieved from /opt/airflow/dags/01_hello_dag.py
[2026-08-30T13:24:54.388+0000] {logging_mixin.py:190} INFO - [2026-08-30T13:24:54.388+0000] {dag.py:3239} INFO - Sync 1 DAGs
[2026-08-30T13:24:54.394+0000] {logging_mixin.py:190} INFO - [2026-08-30T13:24:54.394+0000] {dag.py:4180} INFO - Setting next_dagrun for hello_dag to None, run_after=None
[2026-08-30T13:24:54.401+0000] {processor.py:208} INFO - Processing /opt/airflow/dags/01_hello_dag.py took 0.040 seconds
[2026-08-30T13:25:25.138+0000] {processor.py:186} INFO - Started process (PID=312) to work on /opt/airflow/dags/01_hello_dag.py
[2026-08-30T13:25:25.139+0000] {processor.py:914} INFO - Processing file /opt/airflow/dags/01_hello_dag.py for tasks to queue
[2026-08-30T13:25:25.140+0000] {logging_mixin.py:190} INFO - [2026-08-30T13:25:25.140+0000] {dagbag.py:588} INFO - Filling up the DagBag from /opt/airflow/dags/01_hello_dag.py
[2026-08-30T13:25:25.147+0000] {processor.py:925} INFO - DAG(s) 'hello_dag' retrieved from /opt/airflow/dags/01_hello_dag.py
[2026-08-30T13:25:25.162+0000] {logging_mixin.py:190} INFO - [2026-08-30T13:25:25.162+0000] {dag.py:3239} INFO - Sync 1 DAGs
[2026-08-30T13:25:25.168+0000] {logging_mixin.py:190} INFO - [2026-08-30T13:25:25.168+0000] {dag.py:4180} INFO - Setting next_dagrun for hello_dag to None, run_after=None
[2026-08-30T13:25:25.176+0000] {processor.py:208} INFO - Processing /opt/airflow/dags/01_hello_dag.py took 0.041 seconds
[2026-08-30T13:25:56.023+0000] {processor.py:186} INFO - Started process (PID=324) to work on /opt/airflow/dags/01_hello_dag.py
[2026-08-30T13:25:56.024+0000] {processor.py:914} INFO - Processing file /opt/airflow/dags/01_hello_dag.py for tasks to queue
[2026-08-30T13:25:56.025+0000] {logging_mixin.py:190} INFO - [2026-08-30T13:25:56.025+0000] {dagbag.py:588} INFO - Filling up the DagBag from /opt/airflow/dags/01_hello_dag.py
[2026-08-30T13:25:56.031+0000] {processor.py:925} INFO - DAG(s) 'hello_dag' retrieved from /opt/airflow/dags/01_hello_dag.py
[2026-08-30T13:25:56.046+0000] {logging_mixin.py:190} INFO - [2026-08-30T13:25:56.046+0000] {dag.py:3239} INFO - Sync 1 DAGs
[2026-08-30T13:25:56.053+0000] {logging_mixin.py:190} INFO - [2026-08-30T13:25:56.052+0000] {dag.py:4180} INFO - Setting next_dagrun for hello_dag to None, run_after=None
[2026-08-30T13:25:56.060+0000] {processor.py:208} INFO - Processing /opt/airflow/dags/01_hello_dag.py took 0.040 seconds
[2026-08-30T13:26:26.939+0000] {processor.py:186} INFO - Started process (PID=336) to work on /opt/airflow/dags/01_hello_dag.py
[2026-08-30T13:26:26.940+0000] {processor.py:914} INFO - Processing file /opt/airflow/dags/01_hello_dag.py for tasks to queue
[2026-08-30T13:26:26.942+0000] {logging_mixin.py:190} INFO - [2026-08-30T13:26:26.942+0000] {dagbag.py:588} INFO - Filling up the DagBag from /opt/airflow/dags/01_hello_dag.py
[2026-08-30T13:26:26.948+0000] {processor.py:925} INFO - DAG(s) 'hello_dag' retrieved from /opt/airflow/dags/01_hello_dag.py
[2026-08-30T13:26:26.964+0000] {logging_mixin.py:190} INFO - [2026-08-30T13:26:26.964+0000] {dag.py:3239} INFO - Sync 1 DAGs
[2026-08-30T13:26:26.974+0000] {logging_mixin.py:190} INFO - [2026-08-30T13:26:26.974+0000] {dag.py:4180} INFO - Setting next_dagrun for hello_dag to None, run_after=None
[2026-08-30T13:26:26.988+0000] {processor.py:208} INFO - Processing /opt/airflow/dags/01_hello_dag.py took 0.057 seconds
[2026-08-30T13:26:57.819+0000] {processor.py:186} INFO - Started process (PID=348) to work on /opt/airflow/dags/01_hello_dag.py
[2026-08-30T13:26:57.820+0000] {processor.py:914} INFO - Processing file /opt/airflow/dags/01_hello_dag.py for tasks to queue
[2026-08-30T13:26:57.822+0000] {logging_mixin.py:190} INFO - [2026-08-30T13:26:57.822+0000] {dagbag.py:588} INFO - Filling up the DagBag from /opt/airflow/dags/01_hello_dag.py
[2026-08-30T13:26:57.829+0000] {processor.py:925} INFO - DAG(s) 'hello_dag' retrieved from /opt/airflow/dags/01_hello_dag.py
[2026-08-30T13:26:57.843+0000] {logging_mixin.py:190} INFO - [2026-08-30T13:26:57.843+0000] {dag.py:3239} INFO - Sync 1 DAGs
[2026-08-30T13:26:57.849+0000] {logging_mixin.py:190} INFO - [2026-08-30T13:26:57.849+0000] {dag.py:4180} INFO - Setting next_dagrun for hello_dag to None, run_after=None
[2026-08-30T13:26:57.857+0000] {processor.py:208} INFO - Processing /opt/airflow/dags/01_hello_dag.py took 0.041 seconds
[2026-08-30T13:27:28.793+0000] {processor.py:186} INFO - Started process (PID=360) to work on /opt/airflow/dags/01_hello_dag.py
[2026-08-30T13:27:28.793+0000] {processor.py:914} INFO - Processing file /opt/airflow/dags/01_hello_dag.py for tasks to queue
[2026-08-30T13:27:28.795+0000] {logging_mixin.py:190} INFO - [2026-08-30T13:27:28.794+0000] {dagbag.py:588} INFO - Filling up the DagBag from /opt/airflow/dags/01_hello_dag.py
[2026-08-30T13:27:28.800+0000] {processor.py:925} INFO - DAG(s) 'hello_dag' retrieved from /opt/airflow/dags/01_hello_dag.py
[2026-08-30T13:27:28.816+0000] {logging_mixin.py:190} INFO - [2026-08-30T13:27:28.816+0000] {dag.py:3239} INFO - Sync 1 DAGs
[2026-08-30T13:27:28.822+0000] {logging_mixin.py:190} INFO - [2026-08-30T13:27:28.822+0000] {dag.py:4180} INFO - Setting next_dagrun for hello_dag to None, run_after=None
[2026-08-30T13:27:28.830+0000] {processor.py:208} INFO - Processing /opt/airflow/dags/01_hello_dag.py took 0.041 seconds
[2026-08-30T13:27:59.525+0000] {processor.py:186} INFO - Started process (PID=372) to work on /opt/airflow/dags/01_hello_dag.py
[2026-08-30T13:27:59.526+0000] {processor.py:914} INFO - Processing file /opt/airflow/dags/01_hello_dag.py for tasks to queue
[2026-08-30T13:27:59.527+0000] {logging_mixin.py:190} INFO - [2026-08-30T13:27:59.527+0000] {dagbag.py:588} INFO - Filling up the DagBag from /opt/airflow/dags/01_hello_dag.py
[2026-08-30T13:27:59.533+0000] {processor.py:925} INFO - DAG(s) 'hello_dag' retrieved from /opt/airflow/dags/01_hello_dag.py
[2026-08-30T13:27:59.549+0000] {logging_mixin.py:190} INFO - [2026-08-30T13:27:59.548+0000] {dag.py:3239} INFO - Sync 1 DAGs
[2026-08-30T13:27:59.555+0000] {logging_mixin.py:190} INFO - [2026-08-30T13:27:59.555+0000] {dag.py:4180} INFO - Setting next_dagrun for hello_dag to None, run_after=None
[2026-08-30T13:27:59.562+0000] {processor.py:208} INFO - Processing /opt/airflow/dags/01_hello_dag.py took 0.041 seconds
[2026-08-30T13:28:30.343+0000] {processor.py:186} INFO - Started process (PID=384) to work on /opt/airflow/dags/01_hello_dag.py
[2026-08-30T13:28:30.343+0000] {processor.py:914} INFO - Processing file /opt/airflow/dags/01_hello_dag.py for tasks to queue
[2026-08-30T13:28:30.345+0000] {logging_mixin.py:190} INFO - [2026-08-30T13:28:30.345+0000] {dagbag.py:588} INFO - Filling up the DagBag from /opt/airflow/dags/01_hello_dag.py
[2026-08-30T13:28:30.351+0000] {processor.py:925} INFO - DAG(s) 'hello_dag' retrieved from /opt/airflow/dags/01_hello_dag.py
[2026-08-30T13:28:30.406+0000] {logging_mixin.py:190} INFO - [2026-08-30T13:28:30.406+0000] {dag.py:3239} INFO - Sync 1 DAGs
[2026-08-30T13:28:30.413+0000] {logging_mixin.py:190} INFO - [2026-08-30T13:28:30.413+0000] {dag.py:4180} INFO - Setting next_dagrun for hello_dag to None, run_after=None
[2026-08-30T13:28:30.422+0000] {processor.py:208} INFO - Processing /opt/airflow/dags/01_hello_dag.py took 0.083 seconds
[2026-08-30T13:29:01.112+0000] {processor.py:186} INFO - Started process (PID=396) to work on /opt/airflow/dags/01_hello_dag.py
[2026-08-30T13:29:01.113+0000] {processor.py:914} INFO - Processing file /opt/airflow/dags/01_hello_dag.py for tasks to queue
[2026-08-30T13:29:01.115+0000] {logging_mixin.py:190} INFO - [2026-08-30T13:29:01.114+0000] {dagbag.py:588} INFO - Filling up the DagBag from /opt/airflow/dags/01_hello_dag.py
[2026-08-30T13:29:01.121+0000] {processor.py:925} INFO - DAG(s) 'hello_dag' retrieved from /opt/airflow/dags/01_hello_dag.py
[2026-08-30T13:29:01.138+0000] {logging_mixin.py:190} INFO - [2026-08-30T13:29:01.138+0000] {dag.py:3239} INFO - Sync 1 DAGs
[2026-08-30T13:29:01.146+0000] {logging_mixin.py:190} INFO - [2026-08-30T13:29:01.146+0000] {dag.py:4180} INFO - Setting next_dagrun for hello_dag to None, run_after=None
[2026-08-30T13:29:01.153+0000] {processor.py:208} INFO - Processing /opt/airflow/dags/01_hello_dag.py took 0.045 seconds
[2026-08-30T13:29:31.891+0000] {processor.py:186} INFO - Started process (PID=408) to work on /opt/airflow/dags/01_hello_dag.py
[2026-08-30T13:29:31.892+0000] {processor.py:914} INFO - Processing file /opt/airflow/dags/01_hello_dag.py for tasks to queue
[2026-08-30T13:29:31.893+0000] {logging_mixin.py:190} INFO - [2026-08-30T13:29:31.893+0000] {dagbag.py:588} INFO - Filling up the DagBag from /opt/airflow/dags/01_hello_dag.py
[2026-08-30T13:29:31.905+0000] {processor.py:925} INFO - DAG(s) 'hello_dag' retrieved from /opt/airflow/dags/01_hello_dag.py
[2026-08-30T13:29:31.921+0000] {logging_mixin.py:190} INFO - [2026-08-30T13:29:31.920+0000] {dag.py:3239} INFO - Sync 1 DAGs
[2026-08-30T13:29:31.927+0000] {logging_mixin.py:190} INFO - [2026-08-30T13:29:31.927+0000] {dag.py:4180} INFO - Setting next_dagrun for hello_dag to None, run_after=None
[2026-08-30T13:29:31.934+0000] {processor.py:208} INFO - Processing /opt/airflow/dags/01_hello_dag.py took 0.048 seconds
[2026-08-30T13:30:02.680+0000] {processor.py:186} INFO - Started process (PID=420) to work on /opt/airflow/dags/01_hello_dag.py
[2026-08-30T13:30:02.680+0000] {processor.py:914} INFO - Processing file /opt/airflow/dags/01_hello_dag.py for tasks to queue
[2026-08-30T13:30:02.682+0000] {logging_mixin.py:190} INFO - [2026-08-30T13:30:02.682+0000] {dagbag.py:588} INFO - Filling up the DagBag from /opt/airflow/dags/01_hello_dag.py
[2026-08-30T13:30:02.688+0000] {processor.py:925} INFO - DAG(s) 'hello_dag' retrieved from /opt/airflow/dags/01_hello_dag.py
[2026-08-30T13:30:02.703+0000] {logging_mixin.py:190} INFO - [2026-08-30T13:30:02.702+0000] {dag.py:3239} INFO - Sync 1 DAGs
[2026-08-30T13:30:02.709+0000] {logging_mixin.py:190} INFO - [2026-08-30T13:30:02.709+0000] {dag.py:4180} INFO - Setting next_dagrun for hello_dag to None, run_after=None
[2026-08-30T13:30:02.716+0000] {processor.py:208} INFO - Processing /opt/airflow/dags/01_hello_dag.py took 0.040 seconds
[2026-08-30T13:30:33.433+0000] {processor.py:186} INFO - Started process (PID=432) to work on /opt/airflow/dags/01_hello_dag.py
[2026-08-30T13:30:33.434+0000] {processor.py:914} INFO - Processing file /opt/airflow/dags/01_hello_dag.py for tasks to queue
[2026-08-30T13:30:33.435+0000] {logging_mixin.py:190} INFO - [2026-08-30T13:30:33.435+0000] {dagbag.py:588} INFO - Filling up the DagBag from /opt/airflow/dags/01_hello_dag.py
[2026-08-30T13:30:33.442+0000] {processor.py:925} INFO - DAG(s) 'hello_dag' retrieved from /opt/airflow/dags/01_hello_dag.py
[2026-08-30T13:30:33.460+0000] {logging_mixin.py:190} INFO - [2026-08-30T13:30:33.459+0000] {dag.py:3239} INFO - Sync 1 DAGs
[2026-08-30T13:30:33.467+0000] {logging_mixin.py:190} INFO - [2026-08-30T13:30:33.466+0000] {dag.py:4180} INFO - Setting next_dagrun for hello_dag to None, run_after=None
[2026-08-30T13:30:33.474+0000] {processor.py:208} INFO - Processing /opt/airflow/dags/01_hello_dag.py took 0.046 seconds
[2026-08-30T13:31:04.323+0000] {processor.py:186} INFO - Started process (PID=444) to work on /opt/airflow/dags/01_hello_dag.py
[2026-08-30T13:31:04.324+0000] {processor.py:914} INFO - Processing file /opt/airflow/dags/01_hello_dag.py for tasks to queue
[2026-08-30T13:31:04.325+0000] {logging_mixin.py:190} INFO - [2026-08-30T13:31:04.325+0000] {dagbag.py:588} INFO - Filling up the DagBag from /opt/airflow/dags/01_hello_dag.py
[2026-08-30T13:31:04.332+0000] {processor.py:925} INFO - DAG(s) 'hello_dag' retrieved from /opt/airflow/dags/01_hello_dag.py
[2026-08-30T13:31:04.350+0000] {logging_mixin.py:190} INFO - [2026-08-30T13:31:04.350+0000] {dag.py:3239} INFO - Sync 1 DAGs
[2026-08-30T13:31:04.358+0000] {logging_mixin.py:190} INFO - [2026-08-30T13:31:04.358+0000] {dag.py:4180} INFO - Setting next_dagrun for hello_dag to None, run_after=None
[2026-08-30T13:31:04.367+0000] {processor.py:208} INFO - Processing /opt/airflow/dags/01_hello_dag.py took 0.049 seconds
[2026-08-30T13:31:35.171+0000] {processor.py:186} INFO - Started process (PID=456) to work on /opt/airflow/dags/01_hello_dag.py
[2026-08-30T13:31:35.172+0000] {processor.py:914} INFO - Processing file /opt/airflow/dags/01_hello_dag.py for tasks to queue
[2026-08-30T13:31:35.174+0000] {logging_mixin.py:190} INFO - [2026-08-30T13:31:35.173+0000] {dagbag.py:588} INFO - Filling up the DagBag from /opt/airflow/dags/01_hello_dag.py
[2026-08-30T13:31:35.180+0000] {processor.py:925} INFO - DAG(s) 'hello_dag' retrieved from /opt/airflow/dags/01_hello_dag.py
[2026-08-30T13:31:35.196+0000] {logging_mixin.py:190} INFO - [2026-08-30T13:31:35.196+0000] {dag.py:3239} INFO - Sync 1 DAGs
[2026-08-30T13:31:35.203+0000] {logging_mixin.py:190} INFO - [2026-08-30T13:31:35.203+0000] {dag.py:4180} INFO - Setting next_dagrun for hello_dag to None, run_after=None
[2026-08-30T13:31:35.213+0000] {processor.py:208} INFO - Processing /opt/airflow/dags/01_hello_dag.py took 0.047 seconds
[2026-08-30T13:32:06.044+0000] {processor.py:186} INFO - Started process (PID=468) to work on /opt/airflow/dags/01_hello_dag.py
[2026-08-30T13:32:06.045+0000] {processor.py:914} INFO - Processing file /opt/airflow/dags/01_hello_dag.py for tasks to queue
[2026-08-30T13:32:06.046+0000] {logging_mixin.py:190} INFO - [2026-08-30T13:32:06.046+0000] {dagbag.py:588} INFO - Filling up the DagBag from /opt/airflow/dags/01_hello_dag.py
[2026-08-30T13:32:06.052+0000] {processor.py:925} INFO - DAG(s) 'hello_dag' retrieved from /opt/airflow/dags/01_hello_dag.py
[2026-08-30T13:32:06.067+0000] {logging_mixin.py:190} INFO - [2026-08-30T13:32:06.067+0000] {dag.py:3239} INFO - Sync 1 DAGs
[2026-08-30T13:32:06.074+0000] {logging_mixin.py:190} INFO - [2026-08-30T13:32:06.074+0000] {dag.py:4180} INFO - Setting next_dagrun for hello_dag to None, run_after=None
[2026-08-30T13:32:06.081+0000] {processor.py:208} INFO - Processing /opt/airflow/dags/01_hello_dag.py took 0.041 seconds
[2026-08-30T13:32:36.881+0000] {processor.py:186} INFO - Started process (PID=480) to work on /opt/airflow/dags/01_hello_dag.py
[2026-08-30T13:32:36.882+0000] {processor.py:914} INFO - Processing file /opt/airflow/dags/01_hello_dag.py for tasks to queue
[2026-08-30T13:32:36.884+0000] {logging_mixin.py:190} INFO - [2026-08-30T13:32:36.884+0000] {dagbag.py:588} INFO - Filling up the DagBag from /opt/airflow/dags/01_hello_dag.py
[2026-08-30T13:32:36.891+0000] {processor.py:925} INFO - DAG(s) 'hello_dag' retrieved from /opt/airflow/dags/01_hello_dag.py
[2026-08-30T13:32:36.909+0000] {logging_mixin.py:190} INFO - [2026-08-30T13:32:36.908+0000] {dag.py:3239} INFO - Sync 1 DAGs
[2026-08-30T13:32:36.918+0000] {logging_mixin.py:190} INFO - [2026-08-30T13:32:36.917+0000] {dag.py:4180} INFO - Setting next_dagrun for hello_dag to None, run_after=None
[2026-08-30T13:32:36.928+0000] {processor.py:208} INFO - Processing /opt/airflow/dags/01_hello_dag.py took 0.050 seconds
[2026-08-30T13:33:07.604+0000] {processor.py:186} INFO - Started process (PID=492) to work on /opt/airflow/dags/01_hello_dag.py
[2026-08-30T13:33:07.604+0000] {processor.py:914} INFO - Processing file /opt/airflow/dags/01_hello_dag.py for tasks to queue
[2026-08-30T13:33:07.605+0000] {logging_mixin.py:190} INFO - [2026-08-30T13:33:07.605+0000] {dagbag.py:588} INFO - Filling up the DagBag from /opt/airflow/dags/01_hello_dag.py
[2026-08-30T13:33:07.611+0000] {processor.py:925} INFO - DAG(s) 'hello_dag' retrieved from /opt/airflow/dags/01_hello_dag.py
[2026-08-30T13:33:07.626+0000] {logging_mixin.py:190} INFO - [2026-08-30T13:33:07.626+0000] {dag.py:3239} INFO - Sync 1 DAGs
[2026-08-30T13:33:07.632+0000] {logging_mixin.py:190} INFO - [2026-08-30T13:33:07.632+0000] {dag.py:4180} INFO - Setting next_dagrun for hello_dag to None, run_after=None
[2026-08-30T13:33:07.640+0000] {processor.py:208} INFO - Processing /opt/airflow/dags/01_hello_dag.py took 0.040 seconds
[2026-08-30T13:33:38.460+0000] {processor.py:186} INFO - Started process (PID=505) to work on /opt/airflow/dags/01_hello_dag.py
[2026-08-30T13:33:38.461+0000] {processor.py:914} INFO - Processing file /opt/airflow/dags/01_hello_dag.py for tasks to queue
[2026-08-30T13:33:38.462+0000] {logging_mixin.py:190} INFO - [2026-08-30T13:33:38.462+0000] {dagbag.py:588} INFO - Filling up the DagBag from /opt/airflow/dags/01_hello_dag.py
[2026-08-30T13:33:38.469+0000] {processor.py:925} INFO - DAG(s) 'hello_dag' retrieved from /opt/airflow/dags/01_hello_dag.py
[2026-08-30T13:33:38.484+0000] {logging_mixin.py:190} INFO - [2026-08-30T13:33:38.483+0000] {dag.py:3239} INFO - Sync 1 DAGs
[2026-08-30T13:33:38.490+0000] {logging_mixin.py:190} INFO - [2026-08-30T13:33:38.490+0000] {dag.py:4180} INFO - Setting next_dagrun for hello_dag to None, run_after=None
[2026-08-30T13:33:38.498+0000] {processor.py:208} INFO - Processing /opt/airflow/dags/01_hello_dag.py took 0.042 seconds
[2026-08-30T13:34:09.281+0000] {processor.py:186} INFO - Started process (PID=517) to work on /opt/airflow/dags/01_hello_dag.py
[2026-08-30T13:34:09.282+0000] {processor.py:914} INFO - Processing file /opt/airflow/dags/01_hello_dag.py for tasks to queue
[2026-08-30T13:34:09.285+0000] {logging_mixin.py:190} INFO - [2026-08-30T13:34:09.285+0000] {dagbag.py:588} INFO - Filling up the DagBag from /opt/airflow/dags/01_hello_dag.py
[2026-08-30T13:34:09.293+0000] {processor.py:925} INFO - DAG(s) 'hello_dag' retrieved from /opt/airflow/dags/01_hello_dag.py
[2026-08-30T13:34:09.310+0000] {logging_mixin.py:190} INFO - [2026-08-30T13:34:09.310+0000] {dag.py:3239} INFO - Sync 1 DAGs
[2026-08-30T13:34:09.317+0000] {logging_mixin.py:190} INFO - [2026-08-30T13:34:09.316+0000] {dag.py:4180} INFO - Setting next_dagrun for hello_dag to None, run_after=None
[2026-08-30T13:34:09.324+0000] {processor.py:208} INFO - Processing /opt/airflow/dags/01_hello_dag.py took 0.047 seconds
[2026-08-30T13:34:40.212+0000] {processor.py:186} INFO - Started process (PID=529) to work on /opt/airflow/dags/01_hello_dag.py
[2026-08-30T13:34:40.212+0000] {processor.py:914} INFO - Processing file /opt/airflow/dags/01_hello_dag.py for tasks to queue
[2026-08-30T13:34:40.214+0000] {logging_mixin.py:190} INFO - [2026-08-30T13:34:40.214+0000] {dagbag.py:588} INFO - Filling up the DagBag from /opt/airflow/dags/01_hello_dag.py
[2026-08-30T13:34:40.220+0000] {processor.py:925} INFO - DAG(s) 'hello_dag' retrieved from /opt/airflow/dags/01_hello_dag.py
[2026-08-30T13:34:40.235+0000] {logging_mixin.py:190} INFO - [2026-08-30T13:34:40.234+0000] {dag.py:3239} INFO - Sync 1 DAGs
[2026-08-30T13:34:40.241+0000] {logging_mixin.py:190} INFO - [2026-08-30T13:34:40.241+0000] {dag.py:4180} INFO - Setting next_dagrun for hello_dag to None, run_after=None
[2026-08-30T13:34:40.248+0000] {processor.py:208} INFO - Processing /opt/airflow/dags/01_hello_dag.py took 0.040 seconds
[2026-08-30T13:35:11.011+0000] {processor.py:186} INFO - Started process (PID=541) to work on /opt/airflow/dags/01_hello_dag.py
[2026-08-30T13:35:11.011+0000] {processor.py:914} INFO - Processing file /opt/airflow/dags/01_hello_dag.py for tasks to queue
[2026-08-30T13:35:11.013+0000] {logging_mixin.py:190} INFO - [2026-08-30T13:35:11.013+0000] {dagbag.py:588} INFO - Filling up the DagBag from /opt/airflow/dags/01_hello_dag.py
[2026-08-30T13:35:11.020+0000] {processor.py:925} INFO - DAG(s) 'hello_dag' retrieved from /opt/airflow/dags/01_hello_dag.py
[2026-08-30T13:35:11.035+0000] {logging_mixin.py:190} INFO - [2026-08-30T13:35:11.035+0000] {dag.py:3239} INFO - Sync 1 DAGs
[2026-08-30T13:35:11.043+0000] {logging_mixin.py:190} INFO - [2026-08-30T13:35:11.042+0000] {dag.py:4180} INFO - Setting next_dagrun for hello_dag to None, run_after=None
[2026-08-30T13:35:11.050+0000] {processor.py:208} INFO - Processing /opt/airflow/dags/01_hello_dag.py took 0.045 seconds
[2026-08-30T13:35:41.821+0000] {processor.py:186} INFO - Started process (PID=553) to work on /opt/airflow/dags/01_hello_dag.py
[2026-08-30T13:35:41.822+0000] {processor.py:914} INFO - Processing file /opt/airflow/dags/01_hello_dag.py for tasks to queue
[2026-08-30T13:35:41.825+0000] {logging_mixin.py:190} INFO - [2026-08-30T13:35:41.824+0000] {dagbag.py:588} INFO - Filling up the DagBag from /opt/airflow/dags/01_hello_dag.py
[2026-08-30T13:35:41.835+0000] {processor.py:925} INFO - DAG(s) 'hello_dag' retrieved from /opt/airflow/dags/01_hello_dag.py
[2026-08-30T13:35:41.850+0000] {logging_mixin.py:190} INFO - [2026-08-30T13:35:41.850+0000] {dag.py:3239} INFO - Sync 1 DAGs
[2026-08-30T13:35:41.858+0000] {logging_mixin.py:190} INFO - [2026-08-30T13:35:41.858+0000] {dag.py:4180} INFO - Setting next_dagrun for hello_dag to None, run_after=None
[2026-08-30T13:35:41.866+0000] {processor.py:208} INFO - Processing /opt/airflow/dags/01_hello_dag.py took 0.049 seconds
[2026-08-30T13:36:12.617+0000] {processor.py:186} INFO - Started process (PID=565) to work on /opt/airflow/dags/01_hello_dag.py
[2026-08-30T13:36:12.618+0000] {processor.py:914} INFO - Processing file /opt/airflow/dags/01_hello_dag.py for tasks to queue
[2026-08-30T13:36:12.619+0000] {logging_mixin.py:190} INFO - [2026-08-30T13:36:12.619+0000] {dagbag.py:588} INFO - Filling up the DagBag from /opt/airflow/dags/01_hello_dag.py
[2026-08-30T13:36:12.625+0000] {processor.py:925} INFO - DAG(s) 'hello_dag' retrieved from /opt/airflow/dags/01_hello_dag.py
[2026-08-30T13:36:12.640+0000] {logging_mixin.py:190} INFO - [2026-08-30T13:36:12.640+0000] {dag.py:3239} INFO - Sync 1 DAGs
[2026-08-30T13:36:12.647+0000] {logging_mixin.py:190} INFO - [2026-08-30T13:36:12.647+0000] {dag.py:4180} INFO - Setting next_dagrun for hello_dag to None, run_after=None
[2026-08-30T13:36:12.654+0000] {processor.py:208} INFO - Processing /opt/airflow/dags/01_hello_dag.py took 0.041 seconds
[2026-08-30T13:36:43.573+0000] {processor.py:186} INFO - Started process (PID=582) to work on /opt/airflow/dags/01_hello_dag.py
[2026-08-30T13:36:43.574+0000] {processor.py:914} INFO - Processing file /opt/airflow/dags/01_hello_dag.py for tasks to queue
[2026-08-30T13:36:43.575+0000] {logging_mixin.py:190} INFO - [2026-08-30T13:36:43.575+0000] {dagbag.py:588} INFO - Filling up the DagBag from /opt/airflow/dags/01_hello_dag.py
[2026-08-30T13:36:43.581+0000] {processor.py:925} INFO - DAG(s) 'hello_dag' retrieved from /opt/airflow/dags/01_hello_dag.py
[2026-08-30T13:36:43.596+0000] {logging_mixin.py:190} INFO - [2026-08-30T13:36:43.596+0000] {dag.py:3239} INFO - Sync 1 DAGs
[2026-08-30T13:36:43.603+0000] {logging_mixin.py:190} INFO - [2026-08-30T13:36:43.603+0000] {dag.py:4180} INFO - Setting next_dagrun for hello_dag to None, run_after=None
[2026-08-30T13:36:43.610+0000] {processor.py:208} INFO - Processing /opt/airflow/dags/01_hello_dag.py took 0.040 seconds
[2026-08-30T13:37:14.367+0000] {processor.py:186} INFO - Started process (PID=594) to work on /opt/airflow/dags/01_hello_dag.py
[2026-08-30T13:37:14.367+0000] {processor.py:914} INFO - Processing file /opt/airflow/dags/01_hello_dag.py for tasks to queue
[2026-08-30T13:37:14.369+0000] {logging_mixin.py:190} INFO - [2026-08-30T13:37:14.368+0000] {dagbag.py:588} INFO - Filling up the DagBag from /opt/airflow/dags/01_hello_dag.py
[2026-08-30T13:37:14.375+0000] {processor.py:925} INFO - DAG(s) 'hello_dag' retrieved from /opt/airflow/dags/01_hello_dag.py
[2026-08-30T13:37:14.389+0000] {logging_mixin.py:190} INFO - [2026-08-30T13:37:14.389+0000] {dag.py:3239} INFO - Sync 1 DAGs
[2026-08-30T13:37:14.396+0000] {logging_mixin.py:190} INFO - [2026-08-30T13:37:14.396+0000] {dag.py:4180} INFO - Setting next_dagrun for hello_dag to None, run_after=None
[2026-08-30T13:37:14.404+0000] {processor.py:208} INFO - Processing /opt/airflow/dags/01_hello_dag.py took 0.041 seconds
[2026-08-30T13:37:45.212+0000] {processor.py:186} INFO - Started process (PID=606) to work on /opt/airflow/dags/01_hello_dag.py
[2026-08-30T13:37:45.214+0000] {processor.py:914} INFO - Processing file /opt/airflow/dags/01_hello_dag.py for tasks to queue
[2026-08-30T13:37:45.215+0000] {logging_mixin.py:190} INFO - [2026-08-30T13:37:45.215+0000] {dagbag.py:588} INFO - Filling up the DagBag from /opt/airflow/dags/01_hello_dag.py
[2026-08-30T13:37:45.223+0000] {processor.py:925} INFO - DAG(s) 'hello_dag' retrieved from /opt/airflow/dags/01_hello_dag.py
[2026-08-30T13:37:45.288+0000] {logging_mixin.py:190} INFO - [2026-08-30T13:37:45.288+0000] {dag.py:3239} INFO - Sync 1 DAGs
[2026-08-30T13:37:45.295+0000] {logging_mixin.py:190} INFO - [2026-08-30T13:37:45.295+0000] {dag.py:4180} INFO - Setting next_dagrun for hello_dag to None, run_after=None
[2026-08-30T13:37:45.304+0000] {processor.py:208} INFO - Processing /opt/airflow/dags/01_hello_dag.py took 0.095 seconds
[2026-08-30T13:38:16.079+0000] {processor.py:186} INFO - Started process (PID=618) to work on /opt/airflow/dags/01_hello_dag.py
[2026-08-30T13:38:16.079+0000] {processor.py:914} INFO - Processing file /opt/airflow/dags/01_hello_dag.py for tasks to queue
[2026-08-30T13:38:16.081+0000] {logging_mixin.py:190} INFO - [2026-08-30T13:38:16.081+0000] {dagbag.py:588} INFO - Filling up the DagBag from /opt/airflow/dags/01_hello_dag.py
[2026-08-30T13:38:16.087+0000] {processor.py:925} INFO - DAG(s) 'hello_dag' retrieved from /opt/airflow/dags/01_hello_dag.py
[2026-08-30T13:38:16.101+0000] {logging_mixin.py:190} INFO - [2026-08-30T13:38:16.101+0000] {dag.py:3239} INFO - Sync 1 DAGs
[2026-08-30T13:38:16.108+0000] {logging_mixin.py:190} INFO - [2026-08-30T13:38:16.108+0000] {dag.py:4180} INFO - Setting next_dagrun for hello_dag to None, run_after=None
[2026-08-30T13:38:16.115+0000] {processor.py:208} INFO - Processing /opt/airflow/dags/01_hello_dag.py took 0.044 seconds
[2026-08-30T13:38:46.959+0000] {processor.py:186} INFO - Started process (PID=630) to work on /opt/airflow/dags/01_hello_dag.py
[2026-08-30T13:38:46.960+0000] {processor.py:914} INFO - Processing file /opt/airflow/dags/01_hello_dag.py for tasks to queue
[2026-08-30T13:38:46.962+0000] {logging_mixin.py:190} INFO - [2026-08-30T13:38:46.961+0000] {dagbag.py:588} INFO - Filling up the DagBag from /opt/airflow/dags/01_hello_dag.py
[2026-08-30T13:38:46.970+0000] {processor.py:925} INFO - DAG(s) 'hello_dag' retrieved from /opt/airflow/dags/01_hello_dag.py
[2026-08-30T13:38:47.038+0000] {logging_mixin.py:190} INFO - [2026-08-30T13:38:47.038+0000] {dag.py:3239} INFO - Sync 1 DAGs
[2026-08-30T13:38:47.046+0000] {logging_mixin.py:190} INFO - [2026-08-30T13:38:47.046+0000] {dag.py:4180} INFO - Setting next_dagrun for hello_dag to None, run_after=None
[2026-08-30T13:38:47.055+0000] {processor.py:208} INFO - Processing /opt/airflow/dags/01_hello_dag.py took 0.099 seconds
[2026-08-30T13:39:17.733+0000] {processor.py:186} INFO - Started process (PID=642) to work on /opt/airflow/dags/01_hello_dag.py
[2026-08-30T13:39:17.734+0000] {processor.py:914} INFO - Processing file /opt/airflow/dags/01_hello_dag.py for tasks to queue
[2026-08-30T13:39:17.736+0000] {logging_mixin.py:190} INFO - [2026-08-30T13:39:17.735+0000] {dagbag.py:588} INFO - Filling up the DagBag from /opt/airflow/dags/01_hello_dag.py
[2026-08-30T13:39:17.742+0000] {processor.py:925} INFO - DAG(s) 'hello_dag' retrieved from /opt/airflow/dags/01_hello_dag.py
[2026-08-30T13:39:17.757+0000] {logging_mixin.py:190} INFO - [2026-08-30T13:39:17.756+0000] {dag.py:3239} INFO - Sync 1 DAGs
[2026-08-30T13:39:17.763+0000] {logging_mixin.py:190} INFO - [2026-08-30T13:39:17.763+0000] {dag.py:4180} INFO - Setting next_dagrun for hello_dag to None, run_after=None
[2026-08-30T13:39:17.770+0000] {processor.py:208} INFO - Processing /opt/airflow/dags/01_hello_dag.py took 0.042 seconds
[2026-08-30T13:39:48.497+0000] {processor.py:186} INFO - Started process (PID=654) to work on /opt/airflow/dags/01_hello_dag.py
[2026-08-30T13:39:48.499+0000] {processor.py:914} INFO - Processing file /opt/airflow/dags/01_hello_dag.py for tasks to queue
[2026-08-30T13:39:48.501+0000] {logging_mixin.py:190} INFO - [2026-08-30T13:39:48.501+0000] {dagbag.py:588} INFO - Filling up the DagBag from /opt/airflow/dags/01_hello_dag.py
[2026-08-30T13:39:48.509+0000] {processor.py:925} INFO - DAG(s) 'hello_dag' retrieved from /opt/airflow/dags/01_hello_dag.py
[2026-08-30T13:39:48.527+0000] {logging_mixin.py:190} INFO - [2026-08-30T13:39:48.527+0000] {dag.py:3239} INFO - Sync 1 DAGs
[2026-08-30T13:39:48.535+0000] {logging_mixin.py:190} INFO - [2026-08-30T13:39:48.535+0000] {dag.py:4180} INFO - Setting next_dagrun for hello_dag to None, run_after=None
[2026-08-30T13:39:48.543+0000] {processor.py:208} INFO - Processing /opt/airflow/dags/01_hello_dag.py took 0.051 seconds
[2026-08-30T13:40:19.409+0000] {processor.py:186} INFO - Started process (PID=666) to work on /opt/airflow/dags/01_hello_dag.py
[2026-08-30T13:40:19.409+0000] {processor.py:914} INFO - Processing file /opt/airflow/dags/01_hello_dag.py for tasks to queue
[2026-08-30T13:40:19.411+0000] {logging_mixin.py:190} INFO - [2026-08-30T13:40:19.410+0000] {dagbag.py:588} INFO - Filling up the DagBag from /opt/airflow/dags/01_hello_dag.py
[2026-08-30T13:40:19.417+0000] {processor.py:925} INFO - DAG(s) 'hello_dag' retrieved from /opt/airflow/dags/01_hello_dag.py
[2026-08-30T13:40:19.432+0000] {logging_mixin.py:190} INFO - [2026-08-30T13:40:19.432+0000] {dag.py:3239} INFO - Sync 1 DAGs
[2026-08-30T13:40:19.438+0000] {logging_mixin.py:190} INFO - [2026-08-30T13:40:19.438+0000] {dag.py:4180} INFO - Setting next_dagrun for hello_dag to None, run_after=None
[2026-08-30T13:40:19.445+0000] {processor.py:208} INFO - Processing /opt/airflow/dags/01_hello_dag.py took 0.044 seconds
[2026-08-30T13:40:50.232+0000] {processor.py:186} INFO - Started process (PID=678) to work on /opt/airflow/dags/01_hello_dag.py
[2026-08-30T13:40:50.233+0000] {processor.py:914} INFO - Processing file /opt/airflow/dags/01_hello_dag.py for tasks to queue
[2026-08-30T13:40:50.234+0000] {logging_mixin.py:190} INFO - [2026-08-30T13:40:50.234+0000] {dagbag.py:588} INFO - Filling up the DagBag from /opt/airflow/dags/01_hello_dag.py
[2026-08-30T13:40:50.241+0000] {processor.py:925} INFO - DAG(s) 'hello_dag' retrieved from /opt/airflow/dags/01_hello_dag.py
[2026-08-30T13:40:50.255+0000] {logging_mixin.py:190} INFO - [2026-08-30T13:40:50.254+0000] {dag.py:3239} INFO - Sync 1 DAGs
[2026-08-30T13:40:50.261+0000] {logging_mixin.py:190} INFO - [2026-08-30T13:40:50.261+0000] {dag.py:4180} INFO - Setting next_dagrun for hello_dag to None, run_after=None
[2026-08-30T13:40:50.268+0000] {processor.py:208} INFO - Processing /opt/airflow/dags/01_hello_dag.py took 0.040 seconds
[2026-08-30T13:41:21.129+0000] {processor.py:186} INFO - Started process (PID=690) to work on /opt/airflow/dags/01_hello_dag.py
[2026-08-30T13:41:21.130+0000] {processor.py:914} INFO - Processing file /opt/airflow/dags/01_hello_dag.py for tasks to queue
[2026-08-30T13:41:21.131+0000] {logging_mixin.py:190} INFO - [2026-08-30T13:41:21.131+0000] {dagbag.py:588} INFO - Filling up the DagBag from /opt/airflow/dags/01_hello_dag.py
[2026-08-30T13:41:21.137+0000] {processor.py:925} INFO - DAG(s) 'hello_dag' retrieved from /opt/airflow/dags/01_hello_dag.py
[2026-08-30T13:41:21.156+0000] {logging_mixin.py:190} INFO - [2026-08-30T13:41:21.156+0000] {dag.py:3239} INFO - Sync 1 DAGs
[2026-08-30T13:41:21.164+0000] {logging_mixin.py:190} INFO - [2026-08-30T13:41:21.164+0000] {dag.py:4180} INFO - Setting next_dagrun for hello_dag to None, run_after=None
[2026-08-30T13:41:21.172+0000] {processor.py:208} INFO - Processing /opt/airflow/dags/01_hello_dag.py took 0.051 seconds
[2026-08-30T13:41:51.807+0000] {processor.py:186} INFO - Started process (PID=702) to work on /opt/airflow/dags/01_hello_dag.py
[2026-08-30T13:41:51.808+0000] {processor.py:914} INFO - Processing file /opt/airflow/dags/01_hello_dag.py for tasks to queue
[2026-08-30T13:41:51.809+0000] {logging_mixin.py:190} INFO - [2026-08-30T13:41:51.809+0000] {dagbag.py:588} INFO - Filling up the DagBag from /opt/airflow/dags/01_hello_dag.py
[2026-08-30T13:41:51.815+0000] {processor.py:925} INFO - DAG(s) 'hello_dag' retrieved from /opt/airflow/dags/01_hello_dag.py
[2026-08-30T13:41:51.831+0000] {logging_mixin.py:190} INFO - [2026-08-30T13:41:51.831+0000] {dag.py:3239} INFO - Sync 1 DAGs
[2026-08-30T13:41:51.838+0000] {logging_mixin.py:190} INFO - [2026-08-30T13:41:51.838+0000] {dag.py:4180} INFO - Setting next_dagrun for hello_dag to None, run_after=None
[2026-08-30T13:41:51.845+0000] {processor.py:208} INFO - Processing /opt/airflow/dags/01_hello_dag.py took 0.042 seconds
[2026-08-30T13:42:22.615+0000] {processor.py:186} INFO - Started process (PID=714) to work on /opt/airflow/dags/01_hello_dag.py
[2026-08-30T13:42:22.616+0000] {processor.py:914} INFO - Processing file /opt/airflow/dags/01_hello_dag.py for tasks to queue
[2026-08-30T13:42:22.617+0000] {logging_mixin.py:190} INFO - [2026-08-30T13:42:22.617+0000] {dagbag.py:588} INFO - Filling up the DagBag from /opt/airflow/dags/01_hello_dag.py
[2026-08-30T13:42:22.624+0000] {processor.py:925} INFO - DAG(s) 'hello_dag' retrieved from /opt/airflow/dags/01_hello_dag.py
[2026-08-30T13:42:22.639+0000] {logging_mixin.py:190} INFO - [2026-08-30T13:42:22.639+0000] {dag.py:3239} INFO - Sync 1 DAGs
[2026-08-30T13:42:22.645+0000] {logging_mixin.py:190} INFO - [2026-08-30T13:42:22.645+0000] {dag.py:4180} INFO - Setting next_dagrun for hello_dag to None, run_after=None
[2026-08-30T13:42:22.652+0000] {processor.py:208} INFO - Processing /opt/airflow/dags/01_hello_dag.py took 0.041 seconds
[2026-08-30T13:42:53.365+0000] {processor.py:186} INFO - Started process (PID=726) to work on /opt/airflow/dags/01_hello_dag.py
[2026-08-30T13:42:53.366+0000] {processor.py:914} INFO - Processing file /opt/airflow/dags/01_hello_dag.py for tasks to queue
[2026-08-30T13:42:53.368+0000] {logging_mixin.py:190} INFO - [2026-08-30T13:42:53.368+0000] {dagbag.py:588} INFO - Filling up the DagBag from /opt/airflow/dags/01_hello_dag.py
[2026-08-30T13:42:53.375+0000] {processor.py:925} INFO - DAG(s) 'hello_dag' retrieved from /opt/airflow/dags/01_hello_dag.py
[2026-08-30T13:42:53.435+0000] {logging_mixin.py:190} INFO - [2026-08-30T13:42:53.434+0000] {dag.py:3239} INFO - Sync 1 DAGs
[2026-08-30T13:42:53.450+0000] {logging_mixin.py:190} INFO - [2026-08-30T13:42:53.450+0000] {dag.py:4180} INFO - Setting next_dagrun for hello_dag to None, run_after=None
[2026-08-30T13:42:53.458+0000] {processor.py:208} INFO - Processing /opt/airflow/dags/01_hello_dag.py took 0.096 seconds
[2026-08-30T13:43:24.174+0000] {processor.py:186} INFO - Started process (PID=738) to work on /opt/airflow/dags/01_hello_dag.py
[2026-08-30T13:43:24.175+0000] {processor.py:914} INFO - Processing file /opt/airflow/dags/01_hello_dag.py for tasks to queue
[2026-08-30T13:43:24.176+0000] {logging_mixin.py:190} INFO - [2026-08-30T13:43:24.176+0000] {dagbag.py:588} INFO - Filling up the DagBag from /opt/airflow/dags/01_hello_dag.py
[2026-08-30T13:43:24.182+0000] {processor.py:925} INFO - DAG(s) 'hello_dag' retrieved from /opt/airflow/dags/01_hello_dag.py
[2026-08-30T13:43:24.197+0000] {logging_mixin.py:190} INFO - [2026-08-30T13:43:24.197+0000] {dag.py:3239} INFO - Sync 1 DAGs
[2026-08-30T13:43:24.203+0000] {logging_mixin.py:190} INFO - [2026-08-30T13:43:24.203+0000] {dag.py:4180} INFO - Setting next_dagrun for hello_dag to None, run_after=None
[2026-08-30T13:43:24.211+0000] {processor.py:208} INFO - Processing /opt/airflow/dags/01_hello_dag.py took 0.041 seconds
[2026-08-30T13:43:54.944+0000] {processor.py:186} INFO - Started process (PID=750) to work on /opt/airflow/dags/01_hello_dag.py
[2026-08-30T13:43:54.945+0000] {processor.py:914} INFO - Processing file /opt/airflow/dags/01_hello_dag.py for tasks to queue
[2026-08-30T13:43:54.947+0000] {logging_mixin.py:190} INFO - [2026-08-30T13:43:54.946+0000] {dagbag.py:588} INFO - Filling up the DagBag from /opt/airflow/dags/01_hello_dag.py
[2026-08-30T13:43:54.953+0000] {processor.py:925} INFO - DAG(s) 'hello_dag' retrieved from /opt/airflow/dags/01_hello_dag.py
[2026-08-30T13:43:54.969+0000] {logging_mixin.py:190} INFO - [2026-08-30T13:43:54.968+0000] {dag.py:3239} INFO - Sync 1 DAGs
[2026-08-30T13:43:54.978+0000] {logging_mixin.py:190} INFO - [2026-08-30T13:43:54.978+0000] {dag.py:4180} INFO - Setting next_dagrun for hello_dag to None, run_after=None
[2026-08-30T13:43:54.986+0000] {processor.py:208} INFO - Processing /opt/airflow/dags/01_hello_dag.py took 0.045 seconds
[2026-08-30T13:44:25.686+0000] {processor.py:186} INFO - Started process (PID=762) to work on /opt/airflow/dags/01_hello_dag.py
[2026-08-30T13:44:25.687+0000] {processor.py:914} INFO - Processing file /opt/airflow/dags/01_hello_dag.py for tasks to queue
[2026-08-30T13:44:25.688+0000] {logging_mixin.py:190} INFO - [2026-08-30T13:44:25.688+0000] {dagbag.py:588} INFO - Filling up the DagBag from /opt/airflow/dags/01_hello_dag.py
[2026-08-30T13:44:25.694+0000] {processor.py:925} INFO - DAG(s) 'hello_dag' retrieved from /opt/airflow/dags/01_hello_dag.py
[2026-08-30T13:44:25.708+0000] {logging_mixin.py:190} INFO - [2026-08-30T13:44:25.708+0000] {dag.py:3239} INFO - Sync 1 DAGs
[2026-08-30T13:44:25.715+0000] {logging_mixin.py:190} INFO - [2026-08-30T13:44:25.715+0000] {dag.py:4180} INFO - Setting next_dagrun for hello_dag to None, run_after=None
[2026-08-30T13:44:25.722+0000] {processor.py:208} INFO - Processing /opt/airflow/dags/01_hello_dag.py took 0.040 seconds
[2026-08-30T13:44:56.464+0000] {processor.py:186} INFO - Started process (PID=774) to work on /opt/airflow/dags/01_hello_dag.py
[2026-08-30T13:44:56.464+0000] {processor.py:914} INFO - Processing file /opt/airflow/dags/01_hello_dag.py for tasks to queue
[2026-08-30T13:44:56.466+0000] {logging_mixin.py:190} INFO - [2026-08-30T13:44:56.466+0000] {dagbag.py:588} INFO - Filling up the DagBag from /opt/airflow/dags/01_hello_dag.py
[2026-08-30T13:44:56.474+0000] {processor.py:925} INFO - DAG(s) 'hello_dag' retrieved from /opt/airflow/dags/01_hello_dag.py
[2026-08-30T13:44:56.506+0000] {logging_mixin.py:190} INFO - [2026-08-30T13:44:56.506+0000] {dag.py:3239} INFO - Sync 1 DAGs
[2026-08-30T13:44:56.520+0000] {logging_mixin.py:190} INFO - [2026-08-30T13:44:56.519+0000] {dag.py:4180} INFO - Setting next_dagrun for hello_dag to None, run_after=None
[2026-08-30T13:44:56.533+0000] {processor.py:208} INFO - Processing /opt/airflow/dags/01_hello_dag.py took 0.075 seconds
[2026-08-30T13:45:27.248+0000] {processor.py:186} INFO - Started process (PID=786) to work on /opt/airflow/dags/01_hello_dag.py
[2026-08-30T13:45:27.249+0000] {processor.py:914} INFO - Processing file /opt/airflow/dags/01_hello_dag.py for tasks to queue
[2026-08-30T13:45:27.250+0000] {logging_mixin.py:190} INFO - [2026-08-30T13:45:27.250+0000] {dagbag.py:588} INFO - Filling up the DagBag from /opt/airflow/dags/01_hello_dag.py
[2026-08-30T13:45:27.257+0000] {processor.py:925} INFO - DAG(s) 'hello_dag' retrieved from /opt/airflow/dags/01_hello_dag.py
[2026-08-30T13:45:27.272+0000] {logging_mixin.py:190} INFO - [2026-08-30T13:45:27.272+0000] {dag.py:3239} INFO - Sync 1 DAGs
[2026-08-30T13:45:27.279+0000] {logging_mixin.py:190} INFO - [2026-08-30T13:45:27.278+0000] {dag.py:4180} INFO - Setting next_dagrun for hello_dag to None, run_after=None
[2026-08-30T13:45:27.286+0000] {processor.py:208} INFO - Processing /opt/airflow/dags/01_hello_dag.py took 0.046 seconds
[2026-08-30T13:45:57.956+0000] {processor.py:186} INFO - Started process (PID=798) to work on /opt/airflow/dags/01_hello_dag.py
[2026-08-30T13:45:57.957+0000] {processor.py:914} INFO - Processing file /opt/airflow/dags/01_hello_dag.py for tasks to queue
[2026-08-30T13:45:57.959+0000] {logging_mixin.py:190} INFO - [2026-08-30T13:45:57.958+0000] {dagbag.py:588} INFO - Filling up the DagBag from /opt/airflow/dags/01_hello_dag.py
[2026-08-30T13:45:57.965+0000] {processor.py:925} INFO - DAG(s) 'hello_dag' retrieved from /opt/airflow/dags/01_hello_dag.py
[2026-08-30T13:45:57.980+0000] {logging_mixin.py:190} INFO - [2026-08-30T13:45:57.980+0000] {dag.py:3239} INFO - Sync 1 DAGs
[2026-08-30T13:45:57.987+0000] {logging_mixin.py:190} INFO - [2026-08-30T13:45:57.987+0000] {dag.py:4180} INFO - Setting next_dagrun for hello_dag to None, run_after=None
[2026-08-30T13:45:57.995+0000] {processor.py:208} INFO - Processing /opt/airflow/dags/01_hello_dag.py took 0.043 seconds
[2026-08-30T13:46:28.750+0000] {processor.py:186} INFO - Started process (PID=810) to work on /opt/airflow/dags/01_hello_dag.py
[2026-08-30T13:46:28.751+0000] {processor.py:914} INFO - Processing file /opt/airflow/dags/01_hello_dag.py for tasks to queue
[2026-08-30T13:46:28.753+0000] {logging_mixin.py:190} INFO - [2026-08-30T13:46:28.753+0000] {dagbag.py:588} INFO - Filling up the DagBag from /opt/airflow/dags/01_hello_dag.py
[2026-08-30T13:46:28.759+0000] {processor.py:925} INFO - DAG(s) 'hello_dag' retrieved from /opt/airflow/dags/01_hello_dag.py
[2026-08-30T13:46:28.773+0000] {logging_mixin.py:190} INFO - [2026-08-30T13:46:28.773+0000] {dag.py:3239} INFO - Sync 1 DAGs
[2026-08-30T13:46:28.780+0000] {logging_mixin.py:190} INFO - [2026-08-30T13:46:28.780+0000] {dag.py:4180} INFO - Setting next_dagrun for hello_dag to None, run_after=None
[2026-08-30T13:46:28.790+0000] {processor.py:208} INFO - Processing /opt/airflow/dags/01_hello_dag.py took 0.043 seconds
[2026-08-30T13:46:59.413+0000] {processor.py:186} INFO - Started process (PID=822) to work on /opt/airflow/dags/01_hello_dag.py
[2026-08-30T13:46:59.414+0000] {processor.py:914} INFO - Processing file /opt/airflow/dags/01_hello_dag.py for tasks to queue
[2026-08-30T13:46:59.416+0000] {logging_mixin.py:190} INFO - [2026-08-30T13:46:59.416+0000] {dagbag.py:588} INFO - Filling up the DagBag from /opt/airflow/dags/01_hello_dag.py
[2026-08-30T13:46:59.423+0000] {processor.py:925} INFO - DAG(s) 'hello_dag' retrieved from /opt/airflow/dags/01_hello_dag.py
[2026-08-30T13:46:59.441+0000] {logging_mixin.py:190} INFO - [2026-08-30T13:46:59.441+0000] {dag.py:3239} INFO - Sync 1 DAGs
[2026-08-30T13:46:59.452+0000] {logging_mixin.py:190} INFO - [2026-08-30T13:46:59.451+0000] {dag.py:4180} INFO - Setting next_dagrun for hello_dag to None, run_after=None
[2026-08-30T13:46:59.465+0000] {processor.py:208} INFO - Processing /opt/airflow/dags/01_hello_dag.py took 0.057 seconds
[2026-08-30T13:47:30.087+0000] {processor.py:186} INFO - Started process (PID=834) to work on /opt/airflow/dags/01_hello_dag.py
[2026-08-30T13:47:30.088+0000] {processor.py:914} INFO - Processing file /opt/airflow/dags/01_hello_dag.py for tasks to queue
[2026-08-30T13:47:30.090+0000] {logging_mixin.py:190} INFO - [2026-08-30T13:47:30.090+0000] {dagbag.py:588} INFO - Filling up the DagBag from /opt/airflow/dags/01_hello_dag.py
[2026-08-30T13:47:30.098+0000] {processor.py:925} INFO - DAG(s) 'hello_dag' retrieved from /opt/airflow/dags/01_hello_dag.py
[2026-08-30T13:47:30.121+0000] {logging_mixin.py:190} INFO - [2026-08-30T13:47:30.121+0000] {dag.py:3239} INFO - Sync 1 DAGs
[2026-08-30T13:47:30.136+0000] {logging_mixin.py:190} INFO - [2026-08-30T13:47:30.135+0000] {dag.py:4180} INFO - Setting next_dagrun for hello_dag to None, run_after=None
[2026-08-30T13:47:30.148+0000] {processor.py:208} INFO - Processing /opt/airflow/dags/01_hello_dag.py took 0.066 seconds
[2026-08-30T13:48:00.920+0000] {processor.py:186} INFO - Started process (PID=846) to work on /opt/airflow/dags/01_hello_dag.py
[2026-08-30T13:48:00.921+0000] {processor.py:914} INFO - Processing file /opt/airflow/dags/01_hello_dag.py for tasks to queue
[2026-08-30T13:48:00.923+0000] {logging_mixin.py:190} INFO - [2026-08-30T13:48:00.923+0000] {dagbag.py:588} INFO - Filling up the DagBag from /opt/airflow/dags/01_hello_dag.py
[2026-08-30T13:48:00.931+0000] {processor.py:925} INFO - DAG(s) 'hello_dag' retrieved from /opt/airflow/dags/01_hello_dag.py
[2026-08-30T13:48:00.947+0000] {logging_mixin.py:190} INFO - [2026-08-30T13:48:00.947+0000] {dag.py:3239} INFO - Sync 1 DAGs
[2026-08-30T13:48:00.955+0000] {logging_mixin.py:190} INFO - [2026-08-30T13:48:00.955+0000] {dag.py:4180} INFO - Setting next_dagrun for hello_dag to None, run_after=None
[2026-08-30T13:48:00.963+0000] {processor.py:208} INFO - Processing /opt/airflow/dags/01_hello_dag.py took 0.051 seconds
[2026-08-30T13:48:31.725+0000] {processor.py:186} INFO - Started process (PID=858) to work on /opt/airflow/dags/01_hello_dag.py
[2026-08-30T13:48:31.725+0000] {processor.py:914} INFO - Processing file /opt/airflow/dags/01_hello_dag.py for tasks to queue
[2026-08-30T13:48:31.727+0000] {logging_mixin.py:190} INFO - [2026-08-30T13:48:31.727+0000] {dagbag.py:588} INFO - Filling up the DagBag from /opt/airflow/dags/01_hello_dag.py
[2026-08-30T13:48:31.734+0000] {processor.py:925} INFO - DAG(s) 'hello_dag' retrieved from /opt/airflow/dags/01_hello_dag.py
[2026-08-30T13:48:31.750+0000] {logging_mixin.py:190} INFO - [2026-08-30T13:48:31.750+0000] {dag.py:3239} INFO - Sync 1 DAGs
[2026-08-30T13:48:31.757+0000] {logging_mixin.py:190} INFO - [2026-08-30T13:48:31.757+0000] {dag.py:4180} INFO - Setting next_dagrun for hello_dag to None, run_after=None
[2026-08-30T13:48:31.765+0000] {processor.py:208} INFO - Processing /opt/airflow/dags/01_hello_dag.py took 0.044 seconds
[2026-08-30T13:49:02.503+0000] {processor.py:186} INFO - Started process (PID=870) to work on /opt/airflow/dags/01_hello_dag.py
[2026-08-30T13:49:02.504+0000] {processor.py:914} INFO - Processing file /opt/airflow/dags/01_hello_dag.py for tasks to queue
[2026-08-30T13:49:02.505+0000] {logging_mixin.py:190} INFO - [2026-08-30T13:49:02.505+0000] {dagbag.py:588} INFO - Filling up the DagBag from /opt/airflow/dags/01_hello_dag.py
[2026-08-30T13:49:02.511+0000] {processor.py:925} INFO - DAG(s) 'hello_dag' retrieved from /opt/airflow/dags/01_hello_dag.py
[2026-08-30T13:49:02.526+0000] {logging_mixin.py:190} INFO - [2026-08-30T13:49:02.526+0000] {dag.py:3239} INFO - Sync 1 DAGs
[2026-08-30T13:49:02.533+0000] {logging_mixin.py:190} INFO - [2026-08-30T13:49:02.533+0000] {dag.py:4180} INFO - Setting next_dagrun for hello_dag to None, run_after=None
[2026-08-30T13:49:02.541+0000] {processor.py:208} INFO - Processing /opt/airflow/dags/01_hello_dag.py took 0.042 seconds
[2026-08-30T13:49:33.315+0000] {processor.py:186} INFO - Started process (PID=882) to work on /opt/airflow/dags/01_hello_dag.py
[2026-08-30T13:49:33.316+0000] {processor.py:914} INFO - Processing file /opt/airflow/dags/01_hello_dag.py for tasks to queue
[2026-08-30T13:49:33.317+0000] {logging_mixin.py:190} INFO - [2026-08-30T13:49:33.317+0000] {dagbag.py:588} INFO - Filling up the DagBag from /opt/airflow/dags/01_hello_dag.py
[2026-08-30T13:49:33.323+0000] {processor.py:925} INFO - DAG(s) 'hello_dag' retrieved from /opt/airflow/dags/01_hello_dag.py
[2026-08-30T13:49:33.338+0000] {logging_mixin.py:190} INFO - [2026-08-30T13:49:33.338+0000] {dag.py:3239} INFO - Sync 1 DAGs
[2026-08-30T13:49:33.345+0000] {logging_mixin.py:190} INFO - [2026-08-30T13:49:33.344+0000] {dag.py:4180} INFO - Setting next_dagrun for hello_dag to None, run_after=None
[2026-08-30T13:49:33.352+0000] {processor.py:208} INFO - Processing /opt/airflow/dags/01_hello_dag.py took 0.041 seconds
[2026-08-30T13:50:04.194+0000] {processor.py:186} INFO - Started process (PID=895) to work on /opt/airflow/dags/01_hello_dag.py
[2026-08-30T13:50:04.195+0000] {processor.py:914} INFO - Processing file /opt/airflow/dags/01_hello_dag.py for tasks to queue
[2026-08-30T13:50:04.196+0000] {logging_mixin.py:190} INFO - [2026-08-30T13:50:04.196+0000] {dagbag.py:588} INFO - Filling up the DagBag from /opt/airflow/dags/01_hello_dag.py
[2026-08-30T13:50:04.203+0000] {processor.py:925} INFO - DAG(s) 'hello_dag' retrieved from /opt/airflow/dags/01_hello_dag.py
[2026-08-30T13:50:04.217+0000] {logging_mixin.py:190} INFO - [2026-08-30T13:50:04.217+0000] {dag.py:3239} INFO - Sync 1 DAGs
[2026-08-30T13:50:04.224+0000] {logging_mixin.py:190} INFO - [2026-08-30T13:50:04.224+0000] {dag.py:4180} INFO - Setting next_dagrun for hello_dag to None, run_after=None
[2026-08-30T13:50:04.231+0000] {processor.py:208} INFO - Processing /opt/airflow/dags/01_hello_dag.py took 0.041 seconds
[2026-08-30T13:50:35.065+0000] {processor.py:186} INFO - Started process (PID=908) to work on /opt/airflow/dags/01_hello_dag.py
[2026-08-30T13:50:35.065+0000] {processor.py:914} INFO - Processing file /opt/airflow/dags/01_hello_dag.py for tasks to queue
[2026-08-30T13:50:35.066+0000] {logging_mixin.py:190} INFO - [2026-08-30T13:50:35.066+0000] {dagbag.py:588} INFO - Filling up the DagBag from /opt/airflow/dags/01_hello_dag.py
[2026-08-30T13:50:35.073+0000] {processor.py:925} INFO - DAG(s) 'hello_dag' retrieved from /opt/airflow/dags/01_hello_dag.py
[2026-08-30T13:50:35.087+0000] {logging_mixin.py:190} INFO - [2026-08-30T13:50:35.087+0000] {dag.py:3239} INFO - Sync 1 DAGs
[2026-08-30T13:50:35.093+0000] {logging_mixin.py:190} INFO - [2026-08-30T13:50:35.093+0000] {dag.py:4180} INFO - Setting next_dagrun for hello_dag to None, run_after=None
[2026-08-30T13:50:35.101+0000] {processor.py:208} INFO - Processing /opt/airflow/dags/01_hello_dag.py took 0.040 seconds
[2026-08-30T13:51:05.799+0000] {processor.py:186} INFO - Started process (PID=920) to work on /opt/airflow/dags/01_hello_dag.py
[2026-08-30T13:51:05.800+0000] {processor.py:914} INFO - Processing file /opt/airflow/dags/01_hello_dag.py for tasks to queue
[2026-08-30T13:51:05.801+0000] {logging_mixin.py:190} INFO - [2026-08-30T13:51:05.801+0000] {dagbag.py:588} INFO - Filling up the DagBag from /opt/airflow/dags/01_hello_dag.py
[2026-08-30T13:51:05.808+0000] {processor.py:925} INFO - DAG(s) 'hello_dag' retrieved from /opt/airflow/dags/01_hello_dag.py
[2026-08-30T13:51:05.822+0000] {logging_mixin.py:190} INFO - [2026-08-30T13:51:05.822+0000] {dag.py:3239} INFO - Sync 1 DAGs
[2026-08-30T13:51:05.828+0000] {logging_mixin.py:190} INFO - [2026-08-30T13:51:05.828+0000] {dag.py:4180} INFO - Setting next_dagrun for hello_dag to None, run_after=None
[2026-08-30T13:51:05.835+0000] {processor.py:208} INFO - Processing /opt/airflow/dags/01_hello_dag.py took 0.040 seconds
[2026-08-30T13:51:36.645+0000] {processor.py:186} INFO - Started process (PID=932) to work on /opt/airflow/dags/01_hello_dag.py
[2026-08-30T13:51:36.646+0000] {processor.py:914} INFO - Processing file /opt/airflow/dags/01_hello_dag.py for tasks to queue
[2026-08-30T13:51:36.647+0000] {logging_mixin.py:190} INFO - [2026-08-30T13:51:36.647+0000] {dagbag.py:588} INFO - Filling up the DagBag from /opt/airflow/dags/01_hello_dag.py
[2026-08-30T13:51:36.653+0000] {processor.py:925} INFO - DAG(s) 'hello_dag' retrieved from /opt/airflow/dags/01_hello_dag.py
[2026-08-30T13:51:36.670+0000] {logging_mixin.py:190} INFO - [2026-08-30T13:51:36.670+0000] {dag.py:3239} INFO - Sync 1 DAGs
[2026-08-30T13:51:36.676+0000] {logging_mixin.py:190} INFO - [2026-08-30T13:51:36.676+0000] {dag.py:4180} INFO - Setting next_dagrun for hello_dag to None, run_after=None
[2026-08-30T13:51:36.684+0000] {processor.py:208} INFO - Processing /opt/airflow/dags/01_hello_dag.py took 0.042 seconds
[2026-08-30T13:52:07.309+0000] {processor.py:186} INFO - Started process (PID=944) to work on /opt/airflow/dags/01_hello_dag.py
[2026-08-30T13:52:07.309+0000] {processor.py:914} INFO - Processing file /opt/airflow/dags/01_hello_dag.py for tasks to queue
[2026-08-30T13:52:07.311+0000] {logging_mixin.py:190} INFO - [2026-08-30T13:52:07.310+0000] {dagbag.py:588} INFO - Filling up the DagBag from /opt/airflow/dags/01_hello_dag.py
[2026-08-30T13:52:07.317+0000] {processor.py:925} INFO - DAG(s) 'hello_dag' retrieved from /opt/airflow/dags/01_hello_dag.py
[2026-08-30T13:52:07.331+0000] {logging_mixin.py:190} INFO - [2026-08-30T13:52:07.331+0000] {dag.py:3239} INFO - Sync 1 DAGs
[2026-08-30T13:52:07.338+0000] {logging_mixin.py:190} INFO - [2026-08-30T13:52:07.338+0000] {dag.py:4180} INFO - Setting next_dagrun for hello_dag to None, run_after=None
[2026-08-30T13:52:07.345+0000] {processor.py:208} INFO - Processing /opt/airflow/dags/01_hello_dag.py took 0.040 seconds
[2026-08-30T13:52:38.103+0000] {processor.py:186} INFO - Started process (PID=956) to work on /opt/airflow/dags/01_hello_dag.py
[2026-08-30T13:52:38.103+0000] {processor.py:914} INFO - Processing file /opt/airflow/dags/01_hello_dag.py for tasks to queue
[2026-08-30T13:52:38.105+0000] {logging_mixin.py:190} INFO - [2026-08-30T13:52:38.105+0000] {dagbag.py:588} INFO - Filling up the DagBag from /opt/airflow/dags/01_hello_dag.py
[2026-08-30T13:52:38.111+0000] {processor.py:925} INFO - DAG(s) 'hello_dag' retrieved from /opt/airflow/dags/01_hello_dag.py
[2026-08-30T13:52:38.125+0000] {logging_mixin.py:190} INFO - [2026-08-30T13:52:38.125+0000] {dag.py:3239} INFO - Sync 1 DAGs
[2026-08-30T13:52:38.131+0000] {logging_mixin.py:190} INFO - [2026-08-30T13:52:38.131+0000] {dag.py:4180} INFO - Setting next_dagrun for hello_dag to None, run_after=None
[2026-08-30T13:52:38.139+0000] {processor.py:208} INFO - Processing /opt/airflow/dags/01_hello_dag.py took 0.040 seconds
[2026-08-30T13:53:08.832+0000] {processor.py:186} INFO - Started process (PID=968) to work on /opt/airflow/dags/01_hello_dag.py
[2026-08-30T13:53:08.833+0000] {processor.py:914} INFO - Processing file /opt/airflow/dags/01_hello_dag.py for tasks to queue
[2026-08-30T13:53:08.835+0000] {logging_mixin.py:190} INFO - [2026-08-30T13:53:08.834+0000] {dagbag.py:588} INFO - Filling up the DagBag from /opt/airflow/dags/01_hello_dag.py
[2026-08-30T13:53:08.841+0000] {processor.py:925} INFO - DAG(s) 'hello_dag' retrieved from /opt/airflow/dags/01_hello_dag.py
[2026-08-30T13:53:08.856+0000] {logging_mixin.py:190} INFO - [2026-08-30T13:53:08.856+0000] {dag.py:3239} INFO - Sync 1 DAGs
[2026-08-30T13:53:08.863+0000] {logging_mixin.py:190} INFO - [2026-08-30T13:53:08.863+0000] {dag.py:4180} INFO - Setting next_dagrun for hello_dag to None, run_after=None
[2026-08-30T13:53:08.870+0000] {processor.py:208} INFO - Processing /opt/airflow/dags/01_hello_dag.py took 0.043 seconds
[2026-08-30T13:53:39.576+0000] {processor.py:186} INFO - Started process (PID=980) to work on /opt/airflow/dags/01_hello_dag.py
[2026-08-30T13:53:39.577+0000] {processor.py:914} INFO - Processing file /opt/airflow/dags/01_hello_dag.py for tasks to queue
[2026-08-30T13:53:39.579+0000] {logging_mixin.py:190} INFO - [2026-08-30T13:53:39.578+0000] {dagbag.py:588} INFO - Filling up the DagBag from /opt/airflow/dags/01_hello_dag.py
[2026-08-30T13:53:39.585+0000] {processor.py:925} INFO - DAG(s) 'hello_dag' retrieved from /opt/airflow/dags/01_hello_dag.py
[2026-08-30T13:53:39.599+0000] {logging_mixin.py:190} INFO - [2026-08-30T13:53:39.599+0000] {dag.py:3239} INFO - Sync 1 DAGs
[2026-08-30T13:53:39.606+0000] {logging_mixin.py:190} INFO - [2026-08-30T13:53:39.606+0000] {dag.py:4180} INFO - Setting next_dagrun for hello_dag to None, run_after=None
[2026-08-30T13:53:39.613+0000] {processor.py:208} INFO - Processing /opt/airflow/dags/01_hello_dag.py took 0.041 seconds
[2026-08-30T13:54:10.372+0000] {processor.py:186} INFO - Started process (PID=992) to work on /opt/airflow/dags/01_hello_dag.py
[2026-08-30T13:54:10.373+0000] {processor.py:914} INFO - Processing file /opt/airflow/dags/01_hello_dag.py for tasks to queue
[2026-08-30T13:54:10.375+0000] {logging_mixin.py:190} INFO - [2026-08-30T13:54:10.374+0000] {dagbag.py:588} INFO - Filling up the DagBag from /opt/airflow/dags/01_hello_dag.py
[2026-08-30T13:54:10.381+0000] {processor.py:925} INFO - DAG(s) 'hello_dag' retrieved from /opt/airflow/dags/01_hello_dag.py
[2026-08-30T13:54:10.400+0000] {logging_mixin.py:190} INFO - [2026-08-30T13:54:10.399+0000] {dag.py:3239} INFO - Sync 1 DAGs
[2026-08-30T13:54:10.408+0000] {logging_mixin.py:190} INFO - [2026-08-30T13:54:10.408+0000] {dag.py:4180} INFO - Setting next_dagrun for hello_dag to None, run_after=None
[2026-08-30T13:54:10.418+0000] {processor.py:208} INFO - Processing /opt/airflow/dags/01_hello_dag.py took 0.054 seconds
[2026-08-30T13:54:41.071+0000] {processor.py:186} INFO - Started process (PID=1004) to work on /opt/airflow/dags/01_hello_dag.py
[2026-08-30T13:54:41.072+0000] {processor.py:914} INFO - Processing file /opt/airflow/dags/01_hello_dag.py for tasks to queue
[2026-08-30T13:54:41.074+0000] {logging_mixin.py:190} INFO - [2026-08-30T13:54:41.074+0000] {dagbag.py:588} INFO - Filling up the DagBag from /opt/airflow/dags/01_hello_dag.py
[2026-08-30T13:54:41.080+0000] {processor.py:925} INFO - DAG(s) 'hello_dag' retrieved from /opt/airflow/dags/01_hello_dag.py
[2026-08-30T13:54:41.102+0000] {logging_mixin.py:190} INFO - [2026-08-30T13:54:41.102+0000] {dag.py:3239} INFO - Sync 1 DAGs
[2026-08-30T13:54:41.113+0000] {logging_mixin.py:190} INFO - [2026-08-30T13:54:41.113+0000] {dag.py:4180} INFO - Setting next_dagrun for hello_dag to None, run_after=None
[2026-08-30T13:54:41.121+0000] {processor.py:208} INFO - Processing /opt/airflow/dags/01_hello_dag.py took 0.054 seconds
[2026-08-30T13:55:11.916+0000] {processor.py:186} INFO - Started process (PID=1016) to work on /opt/airflow/dags/01_hello_dag.py
[2026-08-30T13:55:11.917+0000] {processor.py:914} INFO - Processing file /opt/airflow/dags/01_hello_dag.py for tasks to queue
[2026-08-30T13:55:11.918+0000] {logging_mixin.py:190} INFO - [2026-08-30T13:55:11.918+0000] {dagbag.py:588} INFO - Filling up the DagBag from /opt/airflow/dags/01_hello_dag.py
[2026-08-30T13:55:11.925+0000] {processor.py:925} INFO - DAG(s) 'hello_dag' retrieved from /opt/airflow/dags/01_hello_dag.py
[2026-08-30T13:55:11.940+0000] {logging_mixin.py:190} INFO - [2026-08-30T13:55:11.940+0000] {dag.py:3239} INFO - Sync 1 DAGs
[2026-08-30T13:55:11.947+0000] {logging_mixin.py:190} INFO - [2026-08-30T13:55:11.947+0000] {dag.py:4180} INFO - Setting next_dagrun for hello_dag to None, run_after=None
[2026-08-30T13:55:11.955+0000] {processor.py:208} INFO - Processing /opt/airflow/dags/01_hello_dag.py took 0.043 seconds
[2026-08-30T13:55:42.808+0000] {processor.py:186} INFO - Started process (PID=1028) to work on /opt/airflow/dags/01_hello_dag.py
[2026-08-30T13:55:42.808+0000] {processor.py:914} INFO - Processing file /opt/airflow/dags/01_hello_dag.py for tasks to queue
[2026-08-30T13:55:42.811+0000] {logging_mixin.py:190} INFO - [2026-08-30T13:55:42.811+0000] {dagbag.py:588} INFO - Filling up the DagBag from /opt/airflow/dags/01_hello_dag.py
[2026-08-30T13:55:42.818+0000] {processor.py:925} INFO - DAG(s) 'hello_dag' retrieved from /opt/airflow/dags/01_hello_dag.py
[2026-08-30T13:55:42.833+0000] {logging_mixin.py:190} INFO - [2026-08-30T13:55:42.833+0000] {dag.py:3239} INFO - Sync 1 DAGs
[2026-08-30T13:55:42.840+0000] {logging_mixin.py:190} INFO - [2026-08-30T13:55:42.840+0000] {dag.py:4180} INFO - Setting next_dagrun for hello_dag to None, run_after=None
[2026-08-30T13:55:42.848+0000] {processor.py:208} INFO - Processing /opt/airflow/dags/01_hello_dag.py took 0.055 seconds
[2026-08-30T13:56:13.551+0000] {processor.py:186} INFO - Started process (PID=1040) to work on /opt/airflow/dags/01_hello_dag.py
[2026-08-30T13:56:13.551+0000] {processor.py:914} INFO - Processing file /opt/airflow/dags/01_hello_dag.py for tasks to queue
[2026-08-30T13:56:13.553+0000] {logging_mixin.py:190} INFO - [2026-08-30T13:56:13.553+0000] {dagbag.py:588} INFO - Filling up the DagBag from /opt/airflow/dags/01_hello_dag.py
[2026-08-30T13:56:13.559+0000] {processor.py:925} INFO - DAG(s) 'hello_dag' retrieved from /opt/airflow/dags/01_hello_dag.py
[2026-08-30T13:56:13.574+0000] {logging_mixin.py:190} INFO - [2026-08-30T13:56:13.574+0000] {dag.py:3239} INFO - Sync 1 DAGs
[2026-08-30T13:56:13.580+0000] {logging_mixin.py:190} INFO - [2026-08-30T13:56:13.580+0000] {dag.py:4180} INFO - Setting next_dagrun for hello_dag to None, run_after=None
[2026-08-30T13:56:13.588+0000] {processor.py:208} INFO - Processing /opt/airflow/dags/01_hello_dag.py took 0.041 seconds
[2026-08-30T13:56:44.389+0000] {processor.py:186} INFO - Started process (PID=1052) to work on /opt/airflow/dags/01_hello_dag.py
[2026-08-30T13:56:44.390+0000] {processor.py:914} INFO - Processing file /opt/airflow/dags/01_hello_dag.py for tasks to queue
[2026-08-30T13:56:44.391+0000] {logging_mixin.py:190} INFO - [2026-08-30T13:56:44.391+0000] {dagbag.py:588} INFO - Filling up the DagBag from /opt/airflow/dags/01_hello_dag.py
[2026-08-30T13:56:44.397+0000] {processor.py:925} INFO - DAG(s) 'hello_dag' retrieved from /opt/airflow/dags/01_hello_dag.py
[2026-08-30T13:56:44.413+0000] {logging_mixin.py:190} INFO - [2026-08-30T13:56:44.413+0000] {dag.py:3239} INFO - Sync 1 DAGs
[2026-08-30T13:56:44.420+0000] {logging_mixin.py:190} INFO - [2026-08-30T13:56:44.420+0000] {dag.py:4180} INFO - Setting next_dagrun for hello_dag to None, run_after=None
[2026-08-30T13:56:44.428+0000] {processor.py:208} INFO - Processing /opt/airflow/dags/01_hello_dag.py took 0.046 seconds
[2026-08-30T13:57:15.143+0000] {processor.py:186} INFO - Started process (PID=1064) to work on /opt/airflow/dags/01_hello_dag.py
[2026-08-30T13:57:15.144+0000] {processor.py:914} INFO - Processing file /opt/airflow/dags/01_hello_dag.py for tasks to queue
[2026-08-30T13:57:15.145+0000] {logging_mixin.py:190} INFO - [2026-08-30T13:57:15.145+0000] {dagbag.py:588} INFO - Filling up the DagBag from /opt/airflow/dags/01_hello_dag.py
[2026-08-30T13:57:15.151+0000] {processor.py:925} INFO - DAG(s) 'hello_dag' retrieved from /opt/airflow/dags/01_hello_dag.py
[2026-08-30T13:57:15.165+0000] {logging_mixin.py:190} INFO - [2026-08-30T13:57:15.165+0000] {dag.py:3239} INFO - Sync 1 DAGs
[2026-08-30T13:57:15.171+0000] {logging_mixin.py:190} INFO - [2026-08-30T13:57:15.171+0000] {dag.py:4180} INFO - Setting next_dagrun for hello_dag to None, run_after=None
[2026-08-30T13:57:15.179+0000] {processor.py:208} INFO - Processing /opt/airflow/dags/01_hello_dag.py took 0.039 seconds
[2026-08-30T13:57:45.928+0000] {processor.py:186} INFO - Started process (PID=1076) to work on /opt/airflow/dags/01_hello_dag.py
[2026-08-30T13:57:45.929+0000] {processor.py:914} INFO - Processing file /opt/airflow/dags/01_hello_dag.py for tasks to queue
[2026-08-30T13:57:45.930+0000] {logging_mixin.py:190} INFO - [2026-08-30T13:57:45.930+0000] {dagbag.py:588} INFO - Filling up the DagBag from /opt/airflow/dags/01_hello_dag.py
[2026-08-30T13:57:45.935+0000] {processor.py:925} INFO - DAG(s) 'hello_dag' retrieved from /opt/airflow/dags/01_hello_dag.py
[2026-08-30T13:57:45.951+0000] {logging_mixin.py:190} INFO - [2026-08-30T13:57:45.951+0000] {dag.py:3239} INFO - Sync 1 DAGs
[2026-08-30T13:57:45.957+0000] {logging_mixin.py:190} INFO - [2026-08-30T13:57:45.957+0000] {dag.py:4180} INFO - Setting next_dagrun for hello_dag to None, run_after=None
[2026-08-30T13:57:45.965+0000] {processor.py:208} INFO - Processing /opt/airflow/dags/01_hello_dag.py took 0.041 seconds
[2026-08-30T13:58:16.686+0000] {processor.py:186} INFO - Started process (PID=1088) to work on /opt/airflow/dags/01_hello_dag.py
[2026-08-30T13:58:16.687+0000] {processor.py:914} INFO - Processing file /opt/airflow/dags/01_hello_dag.py for tasks to queue
[2026-08-30T13:58:16.688+0000] {logging_mixin.py:190} INFO - [2026-08-30T13:58:16.688+0000] {dagbag.py:588} INFO - Filling up the DagBag from /opt/airflow/dags/01_hello_dag.py
[2026-08-30T13:58:16.694+0000] {processor.py:925} INFO - DAG(s) 'hello_dag' retrieved from /opt/airflow/dags/01_hello_dag.py
[2026-08-30T13:58:16.711+0000] {logging_mixin.py:190} INFO - [2026-08-30T13:58:16.711+0000] {dag.py:3239} INFO - Sync 1 DAGs
[2026-08-30T13:58:16.718+0000] {logging_mixin.py:190} INFO - [2026-08-30T13:58:16.718+0000] {dag.py:4180} INFO - Setting next_dagrun for hello_dag to None, run_after=None
[2026-08-30T13:58:16.726+0000] {processor.py:208} INFO - Processing /opt/airflow/dags/01_hello_dag.py took 0.051 seconds
[2026-08-30T13:58:47.555+0000] {processor.py:186} INFO - Started process (PID=1106) to work on /opt/airflow/dags/01_hello_dag.py
[2026-08-30T13:58:47.557+0000] {processor.py:914} INFO - Processing file /opt/airflow/dags/01_hello_dag.py for tasks to queue
[2026-08-30T13:58:47.560+0000] {logging_mixin.py:190} INFO - [2026-08-30T13:58:47.559+0000] {dagbag.py:588} INFO - Filling up the DagBag from /opt/airflow/dags/01_hello_dag.py
[2026-08-30T13:58:47.572+0000] {processor.py:925} INFO - DAG(s) 'hello_dag' retrieved from /opt/airflow/dags/01_hello_dag.py
[2026-08-30T13:58:47.587+0000] {logging_mixin.py:190} INFO - [2026-08-30T13:58:47.587+0000] {dag.py:3239} INFO - Sync 1 DAGs
[2026-08-30T13:58:47.594+0000] {logging_mixin.py:190} INFO - [2026-08-30T13:58:47.594+0000] {dag.py:4180} INFO - Setting next_dagrun for hello_dag to None, run_after=None
[2026-08-30T13:58:47.601+0000] {processor.py:208} INFO - Processing /opt/airflow/dags/01_hello_dag.py took 0.052 seconds
[2026-08-30T13:59:18.378+0000] {processor.py:186} INFO - Started process (PID=1118) to work on /opt/airflow/dags/01_hello_dag.py
[2026-08-30T13:59:18.379+0000] {processor.py:914} INFO - Processing file /opt/airflow/dags/01_hello_dag.py for tasks to queue
[2026-08-30T13:59:18.380+0000] {logging_mixin.py:190} INFO - [2026-08-30T13:59:18.380+0000] {dagbag.py:588} INFO - Filling up the DagBag from /opt/airflow/dags/01_hello_dag.py
[2026-08-30T13:59:18.386+0000] {processor.py:925} INFO - DAG(s) 'hello_dag' retrieved from /opt/airflow/dags/01_hello_dag.py
[2026-08-30T13:59:18.401+0000] {logging_mixin.py:190} INFO - [2026-08-30T13:59:18.401+0000] {dag.py:3239} INFO - Sync 1 DAGs
[2026-08-30T13:59:18.408+0000] {logging_mixin.py:190} INFO - [2026-08-30T13:59:18.408+0000] {dag.py:4180} INFO - Setting next_dagrun for hello_dag to None, run_after=None
[2026-08-30T13:59:18.418+0000] {processor.py:208} INFO - Processing /opt/airflow/dags/01_hello_dag.py took 0.045 seconds
[2026-08-30T13:59:49.139+0000] {processor.py:186} INFO - Started process (PID=1130) to work on /opt/airflow/dags/01_hello_dag.py
[2026-08-30T13:59:49.140+0000] {processor.py:914} INFO - Processing file /opt/airflow/dags/01_hello_dag.py for tasks to queue
[2026-08-30T13:59:49.141+0000] {logging_mixin.py:190} INFO - [2026-08-30T13:59:49.141+0000] {dagbag.py:588} INFO - Filling up the DagBag from /opt/airflow/dags/01_hello_dag.py
[2026-08-30T13:59:49.146+0000] {processor.py:925} INFO - DAG(s) 'hello_dag' retrieved from /opt/airflow/dags/01_hello_dag.py
[2026-08-30T13:59:49.161+0000] {logging_mixin.py:190} INFO - [2026-08-30T13:59:49.161+0000] {dag.py:3239} INFO - Sync 1 DAGs
[2026-08-30T13:59:49.168+0000] {logging_mixin.py:190} INFO - [2026-08-30T13:59:49.168+0000] {dag.py:4180} INFO - Setting next_dagrun for hello_dag to None, run_after=None
[2026-08-30T13:59:49.175+0000] {processor.py:208} INFO - Processing /opt/airflow/dags/01_hello_dag.py took 0.040 seconds
[2026-08-30T14:00:19.837+0000] {processor.py:186} INFO - Started process (PID=1142) to work on /opt/airflow/dags/01_hello_dag.py
[2026-08-30T14:00:19.838+0000] {processor.py:914} INFO - Processing file /opt/airflow/dags/01_hello_dag.py for tasks to queue
[2026-08-30T14:00:19.839+0000] {logging_mixin.py:190} INFO - [2026-08-30T14:00:19.839+0000] {dagbag.py:588} INFO - Filling up the DagBag from /opt/airflow/dags/01_hello_dag.py
[2026-08-30T14:00:19.845+0000] {processor.py:925} INFO - DAG(s) 'hello_dag' retrieved from /opt/airflow/dags/01_hello_dag.py
[2026-08-30T14:00:19.860+0000] {logging_mixin.py:190} INFO - [2026-08-30T14:00:19.860+0000] {dag.py:3239} INFO - Sync 1 DAGs
[2026-08-30T14:00:19.867+0000] {logging_mixin.py:190} INFO - [2026-08-30T14:00:19.867+0000] {dag.py:4180} INFO - Setting next_dagrun for hello_dag to None, run_after=None
[2026-08-30T14:00:19.874+0000] {processor.py:208} INFO - Processing /opt/airflow/dags/01_hello_dag.py took 0.041 seconds
[2026-08-30T14:00:50.529+0000] {processor.py:186} INFO - Started process (PID=1154) to work on /opt/airflow/dags/01_hello_dag.py
[2026-08-30T14:00:50.530+0000] {processor.py:914} INFO - Processing file /opt/airflow/dags/01_hello_dag.py for tasks to queue
[2026-08-30T14:00:50.532+0000] {logging_mixin.py:190} INFO - [2026-08-30T14:00:50.532+0000] {dagbag.py:588} INFO - Filling up the DagBag from /opt/airflow/dags/01_hello_dag.py
[2026-08-30T14:00:50.538+0000] {processor.py:925} INFO - DAG(s) 'hello_dag' retrieved from /opt/airflow/dags/01_hello_dag.py
[2026-08-30T14:00:50.552+0000] {logging_mixin.py:190} INFO - [2026-08-30T14:00:50.552+0000] {dag.py:3239} INFO - Sync 1 DAGs
[2026-08-30T14:00:50.559+0000] {logging_mixin.py:190} INFO - [2026-08-30T14:00:50.559+0000] {dag.py:4180} INFO - Setting next_dagrun for hello_dag to None, run_after=None
[2026-08-30T14:00:50.567+0000] {processor.py:208} INFO - Processing /opt/airflow/dags/01_hello_dag.py took 0.042 seconds
[2026-08-30T14:01:21.337+0000] {processor.py:186} INFO - Started process (PID=1166) to work on /opt/airflow/dags/01_hello_dag.py
[2026-08-30T14:01:21.338+0000] {processor.py:914} INFO - Processing file /opt/airflow/dags/01_hello_dag.py for tasks to queue
[2026-08-30T14:01:21.339+0000] {logging_mixin.py:190} INFO - [2026-08-30T14:01:21.339+0000] {dagbag.py:588} INFO - Filling up the DagBag from /opt/airflow/dags/01_hello_dag.py
[2026-08-30T14:01:21.346+0000] {processor.py:925} INFO - DAG(s) 'hello_dag' retrieved from /opt/airflow/dags/01_hello_dag.py
[2026-08-30T14:01:21.360+0000] {logging_mixin.py:190} INFO - [2026-08-30T14:01:21.360+0000] {dag.py:3239} INFO - Sync 1 DAGs
[2026-08-30T14:01:21.367+0000] {logging_mixin.py:190} INFO - [2026-08-30T14:01:21.367+0000] {dag.py:4180} INFO - Setting next_dagrun for hello_dag to None, run_after=None
[2026-08-30T14:01:21.374+0000] {processor.py:208} INFO - Processing /opt/airflow/dags/01_hello_dag.py took 0.045 seconds
[2026-08-30T14:01:52.464+0000] {processor.py:186} INFO - Started process (PID=1178) to work on /opt/airflow/dags/01_hello_dag.py
[2026-08-30T14:01:52.466+0000] {processor.py:914} INFO - Processing file /opt/airflow/dags/01_hello_dag.py for tasks to queue
[2026-08-30T14:01:52.468+0000] {logging_mixin.py:190} INFO - [2026-08-30T14:01:52.468+0000] {dagbag.py:588} INFO - Filling up the DagBag from /opt/airflow/dags/01_hello_dag.py
[2026-08-30T14:01:52.475+0000] {processor.py:925} INFO - DAG(s) 'hello_dag' retrieved from /opt/airflow/dags/01_hello_dag.py
[2026-08-30T14:01:52.493+0000] {logging_mixin.py:190} INFO - [2026-08-30T14:01:52.493+0000] {dag.py:3239} INFO - Sync 1 DAGs
[2026-08-30T14:01:52.501+0000] {logging_mixin.py:190} INFO - [2026-08-30T14:01:52.501+0000] {dag.py:4180} INFO - Setting next_dagrun for hello_dag to None, run_after=None
[2026-08-30T14:01:52.519+0000] {processor.py:208} INFO - Processing /opt/airflow/dags/01_hello_dag.py took 0.062 seconds
[2026-08-30T14:02:23.203+0000] {processor.py:186} INFO - Started process (PID=1190) to work on /opt/airflow/dags/01_hello_dag.py
[2026-08-30T14:02:23.204+0000] {processor.py:914} INFO - Processing file /opt/airflow/dags/01_hello_dag.py for tasks to queue
[2026-08-30T14:02:23.205+0000] {logging_mixin.py:190} INFO - [2026-08-30T14:02:23.205+0000] {dagbag.py:588} INFO - Filling up the DagBag from /opt/airflow/dags/01_hello_dag.py
[2026-08-30T14:02:23.211+0000] {processor.py:925} INFO - DAG(s) 'hello_dag' retrieved from /opt/airflow/dags/01_hello_dag.py
[2026-08-30T14:02:23.225+0000] {logging_mixin.py:190} INFO - [2026-08-30T14:02:23.225+0000] {dag.py:3239} INFO - Sync 1 DAGs
[2026-08-30T14:02:23.232+0000] {logging_mixin.py:190} INFO - [2026-08-30T14:02:23.232+0000] {dag.py:4180} INFO - Setting next_dagrun for hello_dag to None, run_after=None
[2026-08-30T14:02:23.239+0000] {processor.py:208} INFO - Processing /opt/airflow/dags/01_hello_dag.py took 0.040 seconds
[2026-08-30T14:02:53.980+0000] {processor.py:186} INFO - Started process (PID=1202) to work on /opt/airflow/dags/01_hello_dag.py
[2026-08-30T14:02:53.981+0000] {processor.py:914} INFO - Processing file /opt/airflow/dags/01_hello_dag.py for tasks to queue
[2026-08-30T14:02:53.983+0000] {logging_mixin.py:190} INFO - [2026-08-30T14:02:53.982+0000] {dagbag.py:588} INFO - Filling up the DagBag from /opt/airflow/dags/01_hello_dag.py
[2026-08-30T14:02:53.990+0000] {processor.py:925} INFO - DAG(s) 'hello_dag' retrieved from /opt/airflow/dags/01_hello_dag.py
[2026-08-30T14:02:54.009+0000] {logging_mixin.py:190} INFO - [2026-08-30T14:02:54.009+0000] {dag.py:3239} INFO - Sync 1 DAGs
[2026-08-30T14:02:54.018+0000] {logging_mixin.py:190} INFO - [2026-08-30T14:02:54.018+0000] {dag.py:4180} INFO - Setting next_dagrun for hello_dag to None, run_after=None
[2026-08-30T14:02:54.029+0000] {processor.py:208} INFO - Processing /opt/airflow/dags/01_hello_dag.py took 0.054 seconds
[2026-08-30T14:03:24.710+0000] {processor.py:186} INFO - Started process (PID=1214) to work on /opt/airflow/dags/01_hello_dag.py
[2026-08-30T14:03:24.710+0000] {processor.py:914} INFO - Processing file /opt/airflow/dags/01_hello_dag.py for tasks to queue
[2026-08-30T14:03:24.712+0000] {logging_mixin.py:190} INFO - [2026-08-30T14:03:24.712+0000] {dagbag.py:588} INFO - Filling up the DagBag from /opt/airflow/dags/01_hello_dag.py
[2026-08-30T14:03:24.718+0000] {processor.py:925} INFO - DAG(s) 'hello_dag' retrieved from /opt/airflow/dags/01_hello_dag.py
[2026-08-30T14:03:24.735+0000] {logging_mixin.py:190} INFO - [2026-08-30T14:03:24.735+0000] {dag.py:3239} INFO - Sync 1 DAGs
[2026-08-30T14:03:24.743+0000] {logging_mixin.py:190} INFO - [2026-08-30T14:03:24.743+0000] {dag.py:4180} INFO - Setting next_dagrun for hello_dag to None, run_after=None
[2026-08-30T14:03:24.753+0000] {processor.py:208} INFO - Processing /opt/airflow/dags/01_hello_dag.py took 0.048 seconds
[2026-08-30T14:03:55.336+0000] {processor.py:186} INFO - Started process (PID=1226) to work on /opt/airflow/dags/01_hello_dag.py
[2026-08-30T14:03:55.336+0000] {processor.py:914} INFO - Processing file /opt/airflow/dags/01_hello_dag.py for tasks to queue
[2026-08-30T14:03:55.338+0000] {logging_mixin.py:190} INFO - [2026-08-30T14:03:55.338+0000] {dagbag.py:588} INFO - Filling up the DagBag from /opt/airflow/dags/01_hello_dag.py
[2026-08-30T14:03:55.344+0000] {processor.py:925} INFO - DAG(s) 'hello_dag' retrieved from /opt/airflow/dags/01_hello_dag.py
[2026-08-30T14:03:55.358+0000] {logging_mixin.py:190} INFO - [2026-08-30T14:03:55.358+0000] {dag.py:3239} INFO - Sync 1 DAGs
[2026-08-30T14:03:55.365+0000] {logging_mixin.py:190} INFO - [2026-08-30T14:03:55.364+0000] {dag.py:4180} INFO - Setting next_dagrun for hello_dag to None, run_after=None
[2026-08-30T14:03:55.372+0000] {processor.py:208} INFO - Processing /opt/airflow/dags/01_hello_dag.py took 0.040 seconds
[2026-08-30T14:04:26.109+0000] {processor.py:186} INFO - Started process (PID=1238) to work on /opt/airflow/dags/01_hello_dag.py
[2026-08-30T14:04:26.110+0000] {processor.py:914} INFO - Processing file /opt/airflow/dags/01_hello_dag.py for tasks to queue
[2026-08-30T14:04:26.112+0000] {logging_mixin.py:190} INFO - [2026-08-30T14:04:26.112+0000] {dagbag.py:588} INFO - Filling up the DagBag from /opt/airflow/dags/01_hello_dag.py
[2026-08-30T14:04:26.129+0000] {processor.py:925} INFO - DAG(s) 'hello_dag' retrieved from /opt/airflow/dags/01_hello_dag.py
[2026-08-30T14:04:26.176+0000] {logging_mixin.py:190} INFO - [2026-08-30T14:04:26.176+0000] {dag.py:3239} INFO - Sync 1 DAGs
[2026-08-30T14:04:26.185+0000] {logging_mixin.py:190} INFO - [2026-08-30T14:04:26.185+0000] {dag.py:4180} INFO - Setting next_dagrun for hello_dag to None, run_after=None
[2026-08-30T14:04:26.195+0000] {processor.py:208} INFO - Processing /opt/airflow/dags/01_hello_dag.py took 0.093 seconds
[2026-08-30T14:04:56.826+0000] {processor.py:186} INFO - Started process (PID=1250) to work on /opt/airflow/dags/01_hello_dag.py
[2026-08-30T14:04:56.834+0000] {processor.py:914} INFO - Processing file /opt/airflow/dags/01_hello_dag.py for tasks to queue
[2026-08-30T14:04:56.840+0000] {logging_mixin.py:190} INFO - [2026-08-30T14:04:56.839+0000] {dagbag.py:588} INFO - Filling up the DagBag from /opt/airflow/dags/01_hello_dag.py
[2026-08-30T14:04:56.889+0000] {processor.py:925} INFO - DAG(s) 'hello_dag' retrieved from /opt/airflow/dags/01_hello_dag.py
[2026-08-30T14:04:56.908+0000] {logging_mixin.py:190} INFO - [2026-08-30T14:04:56.908+0000] {dag.py:3239} INFO - Sync 1 DAGs
[2026-08-30T14:04:56.916+0000] {logging_mixin.py:190} INFO - [2026-08-30T14:04:56.916+0000] {dag.py:4180} INFO - Setting next_dagrun for hello_dag to None, run_after=None
[2026-08-30T14:04:56.925+0000] {processor.py:208} INFO - Processing /opt/airflow/dags/01_hello_dag.py took 0.113 seconds
[2026-08-30T14:05:27.643+0000] {processor.py:186} INFO - Started process (PID=1262) to work on /opt/airflow/dags/01_hello_dag.py
[2026-08-30T14:05:27.644+0000] {processor.py:914} INFO - Processing file /opt/airflow/dags/01_hello_dag.py for tasks to queue
[2026-08-30T14:05:27.645+0000] {logging_mixin.py:190} INFO - [2026-08-30T14:05:27.645+0000] {dagbag.py:588} INFO - Filling up the DagBag from /opt/airflow/dags/01_hello_dag.py
[2026-08-30T14:05:27.652+0000] {processor.py:925} INFO - DAG(s) 'hello_dag' retrieved from /opt/airflow/dags/01_hello_dag.py
[2026-08-30T14:05:27.671+0000] {logging_mixin.py:190} INFO - [2026-08-30T14:05:27.671+0000] {dag.py:3239} INFO - Sync 1 DAGs
[2026-08-30T14:05:27.679+0000] {logging_mixin.py:190} INFO - [2026-08-30T14:05:27.679+0000] {dag.py:4180} INFO - Setting next_dagrun for hello_dag to None, run_after=None
[2026-08-30T14:05:27.687+0000] {processor.py:208} INFO - Processing /opt/airflow/dags/01_hello_dag.py took 0.048 seconds
[2026-08-30T14:05:58.478+0000] {processor.py:186} INFO - Started process (PID=1274) to work on /opt/airflow/dags/01_hello_dag.py
[2026-08-30T14:05:58.479+0000] {processor.py:914} INFO - Processing file /opt/airflow/dags/01_hello_dag.py for tasks to queue
[2026-08-30T14:05:58.481+0000] {logging_mixin.py:190} INFO - [2026-08-30T14:05:58.481+0000] {dagbag.py:588} INFO - Filling up the DagBag from /opt/airflow/dags/01_hello_dag.py
[2026-08-30T14:05:58.487+0000] {processor.py:925} INFO - DAG(s) 'hello_dag' retrieved from /opt/airflow/dags/01_hello_dag.py
[2026-08-30T14:05:58.502+0000] {logging_mixin.py:190} INFO - [2026-08-30T14:05:58.502+0000] {dag.py:3239} INFO - Sync 1 DAGs
[2026-08-30T14:05:58.509+0000] {logging_mixin.py:190} INFO - [2026-08-30T14:05:58.509+0000] {dag.py:4180} INFO - Setting next_dagrun for hello_dag to None, run_after=None
[2026-08-30T14:05:58.517+0000] {processor.py:208} INFO - Processing /opt/airflow/dags/01_hello_dag.py took 0.048 seconds
[2026-08-30T14:06:29.309+0000] {processor.py:186} INFO - Started process (PID=1286) to work on /opt/airflow/dags/01_hello_dag.py
[2026-08-30T14:06:29.310+0000] {processor.py:914} INFO - Processing file /opt/airflow/dags/01_hello_dag.py for tasks to queue
[2026-08-30T14:06:29.311+0000] {logging_mixin.py:190} INFO - [2026-08-30T14:06:29.311+0000] {dagbag.py:588} INFO - Filling up the DagBag from /opt/airflow/dags/01_hello_dag.py
[2026-08-30T14:06:29.317+0000] {processor.py:925} INFO - DAG(s) 'hello_dag' retrieved from /opt/airflow/dags/01_hello_dag.py
[2026-08-30T14:06:29.332+0000] {logging_mixin.py:190} INFO - [2026-08-30T14:06:29.332+0000] {dag.py:3239} INFO - Sync 1 DAGs
[2026-08-30T14:06:29.339+0000] {logging_mixin.py:190} INFO - [2026-08-30T14:06:29.338+0000] {dag.py:4180} INFO - Setting next_dagrun for hello_dag to None, run_after=None
[2026-08-30T14:06:29.346+0000] {processor.py:208} INFO - Processing /opt/airflow/dags/01_hello_dag.py took 0.041 seconds
[2026-08-30T14:07:00.126+0000] {processor.py:186} INFO - Started process (PID=1298) to work on /opt/airflow/dags/01_hello_dag.py
[2026-08-30T14:07:00.127+0000] {processor.py:914} INFO - Processing file /opt/airflow/dags/01_hello_dag.py for tasks to queue
[2026-08-30T14:07:00.129+0000] {logging_mixin.py:190} INFO - [2026-08-30T14:07:00.128+0000] {dagbag.py:588} INFO - Filling up the DagBag from /opt/airflow/dags/01_hello_dag.py
[2026-08-30T14:07:00.136+0000] {processor.py:925} INFO - DAG(s) 'hello_dag' retrieved from /opt/airflow/dags/01_hello_dag.py
[2026-08-30T14:07:00.153+0000] {logging_mixin.py:190} INFO - [2026-08-30T14:07:00.153+0000] {dag.py:3239} INFO - Sync 1 DAGs
[2026-08-30T14:07:00.160+0000] {logging_mixin.py:190} INFO - [2026-08-30T14:07:00.160+0000] {dag.py:4180} INFO - Setting next_dagrun for hello_dag to None, run_after=None
[2026-08-30T14:07:00.167+0000] {processor.py:208} INFO - Processing /opt/airflow/dags/01_hello_dag.py took 0.049 seconds
[2026-08-30T14:07:30.905+0000] {processor.py:186} INFO - Started process (PID=1310) to work on /opt/airflow/dags/01_hello_dag.py
[2026-08-30T14:07:30.906+0000] {processor.py:914} INFO - Processing file /opt/airflow/dags/01_hello_dag.py for tasks to queue
[2026-08-30T14:07:30.908+0000] {logging_mixin.py:190} INFO - [2026-08-30T14:07:30.907+0000] {dagbag.py:588} INFO - Filling up the DagBag from /opt/airflow/dags/01_hello_dag.py
[2026-08-30T14:07:30.914+0000] {processor.py:925} INFO - DAG(s) 'hello_dag' retrieved from /opt/airflow/dags/01_hello_dag.py
[2026-08-30T14:07:30.931+0000] {logging_mixin.py:190} INFO - [2026-08-30T14:07:30.930+0000] {dag.py:3239} INFO - Sync 1 DAGs
[2026-08-30T14:07:30.938+0000] {logging_mixin.py:190} INFO - [2026-08-30T14:07:30.938+0000] {dag.py:4180} INFO - Setting next_dagrun for hello_dag to None, run_after=None
[2026-08-30T14:07:30.946+0000] {processor.py:208} INFO - Processing /opt/airflow/dags/01_hello_dag.py took 0.048 seconds
[2026-08-30T14:08:01.650+0000] {processor.py:186} INFO - Started process (PID=1322) to work on /opt/airflow/dags/01_hello_dag.py
[2026-08-30T14:08:01.651+0000] {processor.py:914} INFO - Processing file /opt/airflow/dags/01_hello_dag.py for tasks to queue
[2026-08-30T14:08:01.653+0000] {logging_mixin.py:190} INFO - [2026-08-30T14:08:01.653+0000] {dagbag.py:588} INFO - Filling up the DagBag from /opt/airflow/dags/01_hello_dag.py
[2026-08-30T14:08:01.660+0000] {processor.py:925} INFO - DAG(s) 'hello_dag' retrieved from /opt/airflow/dags/01_hello_dag.py
[2026-08-30T14:08:01.675+0000] {logging_mixin.py:190} INFO - [2026-08-30T14:08:01.675+0000] {dag.py:3239} INFO - Sync 1 DAGs
[2026-08-30T14:08:01.683+0000] {logging_mixin.py:190} INFO - [2026-08-30T14:08:01.682+0000] {dag.py:4180} INFO - Setting next_dagrun for hello_dag to None, run_after=None
[2026-08-30T14:08:01.690+0000] {processor.py:208} INFO - Processing /opt/airflow/dags/01_hello_dag.py took 0.044 seconds
[2026-08-30T14:08:32.374+0000] {processor.py:186} INFO - Started process (PID=1333) to work on /opt/airflow/dags/01_hello_dag.py
[2026-08-30T14:08:32.375+0000] {processor.py:914} INFO - Processing file /opt/airflow/dags/01_hello_dag.py for tasks to queue
[2026-08-30T14:08:32.376+0000] {logging_mixin.py:190} INFO - [2026-08-30T14:08:32.376+0000] {dagbag.py:588} INFO - Filling up the DagBag from /opt/airflow/dags/01_hello_dag.py
[2026-08-30T14:08:32.382+0000] {processor.py:925} INFO - DAG(s) 'hello_dag' retrieved from /opt/airflow/dags/01_hello_dag.py
[2026-08-30T14:08:32.397+0000] {logging_mixin.py:190} INFO - [2026-08-30T14:08:32.396+0000] {dag.py:3239} INFO - Sync 1 DAGs
[2026-08-30T14:08:32.403+0000] {logging_mixin.py:190} INFO - [2026-08-30T14:08:32.403+0000] {dag.py:4180} INFO - Setting next_dagrun for hello_dag to None, run_after=None
[2026-08-30T14:08:32.411+0000] {processor.py:208} INFO - Processing /opt/airflow/dags/01_hello_dag.py took 0.040 seconds
[2026-08-30T14:09:03.157+0000] {processor.py:186} INFO - Started process (PID=1345) to work on /opt/airflow/dags/01_hello_dag.py
[2026-08-30T14:09:03.158+0000] {processor.py:914} INFO - Processing file /opt/airflow/dags/01_hello_dag.py for tasks to queue
[2026-08-30T14:09:03.159+0000] {logging_mixin.py:190} INFO - [2026-08-30T14:09:03.159+0000] {dagbag.py:588} INFO - Filling up the DagBag from /opt/airflow/dags/01_hello_dag.py
[2026-08-30T14:09:03.166+0000] {processor.py:925} INFO - DAG(s) 'hello_dag' retrieved from /opt/airflow/dags/01_hello_dag.py
[2026-08-30T14:09:03.183+0000] {logging_mixin.py:190} INFO - [2026-08-30T14:09:03.183+0000] {dag.py:3239} INFO - Sync 1 DAGs
[2026-08-30T14:09:03.191+0000] {logging_mixin.py:190} INFO - [2026-08-30T14:09:03.191+0000] {dag.py:4180} INFO - Setting next_dagrun for hello_dag to None, run_after=None
[2026-08-30T14:09:03.199+0000] {processor.py:208} INFO - Processing /opt/airflow/dags/01_hello_dag.py took 0.046 seconds
[2026-08-30T14:09:33.873+0000] {processor.py:186} INFO - Started process (PID=1357) to work on /opt/airflow/dags/01_hello_dag.py
[2026-08-30T14:09:33.874+0000] {processor.py:914} INFO - Processing file /opt/airflow/dags/01_hello_dag.py for tasks to queue
[2026-08-30T14:09:33.875+0000] {logging_mixin.py:190} INFO - [2026-08-30T14:09:33.875+0000] {dagbag.py:588} INFO - Filling up the DagBag from /opt/airflow/dags/01_hello_dag.py
[2026-08-30T14:09:33.882+0000] {processor.py:925} INFO - DAG(s) 'hello_dag' retrieved from /opt/airflow/dags/01_hello_dag.py
[2026-08-30T14:09:33.897+0000] {logging_mixin.py:190} INFO - [2026-08-30T14:09:33.897+0000] {dag.py:3239} INFO - Sync 1 DAGs
[2026-08-30T14:09:33.904+0000] {logging_mixin.py:190} INFO - [2026-08-30T14:09:33.904+0000] {dag.py:4180} INFO - Setting next_dagrun for hello_dag to None, run_after=None
[2026-08-30T14:09:33.912+0000] {processor.py:208} INFO - Processing /opt/airflow/dags/01_hello_dag.py took 0.042 seconds
[2026-08-30T14:10:04.619+0000] {processor.py:186} INFO - Started process (PID=1369) to work on /opt/airflow/dags/01_hello_dag.py
[2026-08-30T14:10:04.620+0000] {processor.py:914} INFO - Processing file /opt/airflow/dags/01_hello_dag.py for tasks to queue
[2026-08-30T14:10:04.622+0000] {logging_mixin.py:190} INFO - [2026-08-30T14:10:04.621+0000] {dagbag.py:588} INFO - Filling up the DagBag from /opt/airflow/dags/01_hello_dag.py
[2026-08-30T14:10:04.628+0000] {processor.py:925} INFO - DAG(s) 'hello_dag' retrieved from /opt/airflow/dags/01_hello_dag.py
[2026-08-30T14:10:04.643+0000] {logging_mixin.py:190} INFO - [2026-08-30T14:10:04.643+0000] {dag.py:3239} INFO - Sync 1 DAGs
[2026-08-30T14:10:04.650+0000] {logging_mixin.py:190} INFO - [2026-08-30T14:10:04.650+0000] {dag.py:4180} INFO - Setting next_dagrun for hello_dag to None, run_after=None
[2026-08-30T14:10:04.658+0000] {processor.py:208} INFO - Processing /opt/airflow/dags/01_hello_dag.py took 0.048 seconds
[2026-08-30T14:10:35.378+0000] {processor.py:186} INFO - Started process (PID=1381) to work on /opt/airflow/dags/01_hello_dag.py
[2026-08-30T14:10:35.379+0000] {processor.py:914} INFO - Processing file /opt/airflow/dags/01_hello_dag.py for tasks to queue
[2026-08-30T14:10:35.381+0000] {logging_mixin.py:190} INFO - [2026-08-30T14:10:35.380+0000] {dagbag.py:588} INFO - Filling up the DagBag from /opt/airflow/dags/01_hello_dag.py
[2026-08-30T14:10:35.388+0000] {processor.py:925} INFO - DAG(s) 'hello_dag' retrieved from /opt/airflow/dags/01_hello_dag.py
[2026-08-30T14:10:35.403+0000] {logging_mixin.py:190} INFO - [2026-08-30T14:10:35.403+0000] {dag.py:3239} INFO - Sync 1 DAGs
[2026-08-30T14:10:35.410+0000] {logging_mixin.py:190} INFO - [2026-08-30T14:10:35.410+0000] {dag.py:4180} INFO - Setting next_dagrun for hello_dag to None, run_after=None
[2026-08-30T14:10:35.417+0000] {processor.py:208} INFO - Processing /opt/airflow/dags/01_hello_dag.py took 0.044 seconds
[2026-08-30T14:11:06.127+0000] {processor.py:186} INFO - Started process (PID=1393) to work on /opt/airflow/dags/01_hello_dag.py
[2026-08-30T14:11:06.128+0000] {processor.py:914} INFO - Processing file /opt/airflow/dags/01_hello_dag.py for tasks to queue
[2026-08-30T14:11:06.151+0000] {logging_mixin.py:190} INFO - [2026-08-30T14:11:06.150+0000] {dagbag.py:588} INFO - Filling up the DagBag from /opt/airflow/dags/01_hello_dag.py
[2026-08-30T14:11:06.163+0000] {processor.py:925} INFO - DAG(s) 'hello_dag' retrieved from /opt/airflow/dags/01_hello_dag.py
[2026-08-30T14:11:06.186+0000] {logging_mixin.py:190} INFO - [2026-08-30T14:11:06.186+0000] {dag.py:3239} INFO - Sync 1 DAGs
[2026-08-30T14:11:06.196+0000] {logging_mixin.py:190} INFO - [2026-08-30T14:11:06.195+0000] {dag.py:4180} INFO - Setting next_dagrun for hello_dag to None, run_after=None
[2026-08-30T14:11:06.216+0000] {processor.py:208} INFO - Processing /opt/airflow/dags/01_hello_dag.py took 0.093 seconds
[2026-08-30T14:11:37.019+0000] {processor.py:186} INFO - Started process (PID=1405) to work on /opt/airflow/dags/01_hello_dag.py
[2026-08-30T14:11:37.020+0000] {processor.py:914} INFO - Processing file /opt/airflow/dags/01_hello_dag.py for tasks to queue
[2026-08-30T14:11:37.021+0000] {logging_mixin.py:190} INFO - [2026-08-30T14:11:37.021+0000] {dagbag.py:588} INFO - Filling up the DagBag from /opt/airflow/dags/01_hello_dag.py
[2026-08-30T14:11:37.028+0000] {processor.py:925} INFO - DAG(s) 'hello_dag' retrieved from /opt/airflow/dags/01_hello_dag.py
[2026-08-30T14:11:37.043+0000] {logging_mixin.py:190} INFO - [2026-08-30T14:11:37.043+0000] {dag.py:3239} INFO - Sync 1 DAGs
[2026-08-30T14:11:37.050+0000] {logging_mixin.py:190} INFO - [2026-08-30T14:11:37.049+0000] {dag.py:4180} INFO - Setting next_dagrun for hello_dag to None, run_after=None
[2026-08-30T14:11:37.057+0000] {processor.py:208} INFO - Processing /opt/airflow/dags/01_hello_dag.py took 0.044 seconds
[2026-08-30T14:12:07.751+0000] {processor.py:186} INFO - Started process (PID=1417) to work on /opt/airflow/dags/01_hello_dag.py
[2026-08-30T14:12:07.752+0000] {processor.py:914} INFO - Processing file /opt/airflow/dags/01_hello_dag.py for tasks to queue
[2026-08-30T14:12:07.754+0000] {logging_mixin.py:190} INFO - [2026-08-30T14:12:07.753+0000] {dagbag.py:588} INFO - Filling up the DagBag from /opt/airflow/dags/01_hello_dag.py
[2026-08-30T14:12:07.760+0000] {processor.py:925} INFO - DAG(s) 'hello_dag' retrieved from /opt/airflow/dags/01_hello_dag.py
[2026-08-30T14:12:07.774+0000] {logging_mixin.py:190} INFO - [2026-08-30T14:12:07.774+0000] {dag.py:3239} INFO - Sync 1 DAGs
[2026-08-30T14:12:07.781+0000] {logging_mixin.py:190} INFO - [2026-08-30T14:12:07.780+0000] {dag.py:4180} INFO - Setting next_dagrun for hello_dag to None, run_after=None
[2026-08-30T14:12:07.788+0000] {processor.py:208} INFO - Processing /opt/airflow/dags/01_hello_dag.py took 0.043 seconds
[2026-08-30T14:12:38.496+0000] {processor.py:186} INFO - Started process (PID=1429) to work on /opt/airflow/dags/01_hello_dag.py
[2026-08-30T14:12:38.497+0000] {processor.py:914} INFO - Processing file /opt/airflow/dags/01_hello_dag.py for tasks to queue
[2026-08-30T14:12:38.498+0000] {logging_mixin.py:190} INFO - [2026-08-30T14:12:38.498+0000] {dagbag.py:588} INFO - Filling up the DagBag from /opt/airflow/dags/01_hello_dag.py
[2026-08-30T14:12:38.504+0000] {processor.py:925} INFO - DAG(s) 'hello_dag' retrieved from /opt/airflow/dags/01_hello_dag.py
[2026-08-30T14:12:38.518+0000] {logging_mixin.py:190} INFO - [2026-08-30T14:12:38.518+0000] {dag.py:3239} INFO - Sync 1 DAGs
[2026-08-30T14:12:38.525+0000] {logging_mixin.py:190} INFO - [2026-08-30T14:12:38.525+0000] {dag.py:4180} INFO - Setting next_dagrun for hello_dag to None, run_after=None
[2026-08-30T14:12:38.532+0000] {processor.py:208} INFO - Processing /opt/airflow/dags/01_hello_dag.py took 0.046 seconds
[2026-08-30T14:13:09.205+0000] {processor.py:186} INFO - Started process (PID=1441) to work on /opt/airflow/dags/01_hello_dag.py
[2026-08-30T14:13:09.206+0000] {processor.py:914} INFO - Processing file /opt/airflow/dags/01_hello_dag.py for tasks to queue
[2026-08-30T14:13:09.207+0000] {logging_mixin.py:190} INFO - [2026-08-30T14:13:09.207+0000] {dagbag.py:588} INFO - Filling up the DagBag from /opt/airflow/dags/01_hello_dag.py
[2026-08-30T14:13:09.213+0000] {processor.py:925} INFO - DAG(s) 'hello_dag' retrieved from /opt/airflow/dags/01_hello_dag.py
[2026-08-30T14:13:09.227+0000] {logging_mixin.py:190} INFO - [2026-08-30T14:13:09.227+0000] {dag.py:3239} INFO - Sync 1 DAGs
[2026-08-30T14:13:09.233+0000] {logging_mixin.py:190} INFO - [2026-08-30T14:13:09.233+0000] {dag.py:4180} INFO - Setting next_dagrun for hello_dag to None, run_after=None
[2026-08-30T14:13:09.241+0000] {processor.py:208} INFO - Processing /opt/airflow/dags/01_hello_dag.py took 0.043 seconds
[2026-08-30T14:13:39.907+0000] {processor.py:186} INFO - Started process (PID=1453) to work on /opt/airflow/dags/01_hello_dag.py
[2026-08-30T14:13:39.907+0000] {processor.py:914} INFO - Processing file /opt/airflow/dags/01_hello_dag.py for tasks to queue
[2026-08-30T14:13:39.909+0000] {logging_mixin.py:190} INFO - [2026-08-30T14:13:39.909+0000] {dagbag.py:588} INFO - Filling up the DagBag from /opt/airflow/dags/01_hello_dag.py
[2026-08-30T14:13:39.915+0000] {processor.py:925} INFO - DAG(s) 'hello_dag' retrieved from /opt/airflow/dags/01_hello_dag.py
[2026-08-30T14:13:39.929+0000] {logging_mixin.py:190} INFO - [2026-08-30T14:13:39.929+0000] {dag.py:3239} INFO - Sync 1 DAGs
[2026-08-30T14:13:39.939+0000] {logging_mixin.py:190} INFO - [2026-08-30T14:13:39.939+0000] {dag.py:4180} INFO - Setting next_dagrun for hello_dag to None, run_after=None
[2026-08-30T14:13:39.947+0000] {processor.py:208} INFO - Processing /opt/airflow/dags/01_hello_dag.py took 0.044 seconds
[2026-08-30T14:14:10.605+0000] {processor.py:186} INFO - Started process (PID=1465) to work on /opt/airflow/dags/01_hello_dag.py
[2026-08-30T14:14:10.605+0000] {processor.py:914} INFO - Processing file /opt/airflow/dags/01_hello_dag.py for tasks to queue
[2026-08-30T14:14:10.607+0000] {logging_mixin.py:190} INFO - [2026-08-30T14:14:10.607+0000] {dagbag.py:588} INFO - Filling up the DagBag from /opt/airflow/dags/01_hello_dag.py
[2026-08-30T14:14:10.613+0000] {processor.py:925} INFO - DAG(s) 'hello_dag' retrieved from /opt/airflow/dags/01_hello_dag.py
[2026-08-30T14:14:10.628+0000] {logging_mixin.py:190} INFO - [2026-08-30T14:14:10.628+0000] {dag.py:3239} INFO - Sync 1 DAGs
[2026-08-30T14:14:10.635+0000] {logging_mixin.py:190} INFO - [2026-08-30T14:14:10.635+0000] {dag.py:4180} INFO - Setting next_dagrun for hello_dag to None, run_after=None
[2026-08-30T14:14:10.642+0000] {processor.py:208} INFO - Processing /opt/airflow/dags/01_hello_dag.py took 0.044 seconds
[2026-08-30T14:14:41.368+0000] {processor.py:186} INFO - Started process (PID=1478) to work on /opt/airflow/dags/01_hello_dag.py
[2026-08-30T14:14:41.369+0000] {processor.py:914} INFO - Processing file /opt/airflow/dags/01_hello_dag.py for tasks to queue
[2026-08-30T14:14:41.370+0000] {logging_mixin.py:190} INFO - [2026-08-30T14:14:41.370+0000] {dagbag.py:588} INFO - Filling up the DagBag from /opt/airflow/dags/01_hello_dag.py
[2026-08-30T14:14:41.377+0000] {processor.py:925} INFO - DAG(s) 'hello_dag' retrieved from /opt/airflow/dags/01_hello_dag.py
[2026-08-30T14:14:41.393+0000] {logging_mixin.py:190} INFO - [2026-08-30T14:14:41.393+0000] {dag.py:3239} INFO - Sync 1 DAGs
[2026-08-30T14:14:41.401+0000] {logging_mixin.py:190} INFO - [2026-08-30T14:14:41.401+0000] {dag.py:4180} INFO - Setting next_dagrun for hello_dag to None, run_after=None
[2026-08-30T14:14:41.409+0000] {processor.py:208} INFO - Processing /opt/airflow/dags/01_hello_dag.py took 0.045 seconds
[2026-08-30T14:15:12.089+0000] {processor.py:186} INFO - Started process (PID=1490) to work on /opt/airflow/dags/01_hello_dag.py
[2026-08-30T14:15:12.089+0000] {processor.py:914} INFO - Processing file /opt/airflow/dags/01_hello_dag.py for tasks to queue
[2026-08-30T14:15:12.091+0000] {logging_mixin.py:190} INFO - [2026-08-30T14:15:12.091+0000] {dagbag.py:588} INFO - Filling up the DagBag from /opt/airflow/dags/01_hello_dag.py
[2026-08-30T14:15:12.099+0000] {processor.py:925} INFO - DAG(s) 'hello_dag' retrieved from /opt/airflow/dags/01_hello_dag.py
[2026-08-30T14:15:12.114+0000] {logging_mixin.py:190} INFO - [2026-08-30T14:15:12.114+0000] {dag.py:3239} INFO - Sync 1 DAGs
[2026-08-30T14:15:12.121+0000] {logging_mixin.py:190} INFO - [2026-08-30T14:15:12.120+0000] {dag.py:4180} INFO - Setting next_dagrun for hello_dag to None, run_after=None
[2026-08-30T14:15:12.128+0000] {processor.py:208} INFO - Processing /opt/airflow/dags/01_hello_dag.py took 0.045 seconds
[2026-08-30T14:15:42.896+0000] {processor.py:186} INFO - Started process (PID=1502) to work on /opt/airflow/dags/01_hello_dag.py
[2026-08-30T14:15:42.897+0000] {processor.py:914} INFO - Processing file /opt/airflow/dags/01_hello_dag.py for tasks to queue
[2026-08-30T14:15:42.899+0000] {logging_mixin.py:190} INFO - [2026-08-30T14:15:42.898+0000] {dagbag.py:588} INFO - Filling up the DagBag from /opt/airflow/dags/01_hello_dag.py
[2026-08-30T14:15:42.905+0000] {processor.py:925} INFO - DAG(s) 'hello_dag' retrieved from /opt/airflow/dags/01_hello_dag.py
[2026-08-30T14:15:42.919+0000] {logging_mixin.py:190} INFO - [2026-08-30T14:15:42.919+0000] {dag.py:3239} INFO - Sync 1 DAGs
[2026-08-30T14:15:42.926+0000] {logging_mixin.py:190} INFO - [2026-08-30T14:15:42.926+0000] {dag.py:4180} INFO - Setting next_dagrun for hello_dag to None, run_after=None
[2026-08-30T14:15:42.933+0000] {processor.py:208} INFO - Processing /opt/airflow/dags/01_hello_dag.py took 0.041 seconds
[2026-08-30T14:16:13.611+0000] {processor.py:186} INFO - Started process (PID=1514) to work on /opt/airflow/dags/01_hello_dag.py
[2026-08-30T14:16:13.612+0000] {processor.py:914} INFO - Processing file /opt/airflow/dags/01_hello_dag.py for tasks to queue
[2026-08-30T14:16:13.613+0000] {logging_mixin.py:190} INFO - [2026-08-30T14:16:13.613+0000] {dagbag.py:588} INFO - Filling up the DagBag from /opt/airflow/dags/01_hello_dag.py
[2026-08-30T14:16:13.620+0000] {processor.py:925} INFO - DAG(s) 'hello_dag' retrieved from /opt/airflow/dags/01_hello_dag.py
[2026-08-30T14:16:13.634+0000] {logging_mixin.py:190} INFO - [2026-08-30T14:16:13.634+0000] {dag.py:3239} INFO - Sync 1 DAGs
[2026-08-30T14:16:13.640+0000] {logging_mixin.py:190} INFO - [2026-08-30T14:16:13.640+0000] {dag.py:4180} INFO - Setting next_dagrun for hello_dag to None, run_after=None
[2026-08-30T14:16:13.652+0000] {processor.py:208} INFO - Processing /opt/airflow/dags/01_hello_dag.py took 0.044 seconds
[2026-08-30T14:16:44.425+0000] {processor.py:186} INFO - Started process (PID=1525) to work on /opt/airflow/dags/01_hello_dag.py
[2026-08-30T14:16:44.426+0000] {processor.py:914} INFO - Processing file /opt/airflow/dags/01_hello_dag.py for tasks to queue
[2026-08-30T14:16:44.428+0000] {logging_mixin.py:190} INFO - [2026-08-30T14:16:44.428+0000] {dagbag.py:588} INFO - Filling up the DagBag from /opt/airflow/dags/01_hello_dag.py
[2026-08-30T14:16:44.435+0000] {processor.py:925} INFO - DAG(s) 'hello_dag' retrieved from /opt/airflow/dags/01_hello_dag.py
[2026-08-30T14:16:44.451+0000] {logging_mixin.py:190} INFO - [2026-08-30T14:16:44.450+0000] {dag.py:3239} INFO - Sync 1 DAGs
[2026-08-30T14:16:44.460+0000] {logging_mixin.py:190} INFO - [2026-08-30T14:16:44.460+0000] {dag.py:4180} INFO - Setting next_dagrun for hello_dag to None, run_after=None
[2026-08-30T14:16:44.468+0000] {processor.py:208} INFO - Processing /opt/airflow/dags/01_hello_dag.py took 0.047 seconds
[2026-08-30T14:17:15.247+0000] {processor.py:186} INFO - Started process (PID=1537) to work on /opt/airflow/dags/01_hello_dag.py
[2026-08-30T14:17:15.250+0000] {processor.py:914} INFO - Processing file /opt/airflow/dags/01_hello_dag.py for tasks to queue
[2026-08-30T14:17:15.252+0000] {logging_mixin.py:190} INFO - [2026-08-30T14:17:15.251+0000] {dagbag.py:588} INFO - Filling up the DagBag from /opt/airflow/dags/01_hello_dag.py
[2026-08-30T14:17:15.260+0000] {processor.py:925} INFO - DAG(s) 'hello_dag' retrieved from /opt/airflow/dags/01_hello_dag.py
[2026-08-30T14:17:15.280+0000] {logging_mixin.py:190} INFO - [2026-08-30T14:17:15.280+0000] {dag.py:3239} INFO - Sync 1 DAGs
[2026-08-30T14:17:15.289+0000] {logging_mixin.py:190} INFO - [2026-08-30T14:17:15.288+0000] {dag.py:4180} INFO - Setting next_dagrun for hello_dag to None, run_after=None
[2026-08-30T14:17:15.298+0000] {processor.py:208} INFO - Processing /opt/airflow/dags/01_hello_dag.py took 0.059 seconds
[2026-08-30T14:17:46.115+0000] {processor.py:186} INFO - Started process (PID=1549) to work on /opt/airflow/dags/01_hello_dag.py
[2026-08-30T14:17:46.116+0000] {processor.py:914} INFO - Processing file /opt/airflow/dags/01_hello_dag.py for tasks to queue
[2026-08-30T14:17:46.118+0000] {logging_mixin.py:190} INFO - [2026-08-30T14:17:46.118+0000] {dagbag.py:588} INFO - Filling up the DagBag from /opt/airflow/dags/01_hello_dag.py
[2026-08-30T14:17:46.126+0000] {processor.py:925} INFO - DAG(s) 'hello_dag' retrieved from /opt/airflow/dags/01_hello_dag.py
[2026-08-30T14:17:46.143+0000] {logging_mixin.py:190} INFO - [2026-08-30T14:17:46.143+0000] {dag.py:3239} INFO - Sync 1 DAGs
[2026-08-30T14:17:46.153+0000] {logging_mixin.py:190} INFO - [2026-08-30T14:17:46.153+0000] {dag.py:4180} INFO - Setting next_dagrun for hello_dag to None, run_after=None
[2026-08-30T14:17:46.165+0000] {processor.py:208} INFO - Processing /opt/airflow/dags/01_hello_dag.py took 0.057 seconds
[2026-08-30T14:18:16.833+0000] {processor.py:186} INFO - Started process (PID=1561) to work on /opt/airflow/dags/01_hello_dag.py
[2026-08-30T14:18:16.834+0000] {processor.py:914} INFO - Processing file /opt/airflow/dags/01_hello_dag.py for tasks to queue
[2026-08-30T14:18:16.836+0000] {logging_mixin.py:190} INFO - [2026-08-30T14:18:16.836+0000] {dagbag.py:588} INFO - Filling up the DagBag from /opt/airflow/dags/01_hello_dag.py
[2026-08-30T14:18:16.845+0000] {processor.py:925} INFO - DAG(s) 'hello_dag' retrieved from /opt/airflow/dags/01_hello_dag.py
[2026-08-30T14:18:16.859+0000] {logging_mixin.py:190} INFO - [2026-08-30T14:18:16.859+0000] {dag.py:3239} INFO - Sync 1 DAGs
[2026-08-30T14:18:16.866+0000] {logging_mixin.py:190} INFO - [2026-08-30T14:18:16.866+0000] {dag.py:4180} INFO - Setting next_dagrun for hello_dag to None, run_after=None
[2026-08-30T14:18:16.873+0000] {processor.py:208} INFO - Processing /opt/airflow/dags/01_hello_dag.py took 0.045 seconds
[2026-08-30T14:18:47.591+0000] {processor.py:186} INFO - Started process (PID=1573) to work on /opt/airflow/dags/01_hello_dag.py
[2026-08-30T14:18:47.592+0000] {processor.py:914} INFO - Processing file /opt/airflow/dags/01_hello_dag.py for tasks to queue
[2026-08-30T14:18:47.594+0000] {logging_mixin.py:190} INFO - [2026-08-30T14:18:47.594+0000] {dagbag.py:588} INFO - Filling up the DagBag from /opt/airflow/dags/01_hello_dag.py
[2026-08-30T14:18:47.601+0000] {processor.py:925} INFO - DAG(s) 'hello_dag' retrieved from /opt/airflow/dags/01_hello_dag.py
[2026-08-30T14:18:47.618+0000] {logging_mixin.py:190} INFO - [2026-08-30T14:18:47.617+0000] {dag.py:3239} INFO - Sync 1 DAGs
[2026-08-30T14:18:47.631+0000] {logging_mixin.py:190} INFO - [2026-08-30T14:18:47.630+0000] {dag.py:4180} INFO - Setting next_dagrun for hello_dag to None, run_after=None
[2026-08-30T14:18:47.642+0000] {processor.py:208} INFO - Processing /opt/airflow/dags/01_hello_dag.py took 0.055 seconds
[2026-08-30T14:19:18.382+0000] {processor.py:186} INFO - Started process (PID=1585) to work on /opt/airflow/dags/01_hello_dag.py
[2026-08-30T14:19:18.383+0000] {processor.py:914} INFO - Processing file /opt/airflow/dags/01_hello_dag.py for tasks to queue
[2026-08-30T14:19:18.385+0000] {logging_mixin.py:190} INFO - [2026-08-30T14:19:18.385+0000] {dagbag.py:588} INFO - Filling up the DagBag from /opt/airflow/dags/01_hello_dag.py
[2026-08-30T14:19:18.392+0000] {processor.py:925} INFO - DAG(s) 'hello_dag' retrieved from /opt/airflow/dags/01_hello_dag.py
[2026-08-30T14:19:18.408+0000] {logging_mixin.py:190} INFO - [2026-08-30T14:19:18.408+0000] {dag.py:3239} INFO - Sync 1 DAGs
[2026-08-30T14:19:18.416+0000] {logging_mixin.py:190} INFO - [2026-08-30T14:19:18.416+0000] {dag.py:4180} INFO - Setting next_dagrun for hello_dag to None, run_after=None
[2026-08-30T14:19:18.424+0000] {processor.py:208} INFO - Processing /opt/airflow/dags/01_hello_dag.py took 0.047 seconds
[2026-08-30T14:19:49.277+0000] {processor.py:186} INFO - Started process (PID=1597) to work on /opt/airflow/dags/01_hello_dag.py
[2026-08-30T14:19:49.278+0000] {processor.py:914} INFO - Processing file /opt/airflow/dags/01_hello_dag.py for tasks to queue
[2026-08-30T14:19:49.279+0000] {logging_mixin.py:190} INFO - [2026-08-30T14:19:49.279+0000] {dagbag.py:588} INFO - Filling up the DagBag from /opt/airflow/dags/01_hello_dag.py
[2026-08-30T14:19:49.286+0000] {processor.py:925} INFO - DAG(s) 'hello_dag' retrieved from /opt/airflow/dags/01_hello_dag.py
[2026-08-30T14:19:49.301+0000] {logging_mixin.py:190} INFO - [2026-08-30T14:19:49.301+0000] {dag.py:3239} INFO - Sync 1 DAGs
[2026-08-30T14:19:49.309+0000] {logging_mixin.py:190} INFO - [2026-08-30T14:19:49.309+0000] {dag.py:4180} INFO - Setting next_dagrun for hello_dag to None, run_after=None
[2026-08-30T14:19:49.317+0000] {processor.py:208} INFO - Processing /opt/airflow/dags/01_hello_dag.py took 0.044 seconds
[2026-08-30T14:20:20.099+0000] {processor.py:186} INFO - Started process (PID=1609) to work on /opt/airflow/dags/01_hello_dag.py
[2026-08-30T14:20:20.099+0000] {processor.py:914} INFO - Processing file /opt/airflow/dags/01_hello_dag.py for tasks to queue
[2026-08-30T14:20:20.100+0000] {logging_mixin.py:190} INFO - [2026-08-30T14:20:20.100+0000] {dagbag.py:588} INFO - Filling up the DagBag from /opt/airflow/dags/01_hello_dag.py
[2026-08-30T14:20:20.106+0000] {processor.py:925} INFO - DAG(s) 'hello_dag' retrieved from /opt/airflow/dags/01_hello_dag.py
[2026-08-30T14:20:20.121+0000] {logging_mixin.py:190} INFO - [2026-08-30T14:20:20.121+0000] {dag.py:3239} INFO - Sync 1 DAGs
[2026-08-30T14:20:20.127+0000] {logging_mixin.py:190} INFO - [2026-08-30T14:20:20.127+0000] {dag.py:4180} INFO - Setting next_dagrun for hello_dag to None, run_after=None
[2026-08-30T14:20:20.135+0000] {processor.py:208} INFO - Processing /opt/airflow/dags/01_hello_dag.py took 0.040 seconds
[2026-08-30T14:20:51.037+0000] {processor.py:186} INFO - Started process (PID=1621) to work on /opt/airflow/dags/01_hello_dag.py
[2026-08-30T14:20:51.038+0000] {processor.py:914} INFO - Processing file /opt/airflow/dags/01_hello_dag.py for tasks to queue
[2026-08-30T14:20:51.039+0000] {logging_mixin.py:190} INFO - [2026-08-30T14:20:51.039+0000] {dagbag.py:588} INFO - Filling up the DagBag from /opt/airflow/dags/01_hello_dag.py
[2026-08-30T14:20:51.047+0000] {processor.py:925} INFO - DAG(s) 'hello_dag' retrieved from /opt/airflow/dags/01_hello_dag.py
[2026-08-30T14:20:51.065+0000] {logging_mixin.py:190} INFO - [2026-08-30T14:20:51.065+0000] {dag.py:3239} INFO - Sync 1 DAGs
[2026-08-30T14:20:51.072+0000] {logging_mixin.py:190} INFO - [2026-08-30T14:20:51.072+0000] {dag.py:4180} INFO - Setting next_dagrun for hello_dag to None, run_after=None
[2026-08-30T14:20:51.080+0000] {processor.py:208} INFO - Processing /opt/airflow/dags/01_hello_dag.py took 0.048 seconds
[2026-08-30T14:21:21.786+0000] {processor.py:186} INFO - Started process (PID=1633) to work on /opt/airflow/dags/01_hello_dag.py
[2026-08-30T14:21:21.787+0000] {processor.py:914} INFO - Processing file /opt/airflow/dags/01_hello_dag.py for tasks to queue
[2026-08-30T14:21:21.788+0000] {logging_mixin.py:190} INFO - [2026-08-30T14:21:21.788+0000] {dagbag.py:588} INFO - Filling up the DagBag from /opt/airflow/dags/01_hello_dag.py
[2026-08-30T14:21:21.794+0000] {processor.py:925} INFO - DAG(s) 'hello_dag' retrieved from /opt/airflow/dags/01_hello_dag.py
[2026-08-30T14:21:21.810+0000] {logging_mixin.py:190} INFO - [2026-08-30T14:21:21.810+0000] {dag.py:3239} INFO - Sync 1 DAGs
[2026-08-30T14:21:21.817+0000] {logging_mixin.py:190} INFO - [2026-08-30T14:21:21.817+0000] {dag.py:4180} INFO - Setting next_dagrun for hello_dag to None, run_after=None
[2026-08-30T14:21:21.825+0000] {processor.py:208} INFO - Processing /opt/airflow/dags/01_hello_dag.py took 0.042 seconds
[2026-08-30T14:21:52.524+0000] {processor.py:186} INFO - Started process (PID=1645) to work on /opt/airflow/dags/01_hello_dag.py
[2026-08-30T14:21:52.524+0000] {processor.py:914} INFO - Processing file /opt/airflow/dags/01_hello_dag.py for tasks to queue
[2026-08-30T14:21:52.526+0000] {logging_mixin.py:190} INFO - [2026-08-30T14:21:52.526+0000] {dagbag.py:588} INFO - Filling up the DagBag from /opt/airflow/dags/01_hello_dag.py
[2026-08-30T14:21:52.531+0000] {processor.py:925} INFO - DAG(s) 'hello_dag' retrieved from /opt/airflow/dags/01_hello_dag.py
[2026-08-30T14:21:52.547+0000] {logging_mixin.py:190} INFO - [2026-08-30T14:21:52.547+0000] {dag.py:3239} INFO - Sync 1 DAGs
[2026-08-30T14:21:52.554+0000] {logging_mixin.py:190} INFO - [2026-08-30T14:21:52.554+0000] {dag.py:4180} INFO - Setting next_dagrun for hello_dag to None, run_after=None
[2026-08-30T14:21:52.566+0000] {processor.py:208} INFO - Processing /opt/airflow/dags/01_hello_dag.py took 0.047 seconds
[2026-08-30T14:22:23.326+0000] {processor.py:186} INFO - Started process (PID=1663) to work on /opt/airflow/dags/01_hello_dag.py
[2026-08-30T14:22:23.328+0000] {processor.py:914} INFO - Processing file /opt/airflow/dags/01_hello_dag.py for tasks to queue
[2026-08-30T14:22:23.331+0000] {logging_mixin.py:190} INFO - [2026-08-30T14:22:23.331+0000] {dagbag.py:588} INFO - Filling up the DagBag from /opt/airflow/dags/01_hello_dag.py
[2026-08-30T14:22:23.341+0000] {processor.py:925} INFO - DAG(s) 'hello_dag' retrieved from /opt/airflow/dags/01_hello_dag.py
[2026-08-30T14:22:23.363+0000] {logging_mixin.py:190} INFO - [2026-08-30T14:22:23.363+0000] {dag.py:3239} INFO - Sync 1 DAGs
[2026-08-30T14:22:23.371+0000] {logging_mixin.py:190} INFO - [2026-08-30T14:22:23.371+0000] {dag.py:4180} INFO - Setting next_dagrun for hello_dag to None, run_after=None
[2026-08-30T14:22:23.381+0000] {processor.py:208} INFO - Processing /opt/airflow/dags/01_hello_dag.py took 0.064 seconds
[2026-08-30T14:22:54.139+0000] {processor.py:186} INFO - Started process (PID=1675) to work on /opt/airflow/dags/01_hello_dag.py
[2026-08-30T14:22:54.140+0000] {processor.py:914} INFO - Processing file /opt/airflow/dags/01_hello_dag.py for tasks to queue
[2026-08-30T14:22:54.141+0000] {logging_mixin.py:190} INFO - [2026-08-30T14:22:54.141+0000] {dagbag.py:588} INFO - Filling up the DagBag from /opt/airflow/dags/01_hello_dag.py
[2026-08-30T14:22:54.148+0000] {processor.py:925} INFO - DAG(s) 'hello_dag' retrieved from /opt/airflow/dags/01_hello_dag.py
[2026-08-30T14:22:54.164+0000] {logging_mixin.py:190} INFO - [2026-08-30T14:22:54.164+0000] {dag.py:3239} INFO - Sync 1 DAGs
[2026-08-30T14:22:54.172+0000] {logging_mixin.py:190} INFO - [2026-08-30T14:22:54.172+0000] {dag.py:4180} INFO - Setting next_dagrun for hello_dag to None, run_after=None
[2026-08-30T14:22:54.180+0000] {processor.py:208} INFO - Processing /opt/airflow/dags/01_hello_dag.py took 0.047 seconds
[2026-08-30T14:23:24.889+0000] {processor.py:186} INFO - Started process (PID=1687) to work on /opt/airflow/dags/01_hello_dag.py
[2026-08-30T14:23:24.890+0000] {processor.py:914} INFO - Processing file /opt/airflow/dags/01_hello_dag.py for tasks to queue
[2026-08-30T14:23:24.891+0000] {logging_mixin.py:190} INFO - [2026-08-30T14:23:24.891+0000] {dagbag.py:588} INFO - Filling up the DagBag from /opt/airflow/dags/01_hello_dag.py
[2026-08-30T14:23:24.897+0000] {processor.py:925} INFO - DAG(s) 'hello_dag' retrieved from /opt/airflow/dags/01_hello_dag.py
[2026-08-30T14:23:24.911+0000] {logging_mixin.py:190} INFO - [2026-08-30T14:23:24.911+0000] {dag.py:3239} INFO - Sync 1 DAGs
[2026-08-30T14:23:24.917+0000] {logging_mixin.py:190} INFO - [2026-08-30T14:23:24.917+0000] {dag.py:4180} INFO - Setting next_dagrun for hello_dag to None, run_after=None
[2026-08-30T14:23:24.925+0000] {processor.py:208} INFO - Processing /opt/airflow/dags/01_hello_dag.py took 0.040 seconds
[2026-08-30T14:23:55.669+0000] {processor.py:186} INFO - Started process (PID=1699) to work on /opt/airflow/dags/01_hello_dag.py
[2026-08-30T14:23:55.670+0000] {processor.py:914} INFO - Processing file /opt/airflow/dags/01_hello_dag.py for tasks to queue
[2026-08-30T14:23:55.671+0000] {logging_mixin.py:190} INFO - [2026-08-30T14:23:55.671+0000] {dagbag.py:588} INFO - Filling up the DagBag from /opt/airflow/dags/01_hello_dag.py
[2026-08-30T14:23:55.678+0000] {processor.py:925} INFO - DAG(s) 'hello_dag' retrieved from /opt/airflow/dags/01_hello_dag.py
[2026-08-30T14:23:55.693+0000] {logging_mixin.py:190} INFO - [2026-08-30T14:23:55.693+0000] {dag.py:3239} INFO - Sync 1 DAGs
[2026-08-30T14:23:55.700+0000] {logging_mixin.py:190} INFO - [2026-08-30T14:23:55.700+0000] {dag.py:4180} INFO - Setting next_dagrun for hello_dag to None, run_after=None
[2026-08-30T14:23:55.708+0000] {processor.py:208} INFO - Processing /opt/airflow/dags/01_hello_dag.py took 0.042 seconds
[2026-08-30T14:24:26.442+0000] {processor.py:186} INFO - Started process (PID=1711) to work on /opt/airflow/dags/01_hello_dag.py
[2026-08-30T14:24:26.443+0000] {processor.py:914} INFO - Processing file /opt/airflow/dags/01_hello_dag.py for tasks to queue
[2026-08-30T14:24:26.444+0000] {logging_mixin.py:190} INFO - [2026-08-30T14:24:26.444+0000] {dagbag.py:588} INFO - Filling up the DagBag from /opt/airflow/dags/01_hello_dag.py
[2026-08-30T14:24:26.450+0000] {processor.py:925} INFO - DAG(s) 'hello_dag' retrieved from /opt/airflow/dags/01_hello_dag.py
[2026-08-30T14:24:26.466+0000] {logging_mixin.py:190} INFO - [2026-08-30T14:24:26.466+0000] {dag.py:3239} INFO - Sync 1 DAGs
[2026-08-30T14:24:26.477+0000] {logging_mixin.py:190} INFO - [2026-08-30T14:24:26.477+0000] {dag.py:4180} INFO - Setting next_dagrun for hello_dag to None, run_after=None
[2026-08-30T14:24:26.487+0000] {processor.py:208} INFO - Processing /opt/airflow/dags/01_hello_dag.py took 0.050 seconds
[2026-08-30T14:24:57.222+0000] {processor.py:186} INFO - Started process (PID=1723) to work on /opt/airflow/dags/01_hello_dag.py
[2026-08-30T14:24:57.222+0000] {processor.py:914} INFO - Processing file /opt/airflow/dags/01_hello_dag.py for tasks to queue
[2026-08-30T14:24:57.224+0000] {logging_mixin.py:190} INFO - [2026-08-30T14:24:57.224+0000] {dagbag.py:588} INFO - Filling up the DagBag from /opt/airflow/dags/01_hello_dag.py
[2026-08-30T14:24:57.230+0000] {processor.py:925} INFO - DAG(s) 'hello_dag' retrieved from /opt/airflow/dags/01_hello_dag.py
[2026-08-30T14:24:57.249+0000] {logging_mixin.py:190} INFO - [2026-08-30T14:24:57.249+0000] {dag.py:3239} INFO - Sync 1 DAGs
[2026-08-30T14:24:57.256+0000] {logging_mixin.py:190} INFO - [2026-08-30T14:24:57.256+0000] {dag.py:4180} INFO - Setting next_dagrun for hello_dag to None, run_after=None
[2026-08-30T14:24:57.265+0000] {processor.py:208} INFO - Processing /opt/airflow/dags/01_hello_dag.py took 0.046 seconds
[2026-08-30T14:25:28.010+0000] {processor.py:186} INFO - Started process (PID=1735) to work on /opt/airflow/dags/01_hello_dag.py
[2026-08-30T14:25:28.012+0000] {processor.py:914} INFO - Processing file /opt/airflow/dags/01_hello_dag.py for tasks to queue
[2026-08-30T14:25:28.014+0000] {logging_mixin.py:190} INFO - [2026-08-30T14:25:28.014+0000] {dagbag.py:588} INFO - Filling up the DagBag from /opt/airflow/dags/01_hello_dag.py
[2026-08-30T14:25:28.021+0000] {processor.py:925} INFO - DAG(s) 'hello_dag' retrieved from /opt/airflow/dags/01_hello_dag.py
[2026-08-30T14:25:28.036+0000] {logging_mixin.py:190} INFO - [2026-08-30T14:25:28.036+0000] {dag.py:3239} INFO - Sync 1 DAGs
[2026-08-30T14:25:28.043+0000] {logging_mixin.py:190} INFO - [2026-08-30T14:25:28.043+0000] {dag.py:4180} INFO - Setting next_dagrun for hello_dag to None, run_after=None
[2026-08-30T14:25:28.051+0000] {processor.py:208} INFO - Processing /opt/airflow/dags/01_hello_dag.py took 0.048 seconds
[2026-08-30T14:25:58.798+0000] {processor.py:186} INFO - Started process (PID=1747) to work on /opt/airflow/dags/01_hello_dag.py
[2026-08-30T14:25:58.799+0000] {processor.py:914} INFO - Processing file /opt/airflow/dags/01_hello_dag.py for tasks to queue
[2026-08-30T14:25:58.801+0000] {logging_mixin.py:190} INFO - [2026-08-30T14:25:58.800+0000] {dagbag.py:588} INFO - Filling up the DagBag from /opt/airflow/dags/01_hello_dag.py
[2026-08-30T14:25:58.808+0000] {processor.py:925} INFO - DAG(s) 'hello_dag' retrieved from /opt/airflow/dags/01_hello_dag.py
[2026-08-30T14:25:58.824+0000] {logging_mixin.py:190} INFO - [2026-08-30T14:25:58.824+0000] {dag.py:3239} INFO - Sync 1 DAGs
[2026-08-30T14:25:58.831+0000] {logging_mixin.py:190} INFO - [2026-08-30T14:25:58.831+0000] {dag.py:4180} INFO - Setting next_dagrun for hello_dag to None, run_after=None
[2026-08-30T14:25:58.839+0000] {processor.py:208} INFO - Processing /opt/airflow/dags/01_hello_dag.py took 0.045 seconds
[2026-08-30T14:26:29.704+0000] {processor.py:186} INFO - Started process (PID=1759) to work on /opt/airflow/dags/01_hello_dag.py
[2026-08-30T14:26:29.705+0000] {processor.py:914} INFO - Processing file /opt/airflow/dags/01_hello_dag.py for tasks to queue
[2026-08-30T14:26:29.707+0000] {logging_mixin.py:190} INFO - [2026-08-30T14:26:29.706+0000] {dagbag.py:588} INFO - Filling up the DagBag from /opt/airflow/dags/01_hello_dag.py
[2026-08-30T14:26:29.716+0000] {processor.py:925} INFO - DAG(s) 'hello_dag' retrieved from /opt/airflow/dags/01_hello_dag.py
[2026-08-30T14:26:29.734+0000] {logging_mixin.py:190} INFO - [2026-08-30T14:26:29.734+0000] {dag.py:3239} INFO - Sync 1 DAGs
[2026-08-30T14:26:29.740+0000] {logging_mixin.py:190} INFO - [2026-08-30T14:26:29.740+0000] {dag.py:4180} INFO - Setting next_dagrun for hello_dag to None, run_after=None
[2026-08-30T14:26:29.748+0000] {processor.py:208} INFO - Processing /opt/airflow/dags/01_hello_dag.py took 0.050 seconds
[2026-08-30T14:27:00.575+0000] {processor.py:186} INFO - Started process (PID=1771) to work on /opt/airflow/dags/01_hello_dag.py
[2026-08-30T14:27:00.576+0000] {processor.py:914} INFO - Processing file /opt/airflow/dags/01_hello_dag.py for tasks to queue
[2026-08-30T14:27:00.577+0000] {logging_mixin.py:190} INFO - [2026-08-30T14:27:00.577+0000] {dagbag.py:588} INFO - Filling up the DagBag from /opt/airflow/dags/01_hello_dag.py
[2026-08-30T14:27:00.583+0000] {processor.py:925} INFO - DAG(s) 'hello_dag' retrieved from /opt/airflow/dags/01_hello_dag.py
[2026-08-30T14:27:00.600+0000] {logging_mixin.py:190} INFO - [2026-08-30T14:27:00.600+0000] {dag.py:3239} INFO - Sync 1 DAGs
[2026-08-30T14:27:00.607+0000] {logging_mixin.py:190} INFO - [2026-08-30T14:27:00.607+0000] {dag.py:4180} INFO - Setting next_dagrun for hello_dag to None, run_after=None
[2026-08-30T14:27:00.621+0000] {processor.py:208} INFO - Processing /opt/airflow/dags/01_hello_dag.py took 0.049 seconds
[2026-08-30T14:27:31.396+0000] {processor.py:186} INFO - Started process (PID=1783) to work on /opt/airflow/dags/01_hello_dag.py
[2026-08-30T14:27:31.397+0000] {processor.py:914} INFO - Processing file /opt/airflow/dags/01_hello_dag.py for tasks to queue
[2026-08-30T14:27:31.399+0000] {logging_mixin.py:190} INFO - [2026-08-30T14:27:31.398+0000] {dagbag.py:588} INFO - Filling up the DagBag from /opt/airflow/dags/01_hello_dag.py
[2026-08-30T14:27:31.404+0000] {processor.py:925} INFO - DAG(s) 'hello_dag' retrieved from /opt/airflow/dags/01_hello_dag.py
[2026-08-30T14:27:31.424+0000] {logging_mixin.py:190} INFO - [2026-08-30T14:27:31.424+0000] {dag.py:3239} INFO - Sync 1 DAGs
[2026-08-30T14:27:31.434+0000] {logging_mixin.py:190} INFO - [2026-08-30T14:27:31.434+0000] {dag.py:4180} INFO - Setting next_dagrun for hello_dag to None, run_after=None
[2026-08-30T14:27:31.446+0000] {processor.py:208} INFO - Processing /opt/airflow/dags/01_hello_dag.py took 0.055 seconds
[2026-08-30T14:28:02.121+0000] {processor.py:186} INFO - Started process (PID=1795) to work on /opt/airflow/dags/01_hello_dag.py
[2026-08-30T14:28:02.122+0000] {processor.py:914} INFO - Processing file /opt/airflow/dags/01_hello_dag.py for tasks to queue
[2026-08-30T14:28:02.123+0000] {logging_mixin.py:190} INFO - [2026-08-30T14:28:02.123+0000] {dagbag.py:588} INFO - Filling up the DagBag from /opt/airflow/dags/01_hello_dag.py
[2026-08-30T14:28:02.129+0000] {processor.py:925} INFO - DAG(s) 'hello_dag' retrieved from /opt/airflow/dags/01_hello_dag.py
[2026-08-30T14:28:02.144+0000] {logging_mixin.py:190} INFO - [2026-08-30T14:28:02.144+0000] {dag.py:3239} INFO - Sync 1 DAGs
[2026-08-30T14:28:02.151+0000] {logging_mixin.py:190} INFO - [2026-08-30T14:28:02.150+0000] {dag.py:4180} INFO - Setting next_dagrun for hello_dag to None, run_after=None
[2026-08-30T14:28:02.159+0000] {processor.py:208} INFO - Processing /opt/airflow/dags/01_hello_dag.py took 0.045 seconds
[2026-08-30T14:28:32.884+0000] {processor.py:186} INFO - Started process (PID=1807) to work on /opt/airflow/dags/01_hello_dag.py
[2026-08-30T14:28:32.885+0000] {processor.py:914} INFO - Processing file /opt/airflow/dags/01_hello_dag.py for tasks to queue
[2026-08-30T14:28:32.886+0000] {logging_mixin.py:190} INFO - [2026-08-30T14:28:32.886+0000] {dagbag.py:588} INFO - Filling up the DagBag from /opt/airflow/dags/01_hello_dag.py
[2026-08-30T14:28:32.894+0000] {processor.py:925} INFO - DAG(s) 'hello_dag' retrieved from /opt/airflow/dags/01_hello_dag.py
[2026-08-30T14:28:32.912+0000] {logging_mixin.py:190} INFO - [2026-08-30T14:28:32.911+0000] {dag.py:3239} INFO - Sync 1 DAGs
[2026-08-30T14:28:32.918+0000] {logging_mixin.py:190} INFO - [2026-08-30T14:28:32.918+0000] {dag.py:4180} INFO - Setting next_dagrun for hello_dag to None, run_after=None
[2026-08-30T14:28:32.928+0000] {processor.py:208} INFO - Processing /opt/airflow/dags/01_hello_dag.py took 0.049 seconds
[2026-08-30T14:29:03.770+0000] {processor.py:186} INFO - Started process (PID=1819) to work on /opt/airflow/dags/01_hello_dag.py
[2026-08-30T14:29:03.771+0000] {processor.py:914} INFO - Processing file /opt/airflow/dags/01_hello_dag.py for tasks to queue
[2026-08-30T14:29:03.772+0000] {logging_mixin.py:190} INFO - [2026-08-30T14:29:03.772+0000] {dagbag.py:588} INFO - Filling up the DagBag from /opt/airflow/dags/01_hello_dag.py
[2026-08-30T14:29:03.778+0000] {processor.py:925} INFO - DAG(s) 'hello_dag' retrieved from /opt/airflow/dags/01_hello_dag.py
[2026-08-30T14:29:03.793+0000] {logging_mixin.py:190} INFO - [2026-08-30T14:29:03.793+0000] {dag.py:3239} INFO - Sync 1 DAGs
[2026-08-30T14:29:03.800+0000] {logging_mixin.py:190} INFO - [2026-08-30T14:29:03.800+0000] {dag.py:4180} INFO - Setting next_dagrun for hello_dag to None, run_after=None
[2026-08-30T14:29:03.807+0000] {processor.py:208} INFO - Processing /opt/airflow/dags/01_hello_dag.py took 0.041 seconds
[2026-08-30T14:29:34.482+0000] {processor.py:186} INFO - Started process (PID=1831) to work on /opt/airflow/dags/01_hello_dag.py
[2026-08-30T14:29:34.483+0000] {processor.py:914} INFO - Processing file /opt/airflow/dags/01_hello_dag.py for tasks to queue
[2026-08-30T14:29:34.486+0000] {logging_mixin.py:190} INFO - [2026-08-30T14:29:34.485+0000] {dagbag.py:588} INFO - Filling up the DagBag from /opt/airflow/dags/01_hello_dag.py
[2026-08-30T14:29:34.494+0000] {processor.py:925} INFO - DAG(s) 'hello_dag' retrieved from /opt/airflow/dags/01_hello_dag.py
[2026-08-30T14:29:34.510+0000] {logging_mixin.py:190} INFO - [2026-08-30T14:29:34.510+0000] {dag.py:3239} INFO - Sync 1 DAGs
[2026-08-30T14:29:34.516+0000] {logging_mixin.py:190} INFO - [2026-08-30T14:29:34.516+0000] {dag.py:4180} INFO - Setting next_dagrun for hello_dag to None, run_after=None
[2026-08-30T14:29:34.524+0000] {processor.py:208} INFO - Processing /opt/airflow/dags/01_hello_dag.py took 0.048 seconds
[2026-08-30T14:30:05.427+0000] {processor.py:186} INFO - Started process (PID=1843) to work on /opt/airflow/dags/01_hello_dag.py
[2026-08-30T14:30:05.428+0000] {processor.py:914} INFO - Processing file /opt/airflow/dags/01_hello_dag.py for tasks to queue
[2026-08-30T14:30:05.429+0000] {logging_mixin.py:190} INFO - [2026-08-30T14:30:05.429+0000] {dagbag.py:588} INFO - Filling up the DagBag from /opt/airflow/dags/01_hello_dag.py
[2026-08-30T14:30:05.437+0000] {processor.py:925} INFO - DAG(s) 'hello_dag' retrieved from /opt/airflow/dags/01_hello_dag.py
[2026-08-30T14:30:05.456+0000] {logging_mixin.py:190} INFO - [2026-08-30T14:30:05.456+0000] {dag.py:3239} INFO - Sync 1 DAGs
[2026-08-30T14:30:05.463+0000] {logging_mixin.py:190} INFO - [2026-08-30T14:30:05.463+0000] {dag.py:4180} INFO - Setting next_dagrun for hello_dag to None, run_after=None
[2026-08-30T14:30:05.471+0000] {processor.py:208} INFO - Processing /opt/airflow/dags/01_hello_dag.py took 0.047 seconds
[2026-08-30T14:30:36.089+0000] {processor.py:186} INFO - Started process (PID=1855) to work on /opt/airflow/dags/01_hello_dag.py
[2026-08-30T14:30:36.092+0000] {processor.py:914} INFO - Processing file /opt/airflow/dags/01_hello_dag.py for tasks to queue
[2026-08-30T14:30:36.093+0000] {logging_mixin.py:190} INFO - [2026-08-30T14:30:36.093+0000] {dagbag.py:588} INFO - Filling up the DagBag from /opt/airflow/dags/01_hello_dag.py
[2026-08-30T14:30:36.105+0000] {processor.py:925} INFO - DAG(s) 'hello_dag' retrieved from /opt/airflow/dags/01_hello_dag.py
[2026-08-30T14:30:36.124+0000] {logging_mixin.py:190} INFO - [2026-08-30T14:30:36.124+0000] {dag.py:3239} INFO - Sync 1 DAGs
[2026-08-30T14:30:36.133+0000] {logging_mixin.py:190} INFO - [2026-08-30T14:30:36.133+0000] {dag.py:4180} INFO - Setting next_dagrun for hello_dag to None, run_after=None
[2026-08-30T14:30:36.146+0000] {processor.py:208} INFO - Processing /opt/airflow/dags/01_hello_dag.py took 0.063 seconds
[2026-08-30T14:31:06.784+0000] {processor.py:186} INFO - Started process (PID=1866) to work on /opt/airflow/dags/01_hello_dag.py
[2026-08-30T14:31:06.785+0000] {processor.py:914} INFO - Processing file /opt/airflow/dags/01_hello_dag.py for tasks to queue
[2026-08-30T14:31:06.787+0000] {logging_mixin.py:190} INFO - [2026-08-30T14:31:06.787+0000] {dagbag.py:588} INFO - Filling up the DagBag from /opt/airflow/dags/01_hello_dag.py
[2026-08-30T14:31:06.797+0000] {processor.py:925} INFO - DAG(s) 'hello_dag' retrieved from /opt/airflow/dags/01_hello_dag.py
[2026-08-30T14:31:06.818+0000] {logging_mixin.py:190} INFO - [2026-08-30T14:31:06.818+0000] {dag.py:3239} INFO - Sync 1 DAGs
[2026-08-30T14:31:06.830+0000] {logging_mixin.py:190} INFO - [2026-08-30T14:31:06.830+0000] {dag.py:4180} INFO - Setting next_dagrun for hello_dag to None, run_after=None
[2026-08-30T14:31:06.844+0000] {processor.py:208} INFO - Processing /opt/airflow/dags/01_hello_dag.py took 0.066 seconds
[2026-08-30T14:31:37.599+0000] {processor.py:186} INFO - Started process (PID=1878) to work on /opt/airflow/dags/01_hello_dag.py
[2026-08-30T14:31:37.601+0000] {processor.py:914} INFO - Processing file /opt/airflow/dags/01_hello_dag.py for tasks to queue
[2026-08-30T14:31:37.602+0000] {logging_mixin.py:190} INFO - [2026-08-30T14:31:37.602+0000] {dagbag.py:588} INFO - Filling up the DagBag from /opt/airflow/dags/01_hello_dag.py
[2026-08-30T14:31:37.612+0000] {processor.py:925} INFO - DAG(s) 'hello_dag' retrieved from /opt/airflow/dags/01_hello_dag.py
[2026-08-30T14:31:37.633+0000] {logging_mixin.py:190} INFO - [2026-08-30T14:31:37.633+0000] {dag.py:3239} INFO - Sync 1 DAGs
[2026-08-30T14:31:37.642+0000] {logging_mixin.py:190} INFO - [2026-08-30T14:31:37.642+0000] {dag.py:4180} INFO - Setting next_dagrun for hello_dag to None, run_after=None
[2026-08-30T14:31:37.655+0000] {processor.py:208} INFO - Processing /opt/airflow/dags/01_hello_dag.py took 0.060 seconds
[2026-08-30T14:32:08.651+0000] {processor.py:186} INFO - Started process (PID=1890) to work on /opt/airflow/dags/01_hello_dag.py
[2026-08-30T14:32:08.652+0000] {processor.py:914} INFO - Processing file /opt/airflow/dags/01_hello_dag.py for tasks to queue
[2026-08-30T14:32:08.653+0000] {logging_mixin.py:190} INFO - [2026-08-30T14:32:08.653+0000] {dagbag.py:588} INFO - Filling up the DagBag from /opt/airflow/dags/01_hello_dag.py
[2026-08-30T14:32:08.660+0000] {processor.py:925} INFO - DAG(s) 'hello_dag' retrieved from /opt/airflow/dags/01_hello_dag.py
[2026-08-30T14:32:08.676+0000] {logging_mixin.py:190} INFO - [2026-08-30T14:32:08.676+0000] {dag.py:3239} INFO - Sync 1 DAGs
[2026-08-30T14:32:08.683+0000] {logging_mixin.py:190} INFO - [2026-08-30T14:32:08.683+0000] {dag.py:4180} INFO - Setting next_dagrun for hello_dag to None, run_after=None
[2026-08-30T14:32:08.690+0000] {processor.py:208} INFO - Processing /opt/airflow/dags/01_hello_dag.py took 0.045 seconds
[2026-08-30T14:32:39.494+0000] {processor.py:186} INFO - Started process (PID=1902) to work on /opt/airflow/dags/01_hello_dag.py
[2026-08-30T14:32:39.495+0000] {processor.py:914} INFO - Processing file /opt/airflow/dags/01_hello_dag.py for tasks to queue
[2026-08-30T14:32:39.495+0000] {logging_mixin.py:190} INFO - [2026-08-30T14:32:39.495+0000] {dagbag.py:588} INFO - Filling up the DagBag from /opt/airflow/dags/01_hello_dag.py
[2026-08-30T14:32:39.501+0000] {processor.py:925} INFO - DAG(s) 'hello_dag' retrieved from /opt/airflow/dags/01_hello_dag.py
[2026-08-30T14:32:39.516+0000] {logging_mixin.py:190} INFO - [2026-08-30T14:32:39.516+0000] {dag.py:3239} INFO - Sync 1 DAGs
[2026-08-30T14:32:39.524+0000] {logging_mixin.py:190} INFO - [2026-08-30T14:32:39.523+0000] {dag.py:4180} INFO - Setting next_dagrun for hello_dag to None, run_after=None
[2026-08-30T14:32:39.531+0000] {processor.py:208} INFO - Processing /opt/airflow/dags/01_hello_dag.py took 0.040 seconds
[2026-08-30T14:33:10.331+0000] {processor.py:186} INFO - Started process (PID=1914) to work on /opt/airflow/dags/01_hello_dag.py
[2026-08-30T14:33:10.332+0000] {processor.py:914} INFO - Processing file /opt/airflow/dags/01_hello_dag.py for tasks to queue
[2026-08-30T14:33:10.333+0000] {logging_mixin.py:190} INFO - [2026-08-30T14:33:10.333+0000] {dagbag.py:588} INFO - Filling up the DagBag from /opt/airflow/dags/01_hello_dag.py
[2026-08-30T14:33:10.342+0000] {processor.py:925} INFO - DAG(s) 'hello_dag' retrieved from /opt/airflow/dags/01_hello_dag.py
[2026-08-30T14:33:10.365+0000] {logging_mixin.py:190} INFO - [2026-08-30T14:33:10.364+0000] {dag.py:3239} INFO - Sync 1 DAGs
[2026-08-30T14:33:10.374+0000] {logging_mixin.py:190} INFO - [2026-08-30T14:33:10.374+0000] {dag.py:4180} INFO - Setting next_dagrun for hello_dag to None, run_after=None
[2026-08-30T14:33:10.396+0000] {processor.py:208} INFO - Processing /opt/airflow/dags/01_hello_dag.py took 0.070 seconds
[2026-08-30T14:33:41.211+0000] {processor.py:186} INFO - Started process (PID=1927) to work on /opt/airflow/dags/01_hello_dag.py
[2026-08-30T14:33:41.211+0000] {processor.py:914} INFO - Processing file /opt/airflow/dags/01_hello_dag.py for tasks to queue
[2026-08-30T14:33:41.212+0000] {logging_mixin.py:190} INFO - [2026-08-30T14:33:41.212+0000] {dagbag.py:588} INFO - Filling up the DagBag from /opt/airflow/dags/01_hello_dag.py
[2026-08-30T14:33:41.223+0000] {processor.py:925} INFO - DAG(s) 'hello_dag' retrieved from /opt/airflow/dags/01_hello_dag.py
[2026-08-30T14:33:41.246+0000] {logging_mixin.py:190} INFO - [2026-08-30T14:33:41.246+0000] {dag.py:3239} INFO - Sync 1 DAGs
[2026-08-30T14:33:41.255+0000] {logging_mixin.py:190} INFO - [2026-08-30T14:33:41.255+0000] {dag.py:4180} INFO - Setting next_dagrun for hello_dag to None, run_after=None
[2026-08-30T14:33:41.267+0000] {processor.py:208} INFO - Processing /opt/airflow/dags/01_hello_dag.py took 0.065 seconds
[2026-08-30T14:34:11.879+0000] {processor.py:186} INFO - Started process (PID=1939) to work on /opt/airflow/dags/01_hello_dag.py
[2026-08-30T14:34:11.880+0000] {processor.py:914} INFO - Processing file /opt/airflow/dags/01_hello_dag.py for tasks to queue
[2026-08-30T14:34:11.881+0000] {logging_mixin.py:190} INFO - [2026-08-30T14:34:11.880+0000] {dagbag.py:588} INFO - Filling up the DagBag from /opt/airflow/dags/01_hello_dag.py
[2026-08-30T14:34:11.895+0000] {processor.py:925} INFO - DAG(s) 'hello_dag' retrieved from /opt/airflow/dags/01_hello_dag.py
[2026-08-30T14:34:11.921+0000] {logging_mixin.py:190} INFO - [2026-08-30T14:34:11.921+0000] {dag.py:3239} INFO - Sync 1 DAGs
[2026-08-30T14:34:11.935+0000] {logging_mixin.py:190} INFO - [2026-08-30T14:34:11.935+0000] {dag.py:4180} INFO - Setting next_dagrun for hello_dag to None, run_after=None
[2026-08-30T14:34:11.947+0000] {processor.py:208} INFO - Processing /opt/airflow/dags/01_hello_dag.py took 0.072 seconds
[2026-08-30T14:34:42.712+0000] {processor.py:186} INFO - Started process (PID=1951) to work on /opt/airflow/dags/01_hello_dag.py
[2026-08-30T14:34:42.713+0000] {processor.py:914} INFO - Processing file /opt/airflow/dags/01_hello_dag.py for tasks to queue
[2026-08-30T14:34:42.714+0000] {logging_mixin.py:190} INFO - [2026-08-30T14:34:42.714+0000] {dagbag.py:588} INFO - Filling up the DagBag from /opt/airflow/dags/01_hello_dag.py
[2026-08-30T14:34:42.726+0000] {processor.py:925} INFO - DAG(s) 'hello_dag' retrieved from /opt/airflow/dags/01_hello_dag.py
[2026-08-30T14:34:42.747+0000] {logging_mixin.py:190} INFO - [2026-08-30T14:34:42.746+0000] {dag.py:3239} INFO - Sync 1 DAGs
[2026-08-30T14:34:42.759+0000] {logging_mixin.py:190} INFO - [2026-08-30T14:34:42.759+0000] {dag.py:4180} INFO - Setting next_dagrun for hello_dag to None, run_after=None
[2026-08-30T14:34:42.773+0000] {processor.py:208} INFO - Processing /opt/airflow/dags/01_hello_dag.py took 0.065 seconds
[2026-08-30T14:35:13.472+0000] {processor.py:186} INFO - Started process (PID=1963) to work on /opt/airflow/dags/01_hello_dag.py
[2026-08-30T14:35:13.473+0000] {processor.py:914} INFO - Processing file /opt/airflow/dags/01_hello_dag.py for tasks to queue
[2026-08-30T14:35:13.473+0000] {logging_mixin.py:190} INFO - [2026-08-30T14:35:13.473+0000] {dagbag.py:588} INFO - Filling up the DagBag from /opt/airflow/dags/01_hello_dag.py
[2026-08-30T14:35:13.488+0000] {processor.py:925} INFO - DAG(s) 'hello_dag' retrieved from /opt/airflow/dags/01_hello_dag.py
[2026-08-30T14:35:13.511+0000] {logging_mixin.py:190} INFO - [2026-08-30T14:35:13.511+0000] {dag.py:3239} INFO - Sync 1 DAGs
[2026-08-30T14:35:13.520+0000] {logging_mixin.py:190} INFO - [2026-08-30T14:35:13.520+0000] {dag.py:4180} INFO - Setting next_dagrun for hello_dag to None, run_after=None
[2026-08-30T14:35:13.532+0000] {processor.py:208} INFO - Processing /opt/airflow/dags/01_hello_dag.py took 0.066 seconds
[2026-08-30T14:35:44.273+0000] {processor.py:186} INFO - Started process (PID=1975) to work on /opt/airflow/dags/01_hello_dag.py
[2026-08-30T14:35:44.274+0000] {processor.py:914} INFO - Processing file /opt/airflow/dags/01_hello_dag.py for tasks to queue
[2026-08-30T14:35:44.276+0000] {logging_mixin.py:190} INFO - [2026-08-30T14:35:44.275+0000] {dagbag.py:588} INFO - Filling up the DagBag from /opt/airflow/dags/01_hello_dag.py
[2026-08-30T14:35:44.288+0000] {processor.py:925} INFO - DAG(s) 'hello_dag' retrieved from /opt/airflow/dags/01_hello_dag.py
[2026-08-30T14:35:44.312+0000] {logging_mixin.py:190} INFO - [2026-08-30T14:35:44.312+0000] {dag.py:3239} INFO - Sync 1 DAGs
[2026-08-30T14:35:44.322+0000] {logging_mixin.py:190} INFO - [2026-08-30T14:35:44.322+0000] {dag.py:4180} INFO - Setting next_dagrun for hello_dag to None, run_after=None
[2026-08-30T14:35:44.334+0000] {processor.py:208} INFO - Processing /opt/airflow/dags/01_hello_dag.py took 0.066 seconds
[2026-08-30T14:36:14.906+0000] {processor.py:186} INFO - Started process (PID=1987) to work on /opt/airflow/dags/01_hello_dag.py
[2026-08-30T14:36:14.907+0000] {processor.py:914} INFO - Processing file /opt/airflow/dags/01_hello_dag.py for tasks to queue
[2026-08-30T14:36:14.908+0000] {logging_mixin.py:190} INFO - [2026-08-30T14:36:14.908+0000] {dagbag.py:588} INFO - Filling up the DagBag from /opt/airflow/dags/01_hello_dag.py
[2026-08-30T14:36:14.918+0000] {processor.py:925} INFO - DAG(s) 'hello_dag' retrieved from /opt/airflow/dags/01_hello_dag.py
[2026-08-30T14:36:14.940+0000] {logging_mixin.py:190} INFO - [2026-08-30T14:36:14.940+0000] {dag.py:3239} INFO - Sync 1 DAGs
[2026-08-30T14:36:14.947+0000] {logging_mixin.py:190} INFO - [2026-08-30T14:36:14.947+0000] {dag.py:4180} INFO - Setting next_dagrun for hello_dag to None, run_after=None
[2026-08-30T14:36:14.959+0000] {processor.py:208} INFO - Processing /opt/airflow/dags/01_hello_dag.py took 0.057 seconds
[2026-08-30T14:36:45.748+0000] {processor.py:186} INFO - Started process (PID=1999) to work on /opt/airflow/dags/01_hello_dag.py
[2026-08-30T14:36:45.749+0000] {processor.py:914} INFO - Processing file /opt/airflow/dags/01_hello_dag.py for tasks to queue
[2026-08-30T14:36:45.750+0000] {logging_mixin.py:190} INFO - [2026-08-30T14:36:45.750+0000] {dagbag.py:588} INFO - Filling up the DagBag from /opt/airflow/dags/01_hello_dag.py
[2026-08-30T14:36:45.757+0000] {processor.py:925} INFO - DAG(s) 'hello_dag' retrieved from /opt/airflow/dags/01_hello_dag.py
[2026-08-30T14:36:45.776+0000] {logging_mixin.py:190} INFO - [2026-08-30T14:36:45.776+0000] {dag.py:3239} INFO - Sync 1 DAGs
[2026-08-30T14:36:45.786+0000] {logging_mixin.py:190} INFO - [2026-08-30T14:36:45.786+0000] {dag.py:4180} INFO - Setting next_dagrun for hello_dag to None, run_after=None
[2026-08-30T14:36:45.798+0000] {processor.py:208} INFO - Processing /opt/airflow/dags/01_hello_dag.py took 0.057 seconds
[2026-08-30T14:37:16.491+0000] {processor.py:186} INFO - Started process (PID=2011) to work on /opt/airflow/dags/01_hello_dag.py
[2026-08-30T14:37:16.492+0000] {processor.py:914} INFO - Processing file /opt/airflow/dags/01_hello_dag.py for tasks to queue
[2026-08-30T14:37:16.492+0000] {logging_mixin.py:190} INFO - [2026-08-30T14:37:16.492+0000] {dagbag.py:588} INFO - Filling up the DagBag from /opt/airflow/dags/01_hello_dag.py
[2026-08-30T14:37:16.498+0000] {processor.py:925} INFO - DAG(s) 'hello_dag' retrieved from /opt/airflow/dags/01_hello_dag.py
[2026-08-30T14:37:16.515+0000] {logging_mixin.py:190} INFO - [2026-08-30T14:37:16.515+0000] {dag.py:3239} INFO - Sync 1 DAGs
[2026-08-30T14:37:16.526+0000] {logging_mixin.py:190} INFO - [2026-08-30T14:37:16.526+0000] {dag.py:4180} INFO - Setting next_dagrun for hello_dag to None, run_after=None
[2026-08-30T14:37:16.535+0000] {processor.py:208} INFO - Processing /opt/airflow/dags/01_hello_dag.py took 0.048 seconds
[2026-08-30T14:37:47.175+0000] {processor.py:186} INFO - Started process (PID=2023) to work on /opt/airflow/dags/01_hello_dag.py
[2026-08-30T14:37:47.177+0000] {processor.py:914} INFO - Processing file /opt/airflow/dags/01_hello_dag.py for tasks to queue
[2026-08-30T14:37:47.178+0000] {logging_mixin.py:190} INFO - [2026-08-30T14:37:47.178+0000] {dagbag.py:588} INFO - Filling up the DagBag from /opt/airflow/dags/01_hello_dag.py
[2026-08-30T14:37:47.188+0000] {processor.py:925} INFO - DAG(s) 'hello_dag' retrieved from /opt/airflow/dags/01_hello_dag.py
[2026-08-30T14:37:47.207+0000] {logging_mixin.py:190} INFO - [2026-08-30T14:37:47.207+0000] {dag.py:3239} INFO - Sync 1 DAGs
[2026-08-30T14:37:47.216+0000] {logging_mixin.py:190} INFO - [2026-08-30T14:37:47.216+0000] {dag.py:4180} INFO - Setting next_dagrun for hello_dag to None, run_after=None
[2026-08-30T14:37:47.230+0000] {processor.py:208} INFO - Processing /opt/airflow/dags/01_hello_dag.py took 0.065 seconds
[2026-08-30T14:38:17.822+0000] {processor.py:186} INFO - Started process (PID=2035) to work on /opt/airflow/dags/01_hello_dag.py
[2026-08-30T14:38:17.824+0000] {processor.py:914} INFO - Processing file /opt/airflow/dags/01_hello_dag.py for tasks to queue
[2026-08-30T14:38:17.825+0000] {logging_mixin.py:190} INFO - [2026-08-30T14:38:17.824+0000] {dagbag.py:588} INFO - Filling up the DagBag from /opt/airflow/dags/01_hello_dag.py
[2026-08-30T14:38:17.833+0000] {processor.py:925} INFO - DAG(s) 'hello_dag' retrieved from /opt/airflow/dags/01_hello_dag.py
[2026-08-30T14:38:17.850+0000] {logging_mixin.py:190} INFO - [2026-08-30T14:38:17.849+0000] {dag.py:3239} INFO - Sync 1 DAGs
[2026-08-30T14:38:17.859+0000] {logging_mixin.py:190} INFO - [2026-08-30T14:38:17.859+0000] {dag.py:4180} INFO - Setting next_dagrun for hello_dag to None, run_after=None
[2026-08-30T14:38:17.867+0000] {processor.py:208} INFO - Processing /opt/airflow/dags/01_hello_dag.py took 0.052 seconds
[2026-08-30T14:38:48.664+0000] {processor.py:186} INFO - Started process (PID=2047) to work on /opt/airflow/dags/01_hello_dag.py
[2026-08-30T14:38:48.666+0000] {processor.py:914} INFO - Processing file /opt/airflow/dags/01_hello_dag.py for tasks to queue
[2026-08-30T14:38:48.668+0000] {logging_mixin.py:190} INFO - [2026-08-30T14:38:48.667+0000] {dagbag.py:588} INFO - Filling up the DagBag from /opt/airflow/dags/01_hello_dag.py
[2026-08-30T14:38:48.678+0000] {processor.py:925} INFO - DAG(s) 'hello_dag' retrieved from /opt/airflow/dags/01_hello_dag.py
[2026-08-30T14:38:48.706+0000] {logging_mixin.py:190} INFO - [2026-08-30T14:38:48.706+0000] {dag.py:3239} INFO - Sync 1 DAGs
[2026-08-30T14:38:48.721+0000] {logging_mixin.py:190} INFO - [2026-08-30T14:38:48.721+0000] {dag.py:4180} INFO - Setting next_dagrun for hello_dag to None, run_after=None
[2026-08-30T14:38:48.734+0000] {processor.py:208} INFO - Processing /opt/airflow/dags/01_hello_dag.py took 0.076 seconds
[2026-08-30T14:39:19.104+0000] {processor.py:186} INFO - Started process (PID=2059) to work on /opt/airflow/dags/01_hello_dag.py
[2026-08-30T14:39:19.106+0000] {processor.py:914} INFO - Processing file /opt/airflow/dags/01_hello_dag.py for tasks to queue
[2026-08-30T14:39:19.109+0000] {logging_mixin.py:190} INFO - [2026-08-30T14:39:19.109+0000] {dagbag.py:588} INFO - Filling up the DagBag from /opt/airflow/dags/01_hello_dag.py
[2026-08-30T14:39:19.129+0000] {processor.py:925} INFO - DAG(s) 'hello_dag' retrieved from /opt/airflow/dags/01_hello_dag.py
[2026-08-30T14:39:19.163+0000] {logging_mixin.py:190} INFO - [2026-08-30T14:39:19.163+0000] {dag.py:3239} INFO - Sync 1 DAGs
[2026-08-30T14:39:19.178+0000] {logging_mixin.py:190} INFO - [2026-08-30T14:39:19.177+0000] {dag.py:4180} INFO - Setting next_dagrun for hello_dag to None, run_after=None
[2026-08-30T14:39:19.234+0000] {processor.py:208} INFO - Processing /opt/airflow/dags/01_hello_dag.py took 0.139 seconds
[2026-08-30T14:39:49.960+0000] {processor.py:186} INFO - Started process (PID=2071) to work on /opt/airflow/dags/01_hello_dag.py
[2026-08-30T14:39:49.961+0000] {processor.py:914} INFO - Processing file /opt/airflow/dags/01_hello_dag.py for tasks to queue
[2026-08-30T14:39:49.962+0000] {logging_mixin.py:190} INFO - [2026-08-30T14:39:49.961+0000] {dagbag.py:588} INFO - Filling up the DagBag from /opt/airflow/dags/01_hello_dag.py
[2026-08-30T14:39:49.968+0000] {processor.py:925} INFO - DAG(s) 'hello_dag' retrieved from /opt/airflow/dags/01_hello_dag.py
[2026-08-30T14:39:49.983+0000] {logging_mixin.py:190} INFO - [2026-08-30T14:39:49.982+0000] {dag.py:3239} INFO - Sync 1 DAGs
[2026-08-30T14:39:49.989+0000] {logging_mixin.py:190} INFO - [2026-08-30T14:39:49.989+0000] {dag.py:4180} INFO - Setting next_dagrun for hello_dag to None, run_after=None
[2026-08-30T14:39:49.996+0000] {processor.py:208} INFO - Processing /opt/airflow/dags/01_hello_dag.py took 0.040 seconds
[2026-08-30T14:40:20.762+0000] {processor.py:186} INFO - Started process (PID=2083) to work on /opt/airflow/dags/01_hello_dag.py
[2026-08-30T14:40:20.763+0000] {processor.py:914} INFO - Processing file /opt/airflow/dags/01_hello_dag.py for tasks to queue
[2026-08-30T14:40:20.764+0000] {logging_mixin.py:190} INFO - [2026-08-30T14:40:20.764+0000] {dagbag.py:588} INFO - Filling up the DagBag from /opt/airflow/dags/01_hello_dag.py
[2026-08-30T14:40:20.777+0000] {processor.py:925} INFO - DAG(s) 'hello_dag' retrieved from /opt/airflow/dags/01_hello_dag.py
[2026-08-30T14:40:20.794+0000] {logging_mixin.py:190} INFO - [2026-08-30T14:40:20.794+0000] {dag.py:3239} INFO - Sync 1 DAGs
[2026-08-30T14:40:20.802+0000] {logging_mixin.py:190} INFO - [2026-08-30T14:40:20.801+0000] {dag.py:4180} INFO - Setting next_dagrun for hello_dag to None, run_after=None
[2026-08-30T14:40:20.816+0000] {processor.py:208} INFO - Processing /opt/airflow/dags/01_hello_dag.py took 0.058 seconds
[2026-08-30T14:40:51.636+0000] {processor.py:186} INFO - Started process (PID=2095) to work on /opt/airflow/dags/01_hello_dag.py
[2026-08-30T14:40:51.636+0000] {processor.py:914} INFO - Processing file /opt/airflow/dags/01_hello_dag.py for tasks to queue
[2026-08-30T14:40:51.637+0000] {logging_mixin.py:190} INFO - [2026-08-30T14:40:51.637+0000] {dagbag.py:588} INFO - Filling up the DagBag from /opt/airflow/dags/01_hello_dag.py
[2026-08-30T14:40:51.643+0000] {processor.py:925} INFO - DAG(s) 'hello_dag' retrieved from /opt/airflow/dags/01_hello_dag.py
[2026-08-30T14:40:51.658+0000] {logging_mixin.py:190} INFO - [2026-08-30T14:40:51.658+0000] {dag.py:3239} INFO - Sync 1 DAGs
[2026-08-30T14:40:51.665+0000] {logging_mixin.py:190} INFO - [2026-08-30T14:40:51.665+0000] {dag.py:4180} INFO - Setting next_dagrun for hello_dag to None, run_after=None
[2026-08-30T14:40:51.673+0000] {processor.py:208} INFO - Processing /opt/airflow/dags/01_hello_dag.py took 0.043 seconds
[2026-08-30T14:41:22.445+0000] {processor.py:186} INFO - Started process (PID=2107) to work on /opt/airflow/dags/01_hello_dag.py
[2026-08-30T14:41:22.446+0000] {processor.py:914} INFO - Processing file /opt/airflow/dags/01_hello_dag.py for tasks to queue
[2026-08-30T14:41:22.447+0000] {logging_mixin.py:190} INFO - [2026-08-30T14:41:22.447+0000] {dagbag.py:588} INFO - Filling up the DagBag from /opt/airflow/dags/01_hello_dag.py
[2026-08-30T14:41:22.457+0000] {processor.py:925} INFO - DAG(s) 'hello_dag' retrieved from /opt/airflow/dags/01_hello_dag.py
[2026-08-30T14:41:22.483+0000] {logging_mixin.py:190} INFO - [2026-08-30T14:41:22.483+0000] {dag.py:3239} INFO - Sync 1 DAGs
[2026-08-30T14:41:22.501+0000] {logging_mixin.py:190} INFO - [2026-08-30T14:41:22.501+0000] {dag.py:4180} INFO - Setting next_dagrun for hello_dag to None, run_after=None
[2026-08-30T14:41:22.516+0000] {processor.py:208} INFO - Processing /opt/airflow/dags/01_hello_dag.py took 0.075 seconds
[2026-08-30T14:41:53.367+0000] {processor.py:186} INFO - Started process (PID=2119) to work on /opt/airflow/dags/01_hello_dag.py
[2026-08-30T14:41:53.368+0000] {processor.py:914} INFO - Processing file /opt/airflow/dags/01_hello_dag.py for tasks to queue
[2026-08-30T14:41:53.369+0000] {logging_mixin.py:190} INFO - [2026-08-30T14:41:53.369+0000] {dagbag.py:588} INFO - Filling up the DagBag from /opt/airflow/dags/01_hello_dag.py
[2026-08-30T14:41:53.381+0000] {processor.py:925} INFO - DAG(s) 'hello_dag' retrieved from /opt/airflow/dags/01_hello_dag.py
[2026-08-30T14:41:53.405+0000] {logging_mixin.py:190} INFO - [2026-08-30T14:41:53.405+0000] {dag.py:3239} INFO - Sync 1 DAGs
[2026-08-30T14:41:53.421+0000] {logging_mixin.py:190} INFO - [2026-08-30T14:41:53.421+0000] {dag.py:4180} INFO - Setting next_dagrun for hello_dag to None, run_after=None
[2026-08-30T14:41:53.434+0000] {processor.py:208} INFO - Processing /opt/airflow/dags/01_hello_dag.py took 0.075 seconds
[2026-08-30T14:42:24.512+0000] {processor.py:186} INFO - Started process (PID=2132) to work on /opt/airflow/dags/01_hello_dag.py
[2026-08-30T14:42:24.514+0000] {processor.py:914} INFO - Processing file /opt/airflow/dags/01_hello_dag.py for tasks to queue
[2026-08-30T14:42:24.516+0000] {logging_mixin.py:190} INFO - [2026-08-30T14:42:24.516+0000] {dagbag.py:588} INFO - Filling up the DagBag from /opt/airflow/dags/01_hello_dag.py
[2026-08-30T14:42:24.530+0000] {processor.py:925} INFO - DAG(s) 'hello_dag' retrieved from /opt/airflow/dags/01_hello_dag.py
[2026-08-30T14:42:24.561+0000] {logging_mixin.py:190} INFO - [2026-08-30T14:42:24.561+0000] {dag.py:3239} INFO - Sync 1 DAGs
[2026-08-30T14:42:24.575+0000] {logging_mixin.py:190} INFO - [2026-08-30T14:42:24.574+0000] {dag.py:4180} INFO - Setting next_dagrun for hello_dag to None, run_after=None
[2026-08-30T14:42:24.601+0000] {processor.py:208} INFO - Processing /opt/airflow/dags/01_hello_dag.py took 0.103 seconds
[2026-08-30T14:42:55.548+0000] {processor.py:186} INFO - Started process (PID=2144) to work on /opt/airflow/dags/01_hello_dag.py
[2026-08-30T14:42:55.549+0000] {processor.py:914} INFO - Processing file /opt/airflow/dags/01_hello_dag.py for tasks to queue
[2026-08-30T14:42:55.550+0000] {logging_mixin.py:190} INFO - [2026-08-30T14:42:55.550+0000] {dagbag.py:588} INFO - Filling up the DagBag from /opt/airflow/dags/01_hello_dag.py
[2026-08-30T14:42:55.565+0000] {processor.py:925} INFO - DAG(s) 'hello_dag' retrieved from /opt/airflow/dags/01_hello_dag.py
[2026-08-30T14:42:55.597+0000] {logging_mixin.py:190} INFO - [2026-08-30T14:42:55.596+0000] {dag.py:3239} INFO - Sync 1 DAGs
[2026-08-30T14:42:55.605+0000] {logging_mixin.py:190} INFO - [2026-08-30T14:42:55.605+0000] {dag.py:4180} INFO - Setting next_dagrun for hello_dag to None, run_after=None
[2026-08-30T14:42:55.617+0000] {processor.py:208} INFO - Processing /opt/airflow/dags/01_hello_dag.py took 0.076 seconds
[2026-08-30T14:43:26.261+0000] {processor.py:186} INFO - Started process (PID=2156) to work on /opt/airflow/dags/01_hello_dag.py
[2026-08-30T14:43:26.263+0000] {processor.py:914} INFO - Processing file /opt/airflow/dags/01_hello_dag.py for tasks to queue
[2026-08-30T14:43:26.264+0000] {logging_mixin.py:190} INFO - [2026-08-30T14:43:26.263+0000] {dagbag.py:588} INFO - Filling up the DagBag from /opt/airflow/dags/01_hello_dag.py
[2026-08-30T14:43:26.278+0000] {processor.py:925} INFO - DAG(s) 'hello_dag' retrieved from /opt/airflow/dags/01_hello_dag.py
[2026-08-30T14:43:26.305+0000] {logging_mixin.py:190} INFO - [2026-08-30T14:43:26.305+0000] {dag.py:3239} INFO - Sync 1 DAGs
[2026-08-30T14:43:26.319+0000] {logging_mixin.py:190} INFO - [2026-08-30T14:43:26.318+0000] {dag.py:4180} INFO - Setting next_dagrun for hello_dag to None, run_after=None
[2026-08-30T14:43:26.338+0000] {processor.py:208} INFO - Processing /opt/airflow/dags/01_hello_dag.py took 0.086 seconds
[2026-08-30T14:43:57.136+0000] {processor.py:186} INFO - Started process (PID=2168) to work on /opt/airflow/dags/01_hello_dag.py
[2026-08-30T14:43:57.138+0000] {processor.py:914} INFO - Processing file /opt/airflow/dags/01_hello_dag.py for tasks to queue
[2026-08-30T14:43:57.141+0000] {logging_mixin.py:190} INFO - [2026-08-30T14:43:57.140+0000] {dagbag.py:588} INFO - Filling up the DagBag from /opt/airflow/dags/01_hello_dag.py
[2026-08-30T14:43:57.159+0000] {processor.py:925} INFO - DAG(s) 'hello_dag' retrieved from /opt/airflow/dags/01_hello_dag.py
[2026-08-30T14:43:57.184+0000] {logging_mixin.py:190} INFO - [2026-08-30T14:43:57.184+0000] {dag.py:3239} INFO - Sync 1 DAGs
[2026-08-30T14:43:57.195+0000] {logging_mixin.py:190} INFO - [2026-08-30T14:43:57.194+0000] {dag.py:4180} INFO - Setting next_dagrun for hello_dag to None, run_after=None
[2026-08-30T14:43:57.212+0000] {processor.py:208} INFO - Processing /opt/airflow/dags/01_hello_dag.py took 0.088 seconds
[2026-08-30T14:44:28.038+0000] {processor.py:186} INFO - Started process (PID=2186) to work on /opt/airflow/dags/01_hello_dag.py
[2026-08-30T14:44:28.039+0000] {processor.py:914} INFO - Processing file /opt/airflow/dags/01_hello_dag.py for tasks to queue
[2026-08-30T14:44:28.040+0000] {logging_mixin.py:190} INFO - [2026-08-30T14:44:28.040+0000] {dagbag.py:588} INFO - Filling up the DagBag from /opt/airflow/dags/01_hello_dag.py
[2026-08-30T14:44:28.051+0000] {processor.py:925} INFO - DAG(s) 'hello_dag' retrieved from /opt/airflow/dags/01_hello_dag.py
[2026-08-30T14:44:28.071+0000] {logging_mixin.py:190} INFO - [2026-08-30T14:44:28.070+0000] {dag.py:3239} INFO - Sync 1 DAGs
[2026-08-30T14:44:28.088+0000] {logging_mixin.py:190} INFO - [2026-08-30T14:44:28.088+0000] {dag.py:4180} INFO - Setting next_dagrun for hello_dag to None, run_after=None
[2026-08-30T14:44:28.105+0000] {processor.py:208} INFO - Processing /opt/airflow/dags/01_hello_dag.py took 0.072 seconds
[2026-08-30T14:44:58.786+0000] {processor.py:186} INFO - Started process (PID=2198) to work on /opt/airflow/dags/01_hello_dag.py
[2026-08-30T14:44:58.788+0000] {processor.py:914} INFO - Processing file /opt/airflow/dags/01_hello_dag.py for tasks to queue
[2026-08-30T14:44:58.791+0000] {logging_mixin.py:190} INFO - [2026-08-30T14:44:58.790+0000] {dagbag.py:588} INFO - Filling up the DagBag from /opt/airflow/dags/01_hello_dag.py
[2026-08-30T14:44:58.806+0000] {processor.py:925} INFO - DAG(s) 'hello_dag' retrieved from /opt/airflow/dags/01_hello_dag.py
[2026-08-30T14:44:58.831+0000] {logging_mixin.py:190} INFO - [2026-08-30T14:44:58.831+0000] {dag.py:3239} INFO - Sync 1 DAGs
[2026-08-30T14:44:58.843+0000] {logging_mixin.py:190} INFO - [2026-08-30T14:44:58.843+0000] {dag.py:4180} INFO - Setting next_dagrun for hello_dag to None, run_after=None
[2026-08-30T14:44:58.858+0000] {processor.py:208} INFO - Processing /opt/airflow/dags/01_hello_dag.py took 0.080 seconds
[2026-08-30T14:45:29.499+0000] {processor.py:186} INFO - Started process (PID=2210) to work on /opt/airflow/dags/01_hello_dag.py
[2026-08-30T14:45:29.500+0000] {processor.py:914} INFO - Processing file /opt/airflow/dags/01_hello_dag.py for tasks to queue
[2026-08-30T14:45:29.502+0000] {logging_mixin.py:190} INFO - [2026-08-30T14:45:29.502+0000] {dagbag.py:588} INFO - Filling up the DagBag from /opt/airflow/dags/01_hello_dag.py
[2026-08-30T14:45:29.515+0000] {processor.py:925} INFO - DAG(s) 'hello_dag' retrieved from /opt/airflow/dags/01_hello_dag.py
[2026-08-30T14:45:29.544+0000] {logging_mixin.py:190} INFO - [2026-08-30T14:45:29.544+0000] {dag.py:3239} INFO - Sync 1 DAGs
[2026-08-30T14:45:29.559+0000] {logging_mixin.py:190} INFO - [2026-08-30T14:45:29.559+0000] {dag.py:4180} INFO - Setting next_dagrun for hello_dag to None, run_after=None
[2026-08-30T14:45:29.574+0000] {processor.py:208} INFO - Processing /opt/airflow/dags/01_hello_dag.py took 0.083 seconds
[2026-08-30T14:46:00.253+0000] {processor.py:186} INFO - Started process (PID=2222) to work on /opt/airflow/dags/01_hello_dag.py
[2026-08-30T14:46:00.256+0000] {processor.py:914} INFO - Processing file /opt/airflow/dags/01_hello_dag.py for tasks to queue
[2026-08-30T14:46:00.257+0000] {logging_mixin.py:190} INFO - [2026-08-30T14:46:00.256+0000] {dagbag.py:588} INFO - Filling up the DagBag from /opt/airflow/dags/01_hello_dag.py
[2026-08-30T14:46:00.269+0000] {processor.py:925} INFO - DAG(s) 'hello_dag' retrieved from /opt/airflow/dags/01_hello_dag.py
[2026-08-30T14:46:00.292+0000] {logging_mixin.py:190} INFO - [2026-08-30T14:46:00.292+0000] {dag.py:3239} INFO - Sync 1 DAGs
[2026-08-30T14:46:00.302+0000] {logging_mixin.py:190} INFO - [2026-08-30T14:46:00.302+0000] {dag.py:4180} INFO - Setting next_dagrun for hello_dag to None, run_after=None
[2026-08-30T14:46:00.316+0000] {processor.py:208} INFO - Processing /opt/airflow/dags/01_hello_dag.py took 0.072 seconds
[2026-08-30T14:46:31.067+0000] {processor.py:186} INFO - Started process (PID=2234) to work on /opt/airflow/dags/01_hello_dag.py
[2026-08-30T14:46:31.068+0000] {processor.py:914} INFO - Processing file /opt/airflow/dags/01_hello_dag.py for tasks to queue
[2026-08-30T14:46:31.069+0000] {logging_mixin.py:190} INFO - [2026-08-30T14:46:31.069+0000] {dagbag.py:588} INFO - Filling up the DagBag from /opt/airflow/dags/01_hello_dag.py
[2026-08-30T14:46:31.083+0000] {processor.py:925} INFO - DAG(s) 'hello_dag' retrieved from /opt/airflow/dags/01_hello_dag.py
[2026-08-30T14:46:31.109+0000] {logging_mixin.py:190} INFO - [2026-08-30T14:46:31.109+0000] {dag.py:3239} INFO - Sync 1 DAGs
[2026-08-30T14:46:31.135+0000] {logging_mixin.py:190} INFO - [2026-08-30T14:46:31.135+0000] {dag.py:4180} INFO - Setting next_dagrun for hello_dag to None, run_after=None
[2026-08-30T14:46:31.150+0000] {processor.py:208} INFO - Processing /opt/airflow/dags/01_hello_dag.py took 0.093 seconds
[2026-08-30T14:47:01.856+0000] {processor.py:186} INFO - Started process (PID=2246) to work on /opt/airflow/dags/01_hello_dag.py
[2026-08-30T14:47:01.860+0000] {processor.py:914} INFO - Processing file /opt/airflow/dags/01_hello_dag.py for tasks to queue
[2026-08-30T14:47:01.863+0000] {logging_mixin.py:190} INFO - [2026-08-30T14:47:01.863+0000] {dagbag.py:588} INFO - Filling up the DagBag from /opt/airflow/dags/01_hello_dag.py
[2026-08-30T14:47:01.887+0000] {processor.py:925} INFO - DAG(s) 'hello_dag' retrieved from /opt/airflow/dags/01_hello_dag.py
[2026-08-30T14:47:01.919+0000] {logging_mixin.py:190} INFO - [2026-08-30T14:47:01.919+0000] {dag.py:3239} INFO - Sync 1 DAGs
[2026-08-30T14:47:01.932+0000] {logging_mixin.py:190} INFO - [2026-08-30T14:47:01.931+0000] {dag.py:4180} INFO - Setting next_dagrun for hello_dag to None, run_after=None
[2026-08-30T14:47:01.948+0000] {processor.py:208} INFO - Processing /opt/airflow/dags/01_hello_dag.py took 0.105 seconds
[2026-08-30T14:47:32.630+0000] {processor.py:186} INFO - Started process (PID=2259) to work on /opt/airflow/dags/01_hello_dag.py
[2026-08-30T14:47:32.632+0000] {processor.py:914} INFO - Processing file /opt/airflow/dags/01_hello_dag.py for tasks to queue
[2026-08-30T14:47:32.632+0000] {logging_mixin.py:190} INFO - [2026-08-30T14:47:32.632+0000] {dagbag.py:588} INFO - Filling up the DagBag from /opt/airflow/dags/01_hello_dag.py
[2026-08-30T14:47:32.649+0000] {processor.py:925} INFO - DAG(s) 'hello_dag' retrieved from /opt/airflow/dags/01_hello_dag.py
[2026-08-30T14:47:32.686+0000] {logging_mixin.py:190} INFO - [2026-08-30T14:47:32.686+0000] {dag.py:3239} INFO - Sync 1 DAGs
[2026-08-30T14:47:32.700+0000] {logging_mixin.py:190} INFO - [2026-08-30T14:47:32.699+0000] {dag.py:4180} INFO - Setting next_dagrun for hello_dag to None, run_after=None
[2026-08-30T14:47:32.713+0000] {processor.py:208} INFO - Processing /opt/airflow/dags/01_hello_dag.py took 0.095 seconds
[2026-08-30T14:48:03.366+0000] {processor.py:186} INFO - Started process (PID=2271) to work on /opt/airflow/dags/01_hello_dag.py
[2026-08-30T14:48:03.367+0000] {processor.py:914} INFO - Processing file /opt/airflow/dags/01_hello_dag.py for tasks to queue
[2026-08-30T14:48:03.368+0000] {logging_mixin.py:190} INFO - [2026-08-30T14:48:03.368+0000] {dagbag.py:588} INFO - Filling up the DagBag from /opt/airflow/dags/01_hello_dag.py
[2026-08-30T14:48:03.380+0000] {processor.py:925} INFO - DAG(s) 'hello_dag' retrieved from /opt/airflow/dags/01_hello_dag.py
[2026-08-30T14:48:03.404+0000] {logging_mixin.py:190} INFO - [2026-08-30T14:48:03.404+0000] {dag.py:3239} INFO - Sync 1 DAGs
[2026-08-30T14:48:03.433+0000] {logging_mixin.py:190} INFO - [2026-08-30T14:48:03.432+0000] {dag.py:4180} INFO - Setting next_dagrun for hello_dag to None, run_after=None
[2026-08-30T14:48:03.458+0000] {processor.py:208} INFO - Processing /opt/airflow/dags/01_hello_dag.py took 0.097 seconds
[2026-08-30T14:48:34.195+0000] {processor.py:186} INFO - Started process (PID=2283) to work on /opt/airflow/dags/01_hello_dag.py
[2026-08-30T14:48:34.196+0000] {processor.py:914} INFO - Processing file /opt/airflow/dags/01_hello_dag.py for tasks to queue
[2026-08-30T14:48:34.198+0000] {logging_mixin.py:190} INFO - [2026-08-30T14:48:34.198+0000] {dagbag.py:588} INFO - Filling up the DagBag from /opt/airflow/dags/01_hello_dag.py
[2026-08-30T14:48:34.210+0000] {processor.py:925} INFO - DAG(s) 'hello_dag' retrieved from /opt/airflow/dags/01_hello_dag.py
[2026-08-30T14:48:34.235+0000] {logging_mixin.py:190} INFO - [2026-08-30T14:48:34.235+0000] {dag.py:3239} INFO - Sync 1 DAGs
[2026-08-30T14:48:34.245+0000] {logging_mixin.py:190} INFO - [2026-08-30T14:48:34.244+0000] {dag.py:4180} INFO - Setting next_dagrun for hello_dag to None, run_after=None
[2026-08-30T14:48:34.262+0000] {processor.py:208} INFO - Processing /opt/airflow/dags/01_hello_dag.py took 0.076 seconds
[2026-08-30T14:49:04.932+0000] {processor.py:186} INFO - Started process (PID=2295) to work on /opt/airflow/dags/01_hello_dag.py
[2026-08-30T14:49:04.934+0000] {processor.py:914} INFO - Processing file /opt/airflow/dags/01_hello_dag.py for tasks to queue
[2026-08-30T14:49:04.935+0000] {logging_mixin.py:190} INFO - [2026-08-30T14:49:04.935+0000] {dagbag.py:588} INFO - Filling up the DagBag from /opt/airflow/dags/01_hello_dag.py
[2026-08-30T14:49:04.950+0000] {processor.py:925} INFO - DAG(s) 'hello_dag' retrieved from /opt/airflow/dags/01_hello_dag.py
[2026-08-30T14:49:04.972+0000] {logging_mixin.py:190} INFO - [2026-08-30T14:49:04.972+0000] {dag.py:3239} INFO - Sync 1 DAGs
[2026-08-30T14:49:04.985+0000] {logging_mixin.py:190} INFO - [2026-08-30T14:49:04.985+0000] {dag.py:4180} INFO - Setting next_dagrun for hello_dag to None, run_after=None
[2026-08-30T14:49:05.002+0000] {processor.py:208} INFO - Processing /opt/airflow/dags/01_hello_dag.py took 0.089 seconds
[2026-08-30T14:49:35.734+0000] {processor.py:186} INFO - Started process (PID=2307) to work on /opt/airflow/dags/01_hello_dag.py
[2026-08-30T14:49:35.735+0000] {processor.py:914} INFO - Processing file /opt/airflow/dags/01_hello_dag.py for tasks to queue
[2026-08-30T14:49:35.738+0000] {logging_mixin.py:190} INFO - [2026-08-30T14:49:35.737+0000] {dagbag.py:588} INFO - Filling up the DagBag from /opt/airflow/dags/01_hello_dag.py
[2026-08-30T14:49:35.757+0000] {processor.py:925} INFO - DAG(s) 'hello_dag' retrieved from /opt/airflow/dags/01_hello_dag.py
[2026-08-30T14:49:35.797+0000] {logging_mixin.py:190} INFO - [2026-08-30T14:49:35.796+0000] {dag.py:3239} INFO - Sync 1 DAGs
[2026-08-30T14:49:35.816+0000] {logging_mixin.py:190} INFO - [2026-08-30T14:49:35.815+0000] {dag.py:4180} INFO - Setting next_dagrun for hello_dag to None, run_after=None
[2026-08-30T14:49:35.831+0000] {processor.py:208} INFO - Processing /opt/airflow/dags/01_hello_dag.py took 0.114 seconds
[2026-08-30T14:50:06.570+0000] {processor.py:186} INFO - Started process (PID=2319) to work on /opt/airflow/dags/01_hello_dag.py
[2026-08-30T14:50:06.571+0000] {processor.py:914} INFO - Processing file /opt/airflow/dags/01_hello_dag.py for tasks to queue
[2026-08-30T14:50:06.572+0000] {logging_mixin.py:190} INFO - [2026-08-30T14:50:06.571+0000] {dagbag.py:588} INFO - Filling up the DagBag from /opt/airflow/dags/01_hello_dag.py
[2026-08-30T14:50:06.587+0000] {processor.py:925} INFO - DAG(s) 'hello_dag' retrieved from /opt/airflow/dags/01_hello_dag.py
[2026-08-30T14:50:06.612+0000] {logging_mixin.py:190} INFO - [2026-08-30T14:50:06.612+0000] {dag.py:3239} INFO - Sync 1 DAGs
[2026-08-30T14:50:06.620+0000] {logging_mixin.py:190} INFO - [2026-08-30T14:50:06.620+0000] {dag.py:4180} INFO - Setting next_dagrun for hello_dag to None, run_after=None
[2026-08-30T14:50:06.635+0000] {processor.py:208} INFO - Processing /opt/airflow/dags/01_hello_dag.py took 0.070 seconds
[2026-08-30T14:50:37.381+0000] {processor.py:186} INFO - Started process (PID=2331) to work on /opt/airflow/dags/01_hello_dag.py
[2026-08-30T14:50:37.385+0000] {processor.py:914} INFO - Processing file /opt/airflow/dags/01_hello_dag.py for tasks to queue
[2026-08-30T14:50:37.387+0000] {logging_mixin.py:190} INFO - [2026-08-30T14:50:37.386+0000] {dagbag.py:588} INFO - Filling up the DagBag from /opt/airflow/dags/01_hello_dag.py
[2026-08-30T14:50:37.407+0000] {processor.py:925} INFO - DAG(s) 'hello_dag' retrieved from /opt/airflow/dags/01_hello_dag.py
[2026-08-30T14:50:37.437+0000] {logging_mixin.py:190} INFO - [2026-08-30T14:50:37.436+0000] {dag.py:3239} INFO - Sync 1 DAGs
[2026-08-30T14:50:37.454+0000] {logging_mixin.py:190} INFO - [2026-08-30T14:50:37.453+0000] {dag.py:4180} INFO - Setting next_dagrun for hello_dag to None, run_after=None
[2026-08-30T14:50:37.471+0000] {processor.py:208} INFO - Processing /opt/airflow/dags/01_hello_dag.py took 0.099 seconds
[2026-08-30T14:51:08.258+0000] {processor.py:186} INFO - Started process (PID=2343) to work on /opt/airflow/dags/01_hello_dag.py
[2026-08-30T14:51:08.259+0000] {processor.py:914} INFO - Processing file /opt/airflow/dags/01_hello_dag.py for tasks to queue
[2026-08-30T14:51:08.263+0000] {logging_mixin.py:190} INFO - [2026-08-30T14:51:08.262+0000] {dagbag.py:588} INFO - Filling up the DagBag from /opt/airflow/dags/01_hello_dag.py
[2026-08-30T14:51:08.277+0000] {processor.py:925} INFO - DAG(s) 'hello_dag' retrieved from /opt/airflow/dags/01_hello_dag.py
[2026-08-30T14:51:08.304+0000] {logging_mixin.py:190} INFO - [2026-08-30T14:51:08.304+0000] {dag.py:3239} INFO - Sync 1 DAGs
[2026-08-30T14:51:08.317+0000] {logging_mixin.py:190} INFO - [2026-08-30T14:51:08.317+0000] {dag.py:4180} INFO - Setting next_dagrun for hello_dag to None, run_after=None
[2026-08-30T14:51:08.337+0000] {processor.py:208} INFO - Processing /opt/airflow/dags/01_hello_dag.py took 0.090 seconds
[2026-08-30T14:51:39.057+0000] {processor.py:186} INFO - Started process (PID=2355) to work on /opt/airflow/dags/01_hello_dag.py
[2026-08-30T14:51:39.058+0000] {processor.py:914} INFO - Processing file /opt/airflow/dags/01_hello_dag.py for tasks to queue
[2026-08-30T14:51:39.059+0000] {logging_mixin.py:190} INFO - [2026-08-30T14:51:39.059+0000] {dagbag.py:588} INFO - Filling up the DagBag from /opt/airflow/dags/01_hello_dag.py
[2026-08-30T14:51:39.070+0000] {processor.py:925} INFO - DAG(s) 'hello_dag' retrieved from /opt/airflow/dags/01_hello_dag.py
[2026-08-30T14:51:39.095+0000] {logging_mixin.py:190} INFO - [2026-08-30T14:51:39.095+0000] {dag.py:3239} INFO - Sync 1 DAGs
[2026-08-30T14:51:39.104+0000] {logging_mixin.py:190} INFO - [2026-08-30T14:51:39.103+0000] {dag.py:4180} INFO - Setting next_dagrun for hello_dag to None, run_after=None
[2026-08-30T14:51:39.123+0000] {processor.py:208} INFO - Processing /opt/airflow/dags/01_hello_dag.py took 0.074 seconds
[2026-08-30T14:52:09.817+0000] {processor.py:186} INFO - Started process (PID=2367) to work on /opt/airflow/dags/01_hello_dag.py
[2026-08-30T14:52:09.819+0000] {processor.py:914} INFO - Processing file /opt/airflow/dags/01_hello_dag.py for tasks to queue
[2026-08-30T14:52:09.822+0000] {logging_mixin.py:190} INFO - [2026-08-30T14:52:09.822+0000] {dagbag.py:588} INFO - Filling up the DagBag from /opt/airflow/dags/01_hello_dag.py
[2026-08-30T14:52:09.836+0000] {processor.py:925} INFO - DAG(s) 'hello_dag' retrieved from /opt/airflow/dags/01_hello_dag.py
[2026-08-30T14:52:09.861+0000] {logging_mixin.py:190} INFO - [2026-08-30T14:52:09.860+0000] {dag.py:3239} INFO - Sync 1 DAGs
[2026-08-30T14:52:09.878+0000] {logging_mixin.py:190} INFO - [2026-08-30T14:52:09.878+0000] {dag.py:4180} INFO - Setting next_dagrun for hello_dag to None, run_after=None
[2026-08-30T14:52:09.891+0000] {processor.py:208} INFO - Processing /opt/airflow/dags/01_hello_dag.py took 0.082 seconds
[2026-08-30T14:52:40.811+0000] {processor.py:186} INFO - Started process (PID=2379) to work on /opt/airflow/dags/01_hello_dag.py
[2026-08-30T14:52:40.813+0000] {processor.py:914} INFO - Processing file /opt/airflow/dags/01_hello_dag.py for tasks to queue
[2026-08-30T14:52:40.816+0000] {logging_mixin.py:190} INFO - [2026-08-30T14:52:40.815+0000] {dagbag.py:588} INFO - Filling up the DagBag from /opt/airflow/dags/01_hello_dag.py
[2026-08-30T14:52:40.826+0000] {processor.py:925} INFO - DAG(s) 'hello_dag' retrieved from /opt/airflow/dags/01_hello_dag.py
[2026-08-30T14:52:40.857+0000] {logging_mixin.py:190} INFO - [2026-08-30T14:52:40.856+0000] {dag.py:3239} INFO - Sync 1 DAGs
[2026-08-30T14:52:40.871+0000] {logging_mixin.py:190} INFO - [2026-08-30T14:52:40.870+0000] {dag.py:4180} INFO - Setting next_dagrun for hello_dag to None, run_after=None
[2026-08-30T14:52:40.884+0000] {processor.py:208} INFO - Processing /opt/airflow/dags/01_hello_dag.py took 0.084 seconds
[2026-08-30T14:53:11.518+0000] {processor.py:186} INFO - Started process (PID=2391) to work on /opt/airflow/dags/01_hello_dag.py
[2026-08-30T14:53:11.519+0000] {processor.py:914} INFO - Processing file /opt/airflow/dags/01_hello_dag.py for tasks to queue
[2026-08-30T14:53:11.521+0000] {logging_mixin.py:190} INFO - [2026-08-30T14:53:11.520+0000] {dagbag.py:588} INFO - Filling up the DagBag from /opt/airflow/dags/01_hello_dag.py
[2026-08-30T14:53:11.539+0000] {processor.py:925} INFO - DAG(s) 'hello_dag' retrieved from /opt/airflow/dags/01_hello_dag.py
[2026-08-30T14:53:11.570+0000] {logging_mixin.py:190} INFO - [2026-08-30T14:53:11.570+0000] {dag.py:3239} INFO - Sync 1 DAGs
[2026-08-30T14:53:11.579+0000] {logging_mixin.py:190} INFO - [2026-08-30T14:53:11.579+0000] {dag.py:4180} INFO - Setting next_dagrun for hello_dag to None, run_after=None
[2026-08-30T14:53:11.593+0000] {processor.py:208} INFO - Processing /opt/airflow/dags/01_hello_dag.py took 0.086 seconds
[2026-08-30T14:53:42.276+0000] {processor.py:186} INFO - Started process (PID=2403) to work on /opt/airflow/dags/01_hello_dag.py
[2026-08-30T14:53:42.278+0000] {processor.py:914} INFO - Processing file /opt/airflow/dags/01_hello_dag.py for tasks to queue
[2026-08-30T14:53:42.279+0000] {logging_mixin.py:190} INFO - [2026-08-30T14:53:42.279+0000] {dagbag.py:588} INFO - Filling up the DagBag from /opt/airflow/dags/01_hello_dag.py
[2026-08-30T14:53:42.294+0000] {processor.py:925} INFO - DAG(s) 'hello_dag' retrieved from /opt/airflow/dags/01_hello_dag.py
[2026-08-30T14:53:42.320+0000] {logging_mixin.py:190} INFO - [2026-08-30T14:53:42.320+0000] {dag.py:3239} INFO - Sync 1 DAGs
[2026-08-30T14:53:42.332+0000] {logging_mixin.py:190} INFO - [2026-08-30T14:53:42.332+0000] {dag.py:4180} INFO - Setting next_dagrun for hello_dag to None, run_after=None
[2026-08-30T14:53:42.344+0000] {processor.py:208} INFO - Processing /opt/airflow/dags/01_hello_dag.py took 0.076 seconds
[2026-08-30T14:54:12.941+0000] {processor.py:186} INFO - Started process (PID=2415) to work on /opt/airflow/dags/01_hello_dag.py
[2026-08-30T14:54:12.942+0000] {processor.py:914} INFO - Processing file /opt/airflow/dags/01_hello_dag.py for tasks to queue
[2026-08-30T14:54:12.944+0000] {logging_mixin.py:190} INFO - [2026-08-30T14:54:12.943+0000] {dagbag.py:588} INFO - Filling up the DagBag from /opt/airflow/dags/01_hello_dag.py
[2026-08-30T14:54:12.956+0000] {processor.py:925} INFO - DAG(s) 'hello_dag' retrieved from /opt/airflow/dags/01_hello_dag.py
[2026-08-30T14:54:12.981+0000] {logging_mixin.py:190} INFO - [2026-08-30T14:54:12.980+0000] {dag.py:3239} INFO - Sync 1 DAGs
[2026-08-30T14:54:12.991+0000] {logging_mixin.py:190} INFO - [2026-08-30T14:54:12.991+0000] {dag.py:4180} INFO - Setting next_dagrun for hello_dag to None, run_after=None
[2026-08-30T14:54:13.003+0000] {processor.py:208} INFO - Processing /opt/airflow/dags/01_hello_dag.py took 0.067 seconds
[2026-08-30T14:54:43.640+0000] {processor.py:186} INFO - Started process (PID=2428) to work on /opt/airflow/dags/01_hello_dag.py
[2026-08-30T14:54:43.641+0000] {processor.py:914} INFO - Processing file /opt/airflow/dags/01_hello_dag.py for tasks to queue
[2026-08-30T14:54:43.643+0000] {logging_mixin.py:190} INFO - [2026-08-30T14:54:43.643+0000] {dagbag.py:588} INFO - Filling up the DagBag from /opt/airflow/dags/01_hello_dag.py
[2026-08-30T14:54:43.661+0000] {processor.py:925} INFO - DAG(s) 'hello_dag' retrieved from /opt/airflow/dags/01_hello_dag.py
[2026-08-30T14:54:43.682+0000] {logging_mixin.py:190} INFO - [2026-08-30T14:54:43.682+0000] {dag.py:3239} INFO - Sync 1 DAGs
[2026-08-30T14:54:43.695+0000] {logging_mixin.py:190} INFO - [2026-08-30T14:54:43.695+0000] {dag.py:4180} INFO - Setting next_dagrun for hello_dag to None, run_after=None
[2026-08-30T14:54:43.709+0000] {processor.py:208} INFO - Processing /opt/airflow/dags/01_hello_dag.py took 0.074 seconds
[2026-08-30T14:55:14.436+0000] {processor.py:186} INFO - Started process (PID=2440) to work on /opt/airflow/dags/01_hello_dag.py
[2026-08-30T14:55:14.437+0000] {processor.py:914} INFO - Processing file /opt/airflow/dags/01_hello_dag.py for tasks to queue
[2026-08-30T14:55:14.439+0000] {logging_mixin.py:190} INFO - [2026-08-30T14:55:14.439+0000] {dagbag.py:588} INFO - Filling up the DagBag from /opt/airflow/dags/01_hello_dag.py
[2026-08-30T14:55:14.453+0000] {processor.py:925} INFO - DAG(s) 'hello_dag' retrieved from /opt/airflow/dags/01_hello_dag.py
[2026-08-30T14:55:14.480+0000] {logging_mixin.py:190} INFO - [2026-08-30T14:55:14.480+0000] {dag.py:3239} INFO - Sync 1 DAGs
[2026-08-30T14:55:14.493+0000] {logging_mixin.py:190} INFO - [2026-08-30T14:55:14.493+0000] {dag.py:4180} INFO - Setting next_dagrun for hello_dag to None, run_after=None
[2026-08-30T14:55:14.506+0000] {processor.py:208} INFO - Processing /opt/airflow/dags/01_hello_dag.py took 0.077 seconds
[2026-08-30T14:55:45.159+0000] {processor.py:186} INFO - Started process (PID=2452) to work on /opt/airflow/dags/01_hello_dag.py
[2026-08-30T14:55:45.160+0000] {processor.py:914} INFO - Processing file /opt/airflow/dags/01_hello_dag.py for tasks to queue
[2026-08-30T14:55:45.161+0000] {logging_mixin.py:190} INFO - [2026-08-30T14:55:45.160+0000] {dagbag.py:588} INFO - Filling up the DagBag from /opt/airflow/dags/01_hello_dag.py
[2026-08-30T14:55:45.178+0000] {processor.py:925} INFO - DAG(s) 'hello_dag' retrieved from /opt/airflow/dags/01_hello_dag.py
[2026-08-30T14:55:45.202+0000] {logging_mixin.py:190} INFO - [2026-08-30T14:55:45.202+0000] {dag.py:3239} INFO - Sync 1 DAGs
[2026-08-30T14:55:45.215+0000] {logging_mixin.py:190} INFO - [2026-08-30T14:55:45.215+0000] {dag.py:4180} INFO - Setting next_dagrun for hello_dag to None, run_after=None
[2026-08-30T14:55:45.230+0000] {processor.py:208} INFO - Processing /opt/airflow/dags/01_hello_dag.py took 0.076 seconds
[2026-08-30T14:56:15.982+0000] {processor.py:186} INFO - Started process (PID=2464) to work on /opt/airflow/dags/01_hello_dag.py
[2026-08-30T14:56:15.983+0000] {processor.py:914} INFO - Processing file /opt/airflow/dags/01_hello_dag.py for tasks to queue
[2026-08-30T14:56:15.985+0000] {logging_mixin.py:190} INFO - [2026-08-30T14:56:15.984+0000] {dagbag.py:588} INFO - Filling up the DagBag from /opt/airflow/dags/01_hello_dag.py
[2026-08-30T14:56:15.997+0000] {processor.py:925} INFO - DAG(s) 'hello_dag' retrieved from /opt/airflow/dags/01_hello_dag.py
[2026-08-30T14:56:16.022+0000] {logging_mixin.py:190} INFO - [2026-08-30T14:56:16.022+0000] {dag.py:3239} INFO - Sync 1 DAGs
[2026-08-30T14:56:16.040+0000] {logging_mixin.py:190} INFO - [2026-08-30T14:56:16.040+0000] {dag.py:4180} INFO - Setting next_dagrun for hello_dag to None, run_after=None
[2026-08-30T14:56:16.063+0000] {processor.py:208} INFO - Processing /opt/airflow/dags/01_hello_dag.py took 0.095 seconds
[2026-08-30T14:56:46.826+0000] {processor.py:186} INFO - Started process (PID=2476) to work on /opt/airflow/dags/01_hello_dag.py
[2026-08-30T14:56:46.827+0000] {processor.py:914} INFO - Processing file /opt/airflow/dags/01_hello_dag.py for tasks to queue
[2026-08-30T14:56:46.828+0000] {logging_mixin.py:190} INFO - [2026-08-30T14:56:46.828+0000] {dagbag.py:588} INFO - Filling up the DagBag from /opt/airflow/dags/01_hello_dag.py
[2026-08-30T14:56:46.843+0000] {processor.py:925} INFO - DAG(s) 'hello_dag' retrieved from /opt/airflow/dags/01_hello_dag.py
[2026-08-30T14:56:46.866+0000] {logging_mixin.py:190} INFO - [2026-08-30T14:56:46.866+0000] {dag.py:3239} INFO - Sync 1 DAGs
[2026-08-30T14:56:46.878+0000] {logging_mixin.py:190} INFO - [2026-08-30T14:56:46.877+0000] {dag.py:4180} INFO - Setting next_dagrun for hello_dag to None, run_after=None
[2026-08-30T14:56:46.892+0000] {processor.py:208} INFO - Processing /opt/airflow/dags/01_hello_dag.py took 0.082 seconds
[2026-08-30T14:57:17.785+0000] {processor.py:186} INFO - Started process (PID=2488) to work on /opt/airflow/dags/01_hello_dag.py
[2026-08-30T14:57:17.786+0000] {processor.py:914} INFO - Processing file /opt/airflow/dags/01_hello_dag.py for tasks to queue
[2026-08-30T14:57:17.787+0000] {logging_mixin.py:190} INFO - [2026-08-30T14:57:17.787+0000] {dagbag.py:588} INFO - Filling up the DagBag from /opt/airflow/dags/01_hello_dag.py
[2026-08-30T14:57:17.802+0000] {processor.py:925} INFO - DAG(s) 'hello_dag' retrieved from /opt/airflow/dags/01_hello_dag.py
[2026-08-30T14:57:17.831+0000] {logging_mixin.py:190} INFO - [2026-08-30T14:57:17.831+0000] {dag.py:3239} INFO - Sync 1 DAGs
[2026-08-30T14:57:17.844+0000] {logging_mixin.py:190} INFO - [2026-08-30T14:57:17.844+0000] {dag.py:4180} INFO - Setting next_dagrun for hello_dag to None, run_after=None
[2026-08-30T14:57:17.858+0000] {processor.py:208} INFO - Processing /opt/airflow/dags/01_hello_dag.py took 0.083 seconds
[2026-08-30T14:57:48.583+0000] {processor.py:186} INFO - Started process (PID=2500) to work on /opt/airflow/dags/01_hello_dag.py
[2026-08-30T14:57:48.584+0000] {processor.py:914} INFO - Processing file /opt/airflow/dags/01_hello_dag.py for tasks to queue
[2026-08-30T14:57:48.585+0000] {logging_mixin.py:190} INFO - [2026-08-30T14:57:48.585+0000] {dagbag.py:588} INFO - Filling up the DagBag from /opt/airflow/dags/01_hello_dag.py
[2026-08-30T14:57:48.600+0000] {processor.py:925} INFO - DAG(s) 'hello_dag' retrieved from /opt/airflow/dags/01_hello_dag.py
[2026-08-30T14:57:48.626+0000] {logging_mixin.py:190} INFO - [2026-08-30T14:57:48.625+0000] {dag.py:3239} INFO - Sync 1 DAGs
[2026-08-30T14:57:48.635+0000] {logging_mixin.py:190} INFO - [2026-08-30T14:57:48.635+0000] {dag.py:4180} INFO - Setting next_dagrun for hello_dag to None, run_after=None
[2026-08-30T14:57:48.651+0000] {processor.py:208} INFO - Processing /opt/airflow/dags/01_hello_dag.py took 0.076 seconds
[2026-08-30T14:58:19.403+0000] {processor.py:186} INFO - Started process (PID=2512) to work on /opt/airflow/dags/01_hello_dag.py
[2026-08-30T14:58:19.404+0000] {processor.py:914} INFO - Processing file /opt/airflow/dags/01_hello_dag.py for tasks to queue
[2026-08-30T14:58:19.406+0000] {logging_mixin.py:190} INFO - [2026-08-30T14:58:19.406+0000] {dagbag.py:588} INFO - Filling up the DagBag from /opt/airflow/dags/01_hello_dag.py
[2026-08-30T14:58:19.421+0000] {processor.py:925} INFO - DAG(s) 'hello_dag' retrieved from /opt/airflow/dags/01_hello_dag.py
[2026-08-30T14:58:19.447+0000] {logging_mixin.py:190} INFO - [2026-08-30T14:58:19.446+0000] {dag.py:3239} INFO - Sync 1 DAGs
[2026-08-30T14:58:19.457+0000] {logging_mixin.py:190} INFO - [2026-08-30T14:58:19.457+0000] {dag.py:4180} INFO - Setting next_dagrun for hello_dag to None, run_after=None
[2026-08-30T14:58:19.469+0000] {processor.py:208} INFO - Processing /opt/airflow/dags/01_hello_dag.py took 0.075 seconds
[2026-08-30T14:58:50.251+0000] {processor.py:186} INFO - Started process (PID=2525) to work on /opt/airflow/dags/01_hello_dag.py
[2026-08-30T14:58:50.253+0000] {processor.py:914} INFO - Processing file /opt/airflow/dags/01_hello_dag.py for tasks to queue
[2026-08-30T14:58:50.254+0000] {logging_mixin.py:190} INFO - [2026-08-30T14:58:50.254+0000] {dagbag.py:588} INFO - Filling up the DagBag from /opt/airflow/dags/01_hello_dag.py
[2026-08-30T14:58:50.273+0000] {processor.py:925} INFO - DAG(s) 'hello_dag' retrieved from /opt/airflow/dags/01_hello_dag.py
[2026-08-30T14:58:50.295+0000] {logging_mixin.py:190} INFO - [2026-08-30T14:58:50.295+0000] {dag.py:3239} INFO - Sync 1 DAGs
[2026-08-30T14:58:50.306+0000] {logging_mixin.py:190} INFO - [2026-08-30T14:58:50.306+0000] {dag.py:4180} INFO - Setting next_dagrun for hello_dag to None, run_after=None
[2026-08-30T14:58:50.322+0000] {processor.py:208} INFO - Processing /opt/airflow/dags/01_hello_dag.py took 0.084 seconds
[2026-08-30T14:59:20.550+0000] {processor.py:186} INFO - Started process (PID=2537) to work on /opt/airflow/dags/01_hello_dag.py
[2026-08-30T14:59:20.555+0000] {processor.py:914} INFO - Processing file /opt/airflow/dags/01_hello_dag.py for tasks to queue
[2026-08-30T14:59:20.556+0000] {logging_mixin.py:190} INFO - [2026-08-30T14:59:20.556+0000] {dagbag.py:588} INFO - Filling up the DagBag from /opt/airflow/dags/01_hello_dag.py
[2026-08-30T14:59:20.570+0000] {processor.py:925} INFO - DAG(s) 'hello_dag' retrieved from /opt/airflow/dags/01_hello_dag.py
[2026-08-30T14:59:20.611+0000] {logging_mixin.py:190} INFO - [2026-08-30T14:59:20.611+0000] {dag.py:3239} INFO - Sync 1 DAGs
[2026-08-30T14:59:20.630+0000] {logging_mixin.py:190} INFO - [2026-08-30T14:59:20.630+0000] {dag.py:4180} INFO - Setting next_dagrun for hello_dag to None, run_after=None
[2026-08-30T14:59:20.661+0000] {processor.py:208} INFO - Processing /opt/airflow/dags/01_hello_dag.py took 0.137 seconds
[2026-08-30T14:59:51.294+0000] {processor.py:186} INFO - Started process (PID=2549) to work on /opt/airflow/dags/01_hello_dag.py
[2026-08-30T14:59:51.295+0000] {processor.py:914} INFO - Processing file /opt/airflow/dags/01_hello_dag.py for tasks to queue
[2026-08-30T14:59:51.296+0000] {logging_mixin.py:190} INFO - [2026-08-30T14:59:51.295+0000] {dagbag.py:588} INFO - Filling up the DagBag from /opt/airflow/dags/01_hello_dag.py
[2026-08-30T14:59:51.308+0000] {processor.py:925} INFO - DAG(s) 'hello_dag' retrieved from /opt/airflow/dags/01_hello_dag.py
[2026-08-30T14:59:51.333+0000] {logging_mixin.py:190} INFO - [2026-08-30T14:59:51.333+0000] {dag.py:3239} INFO - Sync 1 DAGs
[2026-08-30T14:59:51.342+0000] {logging_mixin.py:190} INFO - [2026-08-30T14:59:51.342+0000] {dag.py:4180} INFO - Setting next_dagrun for hello_dag to None, run_after=None
[2026-08-30T14:59:51.351+0000] {processor.py:208} INFO - Processing /opt/airflow/dags/01_hello_dag.py took 0.061 seconds
[2026-08-30T15:00:22.028+0000] {processor.py:186} INFO - Started process (PID=2561) to work on /opt/airflow/dags/01_hello_dag.py
[2026-08-30T15:00:22.031+0000] {processor.py:914} INFO - Processing file /opt/airflow/dags/01_hello_dag.py for tasks to queue
[2026-08-30T15:00:22.032+0000] {logging_mixin.py:190} INFO - [2026-08-30T15:00:22.032+0000] {dagbag.py:588} INFO - Filling up the DagBag from /opt/airflow/dags/01_hello_dag.py
[2026-08-30T15:00:22.046+0000] {processor.py:925} INFO - DAG(s) 'hello_dag' retrieved from /opt/airflow/dags/01_hello_dag.py
[2026-08-30T15:00:22.068+0000] {logging_mixin.py:190} INFO - [2026-08-30T15:00:22.068+0000] {dag.py:3239} INFO - Sync 1 DAGs
[2026-08-30T15:00:22.077+0000] {logging_mixin.py:190} INFO - [2026-08-30T15:00:22.077+0000] {dag.py:4180} INFO - Setting next_dagrun for hello_dag to None, run_after=None
[2026-08-30T15:00:22.091+0000] {processor.py:208} INFO - Processing /opt/airflow/dags/01_hello_dag.py took 0.069 seconds
[2026-08-30T15:00:52.820+0000] {processor.py:186} INFO - Started process (PID=2573) to work on /opt/airflow/dags/01_hello_dag.py
[2026-08-30T15:00:52.820+0000] {processor.py:914} INFO - Processing file /opt/airflow/dags/01_hello_dag.py for tasks to queue
[2026-08-30T15:00:52.822+0000] {logging_mixin.py:190} INFO - [2026-08-30T15:00:52.822+0000] {dagbag.py:588} INFO - Filling up the DagBag from /opt/airflow/dags/01_hello_dag.py
[2026-08-30T15:00:52.830+0000] {processor.py:925} INFO - DAG(s) 'hello_dag' retrieved from /opt/airflow/dags/01_hello_dag.py
[2026-08-30T15:00:52.850+0000] {logging_mixin.py:190} INFO - [2026-08-30T15:00:52.850+0000] {dag.py:3239} INFO - Sync 1 DAGs
[2026-08-30T15:00:52.862+0000] {logging_mixin.py:190} INFO - [2026-08-30T15:00:52.862+0000] {dag.py:4180} INFO - Setting next_dagrun for hello_dag to None, run_after=None
[2026-08-30T15:00:52.875+0000] {processor.py:208} INFO - Processing /opt/airflow/dags/01_hello_dag.py took 0.066 seconds
[2026-08-30T15:01:23.673+0000] {processor.py:186} INFO - Started process (PID=2585) to work on /opt/airflow/dags/01_hello_dag.py
[2026-08-30T15:01:23.674+0000] {processor.py:914} INFO - Processing file /opt/airflow/dags/01_hello_dag.py for tasks to queue
[2026-08-30T15:01:23.675+0000] {logging_mixin.py:190} INFO - [2026-08-30T15:01:23.675+0000] {dagbag.py:588} INFO - Filling up the DagBag from /opt/airflow/dags/01_hello_dag.py
[2026-08-30T15:01:23.681+0000] {processor.py:925} INFO - DAG(s) 'hello_dag' retrieved from /opt/airflow/dags/01_hello_dag.py
[2026-08-30T15:01:23.696+0000] {logging_mixin.py:190} INFO - [2026-08-30T15:01:23.696+0000] {dag.py:3239} INFO - Sync 1 DAGs
[2026-08-30T15:01:23.703+0000] {logging_mixin.py:190} INFO - [2026-08-30T15:01:23.703+0000] {dag.py:4180} INFO - Setting next_dagrun for hello_dag to None, run_after=None
[2026-08-30T15:01:23.710+0000] {processor.py:208} INFO - Processing /opt/airflow/dags/01_hello_dag.py took 0.044 seconds
[2026-08-30T15:01:54.454+0000] {processor.py:186} INFO - Started process (PID=2597) to work on /opt/airflow/dags/01_hello_dag.py
[2026-08-30T15:01:54.456+0000] {processor.py:914} INFO - Processing file /opt/airflow/dags/01_hello_dag.py for tasks to queue
[2026-08-30T15:01:54.457+0000] {logging_mixin.py:190} INFO - [2026-08-30T15:01:54.457+0000] {dagbag.py:588} INFO - Filling up the DagBag from /opt/airflow/dags/01_hello_dag.py
[2026-08-30T15:01:54.467+0000] {processor.py:925} INFO - DAG(s) 'hello_dag' retrieved from /opt/airflow/dags/01_hello_dag.py
[2026-08-30T15:01:54.510+0000] {logging_mixin.py:190} INFO - [2026-08-30T15:01:54.510+0000] {dag.py:3239} INFO - Sync 1 DAGs
[2026-08-30T15:01:54.537+0000] {logging_mixin.py:190} INFO - [2026-08-30T15:01:54.537+0000] {dag.py:4180} INFO - Setting next_dagrun for hello_dag to None, run_after=None
[2026-08-30T15:01:54.547+0000] {processor.py:208} INFO - Processing /opt/airflow/dags/01_hello_dag.py took 0.099 seconds
[2026-08-30T15:02:25.308+0000] {processor.py:186} INFO - Started process (PID=2609) to work on /opt/airflow/dags/01_hello_dag.py
[2026-08-30T15:02:25.308+0000] {processor.py:914} INFO - Processing file /opt/airflow/dags/01_hello_dag.py for tasks to queue
[2026-08-30T15:02:25.310+0000] {logging_mixin.py:190} INFO - [2026-08-30T15:02:25.310+0000] {dagbag.py:588} INFO - Filling up the DagBag from /opt/airflow/dags/01_hello_dag.py
[2026-08-30T15:02:25.321+0000] {processor.py:925} INFO - DAG(s) 'hello_dag' retrieved from /opt/airflow/dags/01_hello_dag.py
[2026-08-30T15:02:25.352+0000] {logging_mixin.py:190} INFO - [2026-08-30T15:02:25.352+0000] {dag.py:3239} INFO - Sync 1 DAGs
[2026-08-30T15:02:25.369+0000] {logging_mixin.py:190} INFO - [2026-08-30T15:02:25.369+0000] {dag.py:4180} INFO - Setting next_dagrun for hello_dag to None, run_after=None
[2026-08-30T15:02:25.378+0000] {processor.py:208} INFO - Processing /opt/airflow/dags/01_hello_dag.py took 0.074 seconds
[2026-08-30T15:02:56.042+0000] {processor.py:186} INFO - Started process (PID=2621) to work on /opt/airflow/dags/01_hello_dag.py
[2026-08-30T15:02:56.042+0000] {processor.py:914} INFO - Processing file /opt/airflow/dags/01_hello_dag.py for tasks to queue
[2026-08-30T15:02:56.045+0000] {logging_mixin.py:190} INFO - [2026-08-30T15:02:56.044+0000] {dagbag.py:588} INFO - Filling up the DagBag from /opt/airflow/dags/01_hello_dag.py
[2026-08-30T15:02:56.050+0000] {processor.py:925} INFO - DAG(s) 'hello_dag' retrieved from /opt/airflow/dags/01_hello_dag.py
[2026-08-30T15:02:56.070+0000] {logging_mixin.py:190} INFO - [2026-08-30T15:02:56.070+0000] {dag.py:3239} INFO - Sync 1 DAGs
[2026-08-30T15:02:56.084+0000] {logging_mixin.py:190} INFO - [2026-08-30T15:02:56.084+0000] {dag.py:4180} INFO - Setting next_dagrun for hello_dag to None, run_after=None
[2026-08-30T15:02:56.100+0000] {processor.py:208} INFO - Processing /opt/airflow/dags/01_hello_dag.py took 0.062 seconds
[2026-08-30T15:03:26.832+0000] {processor.py:186} INFO - Started process (PID=2633) to work on /opt/airflow/dags/01_hello_dag.py
[2026-08-30T15:03:26.832+0000] {processor.py:914} INFO - Processing file /opt/airflow/dags/01_hello_dag.py for tasks to queue
[2026-08-30T15:03:26.833+0000] {logging_mixin.py:190} INFO - [2026-08-30T15:03:26.833+0000] {dagbag.py:588} INFO - Filling up the DagBag from /opt/airflow/dags/01_hello_dag.py
[2026-08-30T15:03:26.847+0000] {processor.py:925} INFO - DAG(s) 'hello_dag' retrieved from /opt/airflow/dags/01_hello_dag.py
[2026-08-30T15:03:26.880+0000] {logging_mixin.py:190} INFO - [2026-08-30T15:03:26.879+0000] {dag.py:3239} INFO - Sync 1 DAGs
[2026-08-30T15:03:26.894+0000] {logging_mixin.py:190} INFO - [2026-08-30T15:03:26.894+0000] {dag.py:4180} INFO - Setting next_dagrun for hello_dag to None, run_after=None
[2026-08-30T15:03:26.901+0000] {processor.py:208} INFO - Processing /opt/airflow/dags/01_hello_dag.py took 0.073 seconds
[2026-08-30T15:03:57.605+0000] {processor.py:186} INFO - Started process (PID=2645) to work on /opt/airflow/dags/01_hello_dag.py
[2026-08-30T15:03:57.606+0000] {processor.py:914} INFO - Processing file /opt/airflow/dags/01_hello_dag.py for tasks to queue
[2026-08-30T15:03:57.608+0000] {logging_mixin.py:190} INFO - [2026-08-30T15:03:57.608+0000] {dagbag.py:588} INFO - Filling up the DagBag from /opt/airflow/dags/01_hello_dag.py
[2026-08-30T15:03:57.615+0000] {processor.py:925} INFO - DAG(s) 'hello_dag' retrieved from /opt/airflow/dags/01_hello_dag.py
[2026-08-30T15:03:57.635+0000] {logging_mixin.py:190} INFO - [2026-08-30T15:03:57.635+0000] {dag.py:3239} INFO - Sync 1 DAGs
[2026-08-30T15:03:57.645+0000] {logging_mixin.py:190} INFO - [2026-08-30T15:03:57.644+0000] {dag.py:4180} INFO - Setting next_dagrun for hello_dag to None, run_after=None
[2026-08-30T15:03:57.664+0000] {processor.py:208} INFO - Processing /opt/airflow/dags/01_hello_dag.py took 0.063 seconds
[2026-08-30T15:04:28.358+0000] {processor.py:186} INFO - Started process (PID=2657) to work on /opt/airflow/dags/01_hello_dag.py
[2026-08-30T15:04:28.361+0000] {processor.py:914} INFO - Processing file /opt/airflow/dags/01_hello_dag.py for tasks to queue
[2026-08-30T15:04:28.362+0000] {logging_mixin.py:190} INFO - [2026-08-30T15:04:28.362+0000] {dagbag.py:588} INFO - Filling up the DagBag from /opt/airflow/dags/01_hello_dag.py
[2026-08-30T15:04:28.372+0000] {processor.py:925} INFO - DAG(s) 'hello_dag' retrieved from /opt/airflow/dags/01_hello_dag.py
[2026-08-30T15:04:28.397+0000] {logging_mixin.py:190} INFO - [2026-08-30T15:04:28.396+0000] {dag.py:3239} INFO - Sync 1 DAGs
[2026-08-30T15:04:28.410+0000] {logging_mixin.py:190} INFO - [2026-08-30T15:04:28.410+0000] {dag.py:4180} INFO - Setting next_dagrun for hello_dag to None, run_after=None
[2026-08-30T15:04:28.418+0000] {processor.py:208} INFO - Processing /opt/airflow/dags/01_hello_dag.py took 0.067 seconds
[2026-08-30T15:04:59.271+0000] {processor.py:186} INFO - Started process (PID=2669) to work on /opt/airflow/dags/01_hello_dag.py
[2026-08-30T15:04:59.272+0000] {processor.py:914} INFO - Processing file /opt/airflow/dags/01_hello_dag.py for tasks to queue
[2026-08-30T15:04:59.273+0000] {logging_mixin.py:190} INFO - [2026-08-30T15:04:59.273+0000] {dagbag.py:588} INFO - Filling up the DagBag from /opt/airflow/dags/01_hello_dag.py
[2026-08-30T15:04:59.279+0000] {processor.py:925} INFO - DAG(s) 'hello_dag' retrieved from /opt/airflow/dags/01_hello_dag.py
[2026-08-30T15:04:59.299+0000] {logging_mixin.py:190} INFO - [2026-08-30T15:04:59.299+0000] {dag.py:3239} INFO - Sync 1 DAGs
[2026-08-30T15:04:59.308+0000] {logging_mixin.py:190} INFO - [2026-08-30T15:04:59.308+0000] {dag.py:4180} INFO - Setting next_dagrun for hello_dag to None, run_after=None
[2026-08-30T15:04:59.316+0000] {processor.py:208} INFO - Processing /opt/airflow/dags/01_hello_dag.py took 0.054 seconds
[2026-08-30T15:05:30.075+0000] {processor.py:186} INFO - Started process (PID=2681) to work on /opt/airflow/dags/01_hello_dag.py
[2026-08-30T15:05:30.077+0000] {processor.py:914} INFO - Processing file /opt/airflow/dags/01_hello_dag.py for tasks to queue
[2026-08-30T15:05:30.079+0000] {logging_mixin.py:190} INFO - [2026-08-30T15:05:30.079+0000] {dagbag.py:588} INFO - Filling up the DagBag from /opt/airflow/dags/01_hello_dag.py
[2026-08-30T15:05:30.090+0000] {processor.py:925} INFO - DAG(s) 'hello_dag' retrieved from /opt/airflow/dags/01_hello_dag.py
[2026-08-30T15:05:30.116+0000] {logging_mixin.py:190} INFO - [2026-08-30T15:05:30.116+0000] {dag.py:3239} INFO - Sync 1 DAGs
[2026-08-30T15:05:30.135+0000] {logging_mixin.py:190} INFO - [2026-08-30T15:05:30.134+0000] {dag.py:4180} INFO - Setting next_dagrun for hello_dag to None, run_after=None
[2026-08-30T15:05:30.149+0000] {processor.py:208} INFO - Processing /opt/airflow/dags/01_hello_dag.py took 0.077 seconds
[2026-08-30T15:06:00.904+0000] {processor.py:186} INFO - Started process (PID=2693) to work on /opt/airflow/dags/01_hello_dag.py
[2026-08-30T15:06:00.905+0000] {processor.py:914} INFO - Processing file /opt/airflow/dags/01_hello_dag.py for tasks to queue
[2026-08-30T15:06:00.905+0000] {logging_mixin.py:190} INFO - [2026-08-30T15:06:00.905+0000] {dagbag.py:588} INFO - Filling up the DagBag from /opt/airflow/dags/01_hello_dag.py
[2026-08-30T15:06:00.914+0000] {processor.py:925} INFO - DAG(s) 'hello_dag' retrieved from /opt/airflow/dags/01_hello_dag.py
[2026-08-30T15:06:00.933+0000] {logging_mixin.py:190} INFO - [2026-08-30T15:06:00.932+0000] {dag.py:3239} INFO - Sync 1 DAGs
[2026-08-30T15:06:00.951+0000] {logging_mixin.py:190} INFO - [2026-08-30T15:06:00.951+0000] {dag.py:4180} INFO - Setting next_dagrun for hello_dag to None, run_after=None
[2026-08-30T15:06:00.968+0000] {processor.py:208} INFO - Processing /opt/airflow/dags/01_hello_dag.py took 0.068 seconds
[2026-08-30T15:06:31.826+0000] {processor.py:186} INFO - Started process (PID=2705) to work on /opt/airflow/dags/01_hello_dag.py
[2026-08-30T15:06:31.828+0000] {processor.py:914} INFO - Processing file /opt/airflow/dags/01_hello_dag.py for tasks to queue
[2026-08-30T15:06:31.830+0000] {logging_mixin.py:190} INFO - [2026-08-30T15:06:31.829+0000] {dagbag.py:588} INFO - Filling up the DagBag from /opt/airflow/dags/01_hello_dag.py
[2026-08-30T15:06:31.840+0000] {processor.py:925} INFO - DAG(s) 'hello_dag' retrieved from /opt/airflow/dags/01_hello_dag.py
[2026-08-30T15:06:31.866+0000] {logging_mixin.py:190} INFO - [2026-08-30T15:06:31.866+0000] {dag.py:3239} INFO - Sync 1 DAGs
[2026-08-30T15:06:31.882+0000] {logging_mixin.py:190} INFO - [2026-08-30T15:06:31.882+0000] {dag.py:4180} INFO - Setting next_dagrun for hello_dag to None, run_after=None
[2026-08-30T15:06:31.893+0000] {processor.py:208} INFO - Processing /opt/airflow/dags/01_hello_dag.py took 0.074 seconds
[2026-08-30T15:07:02.649+0000] {processor.py:186} INFO - Started process (PID=2723) to work on /opt/airflow/dags/01_hello_dag.py
[2026-08-30T15:07:02.649+0000] {processor.py:914} INFO - Processing file /opt/airflow/dags/01_hello_dag.py for tasks to queue
[2026-08-30T15:07:02.650+0000] {logging_mixin.py:190} INFO - [2026-08-30T15:07:02.650+0000] {dagbag.py:588} INFO - Filling up the DagBag from /opt/airflow/dags/01_hello_dag.py
[2026-08-30T15:07:02.659+0000] {processor.py:925} INFO - DAG(s) 'hello_dag' retrieved from /opt/airflow/dags/01_hello_dag.py
[2026-08-30T15:07:02.681+0000] {logging_mixin.py:190} INFO - [2026-08-30T15:07:02.680+0000] {dag.py:3239} INFO - Sync 1 DAGs
[2026-08-30T15:07:02.697+0000] {logging_mixin.py:190} INFO - [2026-08-30T15:07:02.697+0000] {dag.py:4180} INFO - Setting next_dagrun for hello_dag to None, run_after=None
[2026-08-30T15:07:02.717+0000] {processor.py:208} INFO - Processing /opt/airflow/dags/01_hello_dag.py took 0.073 seconds
[2026-08-30T15:07:33.593+0000] {processor.py:186} INFO - Started process (PID=2735) to work on /opt/airflow/dags/01_hello_dag.py
[2026-08-30T15:07:33.594+0000] {processor.py:914} INFO - Processing file /opt/airflow/dags/01_hello_dag.py for tasks to queue
[2026-08-30T15:07:33.595+0000] {logging_mixin.py:190} INFO - [2026-08-30T15:07:33.595+0000] {dagbag.py:588} INFO - Filling up the DagBag from /opt/airflow/dags/01_hello_dag.py
[2026-08-30T15:07:33.604+0000] {processor.py:925} INFO - DAG(s) 'hello_dag' retrieved from /opt/airflow/dags/01_hello_dag.py
[2026-08-30T15:07:33.632+0000] {logging_mixin.py:190} INFO - [2026-08-30T15:07:33.631+0000] {dag.py:3239} INFO - Sync 1 DAGs
[2026-08-30T15:07:33.649+0000] {logging_mixin.py:190} INFO - [2026-08-30T15:07:33.649+0000] {dag.py:4180} INFO - Setting next_dagrun for hello_dag to None, run_after=None
[2026-08-30T15:07:33.657+0000] {processor.py:208} INFO - Processing /opt/airflow/dags/01_hello_dag.py took 0.071 seconds
[2026-08-30T15:08:04.430+0000] {processor.py:186} INFO - Started process (PID=2747) to work on /opt/airflow/dags/01_hello_dag.py
[2026-08-30T15:08:04.431+0000] {processor.py:914} INFO - Processing file /opt/airflow/dags/01_hello_dag.py for tasks to queue
[2026-08-30T15:08:04.432+0000] {logging_mixin.py:190} INFO - [2026-08-30T15:08:04.432+0000] {dagbag.py:588} INFO - Filling up the DagBag from /opt/airflow/dags/01_hello_dag.py
[2026-08-30T15:08:04.454+0000] {processor.py:925} INFO - DAG(s) 'hello_dag' retrieved from /opt/airflow/dags/01_hello_dag.py
[2026-08-30T15:08:04.525+0000] {logging_mixin.py:190} INFO - [2026-08-30T15:08:04.525+0000] {dag.py:3239} INFO - Sync 1 DAGs
[2026-08-30T15:08:04.584+0000] {logging_mixin.py:190} INFO - [2026-08-30T15:08:04.584+0000] {dag.py:4180} INFO - Setting next_dagrun for hello_dag to None, run_after=None
[2026-08-30T15:08:04.600+0000] {processor.py:208} INFO - Processing /opt/airflow/dags/01_hello_dag.py took 0.178 seconds
[2026-08-30T15:10:42.217+0000] {processor.py:186} INFO - Started process (PID=94) to work on /opt/airflow/dags/01_hello_dag.py
[2026-08-30T15:10:42.222+0000] {processor.py:914} INFO - Processing file /opt/airflow/dags/01_hello_dag.py for tasks to queue
[2026-08-30T15:10:42.238+0000] {logging_mixin.py:190} INFO - [2026-08-30T15:10:42.236+0000] {dagbag.py:588} INFO - Filling up the DagBag from /opt/airflow/dags/01_hello_dag.py
[2026-08-30T15:10:42.269+0000] {processor.py:925} INFO - DAG(s) 'hello_dag' retrieved from /opt/airflow/dags/01_hello_dag.py
[2026-08-30T15:10:42.306+0000] {logging_mixin.py:190} INFO - [2026-08-30T15:10:42.306+0000] {dag.py:3239} INFO - Sync 1 DAGs
[2026-08-30T15:10:42.355+0000] {logging_mixin.py:190} INFO - [2026-08-30T15:10:42.354+0000] {dag.py:4180} INFO - Setting next_dagrun for hello_dag to None, run_after=None
[2026-08-30T15:10:42.393+0000] {processor.py:208} INFO - Processing /opt/airflow/dags/01_hello_dag.py took 0.209 seconds
[2026-08-30T15:11:13.004+0000] {processor.py:186} INFO - Started process (PID=106) to work on /opt/airflow/dags/01_hello_dag.py
[2026-08-30T15:11:13.005+0000] {processor.py:914} INFO - Processing file /opt/airflow/dags/01_hello_dag.py for tasks to queue
[2026-08-30T15:11:13.006+0000] {logging_mixin.py:190} INFO - [2026-08-30T15:11:13.006+0000] {dagbag.py:588} INFO - Filling up the DagBag from /opt/airflow/dags/01_hello_dag.py
[2026-08-30T15:11:13.013+0000] {processor.py:925} INFO - DAG(s) 'hello_dag' retrieved from /opt/airflow/dags/01_hello_dag.py
[2026-08-30T15:11:13.029+0000] {logging_mixin.py:190} INFO - [2026-08-30T15:11:13.029+0000] {dag.py:3239} INFO - Sync 1 DAGs
[2026-08-30T15:11:13.036+0000] {logging_mixin.py:190} INFO - [2026-08-30T15:11:13.035+0000] {dag.py:4180} INFO - Setting next_dagrun for hello_dag to None, run_after=None
[2026-08-30T15:11:13.044+0000] {processor.py:208} INFO - Processing /opt/airflow/dags/01_hello_dag.py took 0.048 seconds
[2026-08-30T15:11:43.768+0000] {processor.py:186} INFO - Started process (PID=118) to work on /opt/airflow/dags/01_hello_dag.py
[2026-08-30T15:11:43.769+0000] {processor.py:914} INFO - Processing file /opt/airflow/dags/01_hello_dag.py for tasks to queue
[2026-08-30T15:11:43.771+0000] {logging_mixin.py:190} INFO - [2026-08-30T15:11:43.770+0000] {dagbag.py:588} INFO - Filling up the DagBag from /opt/airflow/dags/01_hello_dag.py
[2026-08-30T15:11:43.779+0000] {processor.py:925} INFO - DAG(s) 'hello_dag' retrieved from /opt/airflow/dags/01_hello_dag.py
[2026-08-30T15:11:43.796+0000] {logging_mixin.py:190} INFO - [2026-08-30T15:11:43.796+0000] {dag.py:3239} INFO - Sync 1 DAGs
[2026-08-30T15:11:43.805+0000] {logging_mixin.py:190} INFO - [2026-08-30T15:11:43.805+0000] {dag.py:4180} INFO - Setting next_dagrun for hello_dag to None, run_after=None
[2026-08-30T15:11:43.816+0000] {processor.py:208} INFO - Processing /opt/airflow/dags/01_hello_dag.py took 0.051 seconds
[2026-08-30T15:12:14.776+0000] {processor.py:186} INFO - Started process (PID=130) to work on /opt/airflow/dags/01_hello_dag.py
[2026-08-30T15:12:14.778+0000] {processor.py:914} INFO - Processing file /opt/airflow/dags/01_hello_dag.py for tasks to queue
[2026-08-30T15:12:14.781+0000] {logging_mixin.py:190} INFO - [2026-08-30T15:12:14.780+0000] {dagbag.py:588} INFO - Filling up the DagBag from /opt/airflow/dags/01_hello_dag.py
[2026-08-30T15:12:14.788+0000] {processor.py:925} INFO - DAG(s) 'hello_dag' retrieved from /opt/airflow/dags/01_hello_dag.py
[2026-08-30T15:12:14.808+0000] {logging_mixin.py:190} INFO - [2026-08-30T15:12:14.807+0000] {dag.py:3239} INFO - Sync 1 DAGs
[2026-08-30T15:12:14.817+0000] {logging_mixin.py:190} INFO - [2026-08-30T15:12:14.816+0000] {dag.py:4180} INFO - Setting next_dagrun for hello_dag to None, run_after=None
[2026-08-30T15:12:14.827+0000] {processor.py:208} INFO - Processing /opt/airflow/dags/01_hello_dag.py took 0.060 seconds
[2026-08-30T15:14:24.869+0000] {processor.py:186} INFO - Started process (PID=93) to work on /opt/airflow/dags/01_hello_dag.py
[2026-08-30T15:14:24.876+0000] {processor.py:914} INFO - Processing file /opt/airflow/dags/01_hello_dag.py for tasks to queue
[2026-08-30T15:14:24.888+0000] {logging_mixin.py:190} INFO - [2026-08-30T15:14:24.887+0000] {dagbag.py:588} INFO - Filling up the DagBag from /opt/airflow/dags/01_hello_dag.py
[2026-08-30T15:14:24.915+0000] {processor.py:925} INFO - DAG(s) 'hello_dag' retrieved from /opt/airflow/dags/01_hello_dag.py
[2026-08-30T15:14:24.988+0000] {logging_mixin.py:190} INFO - [2026-08-30T15:14:24.987+0000] {dag.py:3239} INFO - Sync 1 DAGs
[2026-08-30T15:14:25.011+0000] {logging_mixin.py:190} INFO - [2026-08-30T15:14:25.010+0000] {dag.py:4180} INFO - Setting next_dagrun for hello_dag to None, run_after=None
[2026-08-30T15:14:25.050+0000] {processor.py:208} INFO - Processing /opt/airflow/dags/01_hello_dag.py took 0.220 seconds
[2026-08-30T15:14:55.731+0000] {processor.py:186} INFO - Started process (PID=105) to work on /opt/airflow/dags/01_hello_dag.py
[2026-08-30T15:14:55.732+0000] {processor.py:914} INFO - Processing file /opt/airflow/dags/01_hello_dag.py for tasks to queue
[2026-08-30T15:14:55.733+0000] {logging_mixin.py:190} INFO - [2026-08-30T15:14:55.733+0000] {dagbag.py:588} INFO - Filling up the DagBag from /opt/airflow/dags/01_hello_dag.py
[2026-08-30T15:14:55.740+0000] {processor.py:925} INFO - DAG(s) 'hello_dag' retrieved from /opt/airflow/dags/01_hello_dag.py
[2026-08-30T15:14:55.758+0000] {logging_mixin.py:190} INFO - [2026-08-30T15:14:55.758+0000] {dag.py:3239} INFO - Sync 1 DAGs
[2026-08-30T15:14:55.764+0000] {logging_mixin.py:190} INFO - [2026-08-30T15:14:55.764+0000] {dag.py:4180} INFO - Setting next_dagrun for hello_dag to None, run_after=None
[2026-08-30T15:14:55.774+0000] {processor.py:208} INFO - Processing /opt/airflow/dags/01_hello_dag.py took 0.046 seconds
[2026-08-30T15:15:26.417+0000] {processor.py:186} INFO - Started process (PID=117) to work on /opt/airflow/dags/01_hello_dag.py
[2026-08-30T15:15:26.418+0000] {processor.py:914} INFO - Processing file /opt/airflow/dags/01_hello_dag.py for tasks to queue
[2026-08-30T15:15:26.419+0000] {logging_mixin.py:190} INFO - [2026-08-30T15:15:26.419+0000] {dagbag.py:588} INFO - Filling up the DagBag from /opt/airflow/dags/01_hello_dag.py
[2026-08-30T15:15:26.426+0000] {processor.py:925} INFO - DAG(s) 'hello_dag' retrieved from /opt/airflow/dags/01_hello_dag.py
[2026-08-30T15:15:26.443+0000] {logging_mixin.py:190} INFO - [2026-08-30T15:15:26.443+0000] {dag.py:3239} INFO - Sync 1 DAGs
[2026-08-30T15:15:26.449+0000] {logging_mixin.py:190} INFO - [2026-08-30T15:15:26.449+0000] {dag.py:4180} INFO - Setting next_dagrun for hello_dag to None, run_after=None
[2026-08-30T15:15:26.456+0000] {processor.py:208} INFO - Processing /opt/airflow/dags/01_hello_dag.py took 0.043 seconds
[2026-08-30T15:15:57.270+0000] {processor.py:186} INFO - Started process (PID=129) to work on /opt/airflow/dags/01_hello_dag.py
[2026-08-30T15:15:57.270+0000] {processor.py:914} INFO - Processing file /opt/airflow/dags/01_hello_dag.py for tasks to queue
[2026-08-30T15:15:57.272+0000] {logging_mixin.py:190} INFO - [2026-08-30T15:15:57.272+0000] {dagbag.py:588} INFO - Filling up the DagBag from /opt/airflow/dags/01_hello_dag.py
[2026-08-30T15:15:57.278+0000] {processor.py:925} INFO - DAG(s) 'hello_dag' retrieved from /opt/airflow/dags/01_hello_dag.py
[2026-08-30T15:15:57.294+0000] {logging_mixin.py:190} INFO - [2026-08-30T15:15:57.293+0000] {dag.py:3239} INFO - Sync 1 DAGs
[2026-08-30T15:15:57.301+0000] {logging_mixin.py:190} INFO - [2026-08-30T15:15:57.300+0000] {dag.py:4180} INFO - Setting next_dagrun for hello_dag to None, run_after=None
[2026-08-30T15:15:57.309+0000] {processor.py:208} INFO - Processing /opt/airflow/dags/01_hello_dag.py took 0.043 seconds
[2026-08-30T15:16:28.247+0000] {processor.py:186} INFO - Started process (PID=141) to work on /opt/airflow/dags/01_hello_dag.py
[2026-08-30T15:16:28.249+0000] {processor.py:914} INFO - Processing file /opt/airflow/dags/01_hello_dag.py for tasks to queue
[2026-08-30T15:16:28.252+0000] {logging_mixin.py:190} INFO - [2026-08-30T15:16:28.251+0000] {dagbag.py:588} INFO - Filling up the DagBag from /opt/airflow/dags/01_hello_dag.py
[2026-08-30T15:16:28.260+0000] {processor.py:925} INFO - DAG(s) 'hello_dag' retrieved from /opt/airflow/dags/01_hello_dag.py
[2026-08-30T15:16:28.283+0000] {logging_mixin.py:190} INFO - [2026-08-30T15:16:28.282+0000] {dag.py:3239} INFO - Sync 1 DAGs
[2026-08-30T15:16:28.289+0000] {logging_mixin.py:190} INFO - [2026-08-30T15:16:28.289+0000] {dag.py:4180} INFO - Setting next_dagrun for hello_dag to None, run_after=None
[2026-08-30T15:16:28.298+0000] {processor.py:208} INFO - Processing /opt/airflow/dags/01_hello_dag.py took 0.057 seconds
[2026-08-30T15:16:59.873+0000] {processor.py:186} INFO - Started process (PID=153) to work on /opt/airflow/dags/01_hello_dag.py
[2026-08-30T15:16:59.874+0000] {processor.py:914} INFO - Processing file /opt/airflow/dags/01_hello_dag.py for tasks to queue
[2026-08-30T15:16:59.875+0000] {logging_mixin.py:190} INFO - [2026-08-30T15:16:59.875+0000] {dagbag.py:588} INFO - Filling up the DagBag from /opt/airflow/dags/01_hello_dag.py
[2026-08-30T15:16:59.881+0000] {processor.py:925} INFO - DAG(s) 'hello_dag' retrieved from /opt/airflow/dags/01_hello_dag.py
[2026-08-30T15:16:59.987+0000] {logging_mixin.py:190} INFO - [2026-08-30T15:16:59.986+0000] {dag.py:3239} INFO - Sync 1 DAGs
[2026-08-30T15:16:59.992+0000] {logging_mixin.py:190} INFO - [2026-08-30T15:16:59.992+0000] {dag.py:4180} INFO - Setting next_dagrun for hello_dag to None, run_after=None
[2026-08-30T15:17:00.000+0000] {processor.py:208} INFO - Processing /opt/airflow/dags/01_hello_dag.py took 0.132 seconds
[2026-08-30T15:17:30.761+0000] {processor.py:186} INFO - Started process (PID=165) to work on /opt/airflow/dags/01_hello_dag.py
[2026-08-30T15:17:30.762+0000] {processor.py:914} INFO - Processing file /opt/airflow/dags/01_hello_dag.py for tasks to queue
[2026-08-30T15:17:30.766+0000] {logging_mixin.py:190} INFO - [2026-08-30T15:17:30.765+0000] {dagbag.py:588} INFO - Filling up the DagBag from /opt/airflow/dags/01_hello_dag.py
[2026-08-30T15:17:30.776+0000] {processor.py:925} INFO - DAG(s) 'hello_dag' retrieved from /opt/airflow/dags/01_hello_dag.py
[2026-08-30T15:17:30.801+0000] {logging_mixin.py:190} INFO - [2026-08-30T15:17:30.801+0000] {dag.py:3239} INFO - Sync 1 DAGs
[2026-08-30T15:17:30.808+0000] {logging_mixin.py:190} INFO - [2026-08-30T15:17:30.808+0000] {dag.py:4180} INFO - Setting next_dagrun for hello_dag to None, run_after=None
[2026-08-30T15:17:30.815+0000] {processor.py:208} INFO - Processing /opt/airflow/dags/01_hello_dag.py took 0.061 seconds
[2026-08-30T15:18:01.581+0000] {processor.py:186} INFO - Started process (PID=177) to work on /opt/airflow/dags/01_hello_dag.py
[2026-08-30T15:18:01.582+0000] {processor.py:914} INFO - Processing file /opt/airflow/dags/01_hello_dag.py for tasks to queue
[2026-08-30T15:18:01.583+0000] {logging_mixin.py:190} INFO - [2026-08-30T15:18:01.583+0000] {dagbag.py:588} INFO - Filling up the DagBag from /opt/airflow/dags/01_hello_dag.py
[2026-08-30T15:18:01.590+0000] {processor.py:925} INFO - DAG(s) 'hello_dag' retrieved from /opt/airflow/dags/01_hello_dag.py
[2026-08-30T15:18:01.614+0000] {logging_mixin.py:190} INFO - [2026-08-30T15:18:01.614+0000] {dag.py:3239} INFO - Sync 1 DAGs
[2026-08-30T15:18:01.625+0000] {logging_mixin.py:190} INFO - [2026-08-30T15:18:01.624+0000] {dag.py:4180} INFO - Setting next_dagrun for hello_dag to None, run_after=None
[2026-08-30T15:18:01.633+0000] {processor.py:208} INFO - Processing /opt/airflow/dags/01_hello_dag.py took 0.056 seconds
[2026-08-30T15:18:32.739+0000] {processor.py:186} INFO - Started process (PID=189) to work on /opt/airflow/dags/01_hello_dag.py
[2026-08-30T15:18:32.740+0000] {processor.py:914} INFO - Processing file /opt/airflow/dags/01_hello_dag.py for tasks to queue
[2026-08-30T15:18:32.744+0000] {logging_mixin.py:190} INFO - [2026-08-30T15:18:32.744+0000] {dagbag.py:588} INFO - Filling up the DagBag from /opt/airflow/dags/01_hello_dag.py
[2026-08-30T15:18:32.760+0000] {processor.py:925} INFO - DAG(s) 'hello_dag' retrieved from /opt/airflow/dags/01_hello_dag.py
[2026-08-30T15:18:32.787+0000] {logging_mixin.py:190} INFO - [2026-08-30T15:18:32.786+0000] {dag.py:3239} INFO - Sync 1 DAGs
[2026-08-30T15:18:32.796+0000] {logging_mixin.py:190} INFO - [2026-08-30T15:18:32.796+0000] {dag.py:4180} INFO - Setting next_dagrun for hello_dag to None, run_after=None
[2026-08-30T15:18:32.809+0000] {processor.py:208} INFO - Processing /opt/airflow/dags/01_hello_dag.py took 0.074 seconds
[2026-08-30T15:19:03.744+0000] {processor.py:186} INFO - Started process (PID=201) to work on /opt/airflow/dags/01_hello_dag.py
[2026-08-30T15:19:03.745+0000] {processor.py:914} INFO - Processing file /opt/airflow/dags/01_hello_dag.py for tasks to queue
[2026-08-30T15:19:03.746+0000] {logging_mixin.py:190} INFO - [2026-08-30T15:19:03.746+0000] {dagbag.py:588} INFO - Filling up the DagBag from /opt/airflow/dags/01_hello_dag.py
[2026-08-30T15:19:03.752+0000] {processor.py:925} INFO - DAG(s) 'hello_dag' retrieved from /opt/airflow/dags/01_hello_dag.py
[2026-08-30T15:19:03.768+0000] {logging_mixin.py:190} INFO - [2026-08-30T15:19:03.768+0000] {dag.py:3239} INFO - Sync 1 DAGs
[2026-08-30T15:19:03.774+0000] {logging_mixin.py:190} INFO - [2026-08-30T15:19:03.774+0000] {dag.py:4180} INFO - Setting next_dagrun for hello_dag to None, run_after=None
[2026-08-30T15:19:03.782+0000] {processor.py:208} INFO - Processing /opt/airflow/dags/01_hello_dag.py took 0.042 seconds
[2026-08-30T15:19:34.588+0000] {processor.py:186} INFO - Started process (PID=213) to work on /opt/airflow/dags/01_hello_dag.py
[2026-08-30T15:19:34.589+0000] {processor.py:914} INFO - Processing file /opt/airflow/dags/01_hello_dag.py for tasks to queue
[2026-08-30T15:19:34.591+0000] {logging_mixin.py:190} INFO - [2026-08-30T15:19:34.590+0000] {dagbag.py:588} INFO - Filling up the DagBag from /opt/airflow/dags/01_hello_dag.py
[2026-08-30T15:19:34.598+0000] {processor.py:925} INFO - DAG(s) 'hello_dag' retrieved from /opt/airflow/dags/01_hello_dag.py
[2026-08-30T15:19:34.614+0000] {logging_mixin.py:190} INFO - [2026-08-30T15:19:34.613+0000] {dag.py:3239} INFO - Sync 1 DAGs
[2026-08-30T15:19:34.621+0000] {logging_mixin.py:190} INFO - [2026-08-30T15:19:34.621+0000] {dag.py:4180} INFO - Setting next_dagrun for hello_dag to None, run_after=None
[2026-08-30T15:19:34.629+0000] {processor.py:208} INFO - Processing /opt/airflow/dags/01_hello_dag.py took 0.046 seconds
[2026-08-30T15:20:05.511+0000] {processor.py:186} INFO - Started process (PID=225) to work on /opt/airflow/dags/01_hello_dag.py
[2026-08-30T15:20:05.511+0000] {processor.py:914} INFO - Processing file /opt/airflow/dags/01_hello_dag.py for tasks to queue
[2026-08-30T15:20:05.513+0000] {logging_mixin.py:190} INFO - [2026-08-30T15:20:05.513+0000] {dagbag.py:588} INFO - Filling up the DagBag from /opt/airflow/dags/01_hello_dag.py
[2026-08-30T15:20:05.519+0000] {processor.py:925} INFO - DAG(s) 'hello_dag' retrieved from /opt/airflow/dags/01_hello_dag.py
[2026-08-30T15:20:05.535+0000] {logging_mixin.py:190} INFO - [2026-08-30T15:20:05.534+0000] {dag.py:3239} INFO - Sync 1 DAGs
[2026-08-30T15:20:05.541+0000] {logging_mixin.py:190} INFO - [2026-08-30T15:20:05.541+0000] {dag.py:4180} INFO - Setting next_dagrun for hello_dag to None, run_after=None
[2026-08-30T15:20:05.549+0000] {processor.py:208} INFO - Processing /opt/airflow/dags/01_hello_dag.py took 0.042 seconds
[2026-08-30T15:20:36.374+0000] {processor.py:186} INFO - Started process (PID=237) to work on /opt/airflow/dags/01_hello_dag.py
[2026-08-30T15:20:36.375+0000] {processor.py:914} INFO - Processing file /opt/airflow/dags/01_hello_dag.py for tasks to queue
[2026-08-30T15:20:36.378+0000] {logging_mixin.py:190} INFO - [2026-08-30T15:20:36.378+0000] {dagbag.py:588} INFO - Filling up the DagBag from /opt/airflow/dags/01_hello_dag.py
[2026-08-30T15:20:36.386+0000] {processor.py:925} INFO - DAG(s) 'hello_dag' retrieved from /opt/airflow/dags/01_hello_dag.py
[2026-08-30T15:20:36.407+0000] {logging_mixin.py:190} INFO - [2026-08-30T15:20:36.406+0000] {dag.py:3239} INFO - Sync 1 DAGs
[2026-08-30T15:20:36.413+0000] {logging_mixin.py:190} INFO - [2026-08-30T15:20:36.413+0000] {dag.py:4180} INFO - Setting next_dagrun for hello_dag to None, run_after=None
[2026-08-30T15:20:36.421+0000] {processor.py:208} INFO - Processing /opt/airflow/dags/01_hello_dag.py took 0.051 seconds
[2026-08-30T15:21:07.211+0000] {processor.py:186} INFO - Started process (PID=249) to work on /opt/airflow/dags/01_hello_dag.py
[2026-08-30T15:21:07.212+0000] {processor.py:914} INFO - Processing file /opt/airflow/dags/01_hello_dag.py for tasks to queue
[2026-08-30T15:21:07.214+0000] {logging_mixin.py:190} INFO - [2026-08-30T15:21:07.214+0000] {dagbag.py:588} INFO - Filling up the DagBag from /opt/airflow/dags/01_hello_dag.py
[2026-08-30T15:21:07.224+0000] {processor.py:925} INFO - DAG(s) 'hello_dag' retrieved from /opt/airflow/dags/01_hello_dag.py
[2026-08-30T15:21:07.249+0000] {logging_mixin.py:190} INFO - [2026-08-30T15:21:07.248+0000] {dag.py:3239} INFO - Sync 1 DAGs
[2026-08-30T15:21:07.257+0000] {logging_mixin.py:190} INFO - [2026-08-30T15:21:07.257+0000] {dag.py:4180} INFO - Setting next_dagrun for hello_dag to None, run_after=None
[2026-08-30T15:21:07.267+0000] {processor.py:208} INFO - Processing /opt/airflow/dags/01_hello_dag.py took 0.062 seconds
[2026-08-30T15:21:38.093+0000] {processor.py:186} INFO - Started process (PID=261) to work on /opt/airflow/dags/01_hello_dag.py
[2026-08-30T15:21:38.094+0000] {processor.py:914} INFO - Processing file /opt/airflow/dags/01_hello_dag.py for tasks to queue
[2026-08-30T15:21:38.096+0000] {logging_mixin.py:190} INFO - [2026-08-30T15:21:38.095+0000] {dagbag.py:588} INFO - Filling up the DagBag from /opt/airflow/dags/01_hello_dag.py
[2026-08-30T15:21:38.102+0000] {processor.py:925} INFO - DAG(s) 'hello_dag' retrieved from /opt/airflow/dags/01_hello_dag.py
[2026-08-30T15:21:38.122+0000] {logging_mixin.py:190} INFO - [2026-08-30T15:21:38.121+0000] {dag.py:3239} INFO - Sync 1 DAGs
[2026-08-30T15:21:38.133+0000] {logging_mixin.py:190} INFO - [2026-08-30T15:21:38.132+0000] {dag.py:4180} INFO - Setting next_dagrun for hello_dag to None, run_after=None
[2026-08-30T15:21:38.194+0000] {processor.py:208} INFO - Processing /opt/airflow/dags/01_hello_dag.py took 0.104 seconds
[2026-08-30T15:22:08.821+0000] {processor.py:186} INFO - Started process (PID=273) to work on /opt/airflow/dags/01_hello_dag.py
[2026-08-30T15:22:08.822+0000] {processor.py:914} INFO - Processing file /opt/airflow/dags/01_hello_dag.py for tasks to queue
[2026-08-30T15:22:08.825+0000] {logging_mixin.py:190} INFO - [2026-08-30T15:22:08.825+0000] {dagbag.py:588} INFO - Filling up the DagBag from /opt/airflow/dags/01_hello_dag.py
[2026-08-30T15:22:08.835+0000] {processor.py:925} INFO - DAG(s) 'hello_dag' retrieved from /opt/airflow/dags/01_hello_dag.py
[2026-08-30T15:22:08.850+0000] {logging_mixin.py:190} INFO - [2026-08-30T15:22:08.850+0000] {dag.py:3239} INFO - Sync 1 DAGs
[2026-08-30T15:22:08.857+0000] {logging_mixin.py:190} INFO - [2026-08-30T15:22:08.857+0000] {dag.py:4180} INFO - Setting next_dagrun for hello_dag to None, run_after=None
[2026-08-30T15:22:08.865+0000] {processor.py:208} INFO - Processing /opt/airflow/dags/01_hello_dag.py took 0.048 seconds
[2026-08-30T15:22:39.659+0000] {processor.py:186} INFO - Started process (PID=285) to work on /opt/airflow/dags/01_hello_dag.py
[2026-08-30T15:22:39.660+0000] {processor.py:914} INFO - Processing file /opt/airflow/dags/01_hello_dag.py for tasks to queue
[2026-08-30T15:22:39.661+0000] {logging_mixin.py:190} INFO - [2026-08-30T15:22:39.661+0000] {dagbag.py:588} INFO - Filling up the DagBag from /opt/airflow/dags/01_hello_dag.py
[2026-08-30T15:22:39.668+0000] {processor.py:925} INFO - DAG(s) 'hello_dag' retrieved from /opt/airflow/dags/01_hello_dag.py
[2026-08-30T15:22:39.684+0000] {logging_mixin.py:190} INFO - [2026-08-30T15:22:39.684+0000] {dag.py:3239} INFO - Sync 1 DAGs
[2026-08-30T15:22:39.692+0000] {logging_mixin.py:190} INFO - [2026-08-30T15:22:39.692+0000] {dag.py:4180} INFO - Setting next_dagrun for hello_dag to None, run_after=None
[2026-08-30T15:22:39.700+0000] {processor.py:208} INFO - Processing /opt/airflow/dags/01_hello_dag.py took 0.045 seconds
[2026-08-30T15:23:10.405+0000] {processor.py:186} INFO - Started process (PID=297) to work on /opt/airflow/dags/01_hello_dag.py
[2026-08-30T15:23:10.406+0000] {processor.py:914} INFO - Processing file /opt/airflow/dags/01_hello_dag.py for tasks to queue
[2026-08-30T15:23:10.407+0000] {logging_mixin.py:190} INFO - [2026-08-30T15:23:10.407+0000] {dagbag.py:588} INFO - Filling up the DagBag from /opt/airflow/dags/01_hello_dag.py
[2026-08-30T15:23:10.414+0000] {processor.py:925} INFO - DAG(s) 'hello_dag' retrieved from /opt/airflow/dags/01_hello_dag.py
[2026-08-30T15:23:10.428+0000] {logging_mixin.py:190} INFO - [2026-08-30T15:23:10.428+0000] {dag.py:3239} INFO - Sync 1 DAGs
[2026-08-30T15:23:10.434+0000] {logging_mixin.py:190} INFO - [2026-08-30T15:23:10.434+0000] {dag.py:4180} INFO - Setting next_dagrun for hello_dag to None, run_after=None
[2026-08-30T15:23:10.443+0000] {processor.py:208} INFO - Processing /opt/airflow/dags/01_hello_dag.py took 0.041 seconds
[2026-08-30T15:23:41.205+0000] {processor.py:186} INFO - Started process (PID=309) to work on /opt/airflow/dags/01_hello_dag.py
[2026-08-30T15:23:41.206+0000] {processor.py:914} INFO - Processing file /opt/airflow/dags/01_hello_dag.py for tasks to queue
[2026-08-30T15:23:41.207+0000] {logging_mixin.py:190} INFO - [2026-08-30T15:23:41.207+0000] {dagbag.py:588} INFO - Filling up the DagBag from /opt/airflow/dags/01_hello_dag.py
[2026-08-30T15:23:41.214+0000] {processor.py:925} INFO - DAG(s) 'hello_dag' retrieved from /opt/airflow/dags/01_hello_dag.py
[2026-08-30T15:23:41.228+0000] {logging_mixin.py:190} INFO - [2026-08-30T15:23:41.228+0000] {dag.py:3239} INFO - Sync 1 DAGs
[2026-08-30T15:23:41.234+0000] {logging_mixin.py:190} INFO - [2026-08-30T15:23:41.234+0000] {dag.py:4180} INFO - Setting next_dagrun for hello_dag to None, run_after=None
[2026-08-30T15:23:41.241+0000] {processor.py:208} INFO - Processing /opt/airflow/dags/01_hello_dag.py took 0.044 seconds
[2026-08-30T15:24:12.025+0000] {processor.py:186} INFO - Started process (PID=321) to work on /opt/airflow/dags/01_hello_dag.py
[2026-08-30T15:24:12.026+0000] {processor.py:914} INFO - Processing file /opt/airflow/dags/01_hello_dag.py for tasks to queue
[2026-08-30T15:24:12.027+0000] {logging_mixin.py:190} INFO - [2026-08-30T15:24:12.027+0000] {dagbag.py:588} INFO - Filling up the DagBag from /opt/airflow/dags/01_hello_dag.py
[2026-08-30T15:24:12.033+0000] {processor.py:925} INFO - DAG(s) 'hello_dag' retrieved from /opt/airflow/dags/01_hello_dag.py
[2026-08-30T15:24:12.048+0000] {logging_mixin.py:190} INFO - [2026-08-30T15:24:12.048+0000] {dag.py:3239} INFO - Sync 1 DAGs
[2026-08-30T15:24:12.055+0000] {logging_mixin.py:190} INFO - [2026-08-30T15:24:12.055+0000] {dag.py:4180} INFO - Setting next_dagrun for hello_dag to None, run_after=None
[2026-08-30T15:24:12.063+0000] {processor.py:208} INFO - Processing /opt/airflow/dags/01_hello_dag.py took 0.059 seconds
[2026-08-30T15:24:43.129+0000] {processor.py:186} INFO - Started process (PID=333) to work on /opt/airflow/dags/01_hello_dag.py
[2026-08-30T15:24:43.130+0000] {processor.py:914} INFO - Processing file /opt/airflow/dags/01_hello_dag.py for tasks to queue
[2026-08-30T15:24:43.132+0000] {logging_mixin.py:190} INFO - [2026-08-30T15:24:43.132+0000] {dagbag.py:588} INFO - Filling up the DagBag from /opt/airflow/dags/01_hello_dag.py
[2026-08-30T15:24:43.143+0000] {processor.py:925} INFO - DAG(s) 'hello_dag' retrieved from /opt/airflow/dags/01_hello_dag.py
[2026-08-30T15:24:43.165+0000] {logging_mixin.py:190} INFO - [2026-08-30T15:24:43.165+0000] {dag.py:3239} INFO - Sync 1 DAGs
[2026-08-30T15:24:43.180+0000] {logging_mixin.py:190} INFO - [2026-08-30T15:24:43.180+0000] {dag.py:4180} INFO - Setting next_dagrun for hello_dag to None, run_after=None
[2026-08-30T15:24:43.221+0000] {processor.py:208} INFO - Processing /opt/airflow/dags/01_hello_dag.py took 0.097 seconds
[2026-08-30T15:25:13.882+0000] {processor.py:186} INFO - Started process (PID=345) to work on /opt/airflow/dags/01_hello_dag.py
[2026-08-30T15:25:13.883+0000] {processor.py:914} INFO - Processing file /opt/airflow/dags/01_hello_dag.py for tasks to queue
[2026-08-30T15:25:13.884+0000] {logging_mixin.py:190} INFO - [2026-08-30T15:25:13.884+0000] {dagbag.py:588} INFO - Filling up the DagBag from /opt/airflow/dags/01_hello_dag.py
[2026-08-30T15:25:13.893+0000] {processor.py:925} INFO - DAG(s) 'hello_dag' retrieved from /opt/airflow/dags/01_hello_dag.py
[2026-08-30T15:25:13.909+0000] {logging_mixin.py:190} INFO - [2026-08-30T15:25:13.909+0000] {dag.py:3239} INFO - Sync 1 DAGs
[2026-08-30T15:25:13.916+0000] {logging_mixin.py:190} INFO - [2026-08-30T15:25:13.916+0000] {dag.py:4180} INFO - Setting next_dagrun for hello_dag to None, run_after=None
[2026-08-30T15:25:13.924+0000] {processor.py:208} INFO - Processing /opt/airflow/dags/01_hello_dag.py took 0.045 seconds
[2026-08-30T15:25:44.703+0000] {processor.py:186} INFO - Started process (PID=357) to work on /opt/airflow/dags/01_hello_dag.py
[2026-08-30T15:25:44.704+0000] {processor.py:914} INFO - Processing file /opt/airflow/dags/01_hello_dag.py for tasks to queue
[2026-08-30T15:25:44.705+0000] {logging_mixin.py:190} INFO - [2026-08-30T15:25:44.705+0000] {dagbag.py:588} INFO - Filling up the DagBag from /opt/airflow/dags/01_hello_dag.py
[2026-08-30T15:25:44.716+0000] {processor.py:925} INFO - DAG(s) 'hello_dag' retrieved from /opt/airflow/dags/01_hello_dag.py
[2026-08-30T15:25:44.732+0000] {logging_mixin.py:190} INFO - [2026-08-30T15:25:44.732+0000] {dag.py:3239} INFO - Sync 1 DAGs
[2026-08-30T15:25:44.739+0000] {logging_mixin.py:190} INFO - [2026-08-30T15:25:44.739+0000] {dag.py:4180} INFO - Setting next_dagrun for hello_dag to None, run_after=None
[2026-08-30T15:25:44.746+0000] {processor.py:208} INFO - Processing /opt/airflow/dags/01_hello_dag.py took 0.048 seconds
[2026-08-30T15:26:15.488+0000] {processor.py:186} INFO - Started process (PID=369) to work on /opt/airflow/dags/01_hello_dag.py
[2026-08-30T15:26:15.489+0000] {processor.py:914} INFO - Processing file /opt/airflow/dags/01_hello_dag.py for tasks to queue
[2026-08-30T15:26:15.490+0000] {logging_mixin.py:190} INFO - [2026-08-30T15:26:15.490+0000] {dagbag.py:588} INFO - Filling up the DagBag from /opt/airflow/dags/01_hello_dag.py
[2026-08-30T15:26:15.497+0000] {processor.py:925} INFO - DAG(s) 'hello_dag' retrieved from /opt/airflow/dags/01_hello_dag.py
[2026-08-30T15:26:15.514+0000] {logging_mixin.py:190} INFO - [2026-08-30T15:26:15.514+0000] {dag.py:3239} INFO - Sync 1 DAGs
[2026-08-30T15:26:15.521+0000] {logging_mixin.py:190} INFO - [2026-08-30T15:26:15.521+0000] {dag.py:4180} INFO - Setting next_dagrun for hello_dag to None, run_after=None
[2026-08-30T15:26:15.529+0000] {processor.py:208} INFO - Processing /opt/airflow/dags/01_hello_dag.py took 0.045 seconds
[2026-08-30T15:26:46.302+0000] {processor.py:186} INFO - Started process (PID=381) to work on /opt/airflow/dags/01_hello_dag.py
[2026-08-30T15:26:46.303+0000] {processor.py:914} INFO - Processing file /opt/airflow/dags/01_hello_dag.py for tasks to queue
[2026-08-30T15:26:46.304+0000] {logging_mixin.py:190} INFO - [2026-08-30T15:26:46.304+0000] {dagbag.py:588} INFO - Filling up the DagBag from /opt/airflow/dags/01_hello_dag.py
[2026-08-30T15:26:46.311+0000] {processor.py:925} INFO - DAG(s) 'hello_dag' retrieved from /opt/airflow/dags/01_hello_dag.py
[2026-08-30T15:26:46.326+0000] {logging_mixin.py:190} INFO - [2026-08-30T15:26:46.326+0000] {dag.py:3239} INFO - Sync 1 DAGs
[2026-08-30T15:26:46.334+0000] {logging_mixin.py:190} INFO - [2026-08-30T15:26:46.334+0000] {dag.py:4180} INFO - Setting next_dagrun for hello_dag to None, run_after=None
[2026-08-30T15:26:46.343+0000] {processor.py:208} INFO - Processing /opt/airflow/dags/01_hello_dag.py took 0.045 seconds
[2026-08-30T15:27:17.166+0000] {processor.py:186} INFO - Started process (PID=393) to work on /opt/airflow/dags/01_hello_dag.py
[2026-08-30T15:27:17.166+0000] {processor.py:914} INFO - Processing file /opt/airflow/dags/01_hello_dag.py for tasks to queue
[2026-08-30T15:27:17.168+0000] {logging_mixin.py:190} INFO - [2026-08-30T15:27:17.168+0000] {dagbag.py:588} INFO - Filling up the DagBag from /opt/airflow/dags/01_hello_dag.py
[2026-08-30T15:27:17.176+0000] {processor.py:925} INFO - DAG(s) 'hello_dag' retrieved from /opt/airflow/dags/01_hello_dag.py
[2026-08-30T15:27:17.197+0000] {logging_mixin.py:190} INFO - [2026-08-30T15:27:17.196+0000] {dag.py:3239} INFO - Sync 1 DAGs
[2026-08-30T15:27:17.212+0000] {logging_mixin.py:190} INFO - [2026-08-30T15:27:17.212+0000] {dag.py:4180} INFO - Setting next_dagrun for hello_dag to None, run_after=None
[2026-08-30T15:27:17.226+0000] {processor.py:208} INFO - Processing /opt/airflow/dags/01_hello_dag.py took 0.065 seconds
[2026-08-30T15:27:48.205+0000] {processor.py:186} INFO - Started process (PID=405) to work on /opt/airflow/dags/01_hello_dag.py
[2026-08-30T15:27:48.206+0000] {processor.py:914} INFO - Processing file /opt/airflow/dags/01_hello_dag.py for tasks to queue
[2026-08-30T15:27:48.208+0000] {logging_mixin.py:190} INFO - [2026-08-30T15:27:48.207+0000] {dagbag.py:588} INFO - Filling up the DagBag from /opt/airflow/dags/01_hello_dag.py
[2026-08-30T15:27:48.214+0000] {processor.py:925} INFO - DAG(s) 'hello_dag' retrieved from /opt/airflow/dags/01_hello_dag.py
[2026-08-30T15:27:48.230+0000] {logging_mixin.py:190} INFO - [2026-08-30T15:27:48.229+0000] {dag.py:3239} INFO - Sync 1 DAGs
[2026-08-30T15:27:48.236+0000] {logging_mixin.py:190} INFO - [2026-08-30T15:27:48.236+0000] {dag.py:4180} INFO - Setting next_dagrun for hello_dag to None, run_after=None
[2026-08-30T15:27:48.243+0000] {processor.py:208} INFO - Processing /opt/airflow/dags/01_hello_dag.py took 0.043 seconds
[2026-08-30T15:28:19.016+0000] {processor.py:186} INFO - Started process (PID=417) to work on /opt/airflow/dags/01_hello_dag.py
[2026-08-30T15:28:19.017+0000] {processor.py:914} INFO - Processing file /opt/airflow/dags/01_hello_dag.py for tasks to queue
[2026-08-30T15:28:19.019+0000] {logging_mixin.py:190} INFO - [2026-08-30T15:28:19.019+0000] {dagbag.py:588} INFO - Filling up the DagBag from /opt/airflow/dags/01_hello_dag.py
[2026-08-30T15:28:19.026+0000] {processor.py:925} INFO - DAG(s) 'hello_dag' retrieved from /opt/airflow/dags/01_hello_dag.py
[2026-08-30T15:28:19.042+0000] {logging_mixin.py:190} INFO - [2026-08-30T15:28:19.042+0000] {dag.py:3239} INFO - Sync 1 DAGs
[2026-08-30T15:28:19.048+0000] {logging_mixin.py:190} INFO - [2026-08-30T15:28:19.048+0000] {dag.py:4180} INFO - Setting next_dagrun for hello_dag to None, run_after=None
[2026-08-30T15:28:19.056+0000] {processor.py:208} INFO - Processing /opt/airflow/dags/01_hello_dag.py took 0.044 seconds
[2026-08-30T15:28:49.749+0000] {processor.py:186} INFO - Started process (PID=429) to work on /opt/airflow/dags/01_hello_dag.py
[2026-08-30T15:28:49.750+0000] {processor.py:914} INFO - Processing file /opt/airflow/dags/01_hello_dag.py for tasks to queue
[2026-08-30T15:28:49.751+0000] {logging_mixin.py:190} INFO - [2026-08-30T15:28:49.751+0000] {dagbag.py:588} INFO - Filling up the DagBag from /opt/airflow/dags/01_hello_dag.py
[2026-08-30T15:28:49.758+0000] {processor.py:925} INFO - DAG(s) 'hello_dag' retrieved from /opt/airflow/dags/01_hello_dag.py
[2026-08-30T15:28:49.774+0000] {logging_mixin.py:190} INFO - [2026-08-30T15:28:49.773+0000] {dag.py:3239} INFO - Sync 1 DAGs
[2026-08-30T15:28:49.781+0000] {logging_mixin.py:190} INFO - [2026-08-30T15:28:49.780+0000] {dag.py:4180} INFO - Setting next_dagrun for hello_dag to None, run_after=None
[2026-08-30T15:28:49.788+0000] {processor.py:208} INFO - Processing /opt/airflow/dags/01_hello_dag.py took 0.043 seconds
[2026-08-30T15:29:20.542+0000] {processor.py:186} INFO - Started process (PID=441) to work on /opt/airflow/dags/01_hello_dag.py
[2026-08-30T15:29:20.543+0000] {processor.py:914} INFO - Processing file /opt/airflow/dags/01_hello_dag.py for tasks to queue
[2026-08-30T15:29:20.544+0000] {logging_mixin.py:190} INFO - [2026-08-30T15:29:20.544+0000] {dagbag.py:588} INFO - Filling up the DagBag from /opt/airflow/dags/01_hello_dag.py
[2026-08-30T15:29:20.550+0000] {processor.py:925} INFO - DAG(s) 'hello_dag' retrieved from /opt/airflow/dags/01_hello_dag.py
[2026-08-30T15:29:20.565+0000] {logging_mixin.py:190} INFO - [2026-08-30T15:29:20.565+0000] {dag.py:3239} INFO - Sync 1 DAGs
[2026-08-30T15:29:20.571+0000] {logging_mixin.py:190} INFO - [2026-08-30T15:29:20.571+0000] {dag.py:4180} INFO - Setting next_dagrun for hello_dag to None, run_after=None
[2026-08-30T15:29:20.579+0000] {processor.py:208} INFO - Processing /opt/airflow/dags/01_hello_dag.py took 0.041 seconds
[2026-08-30T15:29:51.293+0000] {processor.py:186} INFO - Started process (PID=454) to work on /opt/airflow/dags/01_hello_dag.py
[2026-08-30T15:29:51.294+0000] {processor.py:914} INFO - Processing file /opt/airflow/dags/01_hello_dag.py for tasks to queue
[2026-08-30T15:29:51.296+0000] {logging_mixin.py:190} INFO - [2026-08-30T15:29:51.296+0000] {dagbag.py:588} INFO - Filling up the DagBag from /opt/airflow/dags/01_hello_dag.py
[2026-08-30T15:29:51.302+0000] {processor.py:925} INFO - DAG(s) 'hello_dag' retrieved from /opt/airflow/dags/01_hello_dag.py
[2026-08-30T15:29:51.318+0000] {logging_mixin.py:190} INFO - [2026-08-30T15:29:51.317+0000] {dag.py:3239} INFO - Sync 1 DAGs
[2026-08-30T15:29:51.324+0000] {logging_mixin.py:190} INFO - [2026-08-30T15:29:51.324+0000] {dag.py:4180} INFO - Setting next_dagrun for hello_dag to None, run_after=None
[2026-08-30T15:29:51.332+0000] {processor.py:208} INFO - Processing /opt/airflow/dags/01_hello_dag.py took 0.042 seconds
[2026-08-30T15:30:22.124+0000] {processor.py:186} INFO - Started process (PID=466) to work on /opt/airflow/dags/01_hello_dag.py
[2026-08-30T15:30:22.125+0000] {processor.py:914} INFO - Processing file /opt/airflow/dags/01_hello_dag.py for tasks to queue
[2026-08-30T15:30:22.127+0000] {logging_mixin.py:190} INFO - [2026-08-30T15:30:22.127+0000] {dagbag.py:588} INFO - Filling up the DagBag from /opt/airflow/dags/01_hello_dag.py
[2026-08-30T15:30:22.137+0000] {processor.py:925} INFO - DAG(s) 'hello_dag' retrieved from /opt/airflow/dags/01_hello_dag.py
[2026-08-30T15:30:22.163+0000] {logging_mixin.py:190} INFO - [2026-08-30T15:30:22.163+0000] {dag.py:3239} INFO - Sync 1 DAGs
[2026-08-30T15:30:22.173+0000] {logging_mixin.py:190} INFO - [2026-08-30T15:30:22.173+0000] {dag.py:4180} INFO - Setting next_dagrun for hello_dag to None, run_after=None
[2026-08-30T15:30:22.185+0000] {processor.py:208} INFO - Processing /opt/airflow/dags/01_hello_dag.py took 0.066 seconds
[2026-08-30T15:30:53.081+0000] {processor.py:186} INFO - Started process (PID=484) to work on /opt/airflow/dags/01_hello_dag.py
[2026-08-30T15:30:53.083+0000] {processor.py:914} INFO - Processing file /opt/airflow/dags/01_hello_dag.py for tasks to queue
[2026-08-30T15:30:53.085+0000] {logging_mixin.py:190} INFO - [2026-08-30T15:30:53.085+0000] {dagbag.py:588} INFO - Filling up the DagBag from /opt/airflow/dags/01_hello_dag.py
[2026-08-30T15:30:53.097+0000] {processor.py:925} INFO - DAG(s) 'hello_dag' retrieved from /opt/airflow/dags/01_hello_dag.py
[2026-08-30T15:30:53.115+0000] {logging_mixin.py:190} INFO - [2026-08-30T15:30:53.115+0000] {dag.py:3239} INFO - Sync 1 DAGs
[2026-08-30T15:30:53.123+0000] {logging_mixin.py:190} INFO - [2026-08-30T15:30:53.122+0000] {dag.py:4180} INFO - Setting next_dagrun for hello_dag to None, run_after=None
[2026-08-30T15:30:53.131+0000] {processor.py:208} INFO - Processing /opt/airflow/dags/01_hello_dag.py took 0.058 seconds
[2026-08-30T15:31:24.035+0000] {processor.py:186} INFO - Started process (PID=496) to work on /opt/airflow/dags/01_hello_dag.py
[2026-08-30T15:31:24.036+0000] {processor.py:914} INFO - Processing file /opt/airflow/dags/01_hello_dag.py for tasks to queue
[2026-08-30T15:31:24.038+0000] {logging_mixin.py:190} INFO - [2026-08-30T15:31:24.038+0000] {dagbag.py:588} INFO - Filling up the DagBag from /opt/airflow/dags/01_hello_dag.py
[2026-08-30T15:31:24.047+0000] {processor.py:925} INFO - DAG(s) 'hello_dag' retrieved from /opt/airflow/dags/01_hello_dag.py
[2026-08-30T15:31:24.066+0000] {logging_mixin.py:190} INFO - [2026-08-30T15:31:24.066+0000] {dag.py:3239} INFO - Sync 1 DAGs
[2026-08-30T15:31:24.073+0000] {logging_mixin.py:190} INFO - [2026-08-30T15:31:24.073+0000] {dag.py:4180} INFO - Setting next_dagrun for hello_dag to None, run_after=None
[2026-08-30T15:31:24.080+0000] {processor.py:208} INFO - Processing /opt/airflow/dags/01_hello_dag.py took 0.050 seconds
[2026-08-30T15:31:54.899+0000] {processor.py:186} INFO - Started process (PID=508) to work on /opt/airflow/dags/01_hello_dag.py
[2026-08-30T15:31:54.899+0000] {processor.py:914} INFO - Processing file /opt/airflow/dags/01_hello_dag.py for tasks to queue
[2026-08-30T15:31:54.900+0000] {logging_mixin.py:190} INFO - [2026-08-30T15:31:54.900+0000] {dagbag.py:588} INFO - Filling up the DagBag from /opt/airflow/dags/01_hello_dag.py
[2026-08-30T15:31:54.907+0000] {processor.py:925} INFO - DAG(s) 'hello_dag' retrieved from /opt/airflow/dags/01_hello_dag.py
[2026-08-30T15:31:54.921+0000] {logging_mixin.py:190} INFO - [2026-08-30T15:31:54.921+0000] {dag.py:3239} INFO - Sync 1 DAGs
[2026-08-30T15:31:54.929+0000] {logging_mixin.py:190} INFO - [2026-08-30T15:31:54.929+0000] {dag.py:4180} INFO - Setting next_dagrun for hello_dag to None, run_after=None
[2026-08-30T15:31:54.936+0000] {processor.py:208} INFO - Processing /opt/airflow/dags/01_hello_dag.py took 0.042 seconds
[2026-08-30T15:32:25.866+0000] {processor.py:186} INFO - Started process (PID=519) to work on /opt/airflow/dags/01_hello_dag.py
[2026-08-30T15:32:25.867+0000] {processor.py:914} INFO - Processing file /opt/airflow/dags/01_hello_dag.py for tasks to queue
[2026-08-30T15:32:25.868+0000] {logging_mixin.py:190} INFO - [2026-08-30T15:32:25.868+0000] {dagbag.py:588} INFO - Filling up the DagBag from /opt/airflow/dags/01_hello_dag.py
[2026-08-30T15:32:25.875+0000] {processor.py:925} INFO - DAG(s) 'hello_dag' retrieved from /opt/airflow/dags/01_hello_dag.py
[2026-08-30T15:32:25.891+0000] {logging_mixin.py:190} INFO - [2026-08-30T15:32:25.891+0000] {dag.py:3239} INFO - Sync 1 DAGs
[2026-08-30T15:32:25.898+0000] {logging_mixin.py:190} INFO - [2026-08-30T15:32:25.897+0000] {dag.py:4180} INFO - Setting next_dagrun for hello_dag to None, run_after=None
[2026-08-30T15:32:25.905+0000] {processor.py:208} INFO - Processing /opt/airflow/dags/01_hello_dag.py took 0.043 seconds
[2026-08-30T15:32:56.783+0000] {processor.py:186} INFO - Started process (PID=531) to work on /opt/airflow/dags/01_hello_dag.py
[2026-08-30T15:32:56.784+0000] {processor.py:914} INFO - Processing file /opt/airflow/dags/01_hello_dag.py for tasks to queue
[2026-08-30T15:32:56.786+0000] {logging_mixin.py:190} INFO - [2026-08-30T15:32:56.785+0000] {dagbag.py:588} INFO - Filling up the DagBag from /opt/airflow/dags/01_hello_dag.py
[2026-08-30T15:32:56.794+0000] {processor.py:925} INFO - DAG(s) 'hello_dag' retrieved from /opt/airflow/dags/01_hello_dag.py
[2026-08-30T15:32:56.811+0000] {logging_mixin.py:190} INFO - [2026-08-30T15:32:56.811+0000] {dag.py:3239} INFO - Sync 1 DAGs
[2026-08-30T15:32:56.819+0000] {logging_mixin.py:190} INFO - [2026-08-30T15:32:56.819+0000] {dag.py:4180} INFO - Setting next_dagrun for hello_dag to None, run_after=None
[2026-08-30T15:32:56.829+0000] {processor.py:208} INFO - Processing /opt/airflow/dags/01_hello_dag.py took 0.050 seconds
[2026-08-30T15:33:27.617+0000] {processor.py:186} INFO - Started process (PID=543) to work on /opt/airflow/dags/01_hello_dag.py
[2026-08-30T15:33:27.617+0000] {processor.py:914} INFO - Processing file /opt/airflow/dags/01_hello_dag.py for tasks to queue
[2026-08-30T15:33:27.619+0000] {logging_mixin.py:190} INFO - [2026-08-30T15:33:27.618+0000] {dagbag.py:588} INFO - Filling up the DagBag from /opt/airflow/dags/01_hello_dag.py
[2026-08-30T15:33:27.624+0000] {processor.py:925} INFO - DAG(s) 'hello_dag' retrieved from /opt/airflow/dags/01_hello_dag.py
[2026-08-30T15:33:27.639+0000] {logging_mixin.py:190} INFO - [2026-08-30T15:33:27.639+0000] {dag.py:3239} INFO - Sync 1 DAGs
[2026-08-30T15:33:27.646+0000] {logging_mixin.py:190} INFO - [2026-08-30T15:33:27.646+0000] {dag.py:4180} INFO - Setting next_dagrun for hello_dag to None, run_after=None
[2026-08-30T15:33:27.654+0000] {processor.py:208} INFO - Processing /opt/airflow/dags/01_hello_dag.py took 0.041 seconds
[2026-08-30T15:33:58.425+0000] {processor.py:186} INFO - Started process (PID=555) to work on /opt/airflow/dags/01_hello_dag.py
[2026-08-30T15:33:58.425+0000] {processor.py:914} INFO - Processing file /opt/airflow/dags/01_hello_dag.py for tasks to queue
[2026-08-30T15:33:58.427+0000] {logging_mixin.py:190} INFO - [2026-08-30T15:33:58.427+0000] {dagbag.py:588} INFO - Filling up the DagBag from /opt/airflow/dags/01_hello_dag.py
[2026-08-30T15:33:58.433+0000] {processor.py:925} INFO - DAG(s) 'hello_dag' retrieved from /opt/airflow/dags/01_hello_dag.py
[2026-08-30T15:33:58.448+0000] {logging_mixin.py:190} INFO - [2026-08-30T15:33:58.448+0000] {dag.py:3239} INFO - Sync 1 DAGs
[2026-08-30T15:33:58.456+0000] {logging_mixin.py:190} INFO - [2026-08-30T15:33:58.456+0000] {dag.py:4180} INFO - Setting next_dagrun for hello_dag to None, run_after=None
[2026-08-30T15:33:58.463+0000] {processor.py:208} INFO - Processing /opt/airflow/dags/01_hello_dag.py took 0.042 seconds
[2026-08-30T15:34:29.210+0000] {processor.py:186} INFO - Started process (PID=567) to work on /opt/airflow/dags/01_hello_dag.py
[2026-08-30T15:34:29.211+0000] {processor.py:914} INFO - Processing file /opt/airflow/dags/01_hello_dag.py for tasks to queue
[2026-08-30T15:34:29.213+0000] {logging_mixin.py:190} INFO - [2026-08-30T15:34:29.213+0000] {dagbag.py:588} INFO - Filling up the DagBag from /opt/airflow/dags/01_hello_dag.py
[2026-08-30T15:34:29.222+0000] {processor.py:925} INFO - DAG(s) 'hello_dag' retrieved from /opt/airflow/dags/01_hello_dag.py
[2026-08-30T15:34:29.243+0000] {logging_mixin.py:190} INFO - [2026-08-30T15:34:29.243+0000] {dag.py:3239} INFO - Sync 1 DAGs
[2026-08-30T15:34:29.253+0000] {logging_mixin.py:190} INFO - [2026-08-30T15:34:29.253+0000] {dag.py:4180} INFO - Setting next_dagrun for hello_dag to None, run_after=None
[2026-08-30T15:34:29.262+0000] {processor.py:208} INFO - Processing /opt/airflow/dags/01_hello_dag.py took 0.056 seconds
[2026-08-30T15:35:00.109+0000] {processor.py:186} INFO - Started process (PID=579) to work on /opt/airflow/dags/01_hello_dag.py
[2026-08-30T15:35:00.110+0000] {processor.py:914} INFO - Processing file /opt/airflow/dags/01_hello_dag.py for tasks to queue
[2026-08-30T15:35:00.112+0000] {logging_mixin.py:190} INFO - [2026-08-30T15:35:00.111+0000] {dagbag.py:588} INFO - Filling up the DagBag from /opt/airflow/dags/01_hello_dag.py
[2026-08-30T15:35:00.118+0000] {processor.py:925} INFO - DAG(s) 'hello_dag' retrieved from /opt/airflow/dags/01_hello_dag.py
[2026-08-30T15:35:00.132+0000] {logging_mixin.py:190} INFO - [2026-08-30T15:35:00.132+0000] {dag.py:3239} INFO - Sync 1 DAGs
[2026-08-30T15:35:00.139+0000] {logging_mixin.py:190} INFO - [2026-08-30T15:35:00.139+0000] {dag.py:4180} INFO - Setting next_dagrun for hello_dag to None, run_after=None
[2026-08-30T15:35:00.146+0000] {processor.py:208} INFO - Processing /opt/airflow/dags/01_hello_dag.py took 0.041 seconds
[2026-08-30T15:35:30.836+0000] {processor.py:186} INFO - Started process (PID=592) to work on /opt/airflow/dags/01_hello_dag.py
[2026-08-30T15:35:30.837+0000] {processor.py:914} INFO - Processing file /opt/airflow/dags/01_hello_dag.py for tasks to queue
[2026-08-30T15:35:30.839+0000] {logging_mixin.py:190} INFO - [2026-08-30T15:35:30.838+0000] {dagbag.py:588} INFO - Filling up the DagBag from /opt/airflow/dags/01_hello_dag.py
[2026-08-30T15:35:30.847+0000] {processor.py:925} INFO - DAG(s) 'hello_dag' retrieved from /opt/airflow/dags/01_hello_dag.py
[2026-08-30T15:35:30.866+0000] {logging_mixin.py:190} INFO - [2026-08-30T15:35:30.866+0000] {dag.py:3239} INFO - Sync 1 DAGs
[2026-08-30T15:35:30.873+0000] {logging_mixin.py:190} INFO - [2026-08-30T15:35:30.873+0000] {dag.py:4180} INFO - Setting next_dagrun for hello_dag to None, run_after=None
[2026-08-30T15:35:30.881+0000] {processor.py:208} INFO - Processing /opt/airflow/dags/01_hello_dag.py took 0.049 seconds
[2026-08-30T15:36:01.697+0000] {processor.py:186} INFO - Started process (PID=604) to work on /opt/airflow/dags/01_hello_dag.py
[2026-08-30T15:36:01.698+0000] {processor.py:914} INFO - Processing file /opt/airflow/dags/01_hello_dag.py for tasks to queue
[2026-08-30T15:36:01.700+0000] {logging_mixin.py:190} INFO - [2026-08-30T15:36:01.699+0000] {dagbag.py:588} INFO - Filling up the DagBag from /opt/airflow/dags/01_hello_dag.py
[2026-08-30T15:36:01.706+0000] {processor.py:925} INFO - DAG(s) 'hello_dag' retrieved from /opt/airflow/dags/01_hello_dag.py
[2026-08-30T15:36:01.721+0000] {logging_mixin.py:190} INFO - [2026-08-30T15:36:01.721+0000] {dag.py:3239} INFO - Sync 1 DAGs
[2026-08-30T15:36:01.728+0000] {logging_mixin.py:190} INFO - [2026-08-30T15:36:01.728+0000] {dag.py:4180} INFO - Setting next_dagrun for hello_dag to None, run_after=None
[2026-08-30T15:36:01.737+0000] {processor.py:208} INFO - Processing /opt/airflow/dags/01_hello_dag.py took 0.044 seconds
[2026-08-30T15:36:32.529+0000] {processor.py:186} INFO - Started process (PID=616) to work on /opt/airflow/dags/01_hello_dag.py
[2026-08-30T15:36:32.530+0000] {processor.py:914} INFO - Processing file /opt/airflow/dags/01_hello_dag.py for tasks to queue
[2026-08-30T15:36:32.532+0000] {logging_mixin.py:190} INFO - [2026-08-30T15:36:32.531+0000] {dagbag.py:588} INFO - Filling up the DagBag from /opt/airflow/dags/01_hello_dag.py
[2026-08-30T15:36:32.537+0000] {processor.py:925} INFO - DAG(s) 'hello_dag' retrieved from /opt/airflow/dags/01_hello_dag.py
[2026-08-30T15:36:32.561+0000] {logging_mixin.py:190} INFO - [2026-08-30T15:36:32.560+0000] {dag.py:3239} INFO - Sync 1 DAGs
[2026-08-30T15:36:32.568+0000] {logging_mixin.py:190} INFO - [2026-08-30T15:36:32.568+0000] {dag.py:4180} INFO - Setting next_dagrun for hello_dag to None, run_after=None
[2026-08-30T15:36:32.575+0000] {processor.py:208} INFO - Processing /opt/airflow/dags/01_hello_dag.py took 0.052 seconds
[2026-08-30T15:37:03.391+0000] {processor.py:186} INFO - Started process (PID=628) to work on /opt/airflow/dags/01_hello_dag.py
[2026-08-30T15:37:03.392+0000] {processor.py:914} INFO - Processing file /opt/airflow/dags/01_hello_dag.py for tasks to queue
[2026-08-30T15:37:03.393+0000] {logging_mixin.py:190} INFO - [2026-08-30T15:37:03.393+0000] {dagbag.py:588} INFO - Filling up the DagBag from /opt/airflow/dags/01_hello_dag.py
[2026-08-30T15:37:03.400+0000] {processor.py:925} INFO - DAG(s) 'hello_dag' retrieved from /opt/airflow/dags/01_hello_dag.py
[2026-08-30T15:37:03.416+0000] {logging_mixin.py:190} INFO - [2026-08-30T15:37:03.416+0000] {dag.py:3239} INFO - Sync 1 DAGs
[2026-08-30T15:37:03.422+0000] {logging_mixin.py:190} INFO - [2026-08-30T15:37:03.422+0000] {dag.py:4180} INFO - Setting next_dagrun for hello_dag to None, run_after=None
[2026-08-30T15:37:03.430+0000] {processor.py:208} INFO - Processing /opt/airflow/dags/01_hello_dag.py took 0.043 seconds
[2026-08-30T15:37:34.254+0000] {processor.py:186} INFO - Started process (PID=640) to work on /opt/airflow/dags/01_hello_dag.py
[2026-08-30T15:37:34.255+0000] {processor.py:914} INFO - Processing file /opt/airflow/dags/01_hello_dag.py for tasks to queue
[2026-08-30T15:37:34.259+0000] {logging_mixin.py:190} INFO - [2026-08-30T15:37:34.259+0000] {dagbag.py:588} INFO - Filling up the DagBag from /opt/airflow/dags/01_hello_dag.py
[2026-08-30T15:37:34.267+0000] {processor.py:925} INFO - DAG(s) 'hello_dag' retrieved from /opt/airflow/dags/01_hello_dag.py
[2026-08-30T15:37:34.282+0000] {logging_mixin.py:190} INFO - [2026-08-30T15:37:34.282+0000] {dag.py:3239} INFO - Sync 1 DAGs
[2026-08-30T15:37:34.288+0000] {logging_mixin.py:190} INFO - [2026-08-30T15:37:34.288+0000] {dag.py:4180} INFO - Setting next_dagrun for hello_dag to None, run_after=None
[2026-08-30T15:37:34.296+0000] {processor.py:208} INFO - Processing /opt/airflow/dags/01_hello_dag.py took 0.047 seconds
[2026-08-30T15:38:05.066+0000] {processor.py:186} INFO - Started process (PID=652) to work on /opt/airflow/dags/01_hello_dag.py
[2026-08-30T15:38:05.067+0000] {processor.py:914} INFO - Processing file /opt/airflow/dags/01_hello_dag.py for tasks to queue
[2026-08-30T15:38:05.068+0000] {logging_mixin.py:190} INFO - [2026-08-30T15:38:05.068+0000] {dagbag.py:588} INFO - Filling up the DagBag from /opt/airflow/dags/01_hello_dag.py
[2026-08-30T15:38:05.074+0000] {processor.py:925} INFO - DAG(s) 'hello_dag' retrieved from /opt/airflow/dags/01_hello_dag.py
[2026-08-30T15:38:05.092+0000] {logging_mixin.py:190} INFO - [2026-08-30T15:38:05.092+0000] {dag.py:3239} INFO - Sync 1 DAGs
[2026-08-30T15:38:05.100+0000] {logging_mixin.py:190} INFO - [2026-08-30T15:38:05.100+0000] {dag.py:4180} INFO - Setting next_dagrun for hello_dag to None, run_after=None
[2026-08-30T15:38:05.110+0000] {processor.py:208} INFO - Processing /opt/airflow/dags/01_hello_dag.py took 0.048 seconds
[2026-08-30T15:38:35.908+0000] {processor.py:186} INFO - Started process (PID=664) to work on /opt/airflow/dags/01_hello_dag.py
[2026-08-30T15:38:35.910+0000] {processor.py:914} INFO - Processing file /opt/airflow/dags/01_hello_dag.py for tasks to queue
[2026-08-30T15:38:35.912+0000] {logging_mixin.py:190} INFO - [2026-08-30T15:38:35.912+0000] {dagbag.py:588} INFO - Filling up the DagBag from /opt/airflow/dags/01_hello_dag.py
[2026-08-30T15:38:35.920+0000] {processor.py:925} INFO - DAG(s) 'hello_dag' retrieved from /opt/airflow/dags/01_hello_dag.py
[2026-08-30T15:38:35.938+0000] {logging_mixin.py:190} INFO - [2026-08-30T15:38:35.938+0000] {dag.py:3239} INFO - Sync 1 DAGs
[2026-08-30T15:38:35.945+0000] {logging_mixin.py:190} INFO - [2026-08-30T15:38:35.945+0000] {dag.py:4180} INFO - Setting next_dagrun for hello_dag to None, run_after=None
[2026-08-30T15:38:35.953+0000] {processor.py:208} INFO - Processing /opt/airflow/dags/01_hello_dag.py took 0.050 seconds
[2026-08-30T15:39:06.692+0000] {processor.py:186} INFO - Started process (PID=676) to work on /opt/airflow/dags/01_hello_dag.py
[2026-08-30T15:39:06.693+0000] {processor.py:914} INFO - Processing file /opt/airflow/dags/01_hello_dag.py for tasks to queue
[2026-08-30T15:39:06.694+0000] {logging_mixin.py:190} INFO - [2026-08-30T15:39:06.694+0000] {dagbag.py:588} INFO - Filling up the DagBag from /opt/airflow/dags/01_hello_dag.py
[2026-08-30T15:39:06.701+0000] {processor.py:925} INFO - DAG(s) 'hello_dag' retrieved from /opt/airflow/dags/01_hello_dag.py
[2026-08-30T15:39:06.720+0000] {logging_mixin.py:190} INFO - [2026-08-30T15:39:06.720+0000] {dag.py:3239} INFO - Sync 1 DAGs
[2026-08-30T15:39:06.727+0000] {logging_mixin.py:190} INFO - [2026-08-30T15:39:06.727+0000] {dag.py:4180} INFO - Setting next_dagrun for hello_dag to None, run_after=None
[2026-08-30T15:39:06.735+0000] {processor.py:208} INFO - Processing /opt/airflow/dags/01_hello_dag.py took 0.049 seconds
[2026-08-30T15:39:37.593+0000] {processor.py:186} INFO - Started process (PID=688) to work on /opt/airflow/dags/01_hello_dag.py
[2026-08-30T15:39:37.593+0000] {processor.py:914} INFO - Processing file /opt/airflow/dags/01_hello_dag.py for tasks to queue
[2026-08-30T15:39:37.595+0000] {logging_mixin.py:190} INFO - [2026-08-30T15:39:37.594+0000] {dagbag.py:588} INFO - Filling up the DagBag from /opt/airflow/dags/01_hello_dag.py
[2026-08-30T15:39:37.601+0000] {processor.py:925} INFO - DAG(s) 'hello_dag' retrieved from /opt/airflow/dags/01_hello_dag.py
[2026-08-30T15:39:37.615+0000] {logging_mixin.py:190} INFO - [2026-08-30T15:39:37.615+0000] {dag.py:3239} INFO - Sync 1 DAGs
[2026-08-30T15:39:37.622+0000] {logging_mixin.py:190} INFO - [2026-08-30T15:39:37.622+0000] {dag.py:4180} INFO - Setting next_dagrun for hello_dag to None, run_after=None
[2026-08-30T15:39:37.630+0000] {processor.py:208} INFO - Processing /opt/airflow/dags/01_hello_dag.py took 0.041 seconds
[2026-08-30T15:40:08.381+0000] {processor.py:186} INFO - Started process (PID=700) to work on /opt/airflow/dags/01_hello_dag.py
[2026-08-30T15:40:08.382+0000] {processor.py:914} INFO - Processing file /opt/airflow/dags/01_hello_dag.py for tasks to queue
[2026-08-30T15:40:08.384+0000] {logging_mixin.py:190} INFO - [2026-08-30T15:40:08.384+0000] {dagbag.py:588} INFO - Filling up the DagBag from /opt/airflow/dags/01_hello_dag.py
[2026-08-30T15:40:08.389+0000] {processor.py:925} INFO - DAG(s) 'hello_dag' retrieved from /opt/airflow/dags/01_hello_dag.py
[2026-08-30T15:40:08.406+0000] {logging_mixin.py:190} INFO - [2026-08-30T15:40:08.405+0000] {dag.py:3239} INFO - Sync 1 DAGs
[2026-08-30T15:40:08.412+0000] {logging_mixin.py:190} INFO - [2026-08-30T15:40:08.412+0000] {dag.py:4180} INFO - Setting next_dagrun for hello_dag to None, run_after=None
[2026-08-30T15:40:08.420+0000] {processor.py:208} INFO - Processing /opt/airflow/dags/01_hello_dag.py took 0.044 seconds
[2026-08-30T15:40:39.148+0000] {processor.py:186} INFO - Started process (PID=712) to work on /opt/airflow/dags/01_hello_dag.py
[2026-08-30T15:40:39.148+0000] {processor.py:914} INFO - Processing file /opt/airflow/dags/01_hello_dag.py for tasks to queue
[2026-08-30T15:40:39.150+0000] {logging_mixin.py:190} INFO - [2026-08-30T15:40:39.150+0000] {dagbag.py:588} INFO - Filling up the DagBag from /opt/airflow/dags/01_hello_dag.py
[2026-08-30T15:40:39.159+0000] {processor.py:925} INFO - DAG(s) 'hello_dag' retrieved from /opt/airflow/dags/01_hello_dag.py
[2026-08-30T15:40:39.179+0000] {logging_mixin.py:190} INFO - [2026-08-30T15:40:39.179+0000] {dag.py:3239} INFO - Sync 1 DAGs
[2026-08-30T15:40:39.186+0000] {logging_mixin.py:190} INFO - [2026-08-30T15:40:39.186+0000] {dag.py:4180} INFO - Setting next_dagrun for hello_dag to None, run_after=None
[2026-08-30T15:40:39.195+0000] {processor.py:208} INFO - Processing /opt/airflow/dags/01_hello_dag.py took 0.051 seconds
[2026-08-30T15:41:09.904+0000] {processor.py:186} INFO - Started process (PID=724) to work on /opt/airflow/dags/01_hello_dag.py
[2026-08-30T15:41:09.905+0000] {processor.py:914} INFO - Processing file /opt/airflow/dags/01_hello_dag.py for tasks to queue
[2026-08-30T15:41:09.907+0000] {logging_mixin.py:190} INFO - [2026-08-30T15:41:09.906+0000] {dagbag.py:588} INFO - Filling up the DagBag from /opt/airflow/dags/01_hello_dag.py
[2026-08-30T15:41:09.914+0000] {processor.py:925} INFO - DAG(s) 'hello_dag' retrieved from /opt/airflow/dags/01_hello_dag.py
[2026-08-30T15:41:09.929+0000] {logging_mixin.py:190} INFO - [2026-08-30T15:41:09.929+0000] {dag.py:3239} INFO - Sync 1 DAGs
[2026-08-30T15:41:09.936+0000] {logging_mixin.py:190} INFO - [2026-08-30T15:41:09.936+0000] {dag.py:4180} INFO - Setting next_dagrun for hello_dag to None, run_after=None
[2026-08-30T15:41:09.944+0000] {processor.py:208} INFO - Processing /opt/airflow/dags/01_hello_dag.py took 0.043 seconds
[2026-08-30T15:41:40.699+0000] {processor.py:186} INFO - Started process (PID=736) to work on /opt/airflow/dags/01_hello_dag.py
[2026-08-30T15:41:40.700+0000] {processor.py:914} INFO - Processing file /opt/airflow/dags/01_hello_dag.py for tasks to queue
[2026-08-30T15:41:40.701+0000] {logging_mixin.py:190} INFO - [2026-08-30T15:41:40.701+0000] {dagbag.py:588} INFO - Filling up the DagBag from /opt/airflow/dags/01_hello_dag.py
[2026-08-30T15:41:40.707+0000] {processor.py:925} INFO - DAG(s) 'hello_dag' retrieved from /opt/airflow/dags/01_hello_dag.py
[2026-08-30T15:41:40.722+0000] {logging_mixin.py:190} INFO - [2026-08-30T15:41:40.722+0000] {dag.py:3239} INFO - Sync 1 DAGs
[2026-08-30T15:41:40.728+0000] {logging_mixin.py:190} INFO - [2026-08-30T15:41:40.728+0000] {dag.py:4180} INFO - Setting next_dagrun for hello_dag to None, run_after=None
[2026-08-30T15:41:40.735+0000] {processor.py:208} INFO - Processing /opt/airflow/dags/01_hello_dag.py took 0.040 seconds
[2026-08-30T15:42:11.466+0000] {processor.py:186} INFO - Started process (PID=748) to work on /opt/airflow/dags/01_hello_dag.py
[2026-08-30T15:42:11.468+0000] {processor.py:914} INFO - Processing file /opt/airflow/dags/01_hello_dag.py for tasks to queue
[2026-08-30T15:42:11.470+0000] {logging_mixin.py:190} INFO - [2026-08-30T15:42:11.470+0000] {dagbag.py:588} INFO - Filling up the DagBag from /opt/airflow/dags/01_hello_dag.py
[2026-08-30T15:42:11.482+0000] {processor.py:925} INFO - DAG(s) 'hello_dag' retrieved from /opt/airflow/dags/01_hello_dag.py
[2026-08-30T15:42:11.502+0000] {logging_mixin.py:190} INFO - [2026-08-30T15:42:11.502+0000] {dag.py:3239} INFO - Sync 1 DAGs
[2026-08-30T15:42:11.509+0000] {logging_mixin.py:190} INFO - [2026-08-30T15:42:11.509+0000] {dag.py:4180} INFO - Setting next_dagrun for hello_dag to None, run_after=None
[2026-08-30T15:42:11.517+0000] {processor.py:208} INFO - Processing /opt/airflow/dags/01_hello_dag.py took 0.055 seconds
[2026-08-30T15:42:42.296+0000] {processor.py:186} INFO - Started process (PID=760) to work on /opt/airflow/dags/01_hello_dag.py
[2026-08-30T15:42:42.297+0000] {processor.py:914} INFO - Processing file /opt/airflow/dags/01_hello_dag.py for tasks to queue
[2026-08-30T15:42:42.299+0000] {logging_mixin.py:190} INFO - [2026-08-30T15:42:42.299+0000] {dagbag.py:588} INFO - Filling up the DagBag from /opt/airflow/dags/01_hello_dag.py
[2026-08-30T15:42:42.305+0000] {processor.py:925} INFO - DAG(s) 'hello_dag' retrieved from /opt/airflow/dags/01_hello_dag.py
[2026-08-30T15:42:42.321+0000] {logging_mixin.py:190} INFO - [2026-08-30T15:42:42.321+0000] {dag.py:3239} INFO - Sync 1 DAGs
[2026-08-30T15:42:42.328+0000] {logging_mixin.py:190} INFO - [2026-08-30T15:42:42.328+0000] {dag.py:4180} INFO - Setting next_dagrun for hello_dag to None, run_after=None
[2026-08-30T15:42:42.336+0000] {processor.py:208} INFO - Processing /opt/airflow/dags/01_hello_dag.py took 0.045 seconds
[2026-08-30T15:43:13.163+0000] {processor.py:186} INFO - Started process (PID=772) to work on /opt/airflow/dags/01_hello_dag.py
[2026-08-30T15:43:13.164+0000] {processor.py:914} INFO - Processing file /opt/airflow/dags/01_hello_dag.py for tasks to queue
[2026-08-30T15:43:13.167+0000] {logging_mixin.py:190} INFO - [2026-08-30T15:43:13.167+0000] {dagbag.py:588} INFO - Filling up the DagBag from /opt/airflow/dags/01_hello_dag.py
[2026-08-30T15:43:13.176+0000] {processor.py:925} INFO - DAG(s) 'hello_dag' retrieved from /opt/airflow/dags/01_hello_dag.py
[2026-08-30T15:43:13.191+0000] {logging_mixin.py:190} INFO - [2026-08-30T15:43:13.191+0000] {dag.py:3239} INFO - Sync 1 DAGs
[2026-08-30T15:43:13.198+0000] {logging_mixin.py:190} INFO - [2026-08-30T15:43:13.198+0000] {dag.py:4180} INFO - Setting next_dagrun for hello_dag to None, run_after=None
[2026-08-30T15:43:13.206+0000] {processor.py:208} INFO - Processing /opt/airflow/dags/01_hello_dag.py took 0.048 seconds
[2026-08-30T15:43:43.954+0000] {processor.py:186} INFO - Started process (PID=784) to work on /opt/airflow/dags/01_hello_dag.py
[2026-08-30T15:43:43.955+0000] {processor.py:914} INFO - Processing file /opt/airflow/dags/01_hello_dag.py for tasks to queue
[2026-08-30T15:43:43.957+0000] {logging_mixin.py:190} INFO - [2026-08-30T15:43:43.957+0000] {dagbag.py:588} INFO - Filling up the DagBag from /opt/airflow/dags/01_hello_dag.py
[2026-08-30T15:43:43.964+0000] {processor.py:925} INFO - DAG(s) 'hello_dag' retrieved from /opt/airflow/dags/01_hello_dag.py
[2026-08-30T15:43:43.978+0000] {logging_mixin.py:190} INFO - [2026-08-30T15:43:43.978+0000] {dag.py:3239} INFO - Sync 1 DAGs
[2026-08-30T15:43:43.985+0000] {logging_mixin.py:190} INFO - [2026-08-30T15:43:43.985+0000] {dag.py:4180} INFO - Setting next_dagrun for hello_dag to None, run_after=None
[2026-08-30T15:43:43.992+0000] {processor.py:208} INFO - Processing /opt/airflow/dags/01_hello_dag.py took 0.044 seconds
[2026-08-30T15:44:14.709+0000] {processor.py:186} INFO - Started process (PID=796) to work on /opt/airflow/dags/01_hello_dag.py
[2026-08-30T15:44:14.710+0000] {processor.py:914} INFO - Processing file /opt/airflow/dags/01_hello_dag.py for tasks to queue
[2026-08-30T15:44:14.711+0000] {logging_mixin.py:190} INFO - [2026-08-30T15:44:14.711+0000] {dagbag.py:588} INFO - Filling up the DagBag from /opt/airflow/dags/01_hello_dag.py
[2026-08-30T15:44:14.717+0000] {processor.py:925} INFO - DAG(s) 'hello_dag' retrieved from /opt/airflow/dags/01_hello_dag.py
[2026-08-30T15:44:14.735+0000] {logging_mixin.py:190} INFO - [2026-08-30T15:44:14.735+0000] {dag.py:3239} INFO - Sync 1 DAGs
[2026-08-30T15:44:14.742+0000] {logging_mixin.py:190} INFO - [2026-08-30T15:44:14.742+0000] {dag.py:4180} INFO - Setting next_dagrun for hello_dag to None, run_after=None
[2026-08-30T15:44:14.749+0000] {processor.py:208} INFO - Processing /opt/airflow/dags/01_hello_dag.py took 0.046 seconds
[2026-08-30T15:44:45.592+0000] {processor.py:186} INFO - Started process (PID=808) to work on /opt/airflow/dags/01_hello_dag.py
[2026-08-30T15:44:45.593+0000] {processor.py:914} INFO - Processing file /opt/airflow/dags/01_hello_dag.py for tasks to queue
[2026-08-30T15:44:45.595+0000] {logging_mixin.py:190} INFO - [2026-08-30T15:44:45.595+0000] {dagbag.py:588} INFO - Filling up the DagBag from /opt/airflow/dags/01_hello_dag.py
[2026-08-30T15:44:45.602+0000] {processor.py:925} INFO - DAG(s) 'hello_dag' retrieved from /opt/airflow/dags/01_hello_dag.py
[2026-08-30T15:44:45.622+0000] {logging_mixin.py:190} INFO - [2026-08-30T15:44:45.622+0000] {dag.py:3239} INFO - Sync 1 DAGs
[2026-08-30T15:44:45.630+0000] {logging_mixin.py:190} INFO - [2026-08-30T15:44:45.630+0000] {dag.py:4180} INFO - Setting next_dagrun for hello_dag to None, run_after=None
[2026-08-30T15:44:45.637+0000] {processor.py:208} INFO - Processing /opt/airflow/dags/01_hello_dag.py took 0.051 seconds
[2026-08-30T15:45:16.352+0000] {processor.py:186} INFO - Started process (PID=821) to work on /opt/airflow/dags/01_hello_dag.py
[2026-08-30T15:45:16.353+0000] {processor.py:914} INFO - Processing file /opt/airflow/dags/01_hello_dag.py for tasks to queue
[2026-08-30T15:45:16.355+0000] {logging_mixin.py:190} INFO - [2026-08-30T15:45:16.354+0000] {dagbag.py:588} INFO - Filling up the DagBag from /opt/airflow/dags/01_hello_dag.py
[2026-08-30T15:45:16.361+0000] {processor.py:925} INFO - DAG(s) 'hello_dag' retrieved from /opt/airflow/dags/01_hello_dag.py
[2026-08-30T15:45:16.377+0000] {logging_mixin.py:190} INFO - [2026-08-30T15:45:16.377+0000] {dag.py:3239} INFO - Sync 1 DAGs
[2026-08-30T15:45:16.384+0000] {logging_mixin.py:190} INFO - [2026-08-30T15:45:16.383+0000] {dag.py:4180} INFO - Setting next_dagrun for hello_dag to None, run_after=None
[2026-08-30T15:45:16.391+0000] {processor.py:208} INFO - Processing /opt/airflow/dags/01_hello_dag.py took 0.044 seconds
[2026-08-30T15:45:47.116+0000] {processor.py:186} INFO - Started process (PID=833) to work on /opt/airflow/dags/01_hello_dag.py
[2026-08-30T15:45:47.117+0000] {processor.py:914} INFO - Processing file /opt/airflow/dags/01_hello_dag.py for tasks to queue
[2026-08-30T15:45:47.119+0000] {logging_mixin.py:190} INFO - [2026-08-30T15:45:47.118+0000] {dagbag.py:588} INFO - Filling up the DagBag from /opt/airflow/dags/01_hello_dag.py
[2026-08-30T15:45:47.125+0000] {processor.py:925} INFO - DAG(s) 'hello_dag' retrieved from /opt/airflow/dags/01_hello_dag.py
[2026-08-30T15:45:47.142+0000] {logging_mixin.py:190} INFO - [2026-08-30T15:45:47.141+0000] {dag.py:3239} INFO - Sync 1 DAGs
[2026-08-30T15:45:47.149+0000] {logging_mixin.py:190} INFO - [2026-08-30T15:45:47.149+0000] {dag.py:4180} INFO - Setting next_dagrun for hello_dag to None, run_after=None
[2026-08-30T15:45:47.159+0000] {processor.py:208} INFO - Processing /opt/airflow/dags/01_hello_dag.py took 0.049 seconds
[2026-08-30T15:46:18.059+0000] {processor.py:186} INFO - Started process (PID=845) to work on /opt/airflow/dags/01_hello_dag.py
[2026-08-30T15:46:18.060+0000] {processor.py:914} INFO - Processing file /opt/airflow/dags/01_hello_dag.py for tasks to queue
[2026-08-30T15:46:18.062+0000] {logging_mixin.py:190} INFO - [2026-08-30T15:46:18.062+0000] {dagbag.py:588} INFO - Filling up the DagBag from /opt/airflow/dags/01_hello_dag.py
[2026-08-30T15:46:18.071+0000] {processor.py:925} INFO - DAG(s) 'hello_dag' retrieved from /opt/airflow/dags/01_hello_dag.py
[2026-08-30T15:46:18.092+0000] {logging_mixin.py:190} INFO - [2026-08-30T15:46:18.092+0000] {dag.py:3239} INFO - Sync 1 DAGs
[2026-08-30T15:46:18.101+0000] {logging_mixin.py:190} INFO - [2026-08-30T15:46:18.100+0000] {dag.py:4180} INFO - Setting next_dagrun for hello_dag to None, run_after=None
[2026-08-30T15:46:18.110+0000] {processor.py:208} INFO - Processing /opt/airflow/dags/01_hello_dag.py took 0.058 seconds
[2026-08-30T15:46:48.860+0000] {processor.py:186} INFO - Started process (PID=857) to work on /opt/airflow/dags/01_hello_dag.py
[2026-08-30T15:46:48.862+0000] {processor.py:914} INFO - Processing file /opt/airflow/dags/01_hello_dag.py for tasks to queue
[2026-08-30T15:46:48.866+0000] {logging_mixin.py:190} INFO - [2026-08-30T15:46:48.866+0000] {dagbag.py:588} INFO - Filling up the DagBag from /opt/airflow/dags/01_hello_dag.py
[2026-08-30T15:46:48.874+0000] {processor.py:925} INFO - DAG(s) 'hello_dag' retrieved from /opt/airflow/dags/01_hello_dag.py
[2026-08-30T15:46:48.895+0000] {logging_mixin.py:190} INFO - [2026-08-30T15:46:48.895+0000] {dag.py:3239} INFO - Sync 1 DAGs
[2026-08-30T15:46:48.904+0000] {logging_mixin.py:190} INFO - [2026-08-30T15:46:48.904+0000] {dag.py:4180} INFO - Setting next_dagrun for hello_dag to None, run_after=None
[2026-08-30T15:46:48.920+0000] {processor.py:208} INFO - Processing /opt/airflow/dags/01_hello_dag.py took 0.066 seconds
[2026-08-30T15:47:19.833+0000] {processor.py:186} INFO - Started process (PID=869) to work on /opt/airflow/dags/01_hello_dag.py
[2026-08-30T15:47:19.834+0000] {processor.py:914} INFO - Processing file /opt/airflow/dags/01_hello_dag.py for tasks to queue
[2026-08-30T15:47:19.836+0000] {logging_mixin.py:190} INFO - [2026-08-30T15:47:19.836+0000] {dagbag.py:588} INFO - Filling up the DagBag from /opt/airflow/dags/01_hello_dag.py
[2026-08-30T15:47:19.845+0000] {processor.py:925} INFO - DAG(s) 'hello_dag' retrieved from /opt/airflow/dags/01_hello_dag.py
[2026-08-30T15:47:19.863+0000] {logging_mixin.py:190} INFO - [2026-08-30T15:47:19.863+0000] {dag.py:3239} INFO - Sync 1 DAGs
[2026-08-30T15:47:19.872+0000] {logging_mixin.py:190} INFO - [2026-08-30T15:47:19.872+0000] {dag.py:4180} INFO - Setting next_dagrun for hello_dag to None, run_after=None
[2026-08-30T15:47:19.879+0000] {processor.py:208} INFO - Processing /opt/airflow/dags/01_hello_dag.py took 0.051 seconds
[2026-08-30T15:47:50.792+0000] {processor.py:186} INFO - Started process (PID=881) to work on /opt/airflow/dags/01_hello_dag.py
[2026-08-30T15:47:50.793+0000] {processor.py:914} INFO - Processing file /opt/airflow/dags/01_hello_dag.py for tasks to queue
[2026-08-30T15:47:50.794+0000] {logging_mixin.py:190} INFO - [2026-08-30T15:47:50.794+0000] {dagbag.py:588} INFO - Filling up the DagBag from /opt/airflow/dags/01_hello_dag.py
[2026-08-30T15:47:50.800+0000] {processor.py:925} INFO - DAG(s) 'hello_dag' retrieved from /opt/airflow/dags/01_hello_dag.py
[2026-08-30T15:47:50.819+0000] {logging_mixin.py:190} INFO - [2026-08-30T15:47:50.819+0000] {dag.py:3239} INFO - Sync 1 DAGs
[2026-08-30T15:47:50.827+0000] {logging_mixin.py:190} INFO - [2026-08-30T15:47:50.827+0000] {dag.py:4180} INFO - Setting next_dagrun for hello_dag to None, run_after=None
[2026-08-30T15:47:50.836+0000] {processor.py:208} INFO - Processing /opt/airflow/dags/01_hello_dag.py took 0.048 seconds
[2026-08-30T15:48:21.565+0000] {processor.py:186} INFO - Started process (PID=893) to work on /opt/airflow/dags/01_hello_dag.py
[2026-08-30T15:48:21.566+0000] {processor.py:914} INFO - Processing file /opt/airflow/dags/01_hello_dag.py for tasks to queue
[2026-08-30T15:48:21.568+0000] {logging_mixin.py:190} INFO - [2026-08-30T15:48:21.568+0000] {dagbag.py:588} INFO - Filling up the DagBag from /opt/airflow/dags/01_hello_dag.py
[2026-08-30T15:48:21.573+0000] {processor.py:925} INFO - DAG(s) 'hello_dag' retrieved from /opt/airflow/dags/01_hello_dag.py
[2026-08-30T15:48:21.589+0000] {logging_mixin.py:190} INFO - [2026-08-30T15:48:21.589+0000] {dag.py:3239} INFO - Sync 1 DAGs
[2026-08-30T15:48:21.596+0000] {logging_mixin.py:190} INFO - [2026-08-30T15:48:21.596+0000] {dag.py:4180} INFO - Setting next_dagrun for hello_dag to None, run_after=None
[2026-08-30T15:48:21.603+0000] {processor.py:208} INFO - Processing /opt/airflow/dags/01_hello_dag.py took 0.044 seconds
[2026-08-30T15:48:52.409+0000] {processor.py:186} INFO - Started process (PID=905) to work on /opt/airflow/dags/01_hello_dag.py
[2026-08-30T15:48:52.411+0000] {processor.py:914} INFO - Processing file /opt/airflow/dags/01_hello_dag.py for tasks to queue
[2026-08-30T15:48:52.413+0000] {logging_mixin.py:190} INFO - [2026-08-30T15:48:52.412+0000] {dagbag.py:588} INFO - Filling up the DagBag from /opt/airflow/dags/01_hello_dag.py
[2026-08-30T15:48:52.419+0000] {processor.py:925} INFO - DAG(s) 'hello_dag' retrieved from /opt/airflow/dags/01_hello_dag.py
[2026-08-30T15:48:52.434+0000] {logging_mixin.py:190} INFO - [2026-08-30T15:48:52.434+0000] {dag.py:3239} INFO - Sync 1 DAGs
[2026-08-30T15:48:52.441+0000] {logging_mixin.py:190} INFO - [2026-08-30T15:48:52.441+0000] {dag.py:4180} INFO - Setting next_dagrun for hello_dag to None, run_after=None
[2026-08-30T15:48:52.448+0000] {processor.py:208} INFO - Processing /opt/airflow/dags/01_hello_dag.py took 0.044 seconds
[2026-08-30T15:49:23.289+0000] {processor.py:186} INFO - Started process (PID=917) to work on /opt/airflow/dags/01_hello_dag.py
[2026-08-30T15:49:23.290+0000] {processor.py:914} INFO - Processing file /opt/airflow/dags/01_hello_dag.py for tasks to queue
[2026-08-30T15:49:23.292+0000] {logging_mixin.py:190} INFO - [2026-08-30T15:49:23.292+0000] {dagbag.py:588} INFO - Filling up the DagBag from /opt/airflow/dags/01_hello_dag.py
[2026-08-30T15:49:23.303+0000] {processor.py:925} INFO - DAG(s) 'hello_dag' retrieved from /opt/airflow/dags/01_hello_dag.py
[2026-08-30T15:49:23.325+0000] {logging_mixin.py:190} INFO - [2026-08-30T15:49:23.325+0000] {dag.py:3239} INFO - Sync 1 DAGs
[2026-08-30T15:49:23.333+0000] {logging_mixin.py:190} INFO - [2026-08-30T15:49:23.333+0000] {dag.py:4180} INFO - Setting next_dagrun for hello_dag to None, run_after=None
[2026-08-30T15:49:23.343+0000] {processor.py:208} INFO - Processing /opt/airflow/dags/01_hello_dag.py took 0.064 seconds
[2026-08-30T15:49:54.194+0000] {processor.py:186} INFO - Started process (PID=929) to work on /opt/airflow/dags/01_hello_dag.py
[2026-08-30T15:49:54.195+0000] {processor.py:914} INFO - Processing file /opt/airflow/dags/01_hello_dag.py for tasks to queue
[2026-08-30T15:49:54.196+0000] {logging_mixin.py:190} INFO - [2026-08-30T15:49:54.196+0000] {dagbag.py:588} INFO - Filling up the DagBag from /opt/airflow/dags/01_hello_dag.py
[2026-08-30T15:49:54.203+0000] {processor.py:925} INFO - DAG(s) 'hello_dag' retrieved from /opt/airflow/dags/01_hello_dag.py
[2026-08-30T15:49:54.219+0000] {logging_mixin.py:190} INFO - [2026-08-30T15:49:54.219+0000] {dag.py:3239} INFO - Sync 1 DAGs
[2026-08-30T15:49:54.225+0000] {logging_mixin.py:190} INFO - [2026-08-30T15:49:54.225+0000] {dag.py:4180} INFO - Setting next_dagrun for hello_dag to None, run_after=None
[2026-08-30T15:49:54.232+0000] {processor.py:208} INFO - Processing /opt/airflow/dags/01_hello_dag.py took 0.047 seconds
[2026-08-30T15:50:24.986+0000] {processor.py:186} INFO - Started process (PID=941) to work on /opt/airflow/dags/01_hello_dag.py
[2026-08-30T15:50:24.988+0000] {processor.py:914} INFO - Processing file /opt/airflow/dags/01_hello_dag.py for tasks to queue
[2026-08-30T15:50:24.989+0000] {logging_mixin.py:190} INFO - [2026-08-30T15:50:24.989+0000] {dagbag.py:588} INFO - Filling up the DagBag from /opt/airflow/dags/01_hello_dag.py
[2026-08-30T15:50:24.996+0000] {processor.py:925} INFO - DAG(s) 'hello_dag' retrieved from /opt/airflow/dags/01_hello_dag.py
[2026-08-30T15:50:25.012+0000] {logging_mixin.py:190} INFO - [2026-08-30T15:50:25.012+0000] {dag.py:3239} INFO - Sync 1 DAGs
[2026-08-30T15:50:25.020+0000] {logging_mixin.py:190} INFO - [2026-08-30T15:50:25.020+0000] {dag.py:4180} INFO - Setting next_dagrun for hello_dag to None, run_after=None
[2026-08-30T15:50:25.027+0000] {processor.py:208} INFO - Processing /opt/airflow/dags/01_hello_dag.py took 0.046 seconds
[2026-08-30T15:50:55.815+0000] {processor.py:186} INFO - Started process (PID=953) to work on /opt/airflow/dags/01_hello_dag.py
[2026-08-30T15:50:55.815+0000] {processor.py:914} INFO - Processing file /opt/airflow/dags/01_hello_dag.py for tasks to queue
[2026-08-30T15:50:55.816+0000] {logging_mixin.py:190} INFO - [2026-08-30T15:50:55.816+0000] {dagbag.py:588} INFO - Filling up the DagBag from /opt/airflow/dags/01_hello_dag.py
[2026-08-30T15:50:55.822+0000] {processor.py:925} INFO - DAG(s) 'hello_dag' retrieved from /opt/airflow/dags/01_hello_dag.py
[2026-08-30T15:50:55.837+0000] {logging_mixin.py:190} INFO - [2026-08-30T15:50:55.837+0000] {dag.py:3239} INFO - Sync 1 DAGs
[2026-08-30T15:50:55.843+0000] {logging_mixin.py:190} INFO - [2026-08-30T15:50:55.843+0000] {dag.py:4180} INFO - Setting next_dagrun for hello_dag to None, run_after=None
[2026-08-30T15:50:55.850+0000] {processor.py:208} INFO - Processing /opt/airflow/dags/01_hello_dag.py took 0.039 seconds
[2026-08-30T15:51:26.665+0000] {processor.py:186} INFO - Started process (PID=965) to work on /opt/airflow/dags/01_hello_dag.py
[2026-08-30T15:51:26.666+0000] {processor.py:914} INFO - Processing file /opt/airflow/dags/01_hello_dag.py for tasks to queue
[2026-08-30T15:51:26.668+0000] {logging_mixin.py:190} INFO - [2026-08-30T15:51:26.667+0000] {dagbag.py:588} INFO - Filling up the DagBag from /opt/airflow/dags/01_hello_dag.py
[2026-08-30T15:51:26.675+0000] {processor.py:925} INFO - DAG(s) 'hello_dag' retrieved from /opt/airflow/dags/01_hello_dag.py
[2026-08-30T15:51:26.690+0000] {logging_mixin.py:190} INFO - [2026-08-30T15:51:26.690+0000] {dag.py:3239} INFO - Sync 1 DAGs
[2026-08-30T15:51:26.696+0000] {logging_mixin.py:190} INFO - [2026-08-30T15:51:26.696+0000] {dag.py:4180} INFO - Setting next_dagrun for hello_dag to None, run_after=None
[2026-08-30T15:51:26.703+0000] {processor.py:208} INFO - Processing /opt/airflow/dags/01_hello_dag.py took 0.042 seconds
[2026-08-30T15:51:57.617+0000] {processor.py:186} INFO - Started process (PID=983) to work on /opt/airflow/dags/01_hello_dag.py
[2026-08-30T15:51:57.618+0000] {processor.py:914} INFO - Processing file /opt/airflow/dags/01_hello_dag.py for tasks to queue
[2026-08-30T15:51:57.624+0000] {logging_mixin.py:190} INFO - [2026-08-30T15:51:57.623+0000] {dagbag.py:588} INFO - Filling up the DagBag from /opt/airflow/dags/01_hello_dag.py
[2026-08-30T15:51:57.634+0000] {processor.py:925} INFO - DAG(s) 'hello_dag' retrieved from /opt/airflow/dags/01_hello_dag.py
[2026-08-30T15:51:57.649+0000] {logging_mixin.py:190} INFO - [2026-08-30T15:51:57.649+0000] {dag.py:3239} INFO - Sync 1 DAGs
[2026-08-30T15:51:57.656+0000] {logging_mixin.py:190} INFO - [2026-08-30T15:51:57.656+0000] {dag.py:4180} INFO - Setting next_dagrun for hello_dag to None, run_after=None
[2026-08-30T15:51:57.666+0000] {processor.py:208} INFO - Processing /opt/airflow/dags/01_hello_dag.py took 0.055 seconds
[2026-08-30T15:52:28.450+0000] {processor.py:186} INFO - Started process (PID=995) to work on /opt/airflow/dags/01_hello_dag.py
[2026-08-30T15:52:28.451+0000] {processor.py:914} INFO - Processing file /opt/airflow/dags/01_hello_dag.py for tasks to queue
[2026-08-30T15:52:28.453+0000] {logging_mixin.py:190} INFO - [2026-08-30T15:52:28.453+0000] {dagbag.py:588} INFO - Filling up the DagBag from /opt/airflow/dags/01_hello_dag.py
[2026-08-30T15:52:28.462+0000] {processor.py:925} INFO - DAG(s) 'hello_dag' retrieved from /opt/airflow/dags/01_hello_dag.py
[2026-08-30T15:52:28.481+0000] {logging_mixin.py:190} INFO - [2026-08-30T15:52:28.481+0000] {dag.py:3239} INFO - Sync 1 DAGs
[2026-08-30T15:52:28.491+0000] {logging_mixin.py:190} INFO - [2026-08-30T15:52:28.491+0000] {dag.py:4180} INFO - Setting next_dagrun for hello_dag to None, run_after=None
[2026-08-30T15:52:28.504+0000] {processor.py:208} INFO - Processing /opt/airflow/dags/01_hello_dag.py took 0.058 seconds
[2026-08-30T15:52:59.289+0000] {processor.py:186} INFO - Started process (PID=1006) to work on /opt/airflow/dags/01_hello_dag.py
[2026-08-30T15:52:59.290+0000] {processor.py:914} INFO - Processing file /opt/airflow/dags/01_hello_dag.py for tasks to queue
[2026-08-30T15:52:59.291+0000] {logging_mixin.py:190} INFO - [2026-08-30T15:52:59.291+0000] {dagbag.py:588} INFO - Filling up the DagBag from /opt/airflow/dags/01_hello_dag.py
[2026-08-30T15:52:59.298+0000] {processor.py:925} INFO - DAG(s) 'hello_dag' retrieved from /opt/airflow/dags/01_hello_dag.py
[2026-08-30T15:52:59.313+0000] {logging_mixin.py:190} INFO - [2026-08-30T15:52:59.312+0000] {dag.py:3239} INFO - Sync 1 DAGs
[2026-08-30T15:52:59.319+0000] {logging_mixin.py:190} INFO - [2026-08-30T15:52:59.319+0000] {dag.py:4180} INFO - Setting next_dagrun for hello_dag to None, run_after=None
[2026-08-30T15:52:59.326+0000] {processor.py:208} INFO - Processing /opt/airflow/dags/01_hello_dag.py took 0.041 seconds
[2026-08-30T15:53:30.049+0000] {processor.py:186} INFO - Started process (PID=1017) to work on /opt/airflow/dags/01_hello_dag.py
[2026-08-30T15:53:30.050+0000] {processor.py:914} INFO - Processing file /opt/airflow/dags/01_hello_dag.py for tasks to queue
[2026-08-30T15:53:30.052+0000] {logging_mixin.py:190} INFO - [2026-08-30T15:53:30.052+0000] {dagbag.py:588} INFO - Filling up the DagBag from /opt/airflow/dags/01_hello_dag.py
[2026-08-30T15:53:30.058+0000] {processor.py:925} INFO - DAG(s) 'hello_dag' retrieved from /opt/airflow/dags/01_hello_dag.py
[2026-08-30T15:53:30.079+0000] {logging_mixin.py:190} INFO - [2026-08-30T15:53:30.079+0000] {dag.py:3239} INFO - Sync 1 DAGs
[2026-08-30T15:53:30.088+0000] {logging_mixin.py:190} INFO - [2026-08-30T15:53:30.087+0000] {dag.py:4180} INFO - Setting next_dagrun for hello_dag to None, run_after=None
[2026-08-30T15:53:30.095+0000] {processor.py:208} INFO - Processing /opt/airflow/dags/01_hello_dag.py took 0.050 seconds
[2026-08-30T15:54:00.932+0000] {processor.py:186} INFO - Started process (PID=1029) to work on /opt/airflow/dags/01_hello_dag.py
[2026-08-30T15:54:00.933+0000] {processor.py:914} INFO - Processing file /opt/airflow/dags/01_hello_dag.py for tasks to queue
[2026-08-30T15:54:00.934+0000] {logging_mixin.py:190} INFO - [2026-08-30T15:54:00.934+0000] {dagbag.py:588} INFO - Filling up the DagBag from /opt/airflow/dags/01_hello_dag.py
[2026-08-30T15:54:00.941+0000] {processor.py:925} INFO - DAG(s) 'hello_dag' retrieved from /opt/airflow/dags/01_hello_dag.py
[2026-08-30T15:54:00.957+0000] {logging_mixin.py:190} INFO - [2026-08-30T15:54:00.957+0000] {dag.py:3239} INFO - Sync 1 DAGs
[2026-08-30T15:54:00.964+0000] {logging_mixin.py:190} INFO - [2026-08-30T15:54:00.964+0000] {dag.py:4180} INFO - Setting next_dagrun for hello_dag to None, run_after=None
[2026-08-30T15:54:00.972+0000] {processor.py:208} INFO - Processing /opt/airflow/dags/01_hello_dag.py took 0.043 seconds
[2026-08-30T15:54:31.729+0000] {processor.py:186} INFO - Started process (PID=1041) to work on /opt/airflow/dags/01_hello_dag.py
[2026-08-30T15:54:31.729+0000] {processor.py:914} INFO - Processing file /opt/airflow/dags/01_hello_dag.py for tasks to queue
[2026-08-30T15:54:31.730+0000] {logging_mixin.py:190} INFO - [2026-08-30T15:54:31.730+0000] {dagbag.py:588} INFO - Filling up the DagBag from /opt/airflow/dags/01_hello_dag.py
[2026-08-30T15:54:31.737+0000] {processor.py:925} INFO - DAG(s) 'hello_dag' retrieved from /opt/airflow/dags/01_hello_dag.py
[2026-08-30T15:54:31.752+0000] {logging_mixin.py:190} INFO - [2026-08-30T15:54:31.752+0000] {dag.py:3239} INFO - Sync 1 DAGs
[2026-08-30T15:54:31.758+0000] {logging_mixin.py:190} INFO - [2026-08-30T15:54:31.758+0000] {dag.py:4180} INFO - Setting next_dagrun for hello_dag to None, run_after=None
[2026-08-30T15:54:31.765+0000] {processor.py:208} INFO - Processing /opt/airflow/dags/01_hello_dag.py took 0.041 seconds
[2026-08-30T15:55:02.565+0000] {processor.py:186} INFO - Started process (PID=1053) to work on /opt/airflow/dags/01_hello_dag.py
[2026-08-30T15:55:02.567+0000] {processor.py:914} INFO - Processing file /opt/airflow/dags/01_hello_dag.py for tasks to queue
[2026-08-30T15:55:02.570+0000] {logging_mixin.py:190} INFO - [2026-08-30T15:55:02.570+0000] {dagbag.py:588} INFO - Filling up the DagBag from /opt/airflow/dags/01_hello_dag.py
[2026-08-30T15:55:02.586+0000] {processor.py:925} INFO - DAG(s) 'hello_dag' retrieved from /opt/airflow/dags/01_hello_dag.py
[2026-08-30T15:55:02.606+0000] {logging_mixin.py:190} INFO - [2026-08-30T15:55:02.606+0000] {dag.py:3239} INFO - Sync 1 DAGs
[2026-08-30T15:55:02.614+0000] {logging_mixin.py:190} INFO - [2026-08-30T15:55:02.614+0000] {dag.py:4180} INFO - Setting next_dagrun for hello_dag to None, run_after=None
[2026-08-30T15:55:02.625+0000] {processor.py:208} INFO - Processing /opt/airflow/dags/01_hello_dag.py took 0.067 seconds
[2026-08-30T15:55:33.534+0000] {processor.py:186} INFO - Started process (PID=1066) to work on /opt/airflow/dags/01_hello_dag.py
[2026-08-30T15:55:33.535+0000] {processor.py:914} INFO - Processing file /opt/airflow/dags/01_hello_dag.py for tasks to queue
[2026-08-30T15:55:33.536+0000] {logging_mixin.py:190} INFO - [2026-08-30T15:55:33.536+0000] {dagbag.py:588} INFO - Filling up the DagBag from /opt/airflow/dags/01_hello_dag.py
[2026-08-30T15:55:33.542+0000] {processor.py:925} INFO - DAG(s) 'hello_dag' retrieved from /opt/airflow/dags/01_hello_dag.py
[2026-08-30T15:55:33.562+0000] {logging_mixin.py:190} INFO - [2026-08-30T15:55:33.562+0000] {dag.py:3239} INFO - Sync 1 DAGs
[2026-08-30T15:55:33.570+0000] {logging_mixin.py:190} INFO - [2026-08-30T15:55:33.570+0000] {dag.py:4180} INFO - Setting next_dagrun for hello_dag to None, run_after=None
[2026-08-30T15:55:33.577+0000] {processor.py:208} INFO - Processing /opt/airflow/dags/01_hello_dag.py took 0.048 seconds
[2026-08-30T15:56:04.357+0000] {processor.py:186} INFO - Started process (PID=1079) to work on /opt/airflow/dags/01_hello_dag.py
[2026-08-30T15:56:04.358+0000] {processor.py:914} INFO - Processing file /opt/airflow/dags/01_hello_dag.py for tasks to queue
[2026-08-30T15:56:04.359+0000] {logging_mixin.py:190} INFO - [2026-08-30T15:56:04.359+0000] {dagbag.py:588} INFO - Filling up the DagBag from /opt/airflow/dags/01_hello_dag.py
[2026-08-30T15:56:04.365+0000] {processor.py:925} INFO - DAG(s) 'hello_dag' retrieved from /opt/airflow/dags/01_hello_dag.py
[2026-08-30T15:56:04.380+0000] {logging_mixin.py:190} INFO - [2026-08-30T15:56:04.380+0000] {dag.py:3239} INFO - Sync 1 DAGs
[2026-08-30T15:56:04.386+0000] {logging_mixin.py:190} INFO - [2026-08-30T15:56:04.386+0000] {dag.py:4180} INFO - Setting next_dagrun for hello_dag to None, run_after=None
[2026-08-30T15:56:04.394+0000] {processor.py:208} INFO - Processing /opt/airflow/dags/01_hello_dag.py took 0.041 seconds
[2026-08-30T15:56:35.192+0000] {processor.py:186} INFO - Started process (PID=1091) to work on /opt/airflow/dags/01_hello_dag.py
[2026-08-30T15:56:35.194+0000] {processor.py:914} INFO - Processing file /opt/airflow/dags/01_hello_dag.py for tasks to queue
[2026-08-30T15:56:35.196+0000] {logging_mixin.py:190} INFO - [2026-08-30T15:56:35.196+0000] {dagbag.py:588} INFO - Filling up the DagBag from /opt/airflow/dags/01_hello_dag.py
[2026-08-30T15:56:35.203+0000] {processor.py:925} INFO - DAG(s) 'hello_dag' retrieved from /opt/airflow/dags/01_hello_dag.py
[2026-08-30T15:56:35.218+0000] {logging_mixin.py:190} INFO - [2026-08-30T15:56:35.218+0000] {dag.py:3239} INFO - Sync 1 DAGs
[2026-08-30T15:56:35.225+0000] {logging_mixin.py:190} INFO - [2026-08-30T15:56:35.225+0000] {dag.py:4180} INFO - Setting next_dagrun for hello_dag to None, run_after=None
[2026-08-30T15:56:35.232+0000] {processor.py:208} INFO - Processing /opt/airflow/dags/01_hello_dag.py took 0.045 seconds
[2026-08-30T15:57:06.024+0000] {processor.py:186} INFO - Started process (PID=1103) to work on /opt/airflow/dags/01_hello_dag.py
[2026-08-30T15:57:06.025+0000] {processor.py:914} INFO - Processing file /opt/airflow/dags/01_hello_dag.py for tasks to queue
[2026-08-30T15:57:06.026+0000] {logging_mixin.py:190} INFO - [2026-08-30T15:57:06.026+0000] {dagbag.py:588} INFO - Filling up the DagBag from /opt/airflow/dags/01_hello_dag.py
[2026-08-30T15:57:06.032+0000] {processor.py:925} INFO - DAG(s) 'hello_dag' retrieved from /opt/airflow/dags/01_hello_dag.py
[2026-08-30T15:57:06.047+0000] {logging_mixin.py:190} INFO - [2026-08-30T15:57:06.047+0000] {dag.py:3239} INFO - Sync 1 DAGs
[2026-08-30T15:57:06.054+0000] {logging_mixin.py:190} INFO - [2026-08-30T15:57:06.054+0000] {dag.py:4180} INFO - Setting next_dagrun for hello_dag to None, run_after=None
[2026-08-30T15:57:06.062+0000] {processor.py:208} INFO - Processing /opt/airflow/dags/01_hello_dag.py took 0.042 seconds
[2026-08-30T15:57:36.878+0000] {processor.py:186} INFO - Started process (PID=1115) to work on /opt/airflow/dags/01_hello_dag.py
[2026-08-30T15:57:36.879+0000] {processor.py:914} INFO - Processing file /opt/airflow/dags/01_hello_dag.py for tasks to queue
[2026-08-30T15:57:36.881+0000] {logging_mixin.py:190} INFO - [2026-08-30T15:57:36.881+0000] {dagbag.py:588} INFO - Filling up the DagBag from /opt/airflow/dags/01_hello_dag.py
[2026-08-30T15:57:36.887+0000] {processor.py:925} INFO - DAG(s) 'hello_dag' retrieved from /opt/airflow/dags/01_hello_dag.py
[2026-08-30T15:57:36.902+0000] {logging_mixin.py:190} INFO - [2026-08-30T15:57:36.902+0000] {dag.py:3239} INFO - Sync 1 DAGs
[2026-08-30T15:57:36.909+0000] {logging_mixin.py:190} INFO - [2026-08-30T15:57:36.908+0000] {dag.py:4180} INFO - Setting next_dagrun for hello_dag to None, run_after=None
[2026-08-30T15:57:36.916+0000] {processor.py:208} INFO - Processing /opt/airflow/dags/01_hello_dag.py took 0.042 seconds
[2026-08-30T15:58:07.781+0000] {processor.py:186} INFO - Started process (PID=1127) to work on /opt/airflow/dags/01_hello_dag.py
[2026-08-30T15:58:07.782+0000] {processor.py:914} INFO - Processing file /opt/airflow/dags/01_hello_dag.py for tasks to queue
[2026-08-30T15:58:07.784+0000] {logging_mixin.py:190} INFO - [2026-08-30T15:58:07.784+0000] {dagbag.py:588} INFO - Filling up the DagBag from /opt/airflow/dags/01_hello_dag.py
[2026-08-30T15:58:07.790+0000] {processor.py:925} INFO - DAG(s) 'hello_dag' retrieved from /opt/airflow/dags/01_hello_dag.py
[2026-08-30T15:58:07.805+0000] {logging_mixin.py:190} INFO - [2026-08-30T15:58:07.805+0000] {dag.py:3239} INFO - Sync 1 DAGs
[2026-08-30T15:58:07.812+0000] {logging_mixin.py:190} INFO - [2026-08-30T15:58:07.812+0000] {dag.py:4180} INFO - Setting next_dagrun for hello_dag to None, run_after=None
[2026-08-30T15:58:07.819+0000] {processor.py:208} INFO - Processing /opt/airflow/dags/01_hello_dag.py took 0.042 seconds
[2026-08-30T15:58:38.722+0000] {processor.py:186} INFO - Started process (PID=1139) to work on /opt/airflow/dags/01_hello_dag.py
[2026-08-30T15:58:38.724+0000] {processor.py:914} INFO - Processing file /opt/airflow/dags/01_hello_dag.py for tasks to queue
[2026-08-30T15:58:38.728+0000] {logging_mixin.py:190} INFO - [2026-08-30T15:58:38.727+0000] {dagbag.py:588} INFO - Filling up the DagBag from /opt/airflow/dags/01_hello_dag.py
[2026-08-30T15:58:38.737+0000] {processor.py:925} INFO - DAG(s) 'hello_dag' retrieved from /opt/airflow/dags/01_hello_dag.py
[2026-08-30T15:58:38.755+0000] {logging_mixin.py:190} INFO - [2026-08-30T15:58:38.755+0000] {dag.py:3239} INFO - Sync 1 DAGs
[2026-08-30T15:58:38.763+0000] {logging_mixin.py:190} INFO - [2026-08-30T15:58:38.763+0000] {dag.py:4180} INFO - Setting next_dagrun for hello_dag to None, run_after=None
[2026-08-30T15:58:38.771+0000] {processor.py:208} INFO - Processing /opt/airflow/dags/01_hello_dag.py took 0.054 seconds
[2026-08-30T15:59:09.520+0000] {processor.py:186} INFO - Started process (PID=1151) to work on /opt/airflow/dags/01_hello_dag.py
[2026-08-30T15:59:09.521+0000] {processor.py:914} INFO - Processing file /opt/airflow/dags/01_hello_dag.py for tasks to queue
[2026-08-30T15:59:09.523+0000] {logging_mixin.py:190} INFO - [2026-08-30T15:59:09.523+0000] {dagbag.py:588} INFO - Filling up the DagBag from /opt/airflow/dags/01_hello_dag.py
[2026-08-30T15:59:09.530+0000] {processor.py:925} INFO - DAG(s) 'hello_dag' retrieved from /opt/airflow/dags/01_hello_dag.py
[2026-08-30T15:59:09.545+0000] {logging_mixin.py:190} INFO - [2026-08-30T15:59:09.545+0000] {dag.py:3239} INFO - Sync 1 DAGs
[2026-08-30T15:59:09.552+0000] {logging_mixin.py:190} INFO - [2026-08-30T15:59:09.552+0000] {dag.py:4180} INFO - Setting next_dagrun for hello_dag to None, run_after=None
[2026-08-30T15:59:09.560+0000] {processor.py:208} INFO - Processing /opt/airflow/dags/01_hello_dag.py took 0.045 seconds
[2026-08-30T15:59:40.381+0000] {processor.py:186} INFO - Started process (PID=1163) to work on /opt/airflow/dags/01_hello_dag.py
[2026-08-30T15:59:40.382+0000] {processor.py:914} INFO - Processing file /opt/airflow/dags/01_hello_dag.py for tasks to queue
[2026-08-30T15:59:40.383+0000] {logging_mixin.py:190} INFO - [2026-08-30T15:59:40.383+0000] {dagbag.py:588} INFO - Filling up the DagBag from /opt/airflow/dags/01_hello_dag.py
[2026-08-30T15:59:40.390+0000] {processor.py:925} INFO - DAG(s) 'hello_dag' retrieved from /opt/airflow/dags/01_hello_dag.py
[2026-08-30T15:59:40.405+0000] {logging_mixin.py:190} INFO - [2026-08-30T15:59:40.405+0000] {dag.py:3239} INFO - Sync 1 DAGs
[2026-08-30T15:59:40.412+0000] {logging_mixin.py:190} INFO - [2026-08-30T15:59:40.412+0000] {dag.py:4180} INFO - Setting next_dagrun for hello_dag to None, run_after=None
[2026-08-30T15:59:40.420+0000] {processor.py:208} INFO - Processing /opt/airflow/dags/01_hello_dag.py took 0.043 seconds
[2026-08-30T16:00:11.128+0000] {processor.py:186} INFO - Started process (PID=1175) to work on /opt/airflow/dags/01_hello_dag.py
[2026-08-30T16:00:11.129+0000] {processor.py:914} INFO - Processing file /opt/airflow/dags/01_hello_dag.py for tasks to queue
[2026-08-30T16:00:11.130+0000] {logging_mixin.py:190} INFO - [2026-08-30T16:00:11.130+0000] {dagbag.py:588} INFO - Filling up the DagBag from /opt/airflow/dags/01_hello_dag.py
[2026-08-30T16:00:11.138+0000] {processor.py:925} INFO - DAG(s) 'hello_dag' retrieved from /opt/airflow/dags/01_hello_dag.py
[2026-08-30T16:00:11.162+0000] {logging_mixin.py:190} INFO - [2026-08-30T16:00:11.162+0000] {dag.py:3239} INFO - Sync 1 DAGs
[2026-08-30T16:00:11.169+0000] {logging_mixin.py:190} INFO - [2026-08-30T16:00:11.169+0000] {dag.py:4180} INFO - Setting next_dagrun for hello_dag to None, run_after=None
[2026-08-30T16:00:11.177+0000] {processor.py:208} INFO - Processing /opt/airflow/dags/01_hello_dag.py took 0.053 seconds
[2026-08-30T16:00:41.868+0000] {processor.py:186} INFO - Started process (PID=1187) to work on /opt/airflow/dags/01_hello_dag.py
[2026-08-30T16:00:41.868+0000] {processor.py:914} INFO - Processing file /opt/airflow/dags/01_hello_dag.py for tasks to queue
[2026-08-30T16:00:41.870+0000] {logging_mixin.py:190} INFO - [2026-08-30T16:00:41.870+0000] {dagbag.py:588} INFO - Filling up the DagBag from /opt/airflow/dags/01_hello_dag.py
[2026-08-30T16:00:41.876+0000] {processor.py:925} INFO - DAG(s) 'hello_dag' retrieved from /opt/airflow/dags/01_hello_dag.py
[2026-08-30T16:00:41.893+0000] {logging_mixin.py:190} INFO - [2026-08-30T16:00:41.892+0000] {dag.py:3239} INFO - Sync 1 DAGs
[2026-08-30T16:00:41.899+0000] {logging_mixin.py:190} INFO - [2026-08-30T16:00:41.899+0000] {dag.py:4180} INFO - Setting next_dagrun for hello_dag to None, run_after=None
[2026-08-30T16:00:41.907+0000] {processor.py:208} INFO - Processing /opt/airflow/dags/01_hello_dag.py took 0.043 seconds
[2026-08-30T16:01:12.716+0000] {processor.py:186} INFO - Started process (PID=1199) to work on /opt/airflow/dags/01_hello_dag.py
[2026-08-30T16:01:12.717+0000] {processor.py:914} INFO - Processing file /opt/airflow/dags/01_hello_dag.py for tasks to queue
[2026-08-30T16:01:12.718+0000] {logging_mixin.py:190} INFO - [2026-08-30T16:01:12.718+0000] {dagbag.py:588} INFO - Filling up the DagBag from /opt/airflow/dags/01_hello_dag.py
[2026-08-30T16:01:12.724+0000] {processor.py:925} INFO - DAG(s) 'hello_dag' retrieved from /opt/airflow/dags/01_hello_dag.py
[2026-08-30T16:01:12.739+0000] {logging_mixin.py:190} INFO - [2026-08-30T16:01:12.739+0000] {dag.py:3239} INFO - Sync 1 DAGs
[2026-08-30T16:01:12.746+0000] {logging_mixin.py:190} INFO - [2026-08-30T16:01:12.746+0000] {dag.py:4180} INFO - Setting next_dagrun for hello_dag to None, run_after=None
[2026-08-30T16:01:12.754+0000] {processor.py:208} INFO - Processing /opt/airflow/dags/01_hello_dag.py took 0.044 seconds
[2026-08-30T16:01:43.427+0000] {processor.py:186} INFO - Started process (PID=1211) to work on /opt/airflow/dags/01_hello_dag.py
[2026-08-30T16:01:43.428+0000] {processor.py:914} INFO - Processing file /opt/airflow/dags/01_hello_dag.py for tasks to queue
[2026-08-30T16:01:43.429+0000] {logging_mixin.py:190} INFO - [2026-08-30T16:01:43.429+0000] {dagbag.py:588} INFO - Filling up the DagBag from /opt/airflow/dags/01_hello_dag.py
[2026-08-30T16:01:43.436+0000] {processor.py:925} INFO - DAG(s) 'hello_dag' retrieved from /opt/airflow/dags/01_hello_dag.py
[2026-08-30T16:01:43.452+0000] {logging_mixin.py:190} INFO - [2026-08-30T16:01:43.452+0000] {dag.py:3239} INFO - Sync 1 DAGs
[2026-08-30T16:01:43.459+0000] {logging_mixin.py:190} INFO - [2026-08-30T16:01:43.459+0000] {dag.py:4180} INFO - Setting next_dagrun for hello_dag to None, run_after=None
[2026-08-30T16:01:43.470+0000] {processor.py:208} INFO - Processing /opt/airflow/dags/01_hello_dag.py took 0.046 seconds
[2026-08-30T16:02:15.154+0000] {processor.py:186} INFO - Started process (PID=1223) to work on /opt/airflow/dags/01_hello_dag.py
[2026-08-30T16:02:15.155+0000] {processor.py:914} INFO - Processing file /opt/airflow/dags/01_hello_dag.py for tasks to queue
[2026-08-30T16:02:15.157+0000] {logging_mixin.py:190} INFO - [2026-08-30T16:02:15.157+0000] {dagbag.py:588} INFO - Filling up the DagBag from /opt/airflow/dags/01_hello_dag.py
[2026-08-30T16:02:15.171+0000] {processor.py:925} INFO - DAG(s) 'hello_dag' retrieved from /opt/airflow/dags/01_hello_dag.py
[2026-08-30T16:02:15.226+0000] {logging_mixin.py:190} INFO - [2026-08-30T16:02:15.225+0000] {dag.py:3239} INFO - Sync 1 DAGs
[2026-08-30T16:02:15.258+0000] {logging_mixin.py:190} INFO - [2026-08-30T16:02:15.258+0000] {dag.py:4180} INFO - Setting next_dagrun for hello_dag to None, run_after=None
[2026-08-30T16:02:15.284+0000] {processor.py:208} INFO - Processing /opt/airflow/dags/01_hello_dag.py took 0.139 seconds
[2026-08-30T16:02:46.012+0000] {processor.py:186} INFO - Started process (PID=1235) to work on /opt/airflow/dags/01_hello_dag.py
[2026-08-30T16:02:46.014+0000] {processor.py:914} INFO - Processing file /opt/airflow/dags/01_hello_dag.py for tasks to queue
[2026-08-30T16:02:46.018+0000] {logging_mixin.py:190} INFO - [2026-08-30T16:02:46.018+0000] {dagbag.py:588} INFO - Filling up the DagBag from /opt/airflow/dags/01_hello_dag.py
[2026-08-30T16:02:46.041+0000] {processor.py:925} INFO - DAG(s) 'hello_dag' retrieved from /opt/airflow/dags/01_hello_dag.py
[2026-08-30T16:02:46.073+0000] {logging_mixin.py:190} INFO - [2026-08-30T16:02:46.073+0000] {dag.py:3239} INFO - Sync 1 DAGs
[2026-08-30T16:02:46.086+0000] {logging_mixin.py:190} INFO - [2026-08-30T16:02:46.086+0000] {dag.py:4180} INFO - Setting next_dagrun for hello_dag to None, run_after=None
[2026-08-30T16:02:46.103+0000] {processor.py:208} INFO - Processing /opt/airflow/dags/01_hello_dag.py took 0.102 seconds
[2026-08-30T16:03:16.933+0000] {processor.py:186} INFO - Started process (PID=1247) to work on /opt/airflow/dags/01_hello_dag.py
[2026-08-30T16:03:16.935+0000] {processor.py:914} INFO - Processing file /opt/airflow/dags/01_hello_dag.py for tasks to queue
[2026-08-30T16:03:16.938+0000] {logging_mixin.py:190} INFO - [2026-08-30T16:03:16.937+0000] {dagbag.py:588} INFO - Filling up the DagBag from /opt/airflow/dags/01_hello_dag.py
[2026-08-30T16:03:16.950+0000] {processor.py:925} INFO - DAG(s) 'hello_dag' retrieved from /opt/airflow/dags/01_hello_dag.py
[2026-08-30T16:03:16.987+0000] {logging_mixin.py:190} INFO - [2026-08-30T16:03:16.986+0000] {dag.py:3239} INFO - Sync 1 DAGs
[2026-08-30T16:03:16.996+0000] {logging_mixin.py:190} INFO - [2026-08-30T16:03:16.996+0000] {dag.py:4180} INFO - Setting next_dagrun for hello_dag to None, run_after=None
[2026-08-30T16:03:17.009+0000] {processor.py:208} INFO - Processing /opt/airflow/dags/01_hello_dag.py took 0.087 seconds
[2026-08-30T16:03:47.788+0000] {processor.py:186} INFO - Started process (PID=1259) to work on /opt/airflow/dags/01_hello_dag.py
[2026-08-30T16:03:47.790+0000] {processor.py:914} INFO - Processing file /opt/airflow/dags/01_hello_dag.py for tasks to queue
[2026-08-30T16:03:47.793+0000] {logging_mixin.py:190} INFO - [2026-08-30T16:03:47.793+0000] {dagbag.py:588} INFO - Filling up the DagBag from /opt/airflow/dags/01_hello_dag.py
[2026-08-30T16:03:47.813+0000] {processor.py:925} INFO - DAG(s) 'hello_dag' retrieved from /opt/airflow/dags/01_hello_dag.py
[2026-08-30T16:03:47.842+0000] {logging_mixin.py:190} INFO - [2026-08-30T16:03:47.842+0000] {dag.py:3239} INFO - Sync 1 DAGs
[2026-08-30T16:03:47.852+0000] {logging_mixin.py:190} INFO - [2026-08-30T16:03:47.852+0000] {dag.py:4180} INFO - Setting next_dagrun for hello_dag to None, run_after=None
[2026-08-30T16:03:47.865+0000] {processor.py:208} INFO - Processing /opt/airflow/dags/01_hello_dag.py took 0.090 seconds
[2026-08-30T16:04:18.834+0000] {processor.py:186} INFO - Started process (PID=1271) to work on /opt/airflow/dags/01_hello_dag.py
[2026-08-30T16:04:18.839+0000] {processor.py:914} INFO - Processing file /opt/airflow/dags/01_hello_dag.py for tasks to queue
[2026-08-30T16:04:18.841+0000] {logging_mixin.py:190} INFO - [2026-08-30T16:04:18.841+0000] {dagbag.py:588} INFO - Filling up the DagBag from /opt/airflow/dags/01_hello_dag.py
[2026-08-30T16:04:18.862+0000] {processor.py:925} INFO - DAG(s) 'hello_dag' retrieved from /opt/airflow/dags/01_hello_dag.py
[2026-08-30T16:04:18.897+0000] {logging_mixin.py:190} INFO - [2026-08-30T16:04:18.897+0000] {dag.py:3239} INFO - Sync 1 DAGs
[2026-08-30T16:04:18.916+0000] {logging_mixin.py:190} INFO - [2026-08-30T16:04:18.916+0000] {dag.py:4180} INFO - Setting next_dagrun for hello_dag to None, run_after=None
[2026-08-30T16:04:18.933+0000] {processor.py:208} INFO - Processing /opt/airflow/dags/01_hello_dag.py took 0.109 seconds
[2026-08-30T16:04:49.687+0000] {processor.py:186} INFO - Started process (PID=1283) to work on /opt/airflow/dags/01_hello_dag.py
[2026-08-30T16:04:49.688+0000] {processor.py:914} INFO - Processing file /opt/airflow/dags/01_hello_dag.py for tasks to queue
[2026-08-30T16:04:49.691+0000] {logging_mixin.py:190} INFO - [2026-08-30T16:04:49.691+0000] {dagbag.py:588} INFO - Filling up the DagBag from /opt/airflow/dags/01_hello_dag.py
[2026-08-30T16:04:49.699+0000] {processor.py:925} INFO - DAG(s) 'hello_dag' retrieved from /opt/airflow/dags/01_hello_dag.py
[2026-08-30T16:04:49.727+0000] {logging_mixin.py:190} INFO - [2026-08-30T16:04:49.727+0000] {dag.py:3239} INFO - Sync 1 DAGs
[2026-08-30T16:04:49.737+0000] {logging_mixin.py:190} INFO - [2026-08-30T16:04:49.737+0000] {dag.py:4180} INFO - Setting next_dagrun for hello_dag to None, run_after=None
[2026-08-30T16:04:49.750+0000] {processor.py:208} INFO - Processing /opt/airflow/dags/01_hello_dag.py took 0.069 seconds
[2026-08-30T16:05:20.564+0000] {processor.py:186} INFO - Started process (PID=1295) to work on /opt/airflow/dags/01_hello_dag.py
[2026-08-30T16:05:20.567+0000] {processor.py:914} INFO - Processing file /opt/airflow/dags/01_hello_dag.py for tasks to queue
[2026-08-30T16:05:20.571+0000] {logging_mixin.py:190} INFO - [2026-08-30T16:05:20.571+0000] {dagbag.py:588} INFO - Filling up the DagBag from /opt/airflow/dags/01_hello_dag.py
[2026-08-30T16:05:20.582+0000] {processor.py:925} INFO - DAG(s) 'hello_dag' retrieved from /opt/airflow/dags/01_hello_dag.py
[2026-08-30T16:05:20.608+0000] {logging_mixin.py:190} INFO - [2026-08-30T16:05:20.608+0000] {dag.py:3239} INFO - Sync 1 DAGs
[2026-08-30T16:05:20.619+0000] {logging_mixin.py:190} INFO - [2026-08-30T16:05:20.618+0000] {dag.py:4180} INFO - Setting next_dagrun for hello_dag to None, run_after=None
[2026-08-30T16:05:20.635+0000] {processor.py:208} INFO - Processing /opt/airflow/dags/01_hello_dag.py took 0.083 seconds
[2026-08-30T16:05:51.484+0000] {processor.py:186} INFO - Started process (PID=1308) to work on /opt/airflow/dags/01_hello_dag.py
[2026-08-30T16:05:51.486+0000] {processor.py:914} INFO - Processing file /opt/airflow/dags/01_hello_dag.py for tasks to queue
[2026-08-30T16:05:51.495+0000] {logging_mixin.py:190} INFO - [2026-08-30T16:05:51.494+0000] {dagbag.py:588} INFO - Filling up the DagBag from /opt/airflow/dags/01_hello_dag.py
[2026-08-30T16:05:51.516+0000] {processor.py:925} INFO - DAG(s) 'hello_dag' retrieved from /opt/airflow/dags/01_hello_dag.py
[2026-08-30T16:05:51.546+0000] {logging_mixin.py:190} INFO - [2026-08-30T16:05:51.546+0000] {dag.py:3239} INFO - Sync 1 DAGs
[2026-08-30T16:05:51.561+0000] {logging_mixin.py:190} INFO - [2026-08-30T16:05:51.561+0000] {dag.py:4180} INFO - Setting next_dagrun for hello_dag to None, run_after=None
[2026-08-30T16:05:51.570+0000] {processor.py:208} INFO - Processing /opt/airflow/dags/01_hello_dag.py took 0.104 seconds
[2026-08-30T16:06:22.412+0000] {processor.py:186} INFO - Started process (PID=1320) to work on /opt/airflow/dags/01_hello_dag.py
[2026-08-30T16:06:22.413+0000] {processor.py:914} INFO - Processing file /opt/airflow/dags/01_hello_dag.py for tasks to queue
[2026-08-30T16:06:22.418+0000] {logging_mixin.py:190} INFO - [2026-08-30T16:06:22.417+0000] {dagbag.py:588} INFO - Filling up the DagBag from /opt/airflow/dags/01_hello_dag.py
[2026-08-30T16:06:22.432+0000] {processor.py:925} INFO - DAG(s) 'hello_dag' retrieved from /opt/airflow/dags/01_hello_dag.py
[2026-08-30T16:06:22.457+0000] {logging_mixin.py:190} INFO - [2026-08-30T16:06:22.457+0000] {dag.py:3239} INFO - Sync 1 DAGs
[2026-08-30T16:06:22.470+0000] {logging_mixin.py:190} INFO - [2026-08-30T16:06:22.470+0000] {dag.py:4180} INFO - Setting next_dagrun for hello_dag to None, run_after=None
[2026-08-30T16:06:22.485+0000] {processor.py:208} INFO - Processing /opt/airflow/dags/01_hello_dag.py took 0.085 seconds
[2026-08-30T16:06:53.256+0000] {processor.py:186} INFO - Started process (PID=1332) to work on /opt/airflow/dags/01_hello_dag.py
[2026-08-30T16:06:53.258+0000] {processor.py:914} INFO - Processing file /opt/airflow/dags/01_hello_dag.py for tasks to queue
[2026-08-30T16:06:53.263+0000] {logging_mixin.py:190} INFO - [2026-08-30T16:06:53.262+0000] {dagbag.py:588} INFO - Filling up the DagBag from /opt/airflow/dags/01_hello_dag.py
[2026-08-30T16:06:53.276+0000] {processor.py:925} INFO - DAG(s) 'hello_dag' retrieved from /opt/airflow/dags/01_hello_dag.py
[2026-08-30T16:06:53.304+0000] {logging_mixin.py:190} INFO - [2026-08-30T16:06:53.304+0000] {dag.py:3239} INFO - Sync 1 DAGs
[2026-08-30T16:06:53.315+0000] {logging_mixin.py:190} INFO - [2026-08-30T16:06:53.315+0000] {dag.py:4180} INFO - Setting next_dagrun for hello_dag to None, run_after=None
[2026-08-30T16:06:53.326+0000] {processor.py:208} INFO - Processing /opt/airflow/dags/01_hello_dag.py took 0.094 seconds
[2026-08-30T16:07:24.149+0000] {processor.py:186} INFO - Started process (PID=1344) to work on /opt/airflow/dags/01_hello_dag.py
[2026-08-30T16:07:24.150+0000] {processor.py:914} INFO - Processing file /opt/airflow/dags/01_hello_dag.py for tasks to queue
[2026-08-30T16:07:24.152+0000] {logging_mixin.py:190} INFO - [2026-08-30T16:07:24.151+0000] {dagbag.py:588} INFO - Filling up the DagBag from /opt/airflow/dags/01_hello_dag.py
[2026-08-30T16:07:24.163+0000] {processor.py:925} INFO - DAG(s) 'hello_dag' retrieved from /opt/airflow/dags/01_hello_dag.py
[2026-08-30T16:07:24.193+0000] {logging_mixin.py:190} INFO - [2026-08-30T16:07:24.193+0000] {dag.py:3239} INFO - Sync 1 DAGs
[2026-08-30T16:07:24.206+0000] {logging_mixin.py:190} INFO - [2026-08-30T16:07:24.205+0000] {dag.py:4180} INFO - Setting next_dagrun for hello_dag to None, run_after=None
[2026-08-30T16:07:24.218+0000] {processor.py:208} INFO - Processing /opt/airflow/dags/01_hello_dag.py took 0.080 seconds
[2026-08-30T16:07:54.920+0000] {processor.py:186} INFO - Started process (PID=1356) to work on /opt/airflow/dags/01_hello_dag.py
[2026-08-30T16:07:54.922+0000] {processor.py:914} INFO - Processing file /opt/airflow/dags/01_hello_dag.py for tasks to queue
[2026-08-30T16:07:54.926+0000] {logging_mixin.py:190} INFO - [2026-08-30T16:07:54.926+0000] {dagbag.py:588} INFO - Filling up the DagBag from /opt/airflow/dags/01_hello_dag.py
[2026-08-30T16:07:54.936+0000] {processor.py:925} INFO - DAG(s) 'hello_dag' retrieved from /opt/airflow/dags/01_hello_dag.py
[2026-08-30T16:07:54.962+0000] {logging_mixin.py:190} INFO - [2026-08-30T16:07:54.962+0000] {dag.py:3239} INFO - Sync 1 DAGs
[2026-08-30T16:07:54.975+0000] {logging_mixin.py:190} INFO - [2026-08-30T16:07:54.975+0000] {dag.py:4180} INFO - Setting next_dagrun for hello_dag to None, run_after=None
[2026-08-30T16:07:54.987+0000] {processor.py:208} INFO - Processing /opt/airflow/dags/01_hello_dag.py took 0.074 seconds
[2026-08-30T16:08:25.753+0000] {processor.py:186} INFO - Started process (PID=1368) to work on /opt/airflow/dags/01_hello_dag.py
[2026-08-30T16:08:25.755+0000] {processor.py:914} INFO - Processing file /opt/airflow/dags/01_hello_dag.py for tasks to queue
[2026-08-30T16:08:25.757+0000] {logging_mixin.py:190} INFO - [2026-08-30T16:08:25.757+0000] {dagbag.py:588} INFO - Filling up the DagBag from /opt/airflow/dags/01_hello_dag.py
[2026-08-30T16:08:25.770+0000] {processor.py:925} INFO - DAG(s) 'hello_dag' retrieved from /opt/airflow/dags/01_hello_dag.py
[2026-08-30T16:08:25.809+0000] {logging_mixin.py:190} INFO - [2026-08-30T16:08:25.809+0000] {dag.py:3239} INFO - Sync 1 DAGs
[2026-08-30T16:08:25.843+0000] {logging_mixin.py:190} INFO - [2026-08-30T16:08:25.842+0000] {dag.py:4180} INFO - Setting next_dagrun for hello_dag to None, run_after=None
[2026-08-30T16:08:25.859+0000] {processor.py:208} INFO - Processing /opt/airflow/dags/01_hello_dag.py took 0.122 seconds
[2026-08-30T16:08:56.606+0000] {processor.py:186} INFO - Started process (PID=1380) to work on /opt/airflow/dags/01_hello_dag.py
[2026-08-30T16:08:56.609+0000] {processor.py:914} INFO - Processing file /opt/airflow/dags/01_hello_dag.py for tasks to queue
[2026-08-30T16:08:56.613+0000] {logging_mixin.py:190} INFO - [2026-08-30T16:08:56.613+0000] {dagbag.py:588} INFO - Filling up the DagBag from /opt/airflow/dags/01_hello_dag.py
[2026-08-30T16:08:56.625+0000] {processor.py:925} INFO - DAG(s) 'hello_dag' retrieved from /opt/airflow/dags/01_hello_dag.py
[2026-08-30T16:08:56.649+0000] {logging_mixin.py:190} INFO - [2026-08-30T16:08:56.649+0000] {dag.py:3239} INFO - Sync 1 DAGs
[2026-08-30T16:08:56.659+0000] {logging_mixin.py:190} INFO - [2026-08-30T16:08:56.659+0000] {dag.py:4180} INFO - Setting next_dagrun for hello_dag to None, run_after=None
[2026-08-30T16:08:56.674+0000] {processor.py:208} INFO - Processing /opt/airflow/dags/01_hello_dag.py took 0.077 seconds
[2026-08-30T16:09:27.394+0000] {processor.py:186} INFO - Started process (PID=1392) to work on /opt/airflow/dags/01_hello_dag.py
[2026-08-30T16:09:27.396+0000] {processor.py:914} INFO - Processing file /opt/airflow/dags/01_hello_dag.py for tasks to queue
[2026-08-30T16:09:27.403+0000] {logging_mixin.py:190} INFO - [2026-08-30T16:09:27.402+0000] {dagbag.py:588} INFO - Filling up the DagBag from /opt/airflow/dags/01_hello_dag.py
[2026-08-30T16:09:27.429+0000] {processor.py:925} INFO - DAG(s) 'hello_dag' retrieved from /opt/airflow/dags/01_hello_dag.py
[2026-08-30T16:09:27.458+0000] {logging_mixin.py:190} INFO - [2026-08-30T16:09:27.457+0000] {dag.py:3239} INFO - Sync 1 DAGs
[2026-08-30T16:09:27.465+0000] {logging_mixin.py:190} INFO - [2026-08-30T16:09:27.464+0000] {dag.py:4180} INFO - Setting next_dagrun for hello_dag to None, run_after=None
[2026-08-30T16:09:27.478+0000] {processor.py:208} INFO - Processing /opt/airflow/dags/01_hello_dag.py took 0.092 seconds
[2026-08-30T16:09:58.300+0000] {processor.py:186} INFO - Started process (PID=1404) to work on /opt/airflow/dags/01_hello_dag.py
[2026-08-30T16:09:58.302+0000] {processor.py:914} INFO - Processing file /opt/airflow/dags/01_hello_dag.py for tasks to queue
[2026-08-30T16:09:58.305+0000] {logging_mixin.py:190} INFO - [2026-08-30T16:09:58.304+0000] {dagbag.py:588} INFO - Filling up the DagBag from /opt/airflow/dags/01_hello_dag.py
[2026-08-30T16:09:58.321+0000] {processor.py:925} INFO - DAG(s) 'hello_dag' retrieved from /opt/airflow/dags/01_hello_dag.py
[2026-08-30T16:09:58.360+0000] {logging_mixin.py:190} INFO - [2026-08-30T16:09:58.360+0000] {dag.py:3239} INFO - Sync 1 DAGs
[2026-08-30T16:09:58.379+0000] {logging_mixin.py:190} INFO - [2026-08-30T16:09:58.379+0000] {dag.py:4180} INFO - Setting next_dagrun for hello_dag to None, run_after=None
[2026-08-30T16:09:58.397+0000] {processor.py:208} INFO - Processing /opt/airflow/dags/01_hello_dag.py took 0.105 seconds
[2026-08-30T16:10:29.187+0000] {processor.py:186} INFO - Started process (PID=1416) to work on /opt/airflow/dags/01_hello_dag.py
[2026-08-30T16:10:29.188+0000] {processor.py:914} INFO - Processing file /opt/airflow/dags/01_hello_dag.py for tasks to queue
[2026-08-30T16:10:29.190+0000] {logging_mixin.py:190} INFO - [2026-08-30T16:10:29.190+0000] {dagbag.py:588} INFO - Filling up the DagBag from /opt/airflow/dags/01_hello_dag.py
[2026-08-30T16:10:29.200+0000] {processor.py:925} INFO - DAG(s) 'hello_dag' retrieved from /opt/airflow/dags/01_hello_dag.py
[2026-08-30T16:10:29.222+0000] {logging_mixin.py:190} INFO - [2026-08-30T16:10:29.222+0000] {dag.py:3239} INFO - Sync 1 DAGs
[2026-08-30T16:10:29.234+0000] {logging_mixin.py:190} INFO - [2026-08-30T16:10:29.234+0000] {dag.py:4180} INFO - Setting next_dagrun for hello_dag to None, run_after=None
[2026-08-30T16:10:29.249+0000] {processor.py:208} INFO - Processing /opt/airflow/dags/01_hello_dag.py took 0.068 seconds
[2026-08-30T16:11:00.023+0000] {processor.py:186} INFO - Started process (PID=1428) to work on /opt/airflow/dags/01_hello_dag.py
[2026-08-30T16:11:00.024+0000] {processor.py:914} INFO - Processing file /opt/airflow/dags/01_hello_dag.py for tasks to queue
[2026-08-30T16:11:00.027+0000] {logging_mixin.py:190} INFO - [2026-08-30T16:11:00.026+0000] {dagbag.py:588} INFO - Filling up the DagBag from /opt/airflow/dags/01_hello_dag.py
[2026-08-30T16:11:00.046+0000] {processor.py:925} INFO - DAG(s) 'hello_dag' retrieved from /opt/airflow/dags/01_hello_dag.py
[2026-08-30T16:11:00.081+0000] {logging_mixin.py:190} INFO - [2026-08-30T16:11:00.081+0000] {dag.py:3239} INFO - Sync 1 DAGs
[2026-08-30T16:11:00.091+0000] {logging_mixin.py:190} INFO - [2026-08-30T16:11:00.091+0000] {dag.py:4180} INFO - Setting next_dagrun for hello_dag to None, run_after=None
[2026-08-30T16:11:00.104+0000] {processor.py:208} INFO - Processing /opt/airflow/dags/01_hello_dag.py took 0.091 seconds
[2026-08-30T16:11:30.837+0000] {processor.py:186} INFO - Started process (PID=1440) to work on /opt/airflow/dags/01_hello_dag.py
[2026-08-30T16:11:30.838+0000] {processor.py:914} INFO - Processing file /opt/airflow/dags/01_hello_dag.py for tasks to queue
[2026-08-30T16:11:30.840+0000] {logging_mixin.py:190} INFO - [2026-08-30T16:11:30.840+0000] {dagbag.py:588} INFO - Filling up the DagBag from /opt/airflow/dags/01_hello_dag.py
[2026-08-30T16:11:30.855+0000] {processor.py:925} INFO - DAG(s) 'hello_dag' retrieved from /opt/airflow/dags/01_hello_dag.py
[2026-08-30T16:11:30.880+0000] {logging_mixin.py:190} INFO - [2026-08-30T16:11:30.880+0000] {dag.py:3239} INFO - Sync 1 DAGs
[2026-08-30T16:11:30.888+0000] {logging_mixin.py:190} INFO - [2026-08-30T16:11:30.887+0000] {dag.py:4180} INFO - Setting next_dagrun for hello_dag to None, run_after=None
[2026-08-30T16:11:30.904+0000] {processor.py:208} INFO - Processing /opt/airflow/dags/01_hello_dag.py took 0.075 seconds
[2026-08-30T16:12:01.077+0000] {processor.py:186} INFO - Started process (PID=1452) to work on /opt/airflow/dags/01_hello_dag.py
[2026-08-30T16:12:01.078+0000] {processor.py:914} INFO - Processing file /opt/airflow/dags/01_hello_dag.py for tasks to queue
[2026-08-30T16:12:01.080+0000] {logging_mixin.py:190} INFO - [2026-08-30T16:12:01.080+0000] {dagbag.py:588} INFO - Filling up the DagBag from /opt/airflow/dags/01_hello_dag.py
[2026-08-30T16:12:01.088+0000] {processor.py:925} INFO - DAG(s) 'hello_dag' retrieved from /opt/airflow/dags/01_hello_dag.py
[2026-08-30T16:12:01.109+0000] {logging_mixin.py:190} INFO - [2026-08-30T16:12:01.109+0000] {dag.py:3239} INFO - Sync 1 DAGs
[2026-08-30T16:12:01.119+0000] {logging_mixin.py:190} INFO - [2026-08-30T16:12:01.119+0000] {dag.py:4180} INFO - Setting next_dagrun for hello_dag to None, run_after=None
[2026-08-30T16:12:01.248+0000] {processor.py:208} INFO - Processing /opt/airflow/dags/01_hello_dag.py took 0.174 seconds
[2026-08-30T16:12:31.909+0000] {processor.py:186} INFO - Started process (PID=1464) to work on /opt/airflow/dags/01_hello_dag.py
[2026-08-30T16:12:31.911+0000] {processor.py:914} INFO - Processing file /opt/airflow/dags/01_hello_dag.py for tasks to queue
[2026-08-30T16:12:31.913+0000] {logging_mixin.py:190} INFO - [2026-08-30T16:12:31.913+0000] {dagbag.py:588} INFO - Filling up the DagBag from /opt/airflow/dags/01_hello_dag.py
[2026-08-30T16:12:31.919+0000] {processor.py:925} INFO - DAG(s) 'hello_dag' retrieved from /opt/airflow/dags/01_hello_dag.py
[2026-08-30T16:12:31.935+0000] {logging_mixin.py:190} INFO - [2026-08-30T16:12:31.934+0000] {dag.py:3239} INFO - Sync 1 DAGs
[2026-08-30T16:12:31.941+0000] {logging_mixin.py:190} INFO - [2026-08-30T16:12:31.941+0000] {dag.py:4180} INFO - Setting next_dagrun for hello_dag to None, run_after=None
[2026-08-30T16:12:31.948+0000] {processor.py:208} INFO - Processing /opt/airflow/dags/01_hello_dag.py took 0.043 seconds
[2026-08-30T16:13:02.653+0000] {processor.py:186} INFO - Started process (PID=1482) to work on /opt/airflow/dags/01_hello_dag.py
[2026-08-30T16:13:02.653+0000] {processor.py:914} INFO - Processing file /opt/airflow/dags/01_hello_dag.py for tasks to queue
[2026-08-30T16:13:02.654+0000] {logging_mixin.py:190} INFO - [2026-08-30T16:13:02.654+0000] {dagbag.py:588} INFO - Filling up the DagBag from /opt/airflow/dags/01_hello_dag.py
[2026-08-30T16:13:02.666+0000] {processor.py:925} INFO - DAG(s) 'hello_dag' retrieved from /opt/airflow/dags/01_hello_dag.py
[2026-08-30T16:13:02.686+0000] {logging_mixin.py:190} INFO - [2026-08-30T16:13:02.686+0000] {dag.py:3239} INFO - Sync 1 DAGs
[2026-08-30T16:13:02.696+0000] {logging_mixin.py:190} INFO - [2026-08-30T16:13:02.696+0000] {dag.py:4180} INFO - Setting next_dagrun for hello_dag to None, run_after=None
[2026-08-30T16:13:02.709+0000] {processor.py:208} INFO - Processing /opt/airflow/dags/01_hello_dag.py took 0.061 seconds
[2026-08-30T16:13:33.829+0000] {processor.py:186} INFO - Started process (PID=1494) to work on /opt/airflow/dags/01_hello_dag.py
[2026-08-30T16:13:33.831+0000] {processor.py:914} INFO - Processing file /opt/airflow/dags/01_hello_dag.py for tasks to queue
[2026-08-30T16:13:33.833+0000] {logging_mixin.py:190} INFO - [2026-08-30T16:13:33.833+0000] {dagbag.py:588} INFO - Filling up the DagBag from /opt/airflow/dags/01_hello_dag.py
[2026-08-30T16:13:33.843+0000] {processor.py:925} INFO - DAG(s) 'hello_dag' retrieved from /opt/airflow/dags/01_hello_dag.py
[2026-08-30T16:13:33.867+0000] {logging_mixin.py:190} INFO - [2026-08-30T16:13:33.866+0000] {dag.py:3239} INFO - Sync 1 DAGs
[2026-08-30T16:13:33.877+0000] {logging_mixin.py:190} INFO - [2026-08-30T16:13:33.877+0000] {dag.py:4180} INFO - Setting next_dagrun for hello_dag to None, run_after=None
[2026-08-30T16:13:33.999+0000] {processor.py:208} INFO - Processing /opt/airflow/dags/01_hello_dag.py took 0.173 seconds
[2026-08-30T16:14:04.423+0000] {processor.py:186} INFO - Started process (PID=1506) to work on /opt/airflow/dags/01_hello_dag.py
[2026-08-30T16:14:04.426+0000] {processor.py:914} INFO - Processing file /opt/airflow/dags/01_hello_dag.py for tasks to queue
[2026-08-30T16:14:04.428+0000] {logging_mixin.py:190} INFO - [2026-08-30T16:14:04.427+0000] {dagbag.py:588} INFO - Filling up the DagBag from /opt/airflow/dags/01_hello_dag.py
[2026-08-30T16:14:04.435+0000] {processor.py:925} INFO - DAG(s) 'hello_dag' retrieved from /opt/airflow/dags/01_hello_dag.py
[2026-08-30T16:14:04.569+0000] {logging_mixin.py:190} INFO - [2026-08-30T16:14:04.569+0000] {dag.py:3239} INFO - Sync 1 DAGs
[2026-08-30T16:14:04.576+0000] {logging_mixin.py:190} INFO - [2026-08-30T16:14:04.576+0000] {dag.py:4180} INFO - Setting next_dagrun for hello_dag to None, run_after=None
[2026-08-30T16:14:04.592+0000] {processor.py:208} INFO - Processing /opt/airflow/dags/01_hello_dag.py took 0.177 seconds
[2026-08-30T16:14:34.988+0000] {processor.py:186} INFO - Started process (PID=1519) to work on /opt/airflow/dags/01_hello_dag.py
[2026-08-30T16:14:34.989+0000] {processor.py:914} INFO - Processing file /opt/airflow/dags/01_hello_dag.py for tasks to queue
[2026-08-30T16:14:34.990+0000] {logging_mixin.py:190} INFO - [2026-08-30T16:14:34.990+0000] {dagbag.py:588} INFO - Filling up the DagBag from /opt/airflow/dags/01_hello_dag.py
[2026-08-30T16:14:34.996+0000] {processor.py:925} INFO - DAG(s) 'hello_dag' retrieved from /opt/airflow/dags/01_hello_dag.py
[2026-08-30T16:14:35.011+0000] {logging_mixin.py:190} INFO - [2026-08-30T16:14:35.011+0000] {dag.py:3239} INFO - Sync 1 DAGs
[2026-08-30T16:14:35.018+0000] {logging_mixin.py:190} INFO - [2026-08-30T16:14:35.018+0000] {dag.py:4180} INFO - Setting next_dagrun for hello_dag to None, run_after=None
[2026-08-30T16:14:35.026+0000] {processor.py:208} INFO - Processing /opt/airflow/dags/01_hello_dag.py took 0.042 seconds
[2026-08-30T16:15:05.735+0000] {processor.py:186} INFO - Started process (PID=1531) to work on /opt/airflow/dags/01_hello_dag.py
[2026-08-30T16:15:05.737+0000] {processor.py:914} INFO - Processing file /opt/airflow/dags/01_hello_dag.py for tasks to queue
[2026-08-30T16:15:05.740+0000] {logging_mixin.py:190} INFO - [2026-08-30T16:15:05.739+0000] {dagbag.py:588} INFO - Filling up the DagBag from /opt/airflow/dags/01_hello_dag.py
[2026-08-30T16:15:05.761+0000] {processor.py:925} INFO - DAG(s) 'hello_dag' retrieved from /opt/airflow/dags/01_hello_dag.py
[2026-08-30T16:15:05.781+0000] {logging_mixin.py:190} INFO - [2026-08-30T16:15:05.781+0000] {dag.py:3239} INFO - Sync 1 DAGs
[2026-08-30T16:15:05.789+0000] {logging_mixin.py:190} INFO - [2026-08-30T16:15:05.789+0000] {dag.py:4180} INFO - Setting next_dagrun for hello_dag to None, run_after=None
[2026-08-30T16:15:05.807+0000] {processor.py:208} INFO - Processing /opt/airflow/dags/01_hello_dag.py took 0.079 seconds
[2026-08-30T16:15:36.514+0000] {processor.py:186} INFO - Started process (PID=1543) to work on /opt/airflow/dags/01_hello_dag.py
[2026-08-30T16:15:36.516+0000] {processor.py:914} INFO - Processing file /opt/airflow/dags/01_hello_dag.py for tasks to queue
[2026-08-30T16:15:36.517+0000] {logging_mixin.py:190} INFO - [2026-08-30T16:15:36.517+0000] {dagbag.py:588} INFO - Filling up the DagBag from /opt/airflow/dags/01_hello_dag.py
[2026-08-30T16:15:36.527+0000] {processor.py:925} INFO - DAG(s) 'hello_dag' retrieved from /opt/airflow/dags/01_hello_dag.py
[2026-08-30T16:15:36.554+0000] {logging_mixin.py:190} INFO - [2026-08-30T16:15:36.554+0000] {dag.py:3239} INFO - Sync 1 DAGs
[2026-08-30T16:15:36.567+0000] {logging_mixin.py:190} INFO - [2026-08-30T16:15:36.567+0000] {dag.py:4180} INFO - Setting next_dagrun for hello_dag to None, run_after=None
[2026-08-30T16:15:36.582+0000] {processor.py:208} INFO - Processing /opt/airflow/dags/01_hello_dag.py took 0.078 seconds
[2026-08-30T16:16:07.207+0000] {processor.py:186} INFO - Started process (PID=1555) to work on /opt/airflow/dags/01_hello_dag.py
[2026-08-30T16:16:07.208+0000] {processor.py:914} INFO - Processing file /opt/airflow/dags/01_hello_dag.py for tasks to queue
[2026-08-30T16:16:07.212+0000] {logging_mixin.py:190} INFO - [2026-08-30T16:16:07.212+0000] {dagbag.py:588} INFO - Filling up the DagBag from /opt/airflow/dags/01_hello_dag.py
[2026-08-30T16:16:07.228+0000] {processor.py:925} INFO - DAG(s) 'hello_dag' retrieved from /opt/airflow/dags/01_hello_dag.py
[2026-08-30T16:16:07.260+0000] {logging_mixin.py:190} INFO - [2026-08-30T16:16:07.260+0000] {dag.py:3239} INFO - Sync 1 DAGs
[2026-08-30T16:16:07.271+0000] {logging_mixin.py:190} INFO - [2026-08-30T16:16:07.271+0000] {dag.py:4180} INFO - Setting next_dagrun for hello_dag to None, run_after=None
[2026-08-30T16:16:07.285+0000] {processor.py:208} INFO - Processing /opt/airflow/dags/01_hello_dag.py took 0.083 seconds
[2026-08-30T16:16:38.105+0000] {processor.py:186} INFO - Started process (PID=1567) to work on /opt/airflow/dags/01_hello_dag.py
[2026-08-30T16:16:38.105+0000] {processor.py:914} INFO - Processing file /opt/airflow/dags/01_hello_dag.py for tasks to queue
[2026-08-30T16:16:38.107+0000] {logging_mixin.py:190} INFO - [2026-08-30T16:16:38.107+0000] {dagbag.py:588} INFO - Filling up the DagBag from /opt/airflow/dags/01_hello_dag.py
[2026-08-30T16:16:38.114+0000] {processor.py:925} INFO - DAG(s) 'hello_dag' retrieved from /opt/airflow/dags/01_hello_dag.py
[2026-08-30T16:16:38.131+0000] {logging_mixin.py:190} INFO - [2026-08-30T16:16:38.130+0000] {dag.py:3239} INFO - Sync 1 DAGs
[2026-08-30T16:16:38.138+0000] {logging_mixin.py:190} INFO - [2026-08-30T16:16:38.138+0000] {dag.py:4180} INFO - Setting next_dagrun for hello_dag to None, run_after=None
[2026-08-30T16:16:38.149+0000] {processor.py:208} INFO - Processing /opt/airflow/dags/01_hello_dag.py took 0.049 seconds
[2026-08-30T16:17:08.907+0000] {processor.py:186} INFO - Started process (PID=1579) to work on /opt/airflow/dags/01_hello_dag.py
[2026-08-30T16:17:08.908+0000] {processor.py:914} INFO - Processing file /opt/airflow/dags/01_hello_dag.py for tasks to queue
[2026-08-30T16:17:08.913+0000] {logging_mixin.py:190} INFO - [2026-08-30T16:17:08.912+0000] {dagbag.py:588} INFO - Filling up the DagBag from /opt/airflow/dags/01_hello_dag.py
[2026-08-30T16:17:08.921+0000] {processor.py:925} INFO - DAG(s) 'hello_dag' retrieved from /opt/airflow/dags/01_hello_dag.py
[2026-08-30T16:17:08.945+0000] {logging_mixin.py:190} INFO - [2026-08-30T16:17:08.945+0000] {dag.py:3239} INFO - Sync 1 DAGs
[2026-08-30T16:17:08.956+0000] {logging_mixin.py:190} INFO - [2026-08-30T16:17:08.956+0000] {dag.py:4180} INFO - Setting next_dagrun for hello_dag to None, run_after=None
[2026-08-30T16:17:08.971+0000] {processor.py:208} INFO - Processing /opt/airflow/dags/01_hello_dag.py took 0.071 seconds
[2026-08-30T16:17:39.705+0000] {processor.py:186} INFO - Started process (PID=1591) to work on /opt/airflow/dags/01_hello_dag.py
[2026-08-30T16:17:39.707+0000] {processor.py:914} INFO - Processing file /opt/airflow/dags/01_hello_dag.py for tasks to queue
[2026-08-30T16:17:39.708+0000] {logging_mixin.py:190} INFO - [2026-08-30T16:17:39.708+0000] {dagbag.py:588} INFO - Filling up the DagBag from /opt/airflow/dags/01_hello_dag.py
[2026-08-30T16:17:39.715+0000] {processor.py:925} INFO - DAG(s) 'hello_dag' retrieved from /opt/airflow/dags/01_hello_dag.py
[2026-08-30T16:17:39.730+0000] {logging_mixin.py:190} INFO - [2026-08-30T16:17:39.730+0000] {dag.py:3239} INFO - Sync 1 DAGs
[2026-08-30T16:17:39.737+0000] {logging_mixin.py:190} INFO - [2026-08-30T16:17:39.737+0000] {dag.py:4180} INFO - Setting next_dagrun for hello_dag to None, run_after=None
[2026-08-30T16:17:39.745+0000] {processor.py:208} INFO - Processing /opt/airflow/dags/01_hello_dag.py took 0.044 seconds
[2026-08-30T16:18:10.596+0000] {processor.py:186} INFO - Started process (PID=1603) to work on /opt/airflow/dags/01_hello_dag.py
[2026-08-30T16:18:10.597+0000] {processor.py:914} INFO - Processing file /opt/airflow/dags/01_hello_dag.py for tasks to queue
[2026-08-30T16:18:10.598+0000] {logging_mixin.py:190} INFO - [2026-08-30T16:18:10.598+0000] {dagbag.py:588} INFO - Filling up the DagBag from /opt/airflow/dags/01_hello_dag.py
[2026-08-30T16:18:10.604+0000] {processor.py:925} INFO - DAG(s) 'hello_dag' retrieved from /opt/airflow/dags/01_hello_dag.py
[2026-08-30T16:18:10.621+0000] {logging_mixin.py:190} INFO - [2026-08-30T16:18:10.620+0000] {dag.py:3239} INFO - Sync 1 DAGs
[2026-08-30T16:18:10.628+0000] {logging_mixin.py:190} INFO - [2026-08-30T16:18:10.628+0000] {dag.py:4180} INFO - Setting next_dagrun for hello_dag to None, run_after=None
[2026-08-30T16:18:10.636+0000] {processor.py:208} INFO - Processing /opt/airflow/dags/01_hello_dag.py took 0.047 seconds
[2026-08-30T16:18:41.280+0000] {processor.py:186} INFO - Started process (PID=1615) to work on /opt/airflow/dags/01_hello_dag.py
[2026-08-30T16:18:41.281+0000] {processor.py:914} INFO - Processing file /opt/airflow/dags/01_hello_dag.py for tasks to queue
[2026-08-30T16:18:41.282+0000] {logging_mixin.py:190} INFO - [2026-08-30T16:18:41.282+0000] {dagbag.py:588} INFO - Filling up the DagBag from /opt/airflow/dags/01_hello_dag.py
[2026-08-30T16:18:41.288+0000] {processor.py:925} INFO - DAG(s) 'hello_dag' retrieved from /opt/airflow/dags/01_hello_dag.py
[2026-08-30T16:18:41.303+0000] {logging_mixin.py:190} INFO - [2026-08-30T16:18:41.303+0000] {dag.py:3239} INFO - Sync 1 DAGs
[2026-08-30T16:18:41.310+0000] {logging_mixin.py:190} INFO - [2026-08-30T16:18:41.310+0000] {dag.py:4180} INFO - Setting next_dagrun for hello_dag to None, run_after=None
[2026-08-30T16:18:41.318+0000] {processor.py:208} INFO - Processing /opt/airflow/dags/01_hello_dag.py took 0.041 seconds
[2026-08-30T16:19:12.193+0000] {processor.py:186} INFO - Started process (PID=1627) to work on /opt/airflow/dags/01_hello_dag.py
[2026-08-30T16:19:12.194+0000] {processor.py:914} INFO - Processing file /opt/airflow/dags/01_hello_dag.py for tasks to queue
[2026-08-30T16:19:12.198+0000] {logging_mixin.py:190} INFO - [2026-08-30T16:19:12.198+0000] {dagbag.py:588} INFO - Filling up the DagBag from /opt/airflow/dags/01_hello_dag.py
[2026-08-30T16:19:12.206+0000] {processor.py:925} INFO - DAG(s) 'hello_dag' retrieved from /opt/airflow/dags/01_hello_dag.py
[2026-08-30T16:19:12.229+0000] {logging_mixin.py:190} INFO - [2026-08-30T16:19:12.229+0000] {dag.py:3239} INFO - Sync 1 DAGs
[2026-08-30T16:19:12.240+0000] {logging_mixin.py:190} INFO - [2026-08-30T16:19:12.238+0000] {dag.py:4180} INFO - Setting next_dagrun for hello_dag to None, run_after=None
[2026-08-30T16:19:12.255+0000] {processor.py:208} INFO - Processing /opt/airflow/dags/01_hello_dag.py took 0.068 seconds
[2026-08-30T16:19:43.067+0000] {processor.py:186} INFO - Started process (PID=1639) to work on /opt/airflow/dags/01_hello_dag.py
[2026-08-30T16:19:43.068+0000] {processor.py:914} INFO - Processing file /opt/airflow/dags/01_hello_dag.py for tasks to queue
[2026-08-30T16:19:43.069+0000] {logging_mixin.py:190} INFO - [2026-08-30T16:19:43.069+0000] {dagbag.py:588} INFO - Filling up the DagBag from /opt/airflow/dags/01_hello_dag.py
[2026-08-30T16:19:43.077+0000] {processor.py:925} INFO - DAG(s) 'hello_dag' retrieved from /opt/airflow/dags/01_hello_dag.py
[2026-08-30T16:19:43.095+0000] {logging_mixin.py:190} INFO - [2026-08-30T16:19:43.095+0000] {dag.py:3239} INFO - Sync 1 DAGs
[2026-08-30T16:19:43.102+0000] {logging_mixin.py:190} INFO - [2026-08-30T16:19:43.101+0000] {dag.py:4180} INFO - Setting next_dagrun for hello_dag to None, run_after=None
[2026-08-30T16:19:43.119+0000] {processor.py:208} INFO - Processing /opt/airflow/dags/01_hello_dag.py took 0.062 seconds
[2026-08-30T16:20:13.942+0000] {processor.py:186} INFO - Started process (PID=1651) to work on /opt/airflow/dags/01_hello_dag.py
[2026-08-30T16:20:13.943+0000] {processor.py:914} INFO - Processing file /opt/airflow/dags/01_hello_dag.py for tasks to queue
[2026-08-30T16:20:13.944+0000] {logging_mixin.py:190} INFO - [2026-08-30T16:20:13.944+0000] {dagbag.py:588} INFO - Filling up the DagBag from /opt/airflow/dags/01_hello_dag.py
[2026-08-30T16:20:13.958+0000] {processor.py:925} INFO - DAG(s) 'hello_dag' retrieved from /opt/airflow/dags/01_hello_dag.py
[2026-08-30T16:20:13.982+0000] {logging_mixin.py:190} INFO - [2026-08-30T16:20:13.982+0000] {dag.py:3239} INFO - Sync 1 DAGs
[2026-08-30T16:20:13.992+0000] {logging_mixin.py:190} INFO - [2026-08-30T16:20:13.992+0000] {dag.py:4180} INFO - Setting next_dagrun for hello_dag to None, run_after=None
[2026-08-30T16:20:14.005+0000] {processor.py:208} INFO - Processing /opt/airflow/dags/01_hello_dag.py took 0.069 seconds
[2026-08-30T16:20:44.776+0000] {processor.py:186} INFO - Started process (PID=1663) to work on /opt/airflow/dags/01_hello_dag.py
[2026-08-30T16:20:44.777+0000] {processor.py:914} INFO - Processing file /opt/airflow/dags/01_hello_dag.py for tasks to queue
[2026-08-30T16:20:44.778+0000] {logging_mixin.py:190} INFO - [2026-08-30T16:20:44.778+0000] {dagbag.py:588} INFO - Filling up the DagBag from /opt/airflow/dags/01_hello_dag.py
[2026-08-30T16:20:44.785+0000] {processor.py:925} INFO - DAG(s) 'hello_dag' retrieved from /opt/airflow/dags/01_hello_dag.py
[2026-08-30T16:20:44.801+0000] {logging_mixin.py:190} INFO - [2026-08-30T16:20:44.801+0000] {dag.py:3239} INFO - Sync 1 DAGs
[2026-08-30T16:20:44.807+0000] {logging_mixin.py:190} INFO - [2026-08-30T16:20:44.807+0000] {dag.py:4180} INFO - Setting next_dagrun for hello_dag to None, run_after=None
[2026-08-30T16:20:44.815+0000] {processor.py:208} INFO - Processing /opt/airflow/dags/01_hello_dag.py took 0.044 seconds
[2026-08-30T16:21:15.393+0000] {processor.py:186} INFO - Started process (PID=1675) to work on /opt/airflow/dags/01_hello_dag.py
[2026-08-30T16:21:15.397+0000] {processor.py:914} INFO - Processing file /opt/airflow/dags/01_hello_dag.py for tasks to queue
[2026-08-30T16:21:15.398+0000] {logging_mixin.py:190} INFO - [2026-08-30T16:21:15.398+0000] {dagbag.py:588} INFO - Filling up the DagBag from /opt/airflow/dags/01_hello_dag.py
[2026-08-30T16:21:15.407+0000] {processor.py:925} INFO - DAG(s) 'hello_dag' retrieved from /opt/airflow/dags/01_hello_dag.py
[2026-08-30T16:21:15.430+0000] {logging_mixin.py:190} INFO - [2026-08-30T16:21:15.430+0000] {dag.py:3239} INFO - Sync 1 DAGs
[2026-08-30T16:21:15.436+0000] {logging_mixin.py:190} INFO - [2026-08-30T16:21:15.436+0000] {dag.py:4180} INFO - Setting next_dagrun for hello_dag to None, run_after=None
[2026-08-30T16:21:15.451+0000] {processor.py:208} INFO - Processing /opt/airflow/dags/01_hello_dag.py took 0.062 seconds
[2026-08-30T16:21:46.158+0000] {processor.py:186} INFO - Started process (PID=1687) to work on /opt/airflow/dags/01_hello_dag.py
[2026-08-30T16:21:46.159+0000] {processor.py:914} INFO - Processing file /opt/airflow/dags/01_hello_dag.py for tasks to queue
[2026-08-30T16:21:46.160+0000] {logging_mixin.py:190} INFO - [2026-08-30T16:21:46.160+0000] {dagbag.py:588} INFO - Filling up the DagBag from /opt/airflow/dags/01_hello_dag.py
[2026-08-30T16:21:46.166+0000] {processor.py:925} INFO - DAG(s) 'hello_dag' retrieved from /opt/airflow/dags/01_hello_dag.py
[2026-08-30T16:21:46.183+0000] {logging_mixin.py:190} INFO - [2026-08-30T16:21:46.183+0000] {dag.py:3239} INFO - Sync 1 DAGs
[2026-08-30T16:21:46.190+0000] {logging_mixin.py:190} INFO - [2026-08-30T16:21:46.190+0000] {dag.py:4180} INFO - Setting next_dagrun for hello_dag to None, run_after=None
[2026-08-30T16:21:46.198+0000] {processor.py:208} INFO - Processing /opt/airflow/dags/01_hello_dag.py took 0.046 seconds
[2026-08-30T16:22:16.872+0000] {processor.py:186} INFO - Started process (PID=1699) to work on /opt/airflow/dags/01_hello_dag.py
[2026-08-30T16:22:16.873+0000] {processor.py:914} INFO - Processing file /opt/airflow/dags/01_hello_dag.py for tasks to queue
[2026-08-30T16:22:16.874+0000] {logging_mixin.py:190} INFO - [2026-08-30T16:22:16.874+0000] {dagbag.py:588} INFO - Filling up the DagBag from /opt/airflow/dags/01_hello_dag.py
[2026-08-30T16:22:16.880+0000] {processor.py:925} INFO - DAG(s) 'hello_dag' retrieved from /opt/airflow/dags/01_hello_dag.py
[2026-08-30T16:22:16.895+0000] {logging_mixin.py:190} INFO - [2026-08-30T16:22:16.895+0000] {dag.py:3239} INFO - Sync 1 DAGs
[2026-08-30T16:22:16.901+0000] {logging_mixin.py:190} INFO - [2026-08-30T16:22:16.901+0000] {dag.py:4180} INFO - Setting next_dagrun for hello_dag to None, run_after=None
[2026-08-30T16:22:16.909+0000] {processor.py:208} INFO - Processing /opt/airflow/dags/01_hello_dag.py took 0.040 seconds
[2026-08-30T16:22:47.535+0000] {processor.py:186} INFO - Started process (PID=1711) to work on /opt/airflow/dags/01_hello_dag.py
[2026-08-30T16:22:47.537+0000] {processor.py:914} INFO - Processing file /opt/airflow/dags/01_hello_dag.py for tasks to queue
[2026-08-30T16:22:47.540+0000] {logging_mixin.py:190} INFO - [2026-08-30T16:22:47.539+0000] {dagbag.py:588} INFO - Filling up the DagBag from /opt/airflow/dags/01_hello_dag.py
[2026-08-30T16:22:47.552+0000] {processor.py:925} INFO - DAG(s) 'hello_dag' retrieved from /opt/airflow/dags/01_hello_dag.py
[2026-08-30T16:22:47.574+0000] {logging_mixin.py:190} INFO - [2026-08-30T16:22:47.574+0000] {dag.py:3239} INFO - Sync 1 DAGs
[2026-08-30T16:22:47.583+0000] {logging_mixin.py:190} INFO - [2026-08-30T16:22:47.583+0000] {dag.py:4180} INFO - Setting next_dagrun for hello_dag to None, run_after=None
[2026-08-30T16:22:47.596+0000] {processor.py:208} INFO - Processing /opt/airflow/dags/01_hello_dag.py took 0.071 seconds
[2026-08-30T16:23:18.291+0000] {processor.py:186} INFO - Started process (PID=1723) to work on /opt/airflow/dags/01_hello_dag.py
[2026-08-30T16:23:18.293+0000] {processor.py:914} INFO - Processing file /opt/airflow/dags/01_hello_dag.py for tasks to queue
[2026-08-30T16:23:18.296+0000] {logging_mixin.py:190} INFO - [2026-08-30T16:23:18.296+0000] {dagbag.py:588} INFO - Filling up the DagBag from /opt/airflow/dags/01_hello_dag.py
[2026-08-30T16:23:18.305+0000] {processor.py:925} INFO - DAG(s) 'hello_dag' retrieved from /opt/airflow/dags/01_hello_dag.py
[2026-08-30T16:23:18.329+0000] {logging_mixin.py:190} INFO - [2026-08-30T16:23:18.329+0000] {dag.py:3239} INFO - Sync 1 DAGs
[2026-08-30T16:23:18.342+0000] {logging_mixin.py:190} INFO - [2026-08-30T16:23:18.342+0000] {dag.py:4180} INFO - Setting next_dagrun for hello_dag to None, run_after=None
[2026-08-30T16:23:18.350+0000] {processor.py:208} INFO - Processing /opt/airflow/dags/01_hello_dag.py took 0.068 seconds
[2026-08-30T16:23:49.217+0000] {processor.py:186} INFO - Started process (PID=1735) to work on /opt/airflow/dags/01_hello_dag.py
[2026-08-30T16:23:49.219+0000] {processor.py:914} INFO - Processing file /opt/airflow/dags/01_hello_dag.py for tasks to queue
[2026-08-30T16:23:49.226+0000] {logging_mixin.py:190} INFO - [2026-08-30T16:23:49.226+0000] {dagbag.py:588} INFO - Filling up the DagBag from /opt/airflow/dags/01_hello_dag.py
[2026-08-30T16:23:49.235+0000] {processor.py:925} INFO - DAG(s) 'hello_dag' retrieved from /opt/airflow/dags/01_hello_dag.py
[2026-08-30T16:23:49.252+0000] {logging_mixin.py:190} INFO - [2026-08-30T16:23:49.252+0000] {dag.py:3239} INFO - Sync 1 DAGs
[2026-08-30T16:23:49.259+0000] {logging_mixin.py:190} INFO - [2026-08-30T16:23:49.259+0000] {dag.py:4180} INFO - Setting next_dagrun for hello_dag to None, run_after=None
[2026-08-30T16:23:49.267+0000] {processor.py:208} INFO - Processing /opt/airflow/dags/01_hello_dag.py took 0.063 seconds
[2026-08-30T16:24:19.931+0000] {processor.py:186} INFO - Started process (PID=1747) to work on /opt/airflow/dags/01_hello_dag.py
[2026-08-30T16:24:19.932+0000] {processor.py:914} INFO - Processing file /opt/airflow/dags/01_hello_dag.py for tasks to queue
[2026-08-30T16:24:19.933+0000] {logging_mixin.py:190} INFO - [2026-08-30T16:24:19.933+0000] {dagbag.py:588} INFO - Filling up the DagBag from /opt/airflow/dags/01_hello_dag.py
[2026-08-30T16:24:19.941+0000] {processor.py:925} INFO - DAG(s) 'hello_dag' retrieved from /opt/airflow/dags/01_hello_dag.py
[2026-08-30T16:24:19.956+0000] {logging_mixin.py:190} INFO - [2026-08-30T16:24:19.955+0000] {dag.py:3239} INFO - Sync 1 DAGs
[2026-08-30T16:24:19.962+0000] {logging_mixin.py:190} INFO - [2026-08-30T16:24:19.962+0000] {dag.py:4180} INFO - Setting next_dagrun for hello_dag to None, run_after=None
[2026-08-30T16:24:19.970+0000] {processor.py:208} INFO - Processing /opt/airflow/dags/01_hello_dag.py took 0.044 seconds
[2026-08-30T16:24:50.749+0000] {processor.py:186} INFO - Started process (PID=1759) to work on /opt/airflow/dags/01_hello_dag.py
[2026-08-30T16:24:50.751+0000] {processor.py:914} INFO - Processing file /opt/airflow/dags/01_hello_dag.py for tasks to queue
[2026-08-30T16:24:50.753+0000] {logging_mixin.py:190} INFO - [2026-08-30T16:24:50.753+0000] {dagbag.py:588} INFO - Filling up the DagBag from /opt/airflow/dags/01_hello_dag.py
[2026-08-30T16:24:50.764+0000] {processor.py:925} INFO - DAG(s) 'hello_dag' retrieved from /opt/airflow/dags/01_hello_dag.py
[2026-08-30T16:24:50.787+0000] {logging_mixin.py:190} INFO - [2026-08-30T16:24:50.787+0000] {dag.py:3239} INFO - Sync 1 DAGs
[2026-08-30T16:24:50.804+0000] {logging_mixin.py:190} INFO - [2026-08-30T16:24:50.804+0000] {dag.py:4180} INFO - Setting next_dagrun for hello_dag to None, run_after=None
[2026-08-30T16:24:50.823+0000] {processor.py:208} INFO - Processing /opt/airflow/dags/01_hello_dag.py took 0.077 seconds
[2026-08-30T16:25:21.514+0000] {processor.py:186} INFO - Started process (PID=1771) to work on /opt/airflow/dags/01_hello_dag.py
[2026-08-30T16:25:21.515+0000] {processor.py:914} INFO - Processing file /opt/airflow/dags/01_hello_dag.py for tasks to queue
[2026-08-30T16:25:21.517+0000] {logging_mixin.py:190} INFO - [2026-08-30T16:25:21.517+0000] {dagbag.py:588} INFO - Filling up the DagBag from /opt/airflow/dags/01_hello_dag.py
[2026-08-30T16:25:21.523+0000] {processor.py:925} INFO - DAG(s) 'hello_dag' retrieved from /opt/airflow/dags/01_hello_dag.py
[2026-08-30T16:25:21.538+0000] {logging_mixin.py:190} INFO - [2026-08-30T16:25:21.538+0000] {dag.py:3239} INFO - Sync 1 DAGs
[2026-08-30T16:25:21.544+0000] {logging_mixin.py:190} INFO - [2026-08-30T16:25:21.544+0000] {dag.py:4180} INFO - Setting next_dagrun for hello_dag to None, run_after=None
[2026-08-30T16:25:21.552+0000] {processor.py:208} INFO - Processing /opt/airflow/dags/01_hello_dag.py took 0.044 seconds
[2026-08-30T16:25:52.177+0000] {processor.py:186} INFO - Started process (PID=1783) to work on /opt/airflow/dags/01_hello_dag.py
[2026-08-30T16:25:52.179+0000] {processor.py:914} INFO - Processing file /opt/airflow/dags/01_hello_dag.py for tasks to queue
[2026-08-30T16:25:52.181+0000] {logging_mixin.py:190} INFO - [2026-08-30T16:25:52.181+0000] {dagbag.py:588} INFO - Filling up the DagBag from /opt/airflow/dags/01_hello_dag.py
[2026-08-30T16:25:52.193+0000] {processor.py:925} INFO - DAG(s) 'hello_dag' retrieved from /opt/airflow/dags/01_hello_dag.py
[2026-08-30T16:25:52.218+0000] {logging_mixin.py:190} INFO - [2026-08-30T16:25:52.218+0000] {dag.py:3239} INFO - Sync 1 DAGs
[2026-08-30T16:25:52.231+0000] {logging_mixin.py:190} INFO - [2026-08-30T16:25:52.231+0000] {dag.py:4180} INFO - Setting next_dagrun for hello_dag to None, run_after=None
[2026-08-30T16:25:52.241+0000] {processor.py:208} INFO - Processing /opt/airflow/dags/01_hello_dag.py took 0.073 seconds
[2026-08-30T16:26:22.929+0000] {processor.py:186} INFO - Started process (PID=1795) to work on /opt/airflow/dags/01_hello_dag.py
[2026-08-30T16:26:22.930+0000] {processor.py:914} INFO - Processing file /opt/airflow/dags/01_hello_dag.py for tasks to queue
[2026-08-30T16:26:22.931+0000] {logging_mixin.py:190} INFO - [2026-08-30T16:26:22.931+0000] {dagbag.py:588} INFO - Filling up the DagBag from /opt/airflow/dags/01_hello_dag.py
[2026-08-30T16:26:22.937+0000] {processor.py:925} INFO - DAG(s) 'hello_dag' retrieved from /opt/airflow/dags/01_hello_dag.py
[2026-08-30T16:26:22.956+0000] {logging_mixin.py:190} INFO - [2026-08-30T16:26:22.956+0000] {dag.py:3239} INFO - Sync 1 DAGs
[2026-08-30T16:26:22.962+0000] {logging_mixin.py:190} INFO - [2026-08-30T16:26:22.962+0000] {dag.py:4180} INFO - Setting next_dagrun for hello_dag to None, run_after=None
[2026-08-30T16:26:22.969+0000] {processor.py:208} INFO - Processing /opt/airflow/dags/01_hello_dag.py took 0.046 seconds
[2026-08-30T16:26:53.610+0000] {processor.py:186} INFO - Started process (PID=1807) to work on /opt/airflow/dags/01_hello_dag.py
[2026-08-30T16:26:53.613+0000] {processor.py:914} INFO - Processing file /opt/airflow/dags/01_hello_dag.py for tasks to queue
[2026-08-30T16:26:53.614+0000] {logging_mixin.py:190} INFO - [2026-08-30T16:26:53.614+0000] {dagbag.py:588} INFO - Filling up the DagBag from /opt/airflow/dags/01_hello_dag.py
[2026-08-30T16:26:53.624+0000] {processor.py:925} INFO - DAG(s) 'hello_dag' retrieved from /opt/airflow/dags/01_hello_dag.py
[2026-08-30T16:26:53.651+0000] {logging_mixin.py:190} INFO - [2026-08-30T16:26:53.651+0000] {dag.py:3239} INFO - Sync 1 DAGs
[2026-08-30T16:26:53.660+0000] {logging_mixin.py:190} INFO - [2026-08-30T16:26:53.660+0000] {dag.py:4180} INFO - Setting next_dagrun for hello_dag to None, run_after=None
[2026-08-30T16:26:53.675+0000] {processor.py:208} INFO - Processing /opt/airflow/dags/01_hello_dag.py took 0.073 seconds
[2026-08-30T16:27:24.422+0000] {processor.py:186} INFO - Started process (PID=1819) to work on /opt/airflow/dags/01_hello_dag.py
[2026-08-30T16:27:24.423+0000] {processor.py:914} INFO - Processing file /opt/airflow/dags/01_hello_dag.py for tasks to queue
[2026-08-30T16:27:24.425+0000] {logging_mixin.py:190} INFO - [2026-08-30T16:27:24.425+0000] {dagbag.py:588} INFO - Filling up the DagBag from /opt/airflow/dags/01_hello_dag.py
[2026-08-30T16:27:24.435+0000] {processor.py:925} INFO - DAG(s) 'hello_dag' retrieved from /opt/airflow/dags/01_hello_dag.py
[2026-08-30T16:27:24.459+0000] {logging_mixin.py:190} INFO - [2026-08-30T16:27:24.459+0000] {dag.py:3239} INFO - Sync 1 DAGs
[2026-08-30T16:27:24.470+0000] {logging_mixin.py:190} INFO - [2026-08-30T16:27:24.469+0000] {dag.py:4180} INFO - Setting next_dagrun for hello_dag to None, run_after=None
[2026-08-30T16:27:24.482+0000] {processor.py:208} INFO - Processing /opt/airflow/dags/01_hello_dag.py took 0.068 seconds
[2026-08-30T16:27:55.169+0000] {processor.py:186} INFO - Started process (PID=1830) to work on /opt/airflow/dags/01_hello_dag.py
[2026-08-30T16:27:55.169+0000] {processor.py:914} INFO - Processing file /opt/airflow/dags/01_hello_dag.py for tasks to queue
[2026-08-30T16:27:55.171+0000] {logging_mixin.py:190} INFO - [2026-08-30T16:27:55.171+0000] {dagbag.py:588} INFO - Filling up the DagBag from /opt/airflow/dags/01_hello_dag.py
[2026-08-30T16:27:55.182+0000] {processor.py:925} INFO - DAG(s) 'hello_dag' retrieved from /opt/airflow/dags/01_hello_dag.py
[2026-08-30T16:27:55.201+0000] {logging_mixin.py:190} INFO - [2026-08-30T16:27:55.201+0000] {dag.py:3239} INFO - Sync 1 DAGs
[2026-08-30T16:27:55.212+0000] {logging_mixin.py:190} INFO - [2026-08-30T16:27:55.212+0000] {dag.py:4180} INFO - Setting next_dagrun for hello_dag to None, run_after=None
[2026-08-30T16:27:55.225+0000] {processor.py:208} INFO - Processing /opt/airflow/dags/01_hello_dag.py took 0.061 seconds
[2026-08-30T16:28:26.033+0000] {processor.py:186} INFO - Started process (PID=1842) to work on /opt/airflow/dags/01_hello_dag.py
[2026-08-30T16:28:26.035+0000] {processor.py:914} INFO - Processing file /opt/airflow/dags/01_hello_dag.py for tasks to queue
[2026-08-30T16:28:26.039+0000] {logging_mixin.py:190} INFO - [2026-08-30T16:28:26.039+0000] {dagbag.py:588} INFO - Filling up the DagBag from /opt/airflow/dags/01_hello_dag.py
[2026-08-30T16:28:26.061+0000] {processor.py:925} INFO - DAG(s) 'hello_dag' retrieved from /opt/airflow/dags/01_hello_dag.py
[2026-08-30T16:28:26.093+0000] {logging_mixin.py:190} INFO - [2026-08-30T16:28:26.092+0000] {dag.py:3239} INFO - Sync 1 DAGs
[2026-08-30T16:28:26.104+0000] {logging_mixin.py:190} INFO - [2026-08-30T16:28:26.104+0000] {dag.py:4180} INFO - Setting next_dagrun for hello_dag to None, run_after=None
[2026-08-30T16:28:26.113+0000] {processor.py:208} INFO - Processing /opt/airflow/dags/01_hello_dag.py took 0.100 seconds
[2026-08-30T16:28:56.847+0000] {processor.py:186} INFO - Started process (PID=1854) to work on /opt/airflow/dags/01_hello_dag.py
[2026-08-30T16:28:56.848+0000] {processor.py:914} INFO - Processing file /opt/airflow/dags/01_hello_dag.py for tasks to queue
[2026-08-30T16:28:56.852+0000] {logging_mixin.py:190} INFO - [2026-08-30T16:28:56.851+0000] {dagbag.py:588} INFO - Filling up the DagBag from /opt/airflow/dags/01_hello_dag.py
[2026-08-30T16:28:56.862+0000] {processor.py:925} INFO - DAG(s) 'hello_dag' retrieved from /opt/airflow/dags/01_hello_dag.py
[2026-08-30T16:28:56.886+0000] {logging_mixin.py:190} INFO - [2026-08-30T16:28:56.885+0000] {dag.py:3239} INFO - Sync 1 DAGs
[2026-08-30T16:28:56.896+0000] {logging_mixin.py:190} INFO - [2026-08-30T16:28:56.896+0000] {dag.py:4180} INFO - Setting next_dagrun for hello_dag to None, run_after=None
[2026-08-30T16:28:56.911+0000] {processor.py:208} INFO - Processing /opt/airflow/dags/01_hello_dag.py took 0.071 seconds
[2026-08-30T16:29:27.632+0000] {processor.py:186} INFO - Started process (PID=1866) to work on /opt/airflow/dags/01_hello_dag.py
[2026-08-30T16:29:27.632+0000] {processor.py:914} INFO - Processing file /opt/airflow/dags/01_hello_dag.py for tasks to queue
[2026-08-30T16:29:27.634+0000] {logging_mixin.py:190} INFO - [2026-08-30T16:29:27.633+0000] {dagbag.py:588} INFO - Filling up the DagBag from /opt/airflow/dags/01_hello_dag.py
[2026-08-30T16:29:27.647+0000] {processor.py:925} INFO - DAG(s) 'hello_dag' retrieved from /opt/airflow/dags/01_hello_dag.py
[2026-08-30T16:29:27.667+0000] {logging_mixin.py:190} INFO - [2026-08-30T16:29:27.667+0000] {dag.py:3239} INFO - Sync 1 DAGs
[2026-08-30T16:29:27.676+0000] {logging_mixin.py:190} INFO - [2026-08-30T16:29:27.676+0000] {dag.py:4180} INFO - Setting next_dagrun for hello_dag to None, run_after=None
[2026-08-30T16:29:27.686+0000] {processor.py:208} INFO - Processing /opt/airflow/dags/01_hello_dag.py took 0.059 seconds
[2026-08-30T16:29:58.316+0000] {processor.py:186} INFO - Started process (PID=1878) to work on /opt/airflow/dags/01_hello_dag.py
[2026-08-30T16:29:58.317+0000] {processor.py:914} INFO - Processing file /opt/airflow/dags/01_hello_dag.py for tasks to queue
[2026-08-30T16:29:58.320+0000] {logging_mixin.py:190} INFO - [2026-08-30T16:29:58.320+0000] {dagbag.py:588} INFO - Filling up the DagBag from /opt/airflow/dags/01_hello_dag.py
[2026-08-30T16:29:58.330+0000] {processor.py:925} INFO - DAG(s) 'hello_dag' retrieved from /opt/airflow/dags/01_hello_dag.py
[2026-08-30T16:29:58.355+0000] {logging_mixin.py:190} INFO - [2026-08-30T16:29:58.355+0000] {dag.py:3239} INFO - Sync 1 DAGs
[2026-08-30T16:29:58.364+0000] {logging_mixin.py:190} INFO - [2026-08-30T16:29:58.364+0000] {dag.py:4180} INFO - Setting next_dagrun for hello_dag to None, run_after=None
[2026-08-30T16:29:58.379+0000] {processor.py:208} INFO - Processing /opt/airflow/dags/01_hello_dag.py took 0.074 seconds
[2026-08-30T16:30:29.028+0000] {processor.py:186} INFO - Started process (PID=1890) to work on /opt/airflow/dags/01_hello_dag.py
[2026-08-30T16:30:29.029+0000] {processor.py:914} INFO - Processing file /opt/airflow/dags/01_hello_dag.py for tasks to queue
[2026-08-30T16:30:29.030+0000] {logging_mixin.py:190} INFO - [2026-08-30T16:30:29.030+0000] {dagbag.py:588} INFO - Filling up the DagBag from /opt/airflow/dags/01_hello_dag.py
[2026-08-30T16:30:29.041+0000] {processor.py:925} INFO - DAG(s) 'hello_dag' retrieved from /opt/airflow/dags/01_hello_dag.py
[2026-08-30T16:30:29.064+0000] {logging_mixin.py:190} INFO - [2026-08-30T16:30:29.064+0000] {dag.py:3239} INFO - Sync 1 DAGs
[2026-08-30T16:30:29.071+0000] {logging_mixin.py:190} INFO - [2026-08-30T16:30:29.071+0000] {dag.py:4180} INFO - Setting next_dagrun for hello_dag to None, run_after=None
[2026-08-30T16:30:29.088+0000] {processor.py:208} INFO - Processing /opt/airflow/dags/01_hello_dag.py took 0.064 seconds
[2026-08-30T16:30:59.738+0000] {processor.py:186} INFO - Started process (PID=1902) to work on /opt/airflow/dags/01_hello_dag.py
[2026-08-30T16:30:59.740+0000] {processor.py:914} INFO - Processing file /opt/airflow/dags/01_hello_dag.py for tasks to queue
[2026-08-30T16:30:59.742+0000] {logging_mixin.py:190} INFO - [2026-08-30T16:30:59.742+0000] {dagbag.py:588} INFO - Filling up the DagBag from /opt/airflow/dags/01_hello_dag.py
[2026-08-30T16:30:59.758+0000] {processor.py:925} INFO - DAG(s) 'hello_dag' retrieved from /opt/airflow/dags/01_hello_dag.py
[2026-08-30T16:30:59.788+0000] {logging_mixin.py:190} INFO - [2026-08-30T16:30:59.787+0000] {dag.py:3239} INFO - Sync 1 DAGs
[2026-08-30T16:30:59.800+0000] {logging_mixin.py:190} INFO - [2026-08-30T16:30:59.800+0000] {dag.py:4180} INFO - Setting next_dagrun for hello_dag to None, run_after=None
[2026-08-30T16:30:59.818+0000] {processor.py:208} INFO - Processing /opt/airflow/dags/01_hello_dag.py took 0.092 seconds
[2026-08-30T16:31:30.416+0000] {processor.py:186} INFO - Started process (PID=1914) to work on /opt/airflow/dags/01_hello_dag.py
[2026-08-30T16:31:30.417+0000] {processor.py:914} INFO - Processing file /opt/airflow/dags/01_hello_dag.py for tasks to queue
[2026-08-30T16:31:30.418+0000] {logging_mixin.py:190} INFO - [2026-08-30T16:31:30.418+0000] {dagbag.py:588} INFO - Filling up the DagBag from /opt/airflow/dags/01_hello_dag.py
[2026-08-30T16:31:30.434+0000] {processor.py:925} INFO - DAG(s) 'hello_dag' retrieved from /opt/airflow/dags/01_hello_dag.py
[2026-08-30T16:31:30.515+0000] {logging_mixin.py:190} INFO - [2026-08-30T16:31:30.514+0000] {dag.py:3239} INFO - Sync 1 DAGs
[2026-08-30T16:31:30.527+0000] {logging_mixin.py:190} INFO - [2026-08-30T16:31:30.527+0000] {dag.py:4180} INFO - Setting next_dagrun for hello_dag to None, run_after=None
[2026-08-30T16:31:30.540+0000] {processor.py:208} INFO - Processing /opt/airflow/dags/01_hello_dag.py took 0.129 seconds
[2026-08-30T16:32:01.313+0000] {processor.py:186} INFO - Started process (PID=1926) to work on /opt/airflow/dags/01_hello_dag.py
[2026-08-30T16:32:01.314+0000] {processor.py:914} INFO - Processing file /opt/airflow/dags/01_hello_dag.py for tasks to queue
[2026-08-30T16:32:01.315+0000] {logging_mixin.py:190} INFO - [2026-08-30T16:32:01.315+0000] {dagbag.py:588} INFO - Filling up the DagBag from /opt/airflow/dags/01_hello_dag.py
[2026-08-30T16:32:01.325+0000] {processor.py:925} INFO - DAG(s) 'hello_dag' retrieved from /opt/airflow/dags/01_hello_dag.py
[2026-08-30T16:32:01.345+0000] {logging_mixin.py:190} INFO - [2026-08-30T16:32:01.345+0000] {dag.py:3239} INFO - Sync 1 DAGs
[2026-08-30T16:32:01.355+0000] {logging_mixin.py:190} INFO - [2026-08-30T16:32:01.355+0000] {dag.py:4180} INFO - Setting next_dagrun for hello_dag to None, run_after=None
[2026-08-30T16:32:01.367+0000] {processor.py:208} INFO - Processing /opt/airflow/dags/01_hello_dag.py took 0.058 seconds
[2026-08-30T16:32:32.165+0000] {processor.py:186} INFO - Started process (PID=1938) to work on /opt/airflow/dags/01_hello_dag.py
[2026-08-30T16:32:32.165+0000] {processor.py:914} INFO - Processing file /opt/airflow/dags/01_hello_dag.py for tasks to queue
[2026-08-30T16:32:32.167+0000] {logging_mixin.py:190} INFO - [2026-08-30T16:32:32.167+0000] {dagbag.py:588} INFO - Filling up the DagBag from /opt/airflow/dags/01_hello_dag.py
[2026-08-30T16:32:32.176+0000] {processor.py:925} INFO - DAG(s) 'hello_dag' retrieved from /opt/airflow/dags/01_hello_dag.py
[2026-08-30T16:32:32.197+0000] {logging_mixin.py:190} INFO - [2026-08-30T16:32:32.197+0000] {dag.py:3239} INFO - Sync 1 DAGs
[2026-08-30T16:32:32.205+0000] {logging_mixin.py:190} INFO - [2026-08-30T16:32:32.205+0000] {dag.py:4180} INFO - Setting next_dagrun for hello_dag to None, run_after=None
[2026-08-30T16:32:32.219+0000] {processor.py:208} INFO - Processing /opt/airflow/dags/01_hello_dag.py took 0.059 seconds
[2026-08-30T16:33:02.948+0000] {processor.py:186} INFO - Started process (PID=1950) to work on /opt/airflow/dags/01_hello_dag.py
[2026-08-30T16:33:02.949+0000] {processor.py:914} INFO - Processing file /opt/airflow/dags/01_hello_dag.py for tasks to queue
[2026-08-30T16:33:02.952+0000] {logging_mixin.py:190} INFO - [2026-08-30T16:33:02.952+0000] {dagbag.py:588} INFO - Filling up the DagBag from /opt/airflow/dags/01_hello_dag.py
[2026-08-30T16:33:02.962+0000] {processor.py:925} INFO - DAG(s) 'hello_dag' retrieved from /opt/airflow/dags/01_hello_dag.py
[2026-08-30T16:33:02.986+0000] {logging_mixin.py:190} INFO - [2026-08-30T16:33:02.986+0000] {dag.py:3239} INFO - Sync 1 DAGs
[2026-08-30T16:33:02.994+0000] {logging_mixin.py:190} INFO - [2026-08-30T16:33:02.994+0000] {dag.py:4180} INFO - Setting next_dagrun for hello_dag to None, run_after=None
[2026-08-30T16:33:03.007+0000] {processor.py:208} INFO - Processing /opt/airflow/dags/01_hello_dag.py took 0.063 seconds
[2026-08-30T16:33:33.732+0000] {processor.py:186} INFO - Started process (PID=1962) to work on /opt/airflow/dags/01_hello_dag.py
[2026-08-30T16:33:33.733+0000] {processor.py:914} INFO - Processing file /opt/airflow/dags/01_hello_dag.py for tasks to queue
[2026-08-30T16:33:33.734+0000] {logging_mixin.py:190} INFO - [2026-08-30T16:33:33.734+0000] {dagbag.py:588} INFO - Filling up the DagBag from /opt/airflow/dags/01_hello_dag.py
[2026-08-30T16:33:33.740+0000] {processor.py:925} INFO - DAG(s) 'hello_dag' retrieved from /opt/airflow/dags/01_hello_dag.py
[2026-08-30T16:33:33.755+0000] {logging_mixin.py:190} INFO - [2026-08-30T16:33:33.755+0000] {dag.py:3239} INFO - Sync 1 DAGs
[2026-08-30T16:33:33.761+0000] {logging_mixin.py:190} INFO - [2026-08-30T16:33:33.761+0000] {dag.py:4180} INFO - Setting next_dagrun for hello_dag to None, run_after=None
[2026-08-30T16:33:33.773+0000] {processor.py:208} INFO - Processing /opt/airflow/dags/01_hello_dag.py took 0.044 seconds
[2026-08-30T16:34:04.505+0000] {processor.py:186} INFO - Started process (PID=1974) to work on /opt/airflow/dags/01_hello_dag.py
[2026-08-30T16:34:04.506+0000] {processor.py:914} INFO - Processing file /opt/airflow/dags/01_hello_dag.py for tasks to queue
[2026-08-30T16:34:04.507+0000] {logging_mixin.py:190} INFO - [2026-08-30T16:34:04.507+0000] {dagbag.py:588} INFO - Filling up the DagBag from /opt/airflow/dags/01_hello_dag.py
[2026-08-30T16:34:04.514+0000] {processor.py:925} INFO - DAG(s) 'hello_dag' retrieved from /opt/airflow/dags/01_hello_dag.py
[2026-08-30T16:34:04.529+0000] {logging_mixin.py:190} INFO - [2026-08-30T16:34:04.529+0000] {dag.py:3239} INFO - Sync 1 DAGs
[2026-08-30T16:34:04.536+0000] {logging_mixin.py:190} INFO - [2026-08-30T16:34:04.536+0000] {dag.py:4180} INFO - Setting next_dagrun for hello_dag to None, run_after=None
[2026-08-30T16:34:04.543+0000] {processor.py:208} INFO - Processing /opt/airflow/dags/01_hello_dag.py took 0.042 seconds
[2026-08-30T16:34:35.299+0000] {processor.py:186} INFO - Started process (PID=1987) to work on /opt/airflow/dags/01_hello_dag.py
[2026-08-30T16:34:35.300+0000] {processor.py:914} INFO - Processing file /opt/airflow/dags/01_hello_dag.py for tasks to queue
[2026-08-30T16:34:35.303+0000] {logging_mixin.py:190} INFO - [2026-08-30T16:34:35.303+0000] {dagbag.py:588} INFO - Filling up the DagBag from /opt/airflow/dags/01_hello_dag.py
[2026-08-30T16:34:35.314+0000] {processor.py:925} INFO - DAG(s) 'hello_dag' retrieved from /opt/airflow/dags/01_hello_dag.py
[2026-08-30T16:34:35.339+0000] {logging_mixin.py:190} INFO - [2026-08-30T16:34:35.339+0000] {dag.py:3239} INFO - Sync 1 DAGs
[2026-08-30T16:34:35.353+0000] {logging_mixin.py:190} INFO - [2026-08-30T16:34:35.352+0000] {dag.py:4180} INFO - Setting next_dagrun for hello_dag to None, run_after=None
[2026-08-30T16:34:35.361+0000] {processor.py:208} INFO - Processing /opt/airflow/dags/01_hello_dag.py took 0.066 seconds
[2026-08-30T16:35:05.579+0000] {processor.py:186} INFO - Started process (PID=2000) to work on /opt/airflow/dags/01_hello_dag.py
[2026-08-30T16:35:05.580+0000] {processor.py:914} INFO - Processing file /opt/airflow/dags/01_hello_dag.py for tasks to queue
[2026-08-30T16:35:05.581+0000] {logging_mixin.py:190} INFO - [2026-08-30T16:35:05.581+0000] {dagbag.py:588} INFO - Filling up the DagBag from /opt/airflow/dags/01_hello_dag.py
[2026-08-30T16:35:05.587+0000] {processor.py:925} INFO - DAG(s) 'hello_dag' retrieved from /opt/airflow/dags/01_hello_dag.py
[2026-08-30T16:35:05.601+0000] {logging_mixin.py:190} INFO - [2026-08-30T16:35:05.601+0000] {dag.py:3239} INFO - Sync 1 DAGs
[2026-08-30T16:35:05.608+0000] {logging_mixin.py:190} INFO - [2026-08-30T16:35:05.608+0000] {dag.py:4180} INFO - Setting next_dagrun for hello_dag to None, run_after=None
[2026-08-30T16:35:05.615+0000] {processor.py:208} INFO - Processing /opt/airflow/dags/01_hello_dag.py took 0.044 seconds
[2026-08-30T16:35:36.736+0000] {processor.py:186} INFO - Started process (PID=2013) to work on /opt/airflow/dags/01_hello_dag.py
[2026-08-30T16:35:36.737+0000] {processor.py:914} INFO - Processing file /opt/airflow/dags/01_hello_dag.py for tasks to queue
[2026-08-30T16:35:36.738+0000] {logging_mixin.py:190} INFO - [2026-08-30T16:35:36.738+0000] {dagbag.py:588} INFO - Filling up the DagBag from /opt/airflow/dags/01_hello_dag.py
[2026-08-30T16:35:36.753+0000] {processor.py:925} INFO - DAG(s) 'hello_dag' retrieved from /opt/airflow/dags/01_hello_dag.py
[2026-08-30T16:35:36.777+0000] {logging_mixin.py:190} INFO - [2026-08-30T16:35:36.777+0000] {dag.py:3239} INFO - Sync 1 DAGs
[2026-08-30T16:35:36.783+0000] {logging_mixin.py:190} INFO - [2026-08-30T16:35:36.783+0000] {dag.py:4180} INFO - Setting next_dagrun for hello_dag to None, run_after=None
[2026-08-30T16:35:36.791+0000] {processor.py:208} INFO - Processing /opt/airflow/dags/01_hello_dag.py took 0.060 seconds
[2026-08-30T16:36:08.067+0000] {processor.py:186} INFO - Started process (PID=2032) to work on /opt/airflow/dags/01_hello_dag.py
[2026-08-30T16:36:08.069+0000] {processor.py:914} INFO - Processing file /opt/airflow/dags/01_hello_dag.py for tasks to queue
[2026-08-30T16:36:08.071+0000] {logging_mixin.py:190} INFO - [2026-08-30T16:36:08.071+0000] {dagbag.py:588} INFO - Filling up the DagBag from /opt/airflow/dags/01_hello_dag.py
[2026-08-30T16:36:08.080+0000] {processor.py:925} INFO - DAG(s) 'hello_dag' retrieved from /opt/airflow/dags/01_hello_dag.py
[2026-08-30T16:36:08.102+0000] {logging_mixin.py:190} INFO - [2026-08-30T16:36:08.102+0000] {dag.py:3239} INFO - Sync 1 DAGs
[2026-08-30T16:36:08.112+0000] {logging_mixin.py:190} INFO - [2026-08-30T16:36:08.111+0000] {dag.py:4180} INFO - Setting next_dagrun for hello_dag to None, run_after=None
[2026-08-30T16:36:08.131+0000] {processor.py:208} INFO - Processing /opt/airflow/dags/01_hello_dag.py took 0.070 seconds
[2026-08-30T16:36:38.678+0000] {processor.py:186} INFO - Started process (PID=2045) to work on /opt/airflow/dags/01_hello_dag.py
[2026-08-30T16:36:38.679+0000] {processor.py:914} INFO - Processing file /opt/airflow/dags/01_hello_dag.py for tasks to queue
[2026-08-30T16:36:38.680+0000] {logging_mixin.py:190} INFO - [2026-08-30T16:36:38.680+0000] {dagbag.py:588} INFO - Filling up the DagBag from /opt/airflow/dags/01_hello_dag.py
[2026-08-30T16:36:38.686+0000] {processor.py:925} INFO - DAG(s) 'hello_dag' retrieved from /opt/airflow/dags/01_hello_dag.py
[2026-08-30T16:36:38.701+0000] {logging_mixin.py:190} INFO - [2026-08-30T16:36:38.701+0000] {dag.py:3239} INFO - Sync 1 DAGs
[2026-08-30T16:36:38.708+0000] {logging_mixin.py:190} INFO - [2026-08-30T16:36:38.708+0000] {dag.py:4180} INFO - Setting next_dagrun for hello_dag to None, run_after=None
[2026-08-30T16:36:38.715+0000] {processor.py:208} INFO - Processing /opt/airflow/dags/01_hello_dag.py took 0.044 seconds
[2026-08-30T16:37:09.692+0000] {processor.py:186} INFO - Started process (PID=2058) to work on /opt/airflow/dags/01_hello_dag.py
[2026-08-30T16:37:09.693+0000] {processor.py:914} INFO - Processing file /opt/airflow/dags/01_hello_dag.py for tasks to queue
[2026-08-30T16:37:09.697+0000] {logging_mixin.py:190} INFO - [2026-08-30T16:37:09.697+0000] {dagbag.py:588} INFO - Filling up the DagBag from /opt/airflow/dags/01_hello_dag.py
[2026-08-30T16:37:09.703+0000] {processor.py:925} INFO - DAG(s) 'hello_dag' retrieved from /opt/airflow/dags/01_hello_dag.py
[2026-08-30T16:37:09.725+0000] {logging_mixin.py:190} INFO - [2026-08-30T16:37:09.725+0000] {dag.py:3239} INFO - Sync 1 DAGs
[2026-08-30T16:37:09.735+0000] {logging_mixin.py:190} INFO - [2026-08-30T16:37:09.735+0000] {dag.py:4180} INFO - Setting next_dagrun for hello_dag to None, run_after=None
[2026-08-30T16:37:09.746+0000] {processor.py:208} INFO - Processing /opt/airflow/dags/01_hello_dag.py took 0.060 seconds
[2026-08-30T16:37:40.768+0000] {processor.py:186} INFO - Started process (PID=2071) to work on /opt/airflow/dags/01_hello_dag.py
[2026-08-30T16:37:40.769+0000] {processor.py:914} INFO - Processing file /opt/airflow/dags/01_hello_dag.py for tasks to queue
[2026-08-30T16:37:40.771+0000] {logging_mixin.py:190} INFO - [2026-08-30T16:37:40.771+0000] {dagbag.py:588} INFO - Filling up the DagBag from /opt/airflow/dags/01_hello_dag.py
[2026-08-30T16:37:40.784+0000] {processor.py:925} INFO - DAG(s) 'hello_dag' retrieved from /opt/airflow/dags/01_hello_dag.py
[2026-08-30T16:37:40.800+0000] {logging_mixin.py:190} INFO - [2026-08-30T16:37:40.799+0000] {dag.py:3239} INFO - Sync 1 DAGs
[2026-08-30T16:37:40.807+0000] {logging_mixin.py:190} INFO - [2026-08-30T16:37:40.807+0000] {dag.py:4180} INFO - Setting next_dagrun for hello_dag to None, run_after=None
[2026-08-30T16:37:40.814+0000] {processor.py:208} INFO - Processing /opt/airflow/dags/01_hello_dag.py took 0.051 seconds
[2026-08-30T16:38:11.768+0000] {processor.py:186} INFO - Started process (PID=2084) to work on /opt/airflow/dags/01_hello_dag.py
[2026-08-30T16:38:11.769+0000] {processor.py:914} INFO - Processing file /opt/airflow/dags/01_hello_dag.py for tasks to queue
[2026-08-30T16:38:11.770+0000] {logging_mixin.py:190} INFO - [2026-08-30T16:38:11.770+0000] {dagbag.py:588} INFO - Filling up the DagBag from /opt/airflow/dags/01_hello_dag.py
[2026-08-30T16:38:11.782+0000] {processor.py:925} INFO - DAG(s) 'hello_dag' retrieved from /opt/airflow/dags/01_hello_dag.py
[2026-08-30T16:38:11.800+0000] {logging_mixin.py:190} INFO - [2026-08-30T16:38:11.799+0000] {dag.py:3239} INFO - Sync 1 DAGs
[2026-08-30T16:38:11.806+0000] {logging_mixin.py:190} INFO - [2026-08-30T16:38:11.806+0000] {dag.py:4180} INFO - Setting next_dagrun for hello_dag to None, run_after=None
[2026-08-30T16:38:11.814+0000] {processor.py:208} INFO - Processing /opt/airflow/dags/01_hello_dag.py took 0.050 seconds
[2026-08-30T16:38:42.703+0000] {processor.py:186} INFO - Started process (PID=2097) to work on /opt/airflow/dags/01_hello_dag.py
[2026-08-30T16:38:42.705+0000] {processor.py:914} INFO - Processing file /opt/airflow/dags/01_hello_dag.py for tasks to queue
[2026-08-30T16:38:42.708+0000] {logging_mixin.py:190} INFO - [2026-08-30T16:38:42.707+0000] {dagbag.py:588} INFO - Filling up the DagBag from /opt/airflow/dags/01_hello_dag.py
[2026-08-30T16:38:42.718+0000] {processor.py:925} INFO - DAG(s) 'hello_dag' retrieved from /opt/airflow/dags/01_hello_dag.py
[2026-08-30T16:38:42.737+0000] {logging_mixin.py:190} INFO - [2026-08-30T16:38:42.737+0000] {dag.py:3239} INFO - Sync 1 DAGs
[2026-08-30T16:38:42.744+0000] {logging_mixin.py:190} INFO - [2026-08-30T16:38:42.744+0000] {dag.py:4180} INFO - Setting next_dagrun for hello_dag to None, run_after=None
[2026-08-30T16:38:42.751+0000] {processor.py:208} INFO - Processing /opt/airflow/dags/01_hello_dag.py took 0.052 seconds
[2026-08-30T16:39:13.744+0000] {processor.py:186} INFO - Started process (PID=2110) to work on /opt/airflow/dags/01_hello_dag.py
[2026-08-30T16:39:13.746+0000] {processor.py:914} INFO - Processing file /opt/airflow/dags/01_hello_dag.py for tasks to queue
[2026-08-30T16:39:13.748+0000] {logging_mixin.py:190} INFO - [2026-08-30T16:39:13.748+0000] {dagbag.py:588} INFO - Filling up the DagBag from /opt/airflow/dags/01_hello_dag.py
[2026-08-30T16:39:13.759+0000] {processor.py:925} INFO - DAG(s) 'hello_dag' retrieved from /opt/airflow/dags/01_hello_dag.py
[2026-08-30T16:39:13.788+0000] {logging_mixin.py:190} INFO - [2026-08-30T16:39:13.788+0000] {dag.py:3239} INFO - Sync 1 DAGs
[2026-08-30T16:39:13.797+0000] {logging_mixin.py:190} INFO - [2026-08-30T16:39:13.797+0000] {dag.py:4180} INFO - Setting next_dagrun for hello_dag to None, run_after=None
[2026-08-30T16:39:13.805+0000] {processor.py:208} INFO - Processing /opt/airflow/dags/01_hello_dag.py took 0.065 seconds
[2026-08-30T16:39:44.988+0000] {processor.py:186} INFO - Started process (PID=2123) to work on /opt/airflow/dags/01_hello_dag.py
[2026-08-30T16:39:44.989+0000] {processor.py:914} INFO - Processing file /opt/airflow/dags/01_hello_dag.py for tasks to queue
[2026-08-30T16:39:44.990+0000] {logging_mixin.py:190} INFO - [2026-08-30T16:39:44.990+0000] {dagbag.py:588} INFO - Filling up the DagBag from /opt/airflow/dags/01_hello_dag.py
[2026-08-30T16:39:44.997+0000] {processor.py:925} INFO - DAG(s) 'hello_dag' retrieved from /opt/airflow/dags/01_hello_dag.py
[2026-08-30T16:39:45.012+0000] {logging_mixin.py:190} INFO - [2026-08-30T16:39:45.012+0000] {dag.py:3239} INFO - Sync 1 DAGs
[2026-08-30T16:39:45.019+0000] {logging_mixin.py:190} INFO - [2026-08-30T16:39:45.019+0000] {dag.py:4180} INFO - Setting next_dagrun for hello_dag to None, run_after=None
[2026-08-30T16:39:45.026+0000] {processor.py:208} INFO - Processing /opt/airflow/dags/01_hello_dag.py took 0.043 seconds
[2026-08-30T16:40:16.192+0000] {processor.py:186} INFO - Started process (PID=2136) to work on /opt/airflow/dags/01_hello_dag.py
[2026-08-30T16:40:16.195+0000] {processor.py:914} INFO - Processing file /opt/airflow/dags/01_hello_dag.py for tasks to queue
[2026-08-30T16:40:16.198+0000] {logging_mixin.py:190} INFO - [2026-08-30T16:40:16.197+0000] {dagbag.py:588} INFO - Filling up the DagBag from /opt/airflow/dags/01_hello_dag.py
[2026-08-30T16:40:16.211+0000] {processor.py:925} INFO - DAG(s) 'hello_dag' retrieved from /opt/airflow/dags/01_hello_dag.py
[2026-08-30T16:40:16.236+0000] {logging_mixin.py:190} INFO - [2026-08-30T16:40:16.236+0000] {dag.py:3239} INFO - Sync 1 DAGs
[2026-08-30T16:40:16.243+0000] {logging_mixin.py:190} INFO - [2026-08-30T16:40:16.243+0000] {dag.py:4180} INFO - Setting next_dagrun for hello_dag to None, run_after=None
[2026-08-30T16:40:16.253+0000] {processor.py:208} INFO - Processing /opt/airflow/dags/01_hello_dag.py took 0.066 seconds
[2026-08-30T16:40:47.259+0000] {processor.py:186} INFO - Started process (PID=2149) to work on /opt/airflow/dags/01_hello_dag.py
[2026-08-30T16:40:47.260+0000] {processor.py:914} INFO - Processing file /opt/airflow/dags/01_hello_dag.py for tasks to queue
[2026-08-30T16:40:47.262+0000] {logging_mixin.py:190} INFO - [2026-08-30T16:40:47.262+0000] {dagbag.py:588} INFO - Filling up the DagBag from /opt/airflow/dags/01_hello_dag.py
[2026-08-30T16:40:47.272+0000] {processor.py:925} INFO - DAG(s) 'hello_dag' retrieved from /opt/airflow/dags/01_hello_dag.py
[2026-08-30T16:40:47.288+0000] {logging_mixin.py:190} INFO - [2026-08-30T16:40:47.288+0000] {dag.py:3239} INFO - Sync 1 DAGs
[2026-08-30T16:40:47.294+0000] {logging_mixin.py:190} INFO - [2026-08-30T16:40:47.294+0000] {dag.py:4180} INFO - Setting next_dagrun for hello_dag to None, run_after=None
[2026-08-30T16:40:47.302+0000] {processor.py:208} INFO - Processing /opt/airflow/dags/01_hello_dag.py took 0.047 seconds
[2026-08-30T16:41:18.311+0000] {processor.py:186} INFO - Started process (PID=2162) to work on /opt/airflow/dags/01_hello_dag.py
[2026-08-30T16:41:18.312+0000] {processor.py:914} INFO - Processing file /opt/airflow/dags/01_hello_dag.py for tasks to queue
[2026-08-30T16:41:18.314+0000] {logging_mixin.py:190} INFO - [2026-08-30T16:41:18.313+0000] {dagbag.py:588} INFO - Filling up the DagBag from /opt/airflow/dags/01_hello_dag.py
[2026-08-30T16:41:18.320+0000] {processor.py:925} INFO - DAG(s) 'hello_dag' retrieved from /opt/airflow/dags/01_hello_dag.py
[2026-08-30T16:41:18.336+0000] {logging_mixin.py:190} INFO - [2026-08-30T16:41:18.336+0000] {dag.py:3239} INFO - Sync 1 DAGs
[2026-08-30T16:41:18.343+0000] {logging_mixin.py:190} INFO - [2026-08-30T16:41:18.343+0000] {dag.py:4180} INFO - Setting next_dagrun for hello_dag to None, run_after=None
[2026-08-30T16:41:18.351+0000] {processor.py:208} INFO - Processing /opt/airflow/dags/01_hello_dag.py took 0.045 seconds
[2026-08-30T16:41:49.457+0000] {processor.py:186} INFO - Started process (PID=2174) to work on /opt/airflow/dags/01_hello_dag.py
[2026-08-30T16:41:49.458+0000] {processor.py:914} INFO - Processing file /opt/airflow/dags/01_hello_dag.py for tasks to queue
[2026-08-30T16:41:49.460+0000] {logging_mixin.py:190} INFO - [2026-08-30T16:41:49.459+0000] {dagbag.py:588} INFO - Filling up the DagBag from /opt/airflow/dags/01_hello_dag.py
[2026-08-30T16:41:49.466+0000] {processor.py:925} INFO - DAG(s) 'hello_dag' retrieved from /opt/airflow/dags/01_hello_dag.py
[2026-08-30T16:41:49.484+0000] {logging_mixin.py:190} INFO - [2026-08-30T16:41:49.484+0000] {dag.py:3239} INFO - Sync 1 DAGs
[2026-08-30T16:41:49.493+0000] {logging_mixin.py:190} INFO - [2026-08-30T16:41:49.492+0000] {dag.py:4180} INFO - Setting next_dagrun for hello_dag to None, run_after=None
[2026-08-30T16:41:49.507+0000] {processor.py:208} INFO - Processing /opt/airflow/dags/01_hello_dag.py took 0.054 seconds
[2026-08-30T16:42:20.558+0000] {processor.py:186} INFO - Started process (PID=2187) to work on /opt/airflow/dags/01_hello_dag.py
[2026-08-30T16:42:20.559+0000] {processor.py:914} INFO - Processing file /opt/airflow/dags/01_hello_dag.py for tasks to queue
[2026-08-30T16:42:20.562+0000] {logging_mixin.py:190} INFO - [2026-08-30T16:42:20.562+0000] {dagbag.py:588} INFO - Filling up the DagBag from /opt/airflow/dags/01_hello_dag.py
[2026-08-30T16:42:20.573+0000] {processor.py:925} INFO - DAG(s) 'hello_dag' retrieved from /opt/airflow/dags/01_hello_dag.py
[2026-08-30T16:42:20.590+0000] {logging_mixin.py:190} INFO - [2026-08-30T16:42:20.590+0000] {dag.py:3239} INFO - Sync 1 DAGs
[2026-08-30T16:42:20.596+0000] {logging_mixin.py:190} INFO - [2026-08-30T16:42:20.596+0000] {dag.py:4180} INFO - Setting next_dagrun for hello_dag to None, run_after=None
[2026-08-30T16:42:20.604+0000] {processor.py:208} INFO - Processing /opt/airflow/dags/01_hello_dag.py took 0.051 seconds
[2026-08-30T16:42:51.487+0000] {processor.py:186} INFO - Started process (PID=2200) to work on /opt/airflow/dags/01_hello_dag.py
[2026-08-30T16:42:51.491+0000] {processor.py:914} INFO - Processing file /opt/airflow/dags/01_hello_dag.py for tasks to queue
[2026-08-30T16:42:51.493+0000] {logging_mixin.py:190} INFO - [2026-08-30T16:42:51.492+0000] {dagbag.py:588} INFO - Filling up the DagBag from /opt/airflow/dags/01_hello_dag.py
[2026-08-30T16:42:51.503+0000] {processor.py:925} INFO - DAG(s) 'hello_dag' retrieved from /opt/airflow/dags/01_hello_dag.py
[2026-08-30T16:42:51.525+0000] {logging_mixin.py:190} INFO - [2026-08-30T16:42:51.525+0000] {dag.py:3239} INFO - Sync 1 DAGs
[2026-08-30T16:42:51.533+0000] {logging_mixin.py:190} INFO - [2026-08-30T16:42:51.533+0000] {dag.py:4180} INFO - Setting next_dagrun for hello_dag to None, run_after=None
[2026-08-30T16:42:51.540+0000] {processor.py:208} INFO - Processing /opt/airflow/dags/01_hello_dag.py took 0.069 seconds
[2026-08-30T16:43:22.622+0000] {processor.py:186} INFO - Started process (PID=2213) to work on /opt/airflow/dags/01_hello_dag.py
[2026-08-30T16:43:22.623+0000] {processor.py:914} INFO - Processing file /opt/airflow/dags/01_hello_dag.py for tasks to queue
[2026-08-30T16:43:22.625+0000] {logging_mixin.py:190} INFO - [2026-08-30T16:43:22.624+0000] {dagbag.py:588} INFO - Filling up the DagBag from /opt/airflow/dags/01_hello_dag.py
[2026-08-30T16:43:22.632+0000] {processor.py:925} INFO - DAG(s) 'hello_dag' retrieved from /opt/airflow/dags/01_hello_dag.py
[2026-08-30T16:43:22.661+0000] {logging_mixin.py:190} INFO - [2026-08-30T16:43:22.661+0000] {dag.py:3239} INFO - Sync 1 DAGs
[2026-08-30T16:43:22.669+0000] {logging_mixin.py:190} INFO - [2026-08-30T16:43:22.669+0000] {dag.py:4180} INFO - Setting next_dagrun for hello_dag to None, run_after=None
[2026-08-30T16:43:22.678+0000] {processor.py:208} INFO - Processing /opt/airflow/dags/01_hello_dag.py took 0.062 seconds
[2026-08-30T16:43:53.678+0000] {processor.py:186} INFO - Started process (PID=2226) to work on /opt/airflow/dags/01_hello_dag.py
[2026-08-30T16:43:53.679+0000] {processor.py:914} INFO - Processing file /opt/airflow/dags/01_hello_dag.py for tasks to queue
[2026-08-30T16:43:53.680+0000] {logging_mixin.py:190} INFO - [2026-08-30T16:43:53.680+0000] {dagbag.py:588} INFO - Filling up the DagBag from /opt/airflow/dags/01_hello_dag.py
[2026-08-30T16:43:53.687+0000] {processor.py:925} INFO - DAG(s) 'hello_dag' retrieved from /opt/airflow/dags/01_hello_dag.py
[2026-08-30T16:43:53.710+0000] {logging_mixin.py:190} INFO - [2026-08-30T16:43:53.710+0000] {dag.py:3239} INFO - Sync 1 DAGs
[2026-08-30T16:43:53.720+0000] {logging_mixin.py:190} INFO - [2026-08-30T16:43:53.719+0000] {dag.py:4180} INFO - Setting next_dagrun for hello_dag to None, run_after=None
[2026-08-30T16:43:53.730+0000] {processor.py:208} INFO - Processing /opt/airflow/dags/01_hello_dag.py took 0.056 seconds
[2026-08-30T16:44:24.709+0000] {processor.py:186} INFO - Started process (PID=2239) to work on /opt/airflow/dags/01_hello_dag.py
[2026-08-30T16:44:24.711+0000] {processor.py:914} INFO - Processing file /opt/airflow/dags/01_hello_dag.py for tasks to queue
[2026-08-30T16:44:24.715+0000] {logging_mixin.py:190} INFO - [2026-08-30T16:44:24.715+0000] {dagbag.py:588} INFO - Filling up the DagBag from /opt/airflow/dags/01_hello_dag.py
[2026-08-30T16:44:24.733+0000] {processor.py:925} INFO - DAG(s) 'hello_dag' retrieved from /opt/airflow/dags/01_hello_dag.py
[2026-08-30T16:44:24.767+0000] {logging_mixin.py:190} INFO - [2026-08-30T16:44:24.767+0000] {dag.py:3239} INFO - Sync 1 DAGs
[2026-08-30T16:44:24.775+0000] {logging_mixin.py:190} INFO - [2026-08-30T16:44:24.775+0000] {dag.py:4180} INFO - Setting next_dagrun for hello_dag to None, run_after=None
[2026-08-30T16:44:24.789+0000] {processor.py:208} INFO - Processing /opt/airflow/dags/01_hello_dag.py took 0.086 seconds
[2026-08-30T16:44:56.074+0000] {processor.py:186} INFO - Started process (PID=2252) to work on /opt/airflow/dags/01_hello_dag.py
[2026-08-30T16:44:56.078+0000] {processor.py:914} INFO - Processing file /opt/airflow/dags/01_hello_dag.py for tasks to queue
[2026-08-30T16:44:56.081+0000] {logging_mixin.py:190} INFO - [2026-08-30T16:44:56.080+0000] {dagbag.py:588} INFO - Filling up the DagBag from /opt/airflow/dags/01_hello_dag.py
[2026-08-30T16:44:56.094+0000] {processor.py:925} INFO - DAG(s) 'hello_dag' retrieved from /opt/airflow/dags/01_hello_dag.py
[2026-08-30T16:44:56.163+0000] {logging_mixin.py:190} INFO - [2026-08-30T16:44:56.162+0000] {dag.py:3239} INFO - Sync 1 DAGs
[2026-08-30T16:44:56.186+0000] {logging_mixin.py:190} INFO - [2026-08-30T16:44:56.186+0000] {dag.py:4180} INFO - Setting next_dagrun for hello_dag to None, run_after=None
[2026-08-30T16:44:56.203+0000] {processor.py:208} INFO - Processing /opt/airflow/dags/01_hello_dag.py took 0.137 seconds
[2026-08-30T16:45:26.304+0000] {processor.py:186} INFO - Started process (PID=2265) to work on /opt/airflow/dags/01_hello_dag.py
[2026-08-30T16:45:26.305+0000] {processor.py:914} INFO - Processing file /opt/airflow/dags/01_hello_dag.py for tasks to queue
[2026-08-30T16:45:26.306+0000] {logging_mixin.py:190} INFO - [2026-08-30T16:45:26.306+0000] {dagbag.py:588} INFO - Filling up the DagBag from /opt/airflow/dags/01_hello_dag.py
[2026-08-30T16:45:26.314+0000] {processor.py:925} INFO - DAG(s) 'hello_dag' retrieved from /opt/airflow/dags/01_hello_dag.py
[2026-08-30T16:45:26.332+0000] {logging_mixin.py:190} INFO - [2026-08-30T16:45:26.332+0000] {dag.py:3239} INFO - Sync 1 DAGs
[2026-08-30T16:45:26.340+0000] {logging_mixin.py:190} INFO - [2026-08-30T16:45:26.340+0000] {dag.py:4180} INFO - Setting next_dagrun for hello_dag to None, run_after=None
[2026-08-30T16:45:26.349+0000] {processor.py:208} INFO - Processing /opt/airflow/dags/01_hello_dag.py took 0.053 seconds
[2026-08-30T16:45:56.451+0000] {processor.py:186} INFO - Started process (PID=2277) to work on /opt/airflow/dags/01_hello_dag.py
[2026-08-30T16:45:56.453+0000] {processor.py:914} INFO - Processing file /opt/airflow/dags/01_hello_dag.py for tasks to queue
[2026-08-30T16:45:56.455+0000] {logging_mixin.py:190} INFO - [2026-08-30T16:45:56.455+0000] {dagbag.py:588} INFO - Filling up the DagBag from /opt/airflow/dags/01_hello_dag.py
[2026-08-30T16:45:56.462+0000] {processor.py:925} INFO - DAG(s) 'hello_dag' retrieved from /opt/airflow/dags/01_hello_dag.py
[2026-08-30T16:45:56.478+0000] {logging_mixin.py:190} INFO - [2026-08-30T16:45:56.478+0000] {dag.py:3239} INFO - Sync 1 DAGs
[2026-08-30T16:45:56.485+0000] {logging_mixin.py:190} INFO - [2026-08-30T16:45:56.485+0000] {dag.py:4180} INFO - Setting next_dagrun for hello_dag to None, run_after=None
[2026-08-30T16:45:56.493+0000] {processor.py:208} INFO - Processing /opt/airflow/dags/01_hello_dag.py took 0.048 seconds
[2026-08-30T16:47:34.687+0000] {processor.py:186} INFO - Started process (PID=94) to work on /opt/airflow/dags/01_hello_dag.py
[2026-08-30T16:47:34.689+0000] {processor.py:914} INFO - Processing file /opt/airflow/dags/01_hello_dag.py for tasks to queue
[2026-08-30T16:47:34.691+0000] {logging_mixin.py:190} INFO - [2026-08-30T16:47:34.691+0000] {dagbag.py:588} INFO - Filling up the DagBag from /opt/airflow/dags/01_hello_dag.py
[2026-08-30T16:47:34.710+0000] {processor.py:925} INFO - DAG(s) 'hello_dag' retrieved from /opt/airflow/dags/01_hello_dag.py
[2026-08-30T16:47:34.754+0000] {logging_mixin.py:190} INFO - [2026-08-30T16:47:34.753+0000] {dag.py:3239} INFO - Sync 1 DAGs
[2026-08-30T16:47:34.772+0000] {logging_mixin.py:190} INFO - [2026-08-30T16:47:34.772+0000] {dag.py:4180} INFO - Setting next_dagrun for hello_dag to None, run_after=None
[2026-08-30T16:47:34.822+0000] {processor.py:208} INFO - Processing /opt/airflow/dags/01_hello_dag.py took 0.145 seconds
[2026-08-30T16:48:05.566+0000] {processor.py:186} INFO - Started process (PID=106) to work on /opt/airflow/dags/01_hello_dag.py
[2026-08-30T16:48:05.571+0000] {processor.py:914} INFO - Processing file /opt/airflow/dags/01_hello_dag.py for tasks to queue
[2026-08-30T16:48:05.575+0000] {logging_mixin.py:190} INFO - [2026-08-30T16:48:05.575+0000] {dagbag.py:588} INFO - Filling up the DagBag from /opt/airflow/dags/01_hello_dag.py
[2026-08-30T16:48:05.582+0000] {processor.py:925} INFO - DAG(s) 'hello_dag' retrieved from /opt/airflow/dags/01_hello_dag.py
[2026-08-30T16:48:05.603+0000] {logging_mixin.py:190} INFO - [2026-08-30T16:48:05.603+0000] {dag.py:3239} INFO - Sync 1 DAGs
[2026-08-30T16:48:05.611+0000] {logging_mixin.py:190} INFO - [2026-08-30T16:48:05.611+0000] {dag.py:4180} INFO - Setting next_dagrun for hello_dag to None, run_after=None
[2026-08-30T16:48:05.622+0000] {processor.py:208} INFO - Processing /opt/airflow/dags/01_hello_dag.py took 0.062 seconds
[2026-08-30T16:48:36.520+0000] {processor.py:186} INFO - Started process (PID=119) to work on /opt/airflow/dags/01_hello_dag.py
[2026-08-30T16:48:36.521+0000] {processor.py:914} INFO - Processing file /opt/airflow/dags/01_hello_dag.py for tasks to queue
[2026-08-30T16:48:36.523+0000] {logging_mixin.py:190} INFO - [2026-08-30T16:48:36.523+0000] {dagbag.py:588} INFO - Filling up the DagBag from /opt/airflow/dags/01_hello_dag.py
[2026-08-30T16:48:36.532+0000] {processor.py:925} INFO - DAG(s) 'hello_dag' retrieved from /opt/airflow/dags/01_hello_dag.py
[2026-08-30T16:48:36.553+0000] {logging_mixin.py:190} INFO - [2026-08-30T16:48:36.553+0000] {dag.py:3239} INFO - Sync 1 DAGs
[2026-08-30T16:48:36.565+0000] {logging_mixin.py:190} INFO - [2026-08-30T16:48:36.565+0000] {dag.py:4180} INFO - Setting next_dagrun for hello_dag to None, run_after=None
[2026-08-30T16:48:36.577+0000] {processor.py:208} INFO - Processing /opt/airflow/dags/01_hello_dag.py took 0.065 seconds
[2026-08-30T16:49:07.605+0000] {processor.py:186} INFO - Started process (PID=132) to work on /opt/airflow/dags/01_hello_dag.py
[2026-08-30T16:49:07.608+0000] {processor.py:914} INFO - Processing file /opt/airflow/dags/01_hello_dag.py for tasks to queue
[2026-08-30T16:49:07.614+0000] {logging_mixin.py:190} INFO - [2026-08-30T16:49:07.613+0000] {dagbag.py:588} INFO - Filling up the DagBag from /opt/airflow/dags/01_hello_dag.py
[2026-08-30T16:49:07.694+0000] {processor.py:925} INFO - DAG(s) 'hello_dag' retrieved from /opt/airflow/dags/01_hello_dag.py
[2026-08-30T16:49:07.765+0000] {logging_mixin.py:190} INFO - [2026-08-30T16:49:07.764+0000] {dag.py:3239} INFO - Sync 1 DAGs
[2026-08-30T16:49:07.792+0000] {logging_mixin.py:190} INFO - [2026-08-30T16:49:07.792+0000] {dag.py:4180} INFO - Setting next_dagrun for hello_dag to None, run_after=None
[2026-08-30T16:49:07.818+0000] {processor.py:208} INFO - Processing /opt/airflow/dags/01_hello_dag.py took 0.234 seconds
[2026-08-30T16:49:38.908+0000] {processor.py:186} INFO - Started process (PID=145) to work on /opt/airflow/dags/01_hello_dag.py
[2026-08-30T16:49:38.909+0000] {processor.py:914} INFO - Processing file /opt/airflow/dags/01_hello_dag.py for tasks to queue
[2026-08-30T16:49:38.912+0000] {logging_mixin.py:190} INFO - [2026-08-30T16:49:38.912+0000] {dagbag.py:588} INFO - Filling up the DagBag from /opt/airflow/dags/01_hello_dag.py
[2026-08-30T16:49:38.925+0000] {processor.py:925} INFO - DAG(s) 'hello_dag' retrieved from /opt/airflow/dags/01_hello_dag.py
[2026-08-30T16:49:38.959+0000] {logging_mixin.py:190} INFO - [2026-08-30T16:49:38.959+0000] {dag.py:3239} INFO - Sync 1 DAGs
[2026-08-30T16:49:38.974+0000] {logging_mixin.py:190} INFO - [2026-08-30T16:49:38.974+0000] {dag.py:4180} INFO - Setting next_dagrun for hello_dag to None, run_after=None
[2026-08-30T16:49:38.989+0000] {processor.py:208} INFO - Processing /opt/airflow/dags/01_hello_dag.py took 0.090 seconds
[2026-08-30T16:50:10.001+0000] {processor.py:186} INFO - Started process (PID=158) to work on /opt/airflow/dags/01_hello_dag.py
[2026-08-30T16:50:10.002+0000] {processor.py:914} INFO - Processing file /opt/airflow/dags/01_hello_dag.py for tasks to queue
[2026-08-30T16:50:10.003+0000] {logging_mixin.py:190} INFO - [2026-08-30T16:50:10.003+0000] {dagbag.py:588} INFO - Filling up the DagBag from /opt/airflow/dags/01_hello_dag.py
[2026-08-30T16:50:10.011+0000] {processor.py:925} INFO - DAG(s) 'hello_dag' retrieved from /opt/airflow/dags/01_hello_dag.py
[2026-08-30T16:50:10.135+0000] {logging_mixin.py:190} INFO - [2026-08-30T16:50:10.135+0000] {dag.py:3239} INFO - Sync 1 DAGs
[2026-08-30T16:50:10.141+0000] {logging_mixin.py:190} INFO - [2026-08-30T16:50:10.141+0000] {dag.py:4180} INFO - Setting next_dagrun for hello_dag to None, run_after=None
[2026-08-30T16:50:10.148+0000] {processor.py:208} INFO - Processing /opt/airflow/dags/01_hello_dag.py took 0.154 seconds
[2026-08-30T16:50:41.137+0000] {processor.py:186} INFO - Started process (PID=171) to work on /opt/airflow/dags/01_hello_dag.py
[2026-08-30T16:50:41.139+0000] {processor.py:914} INFO - Processing file /opt/airflow/dags/01_hello_dag.py for tasks to queue
[2026-08-30T16:50:41.144+0000] {logging_mixin.py:190} INFO - [2026-08-30T16:50:41.143+0000] {dagbag.py:588} INFO - Filling up the DagBag from /opt/airflow/dags/01_hello_dag.py
[2026-08-30T16:50:41.156+0000] {processor.py:925} INFO - DAG(s) 'hello_dag' retrieved from /opt/airflow/dags/01_hello_dag.py
[2026-08-30T16:50:41.183+0000] {logging_mixin.py:190} INFO - [2026-08-30T16:50:41.182+0000] {dag.py:3239} INFO - Sync 1 DAGs
[2026-08-30T16:50:41.195+0000] {logging_mixin.py:190} INFO - [2026-08-30T16:50:41.195+0000] {dag.py:4180} INFO - Setting next_dagrun for hello_dag to None, run_after=None
[2026-08-30T16:50:41.206+0000] {processor.py:208} INFO - Processing /opt/airflow/dags/01_hello_dag.py took 0.078 seconds
[2026-08-30T16:51:11.576+0000] {processor.py:186} INFO - Started process (PID=184) to work on /opt/airflow/dags/01_hello_dag.py
[2026-08-30T16:51:11.577+0000] {processor.py:914} INFO - Processing file /opt/airflow/dags/01_hello_dag.py for tasks to queue
[2026-08-30T16:51:11.579+0000] {logging_mixin.py:190} INFO - [2026-08-30T16:51:11.579+0000] {dagbag.py:588} INFO - Filling up the DagBag from /opt/airflow/dags/01_hello_dag.py
[2026-08-30T16:51:11.589+0000] {processor.py:925} INFO - DAG(s) 'hello_dag' retrieved from /opt/airflow/dags/01_hello_dag.py
[2026-08-30T16:51:11.611+0000] {logging_mixin.py:190} INFO - [2026-08-30T16:51:11.610+0000] {dag.py:3239} INFO - Sync 1 DAGs
[2026-08-30T16:51:11.622+0000] {logging_mixin.py:190} INFO - [2026-08-30T16:51:11.622+0000] {dag.py:4180} INFO - Setting next_dagrun for hello_dag to None, run_after=None
[2026-08-30T16:51:11.633+0000] {processor.py:208} INFO - Processing /opt/airflow/dags/01_hello_dag.py took 0.063 seconds
[2026-08-30T16:51:42.111+0000] {processor.py:186} INFO - Started process (PID=197) to work on /opt/airflow/dags/01_hello_dag.py
[2026-08-30T16:51:42.113+0000] {processor.py:914} INFO - Processing file /opt/airflow/dags/01_hello_dag.py for tasks to queue
[2026-08-30T16:51:42.127+0000] {logging_mixin.py:190} INFO - [2026-08-30T16:51:42.126+0000] {dagbag.py:588} INFO - Filling up the DagBag from /opt/airflow/dags/01_hello_dag.py
[2026-08-30T16:51:42.164+0000] {processor.py:925} INFO - DAG(s) 'hello_dag' retrieved from /opt/airflow/dags/01_hello_dag.py
[2026-08-30T16:51:42.223+0000] {logging_mixin.py:190} INFO - [2026-08-30T16:51:42.222+0000] {dag.py:3239} INFO - Sync 1 DAGs
[2026-08-30T16:51:42.245+0000] {logging_mixin.py:190} INFO - [2026-08-30T16:51:42.244+0000] {dag.py:4180} INFO - Setting next_dagrun for hello_dag to None, run_after=None
[2026-08-30T16:51:42.261+0000] {processor.py:208} INFO - Processing /opt/airflow/dags/01_hello_dag.py took 0.166 seconds
[2026-08-30T16:52:12.581+0000] {processor.py:186} INFO - Started process (PID=210) to work on /opt/airflow/dags/01_hello_dag.py
[2026-08-30T16:52:12.582+0000] {processor.py:914} INFO - Processing file /opt/airflow/dags/01_hello_dag.py for tasks to queue
[2026-08-30T16:52:12.589+0000] {logging_mixin.py:190} INFO - [2026-08-30T16:52:12.586+0000] {dagbag.py:588} INFO - Filling up the DagBag from /opt/airflow/dags/01_hello_dag.py
[2026-08-30T16:52:12.613+0000] {processor.py:925} INFO - DAG(s) 'hello_dag' retrieved from /opt/airflow/dags/01_hello_dag.py
[2026-08-30T16:52:12.659+0000] {logging_mixin.py:190} INFO - [2026-08-30T16:52:12.659+0000] {dag.py:3239} INFO - Sync 1 DAGs
[2026-08-30T16:52:12.673+0000] {logging_mixin.py:190} INFO - [2026-08-30T16:52:12.673+0000] {dag.py:4180} INFO - Setting next_dagrun for hello_dag to None, run_after=None
[2026-08-30T16:52:12.688+0000] {processor.py:208} INFO - Processing /opt/airflow/dags/01_hello_dag.py took 0.120 seconds
[2026-08-30T16:52:43.273+0000] {processor.py:186} INFO - Started process (PID=223) to work on /opt/airflow/dags/01_hello_dag.py
[2026-08-30T16:52:43.275+0000] {processor.py:914} INFO - Processing file /opt/airflow/dags/01_hello_dag.py for tasks to queue
[2026-08-30T16:52:43.279+0000] {logging_mixin.py:190} INFO - [2026-08-30T16:52:43.278+0000] {dagbag.py:588} INFO - Filling up the DagBag from /opt/airflow/dags/01_hello_dag.py
[2026-08-30T16:52:43.299+0000] {processor.py:925} INFO - DAG(s) 'hello_dag' retrieved from /opt/airflow/dags/01_hello_dag.py
[2026-08-30T16:52:43.331+0000] {logging_mixin.py:190} INFO - [2026-08-30T16:52:43.331+0000] {dag.py:3239} INFO - Sync 1 DAGs
[2026-08-30T16:52:43.344+0000] {logging_mixin.py:190} INFO - [2026-08-30T16:52:43.344+0000] {dag.py:4180} INFO - Setting next_dagrun for hello_dag to None, run_after=None
[2026-08-30T16:52:43.356+0000] {processor.py:208} INFO - Processing /opt/airflow/dags/01_hello_dag.py took 0.101 seconds
[2026-08-30T16:53:13.532+0000] {processor.py:186} INFO - Started process (PID=236) to work on /opt/airflow/dags/01_hello_dag.py
[2026-08-30T16:53:13.534+0000] {processor.py:914} INFO - Processing file /opt/airflow/dags/01_hello_dag.py for tasks to queue
[2026-08-30T16:53:13.543+0000] {logging_mixin.py:190} INFO - [2026-08-30T16:53:13.542+0000] {dagbag.py:588} INFO - Filling up the DagBag from /opt/airflow/dags/01_hello_dag.py
[2026-08-30T16:53:13.560+0000] {processor.py:925} INFO - DAG(s) 'hello_dag' retrieved from /opt/airflow/dags/01_hello_dag.py
[2026-08-30T16:53:13.600+0000] {logging_mixin.py:190} INFO - [2026-08-30T16:53:13.600+0000] {dag.py:3239} INFO - Sync 1 DAGs
[2026-08-30T16:53:13.638+0000] {logging_mixin.py:190} INFO - [2026-08-30T16:53:13.638+0000] {dag.py:4180} INFO - Setting next_dagrun for hello_dag to None, run_after=None
[2026-08-30T16:53:13.652+0000] {processor.py:208} INFO - Processing /opt/airflow/dags/01_hello_dag.py took 0.131 seconds
[2026-08-30T16:53:43.710+0000] {processor.py:186} INFO - Started process (PID=249) to work on /opt/airflow/dags/01_hello_dag.py
[2026-08-30T16:53:43.711+0000] {processor.py:914} INFO - Processing file /opt/airflow/dags/01_hello_dag.py for tasks to queue
[2026-08-30T16:53:43.712+0000] {logging_mixin.py:190} INFO - [2026-08-30T16:53:43.712+0000] {dagbag.py:588} INFO - Filling up the DagBag from /opt/airflow/dags/01_hello_dag.py
[2026-08-30T16:53:43.718+0000] {processor.py:925} INFO - DAG(s) 'hello_dag' retrieved from /opt/airflow/dags/01_hello_dag.py
[2026-08-30T16:53:43.735+0000] {logging_mixin.py:190} INFO - [2026-08-30T16:53:43.735+0000] {dag.py:3239} INFO - Sync 1 DAGs
[2026-08-30T16:53:43.742+0000] {logging_mixin.py:190} INFO - [2026-08-30T16:53:43.742+0000] {dag.py:4180} INFO - Setting next_dagrun for hello_dag to None, run_after=None
[2026-08-30T16:53:43.751+0000] {processor.py:208} INFO - Processing /opt/airflow/dags/01_hello_dag.py took 0.047 seconds
[2026-08-30T16:54:13.886+0000] {processor.py:186} INFO - Started process (PID=263) to work on /opt/airflow/dags/01_hello_dag.py
[2026-08-30T16:54:13.886+0000] {processor.py:914} INFO - Processing file /opt/airflow/dags/01_hello_dag.py for tasks to queue
[2026-08-30T16:54:13.888+0000] {logging_mixin.py:190} INFO - [2026-08-30T16:54:13.888+0000] {dagbag.py:588} INFO - Filling up the DagBag from /opt/airflow/dags/01_hello_dag.py
[2026-08-30T16:54:13.895+0000] {processor.py:925} INFO - DAG(s) 'hello_dag' retrieved from /opt/airflow/dags/01_hello_dag.py
[2026-08-30T16:54:13.910+0000] {logging_mixin.py:190} INFO - [2026-08-30T16:54:13.910+0000] {dag.py:3239} INFO - Sync 1 DAGs
[2026-08-30T16:54:13.917+0000] {logging_mixin.py:190} INFO - [2026-08-30T16:54:13.917+0000] {dag.py:4180} INFO - Setting next_dagrun for hello_dag to None, run_after=None
[2026-08-30T16:54:13.926+0000] {processor.py:208} INFO - Processing /opt/airflow/dags/01_hello_dag.py took 0.044 seconds
[2026-08-30T16:54:44.291+0000] {processor.py:186} INFO - Started process (PID=276) to work on /opt/airflow/dags/01_hello_dag.py
[2026-08-30T16:54:44.292+0000] {processor.py:914} INFO - Processing file /opt/airflow/dags/01_hello_dag.py for tasks to queue
[2026-08-30T16:54:44.293+0000] {logging_mixin.py:190} INFO - [2026-08-30T16:54:44.293+0000] {dagbag.py:588} INFO - Filling up the DagBag from /opt/airflow/dags/01_hello_dag.py
[2026-08-30T16:54:44.304+0000] {processor.py:925} INFO - DAG(s) 'hello_dag' retrieved from /opt/airflow/dags/01_hello_dag.py
[2026-08-30T16:54:44.322+0000] {logging_mixin.py:190} INFO - [2026-08-30T16:54:44.321+0000] {dag.py:3239} INFO - Sync 1 DAGs
[2026-08-30T16:54:44.329+0000] {logging_mixin.py:190} INFO - [2026-08-30T16:54:44.329+0000] {dag.py:4180} INFO - Setting next_dagrun for hello_dag to None, run_after=None
[2026-08-30T16:54:44.337+0000] {processor.py:208} INFO - Processing /opt/airflow/dags/01_hello_dag.py took 0.058 seconds
[2026-08-30T16:55:15.077+0000] {processor.py:186} INFO - Started process (PID=289) to work on /opt/airflow/dags/01_hello_dag.py
[2026-08-30T16:55:15.077+0000] {processor.py:914} INFO - Processing file /opt/airflow/dags/01_hello_dag.py for tasks to queue
[2026-08-30T16:55:15.079+0000] {logging_mixin.py:190} INFO - [2026-08-30T16:55:15.078+0000] {dagbag.py:588} INFO - Filling up the DagBag from /opt/airflow/dags/01_hello_dag.py
[2026-08-30T16:55:15.085+0000] {processor.py:925} INFO - DAG(s) 'hello_dag' retrieved from /opt/airflow/dags/01_hello_dag.py
[2026-08-30T16:55:15.105+0000] {logging_mixin.py:190} INFO - [2026-08-30T16:55:15.105+0000] {dag.py:3239} INFO - Sync 1 DAGs
[2026-08-30T16:55:15.113+0000] {logging_mixin.py:190} INFO - [2026-08-30T16:55:15.113+0000] {dag.py:4180} INFO - Setting next_dagrun for hello_dag to None, run_after=None
[2026-08-30T16:55:15.123+0000] {processor.py:208} INFO - Processing /opt/airflow/dags/01_hello_dag.py took 0.052 seconds
[2026-08-30T16:55:45.556+0000] {processor.py:186} INFO - Started process (PID=302) to work on /opt/airflow/dags/01_hello_dag.py
[2026-08-30T16:55:45.558+0000] {processor.py:914} INFO - Processing file /opt/airflow/dags/01_hello_dag.py for tasks to queue
[2026-08-30T16:55:45.561+0000] {logging_mixin.py:190} INFO - [2026-08-30T16:55:45.561+0000] {dagbag.py:588} INFO - Filling up the DagBag from /opt/airflow/dags/01_hello_dag.py
[2026-08-30T16:55:45.579+0000] {processor.py:925} INFO - DAG(s) 'hello_dag' retrieved from /opt/airflow/dags/01_hello_dag.py
[2026-08-30T16:55:45.642+0000] {logging_mixin.py:190} INFO - [2026-08-30T16:55:45.642+0000] {dag.py:3239} INFO - Sync 1 DAGs
[2026-08-30T16:55:45.654+0000] {logging_mixin.py:190} INFO - [2026-08-30T16:55:45.653+0000] {dag.py:4180} INFO - Setting next_dagrun for hello_dag to None, run_after=None
[2026-08-30T16:55:45.663+0000] {processor.py:208} INFO - Processing /opt/airflow/dags/01_hello_dag.py took 0.113 seconds
[2026-08-30T18:09:21.152+0000] {processor.py:186} INFO - Started process (PID=95) to work on /opt/airflow/dags/01_hello_dag.py
[2026-08-30T18:09:21.157+0000] {processor.py:914} INFO - Processing file /opt/airflow/dags/01_hello_dag.py for tasks to queue
[2026-08-30T18:09:21.163+0000] {logging_mixin.py:190} INFO - [2026-08-30T18:09:21.163+0000] {dagbag.py:588} INFO - Filling up the DagBag from /opt/airflow/dags/01_hello_dag.py
[2026-08-30T18:09:21.186+0000] {processor.py:925} INFO - DAG(s) 'hello_dag' retrieved from /opt/airflow/dags/01_hello_dag.py
[2026-08-30T18:09:21.228+0000] {logging_mixin.py:190} INFO - [2026-08-30T18:09:21.228+0000] {dag.py:3239} INFO - Sync 1 DAGs
[2026-08-30T18:09:21.244+0000] {logging_mixin.py:190} INFO - [2026-08-30T18:09:21.243+0000] {dag.py:4180} INFO - Setting next_dagrun for hello_dag to None, run_after=None
[2026-08-30T18:09:21.258+0000] {processor.py:208} INFO - Processing /opt/airflow/dags/01_hello_dag.py took 0.114 seconds
[2026-08-30T18:09:51.837+0000] {processor.py:186} INFO - Started process (PID=107) to work on /opt/airflow/dags/01_hello_dag.py
[2026-08-30T18:09:51.838+0000] {processor.py:914} INFO - Processing file /opt/airflow/dags/01_hello_dag.py for tasks to queue
[2026-08-30T18:09:51.841+0000] {logging_mixin.py:190} INFO - [2026-08-30T18:09:51.840+0000] {dagbag.py:588} INFO - Filling up the DagBag from /opt/airflow/dags/01_hello_dag.py
[2026-08-30T18:09:51.850+0000] {processor.py:925} INFO - DAG(s) 'hello_dag' retrieved from /opt/airflow/dags/01_hello_dag.py
[2026-08-30T18:09:51.873+0000] {logging_mixin.py:190} INFO - [2026-08-30T18:09:51.872+0000] {dag.py:3239} INFO - Sync 1 DAGs
[2026-08-30T18:09:51.887+0000] {logging_mixin.py:190} INFO - [2026-08-30T18:09:51.886+0000] {dag.py:4180} INFO - Setting next_dagrun for hello_dag to None, run_after=None
[2026-08-30T18:09:51.925+0000] {processor.py:208} INFO - Processing /opt/airflow/dags/01_hello_dag.py took 0.091 seconds
[2026-08-30T18:10:22.352+0000] {processor.py:186} INFO - Started process (PID=120) to work on /opt/airflow/dags/01_hello_dag.py
[2026-08-30T18:10:22.353+0000] {processor.py:914} INFO - Processing file /opt/airflow/dags/01_hello_dag.py for tasks to queue
[2026-08-30T18:10:22.354+0000] {logging_mixin.py:190} INFO - [2026-08-30T18:10:22.354+0000] {dagbag.py:588} INFO - Filling up the DagBag from /opt/airflow/dags/01_hello_dag.py
[2026-08-30T18:10:22.361+0000] {processor.py:925} INFO - DAG(s) 'hello_dag' retrieved from /opt/airflow/dags/01_hello_dag.py
[2026-08-30T18:10:22.381+0000] {logging_mixin.py:190} INFO - [2026-08-30T18:10:22.380+0000] {dag.py:3239} INFO - Sync 1 DAGs
[2026-08-30T18:10:22.389+0000] {logging_mixin.py:190} INFO - [2026-08-30T18:10:22.389+0000] {dag.py:4180} INFO - Setting next_dagrun for hello_dag to None, run_after=None
[2026-08-30T18:10:22.400+0000] {processor.py:208} INFO - Processing /opt/airflow/dags/01_hello_dag.py took 0.052 seconds
[2026-08-30T18:10:53.122+0000] {processor.py:186} INFO - Started process (PID=133) to work on /opt/airflow/dags/01_hello_dag.py
[2026-08-30T18:10:53.123+0000] {processor.py:914} INFO - Processing file /opt/airflow/dags/01_hello_dag.py for tasks to queue
[2026-08-30T18:10:53.125+0000] {logging_mixin.py:190} INFO - [2026-08-30T18:10:53.124+0000] {dagbag.py:588} INFO - Filling up the DagBag from /opt/airflow/dags/01_hello_dag.py
[2026-08-30T18:10:53.134+0000] {processor.py:925} INFO - DAG(s) 'hello_dag' retrieved from /opt/airflow/dags/01_hello_dag.py
[2026-08-30T18:10:53.151+0000] {logging_mixin.py:190} INFO - [2026-08-30T18:10:53.151+0000] {dag.py:3239} INFO - Sync 1 DAGs
[2026-08-30T18:10:53.158+0000] {logging_mixin.py:190} INFO - [2026-08-30T18:10:53.158+0000] {dag.py:4180} INFO - Setting next_dagrun for hello_dag to None, run_after=None
[2026-08-30T18:10:53.166+0000] {processor.py:208} INFO - Processing /opt/airflow/dags/01_hello_dag.py took 0.047 seconds
[2026-08-30T18:11:23.441+0000] {processor.py:186} INFO - Started process (PID=146) to work on /opt/airflow/dags/01_hello_dag.py
[2026-08-30T18:11:23.442+0000] {processor.py:914} INFO - Processing file /opt/airflow/dags/01_hello_dag.py for tasks to queue
[2026-08-30T18:11:23.443+0000] {logging_mixin.py:190} INFO - [2026-08-30T18:11:23.443+0000] {dagbag.py:588} INFO - Filling up the DagBag from /opt/airflow/dags/01_hello_dag.py
[2026-08-30T18:11:23.449+0000] {processor.py:925} INFO - DAG(s) 'hello_dag' retrieved from /opt/airflow/dags/01_hello_dag.py
[2026-08-30T18:11:23.466+0000] {logging_mixin.py:190} INFO - [2026-08-30T18:11:23.466+0000] {dag.py:3239} INFO - Sync 1 DAGs
[2026-08-30T18:11:23.478+0000] {logging_mixin.py:190} INFO - [2026-08-30T18:11:23.478+0000] {dag.py:4180} INFO - Setting next_dagrun for hello_dag to None, run_after=None
[2026-08-30T18:11:23.488+0000] {processor.py:208} INFO - Processing /opt/airflow/dags/01_hello_dag.py took 0.051 seconds
[2026-08-30T18:11:54.462+0000] {processor.py:186} INFO - Started process (PID=159) to work on /opt/airflow/dags/01_hello_dag.py
[2026-08-30T18:11:54.463+0000] {processor.py:914} INFO - Processing file /opt/airflow/dags/01_hello_dag.py for tasks to queue
[2026-08-30T18:11:54.464+0000] {logging_mixin.py:190} INFO - [2026-08-30T18:11:54.464+0000] {dagbag.py:588} INFO - Filling up the DagBag from /opt/airflow/dags/01_hello_dag.py
[2026-08-30T18:11:54.473+0000] {processor.py:925} INFO - DAG(s) 'hello_dag' retrieved from /opt/airflow/dags/01_hello_dag.py
[2026-08-30T18:11:54.613+0000] {logging_mixin.py:190} INFO - [2026-08-30T18:11:54.612+0000] {dag.py:3239} INFO - Sync 1 DAGs
[2026-08-30T18:11:54.621+0000] {logging_mixin.py:190} INFO - [2026-08-30T18:11:54.621+0000] {dag.py:4180} INFO - Setting next_dagrun for hello_dag to None, run_after=None
[2026-08-30T18:11:54.631+0000] {processor.py:208} INFO - Processing /opt/airflow/dags/01_hello_dag.py took 0.174 seconds
[2026-08-30T18:12:25.071+0000] {processor.py:186} INFO - Started process (PID=172) to work on /opt/airflow/dags/01_hello_dag.py
[2026-08-30T18:12:25.072+0000] {processor.py:914} INFO - Processing file /opt/airflow/dags/01_hello_dag.py for tasks to queue
[2026-08-30T18:12:25.074+0000] {logging_mixin.py:190} INFO - [2026-08-30T18:12:25.074+0000] {dagbag.py:588} INFO - Filling up the DagBag from /opt/airflow/dags/01_hello_dag.py
[2026-08-30T18:12:25.082+0000] {processor.py:925} INFO - DAG(s) 'hello_dag' retrieved from /opt/airflow/dags/01_hello_dag.py
[2026-08-30T18:12:25.101+0000] {logging_mixin.py:190} INFO - [2026-08-30T18:12:25.100+0000] {dag.py:3239} INFO - Sync 1 DAGs
[2026-08-30T18:12:25.110+0000] {logging_mixin.py:190} INFO - [2026-08-30T18:12:25.109+0000] {dag.py:4180} INFO - Setting next_dagrun for hello_dag to None, run_after=None
[2026-08-30T18:12:25.118+0000] {processor.py:208} INFO - Processing /opt/airflow/dags/01_hello_dag.py took 0.051 seconds
[2026-08-30T18:12:55.364+0000] {processor.py:186} INFO - Started process (PID=185) to work on /opt/airflow/dags/01_hello_dag.py
[2026-08-30T18:12:55.365+0000] {processor.py:914} INFO - Processing file /opt/airflow/dags/01_hello_dag.py for tasks to queue
[2026-08-30T18:12:55.366+0000] {logging_mixin.py:190} INFO - [2026-08-30T18:12:55.366+0000] {dagbag.py:588} INFO - Filling up the DagBag from /opt/airflow/dags/01_hello_dag.py
[2026-08-30T18:12:55.374+0000] {processor.py:925} INFO - DAG(s) 'hello_dag' retrieved from /opt/airflow/dags/01_hello_dag.py
[2026-08-30T18:12:55.390+0000] {logging_mixin.py:190} INFO - [2026-08-30T18:12:55.390+0000] {dag.py:3239} INFO - Sync 1 DAGs
[2026-08-30T18:12:55.397+0000] {logging_mixin.py:190} INFO - [2026-08-30T18:12:55.397+0000] {dag.py:4180} INFO - Setting next_dagrun for hello_dag to None, run_after=None
[2026-08-30T18:12:55.405+0000] {processor.py:208} INFO - Processing /opt/airflow/dags/01_hello_dag.py took 0.045 seconds
[2026-08-30T18:13:25.806+0000] {processor.py:186} INFO - Started process (PID=198) to work on /opt/airflow/dags/01_hello_dag.py
[2026-08-30T18:13:25.807+0000] {processor.py:914} INFO - Processing file /opt/airflow/dags/01_hello_dag.py for tasks to queue
[2026-08-30T18:13:25.809+0000] {logging_mixin.py:190} INFO - [2026-08-30T18:13:25.809+0000] {dagbag.py:588} INFO - Filling up the DagBag from /opt/airflow/dags/01_hello_dag.py
[2026-08-30T18:13:25.823+0000] {processor.py:925} INFO - DAG(s) 'hello_dag' retrieved from /opt/airflow/dags/01_hello_dag.py
[2026-08-30T18:13:25.849+0000] {logging_mixin.py:190} INFO - [2026-08-30T18:13:25.849+0000] {dag.py:3239} INFO - Sync 1 DAGs
[2026-08-30T18:13:25.863+0000] {logging_mixin.py:190} INFO - [2026-08-30T18:13:25.862+0000] {dag.py:4180} INFO - Setting next_dagrun for hello_dag to None, run_after=None
[2026-08-30T18:13:25.876+0000] {processor.py:208} INFO - Processing /opt/airflow/dags/01_hello_dag.py took 0.079 seconds
[2026-08-30T18:13:56.645+0000] {processor.py:186} INFO - Started process (PID=211) to work on /opt/airflow/dags/01_hello_dag.py
[2026-08-30T18:13:56.647+0000] {processor.py:914} INFO - Processing file /opt/airflow/dags/01_hello_dag.py for tasks to queue
[2026-08-30T18:13:56.650+0000] {logging_mixin.py:190} INFO - [2026-08-30T18:13:56.650+0000] {dagbag.py:588} INFO - Filling up the DagBag from /opt/airflow/dags/01_hello_dag.py
[2026-08-30T18:13:56.664+0000] {processor.py:925} INFO - DAG(s) 'hello_dag' retrieved from /opt/airflow/dags/01_hello_dag.py
[2026-08-30T18:13:56.687+0000] {logging_mixin.py:190} INFO - [2026-08-30T18:13:56.687+0000] {dag.py:3239} INFO - Sync 1 DAGs
[2026-08-30T18:13:56.697+0000] {logging_mixin.py:190} INFO - [2026-08-30T18:13:56.697+0000] {dag.py:4180} INFO - Setting next_dagrun for hello_dag to None, run_after=None
[2026-08-30T18:13:56.714+0000] {processor.py:208} INFO - Processing /opt/airflow/dags/01_hello_dag.py took 0.075 seconds
[2026-08-30T18:14:27.345+0000] {processor.py:186} INFO - Started process (PID=224) to work on /opt/airflow/dags/01_hello_dag.py
[2026-08-30T18:14:27.347+0000] {processor.py:914} INFO - Processing file /opt/airflow/dags/01_hello_dag.py for tasks to queue
[2026-08-30T18:14:27.349+0000] {logging_mixin.py:190} INFO - [2026-08-30T18:14:27.349+0000] {dagbag.py:588} INFO - Filling up the DagBag from /opt/airflow/dags/01_hello_dag.py
[2026-08-30T18:14:27.357+0000] {processor.py:925} INFO - DAG(s) 'hello_dag' retrieved from /opt/airflow/dags/01_hello_dag.py
[2026-08-30T18:14:27.378+0000] {logging_mixin.py:190} INFO - [2026-08-30T18:14:27.377+0000] {dag.py:3239} INFO - Sync 1 DAGs
[2026-08-30T18:14:27.387+0000] {logging_mixin.py:190} INFO - [2026-08-30T18:14:27.387+0000] {dag.py:4180} INFO - Setting next_dagrun for hello_dag to None, run_after=None
[2026-08-30T18:14:27.397+0000] {processor.py:208} INFO - Processing /opt/airflow/dags/01_hello_dag.py took 0.056 seconds
[2026-08-30T18:14:57.990+0000] {processor.py:186} INFO - Started process (PID=237) to work on /opt/airflow/dags/01_hello_dag.py
[2026-08-30T18:14:57.992+0000] {processor.py:914} INFO - Processing file /opt/airflow/dags/01_hello_dag.py for tasks to queue
[2026-08-30T18:14:57.993+0000] {logging_mixin.py:190} INFO - [2026-08-30T18:14:57.993+0000] {dagbag.py:588} INFO - Filling up the DagBag from /opt/airflow/dags/01_hello_dag.py
[2026-08-30T18:14:58.000+0000] {processor.py:925} INFO - DAG(s) 'hello_dag' retrieved from /opt/airflow/dags/01_hello_dag.py
[2026-08-30T18:14:58.015+0000] {logging_mixin.py:190} INFO - [2026-08-30T18:14:58.015+0000] {dag.py:3239} INFO - Sync 1 DAGs
[2026-08-30T18:14:58.022+0000] {logging_mixin.py:190} INFO - [2026-08-30T18:14:58.022+0000] {dag.py:4180} INFO - Setting next_dagrun for hello_dag to None, run_after=None
[2026-08-30T18:14:58.030+0000] {processor.py:208} INFO - Processing /opt/airflow/dags/01_hello_dag.py took 0.043 seconds
[2026-08-30T18:15:28.641+0000] {processor.py:186} INFO - Started process (PID=250) to work on /opt/airflow/dags/01_hello_dag.py
[2026-08-30T18:15:28.641+0000] {processor.py:914} INFO - Processing file /opt/airflow/dags/01_hello_dag.py for tasks to queue
[2026-08-30T18:15:28.643+0000] {logging_mixin.py:190} INFO - [2026-08-30T18:15:28.642+0000] {dagbag.py:588} INFO - Filling up the DagBag from /opt/airflow/dags/01_hello_dag.py
[2026-08-30T18:15:28.649+0000] {processor.py:925} INFO - DAG(s) 'hello_dag' retrieved from /opt/airflow/dags/01_hello_dag.py
[2026-08-30T18:15:28.665+0000] {logging_mixin.py:190} INFO - [2026-08-30T18:15:28.665+0000] {dag.py:3239} INFO - Sync 1 DAGs
[2026-08-30T18:15:28.672+0000] {logging_mixin.py:190} INFO - [2026-08-30T18:15:28.672+0000] {dag.py:4180} INFO - Setting next_dagrun for hello_dag to None, run_after=None
[2026-08-30T18:15:28.681+0000] {processor.py:208} INFO - Processing /opt/airflow/dags/01_hello_dag.py took 0.045 seconds
[2026-08-30T18:15:59.226+0000] {processor.py:186} INFO - Started process (PID=263) to work on /opt/airflow/dags/01_hello_dag.py
[2026-08-30T18:15:59.227+0000] {processor.py:914} INFO - Processing file /opt/airflow/dags/01_hello_dag.py for tasks to queue
[2026-08-30T18:15:59.228+0000] {logging_mixin.py:190} INFO - [2026-08-30T18:15:59.228+0000] {dagbag.py:588} INFO - Filling up the DagBag from /opt/airflow/dags/01_hello_dag.py
[2026-08-30T18:15:59.235+0000] {processor.py:925} INFO - DAG(s) 'hello_dag' retrieved from /opt/airflow/dags/01_hello_dag.py
[2026-08-30T18:15:59.251+0000] {logging_mixin.py:190} INFO - [2026-08-30T18:15:59.251+0000] {dag.py:3239} INFO - Sync 1 DAGs
[2026-08-30T18:15:59.258+0000] {logging_mixin.py:190} INFO - [2026-08-30T18:15:59.258+0000] {dag.py:4180} INFO - Setting next_dagrun for hello_dag to None, run_after=None
[2026-08-30T18:15:59.266+0000] {processor.py:208} INFO - Processing /opt/airflow/dags/01_hello_dag.py took 0.045 seconds
[2026-08-30T18:16:29.893+0000] {processor.py:186} INFO - Started process (PID=276) to work on /opt/airflow/dags/01_hello_dag.py
[2026-08-30T18:16:29.894+0000] {processor.py:914} INFO - Processing file /opt/airflow/dags/01_hello_dag.py for tasks to queue
[2026-08-30T18:16:29.895+0000] {logging_mixin.py:190} INFO - [2026-08-30T18:16:29.895+0000] {dagbag.py:588} INFO - Filling up the DagBag from /opt/airflow/dags/01_hello_dag.py
[2026-08-30T18:16:29.902+0000] {processor.py:925} INFO - DAG(s) 'hello_dag' retrieved from /opt/airflow/dags/01_hello_dag.py
[2026-08-30T18:16:29.919+0000] {logging_mixin.py:190} INFO - [2026-08-30T18:16:29.918+0000] {dag.py:3239} INFO - Sync 1 DAGs
[2026-08-30T18:16:29.925+0000] {logging_mixin.py:190} INFO - [2026-08-30T18:16:29.925+0000] {dag.py:4180} INFO - Setting next_dagrun for hello_dag to None, run_after=None
[2026-08-30T18:16:29.933+0000] {processor.py:208} INFO - Processing /opt/airflow/dags/01_hello_dag.py took 0.045 seconds
[2026-08-30T18:17:00.549+0000] {processor.py:186} INFO - Started process (PID=289) to work on /opt/airflow/dags/01_hello_dag.py
[2026-08-30T18:17:00.550+0000] {processor.py:914} INFO - Processing file /opt/airflow/dags/01_hello_dag.py for tasks to queue
[2026-08-30T18:17:00.551+0000] {logging_mixin.py:190} INFO - [2026-08-30T18:17:00.551+0000] {dagbag.py:588} INFO - Filling up the DagBag from /opt/airflow/dags/01_hello_dag.py
[2026-08-30T18:17:00.558+0000] {processor.py:925} INFO - DAG(s) 'hello_dag' retrieved from /opt/airflow/dags/01_hello_dag.py
[2026-08-30T18:17:00.575+0000] {logging_mixin.py:190} INFO - [2026-08-30T18:17:00.575+0000] {dag.py:3239} INFO - Sync 1 DAGs
[2026-08-30T18:17:00.582+0000] {logging_mixin.py:190} INFO - [2026-08-30T18:17:00.582+0000] {dag.py:4180} INFO - Setting next_dagrun for hello_dag to None, run_after=None
[2026-08-30T18:17:00.590+0000] {processor.py:208} INFO - Processing /opt/airflow/dags/01_hello_dag.py took 0.046 seconds
[2026-08-30T18:17:31.232+0000] {processor.py:186} INFO - Started process (PID=302) to work on /opt/airflow/dags/01_hello_dag.py
[2026-08-30T18:17:31.233+0000] {processor.py:914} INFO - Processing file /opt/airflow/dags/01_hello_dag.py for tasks to queue
[2026-08-30T18:17:31.235+0000] {logging_mixin.py:190} INFO - [2026-08-30T18:17:31.235+0000] {dagbag.py:588} INFO - Filling up the DagBag from /opt/airflow/dags/01_hello_dag.py
[2026-08-30T18:17:31.242+0000] {processor.py:925} INFO - DAG(s) 'hello_dag' retrieved from /opt/airflow/dags/01_hello_dag.py
[2026-08-30T18:17:31.259+0000] {logging_mixin.py:190} INFO - [2026-08-30T18:17:31.259+0000] {dag.py:3239} INFO - Sync 1 DAGs
[2026-08-30T18:17:31.268+0000] {logging_mixin.py:190} INFO - [2026-08-30T18:17:31.268+0000] {dag.py:4180} INFO - Setting next_dagrun for hello_dag to None, run_after=None
[2026-08-30T18:17:31.276+0000] {processor.py:208} INFO - Processing /opt/airflow/dags/01_hello_dag.py took 0.048 seconds
[2026-08-30T18:18:01.909+0000] {processor.py:186} INFO - Started process (PID=315) to work on /opt/airflow/dags/01_hello_dag.py
[2026-08-30T18:18:01.910+0000] {processor.py:914} INFO - Processing file /opt/airflow/dags/01_hello_dag.py for tasks to queue
[2026-08-30T18:18:01.911+0000] {logging_mixin.py:190} INFO - [2026-08-30T18:18:01.911+0000] {dagbag.py:588} INFO - Filling up the DagBag from /opt/airflow/dags/01_hello_dag.py
[2026-08-30T18:18:01.918+0000] {processor.py:925} INFO - DAG(s) 'hello_dag' retrieved from /opt/airflow/dags/01_hello_dag.py
[2026-08-30T18:18:01.938+0000] {logging_mixin.py:190} INFO - [2026-08-30T18:18:01.937+0000] {dag.py:3239} INFO - Sync 1 DAGs
[2026-08-30T18:18:01.945+0000] {logging_mixin.py:190} INFO - [2026-08-30T18:18:01.945+0000] {dag.py:4180} INFO - Setting next_dagrun for hello_dag to None, run_after=None
[2026-08-30T18:18:01.954+0000] {processor.py:208} INFO - Processing /opt/airflow/dags/01_hello_dag.py took 0.050 seconds
[2026-08-30T18:18:32.657+0000] {processor.py:186} INFO - Started process (PID=328) to work on /opt/airflow/dags/01_hello_dag.py
[2026-08-30T18:18:32.658+0000] {processor.py:914} INFO - Processing file /opt/airflow/dags/01_hello_dag.py for tasks to queue
[2026-08-30T18:18:32.659+0000] {logging_mixin.py:190} INFO - [2026-08-30T18:18:32.659+0000] {dagbag.py:588} INFO - Filling up the DagBag from /opt/airflow/dags/01_hello_dag.py
[2026-08-30T18:18:32.665+0000] {processor.py:925} INFO - DAG(s) 'hello_dag' retrieved from /opt/airflow/dags/01_hello_dag.py
[2026-08-30T18:18:32.681+0000] {logging_mixin.py:190} INFO - [2026-08-30T18:18:32.680+0000] {dag.py:3239} INFO - Sync 1 DAGs
[2026-08-30T18:18:32.687+0000] {logging_mixin.py:190} INFO - [2026-08-30T18:18:32.687+0000] {dag.py:4180} INFO - Setting next_dagrun for hello_dag to None, run_after=None
[2026-08-30T18:18:32.694+0000] {processor.py:208} INFO - Processing /opt/airflow/dags/01_hello_dag.py took 0.041 seconds
[2026-08-30T18:19:02.789+0000] {processor.py:186} INFO - Started process (PID=341) to work on /opt/airflow/dags/01_hello_dag.py
[2026-08-30T18:19:02.790+0000] {processor.py:914} INFO - Processing file /opt/airflow/dags/01_hello_dag.py for tasks to queue
[2026-08-30T18:19:02.791+0000] {logging_mixin.py:190} INFO - [2026-08-30T18:19:02.791+0000] {dagbag.py:588} INFO - Filling up the DagBag from /opt/airflow/dags/01_hello_dag.py
[2026-08-30T18:19:02.799+0000] {processor.py:925} INFO - DAG(s) 'hello_dag' retrieved from /opt/airflow/dags/01_hello_dag.py
[2026-08-30T18:19:02.820+0000] {logging_mixin.py:190} INFO - [2026-08-30T18:19:02.820+0000] {dag.py:3239} INFO - Sync 1 DAGs
[2026-08-30T18:19:02.829+0000] {logging_mixin.py:190} INFO - [2026-08-30T18:19:02.829+0000] {dag.py:4180} INFO - Setting next_dagrun for hello_dag to None, run_after=None
[2026-08-30T18:19:02.838+0000] {processor.py:208} INFO - Processing /opt/airflow/dags/01_hello_dag.py took 0.056 seconds
[2026-08-30T18:19:33.229+0000] {processor.py:186} INFO - Started process (PID=354) to work on /opt/airflow/dags/01_hello_dag.py
[2026-08-30T18:19:33.230+0000] {processor.py:914} INFO - Processing file /opt/airflow/dags/01_hello_dag.py for tasks to queue
[2026-08-30T18:19:33.232+0000] {logging_mixin.py:190} INFO - [2026-08-30T18:19:33.231+0000] {dagbag.py:588} INFO - Filling up the DagBag from /opt/airflow/dags/01_hello_dag.py
[2026-08-30T18:19:33.239+0000] {processor.py:925} INFO - DAG(s) 'hello_dag' retrieved from /opt/airflow/dags/01_hello_dag.py
[2026-08-30T18:19:33.265+0000] {logging_mixin.py:190} INFO - [2026-08-30T18:19:33.265+0000] {dag.py:3239} INFO - Sync 1 DAGs
[2026-08-30T18:19:33.281+0000] {logging_mixin.py:190} INFO - [2026-08-30T18:19:33.281+0000] {dag.py:4180} INFO - Setting next_dagrun for hello_dag to None, run_after=None
[2026-08-30T18:19:33.304+0000] {processor.py:208} INFO - Processing /opt/airflow/dags/01_hello_dag.py took 0.079 seconds
[2026-08-30T18:20:03.848+0000] {processor.py:186} INFO - Started process (PID=367) to work on /opt/airflow/dags/01_hello_dag.py
[2026-08-30T18:20:03.849+0000] {processor.py:914} INFO - Processing file /opt/airflow/dags/01_hello_dag.py for tasks to queue
[2026-08-30T18:20:03.851+0000] {logging_mixin.py:190} INFO - [2026-08-30T18:20:03.851+0000] {dagbag.py:588} INFO - Filling up the DagBag from /opt/airflow/dags/01_hello_dag.py
[2026-08-30T18:20:03.867+0000] {processor.py:925} INFO - DAG(s) 'hello_dag' retrieved from /opt/airflow/dags/01_hello_dag.py
[2026-08-30T18:20:03.910+0000] {logging_mixin.py:190} INFO - [2026-08-30T18:20:03.910+0000] {dag.py:3239} INFO - Sync 1 DAGs
[2026-08-30T18:20:03.936+0000] {logging_mixin.py:190} INFO - [2026-08-30T18:20:03.936+0000] {dag.py:4180} INFO - Setting next_dagrun for hello_dag to None, run_after=None
[2026-08-30T18:20:03.969+0000] {processor.py:208} INFO - Processing /opt/airflow/dags/01_hello_dag.py took 0.128 seconds
[2026-08-30T18:20:34.086+0000] {processor.py:186} INFO - Started process (PID=380) to work on /opt/airflow/dags/01_hello_dag.py
[2026-08-30T18:20:34.087+0000] {processor.py:914} INFO - Processing file /opt/airflow/dags/01_hello_dag.py for tasks to queue
[2026-08-30T18:20:34.089+0000] {logging_mixin.py:190} INFO - [2026-08-30T18:20:34.089+0000] {dagbag.py:588} INFO - Filling up the DagBag from /opt/airflow/dags/01_hello_dag.py
[2026-08-30T18:20:34.107+0000] {processor.py:925} INFO - DAG(s) 'hello_dag' retrieved from /opt/airflow/dags/01_hello_dag.py
[2026-08-30T18:20:34.144+0000] {logging_mixin.py:190} INFO - [2026-08-30T18:20:34.144+0000] {dag.py:3239} INFO - Sync 1 DAGs
[2026-08-30T18:20:34.157+0000] {logging_mixin.py:190} INFO - [2026-08-30T18:20:34.157+0000] {dag.py:4180} INFO - Setting next_dagrun for hello_dag to None, run_after=None
[2026-08-30T18:20:34.172+0000] {processor.py:208} INFO - Processing /opt/airflow/dags/01_hello_dag.py took 0.092 seconds
[2026-08-30T18:21:04.433+0000] {processor.py:186} INFO - Started process (PID=393) to work on /opt/airflow/dags/01_hello_dag.py
[2026-08-30T18:21:04.434+0000] {processor.py:914} INFO - Processing file /opt/airflow/dags/01_hello_dag.py for tasks to queue
[2026-08-30T18:21:04.436+0000] {logging_mixin.py:190} INFO - [2026-08-30T18:21:04.435+0000] {dagbag.py:588} INFO - Filling up the DagBag from /opt/airflow/dags/01_hello_dag.py
[2026-08-30T18:21:04.443+0000] {processor.py:925} INFO - DAG(s) 'hello_dag' retrieved from /opt/airflow/dags/01_hello_dag.py
[2026-08-30T18:21:04.459+0000] {logging_mixin.py:190} INFO - [2026-08-30T18:21:04.459+0000] {dag.py:3239} INFO - Sync 1 DAGs
[2026-08-30T18:21:04.466+0000] {logging_mixin.py:190} INFO - [2026-08-30T18:21:04.466+0000] {dag.py:4180} INFO - Setting next_dagrun for hello_dag to None, run_after=None
[2026-08-30T18:21:04.473+0000] {processor.py:208} INFO - Processing /opt/airflow/dags/01_hello_dag.py took 0.045 seconds
[2026-08-30T18:21:35.398+0000] {processor.py:186} INFO - Started process (PID=406) to work on /opt/airflow/dags/01_hello_dag.py
[2026-08-30T18:21:35.399+0000] {processor.py:914} INFO - Processing file /opt/airflow/dags/01_hello_dag.py for tasks to queue
[2026-08-30T18:21:35.401+0000] {logging_mixin.py:190} INFO - [2026-08-30T18:21:35.401+0000] {dagbag.py:588} INFO - Filling up the DagBag from /opt/airflow/dags/01_hello_dag.py
[2026-08-30T18:21:35.410+0000] {processor.py:925} INFO - DAG(s) 'hello_dag' retrieved from /opt/airflow/dags/01_hello_dag.py
[2026-08-30T18:21:35.426+0000] {logging_mixin.py:190} INFO - [2026-08-30T18:21:35.426+0000] {dag.py:3239} INFO - Sync 1 DAGs
[2026-08-30T18:21:35.434+0000] {logging_mixin.py:190} INFO - [2026-08-30T18:21:35.433+0000] {dag.py:4180} INFO - Setting next_dagrun for hello_dag to None, run_after=None
[2026-08-30T18:21:35.442+0000] {processor.py:208} INFO - Processing /opt/airflow/dags/01_hello_dag.py took 0.053 seconds
[2026-08-30T18:22:06.036+0000] {processor.py:186} INFO - Started process (PID=419) to work on /opt/airflow/dags/01_hello_dag.py
[2026-08-30T18:22:06.036+0000] {processor.py:914} INFO - Processing file /opt/airflow/dags/01_hello_dag.py for tasks to queue
[2026-08-30T18:22:06.038+0000] {logging_mixin.py:190} INFO - [2026-08-30T18:22:06.037+0000] {dagbag.py:588} INFO - Filling up the DagBag from /opt/airflow/dags/01_hello_dag.py
[2026-08-30T18:22:06.045+0000] {processor.py:925} INFO - DAG(s) 'hello_dag' retrieved from /opt/airflow/dags/01_hello_dag.py
[2026-08-30T18:22:06.065+0000] {logging_mixin.py:190} INFO - [2026-08-30T18:22:06.065+0000] {dag.py:3239} INFO - Sync 1 DAGs
[2026-08-30T18:22:06.074+0000] {logging_mixin.py:190} INFO - [2026-08-30T18:22:06.074+0000] {dag.py:4180} INFO - Setting next_dagrun for hello_dag to None, run_after=None
[2026-08-30T18:22:06.085+0000] {processor.py:208} INFO - Processing /opt/airflow/dags/01_hello_dag.py took 0.055 seconds
[2026-08-30T18:22:36.614+0000] {processor.py:186} INFO - Started process (PID=432) to work on /opt/airflow/dags/01_hello_dag.py
[2026-08-30T18:22:36.615+0000] {processor.py:914} INFO - Processing file /opt/airflow/dags/01_hello_dag.py for tasks to queue
[2026-08-30T18:22:36.616+0000] {logging_mixin.py:190} INFO - [2026-08-30T18:22:36.616+0000] {dagbag.py:588} INFO - Filling up the DagBag from /opt/airflow/dags/01_hello_dag.py
[2026-08-30T18:22:36.623+0000] {processor.py:925} INFO - DAG(s) 'hello_dag' retrieved from /opt/airflow/dags/01_hello_dag.py
[2026-08-30T18:22:36.641+0000] {logging_mixin.py:190} INFO - [2026-08-30T18:22:36.641+0000] {dag.py:3239} INFO - Sync 1 DAGs
[2026-08-30T18:22:36.649+0000] {logging_mixin.py:190} INFO - [2026-08-30T18:22:36.649+0000] {dag.py:4180} INFO - Setting next_dagrun for hello_dag to None, run_after=None
[2026-08-30T18:22:36.656+0000] {processor.py:208} INFO - Processing /opt/airflow/dags/01_hello_dag.py took 0.046 seconds
[2026-08-30T18:24:43.621+0000] {processor.py:186} INFO - Started process (PID=96) to work on /opt/airflow/dags/01_hello_dag.py
[2026-08-30T18:24:43.626+0000] {processor.py:914} INFO - Processing file /opt/airflow/dags/01_hello_dag.py for tasks to queue
[2026-08-30T18:24:43.637+0000] {logging_mixin.py:190} INFO - [2026-08-30T18:24:43.636+0000] {dagbag.py:588} INFO - Filling up the DagBag from /opt/airflow/dags/01_hello_dag.py
[2026-08-30T18:24:43.680+0000] {processor.py:925} INFO - DAG(s) 'hello_dag' retrieved from /opt/airflow/dags/01_hello_dag.py
[2026-08-30T18:24:43.922+0000] {logging_mixin.py:190} INFO - [2026-08-30T18:24:43.916+0000] {dag.py:3239} INFO - Sync 1 DAGs
[2026-08-30T18:24:43.971+0000] {logging_mixin.py:190} INFO - [2026-08-30T18:24:43.970+0000] {dag.py:4180} INFO - Setting next_dagrun for hello_dag to None, run_after=None
[2026-08-30T18:24:44.048+0000] {processor.py:208} INFO - Processing /opt/airflow/dags/01_hello_dag.py took 0.453 seconds
[2026-08-30T18:25:14.709+0000] {processor.py:186} INFO - Started process (PID=108) to work on /opt/airflow/dags/01_hello_dag.py
[2026-08-30T18:25:14.710+0000] {processor.py:914} INFO - Processing file /opt/airflow/dags/01_hello_dag.py for tasks to queue
[2026-08-30T18:25:14.713+0000] {logging_mixin.py:190} INFO - [2026-08-30T18:25:14.712+0000] {dagbag.py:588} INFO - Filling up the DagBag from /opt/airflow/dags/01_hello_dag.py
[2026-08-30T18:25:14.724+0000] {processor.py:925} INFO - DAG(s) 'hello_dag' retrieved from /opt/airflow/dags/01_hello_dag.py
[2026-08-30T18:25:14.751+0000] {logging_mixin.py:190} INFO - [2026-08-30T18:25:14.751+0000] {dag.py:3239} INFO - Sync 1 DAGs
[2026-08-30T18:25:14.759+0000] {logging_mixin.py:190} INFO - [2026-08-30T18:25:14.759+0000] {dag.py:4180} INFO - Setting next_dagrun for hello_dag to None, run_after=None
[2026-08-30T18:25:14.767+0000] {processor.py:208} INFO - Processing /opt/airflow/dags/01_hello_dag.py took 0.065 seconds
[2026-08-30T18:25:44.870+0000] {processor.py:186} INFO - Started process (PID=121) to work on /opt/airflow/dags/01_hello_dag.py
[2026-08-30T18:25:44.872+0000] {processor.py:914} INFO - Processing file /opt/airflow/dags/01_hello_dag.py for tasks to queue
[2026-08-30T18:25:44.877+0000] {logging_mixin.py:190} INFO - [2026-08-30T18:25:44.876+0000] {dagbag.py:588} INFO - Filling up the DagBag from /opt/airflow/dags/01_hello_dag.py
[2026-08-30T18:25:44.905+0000] {processor.py:925} INFO - DAG(s) 'hello_dag' retrieved from /opt/airflow/dags/01_hello_dag.py
[2026-08-30T18:25:44.935+0000] {logging_mixin.py:190} INFO - [2026-08-30T18:25:44.935+0000] {dag.py:3239} INFO - Sync 1 DAGs
[2026-08-30T18:25:44.946+0000] {logging_mixin.py:190} INFO - [2026-08-30T18:25:44.945+0000] {dag.py:4180} INFO - Setting next_dagrun for hello_dag to None, run_after=None
[2026-08-30T18:25:44.959+0000] {processor.py:208} INFO - Processing /opt/airflow/dags/01_hello_dag.py took 0.106 seconds
[2026-08-30T18:26:15.014+0000] {processor.py:186} INFO - Started process (PID=134) to work on /opt/airflow/dags/01_hello_dag.py
[2026-08-30T18:26:15.015+0000] {processor.py:914} INFO - Processing file /opt/airflow/dags/01_hello_dag.py for tasks to queue
[2026-08-30T18:26:15.016+0000] {logging_mixin.py:190} INFO - [2026-08-30T18:26:15.016+0000] {dagbag.py:588} INFO - Filling up the DagBag from /opt/airflow/dags/01_hello_dag.py
[2026-08-30T18:26:15.023+0000] {processor.py:925} INFO - DAG(s) 'hello_dag' retrieved from /opt/airflow/dags/01_hello_dag.py
[2026-08-30T18:26:15.055+0000] {logging_mixin.py:190} INFO - [2026-08-30T18:26:15.055+0000] {dag.py:3239} INFO - Sync 1 DAGs
[2026-08-30T18:26:15.070+0000] {logging_mixin.py:190} INFO - [2026-08-30T18:26:15.070+0000] {dag.py:4180} INFO - Setting next_dagrun for hello_dag to None, run_after=None
[2026-08-30T18:26:15.089+0000] {processor.py:208} INFO - Processing /opt/airflow/dags/01_hello_dag.py took 0.079 seconds
[2026-08-30T18:26:45.486+0000] {processor.py:186} INFO - Started process (PID=147) to work on /opt/airflow/dags/01_hello_dag.py
[2026-08-30T18:26:45.487+0000] {processor.py:914} INFO - Processing file /opt/airflow/dags/01_hello_dag.py for tasks to queue
[2026-08-30T18:26:45.488+0000] {logging_mixin.py:190} INFO - [2026-08-30T18:26:45.488+0000] {dagbag.py:588} INFO - Filling up the DagBag from /opt/airflow/dags/01_hello_dag.py
[2026-08-30T18:26:45.494+0000] {processor.py:925} INFO - DAG(s) 'hello_dag' retrieved from /opt/airflow/dags/01_hello_dag.py
[2026-08-30T18:26:45.511+0000] {logging_mixin.py:190} INFO - [2026-08-30T18:26:45.511+0000] {dag.py:3239} INFO - Sync 1 DAGs
[2026-08-30T18:26:45.523+0000] {logging_mixin.py:190} INFO - [2026-08-30T18:26:45.522+0000] {dag.py:4180} INFO - Setting next_dagrun for hello_dag to None, run_after=None
[2026-08-30T18:26:45.531+0000] {processor.py:208} INFO - Processing /opt/airflow/dags/01_hello_dag.py took 0.049 seconds
[2026-08-30T18:27:16.399+0000] {processor.py:186} INFO - Started process (PID=160) to work on /opt/airflow/dags/01_hello_dag.py
[2026-08-30T18:27:16.400+0000] {processor.py:914} INFO - Processing file /opt/airflow/dags/01_hello_dag.py for tasks to queue
[2026-08-30T18:27:16.401+0000] {logging_mixin.py:190} INFO - [2026-08-30T18:27:16.401+0000] {dagbag.py:588} INFO - Filling up the DagBag from /opt/airflow/dags/01_hello_dag.py
[2026-08-30T18:27:16.407+0000] {processor.py:925} INFO - DAG(s) 'hello_dag' retrieved from /opt/airflow/dags/01_hello_dag.py
[2026-08-30T18:27:16.513+0000] {logging_mixin.py:190} INFO - [2026-08-30T18:27:16.513+0000] {dag.py:3239} INFO - Sync 1 DAGs
[2026-08-30T18:27:16.520+0000] {logging_mixin.py:190} INFO - [2026-08-30T18:27:16.519+0000] {dag.py:4180} INFO - Setting next_dagrun for hello_dag to None, run_after=None
[2026-08-30T18:27:16.531+0000] {processor.py:208} INFO - Processing /opt/airflow/dags/01_hello_dag.py took 0.135 seconds
[2026-08-30T18:27:47.188+0000] {processor.py:186} INFO - Started process (PID=173) to work on /opt/airflow/dags/01_hello_dag.py
[2026-08-30T18:27:47.189+0000] {processor.py:914} INFO - Processing file /opt/airflow/dags/01_hello_dag.py for tasks to queue
[2026-08-30T18:27:47.191+0000] {logging_mixin.py:190} INFO - [2026-08-30T18:27:47.191+0000] {dagbag.py:588} INFO - Filling up the DagBag from /opt/airflow/dags/01_hello_dag.py
[2026-08-30T18:27:47.201+0000] {processor.py:925} INFO - DAG(s) 'hello_dag' retrieved from /opt/airflow/dags/01_hello_dag.py
[2026-08-30T18:27:47.231+0000] {logging_mixin.py:190} INFO - [2026-08-30T18:27:47.231+0000] {dag.py:3239} INFO - Sync 1 DAGs
[2026-08-30T18:27:47.243+0000] {logging_mixin.py:190} INFO - [2026-08-30T18:27:47.243+0000] {dag.py:4180} INFO - Setting next_dagrun for hello_dag to None, run_after=None
[2026-08-30T18:27:47.253+0000] {processor.py:208} INFO - Processing /opt/airflow/dags/01_hello_dag.py took 0.077 seconds
[2026-08-30T18:28:17.469+0000] {processor.py:186} INFO - Started process (PID=186) to work on /opt/airflow/dags/01_hello_dag.py
[2026-08-30T18:28:17.470+0000] {processor.py:914} INFO - Processing file /opt/airflow/dags/01_hello_dag.py for tasks to queue
[2026-08-30T18:28:17.472+0000] {logging_mixin.py:190} INFO - [2026-08-30T18:28:17.472+0000] {dagbag.py:588} INFO - Filling up the DagBag from /opt/airflow/dags/01_hello_dag.py
[2026-08-30T18:28:17.479+0000] {processor.py:925} INFO - DAG(s) 'hello_dag' retrieved from /opt/airflow/dags/01_hello_dag.py
[2026-08-30T18:28:17.498+0000] {logging_mixin.py:190} INFO - [2026-08-30T18:28:17.498+0000] {dag.py:3239} INFO - Sync 1 DAGs
[2026-08-30T18:28:17.509+0000] {logging_mixin.py:190} INFO - [2026-08-30T18:28:17.508+0000] {dag.py:4180} INFO - Setting next_dagrun for hello_dag to None, run_after=None
[2026-08-30T18:28:17.518+0000] {processor.py:208} INFO - Processing /opt/airflow/dags/01_hello_dag.py took 0.053 seconds
[2026-08-30T18:28:48.360+0000] {processor.py:186} INFO - Started process (PID=199) to work on /opt/airflow/dags/01_hello_dag.py
[2026-08-30T18:28:48.361+0000] {processor.py:914} INFO - Processing file /opt/airflow/dags/01_hello_dag.py for tasks to queue
[2026-08-30T18:28:48.362+0000] {logging_mixin.py:190} INFO - [2026-08-30T18:28:48.362+0000] {dagbag.py:588} INFO - Filling up the DagBag from /opt/airflow/dags/01_hello_dag.py
[2026-08-30T18:28:48.368+0000] {processor.py:925} INFO - DAG(s) 'hello_dag' retrieved from /opt/airflow/dags/01_hello_dag.py
[2026-08-30T18:28:48.385+0000] {logging_mixin.py:190} INFO - [2026-08-30T18:28:48.384+0000] {dag.py:3239} INFO - Sync 1 DAGs
[2026-08-30T18:28:48.392+0000] {logging_mixin.py:190} INFO - [2026-08-30T18:28:48.391+0000] {dag.py:4180} INFO - Setting next_dagrun for hello_dag to None, run_after=None
[2026-08-30T18:28:48.399+0000] {processor.py:208} INFO - Processing /opt/airflow/dags/01_hello_dag.py took 0.045 seconds
[2026-08-30T18:29:18.676+0000] {processor.py:186} INFO - Started process (PID=212) to work on /opt/airflow/dags/01_hello_dag.py
[2026-08-30T18:29:18.677+0000] {processor.py:914} INFO - Processing file /opt/airflow/dags/01_hello_dag.py for tasks to queue
[2026-08-30T18:29:18.680+0000] {logging_mixin.py:190} INFO - [2026-08-30T18:29:18.680+0000] {dagbag.py:588} INFO - Filling up the DagBag from /opt/airflow/dags/01_hello_dag.py
[2026-08-30T18:29:18.687+0000] {processor.py:925} INFO - DAG(s) 'hello_dag' retrieved from /opt/airflow/dags/01_hello_dag.py
[2026-08-30T18:29:18.704+0000] {logging_mixin.py:190} INFO - [2026-08-30T18:29:18.703+0000] {dag.py:3239} INFO - Sync 1 DAGs
[2026-08-30T18:29:18.711+0000] {logging_mixin.py:190} INFO - [2026-08-30T18:29:18.711+0000] {dag.py:4180} INFO - Setting next_dagrun for hello_dag to None, run_after=None
[2026-08-30T18:29:18.719+0000] {processor.py:208} INFO - Processing /opt/airflow/dags/01_hello_dag.py took 0.056 seconds
[2026-08-30T18:29:49.207+0000] {processor.py:186} INFO - Started process (PID=225) to work on /opt/airflow/dags/01_hello_dag.py
[2026-08-30T18:29:49.237+0000] {processor.py:914} INFO - Processing file /opt/airflow/dags/01_hello_dag.py for tasks to queue
[2026-08-30T18:29:49.240+0000] {logging_mixin.py:190} INFO - [2026-08-30T18:29:49.239+0000] {dagbag.py:588} INFO - Filling up the DagBag from /opt/airflow/dags/01_hello_dag.py
[2026-08-30T18:29:49.252+0000] {processor.py:925} INFO - DAG(s) 'hello_dag' retrieved from /opt/airflow/dags/01_hello_dag.py
[2026-08-30T18:29:49.287+0000] {logging_mixin.py:190} INFO - [2026-08-30T18:29:49.287+0000] {dag.py:3239} INFO - Sync 1 DAGs
[2026-08-30T18:29:49.302+0000] {logging_mixin.py:190} INFO - [2026-08-30T18:29:49.302+0000] {dag.py:4180} INFO - Setting next_dagrun for hello_dag to None, run_after=None
[2026-08-30T18:29:49.318+0000] {processor.py:208} INFO - Processing /opt/airflow/dags/01_hello_dag.py took 0.123 seconds
[2026-08-30T18:30:19.543+0000] {processor.py:186} INFO - Started process (PID=238) to work on /opt/airflow/dags/01_hello_dag.py
[2026-08-30T18:30:19.553+0000] {processor.py:914} INFO - Processing file /opt/airflow/dags/01_hello_dag.py for tasks to queue
[2026-08-30T18:30:19.569+0000] {logging_mixin.py:190} INFO - [2026-08-30T18:30:19.568+0000] {dagbag.py:588} INFO - Filling up the DagBag from /opt/airflow/dags/01_hello_dag.py
[2026-08-30T18:30:19.638+0000] {processor.py:925} INFO - DAG(s) 'hello_dag' retrieved from /opt/airflow/dags/01_hello_dag.py
[2026-08-30T18:30:19.684+0000] {logging_mixin.py:190} INFO - [2026-08-30T18:30:19.684+0000] {dag.py:3239} INFO - Sync 1 DAGs
[2026-08-30T18:30:19.700+0000] {logging_mixin.py:190} INFO - [2026-08-30T18:30:19.700+0000] {dag.py:4180} INFO - Setting next_dagrun for hello_dag to None, run_after=None
[2026-08-30T18:30:19.711+0000] {processor.py:208} INFO - Processing /opt/airflow/dags/01_hello_dag.py took 0.202 seconds
[2026-08-30T18:30:49.816+0000] {processor.py:186} INFO - Started process (PID=250) to work on /opt/airflow/dags/01_hello_dag.py
[2026-08-30T18:30:49.818+0000] {processor.py:914} INFO - Processing file /opt/airflow/dags/01_hello_dag.py for tasks to queue
[2026-08-30T18:30:49.819+0000] {logging_mixin.py:190} INFO - [2026-08-30T18:30:49.819+0000] {dagbag.py:588} INFO - Filling up the DagBag from /opt/airflow/dags/01_hello_dag.py
[2026-08-30T18:30:49.826+0000] {processor.py:925} INFO - DAG(s) 'hello_dag' retrieved from /opt/airflow/dags/01_hello_dag.py
[2026-08-30T18:30:49.844+0000] {logging_mixin.py:190} INFO - [2026-08-30T18:30:49.844+0000] {dag.py:3239} INFO - Sync 1 DAGs
[2026-08-30T18:30:49.854+0000] {logging_mixin.py:190} INFO - [2026-08-30T18:30:49.853+0000] {dag.py:4180} INFO - Setting next_dagrun for hello_dag to None, run_after=None
[2026-08-30T18:30:49.863+0000] {processor.py:208} INFO - Processing /opt/airflow/dags/01_hello_dag.py took 0.052 seconds
[2026-08-30T18:31:20.682+0000] {processor.py:186} INFO - Started process (PID=263) to work on /opt/airflow/dags/01_hello_dag.py
[2026-08-30T18:31:20.682+0000] {processor.py:914} INFO - Processing file /opt/airflow/dags/01_hello_dag.py for tasks to queue
[2026-08-30T18:31:20.684+0000] {logging_mixin.py:190} INFO - [2026-08-30T18:31:20.683+0000] {dagbag.py:588} INFO - Filling up the DagBag from /opt/airflow/dags/01_hello_dag.py
[2026-08-30T18:31:20.689+0000] {processor.py:925} INFO - DAG(s) 'hello_dag' retrieved from /opt/airflow/dags/01_hello_dag.py
[2026-08-30T18:31:20.705+0000] {logging_mixin.py:190} INFO - [2026-08-30T18:31:20.705+0000] {dag.py:3239} INFO - Sync 1 DAGs
[2026-08-30T18:31:20.712+0000] {logging_mixin.py:190} INFO - [2026-08-30T18:31:20.712+0000] {dag.py:4180} INFO - Setting next_dagrun for hello_dag to None, run_after=None
[2026-08-30T18:31:20.720+0000] {processor.py:208} INFO - Processing /opt/airflow/dags/01_hello_dag.py took 0.043 seconds
[2026-08-30T18:31:51.456+0000] {processor.py:186} INFO - Started process (PID=276) to work on /opt/airflow/dags/01_hello_dag.py
[2026-08-30T18:31:51.457+0000] {processor.py:914} INFO - Processing file /opt/airflow/dags/01_hello_dag.py for tasks to queue
[2026-08-30T18:31:51.458+0000] {logging_mixin.py:190} INFO - [2026-08-30T18:31:51.458+0000] {dagbag.py:588} INFO - Filling up the DagBag from /opt/airflow/dags/01_hello_dag.py
[2026-08-30T18:31:51.465+0000] {processor.py:925} INFO - DAG(s) 'hello_dag' retrieved from /opt/airflow/dags/01_hello_dag.py
[2026-08-30T18:31:51.481+0000] {logging_mixin.py:190} INFO - [2026-08-30T18:31:51.481+0000] {dag.py:3239} INFO - Sync 1 DAGs
[2026-08-30T18:31:51.488+0000] {logging_mixin.py:190} INFO - [2026-08-30T18:31:51.487+0000] {dag.py:4180} INFO - Setting next_dagrun for hello_dag to None, run_after=None
[2026-08-30T18:31:51.496+0000] {processor.py:208} INFO - Processing /opt/airflow/dags/01_hello_dag.py took 0.045 seconds
[2026-08-30T18:32:21.653+0000] {processor.py:186} INFO - Started process (PID=289) to work on /opt/airflow/dags/01_hello_dag.py
[2026-08-30T18:32:21.654+0000] {processor.py:914} INFO - Processing file /opt/airflow/dags/01_hello_dag.py for tasks to queue
[2026-08-30T18:32:21.655+0000] {logging_mixin.py:190} INFO - [2026-08-30T18:32:21.655+0000] {dagbag.py:588} INFO - Filling up the DagBag from /opt/airflow/dags/01_hello_dag.py
[2026-08-30T18:32:21.664+0000] {processor.py:925} INFO - DAG(s) 'hello_dag' retrieved from /opt/airflow/dags/01_hello_dag.py
[2026-08-30T18:32:21.684+0000] {logging_mixin.py:190} INFO - [2026-08-30T18:32:21.684+0000] {dag.py:3239} INFO - Sync 1 DAGs
[2026-08-30T18:32:21.695+0000] {logging_mixin.py:190} INFO - [2026-08-30T18:32:21.695+0000] {dag.py:4180} INFO - Setting next_dagrun for hello_dag to None, run_after=None
[2026-08-30T18:32:21.705+0000] {processor.py:208} INFO - Processing /opt/airflow/dags/01_hello_dag.py took 0.056 seconds
[2026-08-30T18:47:36.906+0000] {processor.py:186} INFO - Started process (PID=302) to work on /opt/airflow/dags/01_hello_dag.py
[2026-08-30T18:47:36.908+0000] {processor.py:914} INFO - Processing file /opt/airflow/dags/01_hello_dag.py for tasks to queue
[2026-08-30T18:47:36.911+0000] {logging_mixin.py:190} INFO - [2026-08-30T18:47:36.911+0000] {dagbag.py:588} INFO - Filling up the DagBag from /opt/airflow/dags/01_hello_dag.py
[2026-08-30T18:47:36.937+0000] {processor.py:925} INFO - DAG(s) 'hello_dag' retrieved from /opt/airflow/dags/01_hello_dag.py
[2026-08-30T18:47:36.999+0000] {logging_mixin.py:190} INFO - [2026-08-30T18:47:36.999+0000] {dag.py:3239} INFO - Sync 1 DAGs
[2026-08-30T18:47:37.047+0000] {logging_mixin.py:190} INFO - [2026-08-30T18:47:37.047+0000] {dag.py:4180} INFO - Setting next_dagrun for hello_dag to None, run_after=None
[2026-08-30T18:47:37.082+0000] {processor.py:208} INFO - Processing /opt/airflow/dags/01_hello_dag.py took 0.182 seconds
[2026-08-30T18:48:07.260+0000] {processor.py:186} INFO - Started process (PID=315) to work on /opt/airflow/dags/01_hello_dag.py
[2026-08-30T18:48:07.261+0000] {processor.py:914} INFO - Processing file /opt/airflow/dags/01_hello_dag.py for tasks to queue
[2026-08-30T18:48:07.263+0000] {logging_mixin.py:190} INFO - [2026-08-30T18:48:07.262+0000] {dagbag.py:588} INFO - Filling up the DagBag from /opt/airflow/dags/01_hello_dag.py
[2026-08-30T18:48:07.270+0000] {processor.py:925} INFO - DAG(s) 'hello_dag' retrieved from /opt/airflow/dags/01_hello_dag.py
[2026-08-30T18:48:07.298+0000] {logging_mixin.py:190} INFO - [2026-08-30T18:48:07.298+0000] {dag.py:3239} INFO - Sync 1 DAGs
[2026-08-30T18:48:07.310+0000] {logging_mixin.py:190} INFO - [2026-08-30T18:48:07.310+0000] {dag.py:4180} INFO - Setting next_dagrun for hello_dag to None, run_after=None
[2026-08-30T18:48:07.330+0000] {processor.py:208} INFO - Processing /opt/airflow/dags/01_hello_dag.py took 0.079 seconds
[2026-08-30T19:03:34.544+0000] {processor.py:186} INFO - Started process (PID=328) to work on /opt/airflow/dags/01_hello_dag.py
[2026-08-30T19:03:34.546+0000] {processor.py:914} INFO - Processing file /opt/airflow/dags/01_hello_dag.py for tasks to queue
[2026-08-30T19:03:34.547+0000] {logging_mixin.py:190} INFO - [2026-08-30T19:03:34.547+0000] {dagbag.py:588} INFO - Filling up the DagBag from /opt/airflow/dags/01_hello_dag.py
[2026-08-30T19:03:34.554+0000] {processor.py:925} INFO - DAG(s) 'hello_dag' retrieved from /opt/airflow/dags/01_hello_dag.py
[2026-08-30T19:03:34.577+0000] {logging_mixin.py:190} INFO - [2026-08-30T19:03:34.577+0000] {dag.py:3239} INFO - Sync 1 DAGs
[2026-08-30T19:03:34.586+0000] {logging_mixin.py:190} INFO - [2026-08-30T19:03:34.585+0000] {dag.py:4180} INFO - Setting next_dagrun for hello_dag to None, run_after=None
[2026-08-30T19:03:34.595+0000] {processor.py:208} INFO - Processing /opt/airflow/dags/01_hello_dag.py took 0.054 seconds
[2026-08-30T19:04:05.667+0000] {processor.py:186} INFO - Started process (PID=341) to work on /opt/airflow/dags/01_hello_dag.py
[2026-08-30T19:04:05.673+0000] {processor.py:914} INFO - Processing file /opt/airflow/dags/01_hello_dag.py for tasks to queue
[2026-08-30T19:04:05.675+0000] {logging_mixin.py:190} INFO - [2026-08-30T19:04:05.675+0000] {dagbag.py:588} INFO - Filling up the DagBag from /opt/airflow/dags/01_hello_dag.py
[2026-08-30T19:04:05.685+0000] {processor.py:925} INFO - DAG(s) 'hello_dag' retrieved from /opt/airflow/dags/01_hello_dag.py
[2026-08-30T19:04:05.706+0000] {logging_mixin.py:190} INFO - [2026-08-30T19:04:05.706+0000] {dag.py:3239} INFO - Sync 1 DAGs
[2026-08-30T19:04:05.713+0000] {logging_mixin.py:190} INFO - [2026-08-30T19:04:05.713+0000] {dag.py:4180} INFO - Setting next_dagrun for hello_dag to None, run_after=None
[2026-08-30T19:04:05.721+0000] {processor.py:208} INFO - Processing /opt/airflow/dags/01_hello_dag.py took 0.062 seconds
[2026-08-30T19:04:36.872+0000] {processor.py:186} INFO - Started process (PID=354) to work on /opt/airflow/dags/01_hello_dag.py
[2026-08-30T19:04:36.874+0000] {processor.py:914} INFO - Processing file /opt/airflow/dags/01_hello_dag.py for tasks to queue
[2026-08-30T19:04:36.876+0000] {logging_mixin.py:190} INFO - [2026-08-30T19:04:36.876+0000] {dagbag.py:588} INFO - Filling up the DagBag from /opt/airflow/dags/01_hello_dag.py
[2026-08-30T19:04:36.884+0000] {processor.py:925} INFO - DAG(s) 'hello_dag' retrieved from /opt/airflow/dags/01_hello_dag.py
[2026-08-30T19:04:36.899+0000] {logging_mixin.py:190} INFO - [2026-08-30T19:04:36.899+0000] {dag.py:3239} INFO - Sync 1 DAGs
[2026-08-30T19:04:36.906+0000] {logging_mixin.py:190} INFO - [2026-08-30T19:04:36.905+0000] {dag.py:4180} INFO - Setting next_dagrun for hello_dag to None, run_after=None
[2026-08-30T19:04:36.914+0000] {processor.py:208} INFO - Processing /opt/airflow/dags/01_hello_dag.py took 0.048 seconds
[2026-08-30T19:11:34.091+0000] {processor.py:186} INFO - Started process (PID=367) to work on /opt/airflow/dags/01_hello_dag.py
[2026-08-30T19:11:34.092+0000] {processor.py:914} INFO - Processing file /opt/airflow/dags/01_hello_dag.py for tasks to queue
[2026-08-30T19:11:34.096+0000] {logging_mixin.py:190} INFO - [2026-08-30T19:11:34.096+0000] {dagbag.py:588} INFO - Filling up the DagBag from /opt/airflow/dags/01_hello_dag.py
[2026-08-30T19:11:34.116+0000] {processor.py:925} INFO - DAG(s) 'hello_dag' retrieved from /opt/airflow/dags/01_hello_dag.py
[2026-08-30T19:11:34.150+0000] {logging_mixin.py:190} INFO - [2026-08-30T19:11:34.149+0000] {dag.py:3239} INFO - Sync 1 DAGs
[2026-08-30T19:11:34.175+0000] {logging_mixin.py:190} INFO - [2026-08-30T19:11:34.175+0000] {dag.py:4180} INFO - Setting next_dagrun for hello_dag to None, run_after=None
[2026-08-30T19:11:34.187+0000] {processor.py:208} INFO - Processing /opt/airflow/dags/01_hello_dag.py took 0.101 seconds
[2026-08-30T19:26:36.595+0000] {processor.py:186} INFO - Started process (PID=380) to work on /opt/airflow/dags/01_hello_dag.py
[2026-08-30T19:26:36.595+0000] {processor.py:914} INFO - Processing file /opt/airflow/dags/01_hello_dag.py for tasks to queue
[2026-08-30T19:26:36.597+0000] {logging_mixin.py:190} INFO - [2026-08-30T19:26:36.597+0000] {dagbag.py:588} INFO - Filling up the DagBag from /opt/airflow/dags/01_hello_dag.py
[2026-08-30T19:26:36.606+0000] {processor.py:925} INFO - DAG(s) 'hello_dag' retrieved from /opt/airflow/dags/01_hello_dag.py
[2026-08-30T19:26:36.625+0000] {logging_mixin.py:190} INFO - [2026-08-30T19:26:36.625+0000] {dag.py:3239} INFO - Sync 1 DAGs
[2026-08-30T19:26:36.634+0000] {logging_mixin.py:190} INFO - [2026-08-30T19:26:36.634+0000] {dag.py:4180} INFO - Setting next_dagrun for hello_dag to None, run_after=None
[2026-08-30T19:26:36.644+0000] {processor.py:208} INFO - Processing /opt/airflow/dags/01_hello_dag.py took 0.054 seconds
[2026-08-30T19:27:07.708+0000] {processor.py:186} INFO - Started process (PID=393) to work on /opt/airflow/dags/01_hello_dag.py
[2026-08-30T19:27:07.710+0000] {processor.py:914} INFO - Processing file /opt/airflow/dags/01_hello_dag.py for tasks to queue
[2026-08-30T19:27:07.711+0000] {logging_mixin.py:190} INFO - [2026-08-30T19:27:07.711+0000] {dagbag.py:588} INFO - Filling up the DagBag from /opt/airflow/dags/01_hello_dag.py
[2026-08-30T19:27:07.719+0000] {processor.py:925} INFO - DAG(s) 'hello_dag' retrieved from /opt/airflow/dags/01_hello_dag.py
[2026-08-30T19:27:07.741+0000] {logging_mixin.py:190} INFO - [2026-08-30T19:27:07.741+0000] {dag.py:3239} INFO - Sync 1 DAGs
[2026-08-30T19:27:07.754+0000] {logging_mixin.py:190} INFO - [2026-08-30T19:27:07.754+0000] {dag.py:4180} INFO - Setting next_dagrun for hello_dag to None, run_after=None
[2026-08-30T19:27:07.775+0000] {processor.py:208} INFO - Processing /opt/airflow/dags/01_hello_dag.py took 0.072 seconds
[2026-08-30T19:27:38.712+0000] {processor.py:186} INFO - Started process (PID=406) to work on /opt/airflow/dags/01_hello_dag.py
[2026-08-30T19:27:38.714+0000] {processor.py:914} INFO - Processing file /opt/airflow/dags/01_hello_dag.py for tasks to queue
[2026-08-30T19:27:38.717+0000] {logging_mixin.py:190} INFO - [2026-08-30T19:27:38.717+0000] {dagbag.py:588} INFO - Filling up the DagBag from /opt/airflow/dags/01_hello_dag.py
[2026-08-30T19:27:38.726+0000] {processor.py:925} INFO - DAG(s) 'hello_dag' retrieved from /opt/airflow/dags/01_hello_dag.py
[2026-08-30T19:27:38.747+0000] {logging_mixin.py:190} INFO - [2026-08-30T19:27:38.747+0000] {dag.py:3239} INFO - Sync 1 DAGs
[2026-08-30T19:27:38.761+0000] {logging_mixin.py:190} INFO - [2026-08-30T19:27:38.761+0000] {dag.py:4180} INFO - Setting next_dagrun for hello_dag to None, run_after=None
[2026-08-30T19:27:38.775+0000] {processor.py:208} INFO - Processing /opt/airflow/dags/01_hello_dag.py took 0.068 seconds
[2026-08-30T19:28:09.760+0000] {processor.py:186} INFO - Started process (PID=419) to work on /opt/airflow/dags/01_hello_dag.py
[2026-08-30T19:28:09.760+0000] {processor.py:914} INFO - Processing file /opt/airflow/dags/01_hello_dag.py for tasks to queue
[2026-08-30T19:28:09.762+0000] {logging_mixin.py:190} INFO - [2026-08-30T19:28:09.762+0000] {dagbag.py:588} INFO - Filling up the DagBag from /opt/airflow/dags/01_hello_dag.py
[2026-08-30T19:28:09.769+0000] {processor.py:925} INFO - DAG(s) 'hello_dag' retrieved from /opt/airflow/dags/01_hello_dag.py
[2026-08-30T19:28:09.789+0000] {logging_mixin.py:190} INFO - [2026-08-30T19:28:09.789+0000] {dag.py:3239} INFO - Sync 1 DAGs
[2026-08-30T19:28:09.797+0000] {logging_mixin.py:190} INFO - [2026-08-30T19:28:09.797+0000] {dag.py:4180} INFO - Setting next_dagrun for hello_dag to None, run_after=None
[2026-08-30T19:28:09.807+0000] {processor.py:208} INFO - Processing /opt/airflow/dags/01_hello_dag.py took 0.052 seconds
[2026-08-30T19:29:36.742+0000] {processor.py:186} INFO - Started process (PID=432) to work on /opt/airflow/dags/01_hello_dag.py
[2026-08-30T19:29:36.744+0000] {processor.py:914} INFO - Processing file /opt/airflow/dags/01_hello_dag.py for tasks to queue
[2026-08-30T19:29:36.746+0000] {logging_mixin.py:190} INFO - [2026-08-30T19:29:36.746+0000] {dagbag.py:588} INFO - Filling up the DagBag from /opt/airflow/dags/01_hello_dag.py
[2026-08-30T19:29:36.754+0000] {processor.py:925} INFO - DAG(s) 'hello_dag' retrieved from /opt/airflow/dags/01_hello_dag.py
[2026-08-30T19:29:36.774+0000] {logging_mixin.py:190} INFO - [2026-08-30T19:29:36.774+0000] {dag.py:3239} INFO - Sync 1 DAGs
[2026-08-30T19:29:36.785+0000] {logging_mixin.py:190} INFO - [2026-08-30T19:29:36.785+0000] {dag.py:4180} INFO - Setting next_dagrun for hello_dag to None, run_after=None
[2026-08-30T19:29:36.792+0000] {processor.py:208} INFO - Processing /opt/airflow/dags/01_hello_dag.py took 0.055 seconds
[2026-08-30T19:30:07.628+0000] {processor.py:186} INFO - Started process (PID=445) to work on /opt/airflow/dags/01_hello_dag.py
[2026-08-30T19:30:07.629+0000] {processor.py:914} INFO - Processing file /opt/airflow/dags/01_hello_dag.py for tasks to queue
[2026-08-30T19:30:07.630+0000] {logging_mixin.py:190} INFO - [2026-08-30T19:30:07.630+0000] {dagbag.py:588} INFO - Filling up the DagBag from /opt/airflow/dags/01_hello_dag.py
[2026-08-30T19:30:07.639+0000] {processor.py:925} INFO - DAG(s) 'hello_dag' retrieved from /opt/airflow/dags/01_hello_dag.py
[2026-08-30T19:30:07.661+0000] {logging_mixin.py:190} INFO - [2026-08-30T19:30:07.661+0000] {dag.py:3239} INFO - Sync 1 DAGs
[2026-08-30T19:30:07.670+0000] {logging_mixin.py:190} INFO - [2026-08-30T19:30:07.670+0000] {dag.py:4180} INFO - Setting next_dagrun for hello_dag to None, run_after=None
[2026-08-30T19:30:07.681+0000] {processor.py:208} INFO - Processing /opt/airflow/dags/01_hello_dag.py took 0.058 seconds
[2026-08-30T19:30:38.546+0000] {processor.py:186} INFO - Started process (PID=458) to work on /opt/airflow/dags/01_hello_dag.py
[2026-08-30T19:30:38.547+0000] {processor.py:914} INFO - Processing file /opt/airflow/dags/01_hello_dag.py for tasks to queue
[2026-08-30T19:30:38.548+0000] {logging_mixin.py:190} INFO - [2026-08-30T19:30:38.548+0000] {dagbag.py:588} INFO - Filling up the DagBag from /opt/airflow/dags/01_hello_dag.py
[2026-08-30T19:30:38.554+0000] {processor.py:925} INFO - DAG(s) 'hello_dag' retrieved from /opt/airflow/dags/01_hello_dag.py
[2026-08-30T19:30:38.570+0000] {logging_mixin.py:190} INFO - [2026-08-30T19:30:38.570+0000] {dag.py:3239} INFO - Sync 1 DAGs
[2026-08-30T19:30:38.577+0000] {logging_mixin.py:190} INFO - [2026-08-30T19:30:38.577+0000] {dag.py:4180} INFO - Setting next_dagrun for hello_dag to None, run_after=None
[2026-08-30T19:30:38.587+0000] {processor.py:208} INFO - Processing /opt/airflow/dags/01_hello_dag.py took 0.045 seconds
[2026-08-30T19:31:09.504+0000] {processor.py:186} INFO - Started process (PID=471) to work on /opt/airflow/dags/01_hello_dag.py
[2026-08-30T19:31:09.505+0000] {processor.py:914} INFO - Processing file /opt/airflow/dags/01_hello_dag.py for tasks to queue
[2026-08-30T19:31:09.510+0000] {logging_mixin.py:190} INFO - [2026-08-30T19:31:09.509+0000] {dagbag.py:588} INFO - Filling up the DagBag from /opt/airflow/dags/01_hello_dag.py
[2026-08-30T19:31:09.518+0000] {processor.py:925} INFO - DAG(s) 'hello_dag' retrieved from /opt/airflow/dags/01_hello_dag.py
[2026-08-30T19:31:09.541+0000] {logging_mixin.py:190} INFO - [2026-08-30T19:31:09.541+0000] {dag.py:3239} INFO - Sync 1 DAGs
[2026-08-30T19:31:09.553+0000] {logging_mixin.py:190} INFO - [2026-08-30T19:31:09.552+0000] {dag.py:4180} INFO - Setting next_dagrun for hello_dag to None, run_after=None
[2026-08-30T19:31:09.560+0000] {processor.py:208} INFO - Processing /opt/airflow/dags/01_hello_dag.py took 0.063 seconds
[2026-08-30T19:47:59.457+0000] {processor.py:186} INFO - Started process (PID=484) to work on /opt/airflow/dags/01_hello_dag.py
[2026-08-30T19:47:59.458+0000] {processor.py:914} INFO - Processing file /opt/airflow/dags/01_hello_dag.py for tasks to queue
[2026-08-30T19:47:59.460+0000] {logging_mixin.py:190} INFO - [2026-08-30T19:47:59.460+0000] {dagbag.py:588} INFO - Filling up the DagBag from /opt/airflow/dags/01_hello_dag.py
[2026-08-30T19:47:59.473+0000] {processor.py:925} INFO - DAG(s) 'hello_dag' retrieved from /opt/airflow/dags/01_hello_dag.py
[2026-08-30T19:47:59.490+0000] {logging_mixin.py:190} INFO - [2026-08-30T19:47:59.490+0000] {dag.py:3239} INFO - Sync 1 DAGs
[2026-08-30T19:47:59.497+0000] {logging_mixin.py:190} INFO - [2026-08-30T19:47:59.497+0000] {dag.py:4180} INFO - Setting next_dagrun for hello_dag to None, run_after=None
[2026-08-30T19:47:59.507+0000] {processor.py:208} INFO - Processing /opt/airflow/dags/01_hello_dag.py took 0.054 seconds
[2026-08-30T19:48:30.289+0000] {processor.py:186} INFO - Started process (PID=497) to work on /opt/airflow/dags/01_hello_dag.py
[2026-08-30T19:48:30.289+0000] {processor.py:914} INFO - Processing file /opt/airflow/dags/01_hello_dag.py for tasks to queue
[2026-08-30T19:48:30.291+0000] {logging_mixin.py:190} INFO - [2026-08-30T19:48:30.291+0000] {dagbag.py:588} INFO - Filling up the DagBag from /opt/airflow/dags/01_hello_dag.py
[2026-08-30T19:48:30.299+0000] {processor.py:925} INFO - DAG(s) 'hello_dag' retrieved from /opt/airflow/dags/01_hello_dag.py
[2026-08-30T19:48:30.318+0000] {logging_mixin.py:190} INFO - [2026-08-30T19:48:30.318+0000] {dag.py:3239} INFO - Sync 1 DAGs
[2026-08-30T19:48:30.326+0000] {logging_mixin.py:190} INFO - [2026-08-30T19:48:30.326+0000] {dag.py:4180} INFO - Setting next_dagrun for hello_dag to None, run_after=None
[2026-08-30T19:48:30.339+0000] {processor.py:208} INFO - Processing /opt/airflow/dags/01_hello_dag.py took 0.054 seconds
[2026-08-30T20:04:26.742+0000] {processor.py:186} INFO - Started process (PID=510) to work on /opt/airflow/dags/01_hello_dag.py
[2026-08-30T20:04:26.742+0000] {processor.py:914} INFO - Processing file /opt/airflow/dags/01_hello_dag.py for tasks to queue
[2026-08-30T20:04:26.744+0000] {logging_mixin.py:190} INFO - [2026-08-30T20:04:26.744+0000] {dagbag.py:588} INFO - Filling up the DagBag from /opt/airflow/dags/01_hello_dag.py
[2026-08-30T20:04:26.753+0000] {processor.py:925} INFO - DAG(s) 'hello_dag' retrieved from /opt/airflow/dags/01_hello_dag.py
[2026-08-30T20:04:26.774+0000] {logging_mixin.py:190} INFO - [2026-08-30T20:04:26.774+0000] {dag.py:3239} INFO - Sync 1 DAGs
[2026-08-30T20:04:26.783+0000] {logging_mixin.py:190} INFO - [2026-08-30T20:04:26.782+0000] {dag.py:4180} INFO - Setting next_dagrun for hello_dag to None, run_after=None
[2026-08-30T20:04:26.792+0000] {processor.py:208} INFO - Processing /opt/airflow/dags/01_hello_dag.py took 0.055 seconds
[2026-08-30T20:04:57.818+0000] {processor.py:186} INFO - Started process (PID=523) to work on /opt/airflow/dags/01_hello_dag.py
[2026-08-30T20:04:57.820+0000] {processor.py:914} INFO - Processing file /opt/airflow/dags/01_hello_dag.py for tasks to queue
[2026-08-30T20:04:57.824+0000] {logging_mixin.py:190} INFO - [2026-08-30T20:04:57.822+0000] {dagbag.py:588} INFO - Filling up the DagBag from /opt/airflow/dags/01_hello_dag.py
[2026-08-30T20:04:57.832+0000] {processor.py:925} INFO - DAG(s) 'hello_dag' retrieved from /opt/airflow/dags/01_hello_dag.py
[2026-08-30T20:04:57.859+0000] {logging_mixin.py:190} INFO - [2026-08-30T20:04:57.859+0000] {dag.py:3239} INFO - Sync 1 DAGs
[2026-08-30T20:04:57.874+0000] {logging_mixin.py:190} INFO - [2026-08-30T20:04:57.874+0000] {dag.py:4180} INFO - Setting next_dagrun for hello_dag to None, run_after=None
[2026-08-30T20:04:57.886+0000] {processor.py:208} INFO - Processing /opt/airflow/dags/01_hello_dag.py took 0.073 seconds
[2026-08-30T20:21:57.017+0000] {processor.py:186} INFO - Started process (PID=536) to work on /opt/airflow/dags/01_hello_dag.py
[2026-08-30T20:21:57.018+0000] {processor.py:914} INFO - Processing file /opt/airflow/dags/01_hello_dag.py for tasks to queue
[2026-08-30T20:21:57.020+0000] {logging_mixin.py:190} INFO - [2026-08-30T20:21:57.019+0000] {dagbag.py:588} INFO - Filling up the DagBag from /opt/airflow/dags/01_hello_dag.py
[2026-08-30T20:21:57.026+0000] {processor.py:925} INFO - DAG(s) 'hello_dag' retrieved from /opt/airflow/dags/01_hello_dag.py
[2026-08-30T20:21:57.046+0000] {logging_mixin.py:190} INFO - [2026-08-30T20:21:57.046+0000] {dag.py:3239} INFO - Sync 1 DAGs
[2026-08-30T20:21:57.054+0000] {logging_mixin.py:190} INFO - [2026-08-30T20:21:57.054+0000] {dag.py:4180} INFO - Setting next_dagrun for hello_dag to None, run_after=None
[2026-08-30T20:21:57.062+0000] {processor.py:208} INFO - Processing /opt/airflow/dags/01_hello_dag.py took 0.049 seconds
[2026-08-30T20:22:28.168+0000] {processor.py:186} INFO - Started process (PID=549) to work on /opt/airflow/dags/01_hello_dag.py
[2026-08-30T20:22:28.169+0000] {processor.py:914} INFO - Processing file /opt/airflow/dags/01_hello_dag.py for tasks to queue
[2026-08-30T20:22:28.170+0000] {logging_mixin.py:190} INFO - [2026-08-30T20:22:28.170+0000] {dagbag.py:588} INFO - Filling up the DagBag from /opt/airflow/dags/01_hello_dag.py
[2026-08-30T20:22:28.177+0000] {processor.py:925} INFO - DAG(s) 'hello_dag' retrieved from /opt/airflow/dags/01_hello_dag.py
[2026-08-30T20:22:28.199+0000] {logging_mixin.py:190} INFO - [2026-08-30T20:22:28.199+0000] {dag.py:3239} INFO - Sync 1 DAGs
[2026-08-30T20:22:28.207+0000] {logging_mixin.py:190} INFO - [2026-08-30T20:22:28.207+0000] {dag.py:4180} INFO - Setting next_dagrun for hello_dag to None, run_after=None
[2026-08-30T20:22:28.217+0000] {processor.py:208} INFO - Processing /opt/airflow/dags/01_hello_dag.py took 0.053 seconds
[2026-08-30T20:33:55.212+0000] {processor.py:186} INFO - Started process (PID=562) to work on /opt/airflow/dags/01_hello_dag.py
[2026-08-30T20:33:55.213+0000] {processor.py:914} INFO - Processing file /opt/airflow/dags/01_hello_dag.py for tasks to queue
[2026-08-30T20:33:55.214+0000] {logging_mixin.py:190} INFO - [2026-08-30T20:33:55.214+0000] {dagbag.py:588} INFO - Filling up the DagBag from /opt/airflow/dags/01_hello_dag.py
[2026-08-30T20:33:55.220+0000] {processor.py:925} INFO - DAG(s) 'hello_dag' retrieved from /opt/airflow/dags/01_hello_dag.py
[2026-08-30T20:33:55.240+0000] {logging_mixin.py:190} INFO - [2026-08-30T20:33:55.240+0000] {dag.py:3239} INFO - Sync 1 DAGs
[2026-08-30T20:33:55.249+0000] {logging_mixin.py:190} INFO - [2026-08-30T20:33:55.249+0000] {dag.py:4180} INFO - Setting next_dagrun for hello_dag to None, run_after=None
[2026-08-30T20:33:55.257+0000] {processor.py:208} INFO - Processing /opt/airflow/dags/01_hello_dag.py took 0.049 seconds
[2026-08-30T20:34:26.250+0000] {processor.py:186} INFO - Started process (PID=575) to work on /opt/airflow/dags/01_hello_dag.py
[2026-08-30T20:34:26.252+0000] {processor.py:914} INFO - Processing file /opt/airflow/dags/01_hello_dag.py for tasks to queue
[2026-08-30T20:34:26.255+0000] {logging_mixin.py:190} INFO - [2026-08-30T20:34:26.255+0000] {dagbag.py:588} INFO - Filling up the DagBag from /opt/airflow/dags/01_hello_dag.py
[2026-08-30T20:34:26.264+0000] {processor.py:925} INFO - DAG(s) 'hello_dag' retrieved from /opt/airflow/dags/01_hello_dag.py
[2026-08-30T20:34:26.288+0000] {logging_mixin.py:190} INFO - [2026-08-30T20:34:26.288+0000] {dag.py:3239} INFO - Sync 1 DAGs
[2026-08-30T20:34:26.295+0000] {logging_mixin.py:190} INFO - [2026-08-30T20:34:26.295+0000] {dag.py:4180} INFO - Setting next_dagrun for hello_dag to None, run_after=None
[2026-08-30T20:34:26.304+0000] {processor.py:208} INFO - Processing /opt/airflow/dags/01_hello_dag.py took 0.065 seconds
