[2026-08-30T13:04:38.571+0000] {processor.py:186} INFO - Started process (PID=79) to work on /opt/airflow/dags/02_xcom_dag.py
[2026-08-30T13:04:38.572+0000] {processor.py:914} INFO - Processing file /opt/airflow/dags/02_xcom_dag.py for tasks to queue
[2026-08-30T13:04:38.578+0000] {logging_mixin.py:190} INFO - [2026-08-30T13:04:38.577+0000] {dagbag.py:588} INFO - Filling up the DagBag from /opt/airflow/dags/02_xcom_dag.py
[2026-08-30T13:04:38.597+0000] {processor.py:925} INFO - DAG(s) 'xcom_dag' retrieved from /opt/airflow/dags/02_xcom_dag.py
[2026-08-30T13:04:38.672+0000] {logging_mixin.py:190} INFO - [2026-08-30T13:04:38.671+0000] {dag.py:3239} INFO - Sync 1 DAGs
[2026-08-30T13:04:38.697+0000] {logging_mixin.py:190} INFO - [2026-08-30T13:04:38.697+0000] {dag.py:4180} INFO - Setting next_dagrun for xcom_dag to None, run_after=None
[2026-08-30T13:04:38.730+0000] {processor.py:208} INFO - Processing /opt/airflow/dags/02_xcom_dag.py took 0.173 seconds
[2026-08-30T13:05:09.435+0000] {processor.py:186} INFO - Started process (PID=90) to work on /opt/airflow/dags/02_xcom_dag.py
[2026-08-30T13:05:09.436+0000] {processor.py:914} INFO - Processing file /opt/airflow/dags/02_xcom_dag.py for tasks to queue
[2026-08-30T13:05:09.438+0000] {logging_mixin.py:190} INFO - [2026-08-30T13:05:09.438+0000] {dagbag.py:588} INFO - Filling up the DagBag from /opt/airflow/dags/02_xcom_dag.py
[2026-08-30T13:05:09.451+0000] {processor.py:925} INFO - DAG(s) 'xcom_dag' retrieved from /opt/airflow/dags/02_xcom_dag.py
[2026-08-30T13:05:09.476+0000] {logging_mixin.py:190} INFO - [2026-08-30T13:05:09.476+0000] {dag.py:3239} INFO - Sync 1 DAGs
[2026-08-30T13:05:09.486+0000] {logging_mixin.py:190} INFO - [2026-08-30T13:05:09.486+0000] {dag.py:4180} INFO - Setting next_dagrun for xcom_dag to None, run_after=None
[2026-08-30T13:05:09.500+0000] {processor.py:208} INFO - Processing /opt/airflow/dags/02_xcom_dag.py took 0.070 seconds
[2026-08-30T13:05:40.102+0000] {processor.py:186} INFO - Started process (PID=101) to work on /opt/airflow/dags/02_xcom_dag.py
[2026-08-30T13:05:40.102+0000] {processor.py:914} INFO - Processing file /opt/airflow/dags/02_xcom_dag.py for tasks to queue
[2026-08-30T13:05:40.104+0000] {logging_mixin.py:190} INFO - [2026-08-30T13:05:40.104+0000] {dagbag.py:588} INFO - Filling up the DagBag from /opt/airflow/dags/02_xcom_dag.py
[2026-08-30T13:05:40.114+0000] {processor.py:925} INFO - DAG(s) 'xcom_dag' retrieved from /opt/airflow/dags/02_xcom_dag.py
[2026-08-30T13:05:40.133+0000] {logging_mixin.py:190} INFO - [2026-08-30T13:05:40.133+0000] {dag.py:3239} INFO - Sync 1 DAGs
[2026-08-30T13:05:40.146+0000] {logging_mixin.py:190} INFO - [2026-08-30T13:05:40.146+0000] {dag.py:4180} INFO - Setting next_dagrun for xcom_dag to None, run_after=None
[2026-08-30T13:05:40.158+0000] {processor.py:208} INFO - Processing /opt/airflow/dags/02_xcom_dag.py took 0.060 seconds
[2026-08-30T13:06:10.693+0000] {processor.py:186} INFO - Started process (PID=112) to work on /opt/airflow/dags/02_xcom_dag.py
[2026-08-30T13:06:10.694+0000] {processor.py:914} INFO - Processing file /opt/airflow/dags/02_xcom_dag.py for tasks to queue
[2026-08-30T13:06:10.695+0000] {logging_mixin.py:190} INFO - [2026-08-30T13:06:10.695+0000] {dagbag.py:588} INFO - Filling up the DagBag from /opt/airflow/dags/02_xcom_dag.py
[2026-08-30T13:06:10.706+0000] {processor.py:925} INFO - DAG(s) 'xcom_dag' retrieved from /opt/airflow/dags/02_xcom_dag.py
[2026-08-30T13:06:10.729+0000] {logging_mixin.py:190} INFO - [2026-08-30T13:06:10.729+0000] {dag.py:3239} INFO - Sync 1 DAGs
[2026-08-30T13:06:10.737+0000] {logging_mixin.py:190} INFO - [2026-08-30T13:06:10.737+0000] {dag.py:4180} INFO - Setting next_dagrun for xcom_dag to None, run_after=None
[2026-08-30T13:06:10.750+0000] {processor.py:208} INFO - Processing /opt/airflow/dags/02_xcom_dag.py took 0.061 seconds
[2026-08-30T13:06:41.361+0000] {processor.py:186} INFO - Started process (PID=123) to work on /opt/airflow/dags/02_xcom_dag.py
[2026-08-30T13:06:41.362+0000] {processor.py:914} INFO - Processing file /opt/airflow/dags/02_xcom_dag.py for tasks to queue
[2026-08-30T13:06:41.363+0000] {logging_mixin.py:190} INFO - [2026-08-30T13:06:41.363+0000] {dagbag.py:588} INFO - Filling up the DagBag from /opt/airflow/dags/02_xcom_dag.py
[2026-08-30T13:06:41.373+0000] {processor.py:925} INFO - DAG(s) 'xcom_dag' retrieved from /opt/airflow/dags/02_xcom_dag.py
[2026-08-30T13:06:41.394+0000] {logging_mixin.py:190} INFO - [2026-08-30T13:06:41.393+0000] {dag.py:3239} INFO - Sync 1 DAGs
[2026-08-30T13:06:41.407+0000] {logging_mixin.py:190} INFO - [2026-08-30T13:06:41.407+0000] {dag.py:4180} INFO - Setting next_dagrun for xcom_dag to None, run_after=None
[2026-08-30T13:06:41.425+0000] {processor.py:208} INFO - Processing /opt/airflow/dags/02_xcom_dag.py took 0.068 seconds
[2026-08-30T13:07:11.996+0000] {processor.py:186} INFO - Started process (PID=134) to work on /opt/airflow/dags/02_xcom_dag.py
[2026-08-30T13:07:11.997+0000] {processor.py:914} INFO - Processing file /opt/airflow/dags/02_xcom_dag.py for tasks to queue
[2026-08-30T13:07:11.998+0000] {logging_mixin.py:190} INFO - [2026-08-30T13:07:11.998+0000] {dagbag.py:588} INFO - Filling up the DagBag from /opt/airflow/dags/02_xcom_dag.py
[2026-08-30T13:07:12.007+0000] {processor.py:925} INFO - DAG(s) 'xcom_dag' retrieved from /opt/airflow/dags/02_xcom_dag.py
[2026-08-30T13:07:12.032+0000] {logging_mixin.py:190} INFO - [2026-08-30T13:07:12.032+0000] {dag.py:3239} INFO - Sync 1 DAGs
[2026-08-30T13:07:12.047+0000] {logging_mixin.py:190} INFO - [2026-08-30T13:07:12.047+0000] {dag.py:4180} INFO - Setting next_dagrun for xcom_dag to None, run_after=None
[2026-08-30T13:07:12.061+0000] {processor.py:208} INFO - Processing /opt/airflow/dags/02_xcom_dag.py took 0.069 seconds
[2026-08-30T13:07:43.113+0000] {processor.py:186} INFO - Started process (PID=145) to work on /opt/airflow/dags/02_xcom_dag.py
[2026-08-30T13:07:43.114+0000] {processor.py:914} INFO - Processing file /opt/airflow/dags/02_xcom_dag.py for tasks to queue
[2026-08-30T13:07:43.115+0000] {logging_mixin.py:190} INFO - [2026-08-30T13:07:43.115+0000] {dagbag.py:588} INFO - Filling up the DagBag from /opt/airflow/dags/02_xcom_dag.py
[2026-08-30T13:07:43.124+0000] {processor.py:925} INFO - DAG(s) 'xcom_dag' retrieved from /opt/airflow/dags/02_xcom_dag.py
[2026-08-30T13:07:43.144+0000] {logging_mixin.py:190} INFO - [2026-08-30T13:07:43.144+0000] {dag.py:3239} INFO - Sync 1 DAGs
[2026-08-30T13:07:43.155+0000] {logging_mixin.py:190} INFO - [2026-08-30T13:07:43.155+0000] {dag.py:4180} INFO - Setting next_dagrun for xcom_dag to None, run_after=None
[2026-08-30T13:07:43.291+0000] {processor.py:208} INFO - Processing /opt/airflow/dags/02_xcom_dag.py took 0.182 seconds
[2026-08-30T13:08:14.266+0000] {processor.py:186} INFO - Started process (PID=156) to work on /opt/airflow/dags/02_xcom_dag.py
[2026-08-30T13:08:14.267+0000] {processor.py:914} INFO - Processing file /opt/airflow/dags/02_xcom_dag.py for tasks to queue
[2026-08-30T13:08:14.269+0000] {logging_mixin.py:190} INFO - [2026-08-30T13:08:14.268+0000] {dagbag.py:588} INFO - Filling up the DagBag from /opt/airflow/dags/02_xcom_dag.py
[2026-08-30T13:08:14.276+0000] {processor.py:925} INFO - DAG(s) 'xcom_dag' retrieved from /opt/airflow/dags/02_xcom_dag.py
[2026-08-30T13:08:14.300+0000] {logging_mixin.py:190} INFO - [2026-08-30T13:08:14.300+0000] {dag.py:3239} INFO - Sync 1 DAGs
[2026-08-30T13:08:14.451+0000] {logging_mixin.py:190} INFO - [2026-08-30T13:08:14.451+0000] {dag.py:4180} INFO - Setting next_dagrun for xcom_dag to None, run_after=None
[2026-08-30T13:08:14.470+0000] {processor.py:208} INFO - Processing /opt/airflow/dags/02_xcom_dag.py took 0.207 seconds
[2026-08-30T13:08:45.440+0000] {processor.py:186} INFO - Started process (PID=167) to work on /opt/airflow/dags/02_xcom_dag.py
[2026-08-30T13:08:45.440+0000] {processor.py:914} INFO - Processing file /opt/airflow/dags/02_xcom_dag.py for tasks to queue
[2026-08-30T13:08:45.442+0000] {logging_mixin.py:190} INFO - [2026-08-30T13:08:45.441+0000] {dagbag.py:588} INFO - Filling up the DagBag from /opt/airflow/dags/02_xcom_dag.py
[2026-08-30T13:08:45.588+0000] {processor.py:925} INFO - DAG(s) 'xcom_dag' retrieved from /opt/airflow/dags/02_xcom_dag.py
[2026-08-30T13:08:45.605+0000] {logging_mixin.py:190} INFO - [2026-08-30T13:08:45.605+0000] {dag.py:3239} INFO - Sync 1 DAGs
[2026-08-30T13:08:45.614+0000] {logging_mixin.py:190} INFO - [2026-08-30T13:08:45.613+0000] {dag.py:4180} INFO - Setting next_dagrun for xcom_dag to None, run_after=None
[2026-08-30T13:08:45.626+0000] {processor.py:208} INFO - Processing /opt/airflow/dags/02_xcom_dag.py took 0.190 seconds
[2026-08-30T13:09:16.531+0000] {processor.py:186} INFO - Started process (PID=178) to work on /opt/airflow/dags/02_xcom_dag.py
[2026-08-30T13:09:16.532+0000] {processor.py:914} INFO - Processing file /opt/airflow/dags/02_xcom_dag.py for tasks to queue
[2026-08-30T13:09:16.534+0000] {logging_mixin.py:190} INFO - [2026-08-30T13:09:16.533+0000] {dagbag.py:588} INFO - Filling up the DagBag from /opt/airflow/dags/02_xcom_dag.py
[2026-08-30T13:09:16.560+0000] {processor.py:925} INFO - DAG(s) 'xcom_dag' retrieved from /opt/airflow/dags/02_xcom_dag.py
[2026-08-30T13:09:16.634+0000] {logging_mixin.py:190} INFO - [2026-08-30T13:09:16.633+0000] {dag.py:3239} INFO - Sync 1 DAGs
[2026-08-30T13:09:16.649+0000] {logging_mixin.py:190} INFO - [2026-08-30T13:09:16.649+0000] {dag.py:4180} INFO - Setting next_dagrun for xcom_dag to None, run_after=None
[2026-08-30T13:09:16.688+0000] {processor.py:208} INFO - Processing /opt/airflow/dags/02_xcom_dag.py took 0.163 seconds
[2026-08-30T13:09:46.811+0000] {processor.py:186} INFO - Started process (PID=190) to work on /opt/airflow/dags/02_xcom_dag.py
[2026-08-30T13:09:46.812+0000] {processor.py:914} INFO - Processing file /opt/airflow/dags/02_xcom_dag.py for tasks to queue
[2026-08-30T13:09:46.813+0000] {logging_mixin.py:190} INFO - [2026-08-30T13:09:46.813+0000] {dagbag.py:588} INFO - Filling up the DagBag from /opt/airflow/dags/02_xcom_dag.py
[2026-08-30T13:09:46.819+0000] {processor.py:925} INFO - DAG(s) 'xcom_dag' retrieved from /opt/airflow/dags/02_xcom_dag.py
[2026-08-30T13:09:46.835+0000] {logging_mixin.py:190} INFO - [2026-08-30T13:09:46.835+0000] {dag.py:3239} INFO - Sync 1 DAGs
[2026-08-30T13:09:46.844+0000] {logging_mixin.py:190} INFO - [2026-08-30T13:09:46.844+0000] {dag.py:4180} INFO - Setting next_dagrun for xcom_dag to None, run_after=None
[2026-08-30T13:09:46.853+0000] {processor.py:208} INFO - Processing /opt/airflow/dags/02_xcom_dag.py took 0.045 seconds
[2026-08-30T13:10:17.548+0000] {processor.py:186} INFO - Started process (PID=202) to work on /opt/airflow/dags/02_xcom_dag.py
[2026-08-30T13:10:17.549+0000] {processor.py:914} INFO - Processing file /opt/airflow/dags/02_xcom_dag.py for tasks to queue
[2026-08-30T13:10:17.550+0000] {logging_mixin.py:190} INFO - [2026-08-30T13:10:17.550+0000] {dagbag.py:588} INFO - Filling up the DagBag from /opt/airflow/dags/02_xcom_dag.py
[2026-08-30T13:10:17.556+0000] {processor.py:925} INFO - DAG(s) 'xcom_dag' retrieved from /opt/airflow/dags/02_xcom_dag.py
[2026-08-30T13:10:17.578+0000] {logging_mixin.py:190} INFO - [2026-08-30T13:10:17.578+0000] {dag.py:3239} INFO - Sync 1 DAGs
[2026-08-30T13:10:17.589+0000] {logging_mixin.py:190} INFO - [2026-08-30T13:10:17.589+0000] {dag.py:4180} INFO - Setting next_dagrun for xcom_dag to None, run_after=None
[2026-08-30T13:10:17.602+0000] {processor.py:208} INFO - Processing /opt/airflow/dags/02_xcom_dag.py took 0.058 seconds
[2026-08-30T13:10:48.315+0000] {processor.py:186} INFO - Started process (PID=214) to work on /opt/airflow/dags/02_xcom_dag.py
[2026-08-30T13:10:48.316+0000] {processor.py:914} INFO - Processing file /opt/airflow/dags/02_xcom_dag.py for tasks to queue
[2026-08-30T13:10:48.318+0000] {logging_mixin.py:190} INFO - [2026-08-30T13:10:48.317+0000] {dagbag.py:588} INFO - Filling up the DagBag from /opt/airflow/dags/02_xcom_dag.py
[2026-08-30T13:10:48.324+0000] {processor.py:925} INFO - DAG(s) 'xcom_dag' retrieved from /opt/airflow/dags/02_xcom_dag.py
[2026-08-30T13:10:48.347+0000] {logging_mixin.py:190} INFO - [2026-08-30T13:10:48.347+0000] {dag.py:3239} INFO - Sync 1 DAGs
[2026-08-30T13:10:48.355+0000] {logging_mixin.py:190} INFO - [2026-08-30T13:10:48.354+0000] {dag.py:4180} INFO - Setting next_dagrun for xcom_dag to None, run_after=None
[2026-08-30T13:10:48.370+0000] {processor.py:208} INFO - Processing /opt/airflow/dags/02_xcom_dag.py took 0.060 seconds
[2026-08-30T13:11:19.090+0000] {processor.py:186} INFO - Started process (PID=226) to work on /opt/airflow/dags/02_xcom_dag.py
[2026-08-30T13:11:19.092+0000] {processor.py:914} INFO - Processing file /opt/airflow/dags/02_xcom_dag.py for tasks to queue
[2026-08-30T13:11:19.094+0000] {logging_mixin.py:190} INFO - [2026-08-30T13:11:19.094+0000] {dagbag.py:588} INFO - Filling up the DagBag from /opt/airflow/dags/02_xcom_dag.py
[2026-08-30T13:11:19.105+0000] {processor.py:925} INFO - DAG(s) 'xcom_dag' retrieved from /opt/airflow/dags/02_xcom_dag.py
[2026-08-30T13:11:19.135+0000] {logging_mixin.py:190} INFO - [2026-08-30T13:11:19.135+0000] {dag.py:3239} INFO - Sync 1 DAGs
[2026-08-30T13:11:19.165+0000] {logging_mixin.py:190} INFO - [2026-08-30T13:11:19.165+0000] {dag.py:4180} INFO - Setting next_dagrun for xcom_dag to None, run_after=None
[2026-08-30T13:11:19.182+0000] {processor.py:208} INFO - Processing /opt/airflow/dags/02_xcom_dag.py took 0.098 seconds
[2026-08-30T13:11:49.978+0000] {processor.py:186} INFO - Started process (PID=238) to work on /opt/airflow/dags/02_xcom_dag.py
[2026-08-30T13:11:49.979+0000] {processor.py:914} INFO - Processing file /opt/airflow/dags/02_xcom_dag.py for tasks to queue
[2026-08-30T13:11:49.980+0000] {logging_mixin.py:190} INFO - [2026-08-30T13:11:49.980+0000] {dagbag.py:588} INFO - Filling up the DagBag from /opt/airflow/dags/02_xcom_dag.py
[2026-08-30T13:11:49.991+0000] {processor.py:925} INFO - DAG(s) 'xcom_dag' retrieved from /opt/airflow/dags/02_xcom_dag.py
[2026-08-30T13:11:50.027+0000] {logging_mixin.py:190} INFO - [2026-08-30T13:11:50.027+0000] {dag.py:3239} INFO - Sync 1 DAGs
[2026-08-30T13:11:50.039+0000] {logging_mixin.py:190} INFO - [2026-08-30T13:11:50.039+0000] {dag.py:4180} INFO - Setting next_dagrun for xcom_dag to None, run_after=None
[2026-08-30T13:11:50.055+0000] {processor.py:208} INFO - Processing /opt/airflow/dags/02_xcom_dag.py took 0.081 seconds
[2026-08-30T13:12:21.889+0000] {processor.py:186} INFO - Started process (PID=249) to work on /opt/airflow/dags/02_xcom_dag.py
[2026-08-30T13:12:21.894+0000] {processor.py:914} INFO - Processing file /opt/airflow/dags/02_xcom_dag.py for tasks to queue
[2026-08-30T13:12:21.907+0000] {logging_mixin.py:190} INFO - [2026-08-30T13:12:21.907+0000] {dagbag.py:588} INFO - Filling up the DagBag from /opt/airflow/dags/02_xcom_dag.py
[2026-08-30T13:12:21.979+0000] {processor.py:925} INFO - DAG(s) 'xcom_dag' retrieved from /opt/airflow/dags/02_xcom_dag.py
[2026-08-30T13:12:22.096+0000] {logging_mixin.py:190} INFO - [2026-08-30T13:12:22.096+0000] {dag.py:3239} INFO - Sync 1 DAGs
[2026-08-30T13:12:22.139+0000] {logging_mixin.py:190} INFO - [2026-08-30T13:12:22.139+0000] {dag.py:4180} INFO - Setting next_dagrun for xcom_dag to None, run_after=None
[2026-08-30T13:12:22.167+0000] {processor.py:208} INFO - Processing /opt/airflow/dags/02_xcom_dag.py took 0.300 seconds
[2026-08-30T13:12:52.881+0000] {processor.py:186} INFO - Started process (PID=261) to work on /opt/airflow/dags/02_xcom_dag.py
[2026-08-30T13:12:52.883+0000] {processor.py:914} INFO - Processing file /opt/airflow/dags/02_xcom_dag.py for tasks to queue
[2026-08-30T13:12:52.887+0000] {logging_mixin.py:190} INFO - [2026-08-30T13:12:52.886+0000] {dagbag.py:588} INFO - Filling up the DagBag from /opt/airflow/dags/02_xcom_dag.py
[2026-08-30T13:12:52.904+0000] {processor.py:925} INFO - DAG(s) 'xcom_dag' retrieved from /opt/airflow/dags/02_xcom_dag.py
[2026-08-30T13:12:52.931+0000] {logging_mixin.py:190} INFO - [2026-08-30T13:12:52.931+0000] {dag.py:3239} INFO - Sync 1 DAGs
[2026-08-30T13:12:52.946+0000] {logging_mixin.py:190} INFO - [2026-08-30T13:12:52.946+0000] {dag.py:4180} INFO - Setting next_dagrun for xcom_dag to None, run_after=None
[2026-08-30T13:12:52.962+0000] {processor.py:208} INFO - Processing /opt/airflow/dags/02_xcom_dag.py took 0.089 seconds
[2026-08-30T13:13:23.517+0000] {processor.py:186} INFO - Started process (PID=273) to work on /opt/airflow/dags/02_xcom_dag.py
[2026-08-30T13:13:23.518+0000] {processor.py:914} INFO - Processing file /opt/airflow/dags/02_xcom_dag.py for tasks to queue
[2026-08-30T13:13:23.523+0000] {logging_mixin.py:190} INFO - [2026-08-30T13:13:23.523+0000] {dagbag.py:588} INFO - Filling up the DagBag from /opt/airflow/dags/02_xcom_dag.py
[2026-08-30T13:13:23.532+0000] {processor.py:925} INFO - DAG(s) 'xcom_dag' retrieved from /opt/airflow/dags/02_xcom_dag.py
[2026-08-30T13:13:23.566+0000] {logging_mixin.py:190} INFO - [2026-08-30T13:13:23.566+0000] {dag.py:3239} INFO - Sync 1 DAGs
[2026-08-30T13:13:23.578+0000] {logging_mixin.py:190} INFO - [2026-08-30T13:13:23.577+0000] {dag.py:4180} INFO - Setting next_dagrun for xcom_dag to None, run_after=None
[2026-08-30T13:13:23.593+0000] {processor.py:208} INFO - Processing /opt/airflow/dags/02_xcom_dag.py took 0.083 seconds
[2026-08-30T13:13:54.168+0000] {processor.py:186} INFO - Started process (PID=285) to work on /opt/airflow/dags/02_xcom_dag.py
[2026-08-30T13:13:54.169+0000] {processor.py:914} INFO - Processing file /opt/airflow/dags/02_xcom_dag.py for tasks to queue
[2026-08-30T13:13:54.172+0000] {logging_mixin.py:190} INFO - [2026-08-30T13:13:54.172+0000] {dagbag.py:588} INFO - Filling up the DagBag from /opt/airflow/dags/02_xcom_dag.py
[2026-08-30T13:13:54.185+0000] {processor.py:925} INFO - DAG(s) 'xcom_dag' retrieved from /opt/airflow/dags/02_xcom_dag.py
[2026-08-30T13:13:54.218+0000] {logging_mixin.py:190} INFO - [2026-08-30T13:13:54.218+0000] {dag.py:3239} INFO - Sync 1 DAGs
[2026-08-30T13:13:54.229+0000] {logging_mixin.py:190} INFO - [2026-08-30T13:13:54.229+0000] {dag.py:4180} INFO - Setting next_dagrun for xcom_dag to None, run_after=None
[2026-08-30T13:13:54.245+0000] {processor.py:208} INFO - Processing /opt/airflow/dags/02_xcom_dag.py took 0.085 seconds
[2026-08-30T13:16:11.135+0000] {processor.py:186} INFO - Started process (PID=93) to work on /opt/airflow/dags/02_xcom_dag.py
[2026-08-30T13:16:11.137+0000] {processor.py:914} INFO - Processing file /opt/airflow/dags/02_xcom_dag.py for tasks to queue
[2026-08-30T13:16:11.141+0000] {logging_mixin.py:190} INFO - [2026-08-30T13:16:11.141+0000] {dagbag.py:588} INFO - Filling up the DagBag from /opt/airflow/dags/02_xcom_dag.py
[2026-08-30T13:16:11.163+0000] {processor.py:925} INFO - DAG(s) 'xcom_dag' retrieved from /opt/airflow/dags/02_xcom_dag.py
[2026-08-30T13:16:11.282+0000] {logging_mixin.py:190} INFO - [2026-08-30T13:16:11.281+0000] {dag.py:3239} INFO - Sync 1 DAGs
[2026-08-30T13:16:11.356+0000] {logging_mixin.py:190} INFO - [2026-08-30T13:16:11.352+0000] {dag.py:4180} INFO - Setting next_dagrun for xcom_dag to None, run_after=None
[2026-08-30T13:16:11.440+0000] {processor.py:208} INFO - Processing /opt/airflow/dags/02_xcom_dag.py took 0.316 seconds
[2026-08-30T13:16:42.223+0000] {processor.py:186} INFO - Started process (PID=105) to work on /opt/airflow/dags/02_xcom_dag.py
[2026-08-30T13:16:42.228+0000] {processor.py:914} INFO - Processing file /opt/airflow/dags/02_xcom_dag.py for tasks to queue
[2026-08-30T13:16:42.234+0000] {logging_mixin.py:190} INFO - [2026-08-30T13:16:42.234+0000] {dagbag.py:588} INFO - Filling up the DagBag from /opt/airflow/dags/02_xcom_dag.py
[2026-08-30T13:16:42.258+0000] {processor.py:925} INFO - DAG(s) 'xcom_dag' retrieved from /opt/airflow/dags/02_xcom_dag.py
[2026-08-30T13:16:42.285+0000] {logging_mixin.py:190} INFO - [2026-08-30T13:16:42.285+0000] {dag.py:3239} INFO - Sync 1 DAGs
[2026-08-30T13:16:42.305+0000] {logging_mixin.py:190} INFO - [2026-08-30T13:16:42.304+0000] {dag.py:4180} INFO - Setting next_dagrun for xcom_dag to None, run_after=None
[2026-08-30T13:16:42.330+0000] {processor.py:208} INFO - Processing /opt/airflow/dags/02_xcom_dag.py took 0.113 seconds
[2026-08-30T13:17:12.943+0000] {processor.py:186} INFO - Started process (PID=117) to work on /opt/airflow/dags/02_xcom_dag.py
[2026-08-30T13:17:12.944+0000] {processor.py:914} INFO - Processing file /opt/airflow/dags/02_xcom_dag.py for tasks to queue
[2026-08-30T13:17:12.948+0000] {logging_mixin.py:190} INFO - [2026-08-30T13:17:12.947+0000] {dagbag.py:588} INFO - Filling up the DagBag from /opt/airflow/dags/02_xcom_dag.py
[2026-08-30T13:17:12.962+0000] {processor.py:925} INFO - DAG(s) 'xcom_dag' retrieved from /opt/airflow/dags/02_xcom_dag.py
[2026-08-30T13:17:12.993+0000] {logging_mixin.py:190} INFO - [2026-08-30T13:17:12.993+0000] {dag.py:3239} INFO - Sync 1 DAGs
[2026-08-30T13:17:13.003+0000] {logging_mixin.py:190} INFO - [2026-08-30T13:17:13.003+0000] {dag.py:4180} INFO - Setting next_dagrun for xcom_dag to None, run_after=None
[2026-08-30T13:17:13.018+0000] {processor.py:208} INFO - Processing /opt/airflow/dags/02_xcom_dag.py took 0.084 seconds
[2026-08-30T13:17:43.670+0000] {processor.py:186} INFO - Started process (PID=129) to work on /opt/airflow/dags/02_xcom_dag.py
[2026-08-30T13:17:43.672+0000] {processor.py:914} INFO - Processing file /opt/airflow/dags/02_xcom_dag.py for tasks to queue
[2026-08-30T13:17:43.674+0000] {logging_mixin.py:190} INFO - [2026-08-30T13:17:43.674+0000] {dagbag.py:588} INFO - Filling up the DagBag from /opt/airflow/dags/02_xcom_dag.py
[2026-08-30T13:17:43.687+0000] {processor.py:925} INFO - DAG(s) 'xcom_dag' retrieved from /opt/airflow/dags/02_xcom_dag.py
[2026-08-30T13:17:43.708+0000] {logging_mixin.py:190} INFO - [2026-08-30T13:17:43.708+0000] {dag.py:3239} INFO - Sync 1 DAGs
[2026-08-30T13:17:43.716+0000] {logging_mixin.py:190} INFO - [2026-08-30T13:17:43.716+0000] {dag.py:4180} INFO - Setting next_dagrun for xcom_dag to None, run_after=None
[2026-08-30T13:17:43.732+0000] {processor.py:208} INFO - Processing /opt/airflow/dags/02_xcom_dag.py took 0.067 seconds
[2026-08-30T13:18:14.393+0000] {processor.py:186} INFO - Started process (PID=141) to work on /opt/airflow/dags/02_xcom_dag.py
[2026-08-30T13:18:14.395+0000] {processor.py:914} INFO - Processing file /opt/airflow/dags/02_xcom_dag.py for tasks to queue
[2026-08-30T13:18:14.397+0000] {logging_mixin.py:190} INFO - [2026-08-30T13:18:14.396+0000] {dagbag.py:588} INFO - Filling up the DagBag from /opt/airflow/dags/02_xcom_dag.py
[2026-08-30T13:18:14.409+0000] {processor.py:925} INFO - DAG(s) 'xcom_dag' retrieved from /opt/airflow/dags/02_xcom_dag.py
[2026-08-30T13:18:14.435+0000] {logging_mixin.py:190} INFO - [2026-08-30T13:18:14.435+0000] {dag.py:3239} INFO - Sync 1 DAGs
[2026-08-30T13:18:14.443+0000] {logging_mixin.py:190} INFO - [2026-08-30T13:18:14.443+0000] {dag.py:4180} INFO - Setting next_dagrun for xcom_dag to None, run_after=None
[2026-08-30T13:18:14.456+0000] {processor.py:208} INFO - Processing /opt/airflow/dags/02_xcom_dag.py took 0.070 seconds
[2026-08-30T13:18:44.476+0000] {processor.py:186} INFO - Started process (PID=153) to work on /opt/airflow/dags/02_xcom_dag.py
[2026-08-30T13:18:44.477+0000] {processor.py:914} INFO - Processing file /opt/airflow/dags/02_xcom_dag.py for tasks to queue
[2026-08-30T13:18:44.479+0000] {logging_mixin.py:190} INFO - [2026-08-30T13:18:44.479+0000] {dagbag.py:588} INFO - Filling up the DagBag from /opt/airflow/dags/02_xcom_dag.py
[2026-08-30T13:18:44.487+0000] {processor.py:925} INFO - DAG(s) 'xcom_dag' retrieved from /opt/airflow/dags/02_xcom_dag.py
[2026-08-30T13:18:44.504+0000] {logging_mixin.py:190} INFO - [2026-08-30T13:18:44.503+0000] {dag.py:3239} INFO - Sync 1 DAGs
[2026-08-30T13:18:44.621+0000] {logging_mixin.py:190} INFO - [2026-08-30T13:18:44.621+0000] {dag.py:4180} INFO - Setting next_dagrun for xcom_dag to None, run_after=None
[2026-08-30T13:18:44.630+0000] {processor.py:208} INFO - Processing /opt/airflow/dags/02_xcom_dag.py took 0.157 seconds
[2026-08-30T13:19:15.565+0000] {processor.py:186} INFO - Started process (PID=166) to work on /opt/airflow/dags/02_xcom_dag.py
[2026-08-30T13:19:15.568+0000] {processor.py:914} INFO - Processing file /opt/airflow/dags/02_xcom_dag.py for tasks to queue
[2026-08-30T13:19:15.569+0000] {logging_mixin.py:190} INFO - [2026-08-30T13:19:15.569+0000] {dagbag.py:588} INFO - Filling up the DagBag from /opt/airflow/dags/02_xcom_dag.py
[2026-08-30T13:19:15.575+0000] {processor.py:925} INFO - DAG(s) 'xcom_dag' retrieved from /opt/airflow/dags/02_xcom_dag.py
[2026-08-30T13:19:15.597+0000] {logging_mixin.py:190} INFO - [2026-08-30T13:19:15.597+0000] {dag.py:3239} INFO - Sync 1 DAGs
[2026-08-30T13:19:15.631+0000] {logging_mixin.py:190} INFO - [2026-08-30T13:19:15.631+0000] {dag.py:4180} INFO - Setting next_dagrun for xcom_dag to None, run_after=None
[2026-08-30T13:19:15.669+0000] {processor.py:208} INFO - Processing /opt/airflow/dags/02_xcom_dag.py took 0.108 seconds
[2026-08-30T13:19:46.387+0000] {processor.py:186} INFO - Started process (PID=178) to work on /opt/airflow/dags/02_xcom_dag.py
[2026-08-30T13:19:46.388+0000] {processor.py:914} INFO - Processing file /opt/airflow/dags/02_xcom_dag.py for tasks to queue
[2026-08-30T13:19:46.391+0000] {logging_mixin.py:190} INFO - [2026-08-30T13:19:46.390+0000] {dagbag.py:588} INFO - Filling up the DagBag from /opt/airflow/dags/02_xcom_dag.py
[2026-08-30T13:19:46.401+0000] {processor.py:925} INFO - DAG(s) 'xcom_dag' retrieved from /opt/airflow/dags/02_xcom_dag.py
[2026-08-30T13:19:46.420+0000] {logging_mixin.py:190} INFO - [2026-08-30T13:19:46.419+0000] {dag.py:3239} INFO - Sync 1 DAGs
[2026-08-30T13:19:46.428+0000] {logging_mixin.py:190} INFO - [2026-08-30T13:19:46.428+0000] {dag.py:4180} INFO - Setting next_dagrun for xcom_dag to None, run_after=None
[2026-08-30T13:19:46.441+0000] {processor.py:208} INFO - Processing /opt/airflow/dags/02_xcom_dag.py took 0.058 seconds
[2026-08-30T13:20:17.181+0000] {processor.py:186} INFO - Started process (PID=190) to work on /opt/airflow/dags/02_xcom_dag.py
[2026-08-30T13:20:17.182+0000] {processor.py:914} INFO - Processing file /opt/airflow/dags/02_xcom_dag.py for tasks to queue
[2026-08-30T13:20:17.184+0000] {logging_mixin.py:190} INFO - [2026-08-30T13:20:17.184+0000] {dagbag.py:588} INFO - Filling up the DagBag from /opt/airflow/dags/02_xcom_dag.py
[2026-08-30T13:20:17.193+0000] {processor.py:925} INFO - DAG(s) 'xcom_dag' retrieved from /opt/airflow/dags/02_xcom_dag.py
[2026-08-30T13:20:17.213+0000] {logging_mixin.py:190} INFO - [2026-08-30T13:20:17.212+0000] {dag.py:3239} INFO - Sync 1 DAGs
[2026-08-30T13:20:17.223+0000] {logging_mixin.py:190} INFO - [2026-08-30T13:20:17.223+0000] {dag.py:4180} INFO - Setting next_dagrun for xcom_dag to None, run_after=None
[2026-08-30T13:20:17.236+0000] {processor.py:208} INFO - Processing /opt/airflow/dags/02_xcom_dag.py took 0.059 seconds
[2026-08-30T13:20:47.960+0000] {processor.py:186} INFO - Started process (PID=202) to work on /opt/airflow/dags/02_xcom_dag.py
[2026-08-30T13:20:47.962+0000] {processor.py:914} INFO - Processing file /opt/airflow/dags/02_xcom_dag.py for tasks to queue
[2026-08-30T13:20:47.963+0000] {logging_mixin.py:190} INFO - [2026-08-30T13:20:47.963+0000] {dagbag.py:588} INFO - Filling up the DagBag from /opt/airflow/dags/02_xcom_dag.py
[2026-08-30T13:20:47.973+0000] {processor.py:925} INFO - DAG(s) 'xcom_dag' retrieved from /opt/airflow/dags/02_xcom_dag.py
[2026-08-30T13:20:47.997+0000] {logging_mixin.py:190} INFO - [2026-08-30T13:20:47.997+0000] {dag.py:3239} INFO - Sync 1 DAGs
[2026-08-30T13:20:48.013+0000] {logging_mixin.py:190} INFO - [2026-08-30T13:20:48.013+0000] {dag.py:4180} INFO - Setting next_dagrun for xcom_dag to None, run_after=None
[2026-08-30T13:20:48.026+0000] {processor.py:208} INFO - Processing /opt/airflow/dags/02_xcom_dag.py took 0.070 seconds
[2026-08-30T13:21:18.780+0000] {processor.py:186} INFO - Started process (PID=214) to work on /opt/airflow/dags/02_xcom_dag.py
[2026-08-30T13:21:18.781+0000] {processor.py:914} INFO - Processing file /opt/airflow/dags/02_xcom_dag.py for tasks to queue
[2026-08-30T13:21:18.783+0000] {logging_mixin.py:190} INFO - [2026-08-30T13:21:18.782+0000] {dagbag.py:588} INFO - Filling up the DagBag from /opt/airflow/dags/02_xcom_dag.py
[2026-08-30T13:21:18.795+0000] {processor.py:925} INFO - DAG(s) 'xcom_dag' retrieved from /opt/airflow/dags/02_xcom_dag.py
[2026-08-30T13:21:18.818+0000] {logging_mixin.py:190} INFO - [2026-08-30T13:21:18.818+0000] {dag.py:3239} INFO - Sync 1 DAGs
[2026-08-30T13:21:18.827+0000] {logging_mixin.py:190} INFO - [2026-08-30T13:21:18.827+0000] {dag.py:4180} INFO - Setting next_dagrun for xcom_dag to None, run_after=None
[2026-08-30T13:21:18.843+0000] {processor.py:208} INFO - Processing /opt/airflow/dags/02_xcom_dag.py took 0.068 seconds
[2026-08-30T13:21:49.557+0000] {processor.py:186} INFO - Started process (PID=226) to work on /opt/airflow/dags/02_xcom_dag.py
[2026-08-30T13:21:49.558+0000] {processor.py:914} INFO - Processing file /opt/airflow/dags/02_xcom_dag.py for tasks to queue
[2026-08-30T13:21:49.561+0000] {logging_mixin.py:190} INFO - [2026-08-30T13:21:49.561+0000] {dagbag.py:588} INFO - Filling up the DagBag from /opt/airflow/dags/02_xcom_dag.py
[2026-08-30T13:21:49.570+0000] {processor.py:925} INFO - DAG(s) 'xcom_dag' retrieved from /opt/airflow/dags/02_xcom_dag.py
[2026-08-30T13:21:49.593+0000] {logging_mixin.py:190} INFO - [2026-08-30T13:21:49.592+0000] {dag.py:3239} INFO - Sync 1 DAGs
[2026-08-30T13:21:49.600+0000] {logging_mixin.py:190} INFO - [2026-08-30T13:21:49.600+0000] {dag.py:4180} INFO - Setting next_dagrun for xcom_dag to None, run_after=None
[2026-08-30T13:21:49.613+0000] {processor.py:208} INFO - Processing /opt/airflow/dags/02_xcom_dag.py took 0.060 seconds
[2026-08-30T13:22:20.294+0000] {processor.py:186} INFO - Started process (PID=238) to work on /opt/airflow/dags/02_xcom_dag.py
[2026-08-30T13:22:20.295+0000] {processor.py:914} INFO - Processing file /opt/airflow/dags/02_xcom_dag.py for tasks to queue
[2026-08-30T13:22:20.297+0000] {logging_mixin.py:190} INFO - [2026-08-30T13:22:20.296+0000] {dagbag.py:588} INFO - Filling up the DagBag from /opt/airflow/dags/02_xcom_dag.py
[2026-08-30T13:22:20.302+0000] {processor.py:925} INFO - DAG(s) 'xcom_dag' retrieved from /opt/airflow/dags/02_xcom_dag.py
[2026-08-30T13:22:20.317+0000] {logging_mixin.py:190} INFO - [2026-08-30T13:22:20.317+0000] {dag.py:3239} INFO - Sync 1 DAGs
[2026-08-30T13:22:20.323+0000] {logging_mixin.py:190} INFO - [2026-08-30T13:22:20.323+0000] {dag.py:4180} INFO - Setting next_dagrun for xcom_dag to None, run_after=None
[2026-08-30T13:22:20.331+0000] {processor.py:208} INFO - Processing /opt/airflow/dags/02_xcom_dag.py took 0.040 seconds
[2026-08-30T13:22:51.058+0000] {processor.py:186} INFO - Started process (PID=250) to work on /opt/airflow/dags/02_xcom_dag.py
[2026-08-30T13:22:51.059+0000] {processor.py:914} INFO - Processing file /opt/airflow/dags/02_xcom_dag.py for tasks to queue
[2026-08-30T13:22:51.062+0000] {logging_mixin.py:190} INFO - [2026-08-30T13:22:51.062+0000] {dagbag.py:588} INFO - Filling up the DagBag from /opt/airflow/dags/02_xcom_dag.py
[2026-08-30T13:22:51.069+0000] {processor.py:925} INFO - DAG(s) 'xcom_dag' retrieved from /opt/airflow/dags/02_xcom_dag.py
[2026-08-30T13:22:51.091+0000] {logging_mixin.py:190} INFO - [2026-08-30T13:22:51.091+0000] {dag.py:3239} INFO - Sync 1 DAGs
[2026-08-30T13:22:51.099+0000] {logging_mixin.py:190} INFO - [2026-08-30T13:22:51.099+0000] {dag.py:4180} INFO - Setting next_dagrun for xcom_dag to None, run_after=None
[2026-08-30T13:22:51.113+0000] {processor.py:208} INFO - Processing /opt/airflow/dags/02_xcom_dag.py took 0.059 seconds
[2026-08-30T13:23:21.826+0000] {processor.py:186} INFO - Started process (PID=263) to work on /opt/airflow/dags/02_xcom_dag.py
[2026-08-30T13:23:21.827+0000] {processor.py:914} INFO - Processing file /opt/airflow/dags/02_xcom_dag.py for tasks to queue
[2026-08-30T13:23:21.829+0000] {logging_mixin.py:190} INFO - [2026-08-30T13:23:21.829+0000] {dagbag.py:588} INFO - Filling up the DagBag from /opt/airflow/dags/02_xcom_dag.py
[2026-08-30T13:23:21.842+0000] {processor.py:925} INFO - DAG(s) 'xcom_dag' retrieved from /opt/airflow/dags/02_xcom_dag.py
[2026-08-30T13:23:21.863+0000] {logging_mixin.py:190} INFO - [2026-08-30T13:23:21.863+0000] {dag.py:3239} INFO - Sync 1 DAGs
[2026-08-30T13:23:21.871+0000] {logging_mixin.py:190} INFO - [2026-08-30T13:23:21.871+0000] {dag.py:4180} INFO - Setting next_dagrun for xcom_dag to None, run_after=None
[2026-08-30T13:23:21.885+0000] {processor.py:208} INFO - Processing /opt/airflow/dags/02_xcom_dag.py took 0.063 seconds
[2026-08-30T13:23:52.662+0000] {processor.py:186} INFO - Started process (PID=275) to work on /opt/airflow/dags/02_xcom_dag.py
[2026-08-30T13:23:52.663+0000] {processor.py:914} INFO - Processing file /opt/airflow/dags/02_xcom_dag.py for tasks to queue
[2026-08-30T13:23:52.665+0000] {logging_mixin.py:190} INFO - [2026-08-30T13:23:52.665+0000] {dagbag.py:588} INFO - Filling up the DagBag from /opt/airflow/dags/02_xcom_dag.py
[2026-08-30T13:23:52.674+0000] {processor.py:925} INFO - DAG(s) 'xcom_dag' retrieved from /opt/airflow/dags/02_xcom_dag.py
[2026-08-30T13:23:52.699+0000] {logging_mixin.py:190} INFO - [2026-08-30T13:23:52.698+0000] {dag.py:3239} INFO - Sync 1 DAGs
[2026-08-30T13:23:52.712+0000] {logging_mixin.py:190} INFO - [2026-08-30T13:23:52.712+0000] {dag.py:4180} INFO - Setting next_dagrun for xcom_dag to None, run_after=None
[2026-08-30T13:23:52.727+0000] {processor.py:208} INFO - Processing /opt/airflow/dags/02_xcom_dag.py took 0.070 seconds
[2026-08-30T13:24:23.466+0000] {processor.py:186} INFO - Started process (PID=287) to work on /opt/airflow/dags/02_xcom_dag.py
[2026-08-30T13:24:23.467+0000] {processor.py:914} INFO - Processing file /opt/airflow/dags/02_xcom_dag.py for tasks to queue
[2026-08-30T13:24:23.469+0000] {logging_mixin.py:190} INFO - [2026-08-30T13:24:23.469+0000] {dagbag.py:588} INFO - Filling up the DagBag from /opt/airflow/dags/02_xcom_dag.py
[2026-08-30T13:24:23.479+0000] {processor.py:925} INFO - DAG(s) 'xcom_dag' retrieved from /opt/airflow/dags/02_xcom_dag.py
[2026-08-30T13:24:23.499+0000] {logging_mixin.py:190} INFO - [2026-08-30T13:24:23.498+0000] {dag.py:3239} INFO - Sync 1 DAGs
[2026-08-30T13:24:23.506+0000] {logging_mixin.py:190} INFO - [2026-08-30T13:24:23.506+0000] {dag.py:4180} INFO - Setting next_dagrun for xcom_dag to None, run_after=None
[2026-08-30T13:24:23.522+0000] {processor.py:208} INFO - Processing /opt/airflow/dags/02_xcom_dag.py took 0.060 seconds
[2026-08-30T13:24:54.297+0000] {processor.py:186} INFO - Started process (PID=299) to work on /opt/airflow/dags/02_xcom_dag.py
[2026-08-30T13:24:54.298+0000] {processor.py:914} INFO - Processing file /opt/airflow/dags/02_xcom_dag.py for tasks to queue
[2026-08-30T13:24:54.301+0000] {logging_mixin.py:190} INFO - [2026-08-30T13:24:54.301+0000] {dagbag.py:588} INFO - Filling up the DagBag from /opt/airflow/dags/02_xcom_dag.py
[2026-08-30T13:24:54.309+0000] {processor.py:925} INFO - DAG(s) 'xcom_dag' retrieved from /opt/airflow/dags/02_xcom_dag.py
[2026-08-30T13:24:54.330+0000] {logging_mixin.py:190} INFO - [2026-08-30T13:24:54.330+0000] {dag.py:3239} INFO - Sync 1 DAGs
[2026-08-30T13:24:54.339+0000] {logging_mixin.py:190} INFO - [2026-08-30T13:24:54.339+0000] {dag.py:4180} INFO - Setting next_dagrun for xcom_dag to None, run_after=None
[2026-08-30T13:24:54.354+0000] {processor.py:208} INFO - Processing /opt/airflow/dags/02_xcom_dag.py took 0.061 seconds
[2026-08-30T13:25:25.063+0000] {processor.py:186} INFO - Started process (PID=311) to work on /opt/airflow/dags/02_xcom_dag.py
[2026-08-30T13:25:25.064+0000] {processor.py:914} INFO - Processing file /opt/airflow/dags/02_xcom_dag.py for tasks to queue
[2026-08-30T13:25:25.066+0000] {logging_mixin.py:190} INFO - [2026-08-30T13:25:25.065+0000] {dagbag.py:588} INFO - Filling up the DagBag from /opt/airflow/dags/02_xcom_dag.py
[2026-08-30T13:25:25.078+0000] {processor.py:925} INFO - DAG(s) 'xcom_dag' retrieved from /opt/airflow/dags/02_xcom_dag.py
[2026-08-30T13:25:25.098+0000] {logging_mixin.py:190} INFO - [2026-08-30T13:25:25.098+0000] {dag.py:3239} INFO - Sync 1 DAGs
[2026-08-30T13:25:25.106+0000] {logging_mixin.py:190} INFO - [2026-08-30T13:25:25.106+0000] {dag.py:4180} INFO - Setting next_dagrun for xcom_dag to None, run_after=None
[2026-08-30T13:25:25.125+0000] {processor.py:208} INFO - Processing /opt/airflow/dags/02_xcom_dag.py took 0.068 seconds
[2026-08-30T13:25:55.959+0000] {processor.py:186} INFO - Started process (PID=323) to work on /opt/airflow/dags/02_xcom_dag.py
[2026-08-30T13:25:55.960+0000] {processor.py:914} INFO - Processing file /opt/airflow/dags/02_xcom_dag.py for tasks to queue
[2026-08-30T13:25:55.961+0000] {logging_mixin.py:190} INFO - [2026-08-30T13:25:55.961+0000] {dagbag.py:588} INFO - Filling up the DagBag from /opt/airflow/dags/02_xcom_dag.py
[2026-08-30T13:25:55.971+0000] {processor.py:925} INFO - DAG(s) 'xcom_dag' retrieved from /opt/airflow/dags/02_xcom_dag.py
[2026-08-30T13:25:55.988+0000] {logging_mixin.py:190} INFO - [2026-08-30T13:25:55.988+0000] {dag.py:3239} INFO - Sync 1 DAGs
[2026-08-30T13:25:55.996+0000] {logging_mixin.py:190} INFO - [2026-08-30T13:25:55.996+0000] {dag.py:4180} INFO - Setting next_dagrun for xcom_dag to None, run_after=None
[2026-08-30T13:25:56.008+0000] {processor.py:208} INFO - Processing /opt/airflow/dags/02_xcom_dag.py took 0.055 seconds
[2026-08-30T13:26:26.854+0000] {processor.py:186} INFO - Started process (PID=335) to work on /opt/airflow/dags/02_xcom_dag.py
[2026-08-30T13:26:26.855+0000] {processor.py:914} INFO - Processing file /opt/airflow/dags/02_xcom_dag.py for tasks to queue
[2026-08-30T13:26:26.857+0000] {logging_mixin.py:190} INFO - [2026-08-30T13:26:26.857+0000] {dagbag.py:588} INFO - Filling up the DagBag from /opt/airflow/dags/02_xcom_dag.py
[2026-08-30T13:26:26.874+0000] {processor.py:925} INFO - DAG(s) 'xcom_dag' retrieved from /opt/airflow/dags/02_xcom_dag.py
[2026-08-30T13:26:26.894+0000] {logging_mixin.py:190} INFO - [2026-08-30T13:26:26.894+0000] {dag.py:3239} INFO - Sync 1 DAGs
[2026-08-30T13:26:26.902+0000] {logging_mixin.py:190} INFO - [2026-08-30T13:26:26.902+0000] {dag.py:4180} INFO - Setting next_dagrun for xcom_dag to None, run_after=None
[2026-08-30T13:26:26.914+0000] {processor.py:208} INFO - Processing /opt/airflow/dags/02_xcom_dag.py took 0.065 seconds
[2026-08-30T13:26:57.744+0000] {processor.py:186} INFO - Started process (PID=347) to work on /opt/airflow/dags/02_xcom_dag.py
[2026-08-30T13:26:57.745+0000] {processor.py:914} INFO - Processing file /opt/airflow/dags/02_xcom_dag.py for tasks to queue
[2026-08-30T13:26:57.748+0000] {logging_mixin.py:190} INFO - [2026-08-30T13:26:57.748+0000] {dagbag.py:588} INFO - Filling up the DagBag from /opt/airflow/dags/02_xcom_dag.py
[2026-08-30T13:26:57.758+0000] {processor.py:925} INFO - DAG(s) 'xcom_dag' retrieved from /opt/airflow/dags/02_xcom_dag.py
[2026-08-30T13:26:57.785+0000] {logging_mixin.py:190} INFO - [2026-08-30T13:26:57.785+0000] {dag.py:3239} INFO - Sync 1 DAGs
[2026-08-30T13:26:57.797+0000] {logging_mixin.py:190} INFO - [2026-08-30T13:26:57.797+0000] {dag.py:4180} INFO - Setting next_dagrun for xcom_dag to None, run_after=None
[2026-08-30T13:26:57.810+0000] {processor.py:208} INFO - Processing /opt/airflow/dags/02_xcom_dag.py took 0.070 seconds
[2026-08-30T13:27:28.717+0000] {processor.py:186} INFO - Started process (PID=359) to work on /opt/airflow/dags/02_xcom_dag.py
[2026-08-30T13:27:28.718+0000] {processor.py:914} INFO - Processing file /opt/airflow/dags/02_xcom_dag.py for tasks to queue
[2026-08-30T13:27:28.720+0000] {logging_mixin.py:190} INFO - [2026-08-30T13:27:28.720+0000] {dagbag.py:588} INFO - Filling up the DagBag from /opt/airflow/dags/02_xcom_dag.py
[2026-08-30T13:27:28.732+0000] {processor.py:925} INFO - DAG(s) 'xcom_dag' retrieved from /opt/airflow/dags/02_xcom_dag.py
[2026-08-30T13:27:28.755+0000] {logging_mixin.py:190} INFO - [2026-08-30T13:27:28.755+0000] {dag.py:3239} INFO - Sync 1 DAGs
[2026-08-30T13:27:28.763+0000] {logging_mixin.py:190} INFO - [2026-08-30T13:27:28.763+0000] {dag.py:4180} INFO - Setting next_dagrun for xcom_dag to None, run_after=None
[2026-08-30T13:27:28.780+0000] {processor.py:208} INFO - Processing /opt/airflow/dags/02_xcom_dag.py took 0.068 seconds
[2026-08-30T13:27:59.456+0000] {processor.py:186} INFO - Started process (PID=371) to work on /opt/airflow/dags/02_xcom_dag.py
[2026-08-30T13:27:59.457+0000] {processor.py:914} INFO - Processing file /opt/airflow/dags/02_xcom_dag.py for tasks to queue
[2026-08-30T13:27:59.460+0000] {logging_mixin.py:190} INFO - [2026-08-30T13:27:59.459+0000] {dagbag.py:588} INFO - Filling up the DagBag from /opt/airflow/dags/02_xcom_dag.py
[2026-08-30T13:27:59.468+0000] {processor.py:925} INFO - DAG(s) 'xcom_dag' retrieved from /opt/airflow/dags/02_xcom_dag.py
[2026-08-30T13:27:59.489+0000] {logging_mixin.py:190} INFO - [2026-08-30T13:27:59.489+0000] {dag.py:3239} INFO - Sync 1 DAGs
[2026-08-30T13:27:59.498+0000] {logging_mixin.py:190} INFO - [2026-08-30T13:27:59.498+0000] {dag.py:4180} INFO - Setting next_dagrun for xcom_dag to None, run_after=None
[2026-08-30T13:27:59.511+0000] {processor.py:208} INFO - Processing /opt/airflow/dags/02_xcom_dag.py took 0.058 seconds
[2026-08-30T13:28:30.274+0000] {processor.py:186} INFO - Started process (PID=383) to work on /opt/airflow/dags/02_xcom_dag.py
[2026-08-30T13:28:30.275+0000] {processor.py:914} INFO - Processing file /opt/airflow/dags/02_xcom_dag.py for tasks to queue
[2026-08-30T13:28:30.278+0000] {logging_mixin.py:190} INFO - [2026-08-30T13:28:30.278+0000] {dagbag.py:588} INFO - Filling up the DagBag from /opt/airflow/dags/02_xcom_dag.py
[2026-08-30T13:28:30.287+0000] {processor.py:925} INFO - DAG(s) 'xcom_dag' retrieved from /opt/airflow/dags/02_xcom_dag.py
[2026-08-30T13:28:30.308+0000] {logging_mixin.py:190} INFO - [2026-08-30T13:28:30.308+0000] {dag.py:3239} INFO - Sync 1 DAGs
[2026-08-30T13:28:30.315+0000] {logging_mixin.py:190} INFO - [2026-08-30T13:28:30.315+0000] {dag.py:4180} INFO - Setting next_dagrun for xcom_dag to None, run_after=None
[2026-08-30T13:28:30.329+0000] {processor.py:208} INFO - Processing /opt/airflow/dags/02_xcom_dag.py took 0.059 seconds
[2026-08-30T13:29:01.050+0000] {processor.py:186} INFO - Started process (PID=395) to work on /opt/airflow/dags/02_xcom_dag.py
[2026-08-30T13:29:01.051+0000] {processor.py:914} INFO - Processing file /opt/airflow/dags/02_xcom_dag.py for tasks to queue
[2026-08-30T13:29:01.053+0000] {logging_mixin.py:190} INFO - [2026-08-30T13:29:01.053+0000] {dagbag.py:588} INFO - Filling up the DagBag from /opt/airflow/dags/02_xcom_dag.py
[2026-08-30T13:29:01.063+0000] {processor.py:925} INFO - DAG(s) 'xcom_dag' retrieved from /opt/airflow/dags/02_xcom_dag.py
[2026-08-30T13:29:01.086+0000] {logging_mixin.py:190} INFO - [2026-08-30T13:29:01.086+0000] {dag.py:3239} INFO - Sync 1 DAGs
[2026-08-30T13:29:01.096+0000] {logging_mixin.py:190} INFO - [2026-08-30T13:29:01.096+0000] {dag.py:4180} INFO - Setting next_dagrun for xcom_dag to None, run_after=None
[2026-08-30T13:29:01.108+0000] {processor.py:208} INFO - Processing /opt/airflow/dags/02_xcom_dag.py took 0.070 seconds
[2026-08-30T13:29:31.839+0000] {processor.py:186} INFO - Started process (PID=407) to work on /opt/airflow/dags/02_xcom_dag.py
[2026-08-30T13:29:31.840+0000] {processor.py:914} INFO - Processing file /opt/airflow/dags/02_xcom_dag.py for tasks to queue
[2026-08-30T13:29:31.842+0000] {logging_mixin.py:190} INFO - [2026-08-30T13:29:31.841+0000] {dagbag.py:588} INFO - Filling up the DagBag from /opt/airflow/dags/02_xcom_dag.py
[2026-08-30T13:29:31.856+0000] {processor.py:925} INFO - DAG(s) 'xcom_dag' retrieved from /opt/airflow/dags/02_xcom_dag.py
[2026-08-30T13:29:31.876+0000] {logging_mixin.py:190} INFO - [2026-08-30T13:29:31.876+0000] {dag.py:3239} INFO - Sync 1 DAGs
[2026-08-30T13:29:31.886+0000] {logging_mixin.py:190} INFO - [2026-08-30T13:29:31.886+0000] {dag.py:4180} INFO - Setting next_dagrun for xcom_dag to None, run_after=None
[2026-08-30T13:29:31.897+0000] {processor.py:208} INFO - Processing /opt/airflow/dags/02_xcom_dag.py took 0.065 seconds
[2026-08-30T13:30:02.625+0000] {processor.py:186} INFO - Started process (PID=419) to work on /opt/airflow/dags/02_xcom_dag.py
[2026-08-30T13:30:02.626+0000] {processor.py:914} INFO - Processing file /opt/airflow/dags/02_xcom_dag.py for tasks to queue
[2026-08-30T13:30:02.627+0000] {logging_mixin.py:190} INFO - [2026-08-30T13:30:02.627+0000] {dagbag.py:588} INFO - Filling up the DagBag from /opt/airflow/dags/02_xcom_dag.py
[2026-08-30T13:30:02.633+0000] {processor.py:925} INFO - DAG(s) 'xcom_dag' retrieved from /opt/airflow/dags/02_xcom_dag.py
[2026-08-30T13:30:02.650+0000] {logging_mixin.py:190} INFO - [2026-08-30T13:30:02.650+0000] {dag.py:3239} INFO - Sync 1 DAGs
[2026-08-30T13:30:02.657+0000] {logging_mixin.py:190} INFO - [2026-08-30T13:30:02.657+0000] {dag.py:4180} INFO - Setting next_dagrun for xcom_dag to None, run_after=None
[2026-08-30T13:30:02.665+0000] {processor.py:208} INFO - Processing /opt/airflow/dags/02_xcom_dag.py took 0.043 seconds
[2026-08-30T13:30:33.357+0000] {processor.py:186} INFO - Started process (PID=431) to work on /opt/airflow/dags/02_xcom_dag.py
[2026-08-30T13:30:33.358+0000] {processor.py:914} INFO - Processing file /opt/airflow/dags/02_xcom_dag.py for tasks to queue
[2026-08-30T13:30:33.361+0000] {logging_mixin.py:190} INFO - [2026-08-30T13:30:33.361+0000] {dagbag.py:588} INFO - Filling up the DagBag from /opt/airflow/dags/02_xcom_dag.py
[2026-08-30T13:30:33.371+0000] {processor.py:925} INFO - DAG(s) 'xcom_dag' retrieved from /opt/airflow/dags/02_xcom_dag.py
[2026-08-30T13:30:33.394+0000] {logging_mixin.py:190} INFO - [2026-08-30T13:30:33.393+0000] {dag.py:3239} INFO - Sync 1 DAGs
[2026-08-30T13:30:33.403+0000] {logging_mixin.py:190} INFO - [2026-08-30T13:30:33.402+0000] {dag.py:4180} INFO - Setting next_dagrun for xcom_dag to None, run_after=None
[2026-08-30T13:30:33.416+0000] {processor.py:208} INFO - Processing /opt/airflow/dags/02_xcom_dag.py took 0.062 seconds
[2026-08-30T13:31:04.205+0000] {processor.py:186} INFO - Started process (PID=443) to work on /opt/airflow/dags/02_xcom_dag.py
[2026-08-30T13:31:04.207+0000] {processor.py:914} INFO - Processing file /opt/airflow/dags/02_xcom_dag.py for tasks to queue
[2026-08-30T13:31:04.209+0000] {logging_mixin.py:190} INFO - [2026-08-30T13:31:04.209+0000] {dagbag.py:588} INFO - Filling up the DagBag from /opt/airflow/dags/02_xcom_dag.py
[2026-08-30T13:31:04.217+0000] {processor.py:925} INFO - DAG(s) 'xcom_dag' retrieved from /opt/airflow/dags/02_xcom_dag.py
[2026-08-30T13:31:04.259+0000] {logging_mixin.py:190} INFO - [2026-08-30T13:31:04.259+0000] {dag.py:3239} INFO - Sync 1 DAGs
[2026-08-30T13:31:04.285+0000] {logging_mixin.py:190} INFO - [2026-08-30T13:31:04.284+0000] {dag.py:4180} INFO - Setting next_dagrun for xcom_dag to None, run_after=None
[2026-08-30T13:31:04.305+0000] {processor.py:208} INFO - Processing /opt/airflow/dags/02_xcom_dag.py took 0.104 seconds
[2026-08-30T13:31:35.082+0000] {processor.py:186} INFO - Started process (PID=455) to work on /opt/airflow/dags/02_xcom_dag.py
[2026-08-30T13:31:35.084+0000] {processor.py:914} INFO - Processing file /opt/airflow/dags/02_xcom_dag.py for tasks to queue
[2026-08-30T13:31:35.086+0000] {logging_mixin.py:190} INFO - [2026-08-30T13:31:35.086+0000] {dagbag.py:588} INFO - Filling up the DagBag from /opt/airflow/dags/02_xcom_dag.py
[2026-08-30T13:31:35.096+0000] {processor.py:925} INFO - DAG(s) 'xcom_dag' retrieved from /opt/airflow/dags/02_xcom_dag.py
[2026-08-30T13:31:35.117+0000] {logging_mixin.py:190} INFO - [2026-08-30T13:31:35.117+0000] {dag.py:3239} INFO - Sync 1 DAGs
[2026-08-30T13:31:35.134+0000] {logging_mixin.py:190} INFO - [2026-08-30T13:31:35.133+0000] {dag.py:4180} INFO - Setting next_dagrun for xcom_dag to None, run_after=None
[2026-08-30T13:31:35.160+0000] {processor.py:208} INFO - Processing /opt/airflow/dags/02_xcom_dag.py took 0.082 seconds
[2026-08-30T13:32:05.983+0000] {processor.py:186} INFO - Started process (PID=467) to work on /opt/airflow/dags/02_xcom_dag.py
[2026-08-30T13:32:05.984+0000] {processor.py:914} INFO - Processing file /opt/airflow/dags/02_xcom_dag.py for tasks to queue
[2026-08-30T13:32:05.985+0000] {logging_mixin.py:190} INFO - [2026-08-30T13:32:05.985+0000] {dagbag.py:588} INFO - Filling up the DagBag from /opt/airflow/dags/02_xcom_dag.py
[2026-08-30T13:32:05.997+0000] {processor.py:925} INFO - DAG(s) 'xcom_dag' retrieved from /opt/airflow/dags/02_xcom_dag.py
[2026-08-30T13:32:06.018+0000] {logging_mixin.py:190} INFO - [2026-08-30T13:32:06.018+0000] {dag.py:3239} INFO - Sync 1 DAGs
[2026-08-30T13:32:06.029+0000] {logging_mixin.py:190} INFO - [2026-08-30T13:32:06.028+0000] {dag.py:4180} INFO - Setting next_dagrun for xcom_dag to None, run_after=None
[2026-08-30T13:32:06.040+0000] {processor.py:208} INFO - Processing /opt/airflow/dags/02_xcom_dag.py took 0.061 seconds
[2026-08-30T13:32:36.817+0000] {processor.py:186} INFO - Started process (PID=479) to work on /opt/airflow/dags/02_xcom_dag.py
[2026-08-30T13:32:36.819+0000] {processor.py:914} INFO - Processing file /opt/airflow/dags/02_xcom_dag.py for tasks to queue
[2026-08-30T13:32:36.822+0000] {logging_mixin.py:190} INFO - [2026-08-30T13:32:36.822+0000] {dagbag.py:588} INFO - Filling up the DagBag from /opt/airflow/dags/02_xcom_dag.py
[2026-08-30T13:32:36.831+0000] {processor.py:925} INFO - DAG(s) 'xcom_dag' retrieved from /opt/airflow/dags/02_xcom_dag.py
[2026-08-30T13:32:36.849+0000] {logging_mixin.py:190} INFO - [2026-08-30T13:32:36.849+0000] {dag.py:3239} INFO - Sync 1 DAGs
[2026-08-30T13:32:36.856+0000] {logging_mixin.py:190} INFO - [2026-08-30T13:32:36.855+0000] {dag.py:4180} INFO - Setting next_dagrun for xcom_dag to None, run_after=None
[2026-08-30T13:32:36.866+0000] {processor.py:208} INFO - Processing /opt/airflow/dags/02_xcom_dag.py took 0.053 seconds
[2026-08-30T13:33:07.534+0000] {processor.py:186} INFO - Started process (PID=491) to work on /opt/airflow/dags/02_xcom_dag.py
[2026-08-30T13:33:07.536+0000] {processor.py:914} INFO - Processing file /opt/airflow/dags/02_xcom_dag.py for tasks to queue
[2026-08-30T13:33:07.537+0000] {logging_mixin.py:190} INFO - [2026-08-30T13:33:07.537+0000] {dagbag.py:588} INFO - Filling up the DagBag from /opt/airflow/dags/02_xcom_dag.py
[2026-08-30T13:33:07.547+0000] {processor.py:925} INFO - DAG(s) 'xcom_dag' retrieved from /opt/airflow/dags/02_xcom_dag.py
[2026-08-30T13:33:07.569+0000] {logging_mixin.py:190} INFO - [2026-08-30T13:33:07.569+0000] {dag.py:3239} INFO - Sync 1 DAGs
[2026-08-30T13:33:07.576+0000] {logging_mixin.py:190} INFO - [2026-08-30T13:33:07.576+0000] {dag.py:4180} INFO - Setting next_dagrun for xcom_dag to None, run_after=None
[2026-08-30T13:33:07.591+0000] {processor.py:208} INFO - Processing /opt/airflow/dags/02_xcom_dag.py took 0.061 seconds
[2026-08-30T13:33:38.386+0000] {processor.py:186} INFO - Started process (PID=504) to work on /opt/airflow/dags/02_xcom_dag.py
[2026-08-30T13:33:38.387+0000] {processor.py:914} INFO - Processing file /opt/airflow/dags/02_xcom_dag.py for tasks to queue
[2026-08-30T13:33:38.389+0000] {logging_mixin.py:190} INFO - [2026-08-30T13:33:38.389+0000] {dagbag.py:588} INFO - Filling up the DagBag from /opt/airflow/dags/02_xcom_dag.py
[2026-08-30T13:33:38.400+0000] {processor.py:925} INFO - DAG(s) 'xcom_dag' retrieved from /opt/airflow/dags/02_xcom_dag.py
[2026-08-30T13:33:38.421+0000] {logging_mixin.py:190} INFO - [2026-08-30T13:33:38.421+0000] {dag.py:3239} INFO - Sync 1 DAGs
[2026-08-30T13:33:38.432+0000] {logging_mixin.py:190} INFO - [2026-08-30T13:33:38.431+0000] {dag.py:4180} INFO - Setting next_dagrun for xcom_dag to None, run_after=None
[2026-08-30T13:33:38.447+0000] {processor.py:208} INFO - Processing /opt/airflow/dags/02_xcom_dag.py took 0.067 seconds
[2026-08-30T13:34:09.216+0000] {processor.py:186} INFO - Started process (PID=516) to work on /opt/airflow/dags/02_xcom_dag.py
[2026-08-30T13:34:09.218+0000] {processor.py:914} INFO - Processing file /opt/airflow/dags/02_xcom_dag.py for tasks to queue
[2026-08-30T13:34:09.220+0000] {logging_mixin.py:190} INFO - [2026-08-30T13:34:09.219+0000] {dagbag.py:588} INFO - Filling up the DagBag from /opt/airflow/dags/02_xcom_dag.py
[2026-08-30T13:34:09.230+0000] {processor.py:925} INFO - DAG(s) 'xcom_dag' retrieved from /opt/airflow/dags/02_xcom_dag.py
[2026-08-30T13:34:09.260+0000] {logging_mixin.py:190} INFO - [2026-08-30T13:34:09.260+0000] {dag.py:3239} INFO - Sync 1 DAGs
[2026-08-30T13:34:09.269+0000] {logging_mixin.py:190} INFO - [2026-08-30T13:34:09.269+0000] {dag.py:4180} INFO - Setting next_dagrun for xcom_dag to None, run_after=None
[2026-08-30T13:34:09.280+0000] {processor.py:208} INFO - Processing /opt/airflow/dags/02_xcom_dag.py took 0.069 seconds
[2026-08-30T13:34:40.144+0000] {processor.py:186} INFO - Started process (PID=528) to work on /opt/airflow/dags/02_xcom_dag.py
[2026-08-30T13:34:40.146+0000] {processor.py:914} INFO - Processing file /opt/airflow/dags/02_xcom_dag.py for tasks to queue
[2026-08-30T13:34:40.147+0000] {logging_mixin.py:190} INFO - [2026-08-30T13:34:40.147+0000] {dagbag.py:588} INFO - Filling up the DagBag from /opt/airflow/dags/02_xcom_dag.py
[2026-08-30T13:34:40.155+0000] {processor.py:925} INFO - DAG(s) 'xcom_dag' retrieved from /opt/airflow/dags/02_xcom_dag.py
[2026-08-30T13:34:40.177+0000] {logging_mixin.py:190} INFO - [2026-08-30T13:34:40.176+0000] {dag.py:3239} INFO - Sync 1 DAGs
[2026-08-30T13:34:40.185+0000] {logging_mixin.py:190} INFO - [2026-08-30T13:34:40.185+0000] {dag.py:4180} INFO - Setting next_dagrun for xcom_dag to None, run_after=None
[2026-08-30T13:34:40.199+0000] {processor.py:208} INFO - Processing /opt/airflow/dags/02_xcom_dag.py took 0.061 seconds
[2026-08-30T13:35:10.936+0000] {processor.py:186} INFO - Started process (PID=540) to work on /opt/airflow/dags/02_xcom_dag.py
[2026-08-30T13:35:10.937+0000] {processor.py:914} INFO - Processing file /opt/airflow/dags/02_xcom_dag.py for tasks to queue
[2026-08-30T13:35:10.940+0000] {logging_mixin.py:190} INFO - [2026-08-30T13:35:10.940+0000] {dagbag.py:588} INFO - Filling up the DagBag from /opt/airflow/dags/02_xcom_dag.py
[2026-08-30T13:35:10.949+0000] {processor.py:925} INFO - DAG(s) 'xcom_dag' retrieved from /opt/airflow/dags/02_xcom_dag.py
[2026-08-30T13:35:10.972+0000] {logging_mixin.py:190} INFO - [2026-08-30T13:35:10.972+0000] {dag.py:3239} INFO - Sync 1 DAGs
[2026-08-30T13:35:10.980+0000] {logging_mixin.py:190} INFO - [2026-08-30T13:35:10.980+0000] {dag.py:4180} INFO - Setting next_dagrun for xcom_dag to None, run_after=None
[2026-08-30T13:35:10.994+0000] {processor.py:208} INFO - Processing /opt/airflow/dags/02_xcom_dag.py took 0.062 seconds
[2026-08-30T13:35:41.750+0000] {processor.py:186} INFO - Started process (PID=552) to work on /opt/airflow/dags/02_xcom_dag.py
[2026-08-30T13:35:41.751+0000] {processor.py:914} INFO - Processing file /opt/airflow/dags/02_xcom_dag.py for tasks to queue
[2026-08-30T13:35:41.755+0000] {logging_mixin.py:190} INFO - [2026-08-30T13:35:41.755+0000] {dagbag.py:588} INFO - Filling up the DagBag from /opt/airflow/dags/02_xcom_dag.py
[2026-08-30T13:35:41.762+0000] {processor.py:925} INFO - DAG(s) 'xcom_dag' retrieved from /opt/airflow/dags/02_xcom_dag.py
[2026-08-30T13:35:41.786+0000] {logging_mixin.py:190} INFO - [2026-08-30T13:35:41.786+0000] {dag.py:3239} INFO - Sync 1 DAGs
[2026-08-30T13:35:41.794+0000] {logging_mixin.py:190} INFO - [2026-08-30T13:35:41.794+0000] {dag.py:4180} INFO - Setting next_dagrun for xcom_dag to None, run_after=None
[2026-08-30T13:35:41.806+0000] {processor.py:208} INFO - Processing /opt/airflow/dags/02_xcom_dag.py took 0.061 seconds
[2026-08-30T13:36:12.550+0000] {processor.py:186} INFO - Started process (PID=564) to work on /opt/airflow/dags/02_xcom_dag.py
[2026-08-30T13:36:12.551+0000] {processor.py:914} INFO - Processing file /opt/airflow/dags/02_xcom_dag.py for tasks to queue
[2026-08-30T13:36:12.553+0000] {logging_mixin.py:190} INFO - [2026-08-30T13:36:12.553+0000] {dagbag.py:588} INFO - Filling up the DagBag from /opt/airflow/dags/02_xcom_dag.py
[2026-08-30T13:36:12.561+0000] {processor.py:925} INFO - DAG(s) 'xcom_dag' retrieved from /opt/airflow/dags/02_xcom_dag.py
[2026-08-30T13:36:12.582+0000] {logging_mixin.py:190} INFO - [2026-08-30T13:36:12.582+0000] {dag.py:3239} INFO - Sync 1 DAGs
[2026-08-30T13:36:12.592+0000] {logging_mixin.py:190} INFO - [2026-08-30T13:36:12.591+0000] {dag.py:4180} INFO - Setting next_dagrun for xcom_dag to None, run_after=None
[2026-08-30T13:36:12.604+0000] {processor.py:208} INFO - Processing /opt/airflow/dags/02_xcom_dag.py took 0.058 seconds
[2026-08-30T13:36:43.500+0000] {processor.py:186} INFO - Started process (PID=581) to work on /opt/airflow/dags/02_xcom_dag.py
[2026-08-30T13:36:43.502+0000] {processor.py:914} INFO - Processing file /opt/airflow/dags/02_xcom_dag.py for tasks to queue
[2026-08-30T13:36:43.505+0000] {logging_mixin.py:190} INFO - [2026-08-30T13:36:43.505+0000] {dagbag.py:588} INFO - Filling up the DagBag from /opt/airflow/dags/02_xcom_dag.py
[2026-08-30T13:36:43.513+0000] {processor.py:925} INFO - DAG(s) 'xcom_dag' retrieved from /opt/airflow/dags/02_xcom_dag.py
[2026-08-30T13:36:43.536+0000] {logging_mixin.py:190} INFO - [2026-08-30T13:36:43.536+0000] {dag.py:3239} INFO - Sync 1 DAGs
[2026-08-30T13:36:43.545+0000] {logging_mixin.py:190} INFO - [2026-08-30T13:36:43.545+0000] {dag.py:4180} INFO - Setting next_dagrun for xcom_dag to None, run_after=None
[2026-08-30T13:36:43.561+0000] {processor.py:208} INFO - Processing /opt/airflow/dags/02_xcom_dag.py took 0.066 seconds
[2026-08-30T13:37:14.297+0000] {processor.py:186} INFO - Started process (PID=593) to work on /opt/airflow/dags/02_xcom_dag.py
[2026-08-30T13:37:14.299+0000] {processor.py:914} INFO - Processing file /opt/airflow/dags/02_xcom_dag.py for tasks to queue
[2026-08-30T13:37:14.301+0000] {logging_mixin.py:190} INFO - [2026-08-30T13:37:14.301+0000] {dagbag.py:588} INFO - Filling up the DagBag from /opt/airflow/dags/02_xcom_dag.py
[2026-08-30T13:37:14.308+0000] {processor.py:925} INFO - DAG(s) 'xcom_dag' retrieved from /opt/airflow/dags/02_xcom_dag.py
[2026-08-30T13:37:14.330+0000] {logging_mixin.py:190} INFO - [2026-08-30T13:37:14.330+0000] {dag.py:3239} INFO - Sync 1 DAGs
[2026-08-30T13:37:14.339+0000] {logging_mixin.py:190} INFO - [2026-08-30T13:37:14.339+0000] {dag.py:4180} INFO - Setting next_dagrun for xcom_dag to None, run_after=None
[2026-08-30T13:37:14.353+0000] {processor.py:208} INFO - Processing /opt/airflow/dags/02_xcom_dag.py took 0.061 seconds
[2026-08-30T13:37:45.142+0000] {processor.py:186} INFO - Started process (PID=605) to work on /opt/airflow/dags/02_xcom_dag.py
[2026-08-30T13:37:45.143+0000] {processor.py:914} INFO - Processing file /opt/airflow/dags/02_xcom_dag.py for tasks to queue
[2026-08-30T13:37:45.146+0000] {logging_mixin.py:190} INFO - [2026-08-30T13:37:45.146+0000] {dagbag.py:588} INFO - Filling up the DagBag from /opt/airflow/dags/02_xcom_dag.py
[2026-08-30T13:37:45.155+0000] {processor.py:925} INFO - DAG(s) 'xcom_dag' retrieved from /opt/airflow/dags/02_xcom_dag.py
[2026-08-30T13:37:45.183+0000] {logging_mixin.py:190} INFO - [2026-08-30T13:37:45.183+0000] {dag.py:3239} INFO - Sync 1 DAGs
[2026-08-30T13:37:45.192+0000] {logging_mixin.py:190} INFO - [2026-08-30T13:37:45.192+0000] {dag.py:4180} INFO - Setting next_dagrun for xcom_dag to None, run_after=None
[2026-08-30T13:37:45.209+0000] {processor.py:208} INFO - Processing /opt/airflow/dags/02_xcom_dag.py took 0.071 seconds
[2026-08-30T13:38:16.004+0000] {processor.py:186} INFO - Started process (PID=617) to work on /opt/airflow/dags/02_xcom_dag.py
[2026-08-30T13:38:16.007+0000] {processor.py:914} INFO - Processing file /opt/airflow/dags/02_xcom_dag.py for tasks to queue
[2026-08-30T13:38:16.009+0000] {logging_mixin.py:190} INFO - [2026-08-30T13:38:16.008+0000] {dagbag.py:588} INFO - Filling up the DagBag from /opt/airflow/dags/02_xcom_dag.py
[2026-08-30T13:38:16.016+0000] {processor.py:925} INFO - DAG(s) 'xcom_dag' retrieved from /opt/airflow/dags/02_xcom_dag.py
[2026-08-30T13:38:16.039+0000] {logging_mixin.py:190} INFO - [2026-08-30T13:38:16.038+0000] {dag.py:3239} INFO - Sync 1 DAGs
[2026-08-30T13:38:16.053+0000] {logging_mixin.py:190} INFO - [2026-08-30T13:38:16.053+0000] {dag.py:4180} INFO - Setting next_dagrun for xcom_dag to None, run_after=None
[2026-08-30T13:38:16.062+0000] {processor.py:208} INFO - Processing /opt/airflow/dags/02_xcom_dag.py took 0.062 seconds
[2026-08-30T13:38:46.888+0000] {processor.py:186} INFO - Started process (PID=629) to work on /opt/airflow/dags/02_xcom_dag.py
[2026-08-30T13:38:46.890+0000] {processor.py:914} INFO - Processing file /opt/airflow/dags/02_xcom_dag.py for tasks to queue
[2026-08-30T13:38:46.891+0000] {logging_mixin.py:190} INFO - [2026-08-30T13:38:46.891+0000] {dagbag.py:588} INFO - Filling up the DagBag from /opt/airflow/dags/02_xcom_dag.py
[2026-08-30T13:38:46.900+0000] {processor.py:925} INFO - DAG(s) 'xcom_dag' retrieved from /opt/airflow/dags/02_xcom_dag.py
[2026-08-30T13:38:46.922+0000] {logging_mixin.py:190} INFO - [2026-08-30T13:38:46.921+0000] {dag.py:3239} INFO - Sync 1 DAGs
[2026-08-30T13:38:46.932+0000] {logging_mixin.py:190} INFO - [2026-08-30T13:38:46.932+0000] {dag.py:4180} INFO - Setting next_dagrun for xcom_dag to None, run_after=None
[2026-08-30T13:38:46.944+0000] {processor.py:208} INFO - Processing /opt/airflow/dags/02_xcom_dag.py took 0.063 seconds
[2026-08-30T13:39:17.654+0000] {processor.py:186} INFO - Started process (PID=641) to work on /opt/airflow/dags/02_xcom_dag.py
[2026-08-30T13:39:17.655+0000] {processor.py:914} INFO - Processing file /opt/airflow/dags/02_xcom_dag.py for tasks to queue
[2026-08-30T13:39:17.658+0000] {logging_mixin.py:190} INFO - [2026-08-30T13:39:17.657+0000] {dagbag.py:588} INFO - Filling up the DagBag from /opt/airflow/dags/02_xcom_dag.py
[2026-08-30T13:39:17.671+0000] {processor.py:925} INFO - DAG(s) 'xcom_dag' retrieved from /opt/airflow/dags/02_xcom_dag.py
[2026-08-30T13:39:17.695+0000] {logging_mixin.py:190} INFO - [2026-08-30T13:39:17.695+0000] {dag.py:3239} INFO - Sync 1 DAGs
[2026-08-30T13:39:17.705+0000] {logging_mixin.py:190} INFO - [2026-08-30T13:39:17.705+0000] {dag.py:4180} INFO - Setting next_dagrun for xcom_dag to None, run_after=None
[2026-08-30T13:39:17.720+0000] {processor.py:208} INFO - Processing /opt/airflow/dags/02_xcom_dag.py took 0.070 seconds
[2026-08-30T13:39:48.431+0000] {processor.py:186} INFO - Started process (PID=653) to work on /opt/airflow/dags/02_xcom_dag.py
[2026-08-30T13:39:48.432+0000] {processor.py:914} INFO - Processing file /opt/airflow/dags/02_xcom_dag.py for tasks to queue
[2026-08-30T13:39:48.435+0000] {logging_mixin.py:190} INFO - [2026-08-30T13:39:48.434+0000] {dagbag.py:588} INFO - Filling up the DagBag from /opt/airflow/dags/02_xcom_dag.py
[2026-08-30T13:39:48.445+0000] {processor.py:925} INFO - DAG(s) 'xcom_dag' retrieved from /opt/airflow/dags/02_xcom_dag.py
[2026-08-30T13:39:48.468+0000] {logging_mixin.py:190} INFO - [2026-08-30T13:39:48.468+0000] {dag.py:3239} INFO - Sync 1 DAGs
[2026-08-30T13:39:48.481+0000] {logging_mixin.py:190} INFO - [2026-08-30T13:39:48.481+0000] {dag.py:4180} INFO - Setting next_dagrun for xcom_dag to None, run_after=None
[2026-08-30T13:39:48.493+0000] {processor.py:208} INFO - Processing /opt/airflow/dags/02_xcom_dag.py took 0.067 seconds
[2026-08-30T13:40:19.336+0000] {processor.py:186} INFO - Started process (PID=665) to work on /opt/airflow/dags/02_xcom_dag.py
[2026-08-30T13:40:19.336+0000] {processor.py:914} INFO - Processing file /opt/airflow/dags/02_xcom_dag.py for tasks to queue
[2026-08-30T13:40:19.338+0000] {logging_mixin.py:190} INFO - [2026-08-30T13:40:19.338+0000] {dagbag.py:588} INFO - Filling up the DagBag from /opt/airflow/dags/02_xcom_dag.py
[2026-08-30T13:40:19.350+0000] {processor.py:925} INFO - DAG(s) 'xcom_dag' retrieved from /opt/airflow/dags/02_xcom_dag.py
[2026-08-30T13:40:19.369+0000] {logging_mixin.py:190} INFO - [2026-08-30T13:40:19.369+0000] {dag.py:3239} INFO - Sync 1 DAGs
[2026-08-30T13:40:19.377+0000] {logging_mixin.py:190} INFO - [2026-08-30T13:40:19.377+0000] {dag.py:4180} INFO - Setting next_dagrun for xcom_dag to None, run_after=None
[2026-08-30T13:40:19.392+0000] {processor.py:208} INFO - Processing /opt/airflow/dags/02_xcom_dag.py took 0.061 seconds
[2026-08-30T13:40:50.159+0000] {processor.py:186} INFO - Started process (PID=677) to work on /opt/airflow/dags/02_xcom_dag.py
[2026-08-30T13:40:50.161+0000] {processor.py:914} INFO - Processing file /opt/airflow/dags/02_xcom_dag.py for tasks to queue
[2026-08-30T13:40:50.163+0000] {logging_mixin.py:190} INFO - [2026-08-30T13:40:50.163+0000] {dagbag.py:588} INFO - Filling up the DagBag from /opt/airflow/dags/02_xcom_dag.py
[2026-08-30T13:40:50.173+0000] {processor.py:925} INFO - DAG(s) 'xcom_dag' retrieved from /opt/airflow/dags/02_xcom_dag.py
[2026-08-30T13:40:50.198+0000] {logging_mixin.py:190} INFO - [2026-08-30T13:40:50.198+0000] {dag.py:3239} INFO - Sync 1 DAGs
[2026-08-30T13:40:50.206+0000] {logging_mixin.py:190} INFO - [2026-08-30T13:40:50.206+0000] {dag.py:4180} INFO - Setting next_dagrun for xcom_dag to None, run_after=None
[2026-08-30T13:40:50.222+0000] {processor.py:208} INFO - Processing /opt/airflow/dags/02_xcom_dag.py took 0.067 seconds
[2026-08-30T13:41:21.061+0000] {processor.py:186} INFO - Started process (PID=689) to work on /opt/airflow/dags/02_xcom_dag.py
[2026-08-30T13:41:21.063+0000] {processor.py:914} INFO - Processing file /opt/airflow/dags/02_xcom_dag.py for tasks to queue
[2026-08-30T13:41:21.064+0000] {logging_mixin.py:190} INFO - [2026-08-30T13:41:21.064+0000] {dagbag.py:588} INFO - Filling up the DagBag from /opt/airflow/dags/02_xcom_dag.py
[2026-08-30T13:41:21.073+0000] {processor.py:925} INFO - DAG(s) 'xcom_dag' retrieved from /opt/airflow/dags/02_xcom_dag.py
[2026-08-30T13:41:21.099+0000] {logging_mixin.py:190} INFO - [2026-08-30T13:41:21.098+0000] {dag.py:3239} INFO - Sync 1 DAGs
[2026-08-30T13:41:21.109+0000] {logging_mixin.py:190} INFO - [2026-08-30T13:41:21.109+0000] {dag.py:4180} INFO - Setting next_dagrun for xcom_dag to None, run_after=None
[2026-08-30T13:41:21.120+0000] {processor.py:208} INFO - Processing /opt/airflow/dags/02_xcom_dag.py took 0.065 seconds
[2026-08-30T13:41:51.745+0000] {processor.py:186} INFO - Started process (PID=701) to work on /opt/airflow/dags/02_xcom_dag.py
[2026-08-30T13:41:51.746+0000] {processor.py:914} INFO - Processing file /opt/airflow/dags/02_xcom_dag.py for tasks to queue
[2026-08-30T13:41:51.748+0000] {logging_mixin.py:190} INFO - [2026-08-30T13:41:51.748+0000] {dagbag.py:588} INFO - Filling up the DagBag from /opt/airflow/dags/02_xcom_dag.py
[2026-08-30T13:41:51.758+0000] {processor.py:925} INFO - DAG(s) 'xcom_dag' retrieved from /opt/airflow/dags/02_xcom_dag.py
[2026-08-30T13:41:51.783+0000] {logging_mixin.py:190} INFO - [2026-08-30T13:41:51.783+0000] {dag.py:3239} INFO - Sync 1 DAGs
[2026-08-30T13:41:51.791+0000] {logging_mixin.py:190} INFO - [2026-08-30T13:41:51.791+0000] {dag.py:4180} INFO - Setting next_dagrun for xcom_dag to None, run_after=None
[2026-08-30T13:41:51.804+0000] {processor.py:208} INFO - Processing /opt/airflow/dags/02_xcom_dag.py took 0.064 seconds
[2026-08-30T13:42:22.543+0000] {processor.py:186} INFO - Started process (PID=713) to work on /opt/airflow/dags/02_xcom_dag.py
[2026-08-30T13:42:22.545+0000] {processor.py:914} INFO - Processing file /opt/airflow/dags/02_xcom_dag.py for tasks to queue
[2026-08-30T13:42:22.547+0000] {logging_mixin.py:190} INFO - [2026-08-30T13:42:22.547+0000] {dagbag.py:588} INFO - Filling up the DagBag from /opt/airflow/dags/02_xcom_dag.py
[2026-08-30T13:42:22.556+0000] {processor.py:925} INFO - DAG(s) 'xcom_dag' retrieved from /opt/airflow/dags/02_xcom_dag.py
[2026-08-30T13:42:22.581+0000] {logging_mixin.py:190} INFO - [2026-08-30T13:42:22.581+0000] {dag.py:3239} INFO - Sync 1 DAGs
[2026-08-30T13:42:22.592+0000] {logging_mixin.py:190} INFO - [2026-08-30T13:42:22.592+0000] {dag.py:4180} INFO - Setting next_dagrun for xcom_dag to None, run_after=None
[2026-08-30T13:42:22.606+0000] {processor.py:208} INFO - Processing /opt/airflow/dags/02_xcom_dag.py took 0.066 seconds
[2026-08-30T13:42:53.296+0000] {processor.py:186} INFO - Started process (PID=725) to work on /opt/airflow/dags/02_xcom_dag.py
[2026-08-30T13:42:53.299+0000] {processor.py:914} INFO - Processing file /opt/airflow/dags/02_xcom_dag.py for tasks to queue
[2026-08-30T13:42:53.301+0000] {logging_mixin.py:190} INFO - [2026-08-30T13:42:53.300+0000] {dagbag.py:588} INFO - Filling up the DagBag from /opt/airflow/dags/02_xcom_dag.py
[2026-08-30T13:42:53.308+0000] {processor.py:925} INFO - DAG(s) 'xcom_dag' retrieved from /opt/airflow/dags/02_xcom_dag.py
[2026-08-30T13:42:53.328+0000] {logging_mixin.py:190} INFO - [2026-08-30T13:42:53.328+0000] {dag.py:3239} INFO - Sync 1 DAGs
[2026-08-30T13:42:53.336+0000] {logging_mixin.py:190} INFO - [2026-08-30T13:42:53.336+0000] {dag.py:4180} INFO - Setting next_dagrun for xcom_dag to None, run_after=None
[2026-08-30T13:42:53.349+0000] {processor.py:208} INFO - Processing /opt/airflow/dags/02_xcom_dag.py took 0.057 seconds
[2026-08-30T13:43:24.076+0000] {processor.py:186} INFO - Started process (PID=737) to work on /opt/airflow/dags/02_xcom_dag.py
[2026-08-30T13:43:24.078+0000] {processor.py:914} INFO - Processing file /opt/airflow/dags/02_xcom_dag.py for tasks to queue
[2026-08-30T13:43:24.080+0000] {logging_mixin.py:190} INFO - [2026-08-30T13:43:24.080+0000] {dagbag.py:588} INFO - Filling up the DagBag from /opt/airflow/dags/02_xcom_dag.py
[2026-08-30T13:43:24.088+0000] {processor.py:925} INFO - DAG(s) 'xcom_dag' retrieved from /opt/airflow/dags/02_xcom_dag.py
[2026-08-30T13:43:24.109+0000] {logging_mixin.py:190} INFO - [2026-08-30T13:43:24.109+0000] {dag.py:3239} INFO - Sync 1 DAGs
[2026-08-30T13:43:24.120+0000] {logging_mixin.py:190} INFO - [2026-08-30T13:43:24.120+0000] {dag.py:4180} INFO - Setting next_dagrun for xcom_dag to None, run_after=None
[2026-08-30T13:43:24.161+0000] {processor.py:208} INFO - Processing /opt/airflow/dags/02_xcom_dag.py took 0.089 seconds
[2026-08-30T13:43:54.875+0000] {processor.py:186} INFO - Started process (PID=749) to work on /opt/airflow/dags/02_xcom_dag.py
[2026-08-30T13:43:54.876+0000] {processor.py:914} INFO - Processing file /opt/airflow/dags/02_xcom_dag.py for tasks to queue
[2026-08-30T13:43:54.877+0000] {logging_mixin.py:190} INFO - [2026-08-30T13:43:54.877+0000] {dagbag.py:588} INFO - Filling up the DagBag from /opt/airflow/dags/02_xcom_dag.py
[2026-08-30T13:43:54.890+0000] {processor.py:925} INFO - DAG(s) 'xcom_dag' retrieved from /opt/airflow/dags/02_xcom_dag.py
[2026-08-30T13:43:54.910+0000] {logging_mixin.py:190} INFO - [2026-08-30T13:43:54.910+0000] {dag.py:3239} INFO - Sync 1 DAGs
[2026-08-30T13:43:54.919+0000] {logging_mixin.py:190} INFO - [2026-08-30T13:43:54.918+0000] {dag.py:4180} INFO - Setting next_dagrun for xcom_dag to None, run_after=None
[2026-08-30T13:43:54.931+0000] {processor.py:208} INFO - Processing /opt/airflow/dags/02_xcom_dag.py took 0.061 seconds
[2026-08-30T13:44:25.609+0000] {processor.py:186} INFO - Started process (PID=761) to work on /opt/airflow/dags/02_xcom_dag.py
[2026-08-30T13:44:25.610+0000] {processor.py:914} INFO - Processing file /opt/airflow/dags/02_xcom_dag.py for tasks to queue
[2026-08-30T13:44:25.613+0000] {logging_mixin.py:190} INFO - [2026-08-30T13:44:25.613+0000] {dagbag.py:588} INFO - Filling up the DagBag from /opt/airflow/dags/02_xcom_dag.py
[2026-08-30T13:44:25.622+0000] {processor.py:925} INFO - DAG(s) 'xcom_dag' retrieved from /opt/airflow/dags/02_xcom_dag.py
[2026-08-30T13:44:25.648+0000] {logging_mixin.py:190} INFO - [2026-08-30T13:44:25.647+0000] {dag.py:3239} INFO - Sync 1 DAGs
[2026-08-30T13:44:25.663+0000] {logging_mixin.py:190} INFO - [2026-08-30T13:44:25.663+0000] {dag.py:4180} INFO - Setting next_dagrun for xcom_dag to None, run_after=None
[2026-08-30T13:44:25.674+0000] {processor.py:208} INFO - Processing /opt/airflow/dags/02_xcom_dag.py took 0.069 seconds
[2026-08-30T13:44:56.390+0000] {processor.py:186} INFO - Started process (PID=773) to work on /opt/airflow/dags/02_xcom_dag.py
[2026-08-30T13:44:56.391+0000] {processor.py:914} INFO - Processing file /opt/airflow/dags/02_xcom_dag.py for tasks to queue
[2026-08-30T13:44:56.393+0000] {logging_mixin.py:190} INFO - [2026-08-30T13:44:56.393+0000] {dagbag.py:588} INFO - Filling up the DagBag from /opt/airflow/dags/02_xcom_dag.py
[2026-08-30T13:44:56.401+0000] {processor.py:925} INFO - DAG(s) 'xcom_dag' retrieved from /opt/airflow/dags/02_xcom_dag.py
[2026-08-30T13:44:56.425+0000] {logging_mixin.py:190} INFO - [2026-08-30T13:44:56.425+0000] {dag.py:3239} INFO - Sync 1 DAGs
[2026-08-30T13:44:56.435+0000] {logging_mixin.py:190} INFO - [2026-08-30T13:44:56.435+0000] {dag.py:4180} INFO - Setting next_dagrun for xcom_dag to None, run_after=None
[2026-08-30T13:44:56.447+0000] {processor.py:208} INFO - Processing /opt/airflow/dags/02_xcom_dag.py took 0.061 seconds
[2026-08-30T13:45:27.172+0000] {processor.py:186} INFO - Started process (PID=785) to work on /opt/airflow/dags/02_xcom_dag.py
[2026-08-30T13:45:27.173+0000] {processor.py:914} INFO - Processing file /opt/airflow/dags/02_xcom_dag.py for tasks to queue
[2026-08-30T13:45:27.174+0000] {logging_mixin.py:190} INFO - [2026-08-30T13:45:27.174+0000] {dagbag.py:588} INFO - Filling up the DagBag from /opt/airflow/dags/02_xcom_dag.py
[2026-08-30T13:45:27.183+0000] {processor.py:925} INFO - DAG(s) 'xcom_dag' retrieved from /opt/airflow/dags/02_xcom_dag.py
[2026-08-30T13:45:27.214+0000] {logging_mixin.py:190} INFO - [2026-08-30T13:45:27.213+0000] {dag.py:3239} INFO - Sync 1 DAGs
[2026-08-30T13:45:27.224+0000] {logging_mixin.py:190} INFO - [2026-08-30T13:45:27.224+0000] {dag.py:4180} INFO - Setting next_dagrun for xcom_dag to None, run_after=None
[2026-08-30T13:45:27.234+0000] {processor.py:208} INFO - Processing /opt/airflow/dags/02_xcom_dag.py took 0.068 seconds
[2026-08-30T13:45:57.876+0000] {processor.py:186} INFO - Started process (PID=797) to work on /opt/airflow/dags/02_xcom_dag.py
[2026-08-30T13:45:57.877+0000] {processor.py:914} INFO - Processing file /opt/airflow/dags/02_xcom_dag.py for tasks to queue
[2026-08-30T13:45:57.881+0000] {logging_mixin.py:190} INFO - [2026-08-30T13:45:57.881+0000] {dagbag.py:588} INFO - Filling up the DagBag from /opt/airflow/dags/02_xcom_dag.py
[2026-08-30T13:45:57.890+0000] {processor.py:925} INFO - DAG(s) 'xcom_dag' retrieved from /opt/airflow/dags/02_xcom_dag.py
[2026-08-30T13:45:57.919+0000] {logging_mixin.py:190} INFO - [2026-08-30T13:45:57.919+0000] {dag.py:3239} INFO - Sync 1 DAGs
[2026-08-30T13:45:57.931+0000] {logging_mixin.py:190} INFO - [2026-08-30T13:45:57.931+0000] {dag.py:4180} INFO - Setting next_dagrun for xcom_dag to None, run_after=None
[2026-08-30T13:45:57.944+0000] {processor.py:208} INFO - Processing /opt/airflow/dags/02_xcom_dag.py took 0.073 seconds
[2026-08-30T13:46:28.693+0000] {processor.py:186} INFO - Started process (PID=809) to work on /opt/airflow/dags/02_xcom_dag.py
[2026-08-30T13:46:28.694+0000] {processor.py:914} INFO - Processing file /opt/airflow/dags/02_xcom_dag.py for tasks to queue
[2026-08-30T13:46:28.696+0000] {logging_mixin.py:190} INFO - [2026-08-30T13:46:28.695+0000] {dagbag.py:588} INFO - Filling up the DagBag from /opt/airflow/dags/02_xcom_dag.py
[2026-08-30T13:46:28.705+0000] {processor.py:925} INFO - DAG(s) 'xcom_dag' retrieved from /opt/airflow/dags/02_xcom_dag.py
[2026-08-30T13:46:28.722+0000] {logging_mixin.py:190} INFO - [2026-08-30T13:46:28.721+0000] {dag.py:3239} INFO - Sync 1 DAGs
[2026-08-30T13:46:28.728+0000] {logging_mixin.py:190} INFO - [2026-08-30T13:46:28.728+0000] {dag.py:4180} INFO - Setting next_dagrun for xcom_dag to None, run_after=None
[2026-08-30T13:46:28.735+0000] {processor.py:208} INFO - Processing /opt/airflow/dags/02_xcom_dag.py took 0.046 seconds
[2026-08-30T13:46:59.337+0000] {processor.py:186} INFO - Started process (PID=821) to work on /opt/airflow/dags/02_xcom_dag.py
[2026-08-30T13:46:59.338+0000] {processor.py:914} INFO - Processing file /opt/airflow/dags/02_xcom_dag.py for tasks to queue
[2026-08-30T13:46:59.342+0000] {logging_mixin.py:190} INFO - [2026-08-30T13:46:59.342+0000] {dagbag.py:588} INFO - Filling up the DagBag from /opt/airflow/dags/02_xcom_dag.py
[2026-08-30T13:46:59.351+0000] {processor.py:925} INFO - DAG(s) 'xcom_dag' retrieved from /opt/airflow/dags/02_xcom_dag.py
[2026-08-30T13:46:59.374+0000] {logging_mixin.py:190} INFO - [2026-08-30T13:46:59.374+0000] {dag.py:3239} INFO - Sync 1 DAGs
[2026-08-30T13:46:59.382+0000] {logging_mixin.py:190} INFO - [2026-08-30T13:46:59.382+0000] {dag.py:4180} INFO - Setting next_dagrun for xcom_dag to None, run_after=None
[2026-08-30T13:46:59.397+0000] {processor.py:208} INFO - Processing /opt/airflow/dags/02_xcom_dag.py took 0.064 seconds
[2026-08-30T13:47:30.076+0000] {processor.py:186} INFO - Started process (PID=833) to work on /opt/airflow/dags/02_xcom_dag.py
[2026-08-30T13:47:30.079+0000] {processor.py:914} INFO - Processing file /opt/airflow/dags/02_xcom_dag.py for tasks to queue
[2026-08-30T13:47:30.081+0000] {logging_mixin.py:190} INFO - [2026-08-30T13:47:30.081+0000] {dagbag.py:588} INFO - Filling up the DagBag from /opt/airflow/dags/02_xcom_dag.py
[2026-08-30T13:47:30.088+0000] {processor.py:925} INFO - DAG(s) 'xcom_dag' retrieved from /opt/airflow/dags/02_xcom_dag.py
[2026-08-30T13:47:30.114+0000] {logging_mixin.py:190} INFO - [2026-08-30T13:47:30.114+0000] {dag.py:3239} INFO - Sync 1 DAGs
[2026-08-30T13:47:30.123+0000] {logging_mixin.py:190} INFO - [2026-08-30T13:47:30.123+0000] {dag.py:4180} INFO - Setting next_dagrun for xcom_dag to None, run_after=None
[2026-08-30T13:47:30.139+0000] {processor.py:208} INFO - Processing /opt/airflow/dags/02_xcom_dag.py took 0.067 seconds
[2026-08-30T13:48:00.838+0000] {processor.py:186} INFO - Started process (PID=845) to work on /opt/airflow/dags/02_xcom_dag.py
[2026-08-30T13:48:00.840+0000] {processor.py:914} INFO - Processing file /opt/airflow/dags/02_xcom_dag.py for tasks to queue
[2026-08-30T13:48:00.842+0000] {logging_mixin.py:190} INFO - [2026-08-30T13:48:00.842+0000] {dagbag.py:588} INFO - Filling up the DagBag from /opt/airflow/dags/02_xcom_dag.py
[2026-08-30T13:48:00.856+0000] {processor.py:925} INFO - DAG(s) 'xcom_dag' retrieved from /opt/airflow/dags/02_xcom_dag.py
[2026-08-30T13:48:00.877+0000] {logging_mixin.py:190} INFO - [2026-08-30T13:48:00.877+0000] {dag.py:3239} INFO - Sync 1 DAGs
[2026-08-30T13:48:00.885+0000] {logging_mixin.py:190} INFO - [2026-08-30T13:48:00.885+0000] {dag.py:4180} INFO - Setting next_dagrun for xcom_dag to None, run_after=None
[2026-08-30T13:48:00.897+0000] {processor.py:208} INFO - Processing /opt/airflow/dags/02_xcom_dag.py took 0.065 seconds
[2026-08-30T13:48:31.638+0000] {processor.py:186} INFO - Started process (PID=857) to work on /opt/airflow/dags/02_xcom_dag.py
[2026-08-30T13:48:31.639+0000] {processor.py:914} INFO - Processing file /opt/airflow/dags/02_xcom_dag.py for tasks to queue
[2026-08-30T13:48:31.642+0000] {logging_mixin.py:190} INFO - [2026-08-30T13:48:31.641+0000] {dagbag.py:588} INFO - Filling up the DagBag from /opt/airflow/dags/02_xcom_dag.py
[2026-08-30T13:48:31.655+0000] {processor.py:925} INFO - DAG(s) 'xcom_dag' retrieved from /opt/airflow/dags/02_xcom_dag.py
[2026-08-30T13:48:31.680+0000] {logging_mixin.py:190} INFO - [2026-08-30T13:48:31.679+0000] {dag.py:3239} INFO - Sync 1 DAGs
[2026-08-30T13:48:31.696+0000] {logging_mixin.py:190} INFO - [2026-08-30T13:48:31.696+0000] {dag.py:4180} INFO - Setting next_dagrun for xcom_dag to None, run_after=None
[2026-08-30T13:48:31.711+0000] {processor.py:208} INFO - Processing /opt/airflow/dags/02_xcom_dag.py took 0.077 seconds
[2026-08-30T13:49:02.428+0000] {processor.py:186} INFO - Started process (PID=869) to work on /opt/airflow/dags/02_xcom_dag.py
[2026-08-30T13:49:02.429+0000] {processor.py:914} INFO - Processing file /opt/airflow/dags/02_xcom_dag.py for tasks to queue
[2026-08-30T13:49:02.431+0000] {logging_mixin.py:190} INFO - [2026-08-30T13:49:02.431+0000] {dagbag.py:588} INFO - Filling up the DagBag from /opt/airflow/dags/02_xcom_dag.py
[2026-08-30T13:49:02.440+0000] {processor.py:925} INFO - DAG(s) 'xcom_dag' retrieved from /opt/airflow/dags/02_xcom_dag.py
[2026-08-30T13:49:02.460+0000] {logging_mixin.py:190} INFO - [2026-08-30T13:49:02.460+0000] {dag.py:3239} INFO - Sync 1 DAGs
[2026-08-30T13:49:02.469+0000] {logging_mixin.py:190} INFO - [2026-08-30T13:49:02.469+0000] {dag.py:4180} INFO - Setting next_dagrun for xcom_dag to None, run_after=None
[2026-08-30T13:49:02.485+0000] {processor.py:208} INFO - Processing /opt/airflow/dags/02_xcom_dag.py took 0.061 seconds
[2026-08-30T13:49:33.229+0000] {processor.py:186} INFO - Started process (PID=881) to work on /opt/airflow/dags/02_xcom_dag.py
[2026-08-30T13:49:33.230+0000] {processor.py:914} INFO - Processing file /opt/airflow/dags/02_xcom_dag.py for tasks to queue
[2026-08-30T13:49:33.233+0000] {logging_mixin.py:190} INFO - [2026-08-30T13:49:33.233+0000] {dagbag.py:588} INFO - Filling up the DagBag from /opt/airflow/dags/02_xcom_dag.py
[2026-08-30T13:49:33.241+0000] {processor.py:925} INFO - DAG(s) 'xcom_dag' retrieved from /opt/airflow/dags/02_xcom_dag.py
[2026-08-30T13:49:33.266+0000] {logging_mixin.py:190} INFO - [2026-08-30T13:49:33.265+0000] {dag.py:3239} INFO - Sync 1 DAGs
[2026-08-30T13:49:33.279+0000] {logging_mixin.py:190} INFO - [2026-08-30T13:49:33.279+0000] {dag.py:4180} INFO - Setting next_dagrun for xcom_dag to None, run_after=None
[2026-08-30T13:49:33.298+0000] {processor.py:208} INFO - Processing /opt/airflow/dags/02_xcom_dag.py took 0.073 seconds
[2026-08-30T13:50:04.117+0000] {processor.py:186} INFO - Started process (PID=894) to work on /opt/airflow/dags/02_xcom_dag.py
[2026-08-30T13:50:04.118+0000] {processor.py:914} INFO - Processing file /opt/airflow/dags/02_xcom_dag.py for tasks to queue
[2026-08-30T13:50:04.120+0000] {logging_mixin.py:190} INFO - [2026-08-30T13:50:04.120+0000] {dagbag.py:588} INFO - Filling up the DagBag from /opt/airflow/dags/02_xcom_dag.py
[2026-08-30T13:50:04.132+0000] {processor.py:925} INFO - DAG(s) 'xcom_dag' retrieved from /opt/airflow/dags/02_xcom_dag.py
[2026-08-30T13:50:04.148+0000] {logging_mixin.py:190} INFO - [2026-08-30T13:50:04.148+0000] {dag.py:3239} INFO - Sync 1 DAGs
[2026-08-30T13:50:04.158+0000] {logging_mixin.py:190} INFO - [2026-08-30T13:50:04.158+0000] {dag.py:4180} INFO - Setting next_dagrun for xcom_dag to None, run_after=None
[2026-08-30T13:50:04.180+0000] {processor.py:208} INFO - Processing /opt/airflow/dags/02_xcom_dag.py took 0.067 seconds
[2026-08-30T13:50:34.978+0000] {processor.py:186} INFO - Started process (PID=907) to work on /opt/airflow/dags/02_xcom_dag.py
[2026-08-30T13:50:34.979+0000] {processor.py:914} INFO - Processing file /opt/airflow/dags/02_xcom_dag.py for tasks to queue
[2026-08-30T13:50:34.981+0000] {logging_mixin.py:190} INFO - [2026-08-30T13:50:34.981+0000] {dagbag.py:588} INFO - Filling up the DagBag from /opt/airflow/dags/02_xcom_dag.py
[2026-08-30T13:50:34.990+0000] {processor.py:925} INFO - DAG(s) 'xcom_dag' retrieved from /opt/airflow/dags/02_xcom_dag.py
[2026-08-30T13:50:35.016+0000] {logging_mixin.py:190} INFO - [2026-08-30T13:50:35.015+0000] {dag.py:3239} INFO - Sync 1 DAGs
[2026-08-30T13:50:35.035+0000] {logging_mixin.py:190} INFO - [2026-08-30T13:50:35.035+0000] {dag.py:4180} INFO - Setting next_dagrun for xcom_dag to None, run_after=None
[2026-08-30T13:50:35.051+0000] {processor.py:208} INFO - Processing /opt/airflow/dags/02_xcom_dag.py took 0.078 seconds
[2026-08-30T13:51:05.726+0000] {processor.py:186} INFO - Started process (PID=919) to work on /opt/airflow/dags/02_xcom_dag.py
[2026-08-30T13:51:05.730+0000] {processor.py:914} INFO - Processing file /opt/airflow/dags/02_xcom_dag.py for tasks to queue
[2026-08-30T13:51:05.731+0000] {logging_mixin.py:190} INFO - [2026-08-30T13:51:05.731+0000] {dagbag.py:588} INFO - Filling up the DagBag from /opt/airflow/dags/02_xcom_dag.py
[2026-08-30T13:51:05.739+0000] {processor.py:925} INFO - DAG(s) 'xcom_dag' retrieved from /opt/airflow/dags/02_xcom_dag.py
[2026-08-30T13:51:05.758+0000] {logging_mixin.py:190} INFO - [2026-08-30T13:51:05.758+0000] {dag.py:3239} INFO - Sync 1 DAGs
[2026-08-30T13:51:05.768+0000] {logging_mixin.py:190} INFO - [2026-08-30T13:51:05.768+0000] {dag.py:4180} INFO - Setting next_dagrun for xcom_dag to None, run_after=None
[2026-08-30T13:51:05.784+0000] {processor.py:208} INFO - Processing /opt/airflow/dags/02_xcom_dag.py took 0.062 seconds
[2026-08-30T13:51:36.580+0000] {processor.py:186} INFO - Started process (PID=931) to work on /opt/airflow/dags/02_xcom_dag.py
[2026-08-30T13:51:36.582+0000] {processor.py:914} INFO - Processing file /opt/airflow/dags/02_xcom_dag.py for tasks to queue
[2026-08-30T13:51:36.583+0000] {logging_mixin.py:190} INFO - [2026-08-30T13:51:36.583+0000] {dagbag.py:588} INFO - Filling up the DagBag from /opt/airflow/dags/02_xcom_dag.py
[2026-08-30T13:51:36.591+0000] {processor.py:925} INFO - DAG(s) 'xcom_dag' retrieved from /opt/airflow/dags/02_xcom_dag.py
[2026-08-30T13:51:36.609+0000] {logging_mixin.py:190} INFO - [2026-08-30T13:51:36.609+0000] {dag.py:3239} INFO - Sync 1 DAGs
[2026-08-30T13:51:36.618+0000] {logging_mixin.py:190} INFO - [2026-08-30T13:51:36.618+0000] {dag.py:4180} INFO - Setting next_dagrun for xcom_dag to None, run_after=None
[2026-08-30T13:51:36.632+0000] {processor.py:208} INFO - Processing /opt/airflow/dags/02_xcom_dag.py took 0.061 seconds
[2026-08-30T13:52:07.240+0000] {processor.py:186} INFO - Started process (PID=943) to work on /opt/airflow/dags/02_xcom_dag.py
[2026-08-30T13:52:07.241+0000] {processor.py:914} INFO - Processing file /opt/airflow/dags/02_xcom_dag.py for tasks to queue
[2026-08-30T13:52:07.243+0000] {logging_mixin.py:190} INFO - [2026-08-30T13:52:07.243+0000] {dagbag.py:588} INFO - Filling up the DagBag from /opt/airflow/dags/02_xcom_dag.py
[2026-08-30T13:52:07.250+0000] {processor.py:925} INFO - DAG(s) 'xcom_dag' retrieved from /opt/airflow/dags/02_xcom_dag.py
[2026-08-30T13:52:07.276+0000] {logging_mixin.py:190} INFO - [2026-08-30T13:52:07.276+0000] {dag.py:3239} INFO - Sync 1 DAGs
[2026-08-30T13:52:07.287+0000] {logging_mixin.py:190} INFO - [2026-08-30T13:52:07.286+0000] {dag.py:4180} INFO - Setting next_dagrun for xcom_dag to None, run_after=None
[2026-08-30T13:52:07.299+0000] {processor.py:208} INFO - Processing /opt/airflow/dags/02_xcom_dag.py took 0.064 seconds
[2026-08-30T13:52:38.026+0000] {processor.py:186} INFO - Started process (PID=955) to work on /opt/airflow/dags/02_xcom_dag.py
[2026-08-30T13:52:38.027+0000] {processor.py:914} INFO - Processing file /opt/airflow/dags/02_xcom_dag.py for tasks to queue
[2026-08-30T13:52:38.030+0000] {logging_mixin.py:190} INFO - [2026-08-30T13:52:38.030+0000] {dagbag.py:588} INFO - Filling up the DagBag from /opt/airflow/dags/02_xcom_dag.py
[2026-08-30T13:52:38.040+0000] {processor.py:925} INFO - DAG(s) 'xcom_dag' retrieved from /opt/airflow/dags/02_xcom_dag.py
[2026-08-30T13:52:38.060+0000] {logging_mixin.py:190} INFO - [2026-08-30T13:52:38.060+0000] {dag.py:3239} INFO - Sync 1 DAGs
[2026-08-30T13:52:38.069+0000] {logging_mixin.py:190} INFO - [2026-08-30T13:52:38.069+0000] {dag.py:4180} INFO - Setting next_dagrun for xcom_dag to None, run_after=None
[2026-08-30T13:52:38.081+0000] {processor.py:208} INFO - Processing /opt/airflow/dags/02_xcom_dag.py took 0.061 seconds
[2026-08-30T13:53:08.767+0000] {processor.py:186} INFO - Started process (PID=967) to work on /opt/airflow/dags/02_xcom_dag.py
[2026-08-30T13:53:08.768+0000] {processor.py:914} INFO - Processing file /opt/airflow/dags/02_xcom_dag.py for tasks to queue
[2026-08-30T13:53:08.772+0000] {logging_mixin.py:190} INFO - [2026-08-30T13:53:08.771+0000] {dagbag.py:588} INFO - Filling up the DagBag from /opt/airflow/dags/02_xcom_dag.py
[2026-08-30T13:53:08.779+0000] {processor.py:925} INFO - DAG(s) 'xcom_dag' retrieved from /opt/airflow/dags/02_xcom_dag.py
[2026-08-30T13:53:08.804+0000] {logging_mixin.py:190} INFO - [2026-08-30T13:53:08.803+0000] {dag.py:3239} INFO - Sync 1 DAGs
[2026-08-30T13:53:08.815+0000] {logging_mixin.py:190} INFO - [2026-08-30T13:53:08.815+0000] {dag.py:4180} INFO - Setting next_dagrun for xcom_dag to None, run_after=None
[2026-08-30T13:53:08.827+0000] {processor.py:208} INFO - Processing /opt/airflow/dags/02_xcom_dag.py took 0.068 seconds
[2026-08-30T13:53:39.509+0000] {processor.py:186} INFO - Started process (PID=979) to work on /opt/airflow/dags/02_xcom_dag.py
[2026-08-30T13:53:39.511+0000] {processor.py:914} INFO - Processing file /opt/airflow/dags/02_xcom_dag.py for tasks to queue
[2026-08-30T13:53:39.513+0000] {logging_mixin.py:190} INFO - [2026-08-30T13:53:39.513+0000] {dagbag.py:588} INFO - Filling up the DagBag from /opt/airflow/dags/02_xcom_dag.py
[2026-08-30T13:53:39.522+0000] {processor.py:925} INFO - DAG(s) 'xcom_dag' retrieved from /opt/airflow/dags/02_xcom_dag.py
[2026-08-30T13:53:39.540+0000] {logging_mixin.py:190} INFO - [2026-08-30T13:53:39.540+0000] {dag.py:3239} INFO - Sync 1 DAGs
[2026-08-30T13:53:39.549+0000] {logging_mixin.py:190} INFO - [2026-08-30T13:53:39.549+0000] {dag.py:4180} INFO - Setting next_dagrun for xcom_dag to None, run_after=None
[2026-08-30T13:53:39.564+0000] {processor.py:208} INFO - Processing /opt/airflow/dags/02_xcom_dag.py took 0.059 seconds
[2026-08-30T13:54:10.292+0000] {processor.py:186} INFO - Started process (PID=991) to work on /opt/airflow/dags/02_xcom_dag.py
[2026-08-30T13:54:10.293+0000] {processor.py:914} INFO - Processing file /opt/airflow/dags/02_xcom_dag.py for tasks to queue
[2026-08-30T13:54:10.295+0000] {logging_mixin.py:190} INFO - [2026-08-30T13:54:10.295+0000] {dagbag.py:588} INFO - Filling up the DagBag from /opt/airflow/dags/02_xcom_dag.py
[2026-08-30T13:54:10.303+0000] {processor.py:925} INFO - DAG(s) 'xcom_dag' retrieved from /opt/airflow/dags/02_xcom_dag.py
[2026-08-30T13:54:10.324+0000] {logging_mixin.py:190} INFO - [2026-08-30T13:54:10.323+0000] {dag.py:3239} INFO - Sync 1 DAGs
[2026-08-30T13:54:10.334+0000] {logging_mixin.py:190} INFO - [2026-08-30T13:54:10.334+0000] {dag.py:4180} INFO - Setting next_dagrun for xcom_dag to None, run_after=None
[2026-08-30T13:54:10.352+0000] {processor.py:208} INFO - Processing /opt/airflow/dags/02_xcom_dag.py took 0.064 seconds
[2026-08-30T13:54:41.052+0000] {processor.py:186} INFO - Started process (PID=1003) to work on /opt/airflow/dags/02_xcom_dag.py
[2026-08-30T13:54:41.053+0000] {processor.py:914} INFO - Processing file /opt/airflow/dags/02_xcom_dag.py for tasks to queue
[2026-08-30T13:54:41.055+0000] {logging_mixin.py:190} INFO - [2026-08-30T13:54:41.055+0000] {dagbag.py:588} INFO - Filling up the DagBag from /opt/airflow/dags/02_xcom_dag.py
[2026-08-30T13:54:41.063+0000] {processor.py:925} INFO - DAG(s) 'xcom_dag' retrieved from /opt/airflow/dags/02_xcom_dag.py
[2026-08-30T13:54:41.082+0000] {logging_mixin.py:190} INFO - [2026-08-30T13:54:41.082+0000] {dag.py:3239} INFO - Sync 1 DAGs
[2026-08-30T13:54:41.091+0000] {logging_mixin.py:190} INFO - [2026-08-30T13:54:41.091+0000] {dag.py:4180} INFO - Setting next_dagrun for xcom_dag to None, run_after=None
[2026-08-30T13:54:41.107+0000] {processor.py:208} INFO - Processing /opt/airflow/dags/02_xcom_dag.py took 0.060 seconds
[2026-08-30T13:55:11.828+0000] {processor.py:186} INFO - Started process (PID=1015) to work on /opt/airflow/dags/02_xcom_dag.py
[2026-08-30T13:55:11.829+0000] {processor.py:914} INFO - Processing file /opt/airflow/dags/02_xcom_dag.py for tasks to queue
[2026-08-30T13:55:11.830+0000] {logging_mixin.py:190} INFO - [2026-08-30T13:55:11.830+0000] {dagbag.py:588} INFO - Filling up the DagBag from /opt/airflow/dags/02_xcom_dag.py
[2026-08-30T13:55:11.839+0000] {processor.py:925} INFO - DAG(s) 'xcom_dag' retrieved from /opt/airflow/dags/02_xcom_dag.py
[2026-08-30T13:55:11.860+0000] {logging_mixin.py:190} INFO - [2026-08-30T13:55:11.860+0000] {dag.py:3239} INFO - Sync 1 DAGs
[2026-08-30T13:55:11.875+0000] {logging_mixin.py:190} INFO - [2026-08-30T13:55:11.874+0000] {dag.py:4180} INFO - Setting next_dagrun for xcom_dag to None, run_after=None
[2026-08-30T13:55:11.894+0000] {processor.py:208} INFO - Processing /opt/airflow/dags/02_xcom_dag.py took 0.068 seconds
[2026-08-30T13:55:42.717+0000] {processor.py:186} INFO - Started process (PID=1027) to work on /opt/airflow/dags/02_xcom_dag.py
[2026-08-30T13:55:42.718+0000] {processor.py:914} INFO - Processing file /opt/airflow/dags/02_xcom_dag.py for tasks to queue
[2026-08-30T13:55:42.720+0000] {logging_mixin.py:190} INFO - [2026-08-30T13:55:42.720+0000] {dagbag.py:588} INFO - Filling up the DagBag from /opt/airflow/dags/02_xcom_dag.py
[2026-08-30T13:55:42.727+0000] {processor.py:925} INFO - DAG(s) 'xcom_dag' retrieved from /opt/airflow/dags/02_xcom_dag.py
[2026-08-30T13:55:42.751+0000] {logging_mixin.py:190} INFO - [2026-08-30T13:55:42.751+0000] {dag.py:3239} INFO - Sync 1 DAGs
[2026-08-30T13:55:42.762+0000] {logging_mixin.py:190} INFO - [2026-08-30T13:55:42.762+0000] {dag.py:4180} INFO - Setting next_dagrun for xcom_dag to None, run_after=None
[2026-08-30T13:55:42.777+0000] {processor.py:208} INFO - Processing /opt/airflow/dags/02_xcom_dag.py took 0.066 seconds
[2026-08-30T13:56:13.469+0000] {processor.py:186} INFO - Started process (PID=1039) to work on /opt/airflow/dags/02_xcom_dag.py
[2026-08-30T13:56:13.471+0000] {processor.py:914} INFO - Processing file /opt/airflow/dags/02_xcom_dag.py for tasks to queue
[2026-08-30T13:56:13.475+0000] {logging_mixin.py:190} INFO - [2026-08-30T13:56:13.475+0000] {dagbag.py:588} INFO - Filling up the DagBag from /opt/airflow/dags/02_xcom_dag.py
[2026-08-30T13:56:13.485+0000] {processor.py:925} INFO - DAG(s) 'xcom_dag' retrieved from /opt/airflow/dags/02_xcom_dag.py
[2026-08-30T13:56:13.507+0000] {logging_mixin.py:190} INFO - [2026-08-30T13:56:13.507+0000] {dag.py:3239} INFO - Sync 1 DAGs
[2026-08-30T13:56:13.516+0000] {logging_mixin.py:190} INFO - [2026-08-30T13:56:13.516+0000] {dag.py:4180} INFO - Setting next_dagrun for xcom_dag to None, run_after=None
[2026-08-30T13:56:13.533+0000] {processor.py:208} INFO - Processing /opt/airflow/dags/02_xcom_dag.py took 0.075 seconds
[2026-08-30T13:56:44.306+0000] {processor.py:186} INFO - Started process (PID=1051) to work on /opt/airflow/dags/02_xcom_dag.py
[2026-08-30T13:56:44.307+0000] {processor.py:914} INFO - Processing file /opt/airflow/dags/02_xcom_dag.py for tasks to queue
[2026-08-30T13:56:44.310+0000] {logging_mixin.py:190} INFO - [2026-08-30T13:56:44.309+0000] {dagbag.py:588} INFO - Filling up the DagBag from /opt/airflow/dags/02_xcom_dag.py
[2026-08-30T13:56:44.318+0000] {processor.py:925} INFO - DAG(s) 'xcom_dag' retrieved from /opt/airflow/dags/02_xcom_dag.py
[2026-08-30T13:56:44.344+0000] {logging_mixin.py:190} INFO - [2026-08-30T13:56:44.344+0000] {dag.py:3239} INFO - Sync 1 DAGs
[2026-08-30T13:56:44.359+0000] {logging_mixin.py:190} INFO - [2026-08-30T13:56:44.359+0000] {dag.py:4180} INFO - Setting next_dagrun for xcom_dag to None, run_after=None
[2026-08-30T13:56:44.379+0000] {processor.py:208} INFO - Processing /opt/airflow/dags/02_xcom_dag.py took 0.082 seconds
[2026-08-30T13:57:15.073+0000] {processor.py:186} INFO - Started process (PID=1063) to work on /opt/airflow/dags/02_xcom_dag.py
[2026-08-30T13:57:15.074+0000] {processor.py:914} INFO - Processing file /opt/airflow/dags/02_xcom_dag.py for tasks to queue
[2026-08-30T13:57:15.078+0000] {logging_mixin.py:190} INFO - [2026-08-30T13:57:15.077+0000] {dagbag.py:588} INFO - Filling up the DagBag from /opt/airflow/dags/02_xcom_dag.py
[2026-08-30T13:57:15.087+0000] {processor.py:925} INFO - DAG(s) 'xcom_dag' retrieved from /opt/airflow/dags/02_xcom_dag.py
[2026-08-30T13:57:15.108+0000] {logging_mixin.py:190} INFO - [2026-08-30T13:57:15.108+0000] {dag.py:3239} INFO - Sync 1 DAGs
[2026-08-30T13:57:15.117+0000] {logging_mixin.py:190} INFO - [2026-08-30T13:57:15.117+0000] {dag.py:4180} INFO - Setting next_dagrun for xcom_dag to None, run_after=None
[2026-08-30T13:57:15.130+0000] {processor.py:208} INFO - Processing /opt/airflow/dags/02_xcom_dag.py took 0.063 seconds
[2026-08-30T13:57:45.860+0000] {processor.py:186} INFO - Started process (PID=1075) to work on /opt/airflow/dags/02_xcom_dag.py
[2026-08-30T13:57:45.861+0000] {processor.py:914} INFO - Processing file /opt/airflow/dags/02_xcom_dag.py for tasks to queue
[2026-08-30T13:57:45.864+0000] {logging_mixin.py:190} INFO - [2026-08-30T13:57:45.864+0000] {dagbag.py:588} INFO - Filling up the DagBag from /opt/airflow/dags/02_xcom_dag.py
[2026-08-30T13:57:45.875+0000] {processor.py:925} INFO - DAG(s) 'xcom_dag' retrieved from /opt/airflow/dags/02_xcom_dag.py
[2026-08-30T13:57:45.901+0000] {logging_mixin.py:190} INFO - [2026-08-30T13:57:45.901+0000] {dag.py:3239} INFO - Sync 1 DAGs
[2026-08-30T13:57:45.909+0000] {logging_mixin.py:190} INFO - [2026-08-30T13:57:45.909+0000] {dag.py:4180} INFO - Setting next_dagrun for xcom_dag to None, run_after=None
[2026-08-30T13:57:45.918+0000] {processor.py:208} INFO - Processing /opt/airflow/dags/02_xcom_dag.py took 0.063 seconds
[2026-08-30T13:58:16.597+0000] {processor.py:186} INFO - Started process (PID=1087) to work on /opt/airflow/dags/02_xcom_dag.py
[2026-08-30T13:58:16.599+0000] {processor.py:914} INFO - Processing file /opt/airflow/dags/02_xcom_dag.py for tasks to queue
[2026-08-30T13:58:16.600+0000] {logging_mixin.py:190} INFO - [2026-08-30T13:58:16.600+0000] {dagbag.py:588} INFO - Filling up the DagBag from /opt/airflow/dags/02_xcom_dag.py
[2026-08-30T13:58:16.608+0000] {processor.py:925} INFO - DAG(s) 'xcom_dag' retrieved from /opt/airflow/dags/02_xcom_dag.py
[2026-08-30T13:58:16.627+0000] {logging_mixin.py:190} INFO - [2026-08-30T13:58:16.627+0000] {dag.py:3239} INFO - Sync 1 DAGs
[2026-08-30T13:58:16.642+0000] {logging_mixin.py:190} INFO - [2026-08-30T13:58:16.642+0000] {dag.py:4180} INFO - Setting next_dagrun for xcom_dag to None, run_after=None
[2026-08-30T13:58:16.660+0000] {processor.py:208} INFO - Processing /opt/airflow/dags/02_xcom_dag.py took 0.070 seconds
[2026-08-30T13:58:47.465+0000] {processor.py:186} INFO - Started process (PID=1099) to work on /opt/airflow/dags/02_xcom_dag.py
[2026-08-30T13:58:47.466+0000] {processor.py:914} INFO - Processing file /opt/airflow/dags/02_xcom_dag.py for tasks to queue
[2026-08-30T13:58:47.469+0000] {logging_mixin.py:190} INFO - [2026-08-30T13:58:47.469+0000] {dagbag.py:588} INFO - Filling up the DagBag from /opt/airflow/dags/02_xcom_dag.py
[2026-08-30T13:58:47.490+0000] {processor.py:925} INFO - DAG(s) 'xcom_dag' retrieved from /opt/airflow/dags/02_xcom_dag.py
[2026-08-30T13:58:47.527+0000] {logging_mixin.py:190} INFO - [2026-08-30T13:58:47.527+0000] {dag.py:3239} INFO - Sync 1 DAGs
[2026-08-30T13:58:47.547+0000] {logging_mixin.py:190} INFO - [2026-08-30T13:58:47.547+0000] {dag.py:4180} INFO - Setting next_dagrun for xcom_dag to None, run_after=None
[2026-08-30T13:58:47.562+0000] {processor.py:208} INFO - Processing /opt/airflow/dags/02_xcom_dag.py took 0.132 seconds
[2026-08-30T13:59:18.295+0000] {processor.py:186} INFO - Started process (PID=1117) to work on /opt/airflow/dags/02_xcom_dag.py
[2026-08-30T13:59:18.300+0000] {processor.py:914} INFO - Processing file /opt/airflow/dags/02_xcom_dag.py for tasks to queue
[2026-08-30T13:59:18.303+0000] {logging_mixin.py:190} INFO - [2026-08-30T13:59:18.302+0000] {dagbag.py:588} INFO - Filling up the DagBag from /opt/airflow/dags/02_xcom_dag.py
[2026-08-30T13:59:18.315+0000] {processor.py:925} INFO - DAG(s) 'xcom_dag' retrieved from /opt/airflow/dags/02_xcom_dag.py
[2026-08-30T13:59:18.347+0000] {logging_mixin.py:190} INFO - [2026-08-30T13:59:18.347+0000] {dag.py:3239} INFO - Sync 1 DAGs
[2026-08-30T13:59:18.357+0000] {logging_mixin.py:190} INFO - [2026-08-30T13:59:18.357+0000] {dag.py:4180} INFO - Setting next_dagrun for xcom_dag to None, run_after=None
[2026-08-30T13:59:18.367+0000] {processor.py:208} INFO - Processing /opt/airflow/dags/02_xcom_dag.py took 0.080 seconds
[2026-08-30T13:59:49.054+0000] {processor.py:186} INFO - Started process (PID=1129) to work on /opt/airflow/dags/02_xcom_dag.py
[2026-08-30T13:59:49.055+0000] {processor.py:914} INFO - Processing file /opt/airflow/dags/02_xcom_dag.py for tasks to queue
[2026-08-30T13:59:49.057+0000] {logging_mixin.py:190} INFO - [2026-08-30T13:59:49.057+0000] {dagbag.py:588} INFO - Filling up the DagBag from /opt/airflow/dags/02_xcom_dag.py
[2026-08-30T13:59:49.076+0000] {processor.py:925} INFO - DAG(s) 'xcom_dag' retrieved from /opt/airflow/dags/02_xcom_dag.py
[2026-08-30T13:59:49.102+0000] {logging_mixin.py:190} INFO - [2026-08-30T13:59:49.102+0000] {dag.py:3239} INFO - Sync 1 DAGs
[2026-08-30T13:59:49.112+0000] {logging_mixin.py:190} INFO - [2026-08-30T13:59:49.112+0000] {dag.py:4180} INFO - Setting next_dagrun for xcom_dag to None, run_after=None
[2026-08-30T13:59:49.125+0000] {processor.py:208} INFO - Processing /opt/airflow/dags/02_xcom_dag.py took 0.077 seconds
[2026-08-30T14:00:19.769+0000] {processor.py:186} INFO - Started process (PID=1141) to work on /opt/airflow/dags/02_xcom_dag.py
[2026-08-30T14:00:19.771+0000] {processor.py:914} INFO - Processing file /opt/airflow/dags/02_xcom_dag.py for tasks to queue
[2026-08-30T14:00:19.773+0000] {logging_mixin.py:190} INFO - [2026-08-30T14:00:19.772+0000] {dagbag.py:588} INFO - Filling up the DagBag from /opt/airflow/dags/02_xcom_dag.py
[2026-08-30T14:00:19.779+0000] {processor.py:925} INFO - DAG(s) 'xcom_dag' retrieved from /opt/airflow/dags/02_xcom_dag.py
[2026-08-30T14:00:19.799+0000] {logging_mixin.py:190} INFO - [2026-08-30T14:00:19.799+0000] {dag.py:3239} INFO - Sync 1 DAGs
[2026-08-30T14:00:19.806+0000] {logging_mixin.py:190} INFO - [2026-08-30T14:00:19.806+0000] {dag.py:4180} INFO - Setting next_dagrun for xcom_dag to None, run_after=None
[2026-08-30T14:00:19.820+0000] {processor.py:208} INFO - Processing /opt/airflow/dags/02_xcom_dag.py took 0.055 seconds
[2026-08-30T14:00:50.476+0000] {processor.py:186} INFO - Started process (PID=1153) to work on /opt/airflow/dags/02_xcom_dag.py
[2026-08-30T14:00:50.477+0000] {processor.py:914} INFO - Processing file /opt/airflow/dags/02_xcom_dag.py for tasks to queue
[2026-08-30T14:00:50.478+0000] {logging_mixin.py:190} INFO - [2026-08-30T14:00:50.478+0000] {dagbag.py:588} INFO - Filling up the DagBag from /opt/airflow/dags/02_xcom_dag.py
[2026-08-30T14:00:50.484+0000] {processor.py:925} INFO - DAG(s) 'xcom_dag' retrieved from /opt/airflow/dags/02_xcom_dag.py
[2026-08-30T14:00:50.500+0000] {logging_mixin.py:190} INFO - [2026-08-30T14:00:50.499+0000] {dag.py:3239} INFO - Sync 1 DAGs
[2026-08-30T14:00:50.506+0000] {logging_mixin.py:190} INFO - [2026-08-30T14:00:50.506+0000] {dag.py:4180} INFO - Setting next_dagrun for xcom_dag to None, run_after=None
[2026-08-30T14:00:50.514+0000] {processor.py:208} INFO - Processing /opt/airflow/dags/02_xcom_dag.py took 0.043 seconds
[2026-08-30T14:01:21.258+0000] {processor.py:186} INFO - Started process (PID=1165) to work on /opt/airflow/dags/02_xcom_dag.py
[2026-08-30T14:01:21.259+0000] {processor.py:914} INFO - Processing file /opt/airflow/dags/02_xcom_dag.py for tasks to queue
[2026-08-30T14:01:21.260+0000] {logging_mixin.py:190} INFO - [2026-08-30T14:01:21.260+0000] {dagbag.py:588} INFO - Filling up the DagBag from /opt/airflow/dags/02_xcom_dag.py
[2026-08-30T14:01:21.274+0000] {processor.py:925} INFO - DAG(s) 'xcom_dag' retrieved from /opt/airflow/dags/02_xcom_dag.py
[2026-08-30T14:01:21.293+0000] {logging_mixin.py:190} INFO - [2026-08-30T14:01:21.293+0000] {dag.py:3239} INFO - Sync 1 DAGs
[2026-08-30T14:01:21.302+0000] {logging_mixin.py:190} INFO - [2026-08-30T14:01:21.302+0000] {dag.py:4180} INFO - Setting next_dagrun for xcom_dag to None, run_after=None
[2026-08-30T14:01:21.317+0000] {processor.py:208} INFO - Processing /opt/airflow/dags/02_xcom_dag.py took 0.063 seconds
[2026-08-30T14:01:52.347+0000] {processor.py:186} INFO - Started process (PID=1177) to work on /opt/airflow/dags/02_xcom_dag.py
[2026-08-30T14:01:52.348+0000] {processor.py:914} INFO - Processing file /opt/airflow/dags/02_xcom_dag.py for tasks to queue
[2026-08-30T14:01:52.352+0000] {logging_mixin.py:190} INFO - [2026-08-30T14:01:52.351+0000] {dagbag.py:588} INFO - Filling up the DagBag from /opt/airflow/dags/02_xcom_dag.py
[2026-08-30T14:01:52.364+0000] {processor.py:925} INFO - DAG(s) 'xcom_dag' retrieved from /opt/airflow/dags/02_xcom_dag.py
[2026-08-30T14:01:52.402+0000] {logging_mixin.py:190} INFO - [2026-08-30T14:01:52.402+0000] {dag.py:3239} INFO - Sync 1 DAGs
[2026-08-30T14:01:52.426+0000] {logging_mixin.py:190} INFO - [2026-08-30T14:01:52.425+0000] {dag.py:4180} INFO - Setting next_dagrun for xcom_dag to None, run_after=None
[2026-08-30T14:01:52.445+0000] {processor.py:208} INFO - Processing /opt/airflow/dags/02_xcom_dag.py took 0.105 seconds
[2026-08-30T14:02:23.135+0000] {processor.py:186} INFO - Started process (PID=1189) to work on /opt/airflow/dags/02_xcom_dag.py
[2026-08-30T14:02:23.136+0000] {processor.py:914} INFO - Processing file /opt/airflow/dags/02_xcom_dag.py for tasks to queue
[2026-08-30T14:02:23.142+0000] {logging_mixin.py:190} INFO - [2026-08-30T14:02:23.141+0000] {dagbag.py:588} INFO - Filling up the DagBag from /opt/airflow/dags/02_xcom_dag.py
[2026-08-30T14:02:23.152+0000] {processor.py:925} INFO - DAG(s) 'xcom_dag' retrieved from /opt/airflow/dags/02_xcom_dag.py
[2026-08-30T14:02:23.171+0000] {logging_mixin.py:190} INFO - [2026-08-30T14:02:23.171+0000] {dag.py:3239} INFO - Sync 1 DAGs
[2026-08-30T14:02:23.179+0000] {logging_mixin.py:190} INFO - [2026-08-30T14:02:23.179+0000] {dag.py:4180} INFO - Setting next_dagrun for xcom_dag to None, run_after=None
[2026-08-30T14:02:23.193+0000] {processor.py:208} INFO - Processing /opt/airflow/dags/02_xcom_dag.py took 0.063 seconds
[2026-08-30T14:02:53.826+0000] {processor.py:186} INFO - Started process (PID=1201) to work on /opt/airflow/dags/02_xcom_dag.py
[2026-08-30T14:02:53.829+0000] {processor.py:914} INFO - Processing file /opt/airflow/dags/02_xcom_dag.py for tasks to queue
[2026-08-30T14:02:53.833+0000] {logging_mixin.py:190} INFO - [2026-08-30T14:02:53.832+0000] {dagbag.py:588} INFO - Filling up the DagBag from /opt/airflow/dags/02_xcom_dag.py
[2026-08-30T14:02:53.844+0000] {processor.py:925} INFO - DAG(s) 'xcom_dag' retrieved from /opt/airflow/dags/02_xcom_dag.py
[2026-08-30T14:02:53.874+0000] {logging_mixin.py:190} INFO - [2026-08-30T14:02:53.873+0000] {dag.py:3239} INFO - Sync 1 DAGs
[2026-08-30T14:02:53.887+0000] {logging_mixin.py:190} INFO - [2026-08-30T14:02:53.887+0000] {dag.py:4180} INFO - Setting next_dagrun for xcom_dag to None, run_after=None
[2026-08-30T14:02:53.934+0000] {processor.py:208} INFO - Processing /opt/airflow/dags/02_xcom_dag.py took 0.115 seconds
[2026-08-30T14:03:24.621+0000] {processor.py:186} INFO - Started process (PID=1213) to work on /opt/airflow/dags/02_xcom_dag.py
[2026-08-30T14:03:24.622+0000] {processor.py:914} INFO - Processing file /opt/airflow/dags/02_xcom_dag.py for tasks to queue
[2026-08-30T14:03:24.625+0000] {logging_mixin.py:190} INFO - [2026-08-30T14:03:24.625+0000] {dagbag.py:588} INFO - Filling up the DagBag from /opt/airflow/dags/02_xcom_dag.py
[2026-08-30T14:03:24.634+0000] {processor.py:925} INFO - DAG(s) 'xcom_dag' retrieved from /opt/airflow/dags/02_xcom_dag.py
[2026-08-30T14:03:24.666+0000] {logging_mixin.py:190} INFO - [2026-08-30T14:03:24.666+0000] {dag.py:3239} INFO - Sync 1 DAGs
[2026-08-30T14:03:24.679+0000] {logging_mixin.py:190} INFO - [2026-08-30T14:03:24.679+0000] {dag.py:4180} INFO - Setting next_dagrun for xcom_dag to None, run_after=None
[2026-08-30T14:03:24.694+0000] {processor.py:208} INFO - Processing /opt/airflow/dags/02_xcom_dag.py took 0.079 seconds
[2026-08-30T14:03:55.267+0000] {processor.py:186} INFO - Started process (PID=1225) to work on /opt/airflow/dags/02_xcom_dag.py
[2026-08-30T14:03:55.268+0000] {processor.py:914} INFO - Processing file /opt/airflow/dags/02_xcom_dag.py for tasks to queue
[2026-08-30T14:03:55.271+0000] {logging_mixin.py:190} INFO - [2026-08-30T14:03:55.271+0000] {dagbag.py:588} INFO - Filling up the DagBag from /opt/airflow/dags/02_xcom_dag.py
[2026-08-30T14:03:55.281+0000] {processor.py:925} INFO - DAG(s) 'xcom_dag' retrieved from /opt/airflow/dags/02_xcom_dag.py
[2026-08-30T14:03:55.300+0000] {logging_mixin.py:190} INFO - [2026-08-30T14:03:55.300+0000] {dag.py:3239} INFO - Sync 1 DAGs
[2026-08-30T14:03:55.308+0000] {logging_mixin.py:190} INFO - [2026-08-30T14:03:55.308+0000] {dag.py:4180} INFO - Setting next_dagrun for xcom_dag to None, run_after=None
[2026-08-30T14:03:55.323+0000] {processor.py:208} INFO - Processing /opt/airflow/dags/02_xcom_dag.py took 0.060 seconds
[2026-08-30T14:04:25.980+0000] {processor.py:186} INFO - Started process (PID=1237) to work on /opt/airflow/dags/02_xcom_dag.py
[2026-08-30T14:04:25.982+0000] {processor.py:914} INFO - Processing file /opt/airflow/dags/02_xcom_dag.py for tasks to queue
[2026-08-30T14:04:25.984+0000] {logging_mixin.py:190} INFO - [2026-08-30T14:04:25.984+0000] {dagbag.py:588} INFO - Filling up the DagBag from /opt/airflow/dags/02_xcom_dag.py
[2026-08-30T14:04:25.999+0000] {processor.py:925} INFO - DAG(s) 'xcom_dag' retrieved from /opt/airflow/dags/02_xcom_dag.py
[2026-08-30T14:04:26.028+0000] {logging_mixin.py:190} INFO - [2026-08-30T14:04:26.027+0000] {dag.py:3239} INFO - Sync 1 DAGs
[2026-08-30T14:04:26.043+0000] {logging_mixin.py:190} INFO - [2026-08-30T14:04:26.043+0000] {dag.py:4180} INFO - Setting next_dagrun for xcom_dag to None, run_after=None
[2026-08-30T14:04:26.067+0000] {processor.py:208} INFO - Processing /opt/airflow/dags/02_xcom_dag.py took 0.093 seconds
[2026-08-30T14:04:56.735+0000] {processor.py:186} INFO - Started process (PID=1249) to work on /opt/airflow/dags/02_xcom_dag.py
[2026-08-30T14:04:56.737+0000] {processor.py:914} INFO - Processing file /opt/airflow/dags/02_xcom_dag.py for tasks to queue
[2026-08-30T14:04:56.740+0000] {logging_mixin.py:190} INFO - [2026-08-30T14:04:56.740+0000] {dagbag.py:588} INFO - Filling up the DagBag from /opt/airflow/dags/02_xcom_dag.py
[2026-08-30T14:04:56.751+0000] {processor.py:925} INFO - DAG(s) 'xcom_dag' retrieved from /opt/airflow/dags/02_xcom_dag.py
[2026-08-30T14:04:56.775+0000] {logging_mixin.py:190} INFO - [2026-08-30T14:04:56.775+0000] {dag.py:3239} INFO - Sync 1 DAGs
[2026-08-30T14:04:56.785+0000] {logging_mixin.py:190} INFO - [2026-08-30T14:04:56.785+0000] {dag.py:4180} INFO - Setting next_dagrun for xcom_dag to None, run_after=None
[2026-08-30T14:04:56.800+0000] {processor.py:208} INFO - Processing /opt/airflow/dags/02_xcom_dag.py took 0.071 seconds
[2026-08-30T14:05:27.546+0000] {processor.py:186} INFO - Started process (PID=1261) to work on /opt/airflow/dags/02_xcom_dag.py
[2026-08-30T14:05:27.547+0000] {processor.py:914} INFO - Processing file /opt/airflow/dags/02_xcom_dag.py for tasks to queue
[2026-08-30T14:05:27.549+0000] {logging_mixin.py:190} INFO - [2026-08-30T14:05:27.548+0000] {dagbag.py:588} INFO - Filling up the DagBag from /opt/airflow/dags/02_xcom_dag.py
[2026-08-30T14:05:27.557+0000] {processor.py:925} INFO - DAG(s) 'xcom_dag' retrieved from /opt/airflow/dags/02_xcom_dag.py
[2026-08-30T14:05:27.588+0000] {logging_mixin.py:190} INFO - [2026-08-30T14:05:27.588+0000] {dag.py:3239} INFO - Sync 1 DAGs
[2026-08-30T14:05:27.610+0000] {logging_mixin.py:190} INFO - [2026-08-30T14:05:27.610+0000] {dag.py:4180} INFO - Setting next_dagrun for xcom_dag to None, run_after=None
[2026-08-30T14:05:27.627+0000] {processor.py:208} INFO - Processing /opt/airflow/dags/02_xcom_dag.py took 0.089 seconds
[2026-08-30T14:05:58.396+0000] {processor.py:186} INFO - Started process (PID=1273) to work on /opt/airflow/dags/02_xcom_dag.py
[2026-08-30T14:05:58.400+0000] {processor.py:914} INFO - Processing file /opt/airflow/dags/02_xcom_dag.py for tasks to queue
[2026-08-30T14:05:58.402+0000] {logging_mixin.py:190} INFO - [2026-08-30T14:05:58.401+0000] {dagbag.py:588} INFO - Filling up the DagBag from /opt/airflow/dags/02_xcom_dag.py
[2026-08-30T14:05:58.411+0000] {processor.py:925} INFO - DAG(s) 'xcom_dag' retrieved from /opt/airflow/dags/02_xcom_dag.py
[2026-08-30T14:05:58.435+0000] {logging_mixin.py:190} INFO - [2026-08-30T14:05:58.435+0000] {dag.py:3239} INFO - Sync 1 DAGs
[2026-08-30T14:05:58.444+0000] {logging_mixin.py:190} INFO - [2026-08-30T14:05:58.444+0000] {dag.py:4180} INFO - Setting next_dagrun for xcom_dag to None, run_after=None
[2026-08-30T14:05:58.457+0000] {processor.py:208} INFO - Processing /opt/airflow/dags/02_xcom_dag.py took 0.068 seconds
[2026-08-30T14:06:29.246+0000] {processor.py:186} INFO - Started process (PID=1285) to work on /opt/airflow/dags/02_xcom_dag.py
[2026-08-30T14:06:29.246+0000] {processor.py:914} INFO - Processing file /opt/airflow/dags/02_xcom_dag.py for tasks to queue
[2026-08-30T14:06:29.248+0000] {logging_mixin.py:190} INFO - [2026-08-30T14:06:29.248+0000] {dagbag.py:588} INFO - Filling up the DagBag from /opt/airflow/dags/02_xcom_dag.py
[2026-08-30T14:06:29.254+0000] {processor.py:925} INFO - DAG(s) 'xcom_dag' retrieved from /opt/airflow/dags/02_xcom_dag.py
[2026-08-30T14:06:29.277+0000] {logging_mixin.py:190} INFO - [2026-08-30T14:06:29.277+0000] {dag.py:3239} INFO - Sync 1 DAGs
[2026-08-30T14:06:29.284+0000] {logging_mixin.py:190} INFO - [2026-08-30T14:06:29.284+0000] {dag.py:4180} INFO - Setting next_dagrun for xcom_dag to None, run_after=None
[2026-08-30T14:06:29.292+0000] {processor.py:208} INFO - Processing /opt/airflow/dags/02_xcom_dag.py took 0.052 seconds
[2026-08-30T14:07:00.045+0000] {processor.py:186} INFO - Started process (PID=1297) to work on /opt/airflow/dags/02_xcom_dag.py
[2026-08-30T14:07:00.045+0000] {processor.py:914} INFO - Processing file /opt/airflow/dags/02_xcom_dag.py for tasks to queue
[2026-08-30T14:07:00.048+0000] {logging_mixin.py:190} INFO - [2026-08-30T14:07:00.048+0000] {dagbag.py:588} INFO - Filling up the DagBag from /opt/airflow/dags/02_xcom_dag.py
[2026-08-30T14:07:00.059+0000] {processor.py:925} INFO - DAG(s) 'xcom_dag' retrieved from /opt/airflow/dags/02_xcom_dag.py
[2026-08-30T14:07:00.087+0000] {logging_mixin.py:190} INFO - [2026-08-30T14:07:00.087+0000] {dag.py:3239} INFO - Sync 1 DAGs
[2026-08-30T14:07:00.101+0000] {logging_mixin.py:190} INFO - [2026-08-30T14:07:00.101+0000] {dag.py:4180} INFO - Setting next_dagrun for xcom_dag to None, run_after=None
[2026-08-30T14:07:00.115+0000] {processor.py:208} INFO - Processing /opt/airflow/dags/02_xcom_dag.py took 0.077 seconds
[2026-08-30T14:07:30.808+0000] {processor.py:186} INFO - Started process (PID=1309) to work on /opt/airflow/dags/02_xcom_dag.py
[2026-08-30T14:07:30.810+0000] {processor.py:914} INFO - Processing file /opt/airflow/dags/02_xcom_dag.py for tasks to queue
[2026-08-30T14:07:30.813+0000] {logging_mixin.py:190} INFO - [2026-08-30T14:07:30.812+0000] {dagbag.py:588} INFO - Filling up the DagBag from /opt/airflow/dags/02_xcom_dag.py
[2026-08-30T14:07:30.823+0000] {processor.py:925} INFO - DAG(s) 'xcom_dag' retrieved from /opt/airflow/dags/02_xcom_dag.py
[2026-08-30T14:07:30.852+0000] {logging_mixin.py:190} INFO - [2026-08-30T14:07:30.852+0000] {dag.py:3239} INFO - Sync 1 DAGs
[2026-08-30T14:07:30.872+0000] {logging_mixin.py:190} INFO - [2026-08-30T14:07:30.872+0000] {dag.py:4180} INFO - Setting next_dagrun for xcom_dag to None, run_after=None
[2026-08-30T14:07:30.888+0000] {processor.py:208} INFO - Processing /opt/airflow/dags/02_xcom_dag.py took 0.090 seconds
[2026-08-30T14:08:01.567+0000] {processor.py:186} INFO - Started process (PID=1321) to work on /opt/airflow/dags/02_xcom_dag.py
[2026-08-30T14:08:01.569+0000] {processor.py:914} INFO - Processing file /opt/airflow/dags/02_xcom_dag.py for tasks to queue
[2026-08-30T14:08:01.571+0000] {logging_mixin.py:190} INFO - [2026-08-30T14:08:01.571+0000] {dagbag.py:588} INFO - Filling up the DagBag from /opt/airflow/dags/02_xcom_dag.py
[2026-08-30T14:08:01.581+0000] {processor.py:925} INFO - DAG(s) 'xcom_dag' retrieved from /opt/airflow/dags/02_xcom_dag.py
[2026-08-30T14:08:01.601+0000] {logging_mixin.py:190} INFO - [2026-08-30T14:08:01.601+0000] {dag.py:3239} INFO - Sync 1 DAGs
[2026-08-30T14:08:01.614+0000] {logging_mixin.py:190} INFO - [2026-08-30T14:08:01.614+0000] {dag.py:4180} INFO - Setting next_dagrun for xcom_dag to None, run_after=None
[2026-08-30T14:08:01.634+0000] {processor.py:208} INFO - Processing /opt/airflow/dags/02_xcom_dag.py took 0.071 seconds
[2026-08-30T14:08:32.323+0000] {processor.py:186} INFO - Started process (PID=1332) to work on /opt/airflow/dags/02_xcom_dag.py
[2026-08-30T14:08:32.324+0000] {processor.py:914} INFO - Processing file /opt/airflow/dags/02_xcom_dag.py for tasks to queue
[2026-08-30T14:08:32.325+0000] {logging_mixin.py:190} INFO - [2026-08-30T14:08:32.325+0000] {dagbag.py:588} INFO - Filling up the DagBag from /opt/airflow/dags/02_xcom_dag.py
[2026-08-30T14:08:32.331+0000] {processor.py:925} INFO - DAG(s) 'xcom_dag' retrieved from /opt/airflow/dags/02_xcom_dag.py
[2026-08-30T14:08:32.346+0000] {logging_mixin.py:190} INFO - [2026-08-30T14:08:32.346+0000] {dag.py:3239} INFO - Sync 1 DAGs
[2026-08-30T14:08:32.352+0000] {logging_mixin.py:190} INFO - [2026-08-30T14:08:32.352+0000] {dag.py:4180} INFO - Setting next_dagrun for xcom_dag to None, run_after=None
[2026-08-30T14:08:32.360+0000] {processor.py:208} INFO - Processing /opt/airflow/dags/02_xcom_dag.py took 0.040 seconds
[2026-08-30T14:09:03.065+0000] {processor.py:186} INFO - Started process (PID=1344) to work on /opt/airflow/dags/02_xcom_dag.py
[2026-08-30T14:09:03.068+0000] {processor.py:914} INFO - Processing file /opt/airflow/dags/02_xcom_dag.py for tasks to queue
[2026-08-30T14:09:03.070+0000] {logging_mixin.py:190} INFO - [2026-08-30T14:09:03.070+0000] {dagbag.py:588} INFO - Filling up the DagBag from /opt/airflow/dags/02_xcom_dag.py
[2026-08-30T14:09:03.081+0000] {processor.py:925} INFO - DAG(s) 'xcom_dag' retrieved from /opt/airflow/dags/02_xcom_dag.py
[2026-08-30T14:09:03.105+0000] {logging_mixin.py:190} INFO - [2026-08-30T14:09:03.104+0000] {dag.py:3239} INFO - Sync 1 DAGs
[2026-08-30T14:09:03.123+0000] {logging_mixin.py:190} INFO - [2026-08-30T14:09:03.123+0000] {dag.py:4180} INFO - Setting next_dagrun for xcom_dag to None, run_after=None
[2026-08-30T14:09:03.141+0000] {processor.py:208} INFO - Processing /opt/airflow/dags/02_xcom_dag.py took 0.083 seconds
[2026-08-30T14:09:33.803+0000] {processor.py:186} INFO - Started process (PID=1356) to work on /opt/airflow/dags/02_xcom_dag.py
[2026-08-30T14:09:33.807+0000] {processor.py:914} INFO - Processing file /opt/airflow/dags/02_xcom_dag.py for tasks to queue
[2026-08-30T14:09:33.810+0000] {logging_mixin.py:190} INFO - [2026-08-30T14:09:33.810+0000] {dagbag.py:588} INFO - Filling up the DagBag from /opt/airflow/dags/02_xcom_dag.py
[2026-08-30T14:09:33.820+0000] {processor.py:925} INFO - DAG(s) 'xcom_dag' retrieved from /opt/airflow/dags/02_xcom_dag.py
[2026-08-30T14:09:33.837+0000] {logging_mixin.py:190} INFO - [2026-08-30T14:09:33.837+0000] {dag.py:3239} INFO - Sync 1 DAGs
[2026-08-30T14:09:33.845+0000] {logging_mixin.py:190} INFO - [2026-08-30T14:09:33.845+0000] {dag.py:4180} INFO - Setting next_dagrun for xcom_dag to None, run_after=None
[2026-08-30T14:09:33.859+0000] {processor.py:208} INFO - Processing /opt/airflow/dags/02_xcom_dag.py took 0.060 seconds
[2026-08-30T14:10:04.540+0000] {processor.py:186} INFO - Started process (PID=1368) to work on /opt/airflow/dags/02_xcom_dag.py
[2026-08-30T14:10:04.542+0000] {processor.py:914} INFO - Processing file /opt/airflow/dags/02_xcom_dag.py for tasks to queue
[2026-08-30T14:10:04.546+0000] {logging_mixin.py:190} INFO - [2026-08-30T14:10:04.545+0000] {dagbag.py:588} INFO - Filling up the DagBag from /opt/airflow/dags/02_xcom_dag.py
[2026-08-30T14:10:04.557+0000] {processor.py:925} INFO - DAG(s) 'xcom_dag' retrieved from /opt/airflow/dags/02_xcom_dag.py
[2026-08-30T14:10:04.577+0000] {logging_mixin.py:190} INFO - [2026-08-30T14:10:04.577+0000] {dag.py:3239} INFO - Sync 1 DAGs
[2026-08-30T14:10:04.585+0000] {logging_mixin.py:190} INFO - [2026-08-30T14:10:04.585+0000] {dag.py:4180} INFO - Setting next_dagrun for xcom_dag to None, run_after=None
[2026-08-30T14:10:04.600+0000] {processor.py:208} INFO - Processing /opt/airflow/dags/02_xcom_dag.py took 0.064 seconds
[2026-08-30T14:10:35.296+0000] {processor.py:186} INFO - Started process (PID=1380) to work on /opt/airflow/dags/02_xcom_dag.py
[2026-08-30T14:10:35.297+0000] {processor.py:914} INFO - Processing file /opt/airflow/dags/02_xcom_dag.py for tasks to queue
[2026-08-30T14:10:35.300+0000] {logging_mixin.py:190} INFO - [2026-08-30T14:10:35.300+0000] {dagbag.py:588} INFO - Filling up the DagBag from /opt/airflow/dags/02_xcom_dag.py
[2026-08-30T14:10:35.309+0000] {processor.py:925} INFO - DAG(s) 'xcom_dag' retrieved from /opt/airflow/dags/02_xcom_dag.py
[2026-08-30T14:10:35.335+0000] {logging_mixin.py:190} INFO - [2026-08-30T14:10:35.335+0000] {dag.py:3239} INFO - Sync 1 DAGs
[2026-08-30T14:10:35.346+0000] {logging_mixin.py:190} INFO - [2026-08-30T14:10:35.346+0000] {dag.py:4180} INFO - Setting next_dagrun for xcom_dag to None, run_after=None
[2026-08-30T14:10:35.362+0000] {processor.py:208} INFO - Processing /opt/airflow/dags/02_xcom_dag.py took 0.070 seconds
[2026-08-30T14:11:06.112+0000] {processor.py:186} INFO - Started process (PID=1392) to work on /opt/airflow/dags/02_xcom_dag.py
[2026-08-30T14:11:06.113+0000] {processor.py:914} INFO - Processing file /opt/airflow/dags/02_xcom_dag.py for tasks to queue
[2026-08-30T14:11:06.115+0000] {logging_mixin.py:190} INFO - [2026-08-30T14:11:06.115+0000] {dagbag.py:588} INFO - Filling up the DagBag from /opt/airflow/dags/02_xcom_dag.py
[2026-08-30T14:11:06.128+0000] {processor.py:925} INFO - DAG(s) 'xcom_dag' retrieved from /opt/airflow/dags/02_xcom_dag.py
[2026-08-30T14:11:06.169+0000] {logging_mixin.py:190} INFO - [2026-08-30T14:11:06.169+0000] {dag.py:3239} INFO - Sync 1 DAGs
[2026-08-30T14:11:06.183+0000] {logging_mixin.py:190} INFO - [2026-08-30T14:11:06.183+0000] {dag.py:4180} INFO - Setting next_dagrun for xcom_dag to None, run_after=None
[2026-08-30T14:11:06.199+0000] {processor.py:208} INFO - Processing /opt/airflow/dags/02_xcom_dag.py took 0.092 seconds
[2026-08-30T14:11:36.945+0000] {processor.py:186} INFO - Started process (PID=1404) to work on /opt/airflow/dags/02_xcom_dag.py
[2026-08-30T14:11:36.946+0000] {processor.py:914} INFO - Processing file /opt/airflow/dags/02_xcom_dag.py for tasks to queue
[2026-08-30T14:11:36.949+0000] {logging_mixin.py:190} INFO - [2026-08-30T14:11:36.949+0000] {dagbag.py:588} INFO - Filling up the DagBag from /opt/airflow/dags/02_xcom_dag.py
[2026-08-30T14:11:36.960+0000] {processor.py:925} INFO - DAG(s) 'xcom_dag' retrieved from /opt/airflow/dags/02_xcom_dag.py
[2026-08-30T14:11:36.984+0000] {logging_mixin.py:190} INFO - [2026-08-30T14:11:36.984+0000] {dag.py:3239} INFO - Sync 1 DAGs
[2026-08-30T14:11:36.997+0000] {logging_mixin.py:190} INFO - [2026-08-30T14:11:36.997+0000] {dag.py:4180} INFO - Setting next_dagrun for xcom_dag to None, run_after=None
[2026-08-30T14:11:37.012+0000] {processor.py:208} INFO - Processing /opt/airflow/dags/02_xcom_dag.py took 0.072 seconds
[2026-08-30T14:12:07.671+0000] {processor.py:186} INFO - Started process (PID=1416) to work on /opt/airflow/dags/02_xcom_dag.py
[2026-08-30T14:12:07.673+0000] {processor.py:914} INFO - Processing file /opt/airflow/dags/02_xcom_dag.py for tasks to queue
[2026-08-30T14:12:07.675+0000] {logging_mixin.py:190} INFO - [2026-08-30T14:12:07.675+0000] {dagbag.py:588} INFO - Filling up the DagBag from /opt/airflow/dags/02_xcom_dag.py
[2026-08-30T14:12:07.684+0000] {processor.py:925} INFO - DAG(s) 'xcom_dag' retrieved from /opt/airflow/dags/02_xcom_dag.py
[2026-08-30T14:12:07.709+0000] {logging_mixin.py:190} INFO - [2026-08-30T14:12:07.709+0000] {dag.py:3239} INFO - Sync 1 DAGs
[2026-08-30T14:12:07.722+0000] {logging_mixin.py:190} INFO - [2026-08-30T14:12:07.721+0000] {dag.py:4180} INFO - Setting next_dagrun for xcom_dag to None, run_after=None
[2026-08-30T14:12:07.739+0000] {processor.py:208} INFO - Processing /opt/airflow/dags/02_xcom_dag.py took 0.073 seconds
[2026-08-30T14:12:38.410+0000] {processor.py:186} INFO - Started process (PID=1428) to work on /opt/airflow/dags/02_xcom_dag.py
[2026-08-30T14:12:38.411+0000] {processor.py:914} INFO - Processing file /opt/airflow/dags/02_xcom_dag.py for tasks to queue
[2026-08-30T14:12:38.414+0000] {logging_mixin.py:190} INFO - [2026-08-30T14:12:38.414+0000] {dagbag.py:588} INFO - Filling up the DagBag from /opt/airflow/dags/02_xcom_dag.py
[2026-08-30T14:12:38.422+0000] {processor.py:925} INFO - DAG(s) 'xcom_dag' retrieved from /opt/airflow/dags/02_xcom_dag.py
[2026-08-30T14:12:38.445+0000] {logging_mixin.py:190} INFO - [2026-08-30T14:12:38.445+0000] {dag.py:3239} INFO - Sync 1 DAGs
[2026-08-30T14:12:38.452+0000] {logging_mixin.py:190} INFO - [2026-08-30T14:12:38.452+0000] {dag.py:4180} INFO - Setting next_dagrun for xcom_dag to None, run_after=None
[2026-08-30T14:12:38.466+0000] {processor.py:208} INFO - Processing /opt/airflow/dags/02_xcom_dag.py took 0.061 seconds
[2026-08-30T14:13:09.130+0000] {processor.py:186} INFO - Started process (PID=1440) to work on /opt/airflow/dags/02_xcom_dag.py
[2026-08-30T14:13:09.131+0000] {processor.py:914} INFO - Processing file /opt/airflow/dags/02_xcom_dag.py for tasks to queue
[2026-08-30T14:13:09.132+0000] {logging_mixin.py:190} INFO - [2026-08-30T14:13:09.132+0000] {dagbag.py:588} INFO - Filling up the DagBag from /opt/airflow/dags/02_xcom_dag.py
[2026-08-30T14:13:09.148+0000] {processor.py:925} INFO - DAG(s) 'xcom_dag' retrieved from /opt/airflow/dags/02_xcom_dag.py
[2026-08-30T14:13:09.168+0000] {logging_mixin.py:190} INFO - [2026-08-30T14:13:09.168+0000] {dag.py:3239} INFO - Sync 1 DAGs
[2026-08-30T14:13:09.176+0000] {logging_mixin.py:190} INFO - [2026-08-30T14:13:09.176+0000] {dag.py:4180} INFO - Setting next_dagrun for xcom_dag to None, run_after=None
[2026-08-30T14:13:09.188+0000] {processor.py:208} INFO - Processing /opt/airflow/dags/02_xcom_dag.py took 0.062 seconds
[2026-08-30T14:13:39.855+0000] {processor.py:186} INFO - Started process (PID=1452) to work on /opt/airflow/dags/02_xcom_dag.py
[2026-08-30T14:13:39.856+0000] {processor.py:914} INFO - Processing file /opt/airflow/dags/02_xcom_dag.py for tasks to queue
[2026-08-30T14:13:39.857+0000] {logging_mixin.py:190} INFO - [2026-08-30T14:13:39.857+0000] {dagbag.py:588} INFO - Filling up the DagBag from /opt/airflow/dags/02_xcom_dag.py
[2026-08-30T14:13:39.863+0000] {processor.py:925} INFO - DAG(s) 'xcom_dag' retrieved from /opt/airflow/dags/02_xcom_dag.py
[2026-08-30T14:13:39.877+0000] {logging_mixin.py:190} INFO - [2026-08-30T14:13:39.877+0000] {dag.py:3239} INFO - Sync 1 DAGs
[2026-08-30T14:13:39.884+0000] {logging_mixin.py:190} INFO - [2026-08-30T14:13:39.884+0000] {dag.py:4180} INFO - Setting next_dagrun for xcom_dag to None, run_after=None
[2026-08-30T14:13:39.892+0000] {processor.py:208} INFO - Processing /opt/airflow/dags/02_xcom_dag.py took 0.041 seconds
[2026-08-30T14:14:10.533+0000] {processor.py:186} INFO - Started process (PID=1464) to work on /opt/airflow/dags/02_xcom_dag.py
[2026-08-30T14:14:10.535+0000] {processor.py:914} INFO - Processing file /opt/airflow/dags/02_xcom_dag.py for tasks to queue
[2026-08-30T14:14:10.537+0000] {logging_mixin.py:190} INFO - [2026-08-30T14:14:10.537+0000] {dagbag.py:588} INFO - Filling up the DagBag from /opt/airflow/dags/02_xcom_dag.py
[2026-08-30T14:14:10.545+0000] {processor.py:925} INFO - DAG(s) 'xcom_dag' retrieved from /opt/airflow/dags/02_xcom_dag.py
[2026-08-30T14:14:10.566+0000] {logging_mixin.py:190} INFO - [2026-08-30T14:14:10.566+0000] {dag.py:3239} INFO - Sync 1 DAGs
[2026-08-30T14:14:10.576+0000] {logging_mixin.py:190} INFO - [2026-08-30T14:14:10.576+0000] {dag.py:4180} INFO - Setting next_dagrun for xcom_dag to None, run_after=None
[2026-08-30T14:14:10.588+0000] {processor.py:208} INFO - Processing /opt/airflow/dags/02_xcom_dag.py took 0.058 seconds
[2026-08-30T14:14:41.293+0000] {processor.py:186} INFO - Started process (PID=1477) to work on /opt/airflow/dags/02_xcom_dag.py
[2026-08-30T14:14:41.294+0000] {processor.py:914} INFO - Processing file /opt/airflow/dags/02_xcom_dag.py for tasks to queue
[2026-08-30T14:14:41.296+0000] {logging_mixin.py:190} INFO - [2026-08-30T14:14:41.296+0000] {dagbag.py:588} INFO - Filling up the DagBag from /opt/airflow/dags/02_xcom_dag.py
[2026-08-30T14:14:41.306+0000] {processor.py:925} INFO - DAG(s) 'xcom_dag' retrieved from /opt/airflow/dags/02_xcom_dag.py
[2026-08-30T14:14:41.332+0000] {logging_mixin.py:190} INFO - [2026-08-30T14:14:41.332+0000] {dag.py:3239} INFO - Sync 1 DAGs
[2026-08-30T14:14:41.342+0000] {logging_mixin.py:190} INFO - [2026-08-30T14:14:41.342+0000] {dag.py:4180} INFO - Setting next_dagrun for xcom_dag to None, run_after=None
[2026-08-30T14:14:41.356+0000] {processor.py:208} INFO - Processing /opt/airflow/dags/02_xcom_dag.py took 0.069 seconds
[2026-08-30T14:15:12.015+0000] {processor.py:186} INFO - Started process (PID=1489) to work on /opt/airflow/dags/02_xcom_dag.py
[2026-08-30T14:15:12.016+0000] {processor.py:914} INFO - Processing file /opt/airflow/dags/02_xcom_dag.py for tasks to queue
[2026-08-30T14:15:12.018+0000] {logging_mixin.py:190} INFO - [2026-08-30T14:15:12.018+0000] {dagbag.py:588} INFO - Filling up the DagBag from /opt/airflow/dags/02_xcom_dag.py
[2026-08-30T14:15:12.025+0000] {processor.py:925} INFO - DAG(s) 'xcom_dag' retrieved from /opt/airflow/dags/02_xcom_dag.py
[2026-08-30T14:15:12.043+0000] {logging_mixin.py:190} INFO - [2026-08-30T14:15:12.043+0000] {dag.py:3239} INFO - Sync 1 DAGs
[2026-08-30T14:15:12.052+0000] {logging_mixin.py:190} INFO - [2026-08-30T14:15:12.052+0000] {dag.py:4180} INFO - Setting next_dagrun for xcom_dag to None, run_after=None
[2026-08-30T14:15:12.064+0000] {processor.py:208} INFO - Processing /opt/airflow/dags/02_xcom_dag.py took 0.053 seconds
[2026-08-30T14:15:42.820+0000] {processor.py:186} INFO - Started process (PID=1501) to work on /opt/airflow/dags/02_xcom_dag.py
[2026-08-30T14:15:42.822+0000] {processor.py:914} INFO - Processing file /opt/airflow/dags/02_xcom_dag.py for tasks to queue
[2026-08-30T14:15:42.824+0000] {logging_mixin.py:190} INFO - [2026-08-30T14:15:42.824+0000] {dagbag.py:588} INFO - Filling up the DagBag from /opt/airflow/dags/02_xcom_dag.py
[2026-08-30T14:15:42.834+0000] {processor.py:925} INFO - DAG(s) 'xcom_dag' retrieved from /opt/airflow/dags/02_xcom_dag.py
[2026-08-30T14:15:42.856+0000] {logging_mixin.py:190} INFO - [2026-08-30T14:15:42.856+0000] {dag.py:3239} INFO - Sync 1 DAGs
[2026-08-30T14:15:42.866+0000] {logging_mixin.py:190} INFO - [2026-08-30T14:15:42.866+0000] {dag.py:4180} INFO - Setting next_dagrun for xcom_dag to None, run_after=None
[2026-08-30T14:15:42.881+0000] {processor.py:208} INFO - Processing /opt/airflow/dags/02_xcom_dag.py took 0.069 seconds
[2026-08-30T14:16:13.560+0000] {processor.py:186} INFO - Started process (PID=1513) to work on /opt/airflow/dags/02_xcom_dag.py
[2026-08-30T14:16:13.560+0000] {processor.py:914} INFO - Processing file /opt/airflow/dags/02_xcom_dag.py for tasks to queue
[2026-08-30T14:16:13.562+0000] {logging_mixin.py:190} INFO - [2026-08-30T14:16:13.562+0000] {dagbag.py:588} INFO - Filling up the DagBag from /opt/airflow/dags/02_xcom_dag.py
[2026-08-30T14:16:13.568+0000] {processor.py:925} INFO - DAG(s) 'xcom_dag' retrieved from /opt/airflow/dags/02_xcom_dag.py
[2026-08-30T14:16:13.582+0000] {logging_mixin.py:190} INFO - [2026-08-30T14:16:13.582+0000] {dag.py:3239} INFO - Sync 1 DAGs
[2026-08-30T14:16:13.589+0000] {logging_mixin.py:190} INFO - [2026-08-30T14:16:13.589+0000] {dag.py:4180} INFO - Setting next_dagrun for xcom_dag to None, run_after=None
[2026-08-30T14:16:13.596+0000] {processor.py:208} INFO - Processing /opt/airflow/dags/02_xcom_dag.py took 0.042 seconds
[2026-08-30T14:16:44.370+0000] {processor.py:186} INFO - Started process (PID=1524) to work on /opt/airflow/dags/02_xcom_dag.py
[2026-08-30T14:16:44.371+0000] {processor.py:914} INFO - Processing file /opt/airflow/dags/02_xcom_dag.py for tasks to queue
[2026-08-30T14:16:44.372+0000] {logging_mixin.py:190} INFO - [2026-08-30T14:16:44.372+0000] {dagbag.py:588} INFO - Filling up the DagBag from /opt/airflow/dags/02_xcom_dag.py
[2026-08-30T14:16:44.379+0000] {processor.py:925} INFO - DAG(s) 'xcom_dag' retrieved from /opt/airflow/dags/02_xcom_dag.py
[2026-08-30T14:16:44.395+0000] {logging_mixin.py:190} INFO - [2026-08-30T14:16:44.394+0000] {dag.py:3239} INFO - Sync 1 DAGs
[2026-08-30T14:16:44.402+0000] {logging_mixin.py:190} INFO - [2026-08-30T14:16:44.402+0000] {dag.py:4180} INFO - Setting next_dagrun for xcom_dag to None, run_after=None
[2026-08-30T14:16:44.409+0000] {processor.py:208} INFO - Processing /opt/airflow/dags/02_xcom_dag.py took 0.046 seconds
[2026-08-30T14:17:15.232+0000] {processor.py:186} INFO - Started process (PID=1536) to work on /opt/airflow/dags/02_xcom_dag.py
[2026-08-30T14:17:15.232+0000] {processor.py:914} INFO - Processing file /opt/airflow/dags/02_xcom_dag.py for tasks to queue
[2026-08-30T14:17:15.234+0000] {logging_mixin.py:190} INFO - [2026-08-30T14:17:15.234+0000] {dagbag.py:588} INFO - Filling up the DagBag from /opt/airflow/dags/02_xcom_dag.py
[2026-08-30T14:17:15.244+0000] {processor.py:925} INFO - DAG(s) 'xcom_dag' retrieved from /opt/airflow/dags/02_xcom_dag.py
[2026-08-30T14:17:15.265+0000] {logging_mixin.py:190} INFO - [2026-08-30T14:17:15.265+0000] {dag.py:3239} INFO - Sync 1 DAGs
[2026-08-30T14:17:15.276+0000] {logging_mixin.py:190} INFO - [2026-08-30T14:17:15.276+0000] {dag.py:4180} INFO - Setting next_dagrun for xcom_dag to None, run_after=None
[2026-08-30T14:17:15.286+0000] {processor.py:208} INFO - Processing /opt/airflow/dags/02_xcom_dag.py took 0.060 seconds
[2026-08-30T14:17:46.037+0000] {processor.py:186} INFO - Started process (PID=1548) to work on /opt/airflow/dags/02_xcom_dag.py
[2026-08-30T14:17:46.038+0000] {processor.py:914} INFO - Processing file /opt/airflow/dags/02_xcom_dag.py for tasks to queue
[2026-08-30T14:17:46.042+0000] {logging_mixin.py:190} INFO - [2026-08-30T14:17:46.041+0000] {dagbag.py:588} INFO - Filling up the DagBag from /opt/airflow/dags/02_xcom_dag.py
[2026-08-30T14:17:46.050+0000] {processor.py:925} INFO - DAG(s) 'xcom_dag' retrieved from /opt/airflow/dags/02_xcom_dag.py
[2026-08-30T14:17:46.066+0000] {logging_mixin.py:190} INFO - [2026-08-30T14:17:46.066+0000] {dag.py:3239} INFO - Sync 1 DAGs
[2026-08-30T14:17:46.077+0000] {logging_mixin.py:190} INFO - [2026-08-30T14:17:46.077+0000] {dag.py:4180} INFO - Setting next_dagrun for xcom_dag to None, run_after=None
[2026-08-30T14:17:46.087+0000] {processor.py:208} INFO - Processing /opt/airflow/dags/02_xcom_dag.py took 0.054 seconds
[2026-08-30T14:18:16.765+0000] {processor.py:186} INFO - Started process (PID=1560) to work on /opt/airflow/dags/02_xcom_dag.py
[2026-08-30T14:18:16.767+0000] {processor.py:914} INFO - Processing file /opt/airflow/dags/02_xcom_dag.py for tasks to queue
[2026-08-30T14:18:16.770+0000] {logging_mixin.py:190} INFO - [2026-08-30T14:18:16.770+0000] {dagbag.py:588} INFO - Filling up the DagBag from /opt/airflow/dags/02_xcom_dag.py
[2026-08-30T14:18:16.779+0000] {processor.py:925} INFO - DAG(s) 'xcom_dag' retrieved from /opt/airflow/dags/02_xcom_dag.py
[2026-08-30T14:18:16.805+0000] {logging_mixin.py:190} INFO - [2026-08-30T14:18:16.805+0000] {dag.py:3239} INFO - Sync 1 DAGs
[2026-08-30T14:18:16.817+0000] {logging_mixin.py:190} INFO - [2026-08-30T14:18:16.817+0000] {dag.py:4180} INFO - Setting next_dagrun for xcom_dag to None, run_after=None
[2026-08-30T14:18:16.829+0000] {processor.py:208} INFO - Processing /opt/airflow/dags/02_xcom_dag.py took 0.072 seconds
[2026-08-30T14:18:47.520+0000] {processor.py:186} INFO - Started process (PID=1572) to work on /opt/airflow/dags/02_xcom_dag.py
[2026-08-30T14:18:47.521+0000] {processor.py:914} INFO - Processing file /opt/airflow/dags/02_xcom_dag.py for tasks to queue
[2026-08-30T14:18:47.522+0000] {logging_mixin.py:190} INFO - [2026-08-30T14:18:47.522+0000] {dagbag.py:588} INFO - Filling up the DagBag from /opt/airflow/dags/02_xcom_dag.py
[2026-08-30T14:18:47.534+0000] {processor.py:925} INFO - DAG(s) 'xcom_dag' retrieved from /opt/airflow/dags/02_xcom_dag.py
[2026-08-30T14:18:47.553+0000] {logging_mixin.py:190} INFO - [2026-08-30T14:18:47.553+0000] {dag.py:3239} INFO - Sync 1 DAGs
[2026-08-30T14:18:47.561+0000] {logging_mixin.py:190} INFO - [2026-08-30T14:18:47.561+0000] {dag.py:4180} INFO - Setting next_dagrun for xcom_dag to None, run_after=None
[2026-08-30T14:18:47.577+0000] {processor.py:208} INFO - Processing /opt/airflow/dags/02_xcom_dag.py took 0.062 seconds
[2026-08-30T14:19:18.296+0000] {processor.py:186} INFO - Started process (PID=1584) to work on /opt/airflow/dags/02_xcom_dag.py
[2026-08-30T14:19:18.298+0000] {processor.py:914} INFO - Processing file /opt/airflow/dags/02_xcom_dag.py for tasks to queue
[2026-08-30T14:19:18.301+0000] {logging_mixin.py:190} INFO - [2026-08-30T14:19:18.301+0000] {dagbag.py:588} INFO - Filling up the DagBag from /opt/airflow/dags/02_xcom_dag.py
[2026-08-30T14:19:18.314+0000] {processor.py:925} INFO - DAG(s) 'xcom_dag' retrieved from /opt/airflow/dags/02_xcom_dag.py
[2026-08-30T14:19:18.343+0000] {logging_mixin.py:190} INFO - [2026-08-30T14:19:18.343+0000] {dag.py:3239} INFO - Sync 1 DAGs
[2026-08-30T14:19:18.353+0000] {logging_mixin.py:190} INFO - [2026-08-30T14:19:18.353+0000] {dag.py:4180} INFO - Setting next_dagrun for xcom_dag to None, run_after=None
[2026-08-30T14:19:18.368+0000] {processor.py:208} INFO - Processing /opt/airflow/dags/02_xcom_dag.py took 0.080 seconds
[2026-08-30T14:19:49.221+0000] {processor.py:186} INFO - Started process (PID=1596) to work on /opt/airflow/dags/02_xcom_dag.py
[2026-08-30T14:19:49.222+0000] {processor.py:914} INFO - Processing file /opt/airflow/dags/02_xcom_dag.py for tasks to queue
[2026-08-30T14:19:49.223+0000] {logging_mixin.py:190} INFO - [2026-08-30T14:19:49.223+0000] {dagbag.py:588} INFO - Filling up the DagBag from /opt/airflow/dags/02_xcom_dag.py
[2026-08-30T14:19:49.229+0000] {processor.py:925} INFO - DAG(s) 'xcom_dag' retrieved from /opt/airflow/dags/02_xcom_dag.py
[2026-08-30T14:19:49.245+0000] {logging_mixin.py:190} INFO - [2026-08-30T14:19:49.245+0000] {dag.py:3239} INFO - Sync 1 DAGs
[2026-08-30T14:19:49.252+0000] {logging_mixin.py:190} INFO - [2026-08-30T14:19:49.252+0000] {dag.py:4180} INFO - Setting next_dagrun for xcom_dag to None, run_after=None
[2026-08-30T14:19:49.261+0000] {processor.py:208} INFO - Processing /opt/airflow/dags/02_xcom_dag.py took 0.050 seconds
[2026-08-30T14:20:20.017+0000] {processor.py:186} INFO - Started process (PID=1608) to work on /opt/airflow/dags/02_xcom_dag.py
[2026-08-30T14:20:20.018+0000] {processor.py:914} INFO - Processing file /opt/airflow/dags/02_xcom_dag.py for tasks to queue
[2026-08-30T14:20:20.021+0000] {logging_mixin.py:190} INFO - [2026-08-30T14:20:20.021+0000] {dagbag.py:588} INFO - Filling up the DagBag from /opt/airflow/dags/02_xcom_dag.py
[2026-08-30T14:20:20.034+0000] {processor.py:925} INFO - DAG(s) 'xcom_dag' retrieved from /opt/airflow/dags/02_xcom_dag.py
[2026-08-30T14:20:20.061+0000] {logging_mixin.py:190} INFO - [2026-08-30T14:20:20.061+0000] {dag.py:3239} INFO - Sync 1 DAGs
[2026-08-30T14:20:20.074+0000] {logging_mixin.py:190} INFO - [2026-08-30T14:20:20.074+0000] {dag.py:4180} INFO - Setting next_dagrun for xcom_dag to None, run_after=None
[2026-08-30T14:20:20.087+0000] {processor.py:208} INFO - Processing /opt/airflow/dags/02_xcom_dag.py took 0.075 seconds
[2026-08-30T14:20:50.960+0000] {processor.py:186} INFO - Started process (PID=1620) to work on /opt/airflow/dags/02_xcom_dag.py
[2026-08-30T14:20:50.961+0000] {processor.py:914} INFO - Processing file /opt/airflow/dags/02_xcom_dag.py for tasks to queue
[2026-08-30T14:20:50.962+0000] {logging_mixin.py:190} INFO - [2026-08-30T14:20:50.962+0000] {dagbag.py:588} INFO - Filling up the DagBag from /opt/airflow/dags/02_xcom_dag.py
[2026-08-30T14:20:50.973+0000] {processor.py:925} INFO - DAG(s) 'xcom_dag' retrieved from /opt/airflow/dags/02_xcom_dag.py
[2026-08-30T14:20:50.994+0000] {logging_mixin.py:190} INFO - [2026-08-30T14:20:50.993+0000] {dag.py:3239} INFO - Sync 1 DAGs
[2026-08-30T14:20:51.001+0000] {logging_mixin.py:190} INFO - [2026-08-30T14:20:51.001+0000] {dag.py:4180} INFO - Setting next_dagrun for xcom_dag to None, run_after=None
[2026-08-30T14:20:51.014+0000] {processor.py:208} INFO - Processing /opt/airflow/dags/02_xcom_dag.py took 0.059 seconds
[2026-08-30T14:21:21.715+0000] {processor.py:186} INFO - Started process (PID=1632) to work on /opt/airflow/dags/02_xcom_dag.py
[2026-08-30T14:21:21.716+0000] {processor.py:914} INFO - Processing file /opt/airflow/dags/02_xcom_dag.py for tasks to queue
[2026-08-30T14:21:21.719+0000] {logging_mixin.py:190} INFO - [2026-08-30T14:21:21.719+0000] {dagbag.py:588} INFO - Filling up the DagBag from /opt/airflow/dags/02_xcom_dag.py
[2026-08-30T14:21:21.729+0000] {processor.py:925} INFO - DAG(s) 'xcom_dag' retrieved from /opt/airflow/dags/02_xcom_dag.py
[2026-08-30T14:21:21.751+0000] {logging_mixin.py:190} INFO - [2026-08-30T14:21:21.751+0000] {dag.py:3239} INFO - Sync 1 DAGs
[2026-08-30T14:21:21.759+0000] {logging_mixin.py:190} INFO - [2026-08-30T14:21:21.758+0000] {dag.py:4180} INFO - Setting next_dagrun for xcom_dag to None, run_after=None
[2026-08-30T14:21:21.773+0000] {processor.py:208} INFO - Processing /opt/airflow/dags/02_xcom_dag.py took 0.062 seconds
[2026-08-30T14:21:52.440+0000] {processor.py:186} INFO - Started process (PID=1644) to work on /opt/airflow/dags/02_xcom_dag.py
[2026-08-30T14:21:52.441+0000] {processor.py:914} INFO - Processing file /opt/airflow/dags/02_xcom_dag.py for tasks to queue
[2026-08-30T14:21:52.447+0000] {logging_mixin.py:190} INFO - [2026-08-30T14:21:52.447+0000] {dagbag.py:588} INFO - Filling up the DagBag from /opt/airflow/dags/02_xcom_dag.py
[2026-08-30T14:21:52.468+0000] {processor.py:925} INFO - DAG(s) 'xcom_dag' retrieved from /opt/airflow/dags/02_xcom_dag.py
[2026-08-30T14:21:52.488+0000] {logging_mixin.py:190} INFO - [2026-08-30T14:21:52.488+0000] {dag.py:3239} INFO - Sync 1 DAGs
[2026-08-30T14:21:52.495+0000] {logging_mixin.py:190} INFO - [2026-08-30T14:21:52.495+0000] {dag.py:4180} INFO - Setting next_dagrun for xcom_dag to None, run_after=None
[2026-08-30T14:21:52.511+0000] {processor.py:208} INFO - Processing /opt/airflow/dags/02_xcom_dag.py took 0.079 seconds
[2026-08-30T14:22:23.185+0000] {processor.py:186} INFO - Started process (PID=1662) to work on /opt/airflow/dags/02_xcom_dag.py
[2026-08-30T14:22:23.187+0000] {processor.py:914} INFO - Processing file /opt/airflow/dags/02_xcom_dag.py for tasks to queue
[2026-08-30T14:22:23.191+0000] {logging_mixin.py:190} INFO - [2026-08-30T14:22:23.190+0000] {dagbag.py:588} INFO - Filling up the DagBag from /opt/airflow/dags/02_xcom_dag.py
[2026-08-30T14:22:23.202+0000] {processor.py:925} INFO - DAG(s) 'xcom_dag' retrieved from /opt/airflow/dags/02_xcom_dag.py
[2026-08-30T14:22:23.233+0000] {logging_mixin.py:190} INFO - [2026-08-30T14:22:23.233+0000] {dag.py:3239} INFO - Sync 1 DAGs
[2026-08-30T14:22:23.285+0000] {logging_mixin.py:190} INFO - [2026-08-30T14:22:23.284+0000] {dag.py:4180} INFO - Setting next_dagrun for xcom_dag to None, run_after=None
[2026-08-30T14:22:23.306+0000] {processor.py:208} INFO - Processing /opt/airflow/dags/02_xcom_dag.py took 0.126 seconds
[2026-08-30T14:22:54.008+0000] {processor.py:186} INFO - Started process (PID=1674) to work on /opt/airflow/dags/02_xcom_dag.py
[2026-08-30T14:22:54.009+0000] {processor.py:914} INFO - Processing file /opt/airflow/dags/02_xcom_dag.py for tasks to queue
[2026-08-30T14:22:54.013+0000] {logging_mixin.py:190} INFO - [2026-08-30T14:22:54.013+0000] {dagbag.py:588} INFO - Filling up the DagBag from /opt/airflow/dags/02_xcom_dag.py
[2026-08-30T14:22:54.027+0000] {processor.py:925} INFO - DAG(s) 'xcom_dag' retrieved from /opt/airflow/dags/02_xcom_dag.py
[2026-08-30T14:22:54.070+0000] {logging_mixin.py:190} INFO - [2026-08-30T14:22:54.070+0000] {dag.py:3239} INFO - Sync 1 DAGs
[2026-08-30T14:22:54.104+0000] {logging_mixin.py:190} INFO - [2026-08-30T14:22:54.104+0000] {dag.py:4180} INFO - Setting next_dagrun for xcom_dag to None, run_after=None
[2026-08-30T14:22:54.121+0000] {processor.py:208} INFO - Processing /opt/airflow/dags/02_xcom_dag.py took 0.118 seconds
[2026-08-30T14:23:24.808+0000] {processor.py:186} INFO - Started process (PID=1686) to work on /opt/airflow/dags/02_xcom_dag.py
[2026-08-30T14:23:24.809+0000] {processor.py:914} INFO - Processing file /opt/airflow/dags/02_xcom_dag.py for tasks to queue
[2026-08-30T14:23:24.810+0000] {logging_mixin.py:190} INFO - [2026-08-30T14:23:24.810+0000] {dagbag.py:588} INFO - Filling up the DagBag from /opt/airflow/dags/02_xcom_dag.py
[2026-08-30T14:23:24.821+0000] {processor.py:925} INFO - DAG(s) 'xcom_dag' retrieved from /opt/airflow/dags/02_xcom_dag.py
[2026-08-30T14:23:24.850+0000] {logging_mixin.py:190} INFO - [2026-08-30T14:23:24.850+0000] {dag.py:3239} INFO - Sync 1 DAGs
[2026-08-30T14:23:24.861+0000] {logging_mixin.py:190} INFO - [2026-08-30T14:23:24.861+0000] {dag.py:4180} INFO - Setting next_dagrun for xcom_dag to None, run_after=None
[2026-08-30T14:23:24.876+0000] {processor.py:208} INFO - Processing /opt/airflow/dags/02_xcom_dag.py took 0.072 seconds
[2026-08-30T14:23:55.600+0000] {processor.py:186} INFO - Started process (PID=1698) to work on /opt/airflow/dags/02_xcom_dag.py
[2026-08-30T14:23:55.601+0000] {processor.py:914} INFO - Processing file /opt/airflow/dags/02_xcom_dag.py for tasks to queue
[2026-08-30T14:23:55.603+0000] {logging_mixin.py:190} INFO - [2026-08-30T14:23:55.603+0000] {dagbag.py:588} INFO - Filling up the DagBag from /opt/airflow/dags/02_xcom_dag.py
[2026-08-30T14:23:55.615+0000] {processor.py:925} INFO - DAG(s) 'xcom_dag' retrieved from /opt/airflow/dags/02_xcom_dag.py
[2026-08-30T14:23:55.634+0000] {logging_mixin.py:190} INFO - [2026-08-30T14:23:55.634+0000] {dag.py:3239} INFO - Sync 1 DAGs
[2026-08-30T14:23:55.641+0000] {logging_mixin.py:190} INFO - [2026-08-30T14:23:55.641+0000] {dag.py:4180} INFO - Setting next_dagrun for xcom_dag to None, run_after=None
[2026-08-30T14:23:55.653+0000] {processor.py:208} INFO - Processing /opt/airflow/dags/02_xcom_dag.py took 0.057 seconds
[2026-08-30T14:24:26.369+0000] {processor.py:186} INFO - Started process (PID=1710) to work on /opt/airflow/dags/02_xcom_dag.py
[2026-08-30T14:24:26.371+0000] {processor.py:914} INFO - Processing file /opt/airflow/dags/02_xcom_dag.py for tasks to queue
[2026-08-30T14:24:26.373+0000] {logging_mixin.py:190} INFO - [2026-08-30T14:24:26.373+0000] {dagbag.py:588} INFO - Filling up the DagBag from /opt/airflow/dags/02_xcom_dag.py
[2026-08-30T14:24:26.381+0000] {processor.py:925} INFO - DAG(s) 'xcom_dag' retrieved from /opt/airflow/dags/02_xcom_dag.py
[2026-08-30T14:24:26.404+0000] {logging_mixin.py:190} INFO - [2026-08-30T14:24:26.403+0000] {dag.py:3239} INFO - Sync 1 DAGs
[2026-08-30T14:24:26.412+0000] {logging_mixin.py:190} INFO - [2026-08-30T14:24:26.412+0000] {dag.py:4180} INFO - Setting next_dagrun for xcom_dag to None, run_after=None
[2026-08-30T14:24:26.424+0000] {processor.py:208} INFO - Processing /opt/airflow/dags/02_xcom_dag.py took 0.061 seconds
[2026-08-30T14:24:57.170+0000] {processor.py:186} INFO - Started process (PID=1722) to work on /opt/airflow/dags/02_xcom_dag.py
[2026-08-30T14:24:57.170+0000] {processor.py:914} INFO - Processing file /opt/airflow/dags/02_xcom_dag.py for tasks to queue
[2026-08-30T14:24:57.172+0000] {logging_mixin.py:190} INFO - [2026-08-30T14:24:57.172+0000] {dagbag.py:588} INFO - Filling up the DagBag from /opt/airflow/dags/02_xcom_dag.py
[2026-08-30T14:24:57.178+0000] {processor.py:925} INFO - DAG(s) 'xcom_dag' retrieved from /opt/airflow/dags/02_xcom_dag.py
[2026-08-30T14:24:57.193+0000] {logging_mixin.py:190} INFO - [2026-08-30T14:24:57.192+0000] {dag.py:3239} INFO - Sync 1 DAGs
[2026-08-30T14:24:57.199+0000] {logging_mixin.py:190} INFO - [2026-08-30T14:24:57.199+0000] {dag.py:4180} INFO - Setting next_dagrun for xcom_dag to None, run_after=None
[2026-08-30T14:24:57.207+0000] {processor.py:208} INFO - Processing /opt/airflow/dags/02_xcom_dag.py took 0.041 seconds
[2026-08-30T14:25:27.933+0000] {processor.py:186} INFO - Started process (PID=1734) to work on /opt/airflow/dags/02_xcom_dag.py
[2026-08-30T14:25:27.935+0000] {processor.py:914} INFO - Processing file /opt/airflow/dags/02_xcom_dag.py for tasks to queue
[2026-08-30T14:25:27.937+0000] {logging_mixin.py:190} INFO - [2026-08-30T14:25:27.937+0000] {dagbag.py:588} INFO - Filling up the DagBag from /opt/airflow/dags/02_xcom_dag.py
[2026-08-30T14:25:27.945+0000] {processor.py:925} INFO - DAG(s) 'xcom_dag' retrieved from /opt/airflow/dags/02_xcom_dag.py
[2026-08-30T14:25:27.970+0000] {logging_mixin.py:190} INFO - [2026-08-30T14:25:27.970+0000] {dag.py:3239} INFO - Sync 1 DAGs
[2026-08-30T14:25:27.979+0000] {logging_mixin.py:190} INFO - [2026-08-30T14:25:27.979+0000] {dag.py:4180} INFO - Setting next_dagrun for xcom_dag to None, run_after=None
[2026-08-30T14:25:27.992+0000] {processor.py:208} INFO - Processing /opt/airflow/dags/02_xcom_dag.py took 0.069 seconds
[2026-08-30T14:25:58.725+0000] {processor.py:186} INFO - Started process (PID=1746) to work on /opt/airflow/dags/02_xcom_dag.py
[2026-08-30T14:25:58.726+0000] {processor.py:914} INFO - Processing file /opt/airflow/dags/02_xcom_dag.py for tasks to queue
[2026-08-30T14:25:58.730+0000] {logging_mixin.py:190} INFO - [2026-08-30T14:25:58.729+0000] {dagbag.py:588} INFO - Filling up the DagBag from /opt/airflow/dags/02_xcom_dag.py
[2026-08-30T14:25:58.739+0000] {processor.py:925} INFO - DAG(s) 'xcom_dag' retrieved from /opt/airflow/dags/02_xcom_dag.py
[2026-08-30T14:25:58.760+0000] {logging_mixin.py:190} INFO - [2026-08-30T14:25:58.760+0000] {dag.py:3239} INFO - Sync 1 DAGs
[2026-08-30T14:25:58.767+0000] {logging_mixin.py:190} INFO - [2026-08-30T14:25:58.767+0000] {dag.py:4180} INFO - Setting next_dagrun for xcom_dag to None, run_after=None
[2026-08-30T14:25:58.780+0000] {processor.py:208} INFO - Processing /opt/airflow/dags/02_xcom_dag.py took 0.059 seconds
[2026-08-30T14:26:29.613+0000] {processor.py:186} INFO - Started process (PID=1758) to work on /opt/airflow/dags/02_xcom_dag.py
[2026-08-30T14:26:29.614+0000] {processor.py:914} INFO - Processing file /opt/airflow/dags/02_xcom_dag.py for tasks to queue
[2026-08-30T14:26:29.618+0000] {logging_mixin.py:190} INFO - [2026-08-30T14:26:29.618+0000] {dagbag.py:588} INFO - Filling up the DagBag from /opt/airflow/dags/02_xcom_dag.py
[2026-08-30T14:26:29.640+0000] {processor.py:925} INFO - DAG(s) 'xcom_dag' retrieved from /opt/airflow/dags/02_xcom_dag.py
[2026-08-30T14:26:29.667+0000] {logging_mixin.py:190} INFO - [2026-08-30T14:26:29.667+0000] {dag.py:3239} INFO - Sync 1 DAGs
[2026-08-30T14:26:29.678+0000] {logging_mixin.py:190} INFO - [2026-08-30T14:26:29.678+0000] {dag.py:4180} INFO - Setting next_dagrun for xcom_dag to None, run_after=None
[2026-08-30T14:26:29.690+0000] {processor.py:208} INFO - Processing /opt/airflow/dags/02_xcom_dag.py took 0.082 seconds
[2026-08-30T14:27:00.507+0000] {processor.py:186} INFO - Started process (PID=1770) to work on /opt/airflow/dags/02_xcom_dag.py
[2026-08-30T14:27:00.508+0000] {processor.py:914} INFO - Processing file /opt/airflow/dags/02_xcom_dag.py for tasks to queue
[2026-08-30T14:27:00.511+0000] {logging_mixin.py:190} INFO - [2026-08-30T14:27:00.510+0000] {dagbag.py:588} INFO - Filling up the DagBag from /opt/airflow/dags/02_xcom_dag.py
[2026-08-30T14:27:00.520+0000] {processor.py:925} INFO - DAG(s) 'xcom_dag' retrieved from /opt/airflow/dags/02_xcom_dag.py
[2026-08-30T14:27:00.543+0000] {logging_mixin.py:190} INFO - [2026-08-30T14:27:00.543+0000] {dag.py:3239} INFO - Sync 1 DAGs
[2026-08-30T14:27:00.552+0000] {logging_mixin.py:190} INFO - [2026-08-30T14:27:00.552+0000] {dag.py:4180} INFO - Setting next_dagrun for xcom_dag to None, run_after=None
[2026-08-30T14:27:00.565+0000] {processor.py:208} INFO - Processing /opt/airflow/dags/02_xcom_dag.py took 0.065 seconds
[2026-08-30T14:27:31.316+0000] {processor.py:186} INFO - Started process (PID=1782) to work on /opt/airflow/dags/02_xcom_dag.py
[2026-08-30T14:27:31.317+0000] {processor.py:914} INFO - Processing file /opt/airflow/dags/02_xcom_dag.py for tasks to queue
[2026-08-30T14:27:31.319+0000] {logging_mixin.py:190} INFO - [2026-08-30T14:27:31.319+0000] {dagbag.py:588} INFO - Filling up the DagBag from /opt/airflow/dags/02_xcom_dag.py
[2026-08-30T14:27:31.328+0000] {processor.py:925} INFO - DAG(s) 'xcom_dag' retrieved from /opt/airflow/dags/02_xcom_dag.py
[2026-08-30T14:27:31.353+0000] {logging_mixin.py:190} INFO - [2026-08-30T14:27:31.353+0000] {dag.py:3239} INFO - Sync 1 DAGs
[2026-08-30T14:27:31.364+0000] {logging_mixin.py:190} INFO - [2026-08-30T14:27:31.364+0000] {dag.py:4180} INFO - Setting next_dagrun for xcom_dag to None, run_after=None
[2026-08-30T14:27:31.381+0000] {processor.py:208} INFO - Processing /opt/airflow/dags/02_xcom_dag.py took 0.074 seconds
[2026-08-30T14:28:02.044+0000] {processor.py:186} INFO - Started process (PID=1794) to work on /opt/airflow/dags/02_xcom_dag.py
[2026-08-30T14:28:02.045+0000] {processor.py:914} INFO - Processing file /opt/airflow/dags/02_xcom_dag.py for tasks to queue
[2026-08-30T14:28:02.046+0000] {logging_mixin.py:190} INFO - [2026-08-30T14:28:02.046+0000] {dagbag.py:588} INFO - Filling up the DagBag from /opt/airflow/dags/02_xcom_dag.py
[2026-08-30T14:28:02.056+0000] {processor.py:925} INFO - DAG(s) 'xcom_dag' retrieved from /opt/airflow/dags/02_xcom_dag.py
[2026-08-30T14:28:02.076+0000] {logging_mixin.py:190} INFO - [2026-08-30T14:28:02.076+0000] {dag.py:3239} INFO - Sync 1 DAGs
[2026-08-30T14:28:02.087+0000] {logging_mixin.py:190} INFO - [2026-08-30T14:28:02.087+0000] {dag.py:4180} INFO - Setting next_dagrun for xcom_dag to None, run_after=None
[2026-08-30T14:28:02.101+0000] {processor.py:208} INFO - Processing /opt/airflow/dags/02_xcom_dag.py took 0.061 seconds
[2026-08-30T14:28:32.796+0000] {processor.py:186} INFO - Started process (PID=1806) to work on /opt/airflow/dags/02_xcom_dag.py
[2026-08-30T14:28:32.798+0000] {processor.py:914} INFO - Processing file /opt/airflow/dags/02_xcom_dag.py for tasks to queue
[2026-08-30T14:28:32.799+0000] {logging_mixin.py:190} INFO - [2026-08-30T14:28:32.799+0000] {dagbag.py:588} INFO - Filling up the DagBag from /opt/airflow/dags/02_xcom_dag.py
[2026-08-30T14:28:32.808+0000] {processor.py:925} INFO - DAG(s) 'xcom_dag' retrieved from /opt/airflow/dags/02_xcom_dag.py
[2026-08-30T14:28:32.833+0000] {logging_mixin.py:190} INFO - [2026-08-30T14:28:32.833+0000] {dag.py:3239} INFO - Sync 1 DAGs
[2026-08-30T14:28:32.841+0000] {logging_mixin.py:190} INFO - [2026-08-30T14:28:32.841+0000] {dag.py:4180} INFO - Setting next_dagrun for xcom_dag to None, run_after=None
[2026-08-30T14:28:32.860+0000] {processor.py:208} INFO - Processing /opt/airflow/dags/02_xcom_dag.py took 0.073 seconds
[2026-08-30T14:29:03.695+0000] {processor.py:186} INFO - Started process (PID=1818) to work on /opt/airflow/dags/02_xcom_dag.py
[2026-08-30T14:29:03.696+0000] {processor.py:914} INFO - Processing file /opt/airflow/dags/02_xcom_dag.py for tasks to queue
[2026-08-30T14:29:03.699+0000] {logging_mixin.py:190} INFO - [2026-08-30T14:29:03.699+0000] {dagbag.py:588} INFO - Filling up the DagBag from /opt/airflow/dags/02_xcom_dag.py
[2026-08-30T14:29:03.708+0000] {processor.py:925} INFO - DAG(s) 'xcom_dag' retrieved from /opt/airflow/dags/02_xcom_dag.py
[2026-08-30T14:29:03.729+0000] {logging_mixin.py:190} INFO - [2026-08-30T14:29:03.729+0000] {dag.py:3239} INFO - Sync 1 DAGs
[2026-08-30T14:29:03.739+0000] {logging_mixin.py:190} INFO - [2026-08-30T14:29:03.739+0000] {dag.py:4180} INFO - Setting next_dagrun for xcom_dag to None, run_after=None
[2026-08-30T14:29:03.755+0000] {processor.py:208} INFO - Processing /opt/airflow/dags/02_xcom_dag.py took 0.069 seconds
[2026-08-30T14:29:34.414+0000] {processor.py:186} INFO - Started process (PID=1830) to work on /opt/airflow/dags/02_xcom_dag.py
[2026-08-30T14:29:34.416+0000] {processor.py:914} INFO - Processing file /opt/airflow/dags/02_xcom_dag.py for tasks to queue
[2026-08-30T14:29:34.418+0000] {logging_mixin.py:190} INFO - [2026-08-30T14:29:34.418+0000] {dagbag.py:588} INFO - Filling up the DagBag from /opt/airflow/dags/02_xcom_dag.py
[2026-08-30T14:29:34.428+0000] {processor.py:925} INFO - DAG(s) 'xcom_dag' retrieved from /opt/airflow/dags/02_xcom_dag.py
[2026-08-30T14:29:34.453+0000] {logging_mixin.py:190} INFO - [2026-08-30T14:29:34.453+0000] {dag.py:3239} INFO - Sync 1 DAGs
[2026-08-30T14:29:34.462+0000] {logging_mixin.py:190} INFO - [2026-08-30T14:29:34.462+0000] {dag.py:4180} INFO - Setting next_dagrun for xcom_dag to None, run_after=None
[2026-08-30T14:29:34.476+0000] {processor.py:208} INFO - Processing /opt/airflow/dags/02_xcom_dag.py took 0.069 seconds
[2026-08-30T14:30:05.349+0000] {processor.py:186} INFO - Started process (PID=1842) to work on /opt/airflow/dags/02_xcom_dag.py
[2026-08-30T14:30:05.352+0000] {processor.py:914} INFO - Processing file /opt/airflow/dags/02_xcom_dag.py for tasks to queue
[2026-08-30T14:30:05.353+0000] {logging_mixin.py:190} INFO - [2026-08-30T14:30:05.353+0000] {dagbag.py:588} INFO - Filling up the DagBag from /opt/airflow/dags/02_xcom_dag.py
[2026-08-30T14:30:05.363+0000] {processor.py:925} INFO - DAG(s) 'xcom_dag' retrieved from /opt/airflow/dags/02_xcom_dag.py
[2026-08-30T14:30:05.381+0000] {logging_mixin.py:190} INFO - [2026-08-30T14:30:05.381+0000] {dag.py:3239} INFO - Sync 1 DAGs
[2026-08-30T14:30:05.396+0000] {logging_mixin.py:190} INFO - [2026-08-30T14:30:05.396+0000] {dag.py:4180} INFO - Setting next_dagrun for xcom_dag to None, run_after=None
[2026-08-30T14:30:05.412+0000] {processor.py:208} INFO - Processing /opt/airflow/dags/02_xcom_dag.py took 0.067 seconds
[2026-08-30T14:30:36.085+0000] {processor.py:186} INFO - Started process (PID=1854) to work on /opt/airflow/dags/02_xcom_dag.py
[2026-08-30T14:30:36.086+0000] {processor.py:914} INFO - Processing file /opt/airflow/dags/02_xcom_dag.py for tasks to queue
[2026-08-30T14:30:36.087+0000] {logging_mixin.py:190} INFO - [2026-08-30T14:30:36.087+0000] {dagbag.py:588} INFO - Filling up the DagBag from /opt/airflow/dags/02_xcom_dag.py
[2026-08-30T14:30:36.094+0000] {processor.py:925} INFO - DAG(s) 'xcom_dag' retrieved from /opt/airflow/dags/02_xcom_dag.py
[2026-08-30T14:30:36.117+0000] {logging_mixin.py:190} INFO - [2026-08-30T14:30:36.117+0000] {dag.py:3239} INFO - Sync 1 DAGs
[2026-08-30T14:30:36.129+0000] {logging_mixin.py:190} INFO - [2026-08-30T14:30:36.129+0000] {dag.py:4180} INFO - Setting next_dagrun for xcom_dag to None, run_after=None
[2026-08-30T14:30:36.146+0000] {processor.py:208} INFO - Processing /opt/airflow/dags/02_xcom_dag.py took 0.065 seconds
[2026-08-30T14:31:06.780+0000] {processor.py:186} INFO - Started process (PID=1865) to work on /opt/airflow/dags/02_xcom_dag.py
[2026-08-30T14:31:06.781+0000] {processor.py:914} INFO - Processing file /opt/airflow/dags/02_xcom_dag.py for tasks to queue
[2026-08-30T14:31:06.782+0000] {logging_mixin.py:190} INFO - [2026-08-30T14:31:06.782+0000] {dagbag.py:588} INFO - Filling up the DagBag from /opt/airflow/dags/02_xcom_dag.py
[2026-08-30T14:31:06.790+0000] {processor.py:925} INFO - DAG(s) 'xcom_dag' retrieved from /opt/airflow/dags/02_xcom_dag.py
[2026-08-30T14:31:06.812+0000] {logging_mixin.py:190} INFO - [2026-08-30T14:31:06.812+0000] {dag.py:3239} INFO - Sync 1 DAGs
[2026-08-30T14:31:06.824+0000] {logging_mixin.py:190} INFO - [2026-08-30T14:31:06.824+0000] {dag.py:4180} INFO - Setting next_dagrun for xcom_dag to None, run_after=None
[2026-08-30T14:31:06.837+0000] {processor.py:208} INFO - Processing /opt/airflow/dags/02_xcom_dag.py took 0.064 seconds
[2026-08-30T14:31:37.594+0000] {processor.py:186} INFO - Started process (PID=1877) to work on /opt/airflow/dags/02_xcom_dag.py
[2026-08-30T14:31:37.595+0000] {processor.py:914} INFO - Processing file /opt/airflow/dags/02_xcom_dag.py for tasks to queue
[2026-08-30T14:31:37.596+0000] {logging_mixin.py:190} INFO - [2026-08-30T14:31:37.596+0000] {dagbag.py:588} INFO - Filling up the DagBag from /opt/airflow/dags/02_xcom_dag.py
[2026-08-30T14:31:37.603+0000] {processor.py:925} INFO - DAG(s) 'xcom_dag' retrieved from /opt/airflow/dags/02_xcom_dag.py
[2026-08-30T14:31:37.625+0000] {logging_mixin.py:190} INFO - [2026-08-30T14:31:37.625+0000] {dag.py:3239} INFO - Sync 1 DAGs
[2026-08-30T14:31:37.640+0000] {logging_mixin.py:190} INFO - [2026-08-30T14:31:37.640+0000] {dag.py:4180} INFO - Setting next_dagrun for xcom_dag to None, run_after=None
[2026-08-30T14:31:37.653+0000] {processor.py:208} INFO - Processing /opt/airflow/dags/02_xcom_dag.py took 0.064 seconds
[2026-08-30T14:32:08.550+0000] {processor.py:186} INFO - Started process (PID=1889) to work on /opt/airflow/dags/02_xcom_dag.py
[2026-08-30T14:32:08.551+0000] {processor.py:914} INFO - Processing file /opt/airflow/dags/02_xcom_dag.py for tasks to queue
[2026-08-30T14:32:08.553+0000] {logging_mixin.py:190} INFO - [2026-08-30T14:32:08.553+0000] {dagbag.py:588} INFO - Filling up the DagBag from /opt/airflow/dags/02_xcom_dag.py
[2026-08-30T14:32:08.563+0000] {processor.py:925} INFO - DAG(s) 'xcom_dag' retrieved from /opt/airflow/dags/02_xcom_dag.py
[2026-08-30T14:32:08.592+0000] {logging_mixin.py:190} INFO - [2026-08-30T14:32:08.592+0000] {dag.py:3239} INFO - Sync 1 DAGs
[2026-08-30T14:32:08.612+0000] {logging_mixin.py:190} INFO - [2026-08-30T14:32:08.612+0000] {dag.py:4180} INFO - Setting next_dagrun for xcom_dag to None, run_after=None
[2026-08-30T14:32:08.628+0000] {processor.py:208} INFO - Processing /opt/airflow/dags/02_xcom_dag.py took 0.085 seconds
[2026-08-30T14:32:39.411+0000] {processor.py:186} INFO - Started process (PID=1901) to work on /opt/airflow/dags/02_xcom_dag.py
[2026-08-30T14:32:39.413+0000] {processor.py:914} INFO - Processing file /opt/airflow/dags/02_xcom_dag.py for tasks to queue
[2026-08-30T14:32:39.414+0000] {logging_mixin.py:190} INFO - [2026-08-30T14:32:39.414+0000] {dagbag.py:588} INFO - Filling up the DagBag from /opt/airflow/dags/02_xcom_dag.py
[2026-08-30T14:32:39.428+0000] {processor.py:925} INFO - DAG(s) 'xcom_dag' retrieved from /opt/airflow/dags/02_xcom_dag.py
[2026-08-30T14:32:39.455+0000] {logging_mixin.py:190} INFO - [2026-08-30T14:32:39.455+0000] {dag.py:3239} INFO - Sync 1 DAGs
[2026-08-30T14:32:39.467+0000] {logging_mixin.py:190} INFO - [2026-08-30T14:32:39.467+0000] {dag.py:4180} INFO - Setting next_dagrun for xcom_dag to None, run_after=None
[2026-08-30T14:32:39.482+0000] {processor.py:208} INFO - Processing /opt/airflow/dags/02_xcom_dag.py took 0.085 seconds
[2026-08-30T14:33:10.329+0000] {processor.py:186} INFO - Started process (PID=1913) to work on /opt/airflow/dags/02_xcom_dag.py
[2026-08-30T14:33:10.330+0000] {processor.py:914} INFO - Processing file /opt/airflow/dags/02_xcom_dag.py for tasks to queue
[2026-08-30T14:33:10.331+0000] {logging_mixin.py:190} INFO - [2026-08-30T14:33:10.330+0000] {dagbag.py:588} INFO - Filling up the DagBag from /opt/airflow/dags/02_xcom_dag.py
[2026-08-30T14:33:10.341+0000] {processor.py:925} INFO - DAG(s) 'xcom_dag' retrieved from /opt/airflow/dags/02_xcom_dag.py
[2026-08-30T14:33:10.365+0000] {logging_mixin.py:190} INFO - [2026-08-30T14:33:10.365+0000] {dag.py:3239} INFO - Sync 1 DAGs
[2026-08-30T14:33:10.379+0000] {logging_mixin.py:190} INFO - [2026-08-30T14:33:10.379+0000] {dag.py:4180} INFO - Setting next_dagrun for xcom_dag to None, run_after=None
[2026-08-30T14:33:10.457+0000] {processor.py:208} INFO - Processing /opt/airflow/dags/02_xcom_dag.py took 0.137 seconds
[2026-08-30T14:33:41.210+0000] {processor.py:186} INFO - Started process (PID=1926) to work on /opt/airflow/dags/02_xcom_dag.py
[2026-08-30T14:33:41.211+0000] {processor.py:914} INFO - Processing file /opt/airflow/dags/02_xcom_dag.py for tasks to queue
[2026-08-30T14:33:41.213+0000] {logging_mixin.py:190} INFO - [2026-08-30T14:33:41.212+0000] {dagbag.py:588} INFO - Filling up the DagBag from /opt/airflow/dags/02_xcom_dag.py
[2026-08-30T14:33:41.220+0000] {processor.py:925} INFO - DAG(s) 'xcom_dag' retrieved from /opt/airflow/dags/02_xcom_dag.py
[2026-08-30T14:33:41.243+0000] {logging_mixin.py:190} INFO - [2026-08-30T14:33:41.243+0000] {dag.py:3239} INFO - Sync 1 DAGs
[2026-08-30T14:33:41.251+0000] {logging_mixin.py:190} INFO - [2026-08-30T14:33:41.251+0000] {dag.py:4180} INFO - Setting next_dagrun for xcom_dag to None, run_after=None
[2026-08-30T14:33:41.262+0000] {processor.py:208} INFO - Processing /opt/airflow/dags/02_xcom_dag.py took 0.063 seconds
[2026-08-30T14:34:11.876+0000] {processor.py:186} INFO - Started process (PID=1938) to work on /opt/airflow/dags/02_xcom_dag.py
[2026-08-30T14:34:11.877+0000] {processor.py:914} INFO - Processing file /opt/airflow/dags/02_xcom_dag.py for tasks to queue
[2026-08-30T14:34:11.878+0000] {logging_mixin.py:190} INFO - [2026-08-30T14:34:11.878+0000] {dagbag.py:588} INFO - Filling up the DagBag from /opt/airflow/dags/02_xcom_dag.py
[2026-08-30T14:34:11.886+0000] {processor.py:925} INFO - DAG(s) 'xcom_dag' retrieved from /opt/airflow/dags/02_xcom_dag.py
[2026-08-30T14:34:11.913+0000] {logging_mixin.py:190} INFO - [2026-08-30T14:34:11.913+0000] {dag.py:3239} INFO - Sync 1 DAGs
[2026-08-30T14:34:11.923+0000] {logging_mixin.py:190} INFO - [2026-08-30T14:34:11.923+0000] {dag.py:4180} INFO - Setting next_dagrun for xcom_dag to None, run_after=None
[2026-08-30T14:34:11.937+0000] {processor.py:208} INFO - Processing /opt/airflow/dags/02_xcom_dag.py took 0.069 seconds
[2026-08-30T14:34:42.711+0000] {processor.py:186} INFO - Started process (PID=1950) to work on /opt/airflow/dags/02_xcom_dag.py
[2026-08-30T14:34:42.712+0000] {processor.py:914} INFO - Processing file /opt/airflow/dags/02_xcom_dag.py for tasks to queue
[2026-08-30T14:34:42.713+0000] {logging_mixin.py:190} INFO - [2026-08-30T14:34:42.713+0000] {dagbag.py:588} INFO - Filling up the DagBag from /opt/airflow/dags/02_xcom_dag.py
[2026-08-30T14:34:42.724+0000] {processor.py:925} INFO - DAG(s) 'xcom_dag' retrieved from /opt/airflow/dags/02_xcom_dag.py
[2026-08-30T14:34:42.749+0000] {logging_mixin.py:190} INFO - [2026-08-30T14:34:42.749+0000] {dag.py:3239} INFO - Sync 1 DAGs
[2026-08-30T14:34:42.761+0000] {logging_mixin.py:190} INFO - [2026-08-30T14:34:42.760+0000] {dag.py:4180} INFO - Setting next_dagrun for xcom_dag to None, run_after=None
[2026-08-30T14:34:42.776+0000] {processor.py:208} INFO - Processing /opt/airflow/dags/02_xcom_dag.py took 0.072 seconds
[2026-08-30T14:35:13.469+0000] {processor.py:186} INFO - Started process (PID=1962) to work on /opt/airflow/dags/02_xcom_dag.py
[2026-08-30T14:35:13.470+0000] {processor.py:914} INFO - Processing file /opt/airflow/dags/02_xcom_dag.py for tasks to queue
[2026-08-30T14:35:13.471+0000] {logging_mixin.py:190} INFO - [2026-08-30T14:35:13.471+0000] {dagbag.py:588} INFO - Filling up the DagBag from /opt/airflow/dags/02_xcom_dag.py
[2026-08-30T14:35:13.479+0000] {processor.py:925} INFO - DAG(s) 'xcom_dag' retrieved from /opt/airflow/dags/02_xcom_dag.py
[2026-08-30T14:35:13.506+0000] {logging_mixin.py:190} INFO - [2026-08-30T14:35:13.505+0000] {dag.py:3239} INFO - Sync 1 DAGs
[2026-08-30T14:35:13.517+0000] {logging_mixin.py:190} INFO - [2026-08-30T14:35:13.517+0000] {dag.py:4180} INFO - Setting next_dagrun for xcom_dag to None, run_after=None
[2026-08-30T14:35:13.528+0000] {processor.py:208} INFO - Processing /opt/airflow/dags/02_xcom_dag.py took 0.065 seconds
[2026-08-30T14:35:44.271+0000] {processor.py:186} INFO - Started process (PID=1974) to work on /opt/airflow/dags/02_xcom_dag.py
[2026-08-30T14:35:44.272+0000] {processor.py:914} INFO - Processing file /opt/airflow/dags/02_xcom_dag.py for tasks to queue
[2026-08-30T14:35:44.272+0000] {logging_mixin.py:190} INFO - [2026-08-30T14:35:44.272+0000] {dagbag.py:588} INFO - Filling up the DagBag from /opt/airflow/dags/02_xcom_dag.py
[2026-08-30T14:35:44.283+0000] {processor.py:925} INFO - DAG(s) 'xcom_dag' retrieved from /opt/airflow/dags/02_xcom_dag.py
[2026-08-30T14:35:44.308+0000] {logging_mixin.py:190} INFO - [2026-08-30T14:35:44.308+0000] {dag.py:3239} INFO - Sync 1 DAGs
[2026-08-30T14:35:44.321+0000] {logging_mixin.py:190} INFO - [2026-08-30T14:35:44.321+0000] {dag.py:4180} INFO - Setting next_dagrun for xcom_dag to None, run_after=None
[2026-08-30T14:35:44.334+0000] {processor.py:208} INFO - Processing /opt/airflow/dags/02_xcom_dag.py took 0.068 seconds
[2026-08-30T14:36:14.902+0000] {processor.py:186} INFO - Started process (PID=1986) to work on /opt/airflow/dags/02_xcom_dag.py
[2026-08-30T14:36:14.903+0000] {processor.py:914} INFO - Processing file /opt/airflow/dags/02_xcom_dag.py for tasks to queue
[2026-08-30T14:36:14.904+0000] {logging_mixin.py:190} INFO - [2026-08-30T14:36:14.903+0000] {dagbag.py:588} INFO - Filling up the DagBag from /opt/airflow/dags/02_xcom_dag.py
[2026-08-30T14:36:14.910+0000] {processor.py:925} INFO - DAG(s) 'xcom_dag' retrieved from /opt/airflow/dags/02_xcom_dag.py
[2026-08-30T14:36:14.930+0000] {logging_mixin.py:190} INFO - [2026-08-30T14:36:14.929+0000] {dag.py:3239} INFO - Sync 1 DAGs
[2026-08-30T14:36:14.938+0000] {logging_mixin.py:190} INFO - [2026-08-30T14:36:14.938+0000] {dag.py:4180} INFO - Setting next_dagrun for xcom_dag to None, run_after=None
[2026-08-30T14:36:14.952+0000] {processor.py:208} INFO - Processing /opt/airflow/dags/02_xcom_dag.py took 0.054 seconds
[2026-08-30T14:36:45.743+0000] {processor.py:186} INFO - Started process (PID=1998) to work on /opt/airflow/dags/02_xcom_dag.py
[2026-08-30T14:36:45.744+0000] {processor.py:914} INFO - Processing file /opt/airflow/dags/02_xcom_dag.py for tasks to queue
[2026-08-30T14:36:45.745+0000] {logging_mixin.py:190} INFO - [2026-08-30T14:36:45.745+0000] {dagbag.py:588} INFO - Filling up the DagBag from /opt/airflow/dags/02_xcom_dag.py
[2026-08-30T14:36:45.753+0000] {processor.py:925} INFO - DAG(s) 'xcom_dag' retrieved from /opt/airflow/dags/02_xcom_dag.py
[2026-08-30T14:36:45.777+0000] {logging_mixin.py:190} INFO - [2026-08-30T14:36:45.776+0000] {dag.py:3239} INFO - Sync 1 DAGs
[2026-08-30T14:36:45.785+0000] {logging_mixin.py:190} INFO - [2026-08-30T14:36:45.785+0000] {dag.py:4180} INFO - Setting next_dagrun for xcom_dag to None, run_after=None
[2026-08-30T14:36:45.798+0000] {processor.py:208} INFO - Processing /opt/airflow/dags/02_xcom_dag.py took 0.059 seconds
[2026-08-30T14:37:16.378+0000] {processor.py:186} INFO - Started process (PID=2010) to work on /opt/airflow/dags/02_xcom_dag.py
[2026-08-30T14:37:16.379+0000] {processor.py:914} INFO - Processing file /opt/airflow/dags/02_xcom_dag.py for tasks to queue
[2026-08-30T14:37:16.380+0000] {logging_mixin.py:190} INFO - [2026-08-30T14:37:16.380+0000] {dagbag.py:588} INFO - Filling up the DagBag from /opt/airflow/dags/02_xcom_dag.py
[2026-08-30T14:37:16.396+0000] {processor.py:925} INFO - DAG(s) 'xcom_dag' retrieved from /opt/airflow/dags/02_xcom_dag.py
[2026-08-30T14:37:16.446+0000] {logging_mixin.py:190} INFO - [2026-08-30T14:37:16.446+0000] {dag.py:3239} INFO - Sync 1 DAGs
[2026-08-30T14:37:16.457+0000] {logging_mixin.py:190} INFO - [2026-08-30T14:37:16.457+0000] {dag.py:4180} INFO - Setting next_dagrun for xcom_dag to None, run_after=None
[2026-08-30T14:37:16.474+0000] {processor.py:208} INFO - Processing /opt/airflow/dags/02_xcom_dag.py took 0.104 seconds
[2026-08-30T14:37:47.170+0000] {processor.py:186} INFO - Started process (PID=2022) to work on /opt/airflow/dags/02_xcom_dag.py
[2026-08-30T14:37:47.171+0000] {processor.py:914} INFO - Processing file /opt/airflow/dags/02_xcom_dag.py for tasks to queue
[2026-08-30T14:37:47.172+0000] {logging_mixin.py:190} INFO - [2026-08-30T14:37:47.172+0000] {dagbag.py:588} INFO - Filling up the DagBag from /opt/airflow/dags/02_xcom_dag.py
[2026-08-30T14:37:47.179+0000] {processor.py:925} INFO - DAG(s) 'xcom_dag' retrieved from /opt/airflow/dags/02_xcom_dag.py
[2026-08-30T14:37:47.205+0000] {logging_mixin.py:190} INFO - [2026-08-30T14:37:47.205+0000] {dag.py:3239} INFO - Sync 1 DAGs
[2026-08-30T14:37:47.218+0000] {logging_mixin.py:190} INFO - [2026-08-30T14:37:47.218+0000] {dag.py:4180} INFO - Setting next_dagrun for xcom_dag to None, run_after=None
[2026-08-30T14:37:47.232+0000] {processor.py:208} INFO - Processing /opt/airflow/dags/02_xcom_dag.py took 0.071 seconds
[2026-08-30T14:38:17.736+0000] {processor.py:186} INFO - Started process (PID=2034) to work on /opt/airflow/dags/02_xcom_dag.py
[2026-08-30T14:38:17.738+0000] {processor.py:914} INFO - Processing file /opt/airflow/dags/02_xcom_dag.py for tasks to queue
[2026-08-30T14:38:17.739+0000] {logging_mixin.py:190} INFO - [2026-08-30T14:38:17.739+0000] {dagbag.py:588} INFO - Filling up the DagBag from /opt/airflow/dags/02_xcom_dag.py
[2026-08-30T14:38:17.747+0000] {processor.py:925} INFO - DAG(s) 'xcom_dag' retrieved from /opt/airflow/dags/02_xcom_dag.py
[2026-08-30T14:38:17.773+0000] {logging_mixin.py:190} INFO - [2026-08-30T14:38:17.773+0000] {dag.py:3239} INFO - Sync 1 DAGs
[2026-08-30T14:38:17.787+0000] {logging_mixin.py:190} INFO - [2026-08-30T14:38:17.787+0000] {dag.py:4180} INFO - Setting next_dagrun for xcom_dag to None, run_after=None
[2026-08-30T14:38:17.799+0000] {processor.py:208} INFO - Processing /opt/airflow/dags/02_xcom_dag.py took 0.067 seconds
[2026-08-30T14:38:48.658+0000] {processor.py:186} INFO - Started process (PID=2046) to work on /opt/airflow/dags/02_xcom_dag.py
[2026-08-30T14:38:48.659+0000] {processor.py:914} INFO - Processing file /opt/airflow/dags/02_xcom_dag.py for tasks to queue
[2026-08-30T14:38:48.660+0000] {logging_mixin.py:190} INFO - [2026-08-30T14:38:48.660+0000] {dagbag.py:588} INFO - Filling up the DagBag from /opt/airflow/dags/02_xcom_dag.py
[2026-08-30T14:38:48.667+0000] {processor.py:925} INFO - DAG(s) 'xcom_dag' retrieved from /opt/airflow/dags/02_xcom_dag.py
[2026-08-30T14:38:48.691+0000] {logging_mixin.py:190} INFO - [2026-08-30T14:38:48.691+0000] {dag.py:3239} INFO - Sync 1 DAGs
[2026-08-30T14:38:48.704+0000] {logging_mixin.py:190} INFO - [2026-08-30T14:38:48.704+0000] {dag.py:4180} INFO - Setting next_dagrun for xcom_dag to None, run_after=None
[2026-08-30T14:38:48.720+0000] {processor.py:208} INFO - Processing /opt/airflow/dags/02_xcom_dag.py took 0.067 seconds
[2026-08-30T14:39:19.094+0000] {processor.py:186} INFO - Started process (PID=2058) to work on /opt/airflow/dags/02_xcom_dag.py
[2026-08-30T14:39:19.095+0000] {processor.py:914} INFO - Processing file /opt/airflow/dags/02_xcom_dag.py for tasks to queue
[2026-08-30T14:39:19.096+0000] {logging_mixin.py:190} INFO - [2026-08-30T14:39:19.095+0000] {dagbag.py:588} INFO - Filling up the DagBag from /opt/airflow/dags/02_xcom_dag.py
[2026-08-30T14:39:19.106+0000] {processor.py:925} INFO - DAG(s) 'xcom_dag' retrieved from /opt/airflow/dags/02_xcom_dag.py
[2026-08-30T14:39:19.144+0000] {logging_mixin.py:190} INFO - [2026-08-30T14:39:19.144+0000] {dag.py:3239} INFO - Sync 1 DAGs
[2026-08-30T14:39:19.158+0000] {logging_mixin.py:190} INFO - [2026-08-30T14:39:19.158+0000] {dag.py:4180} INFO - Setting next_dagrun for xcom_dag to None, run_after=None
[2026-08-30T14:39:19.176+0000] {processor.py:208} INFO - Processing /opt/airflow/dags/02_xcom_dag.py took 0.089 seconds
[2026-08-30T14:39:49.886+0000] {processor.py:186} INFO - Started process (PID=2070) to work on /opt/airflow/dags/02_xcom_dag.py
[2026-08-30T14:39:49.887+0000] {processor.py:914} INFO - Processing file /opt/airflow/dags/02_xcom_dag.py for tasks to queue
[2026-08-30T14:39:49.890+0000] {logging_mixin.py:190} INFO - [2026-08-30T14:39:49.889+0000] {dagbag.py:588} INFO - Filling up the DagBag from /opt/airflow/dags/02_xcom_dag.py
[2026-08-30T14:39:49.899+0000] {processor.py:925} INFO - DAG(s) 'xcom_dag' retrieved from /opt/airflow/dags/02_xcom_dag.py
[2026-08-30T14:39:49.921+0000] {logging_mixin.py:190} INFO - [2026-08-30T14:39:49.921+0000] {dag.py:3239} INFO - Sync 1 DAGs
[2026-08-30T14:39:49.933+0000] {logging_mixin.py:190} INFO - [2026-08-30T14:39:49.933+0000] {dag.py:4180} INFO - Setting next_dagrun for xcom_dag to None, run_after=None
[2026-08-30T14:39:49.948+0000] {processor.py:208} INFO - Processing /opt/airflow/dags/02_xcom_dag.py took 0.065 seconds
[2026-08-30T14:40:20.760+0000] {processor.py:186} INFO - Started process (PID=2082) to work on /opt/airflow/dags/02_xcom_dag.py
[2026-08-30T14:40:20.761+0000] {processor.py:914} INFO - Processing file /opt/airflow/dags/02_xcom_dag.py for tasks to queue
[2026-08-30T14:40:20.762+0000] {logging_mixin.py:190} INFO - [2026-08-30T14:40:20.761+0000] {dagbag.py:588} INFO - Filling up the DagBag from /opt/airflow/dags/02_xcom_dag.py
[2026-08-30T14:40:20.769+0000] {processor.py:925} INFO - DAG(s) 'xcom_dag' retrieved from /opt/airflow/dags/02_xcom_dag.py
[2026-08-30T14:40:20.800+0000] {logging_mixin.py:190} INFO - [2026-08-30T14:40:20.800+0000] {dag.py:3239} INFO - Sync 1 DAGs
[2026-08-30T14:40:20.808+0000] {logging_mixin.py:190} INFO - [2026-08-30T14:40:20.808+0000] {dag.py:4180} INFO - Setting next_dagrun for xcom_dag to None, run_after=None
[2026-08-30T14:40:20.823+0000] {processor.py:208} INFO - Processing /opt/airflow/dags/02_xcom_dag.py took 0.068 seconds
[2026-08-30T14:40:51.555+0000] {processor.py:186} INFO - Started process (PID=2094) to work on /opt/airflow/dags/02_xcom_dag.py
[2026-08-30T14:40:51.556+0000] {processor.py:914} INFO - Processing file /opt/airflow/dags/02_xcom_dag.py for tasks to queue
[2026-08-30T14:40:51.557+0000] {logging_mixin.py:190} INFO - [2026-08-30T14:40:51.557+0000] {dagbag.py:588} INFO - Filling up the DagBag from /opt/airflow/dags/02_xcom_dag.py
[2026-08-30T14:40:51.567+0000] {processor.py:925} INFO - DAG(s) 'xcom_dag' retrieved from /opt/airflow/dags/02_xcom_dag.py
[2026-08-30T14:40:51.590+0000] {logging_mixin.py:190} INFO - [2026-08-30T14:40:51.590+0000] {dag.py:3239} INFO - Sync 1 DAGs
[2026-08-30T14:40:51.606+0000] {logging_mixin.py:190} INFO - [2026-08-30T14:40:51.606+0000] {dag.py:4180} INFO - Setting next_dagrun for xcom_dag to None, run_after=None
[2026-08-30T14:40:51.620+0000] {processor.py:208} INFO - Processing /opt/airflow/dags/02_xcom_dag.py took 0.071 seconds
[2026-08-30T14:41:22.439+0000] {processor.py:186} INFO - Started process (PID=2106) to work on /opt/airflow/dags/02_xcom_dag.py
[2026-08-30T14:41:22.440+0000] {processor.py:914} INFO - Processing file /opt/airflow/dags/02_xcom_dag.py for tasks to queue
[2026-08-30T14:41:22.441+0000] {logging_mixin.py:190} INFO - [2026-08-30T14:41:22.441+0000] {dagbag.py:588} INFO - Filling up the DagBag from /opt/airflow/dags/02_xcom_dag.py
[2026-08-30T14:41:22.448+0000] {processor.py:925} INFO - DAG(s) 'xcom_dag' retrieved from /opt/airflow/dags/02_xcom_dag.py
[2026-08-30T14:41:22.475+0000] {logging_mixin.py:190} INFO - [2026-08-30T14:41:22.475+0000] {dag.py:3239} INFO - Sync 1 DAGs
[2026-08-30T14:41:22.494+0000] {logging_mixin.py:190} INFO - [2026-08-30T14:41:22.494+0000] {dag.py:4180} INFO - Setting next_dagrun for xcom_dag to None, run_after=None
[2026-08-30T14:41:22.513+0000] {processor.py:208} INFO - Processing /opt/airflow/dags/02_xcom_dag.py took 0.079 seconds
[2026-08-30T14:41:53.367+0000] {processor.py:186} INFO - Started process (PID=2118) to work on /opt/airflow/dags/02_xcom_dag.py
[2026-08-30T14:41:53.368+0000] {processor.py:914} INFO - Processing file /opt/airflow/dags/02_xcom_dag.py for tasks to queue
[2026-08-30T14:41:53.369+0000] {logging_mixin.py:190} INFO - [2026-08-30T14:41:53.369+0000] {dagbag.py:588} INFO - Filling up the DagBag from /opt/airflow/dags/02_xcom_dag.py
[2026-08-30T14:41:53.377+0000] {processor.py:925} INFO - DAG(s) 'xcom_dag' retrieved from /opt/airflow/dags/02_xcom_dag.py
[2026-08-30T14:41:53.398+0000] {logging_mixin.py:190} INFO - [2026-08-30T14:41:53.398+0000] {dag.py:3239} INFO - Sync 1 DAGs
[2026-08-30T14:41:53.409+0000] {logging_mixin.py:190} INFO - [2026-08-30T14:41:53.409+0000] {dag.py:4180} INFO - Setting next_dagrun for xcom_dag to None, run_after=None
[2026-08-30T14:41:53.423+0000] {processor.py:208} INFO - Processing /opt/airflow/dags/02_xcom_dag.py took 0.066 seconds
[2026-08-30T14:42:24.512+0000] {processor.py:186} INFO - Started process (PID=2131) to work on /opt/airflow/dags/02_xcom_dag.py
[2026-08-30T14:42:24.513+0000] {processor.py:914} INFO - Processing file /opt/airflow/dags/02_xcom_dag.py for tasks to queue
[2026-08-30T14:42:24.515+0000] {logging_mixin.py:190} INFO - [2026-08-30T14:42:24.515+0000] {dagbag.py:588} INFO - Filling up the DagBag from /opt/airflow/dags/02_xcom_dag.py
[2026-08-30T14:42:24.528+0000] {processor.py:925} INFO - DAG(s) 'xcom_dag' retrieved from /opt/airflow/dags/02_xcom_dag.py
[2026-08-30T14:42:24.567+0000] {logging_mixin.py:190} INFO - [2026-08-30T14:42:24.567+0000] {dag.py:3239} INFO - Sync 1 DAGs
[2026-08-30T14:42:24.587+0000] {logging_mixin.py:190} INFO - [2026-08-30T14:42:24.586+0000] {dag.py:4180} INFO - Setting next_dagrun for xcom_dag to None, run_after=None
[2026-08-30T14:42:24.609+0000] {processor.py:208} INFO - Processing /opt/airflow/dags/02_xcom_dag.py took 0.114 seconds
[2026-08-30T14:42:55.552+0000] {processor.py:186} INFO - Started process (PID=2143) to work on /opt/airflow/dags/02_xcom_dag.py
[2026-08-30T14:42:55.554+0000] {processor.py:914} INFO - Processing file /opt/airflow/dags/02_xcom_dag.py for tasks to queue
[2026-08-30T14:42:55.555+0000] {logging_mixin.py:190} INFO - [2026-08-30T14:42:55.555+0000] {dagbag.py:588} INFO - Filling up the DagBag from /opt/airflow/dags/02_xcom_dag.py
[2026-08-30T14:42:55.564+0000] {processor.py:925} INFO - DAG(s) 'xcom_dag' retrieved from /opt/airflow/dags/02_xcom_dag.py
[2026-08-30T14:42:55.592+0000] {logging_mixin.py:190} INFO - [2026-08-30T14:42:55.592+0000] {dag.py:3239} INFO - Sync 1 DAGs
[2026-08-30T14:42:55.604+0000] {logging_mixin.py:190} INFO - [2026-08-30T14:42:55.604+0000] {dag.py:4180} INFO - Setting next_dagrun for xcom_dag to None, run_after=None
[2026-08-30T14:42:55.616+0000] {processor.py:208} INFO - Processing /opt/airflow/dags/02_xcom_dag.py took 0.082 seconds
[2026-08-30T14:43:26.255+0000] {processor.py:186} INFO - Started process (PID=2155) to work on /opt/airflow/dags/02_xcom_dag.py
[2026-08-30T14:43:26.257+0000] {processor.py:914} INFO - Processing file /opt/airflow/dags/02_xcom_dag.py for tasks to queue
[2026-08-30T14:43:26.259+0000] {logging_mixin.py:190} INFO - [2026-08-30T14:43:26.259+0000] {dagbag.py:588} INFO - Filling up the DagBag from /opt/airflow/dags/02_xcom_dag.py
[2026-08-30T14:43:26.274+0000] {processor.py:925} INFO - DAG(s) 'xcom_dag' retrieved from /opt/airflow/dags/02_xcom_dag.py
[2026-08-30T14:43:26.302+0000] {logging_mixin.py:190} INFO - [2026-08-30T14:43:26.302+0000] {dag.py:3239} INFO - Sync 1 DAGs
[2026-08-30T14:43:26.311+0000] {logging_mixin.py:190} INFO - [2026-08-30T14:43:26.311+0000] {dag.py:4180} INFO - Setting next_dagrun for xcom_dag to None, run_after=None
[2026-08-30T14:43:26.328+0000] {processor.py:208} INFO - Processing /opt/airflow/dags/02_xcom_dag.py took 0.081 seconds
[2026-08-30T14:43:57.124+0000] {processor.py:186} INFO - Started process (PID=2167) to work on /opt/airflow/dags/02_xcom_dag.py
[2026-08-30T14:43:57.126+0000] {processor.py:914} INFO - Processing file /opt/airflow/dags/02_xcom_dag.py for tasks to queue
[2026-08-30T14:43:57.128+0000] {logging_mixin.py:190} INFO - [2026-08-30T14:43:57.127+0000] {dagbag.py:588} INFO - Filling up the DagBag from /opt/airflow/dags/02_xcom_dag.py
[2026-08-30T14:43:57.155+0000] {processor.py:925} INFO - DAG(s) 'xcom_dag' retrieved from /opt/airflow/dags/02_xcom_dag.py
[2026-08-30T14:43:57.191+0000] {logging_mixin.py:190} INFO - [2026-08-30T14:43:57.191+0000] {dag.py:3239} INFO - Sync 1 DAGs
[2026-08-30T14:43:57.203+0000] {logging_mixin.py:190} INFO - [2026-08-30T14:43:57.203+0000] {dag.py:4180} INFO - Setting next_dagrun for xcom_dag to None, run_after=None
[2026-08-30T14:43:57.221+0000] {processor.py:208} INFO - Processing /opt/airflow/dags/02_xcom_dag.py took 0.110 seconds
[2026-08-30T14:44:28.036+0000] {processor.py:186} INFO - Started process (PID=2185) to work on /opt/airflow/dags/02_xcom_dag.py
[2026-08-30T14:44:28.037+0000] {processor.py:914} INFO - Processing file /opt/airflow/dags/02_xcom_dag.py for tasks to queue
[2026-08-30T14:44:28.038+0000] {logging_mixin.py:190} INFO - [2026-08-30T14:44:28.038+0000] {dagbag.py:588} INFO - Filling up the DagBag from /opt/airflow/dags/02_xcom_dag.py
[2026-08-30T14:44:28.049+0000] {processor.py:925} INFO - DAG(s) 'xcom_dag' retrieved from /opt/airflow/dags/02_xcom_dag.py
[2026-08-30T14:44:28.071+0000] {logging_mixin.py:190} INFO - [2026-08-30T14:44:28.071+0000] {dag.py:3239} INFO - Sync 1 DAGs
[2026-08-30T14:44:28.090+0000] {logging_mixin.py:190} INFO - [2026-08-30T14:44:28.090+0000] {dag.py:4180} INFO - Setting next_dagrun for xcom_dag to None, run_after=None
[2026-08-30T14:44:28.110+0000] {processor.py:208} INFO - Processing /opt/airflow/dags/02_xcom_dag.py took 0.080 seconds
[2026-08-30T14:44:58.780+0000] {processor.py:186} INFO - Started process (PID=2197) to work on /opt/airflow/dags/02_xcom_dag.py
[2026-08-30T14:44:58.782+0000] {processor.py:914} INFO - Processing file /opt/airflow/dags/02_xcom_dag.py for tasks to queue
[2026-08-30T14:44:58.784+0000] {logging_mixin.py:190} INFO - [2026-08-30T14:44:58.783+0000] {dagbag.py:588} INFO - Filling up the DagBag from /opt/airflow/dags/02_xcom_dag.py
[2026-08-30T14:44:58.797+0000] {processor.py:925} INFO - DAG(s) 'xcom_dag' retrieved from /opt/airflow/dags/02_xcom_dag.py
[2026-08-30T14:44:58.827+0000] {logging_mixin.py:190} INFO - [2026-08-30T14:44:58.827+0000] {dag.py:3239} INFO - Sync 1 DAGs
[2026-08-30T14:44:58.840+0000] {logging_mixin.py:190} INFO - [2026-08-30T14:44:58.840+0000] {dag.py:4180} INFO - Setting next_dagrun for xcom_dag to None, run_after=None
[2026-08-30T14:44:58.853+0000] {processor.py:208} INFO - Processing /opt/airflow/dags/02_xcom_dag.py took 0.083 seconds
[2026-08-30T14:45:29.498+0000] {processor.py:186} INFO - Started process (PID=2209) to work on /opt/airflow/dags/02_xcom_dag.py
[2026-08-30T14:45:29.500+0000] {processor.py:914} INFO - Processing file /opt/airflow/dags/02_xcom_dag.py for tasks to queue
[2026-08-30T14:45:29.501+0000] {logging_mixin.py:190} INFO - [2026-08-30T14:45:29.501+0000] {dagbag.py:588} INFO - Filling up the DagBag from /opt/airflow/dags/02_xcom_dag.py
[2026-08-30T14:45:29.524+0000] {processor.py:925} INFO - DAG(s) 'xcom_dag' retrieved from /opt/airflow/dags/02_xcom_dag.py
[2026-08-30T14:45:29.550+0000] {logging_mixin.py:190} INFO - [2026-08-30T14:45:29.550+0000] {dag.py:3239} INFO - Sync 1 DAGs
[2026-08-30T14:45:29.558+0000] {logging_mixin.py:190} INFO - [2026-08-30T14:45:29.558+0000] {dag.py:4180} INFO - Setting next_dagrun for xcom_dag to None, run_after=None
[2026-08-30T14:45:29.571+0000] {processor.py:208} INFO - Processing /opt/airflow/dags/02_xcom_dag.py took 0.084 seconds
[2026-08-30T14:46:00.243+0000] {processor.py:186} INFO - Started process (PID=2221) to work on /opt/airflow/dags/02_xcom_dag.py
[2026-08-30T14:46:00.245+0000] {processor.py:914} INFO - Processing file /opt/airflow/dags/02_xcom_dag.py for tasks to queue
[2026-08-30T14:46:00.246+0000] {logging_mixin.py:190} INFO - [2026-08-30T14:46:00.245+0000] {dagbag.py:588} INFO - Filling up the DagBag from /opt/airflow/dags/02_xcom_dag.py
[2026-08-30T14:46:00.255+0000] {processor.py:925} INFO - DAG(s) 'xcom_dag' retrieved from /opt/airflow/dags/02_xcom_dag.py
[2026-08-30T14:46:00.285+0000] {logging_mixin.py:190} INFO - [2026-08-30T14:46:00.285+0000] {dag.py:3239} INFO - Sync 1 DAGs
[2026-08-30T14:46:00.298+0000] {logging_mixin.py:190} INFO - [2026-08-30T14:46:00.297+0000] {dag.py:4180} INFO - Setting next_dagrun for xcom_dag to None, run_after=None
[2026-08-30T14:46:00.310+0000] {processor.py:208} INFO - Processing /opt/airflow/dags/02_xcom_dag.py took 0.076 seconds
[2026-08-30T14:46:31.060+0000] {processor.py:186} INFO - Started process (PID=2233) to work on /opt/airflow/dags/02_xcom_dag.py
[2026-08-30T14:46:31.062+0000] {processor.py:914} INFO - Processing file /opt/airflow/dags/02_xcom_dag.py for tasks to queue
[2026-08-30T14:46:31.064+0000] {logging_mixin.py:190} INFO - [2026-08-30T14:46:31.064+0000] {dagbag.py:588} INFO - Filling up the DagBag from /opt/airflow/dags/02_xcom_dag.py
[2026-08-30T14:46:31.081+0000] {processor.py:925} INFO - DAG(s) 'xcom_dag' retrieved from /opt/airflow/dags/02_xcom_dag.py
[2026-08-30T14:46:31.120+0000] {logging_mixin.py:190} INFO - [2026-08-30T14:46:31.119+0000] {dag.py:3239} INFO - Sync 1 DAGs
[2026-08-30T14:46:31.134+0000] {logging_mixin.py:190} INFO - [2026-08-30T14:46:31.134+0000] {dag.py:4180} INFO - Setting next_dagrun for xcom_dag to None, run_after=None
[2026-08-30T14:46:31.150+0000] {processor.py:208} INFO - Processing /opt/airflow/dags/02_xcom_dag.py took 0.101 seconds
[2026-08-30T14:47:01.844+0000] {processor.py:186} INFO - Started process (PID=2245) to work on /opt/airflow/dags/02_xcom_dag.py
[2026-08-30T14:47:01.845+0000] {processor.py:914} INFO - Processing file /opt/airflow/dags/02_xcom_dag.py for tasks to queue
[2026-08-30T14:47:01.847+0000] {logging_mixin.py:190} INFO - [2026-08-30T14:47:01.847+0000] {dagbag.py:588} INFO - Filling up the DagBag from /opt/airflow/dags/02_xcom_dag.py
[2026-08-30T14:47:01.862+0000] {processor.py:925} INFO - DAG(s) 'xcom_dag' retrieved from /opt/airflow/dags/02_xcom_dag.py
[2026-08-30T14:47:01.906+0000] {logging_mixin.py:190} INFO - [2026-08-30T14:47:01.906+0000] {dag.py:3239} INFO - Sync 1 DAGs
[2026-08-30T14:47:01.924+0000] {logging_mixin.py:190} INFO - [2026-08-30T14:47:01.923+0000] {dag.py:4180} INFO - Setting next_dagrun for xcom_dag to None, run_after=None
[2026-08-30T14:47:01.937+0000] {processor.py:208} INFO - Processing /opt/airflow/dags/02_xcom_dag.py took 0.102 seconds
[2026-08-30T14:47:32.628+0000] {processor.py:186} INFO - Started process (PID=2258) to work on /opt/airflow/dags/02_xcom_dag.py
[2026-08-30T14:47:32.630+0000] {processor.py:914} INFO - Processing file /opt/airflow/dags/02_xcom_dag.py for tasks to queue
[2026-08-30T14:47:32.631+0000] {logging_mixin.py:190} INFO - [2026-08-30T14:47:32.631+0000] {dagbag.py:588} INFO - Filling up the DagBag from /opt/airflow/dags/02_xcom_dag.py
[2026-08-30T14:47:32.643+0000] {processor.py:925} INFO - DAG(s) 'xcom_dag' retrieved from /opt/airflow/dags/02_xcom_dag.py
[2026-08-30T14:47:32.676+0000] {logging_mixin.py:190} INFO - [2026-08-30T14:47:32.676+0000] {dag.py:3239} INFO - Sync 1 DAGs
[2026-08-30T14:47:32.695+0000] {logging_mixin.py:190} INFO - [2026-08-30T14:47:32.695+0000] {dag.py:4180} INFO - Setting next_dagrun for xcom_dag to None, run_after=None
[2026-08-30T14:47:32.711+0000] {processor.py:208} INFO - Processing /opt/airflow/dags/02_xcom_dag.py took 0.096 seconds
[2026-08-30T14:48:03.363+0000] {processor.py:186} INFO - Started process (PID=2270) to work on /opt/airflow/dags/02_xcom_dag.py
[2026-08-30T14:48:03.364+0000] {processor.py:914} INFO - Processing file /opt/airflow/dags/02_xcom_dag.py for tasks to queue
[2026-08-30T14:48:03.365+0000] {logging_mixin.py:190} INFO - [2026-08-30T14:48:03.365+0000] {dagbag.py:588} INFO - Filling up the DagBag from /opt/airflow/dags/02_xcom_dag.py
[2026-08-30T14:48:03.378+0000] {processor.py:925} INFO - DAG(s) 'xcom_dag' retrieved from /opt/airflow/dags/02_xcom_dag.py
[2026-08-30T14:48:03.402+0000] {logging_mixin.py:190} INFO - [2026-08-30T14:48:03.402+0000] {dag.py:3239} INFO - Sync 1 DAGs
[2026-08-30T14:48:03.422+0000] {logging_mixin.py:190} INFO - [2026-08-30T14:48:03.422+0000] {dag.py:4180} INFO - Setting next_dagrun for xcom_dag to None, run_after=None
[2026-08-30T14:48:03.452+0000] {processor.py:208} INFO - Processing /opt/airflow/dags/02_xcom_dag.py took 0.095 seconds
[2026-08-30T14:48:34.194+0000] {processor.py:186} INFO - Started process (PID=2282) to work on /opt/airflow/dags/02_xcom_dag.py
[2026-08-30T14:48:34.196+0000] {processor.py:914} INFO - Processing file /opt/airflow/dags/02_xcom_dag.py for tasks to queue
[2026-08-30T14:48:34.197+0000] {logging_mixin.py:190} INFO - [2026-08-30T14:48:34.197+0000] {dagbag.py:588} INFO - Filling up the DagBag from /opt/airflow/dags/02_xcom_dag.py
[2026-08-30T14:48:34.210+0000] {processor.py:925} INFO - DAG(s) 'xcom_dag' retrieved from /opt/airflow/dags/02_xcom_dag.py
[2026-08-30T14:48:34.235+0000] {logging_mixin.py:190} INFO - [2026-08-30T14:48:34.235+0000] {dag.py:3239} INFO - Sync 1 DAGs
[2026-08-30T14:48:34.246+0000] {logging_mixin.py:190} INFO - [2026-08-30T14:48:34.246+0000] {dag.py:4180} INFO - Setting next_dagrun for xcom_dag to None, run_after=None
[2026-08-30T14:48:34.257+0000] {processor.py:208} INFO - Processing /opt/airflow/dags/02_xcom_dag.py took 0.078 seconds
[2026-08-30T14:49:04.919+0000] {processor.py:186} INFO - Started process (PID=2294) to work on /opt/airflow/dags/02_xcom_dag.py
[2026-08-30T14:49:04.926+0000] {processor.py:914} INFO - Processing file /opt/airflow/dags/02_xcom_dag.py for tasks to queue
[2026-08-30T14:49:04.929+0000] {logging_mixin.py:190} INFO - [2026-08-30T14:49:04.928+0000] {dagbag.py:588} INFO - Filling up the DagBag from /opt/airflow/dags/02_xcom_dag.py
[2026-08-30T14:49:04.944+0000] {processor.py:925} INFO - DAG(s) 'xcom_dag' retrieved from /opt/airflow/dags/02_xcom_dag.py
[2026-08-30T14:49:04.976+0000] {logging_mixin.py:190} INFO - [2026-08-30T14:49:04.976+0000] {dag.py:3239} INFO - Sync 1 DAGs
[2026-08-30T14:49:04.989+0000] {logging_mixin.py:190} INFO - [2026-08-30T14:49:04.989+0000] {dag.py:4180} INFO - Setting next_dagrun for xcom_dag to None, run_after=None
[2026-08-30T14:49:05.008+0000] {processor.py:208} INFO - Processing /opt/airflow/dags/02_xcom_dag.py took 0.100 seconds
[2026-08-30T14:49:35.728+0000] {processor.py:186} INFO - Started process (PID=2306) to work on /opt/airflow/dags/02_xcom_dag.py
[2026-08-30T14:49:35.733+0000] {processor.py:914} INFO - Processing file /opt/airflow/dags/02_xcom_dag.py for tasks to queue
[2026-08-30T14:49:35.735+0000] {logging_mixin.py:190} INFO - [2026-08-30T14:49:35.735+0000] {dagbag.py:588} INFO - Filling up the DagBag from /opt/airflow/dags/02_xcom_dag.py
[2026-08-30T14:49:35.752+0000] {processor.py:925} INFO - DAG(s) 'xcom_dag' retrieved from /opt/airflow/dags/02_xcom_dag.py
[2026-08-30T14:49:35.783+0000] {logging_mixin.py:190} INFO - [2026-08-30T14:49:35.782+0000] {dag.py:3239} INFO - Sync 1 DAGs
[2026-08-30T14:49:35.808+0000] {logging_mixin.py:190} INFO - [2026-08-30T14:49:35.808+0000] {dag.py:4180} INFO - Setting next_dagrun for xcom_dag to None, run_after=None
[2026-08-30T14:49:35.823+0000] {processor.py:208} INFO - Processing /opt/airflow/dags/02_xcom_dag.py took 0.119 seconds
[2026-08-30T14:50:06.567+0000] {processor.py:186} INFO - Started process (PID=2318) to work on /opt/airflow/dags/02_xcom_dag.py
[2026-08-30T14:50:06.568+0000] {processor.py:914} INFO - Processing file /opt/airflow/dags/02_xcom_dag.py for tasks to queue
[2026-08-30T14:50:06.569+0000] {logging_mixin.py:190} INFO - [2026-08-30T14:50:06.568+0000] {dagbag.py:588} INFO - Filling up the DagBag from /opt/airflow/dags/02_xcom_dag.py
[2026-08-30T14:50:06.580+0000] {processor.py:925} INFO - DAG(s) 'xcom_dag' retrieved from /opt/airflow/dags/02_xcom_dag.py
[2026-08-30T14:50:06.608+0000] {logging_mixin.py:190} INFO - [2026-08-30T14:50:06.608+0000] {dag.py:3239} INFO - Sync 1 DAGs
[2026-08-30T14:50:06.618+0000] {logging_mixin.py:190} INFO - [2026-08-30T14:50:06.617+0000] {dag.py:4180} INFO - Setting next_dagrun for xcom_dag to None, run_after=None
[2026-08-30T14:50:06.630+0000] {processor.py:208} INFO - Processing /opt/airflow/dags/02_xcom_dag.py took 0.070 seconds
[2026-08-30T14:50:37.375+0000] {processor.py:186} INFO - Started process (PID=2330) to work on /opt/airflow/dags/02_xcom_dag.py
[2026-08-30T14:50:37.377+0000] {processor.py:914} INFO - Processing file /opt/airflow/dags/02_xcom_dag.py for tasks to queue
[2026-08-30T14:50:37.379+0000] {logging_mixin.py:190} INFO - [2026-08-30T14:50:37.378+0000] {dagbag.py:588} INFO - Filling up the DagBag from /opt/airflow/dags/02_xcom_dag.py
[2026-08-30T14:50:37.400+0000] {processor.py:925} INFO - DAG(s) 'xcom_dag' retrieved from /opt/airflow/dags/02_xcom_dag.py
[2026-08-30T14:50:37.425+0000] {logging_mixin.py:190} INFO - [2026-08-30T14:50:37.425+0000] {dag.py:3239} INFO - Sync 1 DAGs
[2026-08-30T14:50:37.443+0000] {logging_mixin.py:190} INFO - [2026-08-30T14:50:37.442+0000] {dag.py:4180} INFO - Setting next_dagrun for xcom_dag to None, run_after=None
[2026-08-30T14:50:37.462+0000] {processor.py:208} INFO - Processing /opt/airflow/dags/02_xcom_dag.py took 0.096 seconds
[2026-08-30T14:51:08.249+0000] {processor.py:186} INFO - Started process (PID=2342) to work on /opt/airflow/dags/02_xcom_dag.py
[2026-08-30T14:51:08.251+0000] {processor.py:914} INFO - Processing file /opt/airflow/dags/02_xcom_dag.py for tasks to queue
[2026-08-30T14:51:08.252+0000] {logging_mixin.py:190} INFO - [2026-08-30T14:51:08.252+0000] {dagbag.py:588} INFO - Filling up the DagBag from /opt/airflow/dags/02_xcom_dag.py
[2026-08-30T14:51:08.266+0000] {processor.py:925} INFO - DAG(s) 'xcom_dag' retrieved from /opt/airflow/dags/02_xcom_dag.py
[2026-08-30T14:51:08.298+0000] {logging_mixin.py:190} INFO - [2026-08-30T14:51:08.298+0000] {dag.py:3239} INFO - Sync 1 DAGs
[2026-08-30T14:51:08.314+0000] {logging_mixin.py:190} INFO - [2026-08-30T14:51:08.313+0000] {dag.py:4180} INFO - Setting next_dagrun for xcom_dag to None, run_after=None
[2026-08-30T14:51:08.328+0000] {processor.py:208} INFO - Processing /opt/airflow/dags/02_xcom_dag.py took 0.090 seconds
[2026-08-30T14:51:39.056+0000] {processor.py:186} INFO - Started process (PID=2354) to work on /opt/airflow/dags/02_xcom_dag.py
[2026-08-30T14:51:39.057+0000] {processor.py:914} INFO - Processing file /opt/airflow/dags/02_xcom_dag.py for tasks to queue
[2026-08-30T14:51:39.059+0000] {logging_mixin.py:190} INFO - [2026-08-30T14:51:39.059+0000] {dagbag.py:588} INFO - Filling up the DagBag from /opt/airflow/dags/02_xcom_dag.py
[2026-08-30T14:51:39.070+0000] {processor.py:925} INFO - DAG(s) 'xcom_dag' retrieved from /opt/airflow/dags/02_xcom_dag.py
[2026-08-30T14:51:39.095+0000] {logging_mixin.py:190} INFO - [2026-08-30T14:51:39.095+0000] {dag.py:3239} INFO - Sync 1 DAGs
[2026-08-30T14:51:39.105+0000] {logging_mixin.py:190} INFO - [2026-08-30T14:51:39.105+0000] {dag.py:4180} INFO - Setting next_dagrun for xcom_dag to None, run_after=None
[2026-08-30T14:51:39.123+0000] {processor.py:208} INFO - Processing /opt/airflow/dags/02_xcom_dag.py took 0.084 seconds
[2026-08-30T14:52:09.817+0000] {processor.py:186} INFO - Started process (PID=2366) to work on /opt/airflow/dags/02_xcom_dag.py
[2026-08-30T14:52:09.820+0000] {processor.py:914} INFO - Processing file /opt/airflow/dags/02_xcom_dag.py for tasks to queue
[2026-08-30T14:52:09.821+0000] {logging_mixin.py:190} INFO - [2026-08-30T14:52:09.821+0000] {dagbag.py:588} INFO - Filling up the DagBag from /opt/airflow/dags/02_xcom_dag.py
[2026-08-30T14:52:09.838+0000] {processor.py:925} INFO - DAG(s) 'xcom_dag' retrieved from /opt/airflow/dags/02_xcom_dag.py
[2026-08-30T14:52:09.860+0000] {logging_mixin.py:190} INFO - [2026-08-30T14:52:09.860+0000] {dag.py:3239} INFO - Sync 1 DAGs
[2026-08-30T14:52:09.870+0000] {logging_mixin.py:190} INFO - [2026-08-30T14:52:09.870+0000] {dag.py:4180} INFO - Setting next_dagrun for xcom_dag to None, run_after=None
[2026-08-30T14:52:09.885+0000] {processor.py:208} INFO - Processing /opt/airflow/dags/02_xcom_dag.py took 0.080 seconds
[2026-08-30T14:52:40.807+0000] {processor.py:186} INFO - Started process (PID=2378) to work on /opt/airflow/dags/02_xcom_dag.py
[2026-08-30T14:52:40.809+0000] {processor.py:914} INFO - Processing file /opt/airflow/dags/02_xcom_dag.py for tasks to queue
[2026-08-30T14:52:40.810+0000] {logging_mixin.py:190} INFO - [2026-08-30T14:52:40.809+0000] {dagbag.py:588} INFO - Filling up the DagBag from /opt/airflow/dags/02_xcom_dag.py
[2026-08-30T14:52:40.827+0000] {processor.py:925} INFO - DAG(s) 'xcom_dag' retrieved from /opt/airflow/dags/02_xcom_dag.py
[2026-08-30T14:52:40.861+0000] {logging_mixin.py:190} INFO - [2026-08-30T14:52:40.860+0000] {dag.py:3239} INFO - Sync 1 DAGs
[2026-08-30T14:52:40.870+0000] {logging_mixin.py:190} INFO - [2026-08-30T14:52:40.870+0000] {dag.py:4180} INFO - Setting next_dagrun for xcom_dag to None, run_after=None
[2026-08-30T14:52:40.890+0000] {processor.py:208} INFO - Processing /opt/airflow/dags/02_xcom_dag.py took 0.094 seconds
[2026-08-30T14:53:11.514+0000] {processor.py:186} INFO - Started process (PID=2390) to work on /opt/airflow/dags/02_xcom_dag.py
[2026-08-30T14:53:11.515+0000] {processor.py:914} INFO - Processing file /opt/airflow/dags/02_xcom_dag.py for tasks to queue
[2026-08-30T14:53:11.517+0000] {logging_mixin.py:190} INFO - [2026-08-30T14:53:11.516+0000] {dagbag.py:588} INFO - Filling up the DagBag from /opt/airflow/dags/02_xcom_dag.py
[2026-08-30T14:53:11.535+0000] {processor.py:925} INFO - DAG(s) 'xcom_dag' retrieved from /opt/airflow/dags/02_xcom_dag.py
[2026-08-30T14:53:11.562+0000] {logging_mixin.py:190} INFO - [2026-08-30T14:53:11.562+0000] {dag.py:3239} INFO - Sync 1 DAGs
[2026-08-30T14:53:11.573+0000] {logging_mixin.py:190} INFO - [2026-08-30T14:53:11.573+0000] {dag.py:4180} INFO - Setting next_dagrun for xcom_dag to None, run_after=None
[2026-08-30T14:53:11.587+0000] {processor.py:208} INFO - Processing /opt/airflow/dags/02_xcom_dag.py took 0.083 seconds
[2026-08-30T14:53:42.271+0000] {processor.py:186} INFO - Started process (PID=2402) to work on /opt/airflow/dags/02_xcom_dag.py
[2026-08-30T14:53:42.273+0000] {processor.py:914} INFO - Processing file /opt/airflow/dags/02_xcom_dag.py for tasks to queue
[2026-08-30T14:53:42.275+0000] {logging_mixin.py:190} INFO - [2026-08-30T14:53:42.274+0000] {dagbag.py:588} INFO - Filling up the DagBag from /opt/airflow/dags/02_xcom_dag.py
[2026-08-30T14:53:42.291+0000] {processor.py:925} INFO - DAG(s) 'xcom_dag' retrieved from /opt/airflow/dags/02_xcom_dag.py
[2026-08-30T14:53:42.323+0000] {logging_mixin.py:190} INFO - [2026-08-30T14:53:42.322+0000] {dag.py:3239} INFO - Sync 1 DAGs
[2026-08-30T14:53:42.331+0000] {logging_mixin.py:190} INFO - [2026-08-30T14:53:42.331+0000] {dag.py:4180} INFO - Setting next_dagrun for xcom_dag to None, run_after=None
[2026-08-30T14:53:42.344+0000] {processor.py:208} INFO - Processing /opt/airflow/dags/02_xcom_dag.py took 0.083 seconds
[2026-08-30T14:54:12.935+0000] {processor.py:186} INFO - Started process (PID=2414) to work on /opt/airflow/dags/02_xcom_dag.py
[2026-08-30T14:54:12.936+0000] {processor.py:914} INFO - Processing file /opt/airflow/dags/02_xcom_dag.py for tasks to queue
[2026-08-30T14:54:12.937+0000] {logging_mixin.py:190} INFO - [2026-08-30T14:54:12.937+0000] {dagbag.py:588} INFO - Filling up the DagBag from /opt/airflow/dags/02_xcom_dag.py
[2026-08-30T14:54:12.950+0000] {processor.py:925} INFO - DAG(s) 'xcom_dag' retrieved from /opt/airflow/dags/02_xcom_dag.py
[2026-08-30T14:54:12.981+0000] {logging_mixin.py:190} INFO - [2026-08-30T14:54:12.981+0000] {dag.py:3239} INFO - Sync 1 DAGs
[2026-08-30T14:54:12.990+0000] {logging_mixin.py:190} INFO - [2026-08-30T14:54:12.990+0000] {dag.py:4180} INFO - Setting next_dagrun for xcom_dag to None, run_after=None
[2026-08-30T14:54:13.004+0000] {processor.py:208} INFO - Processing /opt/airflow/dags/02_xcom_dag.py took 0.077 seconds
[2026-08-30T14:54:43.638+0000] {processor.py:186} INFO - Started process (PID=2427) to work on /opt/airflow/dags/02_xcom_dag.py
[2026-08-30T14:54:43.639+0000] {processor.py:914} INFO - Processing file /opt/airflow/dags/02_xcom_dag.py for tasks to queue
[2026-08-30T14:54:43.640+0000] {logging_mixin.py:190} INFO - [2026-08-30T14:54:43.640+0000] {dagbag.py:588} INFO - Filling up the DagBag from /opt/airflow/dags/02_xcom_dag.py
[2026-08-30T14:54:43.655+0000] {processor.py:925} INFO - DAG(s) 'xcom_dag' retrieved from /opt/airflow/dags/02_xcom_dag.py
[2026-08-30T14:54:43.683+0000] {logging_mixin.py:190} INFO - [2026-08-30T14:54:43.683+0000] {dag.py:3239} INFO - Sync 1 DAGs
[2026-08-30T14:54:43.695+0000] {logging_mixin.py:190} INFO - [2026-08-30T14:54:43.695+0000] {dag.py:4180} INFO - Setting next_dagrun for xcom_dag to None, run_after=None
[2026-08-30T14:54:43.709+0000] {processor.py:208} INFO - Processing /opt/airflow/dags/02_xcom_dag.py took 0.078 seconds
[2026-08-30T14:55:14.428+0000] {processor.py:186} INFO - Started process (PID=2439) to work on /opt/airflow/dags/02_xcom_dag.py
[2026-08-30T14:55:14.430+0000] {processor.py:914} INFO - Processing file /opt/airflow/dags/02_xcom_dag.py for tasks to queue
[2026-08-30T14:55:14.431+0000] {logging_mixin.py:190} INFO - [2026-08-30T14:55:14.431+0000] {dagbag.py:588} INFO - Filling up the DagBag from /opt/airflow/dags/02_xcom_dag.py
[2026-08-30T14:55:14.442+0000] {processor.py:925} INFO - DAG(s) 'xcom_dag' retrieved from /opt/airflow/dags/02_xcom_dag.py
[2026-08-30T14:55:14.471+0000] {logging_mixin.py:190} INFO - [2026-08-30T14:55:14.470+0000] {dag.py:3239} INFO - Sync 1 DAGs
[2026-08-30T14:55:14.484+0000] {logging_mixin.py:190} INFO - [2026-08-30T14:55:14.484+0000] {dag.py:4180} INFO - Setting next_dagrun for xcom_dag to None, run_after=None
[2026-08-30T14:55:14.498+0000] {processor.py:208} INFO - Processing /opt/airflow/dags/02_xcom_dag.py took 0.087 seconds
[2026-08-30T14:55:45.156+0000] {processor.py:186} INFO - Started process (PID=2451) to work on /opt/airflow/dags/02_xcom_dag.py
[2026-08-30T14:55:45.158+0000] {processor.py:914} INFO - Processing file /opt/airflow/dags/02_xcom_dag.py for tasks to queue
[2026-08-30T14:55:45.159+0000] {logging_mixin.py:190} INFO - [2026-08-30T14:55:45.159+0000] {dagbag.py:588} INFO - Filling up the DagBag from /opt/airflow/dags/02_xcom_dag.py
[2026-08-30T14:55:45.171+0000] {processor.py:925} INFO - DAG(s) 'xcom_dag' retrieved from /opt/airflow/dags/02_xcom_dag.py
[2026-08-30T14:55:45.197+0000] {logging_mixin.py:190} INFO - [2026-08-30T14:55:45.197+0000] {dag.py:3239} INFO - Sync 1 DAGs
[2026-08-30T14:55:45.208+0000] {logging_mixin.py:190} INFO - [2026-08-30T14:55:45.208+0000] {dag.py:4180} INFO - Setting next_dagrun for xcom_dag to None, run_after=None
[2026-08-30T14:55:45.222+0000] {processor.py:208} INFO - Processing /opt/airflow/dags/02_xcom_dag.py took 0.072 seconds
[2026-08-30T14:56:15.970+0000] {processor.py:186} INFO - Started process (PID=2463) to work on /opt/airflow/dags/02_xcom_dag.py
[2026-08-30T14:56:15.973+0000] {processor.py:914} INFO - Processing file /opt/airflow/dags/02_xcom_dag.py for tasks to queue
[2026-08-30T14:56:15.975+0000] {logging_mixin.py:190} INFO - [2026-08-30T14:56:15.975+0000] {dagbag.py:588} INFO - Filling up the DagBag from /opt/airflow/dags/02_xcom_dag.py
[2026-08-30T14:56:15.988+0000] {processor.py:925} INFO - DAG(s) 'xcom_dag' retrieved from /opt/airflow/dags/02_xcom_dag.py
[2026-08-30T14:56:16.022+0000] {logging_mixin.py:190} INFO - [2026-08-30T14:56:16.022+0000] {dag.py:3239} INFO - Sync 1 DAGs
[2026-08-30T14:56:16.035+0000] {logging_mixin.py:190} INFO - [2026-08-30T14:56:16.035+0000] {dag.py:4180} INFO - Setting next_dagrun for xcom_dag to None, run_after=None
[2026-08-30T14:56:16.057+0000] {processor.py:208} INFO - Processing /opt/airflow/dags/02_xcom_dag.py took 0.101 seconds
[2026-08-30T14:56:46.812+0000] {processor.py:186} INFO - Started process (PID=2475) to work on /opt/airflow/dags/02_xcom_dag.py
[2026-08-30T14:56:46.819+0000] {processor.py:914} INFO - Processing file /opt/airflow/dags/02_xcom_dag.py for tasks to queue
[2026-08-30T14:56:46.821+0000] {logging_mixin.py:190} INFO - [2026-08-30T14:56:46.820+0000] {dagbag.py:588} INFO - Filling up the DagBag from /opt/airflow/dags/02_xcom_dag.py
[2026-08-30T14:56:46.840+0000] {processor.py:925} INFO - DAG(s) 'xcom_dag' retrieved from /opt/airflow/dags/02_xcom_dag.py
[2026-08-30T14:56:46.866+0000] {logging_mixin.py:190} INFO - [2026-08-30T14:56:46.866+0000] {dag.py:3239} INFO - Sync 1 DAGs
[2026-08-30T14:56:46.880+0000] {logging_mixin.py:190} INFO - [2026-08-30T14:56:46.880+0000] {dag.py:4180} INFO - Setting next_dagrun for xcom_dag to None, run_after=None
[2026-08-30T14:56:46.891+0000] {processor.py:208} INFO - Processing /opt/airflow/dags/02_xcom_dag.py took 0.092 seconds
[2026-08-30T14:57:17.778+0000] {processor.py:186} INFO - Started process (PID=2487) to work on /opt/airflow/dags/02_xcom_dag.py
[2026-08-30T14:57:17.781+0000] {processor.py:914} INFO - Processing file /opt/airflow/dags/02_xcom_dag.py for tasks to queue
[2026-08-30T14:57:17.782+0000] {logging_mixin.py:190} INFO - [2026-08-30T14:57:17.782+0000] {dagbag.py:588} INFO - Filling up the DagBag from /opt/airflow/dags/02_xcom_dag.py
[2026-08-30T14:57:17.798+0000] {processor.py:925} INFO - DAG(s) 'xcom_dag' retrieved from /opt/airflow/dags/02_xcom_dag.py
[2026-08-30T14:57:17.832+0000] {logging_mixin.py:190} INFO - [2026-08-30T14:57:17.832+0000] {dag.py:3239} INFO - Sync 1 DAGs
[2026-08-30T14:57:17.843+0000] {logging_mixin.py:190} INFO - [2026-08-30T14:57:17.843+0000] {dag.py:4180} INFO - Setting next_dagrun for xcom_dag to None, run_after=None
[2026-08-30T14:57:17.858+0000] {processor.py:208} INFO - Processing /opt/airflow/dags/02_xcom_dag.py took 0.089 seconds
[2026-08-30T14:57:48.580+0000] {processor.py:186} INFO - Started process (PID=2499) to work on /opt/airflow/dags/02_xcom_dag.py
[2026-08-30T14:57:48.581+0000] {processor.py:914} INFO - Processing file /opt/airflow/dags/02_xcom_dag.py for tasks to queue
[2026-08-30T14:57:48.583+0000] {logging_mixin.py:190} INFO - [2026-08-30T14:57:48.582+0000] {dagbag.py:588} INFO - Filling up the DagBag from /opt/airflow/dags/02_xcom_dag.py
[2026-08-30T14:57:48.599+0000] {processor.py:925} INFO - DAG(s) 'xcom_dag' retrieved from /opt/airflow/dags/02_xcom_dag.py
[2026-08-30T14:57:48.625+0000] {logging_mixin.py:190} INFO - [2026-08-30T14:57:48.625+0000] {dag.py:3239} INFO - Sync 1 DAGs
[2026-08-30T14:57:48.634+0000] {logging_mixin.py:190} INFO - [2026-08-30T14:57:48.634+0000] {dag.py:4180} INFO - Setting next_dagrun for xcom_dag to None, run_after=None
[2026-08-30T14:57:48.651+0000] {processor.py:208} INFO - Processing /opt/airflow/dags/02_xcom_dag.py took 0.086 seconds
[2026-08-30T14:58:19.387+0000] {processor.py:186} INFO - Started process (PID=2511) to work on /opt/airflow/dags/02_xcom_dag.py
[2026-08-30T14:58:19.391+0000] {processor.py:914} INFO - Processing file /opt/airflow/dags/02_xcom_dag.py for tasks to queue
[2026-08-30T14:58:19.392+0000] {logging_mixin.py:190} INFO - [2026-08-30T14:58:19.392+0000] {dagbag.py:588} INFO - Filling up the DagBag from /opt/airflow/dags/02_xcom_dag.py
[2026-08-30T14:58:19.409+0000] {processor.py:925} INFO - DAG(s) 'xcom_dag' retrieved from /opt/airflow/dags/02_xcom_dag.py
[2026-08-30T14:58:19.441+0000] {logging_mixin.py:190} INFO - [2026-08-30T14:58:19.440+0000] {dag.py:3239} INFO - Sync 1 DAGs
[2026-08-30T14:58:19.459+0000] {logging_mixin.py:190} INFO - [2026-08-30T14:58:19.459+0000] {dag.py:4180} INFO - Setting next_dagrun for xcom_dag to None, run_after=None
[2026-08-30T14:58:19.471+0000] {processor.py:208} INFO - Processing /opt/airflow/dags/02_xcom_dag.py took 0.094 seconds
[2026-08-30T14:58:50.242+0000] {processor.py:186} INFO - Started process (PID=2524) to work on /opt/airflow/dags/02_xcom_dag.py
[2026-08-30T14:58:50.244+0000] {processor.py:914} INFO - Processing file /opt/airflow/dags/02_xcom_dag.py for tasks to queue
[2026-08-30T14:58:50.245+0000] {logging_mixin.py:190} INFO - [2026-08-30T14:58:50.245+0000] {dagbag.py:588} INFO - Filling up the DagBag from /opt/airflow/dags/02_xcom_dag.py
[2026-08-30T14:58:50.260+0000] {processor.py:925} INFO - DAG(s) 'xcom_dag' retrieved from /opt/airflow/dags/02_xcom_dag.py
[2026-08-30T14:58:50.288+0000] {logging_mixin.py:190} INFO - [2026-08-30T14:58:50.288+0000] {dag.py:3239} INFO - Sync 1 DAGs
[2026-08-30T14:58:50.299+0000] {logging_mixin.py:190} INFO - [2026-08-30T14:58:50.299+0000] {dag.py:4180} INFO - Setting next_dagrun for xcom_dag to None, run_after=None
[2026-08-30T14:58:50.316+0000] {processor.py:208} INFO - Processing /opt/airflow/dags/02_xcom_dag.py took 0.083 seconds
[2026-08-30T14:59:20.542+0000] {processor.py:186} INFO - Started process (PID=2536) to work on /opt/airflow/dags/02_xcom_dag.py
[2026-08-30T14:59:20.544+0000] {processor.py:914} INFO - Processing file /opt/airflow/dags/02_xcom_dag.py for tasks to queue
[2026-08-30T14:59:20.546+0000] {logging_mixin.py:190} INFO - [2026-08-30T14:59:20.545+0000] {dagbag.py:588} INFO - Filling up the DagBag from /opt/airflow/dags/02_xcom_dag.py
[2026-08-30T14:59:20.568+0000] {processor.py:925} INFO - DAG(s) 'xcom_dag' retrieved from /opt/airflow/dags/02_xcom_dag.py
[2026-08-30T14:59:20.611+0000] {logging_mixin.py:190} INFO - [2026-08-30T14:59:20.611+0000] {dag.py:3239} INFO - Sync 1 DAGs
[2026-08-30T14:59:20.628+0000] {logging_mixin.py:190} INFO - [2026-08-30T14:59:20.628+0000] {dag.py:4180} INFO - Setting next_dagrun for xcom_dag to None, run_after=None
[2026-08-30T14:59:20.654+0000] {processor.py:208} INFO - Processing /opt/airflow/dags/02_xcom_dag.py took 0.138 seconds
[2026-08-30T14:59:51.288+0000] {processor.py:186} INFO - Started process (PID=2548) to work on /opt/airflow/dags/02_xcom_dag.py
[2026-08-30T14:59:51.289+0000] {processor.py:914} INFO - Processing file /opt/airflow/dags/02_xcom_dag.py for tasks to queue
[2026-08-30T14:59:51.290+0000] {logging_mixin.py:190} INFO - [2026-08-30T14:59:51.289+0000] {dagbag.py:588} INFO - Filling up the DagBag from /opt/airflow/dags/02_xcom_dag.py
[2026-08-30T14:59:51.297+0000] {processor.py:925} INFO - DAG(s) 'xcom_dag' retrieved from /opt/airflow/dags/02_xcom_dag.py
[2026-08-30T14:59:51.317+0000] {logging_mixin.py:190} INFO - [2026-08-30T14:59:51.316+0000] {dag.py:3239} INFO - Sync 1 DAGs
[2026-08-30T14:59:51.326+0000] {logging_mixin.py:190} INFO - [2026-08-30T14:59:51.326+0000] {dag.py:4180} INFO - Setting next_dagrun for xcom_dag to None, run_after=None
[2026-08-30T14:59:51.339+0000] {processor.py:208} INFO - Processing /opt/airflow/dags/02_xcom_dag.py took 0.056 seconds
[2026-08-30T15:00:22.021+0000] {processor.py:186} INFO - Started process (PID=2560) to work on /opt/airflow/dags/02_xcom_dag.py
[2026-08-30T15:00:22.023+0000] {processor.py:914} INFO - Processing file /opt/airflow/dags/02_xcom_dag.py for tasks to queue
[2026-08-30T15:00:22.024+0000] {logging_mixin.py:190} INFO - [2026-08-30T15:00:22.024+0000] {dagbag.py:588} INFO - Filling up the DagBag from /opt/airflow/dags/02_xcom_dag.py
[2026-08-30T15:00:22.039+0000] {processor.py:925} INFO - DAG(s) 'xcom_dag' retrieved from /opt/airflow/dags/02_xcom_dag.py
[2026-08-30T15:00:22.065+0000] {logging_mixin.py:190} INFO - [2026-08-30T15:00:22.065+0000] {dag.py:3239} INFO - Sync 1 DAGs
[2026-08-30T15:00:22.075+0000] {logging_mixin.py:190} INFO - [2026-08-30T15:00:22.075+0000] {dag.py:4180} INFO - Setting next_dagrun for xcom_dag to None, run_after=None
[2026-08-30T15:00:22.086+0000] {processor.py:208} INFO - Processing /opt/airflow/dags/02_xcom_dag.py took 0.071 seconds
[2026-08-30T15:00:52.819+0000] {processor.py:186} INFO - Started process (PID=2572) to work on /opt/airflow/dags/02_xcom_dag.py
[2026-08-30T15:00:52.820+0000] {processor.py:914} INFO - Processing file /opt/airflow/dags/02_xcom_dag.py for tasks to queue
[2026-08-30T15:00:52.821+0000] {logging_mixin.py:190} INFO - [2026-08-30T15:00:52.821+0000] {dagbag.py:588} INFO - Filling up the DagBag from /opt/airflow/dags/02_xcom_dag.py
[2026-08-30T15:00:52.830+0000] {processor.py:925} INFO - DAG(s) 'xcom_dag' retrieved from /opt/airflow/dags/02_xcom_dag.py
[2026-08-30T15:00:52.850+0000] {logging_mixin.py:190} INFO - [2026-08-30T15:00:52.849+0000] {dag.py:3239} INFO - Sync 1 DAGs
[2026-08-30T15:00:52.864+0000] {logging_mixin.py:190} INFO - [2026-08-30T15:00:52.864+0000] {dag.py:4180} INFO - Setting next_dagrun for xcom_dag to None, run_after=None
[2026-08-30T15:00:52.875+0000] {processor.py:208} INFO - Processing /opt/airflow/dags/02_xcom_dag.py took 0.069 seconds
[2026-08-30T15:01:23.583+0000] {processor.py:186} INFO - Started process (PID=2584) to work on /opt/airflow/dags/02_xcom_dag.py
[2026-08-30T15:01:23.585+0000] {processor.py:914} INFO - Processing file /opt/airflow/dags/02_xcom_dag.py for tasks to queue
[2026-08-30T15:01:23.586+0000] {logging_mixin.py:190} INFO - [2026-08-30T15:01:23.586+0000] {dagbag.py:588} INFO - Filling up the DagBag from /opt/airflow/dags/02_xcom_dag.py
[2026-08-30T15:01:23.597+0000] {processor.py:925} INFO - DAG(s) 'xcom_dag' retrieved from /opt/airflow/dags/02_xcom_dag.py
[2026-08-30T15:01:23.617+0000] {logging_mixin.py:190} INFO - [2026-08-30T15:01:23.616+0000] {dag.py:3239} INFO - Sync 1 DAGs
[2026-08-30T15:01:23.630+0000] {logging_mixin.py:190} INFO - [2026-08-30T15:01:23.630+0000] {dag.py:4180} INFO - Setting next_dagrun for xcom_dag to None, run_after=None
[2026-08-30T15:01:23.645+0000] {processor.py:208} INFO - Processing /opt/airflow/dags/02_xcom_dag.py took 0.067 seconds
[2026-08-30T15:01:54.448+0000] {processor.py:186} INFO - Started process (PID=2596) to work on /opt/airflow/dags/02_xcom_dag.py
[2026-08-30T15:01:54.449+0000] {processor.py:914} INFO - Processing file /opt/airflow/dags/02_xcom_dag.py for tasks to queue
[2026-08-30T15:01:54.450+0000] {logging_mixin.py:190} INFO - [2026-08-30T15:01:54.450+0000] {dagbag.py:588} INFO - Filling up the DagBag from /opt/airflow/dags/02_xcom_dag.py
[2026-08-30T15:01:54.457+0000] {processor.py:925} INFO - DAG(s) 'xcom_dag' retrieved from /opt/airflow/dags/02_xcom_dag.py
[2026-08-30T15:01:54.485+0000] {logging_mixin.py:190} INFO - [2026-08-30T15:01:54.485+0000] {dag.py:3239} INFO - Sync 1 DAGs
[2026-08-30T15:01:54.502+0000] {logging_mixin.py:190} INFO - [2026-08-30T15:01:54.502+0000] {dag.py:4180} INFO - Setting next_dagrun for xcom_dag to None, run_after=None
[2026-08-30T15:01:54.531+0000] {processor.py:208} INFO - Processing /opt/airflow/dags/02_xcom_dag.py took 0.087 seconds
[2026-08-30T15:02:25.304+0000] {processor.py:186} INFO - Started process (PID=2608) to work on /opt/airflow/dags/02_xcom_dag.py
[2026-08-30T15:02:25.305+0000] {processor.py:914} INFO - Processing file /opt/airflow/dags/02_xcom_dag.py for tasks to queue
[2026-08-30T15:02:25.306+0000] {logging_mixin.py:190} INFO - [2026-08-30T15:02:25.306+0000] {dagbag.py:588} INFO - Filling up the DagBag from /opt/airflow/dags/02_xcom_dag.py
[2026-08-30T15:02:25.312+0000] {processor.py:925} INFO - DAG(s) 'xcom_dag' retrieved from /opt/airflow/dags/02_xcom_dag.py
[2026-08-30T15:02:25.328+0000] {logging_mixin.py:190} INFO - [2026-08-30T15:02:25.328+0000] {dag.py:3239} INFO - Sync 1 DAGs
[2026-08-30T15:02:25.339+0000] {logging_mixin.py:190} INFO - [2026-08-30T15:02:25.339+0000] {dag.py:4180} INFO - Setting next_dagrun for xcom_dag to None, run_after=None
[2026-08-30T15:02:25.365+0000] {processor.py:208} INFO - Processing /opt/airflow/dags/02_xcom_dag.py took 0.065 seconds
[2026-08-30T15:02:56.038+0000] {processor.py:186} INFO - Started process (PID=2620) to work on /opt/airflow/dags/02_xcom_dag.py
[2026-08-30T15:02:56.038+0000] {processor.py:914} INFO - Processing file /opt/airflow/dags/02_xcom_dag.py for tasks to queue
[2026-08-30T15:02:56.039+0000] {logging_mixin.py:190} INFO - [2026-08-30T15:02:56.039+0000] {dagbag.py:588} INFO - Filling up the DagBag from /opt/airflow/dags/02_xcom_dag.py
[2026-08-30T15:02:56.050+0000] {processor.py:925} INFO - DAG(s) 'xcom_dag' retrieved from /opt/airflow/dags/02_xcom_dag.py
[2026-08-30T15:02:56.071+0000] {logging_mixin.py:190} INFO - [2026-08-30T15:02:56.071+0000] {dag.py:3239} INFO - Sync 1 DAGs
[2026-08-30T15:02:56.080+0000] {logging_mixin.py:190} INFO - [2026-08-30T15:02:56.080+0000] {dag.py:4180} INFO - Setting next_dagrun for xcom_dag to None, run_after=None
[2026-08-30T15:02:56.097+0000] {processor.py:208} INFO - Processing /opt/airflow/dags/02_xcom_dag.py took 0.064 seconds
[2026-08-30T15:03:26.829+0000] {processor.py:186} INFO - Started process (PID=2632) to work on /opt/airflow/dags/02_xcom_dag.py
[2026-08-30T15:03:26.830+0000] {processor.py:914} INFO - Processing file /opt/airflow/dags/02_xcom_dag.py for tasks to queue
[2026-08-30T15:03:26.831+0000] {logging_mixin.py:190} INFO - [2026-08-30T15:03:26.831+0000] {dagbag.py:588} INFO - Filling up the DagBag from /opt/airflow/dags/02_xcom_dag.py
[2026-08-30T15:03:26.838+0000] {processor.py:925} INFO - DAG(s) 'xcom_dag' retrieved from /opt/airflow/dags/02_xcom_dag.py
[2026-08-30T15:03:26.857+0000] {logging_mixin.py:190} INFO - [2026-08-30T15:03:26.857+0000] {dag.py:3239} INFO - Sync 1 DAGs
[2026-08-30T15:03:26.867+0000] {logging_mixin.py:190} INFO - [2026-08-30T15:03:26.867+0000] {dag.py:4180} INFO - Setting next_dagrun for xcom_dag to None, run_after=None
[2026-08-30T15:03:26.887+0000] {processor.py:208} INFO - Processing /opt/airflow/dags/02_xcom_dag.py took 0.062 seconds
[2026-08-30T15:03:57.601+0000] {processor.py:186} INFO - Started process (PID=2644) to work on /opt/airflow/dags/02_xcom_dag.py
[2026-08-30T15:03:57.602+0000] {processor.py:914} INFO - Processing file /opt/airflow/dags/02_xcom_dag.py for tasks to queue
[2026-08-30T15:03:57.603+0000] {logging_mixin.py:190} INFO - [2026-08-30T15:03:57.603+0000] {dagbag.py:588} INFO - Filling up the DagBag from /opt/airflow/dags/02_xcom_dag.py
[2026-08-30T15:03:57.613+0000] {processor.py:925} INFO - DAG(s) 'xcom_dag' retrieved from /opt/airflow/dags/02_xcom_dag.py
[2026-08-30T15:03:57.633+0000] {logging_mixin.py:190} INFO - [2026-08-30T15:03:57.632+0000] {dag.py:3239} INFO - Sync 1 DAGs
[2026-08-30T15:03:57.644+0000] {logging_mixin.py:190} INFO - [2026-08-30T15:03:57.644+0000] {dag.py:4180} INFO - Setting next_dagrun for xcom_dag to None, run_after=None
[2026-08-30T15:03:57.657+0000] {processor.py:208} INFO - Processing /opt/airflow/dags/02_xcom_dag.py took 0.062 seconds
[2026-08-30T15:04:28.353+0000] {processor.py:186} INFO - Started process (PID=2656) to work on /opt/airflow/dags/02_xcom_dag.py
[2026-08-30T15:04:28.354+0000] {processor.py:914} INFO - Processing file /opt/airflow/dags/02_xcom_dag.py for tasks to queue
[2026-08-30T15:04:28.354+0000] {logging_mixin.py:190} INFO - [2026-08-30T15:04:28.354+0000] {dagbag.py:588} INFO - Filling up the DagBag from /opt/airflow/dags/02_xcom_dag.py
[2026-08-30T15:04:28.361+0000] {processor.py:925} INFO - DAG(s) 'xcom_dag' retrieved from /opt/airflow/dags/02_xcom_dag.py
[2026-08-30T15:04:28.381+0000] {logging_mixin.py:190} INFO - [2026-08-30T15:04:28.381+0000] {dag.py:3239} INFO - Sync 1 DAGs
[2026-08-30T15:04:28.391+0000] {logging_mixin.py:190} INFO - [2026-08-30T15:04:28.391+0000] {dag.py:4180} INFO - Setting next_dagrun for xcom_dag to None, run_after=None
[2026-08-30T15:04:28.405+0000] {processor.py:208} INFO - Processing /opt/airflow/dags/02_xcom_dag.py took 0.057 seconds
[2026-08-30T15:04:59.204+0000] {processor.py:186} INFO - Started process (PID=2668) to work on /opt/airflow/dags/02_xcom_dag.py
[2026-08-30T15:04:59.205+0000] {processor.py:914} INFO - Processing file /opt/airflow/dags/02_xcom_dag.py for tasks to queue
[2026-08-30T15:04:59.207+0000] {logging_mixin.py:190} INFO - [2026-08-30T15:04:59.207+0000] {dagbag.py:588} INFO - Filling up the DagBag from /opt/airflow/dags/02_xcom_dag.py
[2026-08-30T15:04:59.218+0000] {processor.py:925} INFO - DAG(s) 'xcom_dag' retrieved from /opt/airflow/dags/02_xcom_dag.py
[2026-08-30T15:04:59.242+0000] {logging_mixin.py:190} INFO - [2026-08-30T15:04:59.242+0000] {dag.py:3239} INFO - Sync 1 DAGs
[2026-08-30T15:04:59.253+0000] {logging_mixin.py:190} INFO - [2026-08-30T15:04:59.253+0000] {dag.py:4180} INFO - Setting next_dagrun for xcom_dag to None, run_after=None
[2026-08-30T15:04:59.264+0000] {processor.py:208} INFO - Processing /opt/airflow/dags/02_xcom_dag.py took 0.064 seconds
[2026-08-30T15:05:30.071+0000] {processor.py:186} INFO - Started process (PID=2680) to work on /opt/airflow/dags/02_xcom_dag.py
[2026-08-30T15:05:30.072+0000] {processor.py:914} INFO - Processing file /opt/airflow/dags/02_xcom_dag.py for tasks to queue
[2026-08-30T15:05:30.073+0000] {logging_mixin.py:190} INFO - [2026-08-30T15:05:30.072+0000] {dagbag.py:588} INFO - Filling up the DagBag from /opt/airflow/dags/02_xcom_dag.py
[2026-08-30T15:05:30.083+0000] {processor.py:925} INFO - DAG(s) 'xcom_dag' retrieved from /opt/airflow/dags/02_xcom_dag.py
[2026-08-30T15:05:30.105+0000] {logging_mixin.py:190} INFO - [2026-08-30T15:05:30.105+0000] {dag.py:3239} INFO - Sync 1 DAGs
[2026-08-30T15:05:30.116+0000] {logging_mixin.py:190} INFO - [2026-08-30T15:05:30.116+0000] {dag.py:4180} INFO - Setting next_dagrun for xcom_dag to None, run_after=None
[2026-08-30T15:05:30.140+0000] {processor.py:208} INFO - Processing /opt/airflow/dags/02_xcom_dag.py took 0.073 seconds
[2026-08-30T15:06:00.902+0000] {processor.py:186} INFO - Started process (PID=2692) to work on /opt/airflow/dags/02_xcom_dag.py
[2026-08-30T15:06:00.903+0000] {processor.py:914} INFO - Processing file /opt/airflow/dags/02_xcom_dag.py for tasks to queue
[2026-08-30T15:06:00.904+0000] {logging_mixin.py:190} INFO - [2026-08-30T15:06:00.903+0000] {dagbag.py:588} INFO - Filling up the DagBag from /opt/airflow/dags/02_xcom_dag.py
[2026-08-30T15:06:00.913+0000] {processor.py:925} INFO - DAG(s) 'xcom_dag' retrieved from /opt/airflow/dags/02_xcom_dag.py
[2026-08-30T15:06:00.933+0000] {logging_mixin.py:190} INFO - [2026-08-30T15:06:00.933+0000] {dag.py:3239} INFO - Sync 1 DAGs
[2026-08-30T15:06:00.942+0000] {logging_mixin.py:190} INFO - [2026-08-30T15:06:00.942+0000] {dag.py:4180} INFO - Setting next_dagrun for xcom_dag to None, run_after=None
[2026-08-30T15:06:00.956+0000] {processor.py:208} INFO - Processing /opt/airflow/dags/02_xcom_dag.py took 0.058 seconds
[2026-08-30T15:06:31.822+0000] {processor.py:186} INFO - Started process (PID=2704) to work on /opt/airflow/dags/02_xcom_dag.py
[2026-08-30T15:06:31.823+0000] {processor.py:914} INFO - Processing file /opt/airflow/dags/02_xcom_dag.py for tasks to queue
[2026-08-30T15:06:31.823+0000] {logging_mixin.py:190} INFO - [2026-08-30T15:06:31.823+0000] {dagbag.py:588} INFO - Filling up the DagBag from /opt/airflow/dags/02_xcom_dag.py
[2026-08-30T15:06:31.830+0000] {processor.py:925} INFO - DAG(s) 'xcom_dag' retrieved from /opt/airflow/dags/02_xcom_dag.py
[2026-08-30T15:06:31.852+0000] {logging_mixin.py:190} INFO - [2026-08-30T15:06:31.851+0000] {dag.py:3239} INFO - Sync 1 DAGs
[2026-08-30T15:06:31.864+0000] {logging_mixin.py:190} INFO - [2026-08-30T15:06:31.864+0000] {dag.py:4180} INFO - Setting next_dagrun for xcom_dag to None, run_after=None
[2026-08-30T15:06:31.884+0000] {processor.py:208} INFO - Processing /opt/airflow/dags/02_xcom_dag.py took 0.066 seconds
[2026-08-30T15:07:02.646+0000] {processor.py:186} INFO - Started process (PID=2722) to work on /opt/airflow/dags/02_xcom_dag.py
[2026-08-30T15:07:02.647+0000] {processor.py:914} INFO - Processing file /opt/airflow/dags/02_xcom_dag.py for tasks to queue
[2026-08-30T15:07:02.648+0000] {logging_mixin.py:190} INFO - [2026-08-30T15:07:02.648+0000] {dagbag.py:588} INFO - Filling up the DagBag from /opt/airflow/dags/02_xcom_dag.py
[2026-08-30T15:07:02.658+0000] {processor.py:925} INFO - DAG(s) 'xcom_dag' retrieved from /opt/airflow/dags/02_xcom_dag.py
[2026-08-30T15:07:02.679+0000] {logging_mixin.py:190} INFO - [2026-08-30T15:07:02.679+0000] {dag.py:3239} INFO - Sync 1 DAGs
[2026-08-30T15:07:02.695+0000] {logging_mixin.py:190} INFO - [2026-08-30T15:07:02.695+0000] {dag.py:4180} INFO - Setting next_dagrun for xcom_dag to None, run_after=None
[2026-08-30T15:07:02.710+0000] {processor.py:208} INFO - Processing /opt/airflow/dags/02_xcom_dag.py took 0.068 seconds
[2026-08-30T15:07:33.585+0000] {processor.py:186} INFO - Started process (PID=2734) to work on /opt/airflow/dags/02_xcom_dag.py
[2026-08-30T15:07:33.586+0000] {processor.py:914} INFO - Processing file /opt/airflow/dags/02_xcom_dag.py for tasks to queue
[2026-08-30T15:07:33.587+0000] {logging_mixin.py:190} INFO - [2026-08-30T15:07:33.587+0000] {dagbag.py:588} INFO - Filling up the DagBag from /opt/airflow/dags/02_xcom_dag.py
[2026-08-30T15:07:33.595+0000] {processor.py:925} INFO - DAG(s) 'xcom_dag' retrieved from /opt/airflow/dags/02_xcom_dag.py
[2026-08-30T15:07:33.617+0000] {logging_mixin.py:190} INFO - [2026-08-30T15:07:33.617+0000] {dag.py:3239} INFO - Sync 1 DAGs
[2026-08-30T15:07:33.626+0000] {logging_mixin.py:190} INFO - [2026-08-30T15:07:33.626+0000] {dag.py:4180} INFO - Setting next_dagrun for xcom_dag to None, run_after=None
[2026-08-30T15:07:33.644+0000] {processor.py:208} INFO - Processing /opt/airflow/dags/02_xcom_dag.py took 0.063 seconds
[2026-08-30T15:08:04.423+0000] {processor.py:186} INFO - Started process (PID=2746) to work on /opt/airflow/dags/02_xcom_dag.py
[2026-08-30T15:08:04.425+0000] {processor.py:914} INFO - Processing file /opt/airflow/dags/02_xcom_dag.py for tasks to queue
[2026-08-30T15:08:04.427+0000] {logging_mixin.py:190} INFO - [2026-08-30T15:08:04.426+0000] {dagbag.py:588} INFO - Filling up the DagBag from /opt/airflow/dags/02_xcom_dag.py
[2026-08-30T15:08:04.444+0000] {processor.py:925} INFO - DAG(s) 'xcom_dag' retrieved from /opt/airflow/dags/02_xcom_dag.py
[2026-08-30T15:08:04.513+0000] {logging_mixin.py:190} INFO - [2026-08-30T15:08:04.512+0000] {dag.py:3239} INFO - Sync 1 DAGs
[2026-08-30T15:08:04.571+0000] {logging_mixin.py:190} INFO - [2026-08-30T15:08:04.571+0000] {dag.py:4180} INFO - Setting next_dagrun for xcom_dag to None, run_after=None
[2026-08-30T15:08:04.593+0000] {processor.py:208} INFO - Processing /opt/airflow/dags/02_xcom_dag.py took 0.176 seconds
[2026-08-30T15:10:42.015+0000] {processor.py:186} INFO - Started process (PID=93) to work on /opt/airflow/dags/02_xcom_dag.py
[2026-08-30T15:10:42.022+0000] {processor.py:914} INFO - Processing file /opt/airflow/dags/02_xcom_dag.py for tasks to queue
[2026-08-30T15:10:42.036+0000] {logging_mixin.py:190} INFO - [2026-08-30T15:10:42.035+0000] {dagbag.py:588} INFO - Filling up the DagBag from /opt/airflow/dags/02_xcom_dag.py
[2026-08-30T15:10:42.066+0000] {processor.py:925} INFO - DAG(s) 'xcom_dag' retrieved from /opt/airflow/dags/02_xcom_dag.py
[2026-08-30T15:10:42.127+0000] {logging_mixin.py:190} INFO - [2026-08-30T15:10:42.127+0000] {dag.py:3239} INFO - Sync 1 DAGs
[2026-08-30T15:10:42.154+0000] {logging_mixin.py:190} INFO - [2026-08-30T15:10:42.154+0000] {dag.py:4180} INFO - Setting next_dagrun for xcom_dag to None, run_after=None
[2026-08-30T15:10:42.214+0000] {processor.py:208} INFO - Processing /opt/airflow/dags/02_xcom_dag.py took 0.223 seconds
[2026-08-30T15:11:12.921+0000] {processor.py:186} INFO - Started process (PID=105) to work on /opt/airflow/dags/02_xcom_dag.py
[2026-08-30T15:11:12.922+0000] {processor.py:914} INFO - Processing file /opt/airflow/dags/02_xcom_dag.py for tasks to queue
[2026-08-30T15:11:12.923+0000] {logging_mixin.py:190} INFO - [2026-08-30T15:11:12.923+0000] {dagbag.py:588} INFO - Filling up the DagBag from /opt/airflow/dags/02_xcom_dag.py
[2026-08-30T15:11:12.936+0000] {processor.py:925} INFO - DAG(s) 'xcom_dag' retrieved from /opt/airflow/dags/02_xcom_dag.py
[2026-08-30T15:11:12.958+0000] {logging_mixin.py:190} INFO - [2026-08-30T15:11:12.958+0000] {dag.py:3239} INFO - Sync 1 DAGs
[2026-08-30T15:11:12.968+0000] {logging_mixin.py:190} INFO - [2026-08-30T15:11:12.967+0000] {dag.py:4180} INFO - Setting next_dagrun for xcom_dag to None, run_after=None
[2026-08-30T15:11:12.981+0000] {processor.py:208} INFO - Processing /opt/airflow/dags/02_xcom_dag.py took 0.063 seconds
[2026-08-30T15:11:43.697+0000] {processor.py:186} INFO - Started process (PID=117) to work on /opt/airflow/dags/02_xcom_dag.py
[2026-08-30T15:11:43.699+0000] {processor.py:914} INFO - Processing file /opt/airflow/dags/02_xcom_dag.py for tasks to queue
[2026-08-30T15:11:43.701+0000] {logging_mixin.py:190} INFO - [2026-08-30T15:11:43.701+0000] {dagbag.py:588} INFO - Filling up the DagBag from /opt/airflow/dags/02_xcom_dag.py
[2026-08-30T15:11:43.708+0000] {processor.py:925} INFO - DAG(s) 'xcom_dag' retrieved from /opt/airflow/dags/02_xcom_dag.py
[2026-08-30T15:11:43.726+0000] {logging_mixin.py:190} INFO - [2026-08-30T15:11:43.726+0000] {dag.py:3239} INFO - Sync 1 DAGs
[2026-08-30T15:11:43.736+0000] {logging_mixin.py:190} INFO - [2026-08-30T15:11:43.736+0000] {dag.py:4180} INFO - Setting next_dagrun for xcom_dag to None, run_after=None
[2026-08-30T15:11:43.753+0000] {processor.py:208} INFO - Processing /opt/airflow/dags/02_xcom_dag.py took 0.059 seconds
[2026-08-30T15:12:14.624+0000] {processor.py:186} INFO - Started process (PID=129) to work on /opt/airflow/dags/02_xcom_dag.py
[2026-08-30T15:12:14.625+0000] {processor.py:914} INFO - Processing file /opt/airflow/dags/02_xcom_dag.py for tasks to queue
[2026-08-30T15:12:14.626+0000] {logging_mixin.py:190} INFO - [2026-08-30T15:12:14.626+0000] {dagbag.py:588} INFO - Filling up the DagBag from /opt/airflow/dags/02_xcom_dag.py
[2026-08-30T15:12:14.637+0000] {processor.py:925} INFO - DAG(s) 'xcom_dag' retrieved from /opt/airflow/dags/02_xcom_dag.py
[2026-08-30T15:12:14.660+0000] {logging_mixin.py:190} INFO - [2026-08-30T15:12:14.660+0000] {dag.py:3239} INFO - Sync 1 DAGs
[2026-08-30T15:12:14.685+0000] {logging_mixin.py:190} INFO - [2026-08-30T15:12:14.685+0000] {dag.py:4180} INFO - Setting next_dagrun for xcom_dag to None, run_after=None
[2026-08-30T15:12:14.734+0000] {processor.py:208} INFO - Processing /opt/airflow/dags/02_xcom_dag.py took 0.113 seconds
[2026-08-30T15:14:24.750+0000] {processor.py:186} INFO - Started process (PID=92) to work on /opt/airflow/dags/02_xcom_dag.py
[2026-08-30T15:14:24.751+0000] {processor.py:914} INFO - Processing file /opt/airflow/dags/02_xcom_dag.py for tasks to queue
[2026-08-30T15:14:24.755+0000] {logging_mixin.py:190} INFO - [2026-08-30T15:14:24.754+0000] {dagbag.py:588} INFO - Filling up the DagBag from /opt/airflow/dags/02_xcom_dag.py
[2026-08-30T15:14:24.792+0000] {processor.py:925} INFO - DAG(s) 'xcom_dag' retrieved from /opt/airflow/dags/02_xcom_dag.py
[2026-08-30T15:14:24.834+0000] {logging_mixin.py:190} INFO - [2026-08-30T15:14:24.833+0000] {dag.py:3239} INFO - Sync 1 DAGs
[2026-08-30T15:14:24.910+0000] {logging_mixin.py:190} INFO - [2026-08-30T15:14:24.910+0000] {dag.py:4180} INFO - Setting next_dagrun for xcom_dag to None, run_after=None
[2026-08-30T15:14:24.992+0000] {processor.py:208} INFO - Processing /opt/airflow/dags/02_xcom_dag.py took 0.249 seconds
[2026-08-30T15:14:55.660+0000] {processor.py:186} INFO - Started process (PID=104) to work on /opt/airflow/dags/02_xcom_dag.py
[2026-08-30T15:14:55.661+0000] {processor.py:914} INFO - Processing file /opt/airflow/dags/02_xcom_dag.py for tasks to queue
[2026-08-30T15:14:55.664+0000] {logging_mixin.py:190} INFO - [2026-08-30T15:14:55.663+0000] {dagbag.py:588} INFO - Filling up the DagBag from /opt/airflow/dags/02_xcom_dag.py
[2026-08-30T15:14:55.673+0000] {processor.py:925} INFO - DAG(s) 'xcom_dag' retrieved from /opt/airflow/dags/02_xcom_dag.py
[2026-08-30T15:14:55.696+0000] {logging_mixin.py:190} INFO - [2026-08-30T15:14:55.696+0000] {dag.py:3239} INFO - Sync 1 DAGs
[2026-08-30T15:14:55.705+0000] {logging_mixin.py:190} INFO - [2026-08-30T15:14:55.705+0000] {dag.py:4180} INFO - Setting next_dagrun for xcom_dag to None, run_after=None
[2026-08-30T15:14:55.720+0000] {processor.py:208} INFO - Processing /opt/airflow/dags/02_xcom_dag.py took 0.063 seconds
[2026-08-30T15:15:26.346+0000] {processor.py:186} INFO - Started process (PID=116) to work on /opt/airflow/dags/02_xcom_dag.py
[2026-08-30T15:15:26.349+0000] {processor.py:914} INFO - Processing file /opt/airflow/dags/02_xcom_dag.py for tasks to queue
[2026-08-30T15:15:26.350+0000] {logging_mixin.py:190} INFO - [2026-08-30T15:15:26.350+0000] {dagbag.py:588} INFO - Filling up the DagBag from /opt/airflow/dags/02_xcom_dag.py
[2026-08-30T15:15:26.361+0000] {processor.py:925} INFO - DAG(s) 'xcom_dag' retrieved from /opt/airflow/dags/02_xcom_dag.py
[2026-08-30T15:15:26.381+0000] {logging_mixin.py:190} INFO - [2026-08-30T15:15:26.381+0000] {dag.py:3239} INFO - Sync 1 DAGs
[2026-08-30T15:15:26.389+0000] {logging_mixin.py:190} INFO - [2026-08-30T15:15:26.389+0000] {dag.py:4180} INFO - Setting next_dagrun for xcom_dag to None, run_after=None
[2026-08-30T15:15:26.402+0000] {processor.py:208} INFO - Processing /opt/airflow/dags/02_xcom_dag.py took 0.061 seconds
[2026-08-30T15:15:57.207+0000] {processor.py:186} INFO - Started process (PID=128) to work on /opt/airflow/dags/02_xcom_dag.py
[2026-08-30T15:15:57.207+0000] {processor.py:914} INFO - Processing file /opt/airflow/dags/02_xcom_dag.py for tasks to queue
[2026-08-30T15:15:57.209+0000] {logging_mixin.py:190} INFO - [2026-08-30T15:15:57.208+0000] {dagbag.py:588} INFO - Filling up the DagBag from /opt/airflow/dags/02_xcom_dag.py
[2026-08-30T15:15:57.215+0000] {processor.py:925} INFO - DAG(s) 'xcom_dag' retrieved from /opt/airflow/dags/02_xcom_dag.py
[2026-08-30T15:15:57.235+0000] {logging_mixin.py:190} INFO - [2026-08-30T15:15:57.235+0000] {dag.py:3239} INFO - Sync 1 DAGs
[2026-08-30T15:15:57.242+0000] {logging_mixin.py:190} INFO - [2026-08-30T15:15:57.242+0000] {dag.py:4180} INFO - Setting next_dagrun for xcom_dag to None, run_after=None
[2026-08-30T15:15:57.253+0000] {processor.py:208} INFO - Processing /opt/airflow/dags/02_xcom_dag.py took 0.051 seconds
[2026-08-30T15:16:28.169+0000] {processor.py:186} INFO - Started process (PID=140) to work on /opt/airflow/dags/02_xcom_dag.py
[2026-08-30T15:16:28.171+0000] {processor.py:914} INFO - Processing file /opt/airflow/dags/02_xcom_dag.py for tasks to queue
[2026-08-30T15:16:28.173+0000] {logging_mixin.py:190} INFO - [2026-08-30T15:16:28.173+0000] {dagbag.py:588} INFO - Filling up the DagBag from /opt/airflow/dags/02_xcom_dag.py
[2026-08-30T15:16:28.190+0000] {processor.py:925} INFO - DAG(s) 'xcom_dag' retrieved from /opt/airflow/dags/02_xcom_dag.py
[2026-08-30T15:16:28.215+0000] {logging_mixin.py:190} INFO - [2026-08-30T15:16:28.215+0000] {dag.py:3239} INFO - Sync 1 DAGs
[2026-08-30T15:16:28.228+0000] {logging_mixin.py:190} INFO - [2026-08-30T15:16:28.228+0000] {dag.py:4180} INFO - Setting next_dagrun for xcom_dag to None, run_after=None
[2026-08-30T15:16:28.244+0000] {processor.py:208} INFO - Processing /opt/airflow/dags/02_xcom_dag.py took 0.082 seconds
[2026-08-30T15:16:59.680+0000] {processor.py:186} INFO - Started process (PID=152) to work on /opt/airflow/dags/02_xcom_dag.py
[2026-08-30T15:16:59.681+0000] {processor.py:914} INFO - Processing file /opt/airflow/dags/02_xcom_dag.py for tasks to queue
[2026-08-30T15:16:59.682+0000] {logging_mixin.py:190} INFO - [2026-08-30T15:16:59.682+0000] {dagbag.py:588} INFO - Filling up the DagBag from /opt/airflow/dags/02_xcom_dag.py
[2026-08-30T15:16:59.694+0000] {processor.py:925} INFO - DAG(s) 'xcom_dag' retrieved from /opt/airflow/dags/02_xcom_dag.py
[2026-08-30T15:16:59.715+0000] {logging_mixin.py:190} INFO - [2026-08-30T15:16:59.715+0000] {dag.py:3239} INFO - Sync 1 DAGs
[2026-08-30T15:16:59.840+0000] {logging_mixin.py:190} INFO - [2026-08-30T15:16:59.839+0000] {dag.py:4180} INFO - Setting next_dagrun for xcom_dag to None, run_after=None
[2026-08-30T15:16:59.854+0000] {processor.py:208} INFO - Processing /opt/airflow/dags/02_xcom_dag.py took 0.178 seconds
[2026-08-30T15:17:30.727+0000] {processor.py:186} INFO - Started process (PID=164) to work on /opt/airflow/dags/02_xcom_dag.py
[2026-08-30T15:17:30.731+0000] {processor.py:914} INFO - Processing file /opt/airflow/dags/02_xcom_dag.py for tasks to queue
[2026-08-30T15:17:30.733+0000] {logging_mixin.py:190} INFO - [2026-08-30T15:17:30.733+0000] {dagbag.py:588} INFO - Filling up the DagBag from /opt/airflow/dags/02_xcom_dag.py
[2026-08-30T15:17:30.753+0000] {processor.py:925} INFO - DAG(s) 'xcom_dag' retrieved from /opt/airflow/dags/02_xcom_dag.py
[2026-08-30T15:17:30.774+0000] {logging_mixin.py:190} INFO - [2026-08-30T15:17:30.774+0000] {dag.py:3239} INFO - Sync 1 DAGs
[2026-08-30T15:17:30.785+0000] {logging_mixin.py:190} INFO - [2026-08-30T15:17:30.785+0000] {dag.py:4180} INFO - Setting next_dagrun for xcom_dag to None, run_after=None
[2026-08-30T15:17:30.797+0000] {processor.py:208} INFO - Processing /opt/airflow/dags/02_xcom_dag.py took 0.076 seconds
[2026-08-30T15:18:01.563+0000] {processor.py:186} INFO - Started process (PID=176) to work on /opt/airflow/dags/02_xcom_dag.py
[2026-08-30T15:18:01.564+0000] {processor.py:914} INFO - Processing file /opt/airflow/dags/02_xcom_dag.py for tasks to queue
[2026-08-30T15:18:01.566+0000] {logging_mixin.py:190} INFO - [2026-08-30T15:18:01.565+0000] {dagbag.py:588} INFO - Filling up the DagBag from /opt/airflow/dags/02_xcom_dag.py
[2026-08-30T15:18:01.574+0000] {processor.py:925} INFO - DAG(s) 'xcom_dag' retrieved from /opt/airflow/dags/02_xcom_dag.py
[2026-08-30T15:18:01.595+0000] {logging_mixin.py:190} INFO - [2026-08-30T15:18:01.595+0000] {dag.py:3239} INFO - Sync 1 DAGs
[2026-08-30T15:18:01.606+0000] {logging_mixin.py:190} INFO - [2026-08-30T15:18:01.605+0000] {dag.py:4180} INFO - Setting next_dagrun for xcom_dag to None, run_after=None
[2026-08-30T15:18:01.616+0000] {processor.py:208} INFO - Processing /opt/airflow/dags/02_xcom_dag.py took 0.059 seconds
[2026-08-30T15:18:32.721+0000] {processor.py:186} INFO - Started process (PID=188) to work on /opt/airflow/dags/02_xcom_dag.py
[2026-08-30T15:18:32.722+0000] {processor.py:914} INFO - Processing file /opt/airflow/dags/02_xcom_dag.py for tasks to queue
[2026-08-30T15:18:32.724+0000] {logging_mixin.py:190} INFO - [2026-08-30T15:18:32.723+0000] {dagbag.py:588} INFO - Filling up the DagBag from /opt/airflow/dags/02_xcom_dag.py
[2026-08-30T15:18:32.734+0000] {processor.py:925} INFO - DAG(s) 'xcom_dag' retrieved from /opt/airflow/dags/02_xcom_dag.py
[2026-08-30T15:18:32.757+0000] {logging_mixin.py:190} INFO - [2026-08-30T15:18:32.757+0000] {dag.py:3239} INFO - Sync 1 DAGs
[2026-08-30T15:18:32.770+0000] {logging_mixin.py:190} INFO - [2026-08-30T15:18:32.770+0000] {dag.py:4180} INFO - Setting next_dagrun for xcom_dag to None, run_after=None
[2026-08-30T15:18:32.784+0000] {processor.py:208} INFO - Processing /opt/airflow/dags/02_xcom_dag.py took 0.068 seconds
[2026-08-30T15:19:03.655+0000] {processor.py:186} INFO - Started process (PID=200) to work on /opt/airflow/dags/02_xcom_dag.py
[2026-08-30T15:19:03.656+0000] {processor.py:914} INFO - Processing file /opt/airflow/dags/02_xcom_dag.py for tasks to queue
[2026-08-30T15:19:03.659+0000] {logging_mixin.py:190} INFO - [2026-08-30T15:19:03.659+0000] {dagbag.py:588} INFO - Filling up the DagBag from /opt/airflow/dags/02_xcom_dag.py
[2026-08-30T15:19:03.672+0000] {processor.py:925} INFO - DAG(s) 'xcom_dag' retrieved from /opt/airflow/dags/02_xcom_dag.py
[2026-08-30T15:19:03.695+0000] {logging_mixin.py:190} INFO - [2026-08-30T15:19:03.695+0000] {dag.py:3239} INFO - Sync 1 DAGs
[2026-08-30T15:19:03.705+0000] {logging_mixin.py:190} INFO - [2026-08-30T15:19:03.705+0000] {dag.py:4180} INFO - Setting next_dagrun for xcom_dag to None, run_after=None
[2026-08-30T15:19:03.727+0000] {processor.py:208} INFO - Processing /opt/airflow/dags/02_xcom_dag.py took 0.076 seconds
[2026-08-30T15:19:34.507+0000] {processor.py:186} INFO - Started process (PID=212) to work on /opt/airflow/dags/02_xcom_dag.py
[2026-08-30T15:19:34.510+0000] {processor.py:914} INFO - Processing file /opt/airflow/dags/02_xcom_dag.py for tasks to queue
[2026-08-30T15:19:34.511+0000] {logging_mixin.py:190} INFO - [2026-08-30T15:19:34.511+0000] {dagbag.py:588} INFO - Filling up the DagBag from /opt/airflow/dags/02_xcom_dag.py
[2026-08-30T15:19:34.519+0000] {processor.py:925} INFO - DAG(s) 'xcom_dag' retrieved from /opt/airflow/dags/02_xcom_dag.py
[2026-08-30T15:19:34.539+0000] {logging_mixin.py:190} INFO - [2026-08-30T15:19:34.539+0000] {dag.py:3239} INFO - Sync 1 DAGs
[2026-08-30T15:19:34.547+0000] {logging_mixin.py:190} INFO - [2026-08-30T15:19:34.547+0000] {dag.py:4180} INFO - Setting next_dagrun for xcom_dag to None, run_after=None
[2026-08-30T15:19:34.572+0000] {processor.py:208} INFO - Processing /opt/airflow/dags/02_xcom_dag.py took 0.070 seconds
[2026-08-30T15:20:05.415+0000] {processor.py:186} INFO - Started process (PID=224) to work on /opt/airflow/dags/02_xcom_dag.py
[2026-08-30T15:20:05.417+0000] {processor.py:914} INFO - Processing file /opt/airflow/dags/02_xcom_dag.py for tasks to queue
[2026-08-30T15:20:05.418+0000] {logging_mixin.py:190} INFO - [2026-08-30T15:20:05.418+0000] {dagbag.py:588} INFO - Filling up the DagBag from /opt/airflow/dags/02_xcom_dag.py
[2026-08-30T15:20:05.435+0000] {processor.py:925} INFO - DAG(s) 'xcom_dag' retrieved from /opt/airflow/dags/02_xcom_dag.py
[2026-08-30T15:20:05.458+0000] {logging_mixin.py:190} INFO - [2026-08-30T15:20:05.458+0000] {dag.py:3239} INFO - Sync 1 DAGs
[2026-08-30T15:20:05.481+0000] {logging_mixin.py:190} INFO - [2026-08-30T15:20:05.480+0000] {dag.py:4180} INFO - Setting next_dagrun for xcom_dag to None, run_after=None
[2026-08-30T15:20:05.496+0000] {processor.py:208} INFO - Processing /opt/airflow/dags/02_xcom_dag.py took 0.086 seconds
[2026-08-30T15:20:36.317+0000] {processor.py:186} INFO - Started process (PID=236) to work on /opt/airflow/dags/02_xcom_dag.py
[2026-08-30T15:20:36.317+0000] {processor.py:914} INFO - Processing file /opt/airflow/dags/02_xcom_dag.py for tasks to queue
[2026-08-30T15:20:36.319+0000] {logging_mixin.py:190} INFO - [2026-08-30T15:20:36.318+0000] {dagbag.py:588} INFO - Filling up the DagBag from /opt/airflow/dags/02_xcom_dag.py
[2026-08-30T15:20:36.327+0000] {processor.py:925} INFO - DAG(s) 'xcom_dag' retrieved from /opt/airflow/dags/02_xcom_dag.py
[2026-08-30T15:20:36.344+0000] {logging_mixin.py:190} INFO - [2026-08-30T15:20:36.344+0000] {dag.py:3239} INFO - Sync 1 DAGs
[2026-08-30T15:20:36.351+0000] {logging_mixin.py:190} INFO - [2026-08-30T15:20:36.351+0000] {dag.py:4180} INFO - Setting next_dagrun for xcom_dag to None, run_after=None
[2026-08-30T15:20:36.359+0000] {processor.py:208} INFO - Processing /opt/airflow/dags/02_xcom_dag.py took 0.047 seconds
[2026-08-30T15:21:07.134+0000] {processor.py:186} INFO - Started process (PID=248) to work on /opt/airflow/dags/02_xcom_dag.py
[2026-08-30T15:21:07.135+0000] {processor.py:914} INFO - Processing file /opt/airflow/dags/02_xcom_dag.py for tasks to queue
[2026-08-30T15:21:07.138+0000] {logging_mixin.py:190} INFO - [2026-08-30T15:21:07.137+0000] {dagbag.py:588} INFO - Filling up the DagBag from /opt/airflow/dags/02_xcom_dag.py
[2026-08-30T15:21:07.147+0000] {processor.py:925} INFO - DAG(s) 'xcom_dag' retrieved from /opt/airflow/dags/02_xcom_dag.py
[2026-08-30T15:21:07.177+0000] {logging_mixin.py:190} INFO - [2026-08-30T15:21:07.177+0000] {dag.py:3239} INFO - Sync 1 DAGs
[2026-08-30T15:21:07.196+0000] {logging_mixin.py:190} INFO - [2026-08-30T15:21:07.196+0000] {dag.py:4180} INFO - Setting next_dagrun for xcom_dag to None, run_after=None
[2026-08-30T15:21:07.207+0000] {processor.py:208} INFO - Processing /opt/airflow/dags/02_xcom_dag.py took 0.078 seconds
[2026-08-30T15:21:38.038+0000] {processor.py:186} INFO - Started process (PID=260) to work on /opt/airflow/dags/02_xcom_dag.py
[2026-08-30T15:21:38.039+0000] {processor.py:914} INFO - Processing file /opt/airflow/dags/02_xcom_dag.py for tasks to queue
[2026-08-30T15:21:38.040+0000] {logging_mixin.py:190} INFO - [2026-08-30T15:21:38.040+0000] {dagbag.py:588} INFO - Filling up the DagBag from /opt/airflow/dags/02_xcom_dag.py
[2026-08-30T15:21:38.046+0000] {processor.py:925} INFO - DAG(s) 'xcom_dag' retrieved from /opt/airflow/dags/02_xcom_dag.py
[2026-08-30T15:21:38.063+0000] {logging_mixin.py:190} INFO - [2026-08-30T15:21:38.063+0000] {dag.py:3239} INFO - Sync 1 DAGs
[2026-08-30T15:21:38.070+0000] {logging_mixin.py:190} INFO - [2026-08-30T15:21:38.070+0000] {dag.py:4180} INFO - Setting next_dagrun for xcom_dag to None, run_after=None
[2026-08-30T15:21:38.078+0000] {processor.py:208} INFO - Processing /opt/airflow/dags/02_xcom_dag.py took 0.045 seconds
[2026-08-30T15:22:08.752+0000] {processor.py:186} INFO - Started process (PID=272) to work on /opt/airflow/dags/02_xcom_dag.py
[2026-08-30T15:22:08.755+0000] {processor.py:914} INFO - Processing file /opt/airflow/dags/02_xcom_dag.py for tasks to queue
[2026-08-30T15:22:08.756+0000] {logging_mixin.py:190} INFO - [2026-08-30T15:22:08.756+0000] {dagbag.py:588} INFO - Filling up the DagBag from /opt/airflow/dags/02_xcom_dag.py
[2026-08-30T15:22:08.767+0000] {processor.py:925} INFO - DAG(s) 'xcom_dag' retrieved from /opt/airflow/dags/02_xcom_dag.py
[2026-08-30T15:22:08.796+0000] {logging_mixin.py:190} INFO - [2026-08-30T15:22:08.796+0000] {dag.py:3239} INFO - Sync 1 DAGs
[2026-08-30T15:22:08.809+0000] {logging_mixin.py:190} INFO - [2026-08-30T15:22:08.809+0000] {dag.py:4180} INFO - Setting next_dagrun for xcom_dag to None, run_after=None
[2026-08-30T15:22:08.822+0000] {processor.py:208} INFO - Processing /opt/airflow/dags/02_xcom_dag.py took 0.074 seconds
[2026-08-30T15:22:39.590+0000] {processor.py:186} INFO - Started process (PID=284) to work on /opt/airflow/dags/02_xcom_dag.py
[2026-08-30T15:22:39.591+0000] {processor.py:914} INFO - Processing file /opt/airflow/dags/02_xcom_dag.py for tasks to queue
[2026-08-30T15:22:39.594+0000] {logging_mixin.py:190} INFO - [2026-08-30T15:22:39.594+0000] {dagbag.py:588} INFO - Filling up the DagBag from /opt/airflow/dags/02_xcom_dag.py
[2026-08-30T15:22:39.603+0000] {processor.py:925} INFO - DAG(s) 'xcom_dag' retrieved from /opt/airflow/dags/02_xcom_dag.py
[2026-08-30T15:22:39.622+0000] {logging_mixin.py:190} INFO - [2026-08-30T15:22:39.622+0000] {dag.py:3239} INFO - Sync 1 DAGs
[2026-08-30T15:22:39.630+0000] {logging_mixin.py:190} INFO - [2026-08-30T15:22:39.630+0000] {dag.py:4180} INFO - Setting next_dagrun for xcom_dag to None, run_after=None
[2026-08-30T15:22:39.645+0000] {processor.py:208} INFO - Processing /opt/airflow/dags/02_xcom_dag.py took 0.059 seconds
[2026-08-30T15:23:10.353+0000] {processor.py:186} INFO - Started process (PID=296) to work on /opt/airflow/dags/02_xcom_dag.py
[2026-08-30T15:23:10.354+0000] {processor.py:914} INFO - Processing file /opt/airflow/dags/02_xcom_dag.py for tasks to queue
[2026-08-30T15:23:10.356+0000] {logging_mixin.py:190} INFO - [2026-08-30T15:23:10.356+0000] {dagbag.py:588} INFO - Filling up the DagBag from /opt/airflow/dags/02_xcom_dag.py
[2026-08-30T15:23:10.362+0000] {processor.py:925} INFO - DAG(s) 'xcom_dag' retrieved from /opt/airflow/dags/02_xcom_dag.py
[2026-08-30T15:23:10.377+0000] {logging_mixin.py:190} INFO - [2026-08-30T15:23:10.376+0000] {dag.py:3239} INFO - Sync 1 DAGs
[2026-08-30T15:23:10.383+0000] {logging_mixin.py:190} INFO - [2026-08-30T15:23:10.383+0000] {dag.py:4180} INFO - Setting next_dagrun for xcom_dag to None, run_after=None
[2026-08-30T15:23:10.390+0000] {processor.py:208} INFO - Processing /opt/airflow/dags/02_xcom_dag.py took 0.041 seconds
[2026-08-30T15:23:41.125+0000] {processor.py:186} INFO - Started process (PID=308) to work on /opt/airflow/dags/02_xcom_dag.py
[2026-08-30T15:23:41.127+0000] {processor.py:914} INFO - Processing file /opt/airflow/dags/02_xcom_dag.py for tasks to queue
[2026-08-30T15:23:41.130+0000] {logging_mixin.py:190} INFO - [2026-08-30T15:23:41.129+0000] {dagbag.py:588} INFO - Filling up the DagBag from /opt/airflow/dags/02_xcom_dag.py
[2026-08-30T15:23:41.140+0000] {processor.py:925} INFO - DAG(s) 'xcom_dag' retrieved from /opt/airflow/dags/02_xcom_dag.py
[2026-08-30T15:23:41.165+0000] {logging_mixin.py:190} INFO - [2026-08-30T15:23:41.165+0000] {dag.py:3239} INFO - Sync 1 DAGs
[2026-08-30T15:23:41.181+0000] {logging_mixin.py:190} INFO - [2026-08-30T15:23:41.181+0000] {dag.py:4180} INFO - Setting next_dagrun for xcom_dag to None, run_after=None
[2026-08-30T15:23:41.193+0000] {processor.py:208} INFO - Processing /opt/airflow/dags/02_xcom_dag.py took 0.078 seconds
[2026-08-30T15:24:11.930+0000] {processor.py:186} INFO - Started process (PID=320) to work on /opt/airflow/dags/02_xcom_dag.py
[2026-08-30T15:24:11.930+0000] {processor.py:914} INFO - Processing file /opt/airflow/dags/02_xcom_dag.py for tasks to queue
[2026-08-30T15:24:11.931+0000] {logging_mixin.py:190} INFO - [2026-08-30T15:24:11.931+0000] {dagbag.py:588} INFO - Filling up the DagBag from /opt/airflow/dags/02_xcom_dag.py
[2026-08-30T15:24:11.942+0000] {processor.py:925} INFO - DAG(s) 'xcom_dag' retrieved from /opt/airflow/dags/02_xcom_dag.py
[2026-08-30T15:24:11.964+0000] {logging_mixin.py:190} INFO - [2026-08-30T15:24:11.964+0000] {dag.py:3239} INFO - Sync 1 DAGs
[2026-08-30T15:24:11.977+0000] {logging_mixin.py:190} INFO - [2026-08-30T15:24:11.977+0000] {dag.py:4180} INFO - Setting next_dagrun for xcom_dag to None, run_after=None
[2026-08-30T15:24:11.992+0000] {processor.py:208} INFO - Processing /opt/airflow/dags/02_xcom_dag.py took 0.066 seconds
[2026-08-30T15:24:43.052+0000] {processor.py:186} INFO - Started process (PID=332) to work on /opt/airflow/dags/02_xcom_dag.py
[2026-08-30T15:24:43.055+0000] {processor.py:914} INFO - Processing file /opt/airflow/dags/02_xcom_dag.py for tasks to queue
[2026-08-30T15:24:43.057+0000] {logging_mixin.py:190} INFO - [2026-08-30T15:24:43.056+0000] {dagbag.py:588} INFO - Filling up the DagBag from /opt/airflow/dags/02_xcom_dag.py
[2026-08-30T15:24:43.067+0000] {processor.py:925} INFO - DAG(s) 'xcom_dag' retrieved from /opt/airflow/dags/02_xcom_dag.py
[2026-08-30T15:24:43.089+0000] {logging_mixin.py:190} INFO - [2026-08-30T15:24:43.089+0000] {dag.py:3239} INFO - Sync 1 DAGs
[2026-08-30T15:24:43.097+0000] {logging_mixin.py:190} INFO - [2026-08-30T15:24:43.097+0000] {dag.py:4180} INFO - Setting next_dagrun for xcom_dag to None, run_after=None
[2026-08-30T15:24:43.113+0000] {processor.py:208} INFO - Processing /opt/airflow/dags/02_xcom_dag.py took 0.065 seconds
[2026-08-30T15:25:13.809+0000] {processor.py:186} INFO - Started process (PID=344) to work on /opt/airflow/dags/02_xcom_dag.py
[2026-08-30T15:25:13.812+0000] {processor.py:914} INFO - Processing file /opt/airflow/dags/02_xcom_dag.py for tasks to queue
[2026-08-30T15:25:13.814+0000] {logging_mixin.py:190} INFO - [2026-08-30T15:25:13.813+0000] {dagbag.py:588} INFO - Filling up the DagBag from /opt/airflow/dags/02_xcom_dag.py
[2026-08-30T15:25:13.827+0000] {processor.py:925} INFO - DAG(s) 'xcom_dag' retrieved from /opt/airflow/dags/02_xcom_dag.py
[2026-08-30T15:25:13.851+0000] {logging_mixin.py:190} INFO - [2026-08-30T15:25:13.851+0000] {dag.py:3239} INFO - Sync 1 DAGs
[2026-08-30T15:25:13.862+0000] {logging_mixin.py:190} INFO - [2026-08-30T15:25:13.862+0000] {dag.py:4180} INFO - Setting next_dagrun for xcom_dag to None, run_after=None
[2026-08-30T15:25:13.871+0000] {processor.py:208} INFO - Processing /opt/airflow/dags/02_xcom_dag.py took 0.065 seconds
[2026-08-30T15:25:44.624+0000] {processor.py:186} INFO - Started process (PID=356) to work on /opt/airflow/dags/02_xcom_dag.py
[2026-08-30T15:25:44.626+0000] {processor.py:914} INFO - Processing file /opt/airflow/dags/02_xcom_dag.py for tasks to queue
[2026-08-30T15:25:44.629+0000] {logging_mixin.py:190} INFO - [2026-08-30T15:25:44.629+0000] {dagbag.py:588} INFO - Filling up the DagBag from /opt/airflow/dags/02_xcom_dag.py
[2026-08-30T15:25:44.641+0000] {processor.py:925} INFO - DAG(s) 'xcom_dag' retrieved from /opt/airflow/dags/02_xcom_dag.py
[2026-08-30T15:25:44.665+0000] {logging_mixin.py:190} INFO - [2026-08-30T15:25:44.665+0000] {dag.py:3239} INFO - Sync 1 DAGs
[2026-08-30T15:25:44.676+0000] {logging_mixin.py:190} INFO - [2026-08-30T15:25:44.676+0000] {dag.py:4180} INFO - Setting next_dagrun for xcom_dag to None, run_after=None
[2026-08-30T15:25:44.689+0000] {processor.py:208} INFO - Processing /opt/airflow/dags/02_xcom_dag.py took 0.070 seconds
[2026-08-30T15:26:15.362+0000] {processor.py:186} INFO - Started process (PID=368) to work on /opt/airflow/dags/02_xcom_dag.py
[2026-08-30T15:26:15.364+0000] {processor.py:914} INFO - Processing file /opt/airflow/dags/02_xcom_dag.py for tasks to queue
[2026-08-30T15:26:15.366+0000] {logging_mixin.py:190} INFO - [2026-08-30T15:26:15.366+0000] {dagbag.py:588} INFO - Filling up the DagBag from /opt/airflow/dags/02_xcom_dag.py
[2026-08-30T15:26:15.378+0000] {processor.py:925} INFO - DAG(s) 'xcom_dag' retrieved from /opt/airflow/dags/02_xcom_dag.py
[2026-08-30T15:26:15.407+0000] {logging_mixin.py:190} INFO - [2026-08-30T15:26:15.407+0000] {dag.py:3239} INFO - Sync 1 DAGs
[2026-08-30T15:26:15.417+0000] {logging_mixin.py:190} INFO - [2026-08-30T15:26:15.417+0000] {dag.py:4180} INFO - Setting next_dagrun for xcom_dag to None, run_after=None
[2026-08-30T15:26:15.474+0000] {processor.py:208} INFO - Processing /opt/airflow/dags/02_xcom_dag.py took 0.120 seconds
[2026-08-30T15:26:46.250+0000] {processor.py:186} INFO - Started process (PID=380) to work on /opt/airflow/dags/02_xcom_dag.py
[2026-08-30T15:26:46.251+0000] {processor.py:914} INFO - Processing file /opt/airflow/dags/02_xcom_dag.py for tasks to queue
[2026-08-30T15:26:46.252+0000] {logging_mixin.py:190} INFO - [2026-08-30T15:26:46.252+0000] {dagbag.py:588} INFO - Filling up the DagBag from /opt/airflow/dags/02_xcom_dag.py
[2026-08-30T15:26:46.258+0000] {processor.py:925} INFO - DAG(s) 'xcom_dag' retrieved from /opt/airflow/dags/02_xcom_dag.py
[2026-08-30T15:26:46.273+0000] {logging_mixin.py:190} INFO - [2026-08-30T15:26:46.273+0000] {dag.py:3239} INFO - Sync 1 DAGs
[2026-08-30T15:26:46.279+0000] {logging_mixin.py:190} INFO - [2026-08-30T15:26:46.279+0000] {dag.py:4180} INFO - Setting next_dagrun for xcom_dag to None, run_after=None
[2026-08-30T15:26:46.287+0000] {processor.py:208} INFO - Processing /opt/airflow/dags/02_xcom_dag.py took 0.041 seconds
[2026-08-30T15:27:17.092+0000] {processor.py:186} INFO - Started process (PID=392) to work on /opt/airflow/dags/02_xcom_dag.py
[2026-08-30T15:27:17.093+0000] {processor.py:914} INFO - Processing file /opt/airflow/dags/02_xcom_dag.py for tasks to queue
[2026-08-30T15:27:17.096+0000] {logging_mixin.py:190} INFO - [2026-08-30T15:27:17.096+0000] {dagbag.py:588} INFO - Filling up the DagBag from /opt/airflow/dags/02_xcom_dag.py
[2026-08-30T15:27:17.105+0000] {processor.py:925} INFO - DAG(s) 'xcom_dag' retrieved from /opt/airflow/dags/02_xcom_dag.py
[2026-08-30T15:27:17.129+0000] {logging_mixin.py:190} INFO - [2026-08-30T15:27:17.129+0000] {dag.py:3239} INFO - Sync 1 DAGs
[2026-08-30T15:27:17.140+0000] {logging_mixin.py:190} INFO - [2026-08-30T15:27:17.140+0000] {dag.py:4180} INFO - Setting next_dagrun for xcom_dag to None, run_after=None
[2026-08-30T15:27:17.155+0000] {processor.py:208} INFO - Processing /opt/airflow/dags/02_xcom_dag.py took 0.070 seconds
[2026-08-30T15:27:48.098+0000] {processor.py:186} INFO - Started process (PID=404) to work on /opt/airflow/dags/02_xcom_dag.py
[2026-08-30T15:27:48.099+0000] {processor.py:914} INFO - Processing file /opt/airflow/dags/02_xcom_dag.py for tasks to queue
[2026-08-30T15:27:48.100+0000] {logging_mixin.py:190} INFO - [2026-08-30T15:27:48.100+0000] {dagbag.py:588} INFO - Filling up the DagBag from /opt/airflow/dags/02_xcom_dag.py
[2026-08-30T15:27:48.109+0000] {processor.py:925} INFO - DAG(s) 'xcom_dag' retrieved from /opt/airflow/dags/02_xcom_dag.py
[2026-08-30T15:27:48.136+0000] {logging_mixin.py:190} INFO - [2026-08-30T15:27:48.135+0000] {dag.py:3239} INFO - Sync 1 DAGs
[2026-08-30T15:27:48.163+0000] {logging_mixin.py:190} INFO - [2026-08-30T15:27:48.163+0000] {dag.py:4180} INFO - Setting next_dagrun for xcom_dag to None, run_after=None
[2026-08-30T15:27:48.185+0000] {processor.py:208} INFO - Processing /opt/airflow/dags/02_xcom_dag.py took 0.091 seconds
[2026-08-30T15:28:18.933+0000] {processor.py:186} INFO - Started process (PID=416) to work on /opt/airflow/dags/02_xcom_dag.py
[2026-08-30T15:28:18.934+0000] {processor.py:914} INFO - Processing file /opt/airflow/dags/02_xcom_dag.py for tasks to queue
[2026-08-30T15:28:18.939+0000] {logging_mixin.py:190} INFO - [2026-08-30T15:28:18.938+0000] {dagbag.py:588} INFO - Filling up the DagBag from /opt/airflow/dags/02_xcom_dag.py
[2026-08-30T15:28:18.949+0000] {processor.py:925} INFO - DAG(s) 'xcom_dag' retrieved from /opt/airflow/dags/02_xcom_dag.py
[2026-08-30T15:28:18.974+0000] {logging_mixin.py:190} INFO - [2026-08-30T15:28:18.974+0000] {dag.py:3239} INFO - Sync 1 DAGs
[2026-08-30T15:28:18.984+0000] {logging_mixin.py:190} INFO - [2026-08-30T15:28:18.984+0000] {dag.py:4180} INFO - Setting next_dagrun for xcom_dag to None, run_after=None
[2026-08-30T15:28:18.997+0000] {processor.py:208} INFO - Processing /opt/airflow/dags/02_xcom_dag.py took 0.070 seconds
[2026-08-30T15:28:49.681+0000] {processor.py:186} INFO - Started process (PID=428) to work on /opt/airflow/dags/02_xcom_dag.py
[2026-08-30T15:28:49.683+0000] {processor.py:914} INFO - Processing file /opt/airflow/dags/02_xcom_dag.py for tasks to queue
[2026-08-30T15:28:49.684+0000] {logging_mixin.py:190} INFO - [2026-08-30T15:28:49.684+0000] {dagbag.py:588} INFO - Filling up the DagBag from /opt/airflow/dags/02_xcom_dag.py
[2026-08-30T15:28:49.693+0000] {processor.py:925} INFO - DAG(s) 'xcom_dag' retrieved from /opt/airflow/dags/02_xcom_dag.py
[2026-08-30T15:28:49.714+0000] {logging_mixin.py:190} INFO - [2026-08-30T15:28:49.714+0000] {dag.py:3239} INFO - Sync 1 DAGs
[2026-08-30T15:28:49.722+0000] {logging_mixin.py:190} INFO - [2026-08-30T15:28:49.722+0000] {dag.py:4180} INFO - Setting next_dagrun for xcom_dag to None, run_after=None
[2026-08-30T15:28:49.732+0000] {processor.py:208} INFO - Processing /opt/airflow/dags/02_xcom_dag.py took 0.056 seconds
[2026-08-30T15:29:20.463+0000] {processor.py:186} INFO - Started process (PID=440) to work on /opt/airflow/dags/02_xcom_dag.py
[2026-08-30T15:29:20.465+0000] {processor.py:914} INFO - Processing file /opt/airflow/dags/02_xcom_dag.py for tasks to queue
[2026-08-30T15:29:20.469+0000] {logging_mixin.py:190} INFO - [2026-08-30T15:29:20.469+0000] {dagbag.py:588} INFO - Filling up the DagBag from /opt/airflow/dags/02_xcom_dag.py
[2026-08-30T15:29:20.483+0000] {processor.py:925} INFO - DAG(s) 'xcom_dag' retrieved from /opt/airflow/dags/02_xcom_dag.py
[2026-08-30T15:29:20.503+0000] {logging_mixin.py:190} INFO - [2026-08-30T15:29:20.503+0000] {dag.py:3239} INFO - Sync 1 DAGs
[2026-08-30T15:29:20.512+0000] {logging_mixin.py:190} INFO - [2026-08-30T15:29:20.512+0000] {dag.py:4180} INFO - Setting next_dagrun for xcom_dag to None, run_after=None
[2026-08-30T15:29:20.528+0000] {processor.py:208} INFO - Processing /opt/airflow/dags/02_xcom_dag.py took 0.071 seconds
[2026-08-30T15:29:51.219+0000] {processor.py:186} INFO - Started process (PID=453) to work on /opt/airflow/dags/02_xcom_dag.py
[2026-08-30T15:29:51.220+0000] {processor.py:914} INFO - Processing file /opt/airflow/dags/02_xcom_dag.py for tasks to queue
[2026-08-30T15:29:51.222+0000] {logging_mixin.py:190} INFO - [2026-08-30T15:29:51.222+0000] {dagbag.py:588} INFO - Filling up the DagBag from /opt/airflow/dags/02_xcom_dag.py
[2026-08-30T15:29:51.232+0000] {processor.py:925} INFO - DAG(s) 'xcom_dag' retrieved from /opt/airflow/dags/02_xcom_dag.py
[2026-08-30T15:29:51.256+0000] {logging_mixin.py:190} INFO - [2026-08-30T15:29:51.256+0000] {dag.py:3239} INFO - Sync 1 DAGs
[2026-08-30T15:29:51.268+0000] {logging_mixin.py:190} INFO - [2026-08-30T15:29:51.267+0000] {dag.py:4180} INFO - Setting next_dagrun for xcom_dag to None, run_after=None
[2026-08-30T15:29:51.280+0000] {processor.py:208} INFO - Processing /opt/airflow/dags/02_xcom_dag.py took 0.066 seconds
[2026-08-30T15:30:21.998+0000] {processor.py:186} INFO - Started process (PID=465) to work on /opt/airflow/dags/02_xcom_dag.py
[2026-08-30T15:30:21.999+0000] {processor.py:914} INFO - Processing file /opt/airflow/dags/02_xcom_dag.py for tasks to queue
[2026-08-30T15:30:22.002+0000] {logging_mixin.py:190} INFO - [2026-08-30T15:30:22.002+0000] {dagbag.py:588} INFO - Filling up the DagBag from /opt/airflow/dags/02_xcom_dag.py
[2026-08-30T15:30:22.016+0000] {processor.py:925} INFO - DAG(s) 'xcom_dag' retrieved from /opt/airflow/dags/02_xcom_dag.py
[2026-08-30T15:30:22.054+0000] {logging_mixin.py:190} INFO - [2026-08-30T15:30:22.053+0000] {dag.py:3239} INFO - Sync 1 DAGs
[2026-08-30T15:30:22.076+0000] {logging_mixin.py:190} INFO - [2026-08-30T15:30:22.075+0000] {dag.py:4180} INFO - Setting next_dagrun for xcom_dag to None, run_after=None
[2026-08-30T15:30:22.100+0000] {processor.py:208} INFO - Processing /opt/airflow/dags/02_xcom_dag.py took 0.111 seconds
[2026-08-30T15:30:52.977+0000] {processor.py:186} INFO - Started process (PID=483) to work on /opt/airflow/dags/02_xcom_dag.py
[2026-08-30T15:30:52.982+0000] {processor.py:914} INFO - Processing file /opt/airflow/dags/02_xcom_dag.py for tasks to queue
[2026-08-30T15:30:52.986+0000] {logging_mixin.py:190} INFO - [2026-08-30T15:30:52.986+0000] {dagbag.py:588} INFO - Filling up the DagBag from /opt/airflow/dags/02_xcom_dag.py
[2026-08-30T15:30:52.997+0000] {processor.py:925} INFO - DAG(s) 'xcom_dag' retrieved from /opt/airflow/dags/02_xcom_dag.py
[2026-08-30T15:30:53.027+0000] {logging_mixin.py:190} INFO - [2026-08-30T15:30:53.027+0000] {dag.py:3239} INFO - Sync 1 DAGs
[2026-08-30T15:30:53.041+0000] {logging_mixin.py:190} INFO - [2026-08-30T15:30:53.040+0000] {dag.py:4180} INFO - Setting next_dagrun for xcom_dag to None, run_after=None
[2026-08-30T15:30:53.060+0000] {processor.py:208} INFO - Processing /opt/airflow/dags/02_xcom_dag.py took 0.092 seconds
[2026-08-30T15:31:23.974+0000] {processor.py:186} INFO - Started process (PID=495) to work on /opt/airflow/dags/02_xcom_dag.py
[2026-08-30T15:31:23.975+0000] {processor.py:914} INFO - Processing file /opt/airflow/dags/02_xcom_dag.py for tasks to queue
[2026-08-30T15:31:23.976+0000] {logging_mixin.py:190} INFO - [2026-08-30T15:31:23.976+0000] {dagbag.py:588} INFO - Filling up the DagBag from /opt/airflow/dags/02_xcom_dag.py
[2026-08-30T15:31:23.982+0000] {processor.py:925} INFO - DAG(s) 'xcom_dag' retrieved from /opt/airflow/dags/02_xcom_dag.py
[2026-08-30T15:31:24.001+0000] {logging_mixin.py:190} INFO - [2026-08-30T15:31:24.001+0000] {dag.py:3239} INFO - Sync 1 DAGs
[2026-08-30T15:31:24.008+0000] {logging_mixin.py:190} INFO - [2026-08-30T15:31:24.008+0000] {dag.py:4180} INFO - Setting next_dagrun for xcom_dag to None, run_after=None
[2026-08-30T15:31:24.015+0000] {processor.py:208} INFO - Processing /opt/airflow/dags/02_xcom_dag.py took 0.044 seconds
[2026-08-30T15:31:54.813+0000] {processor.py:186} INFO - Started process (PID=507) to work on /opt/airflow/dags/02_xcom_dag.py
[2026-08-30T15:31:54.814+0000] {processor.py:914} INFO - Processing file /opt/airflow/dags/02_xcom_dag.py for tasks to queue
[2026-08-30T15:31:54.815+0000] {logging_mixin.py:190} INFO - [2026-08-30T15:31:54.815+0000] {dagbag.py:588} INFO - Filling up the DagBag from /opt/airflow/dags/02_xcom_dag.py
[2026-08-30T15:31:54.823+0000] {processor.py:925} INFO - DAG(s) 'xcom_dag' retrieved from /opt/airflow/dags/02_xcom_dag.py
[2026-08-30T15:31:54.853+0000] {logging_mixin.py:190} INFO - [2026-08-30T15:31:54.853+0000] {dag.py:3239} INFO - Sync 1 DAGs
[2026-08-30T15:31:54.867+0000] {logging_mixin.py:190} INFO - [2026-08-30T15:31:54.867+0000] {dag.py:4180} INFO - Setting next_dagrun for xcom_dag to None, run_after=None
[2026-08-30T15:31:54.883+0000] {processor.py:208} INFO - Processing /opt/airflow/dags/02_xcom_dag.py took 0.075 seconds
[2026-08-30T15:32:25.793+0000] {processor.py:186} INFO - Started process (PID=518) to work on /opt/airflow/dags/02_xcom_dag.py
[2026-08-30T15:32:25.794+0000] {processor.py:914} INFO - Processing file /opt/airflow/dags/02_xcom_dag.py for tasks to queue
[2026-08-30T15:32:25.795+0000] {logging_mixin.py:190} INFO - [2026-08-30T15:32:25.795+0000] {dagbag.py:588} INFO - Filling up the DagBag from /opt/airflow/dags/02_xcom_dag.py
[2026-08-30T15:32:25.805+0000] {processor.py:925} INFO - DAG(s) 'xcom_dag' retrieved from /opt/airflow/dags/02_xcom_dag.py
[2026-08-30T15:32:25.825+0000] {logging_mixin.py:190} INFO - [2026-08-30T15:32:25.825+0000] {dag.py:3239} INFO - Sync 1 DAGs
[2026-08-30T15:32:25.834+0000] {logging_mixin.py:190} INFO - [2026-08-30T15:32:25.834+0000] {dag.py:4180} INFO - Setting next_dagrun for xcom_dag to None, run_after=None
[2026-08-30T15:32:25.853+0000] {processor.py:208} INFO - Processing /opt/airflow/dags/02_xcom_dag.py took 0.068 seconds
[2026-08-30T15:32:56.715+0000] {processor.py:186} INFO - Started process (PID=530) to work on /opt/airflow/dags/02_xcom_dag.py
[2026-08-30T15:32:56.715+0000] {processor.py:914} INFO - Processing file /opt/airflow/dags/02_xcom_dag.py for tasks to queue
[2026-08-30T15:32:56.717+0000] {logging_mixin.py:190} INFO - [2026-08-30T15:32:56.717+0000] {dagbag.py:588} INFO - Filling up the DagBag from /opt/airflow/dags/02_xcom_dag.py
[2026-08-30T15:32:56.723+0000] {processor.py:925} INFO - DAG(s) 'xcom_dag' retrieved from /opt/airflow/dags/02_xcom_dag.py
[2026-08-30T15:32:56.741+0000] {logging_mixin.py:190} INFO - [2026-08-30T15:32:56.740+0000] {dag.py:3239} INFO - Sync 1 DAGs
[2026-08-30T15:32:56.751+0000] {logging_mixin.py:190} INFO - [2026-08-30T15:32:56.751+0000] {dag.py:4180} INFO - Setting next_dagrun for xcom_dag to None, run_after=None
[2026-08-30T15:32:56.760+0000] {processor.py:208} INFO - Processing /opt/airflow/dags/02_xcom_dag.py took 0.051 seconds
[2026-08-30T15:33:27.547+0000] {processor.py:186} INFO - Started process (PID=542) to work on /opt/airflow/dags/02_xcom_dag.py
[2026-08-30T15:33:27.548+0000] {processor.py:914} INFO - Processing file /opt/airflow/dags/02_xcom_dag.py for tasks to queue
[2026-08-30T15:33:27.551+0000] {logging_mixin.py:190} INFO - [2026-08-30T15:33:27.551+0000] {dagbag.py:588} INFO - Filling up the DagBag from /opt/airflow/dags/02_xcom_dag.py
[2026-08-30T15:33:27.561+0000] {processor.py:925} INFO - DAG(s) 'xcom_dag' retrieved from /opt/airflow/dags/02_xcom_dag.py
[2026-08-30T15:33:27.585+0000] {logging_mixin.py:190} INFO - [2026-08-30T15:33:27.585+0000] {dag.py:3239} INFO - Sync 1 DAGs
[2026-08-30T15:33:27.594+0000] {logging_mixin.py:190} INFO - [2026-08-30T15:33:27.594+0000] {dag.py:4180} INFO - Setting next_dagrun for xcom_dag to None, run_after=None
[2026-08-30T15:33:27.605+0000] {processor.py:208} INFO - Processing /opt/airflow/dags/02_xcom_dag.py took 0.062 seconds
[2026-08-30T15:33:58.356+0000] {processor.py:186} INFO - Started process (PID=554) to work on /opt/airflow/dags/02_xcom_dag.py
[2026-08-30T15:33:58.358+0000] {processor.py:914} INFO - Processing file /opt/airflow/dags/02_xcom_dag.py for tasks to queue
[2026-08-30T15:33:58.360+0000] {logging_mixin.py:190} INFO - [2026-08-30T15:33:58.360+0000] {dagbag.py:588} INFO - Filling up the DagBag from /opt/airflow/dags/02_xcom_dag.py
[2026-08-30T15:33:58.370+0000] {processor.py:925} INFO - DAG(s) 'xcom_dag' retrieved from /opt/airflow/dags/02_xcom_dag.py
[2026-08-30T15:33:58.391+0000] {logging_mixin.py:190} INFO - [2026-08-30T15:33:58.391+0000] {dag.py:3239} INFO - Sync 1 DAGs
[2026-08-30T15:33:58.399+0000] {logging_mixin.py:190} INFO - [2026-08-30T15:33:58.399+0000] {dag.py:4180} INFO - Setting next_dagrun for xcom_dag to None, run_after=None
[2026-08-30T15:33:58.411+0000] {processor.py:208} INFO - Processing /opt/airflow/dags/02_xcom_dag.py took 0.059 seconds
[2026-08-30T15:34:29.200+0000] {processor.py:186} INFO - Started process (PID=566) to work on /opt/airflow/dags/02_xcom_dag.py
[2026-08-30T15:34:29.201+0000] {processor.py:914} INFO - Processing file /opt/airflow/dags/02_xcom_dag.py for tasks to queue
[2026-08-30T15:34:29.203+0000] {logging_mixin.py:190} INFO - [2026-08-30T15:34:29.203+0000] {dagbag.py:588} INFO - Filling up the DagBag from /opt/airflow/dags/02_xcom_dag.py
[2026-08-30T15:34:29.211+0000] {processor.py:925} INFO - DAG(s) 'xcom_dag' retrieved from /opt/airflow/dags/02_xcom_dag.py
[2026-08-30T15:34:29.232+0000] {logging_mixin.py:190} INFO - [2026-08-30T15:34:29.231+0000] {dag.py:3239} INFO - Sync 1 DAGs
[2026-08-30T15:34:29.240+0000] {logging_mixin.py:190} INFO - [2026-08-30T15:34:29.240+0000] {dag.py:4180} INFO - Setting next_dagrun for xcom_dag to None, run_after=None
[2026-08-30T15:34:29.250+0000] {processor.py:208} INFO - Processing /opt/airflow/dags/02_xcom_dag.py took 0.054 seconds
[2026-08-30T15:35:00.031+0000] {processor.py:186} INFO - Started process (PID=578) to work on /opt/airflow/dags/02_xcom_dag.py
[2026-08-30T15:35:00.032+0000] {processor.py:914} INFO - Processing file /opt/airflow/dags/02_xcom_dag.py for tasks to queue
[2026-08-30T15:35:00.035+0000] {logging_mixin.py:190} INFO - [2026-08-30T15:35:00.035+0000] {dagbag.py:588} INFO - Filling up the DagBag from /opt/airflow/dags/02_xcom_dag.py
[2026-08-30T15:35:00.044+0000] {processor.py:925} INFO - DAG(s) 'xcom_dag' retrieved from /opt/airflow/dags/02_xcom_dag.py
[2026-08-30T15:35:00.067+0000] {logging_mixin.py:190} INFO - [2026-08-30T15:35:00.067+0000] {dag.py:3239} INFO - Sync 1 DAGs
[2026-08-30T15:35:00.076+0000] {logging_mixin.py:190} INFO - [2026-08-30T15:35:00.076+0000] {dag.py:4180} INFO - Setting next_dagrun for xcom_dag to None, run_after=None
[2026-08-30T15:35:00.095+0000] {processor.py:208} INFO - Processing /opt/airflow/dags/02_xcom_dag.py took 0.068 seconds
[2026-08-30T15:35:30.770+0000] {processor.py:186} INFO - Started process (PID=591) to work on /opt/airflow/dags/02_xcom_dag.py
[2026-08-30T15:35:30.772+0000] {processor.py:914} INFO - Processing file /opt/airflow/dags/02_xcom_dag.py for tasks to queue
[2026-08-30T15:35:30.774+0000] {logging_mixin.py:190} INFO - [2026-08-30T15:35:30.774+0000] {dagbag.py:588} INFO - Filling up the DagBag from /opt/airflow/dags/02_xcom_dag.py
[2026-08-30T15:35:30.784+0000] {processor.py:925} INFO - DAG(s) 'xcom_dag' retrieved from /opt/airflow/dags/02_xcom_dag.py
[2026-08-30T15:35:30.816+0000] {logging_mixin.py:190} INFO - [2026-08-30T15:35:30.816+0000] {dag.py:3239} INFO - Sync 1 DAGs
[2026-08-30T15:35:30.824+0000] {logging_mixin.py:190} INFO - [2026-08-30T15:35:30.824+0000] {dag.py:4180} INFO - Setting next_dagrun for xcom_dag to None, run_after=None
[2026-08-30T15:35:30.838+0000] {processor.py:208} INFO - Processing /opt/airflow/dags/02_xcom_dag.py took 0.074 seconds
[2026-08-30T15:36:01.627+0000] {processor.py:186} INFO - Started process (PID=603) to work on /opt/airflow/dags/02_xcom_dag.py
[2026-08-30T15:36:01.629+0000] {processor.py:914} INFO - Processing file /opt/airflow/dags/02_xcom_dag.py for tasks to queue
[2026-08-30T15:36:01.631+0000] {logging_mixin.py:190} INFO - [2026-08-30T15:36:01.631+0000] {dagbag.py:588} INFO - Filling up the DagBag from /opt/airflow/dags/02_xcom_dag.py
[2026-08-30T15:36:01.640+0000] {processor.py:925} INFO - DAG(s) 'xcom_dag' retrieved from /opt/airflow/dags/02_xcom_dag.py
[2026-08-30T15:36:01.661+0000] {logging_mixin.py:190} INFO - [2026-08-30T15:36:01.661+0000] {dag.py:3239} INFO - Sync 1 DAGs
[2026-08-30T15:36:01.672+0000] {logging_mixin.py:190} INFO - [2026-08-30T15:36:01.672+0000] {dag.py:4180} INFO - Setting next_dagrun for xcom_dag to None, run_after=None
[2026-08-30T15:36:01.685+0000] {processor.py:208} INFO - Processing /opt/airflow/dags/02_xcom_dag.py took 0.067 seconds
[2026-08-30T15:36:32.452+0000] {processor.py:186} INFO - Started process (PID=615) to work on /opt/airflow/dags/02_xcom_dag.py
[2026-08-30T15:36:32.453+0000] {processor.py:914} INFO - Processing file /opt/airflow/dags/02_xcom_dag.py for tasks to queue
[2026-08-30T15:36:32.456+0000] {logging_mixin.py:190} INFO - [2026-08-30T15:36:32.456+0000] {dagbag.py:588} INFO - Filling up the DagBag from /opt/airflow/dags/02_xcom_dag.py
[2026-08-30T15:36:32.466+0000] {processor.py:925} INFO - DAG(s) 'xcom_dag' retrieved from /opt/airflow/dags/02_xcom_dag.py
[2026-08-30T15:36:32.489+0000] {logging_mixin.py:190} INFO - [2026-08-30T15:36:32.488+0000] {dag.py:3239} INFO - Sync 1 DAGs
[2026-08-30T15:36:32.496+0000] {logging_mixin.py:190} INFO - [2026-08-30T15:36:32.496+0000] {dag.py:4180} INFO - Setting next_dagrun for xcom_dag to None, run_after=None
[2026-08-30T15:36:32.511+0000] {processor.py:208} INFO - Processing /opt/airflow/dags/02_xcom_dag.py took 0.066 seconds
[2026-08-30T15:37:03.303+0000] {processor.py:186} INFO - Started process (PID=627) to work on /opt/airflow/dags/02_xcom_dag.py
[2026-08-30T15:37:03.306+0000] {processor.py:914} INFO - Processing file /opt/airflow/dags/02_xcom_dag.py for tasks to queue
[2026-08-30T15:37:03.314+0000] {logging_mixin.py:190} INFO - [2026-08-30T15:37:03.312+0000] {dagbag.py:588} INFO - Filling up the DagBag from /opt/airflow/dags/02_xcom_dag.py
[2026-08-30T15:37:03.328+0000] {processor.py:925} INFO - DAG(s) 'xcom_dag' retrieved from /opt/airflow/dags/02_xcom_dag.py
[2026-08-30T15:37:03.347+0000] {logging_mixin.py:190} INFO - [2026-08-30T15:37:03.347+0000] {dag.py:3239} INFO - Sync 1 DAGs
[2026-08-30T15:37:03.355+0000] {logging_mixin.py:190} INFO - [2026-08-30T15:37:03.355+0000] {dag.py:4180} INFO - Setting next_dagrun for xcom_dag to None, run_after=None
[2026-08-30T15:37:03.369+0000] {processor.py:208} INFO - Processing /opt/airflow/dags/02_xcom_dag.py took 0.076 seconds
[2026-08-30T15:37:34.176+0000] {processor.py:186} INFO - Started process (PID=639) to work on /opt/airflow/dags/02_xcom_dag.py
[2026-08-30T15:37:34.177+0000] {processor.py:914} INFO - Processing file /opt/airflow/dags/02_xcom_dag.py for tasks to queue
[2026-08-30T15:37:34.180+0000] {logging_mixin.py:190} INFO - [2026-08-30T15:37:34.179+0000] {dagbag.py:588} INFO - Filling up the DagBag from /opt/airflow/dags/02_xcom_dag.py
[2026-08-30T15:37:34.188+0000] {processor.py:925} INFO - DAG(s) 'xcom_dag' retrieved from /opt/airflow/dags/02_xcom_dag.py
[2026-08-30T15:37:34.216+0000] {logging_mixin.py:190} INFO - [2026-08-30T15:37:34.216+0000] {dag.py:3239} INFO - Sync 1 DAGs
[2026-08-30T15:37:34.232+0000] {logging_mixin.py:190} INFO - [2026-08-30T15:37:34.232+0000] {dag.py:4180} INFO - Setting next_dagrun for xcom_dag to None, run_after=None
[2026-08-30T15:37:34.241+0000] {processor.py:208} INFO - Processing /opt/airflow/dags/02_xcom_dag.py took 0.070 seconds
[2026-08-30T15:38:04.998+0000] {processor.py:186} INFO - Started process (PID=651) to work on /opt/airflow/dags/02_xcom_dag.py
[2026-08-30T15:38:04.999+0000] {processor.py:914} INFO - Processing file /opt/airflow/dags/02_xcom_dag.py for tasks to queue
[2026-08-30T15:38:05.002+0000] {logging_mixin.py:190} INFO - [2026-08-30T15:38:05.002+0000] {dagbag.py:588} INFO - Filling up the DagBag from /opt/airflow/dags/02_xcom_dag.py
[2026-08-30T15:38:05.012+0000] {processor.py:925} INFO - DAG(s) 'xcom_dag' retrieved from /opt/airflow/dags/02_xcom_dag.py
[2026-08-30T15:38:05.035+0000] {logging_mixin.py:190} INFO - [2026-08-30T15:38:05.035+0000] {dag.py:3239} INFO - Sync 1 DAGs
[2026-08-30T15:38:05.045+0000] {logging_mixin.py:190} INFO - [2026-08-30T15:38:05.045+0000] {dag.py:4180} INFO - Setting next_dagrun for xcom_dag to None, run_after=None
[2026-08-30T15:38:05.060+0000] {processor.py:208} INFO - Processing /opt/airflow/dags/02_xcom_dag.py took 0.066 seconds
[2026-08-30T15:38:35.815+0000] {processor.py:186} INFO - Started process (PID=663) to work on /opt/airflow/dags/02_xcom_dag.py
[2026-08-30T15:38:35.817+0000] {processor.py:914} INFO - Processing file /opt/airflow/dags/02_xcom_dag.py for tasks to queue
[2026-08-30T15:38:35.818+0000] {logging_mixin.py:190} INFO - [2026-08-30T15:38:35.818+0000] {dagbag.py:588} INFO - Filling up the DagBag from /opt/airflow/dags/02_xcom_dag.py
[2026-08-30T15:38:35.828+0000] {processor.py:925} INFO - DAG(s) 'xcom_dag' retrieved from /opt/airflow/dags/02_xcom_dag.py
[2026-08-30T15:38:35.850+0000] {logging_mixin.py:190} INFO - [2026-08-30T15:38:35.850+0000] {dag.py:3239} INFO - Sync 1 DAGs
[2026-08-30T15:38:35.865+0000] {logging_mixin.py:190} INFO - [2026-08-30T15:38:35.864+0000] {dag.py:4180} INFO - Setting next_dagrun for xcom_dag to None, run_after=None
[2026-08-30T15:38:35.883+0000] {processor.py:208} INFO - Processing /opt/airflow/dags/02_xcom_dag.py took 0.071 seconds
[2026-08-30T15:39:06.612+0000] {processor.py:186} INFO - Started process (PID=675) to work on /opt/airflow/dags/02_xcom_dag.py
[2026-08-30T15:39:06.613+0000] {processor.py:914} INFO - Processing file /opt/airflow/dags/02_xcom_dag.py for tasks to queue
[2026-08-30T15:39:06.615+0000] {logging_mixin.py:190} INFO - [2026-08-30T15:39:06.615+0000] {dagbag.py:588} INFO - Filling up the DagBag from /opt/airflow/dags/02_xcom_dag.py
[2026-08-30T15:39:06.624+0000] {processor.py:925} INFO - DAG(s) 'xcom_dag' retrieved from /opt/airflow/dags/02_xcom_dag.py
[2026-08-30T15:39:06.644+0000] {logging_mixin.py:190} INFO - [2026-08-30T15:39:06.644+0000] {dag.py:3239} INFO - Sync 1 DAGs
[2026-08-30T15:39:06.655+0000] {logging_mixin.py:190} INFO - [2026-08-30T15:39:06.655+0000] {dag.py:4180} INFO - Setting next_dagrun for xcom_dag to None, run_after=None
[2026-08-30T15:39:06.671+0000] {processor.py:208} INFO - Processing /opt/airflow/dags/02_xcom_dag.py took 0.071 seconds
[2026-08-30T15:39:37.511+0000] {processor.py:186} INFO - Started process (PID=687) to work on /opt/airflow/dags/02_xcom_dag.py
[2026-08-30T15:39:37.512+0000] {processor.py:914} INFO - Processing file /opt/airflow/dags/02_xcom_dag.py for tasks to queue
[2026-08-30T15:39:37.514+0000] {logging_mixin.py:190} INFO - [2026-08-30T15:39:37.514+0000] {dagbag.py:588} INFO - Filling up the DagBag from /opt/airflow/dags/02_xcom_dag.py
[2026-08-30T15:39:37.522+0000] {processor.py:925} INFO - DAG(s) 'xcom_dag' retrieved from /opt/airflow/dags/02_xcom_dag.py
[2026-08-30T15:39:37.543+0000] {logging_mixin.py:190} INFO - [2026-08-30T15:39:37.543+0000] {dag.py:3239} INFO - Sync 1 DAGs
[2026-08-30T15:39:37.552+0000] {logging_mixin.py:190} INFO - [2026-08-30T15:39:37.552+0000] {dag.py:4180} INFO - Setting next_dagrun for xcom_dag to None, run_after=None
[2026-08-30T15:39:37.570+0000] {processor.py:208} INFO - Processing /opt/airflow/dags/02_xcom_dag.py took 0.064 seconds
[2026-08-30T15:40:08.309+0000] {processor.py:186} INFO - Started process (PID=699) to work on /opt/airflow/dags/02_xcom_dag.py
[2026-08-30T15:40:08.310+0000] {processor.py:914} INFO - Processing file /opt/airflow/dags/02_xcom_dag.py for tasks to queue
[2026-08-30T15:40:08.313+0000] {logging_mixin.py:190} INFO - [2026-08-30T15:40:08.313+0000] {dagbag.py:588} INFO - Filling up the DagBag from /opt/airflow/dags/02_xcom_dag.py
[2026-08-30T15:40:08.324+0000] {processor.py:925} INFO - DAG(s) 'xcom_dag' retrieved from /opt/airflow/dags/02_xcom_dag.py
[2026-08-30T15:40:08.345+0000] {logging_mixin.py:190} INFO - [2026-08-30T15:40:08.345+0000] {dag.py:3239} INFO - Sync 1 DAGs
[2026-08-30T15:40:08.353+0000] {logging_mixin.py:190} INFO - [2026-08-30T15:40:08.352+0000] {dag.py:4180} INFO - Setting next_dagrun for xcom_dag to None, run_after=None
[2026-08-30T15:40:08.365+0000] {processor.py:208} INFO - Processing /opt/airflow/dags/02_xcom_dag.py took 0.062 seconds
[2026-08-30T15:40:39.077+0000] {processor.py:186} INFO - Started process (PID=711) to work on /opt/airflow/dags/02_xcom_dag.py
[2026-08-30T15:40:39.079+0000] {processor.py:914} INFO - Processing file /opt/airflow/dags/02_xcom_dag.py for tasks to queue
[2026-08-30T15:40:39.080+0000] {logging_mixin.py:190} INFO - [2026-08-30T15:40:39.080+0000] {dagbag.py:588} INFO - Filling up the DagBag from /opt/airflow/dags/02_xcom_dag.py
[2026-08-30T15:40:39.091+0000] {processor.py:925} INFO - DAG(s) 'xcom_dag' retrieved from /opt/airflow/dags/02_xcom_dag.py
[2026-08-30T15:40:39.111+0000] {logging_mixin.py:190} INFO - [2026-08-30T15:40:39.111+0000] {dag.py:3239} INFO - Sync 1 DAGs
[2026-08-30T15:40:39.122+0000] {logging_mixin.py:190} INFO - [2026-08-30T15:40:39.122+0000] {dag.py:4180} INFO - Setting next_dagrun for xcom_dag to None, run_after=None
[2026-08-30T15:40:39.135+0000] {processor.py:208} INFO - Processing /opt/airflow/dags/02_xcom_dag.py took 0.062 seconds
[2026-08-30T15:41:09.831+0000] {processor.py:186} INFO - Started process (PID=723) to work on /opt/airflow/dags/02_xcom_dag.py
[2026-08-30T15:41:09.832+0000] {processor.py:914} INFO - Processing file /opt/airflow/dags/02_xcom_dag.py for tasks to queue
[2026-08-30T15:41:09.834+0000] {logging_mixin.py:190} INFO - [2026-08-30T15:41:09.834+0000] {dagbag.py:588} INFO - Filling up the DagBag from /opt/airflow/dags/02_xcom_dag.py
[2026-08-30T15:41:09.845+0000] {processor.py:925} INFO - DAG(s) 'xcom_dag' retrieved from /opt/airflow/dags/02_xcom_dag.py
[2026-08-30T15:41:09.864+0000] {logging_mixin.py:190} INFO - [2026-08-30T15:41:09.864+0000] {dag.py:3239} INFO - Sync 1 DAGs
[2026-08-30T15:41:09.872+0000] {logging_mixin.py:190} INFO - [2026-08-30T15:41:09.872+0000] {dag.py:4180} INFO - Setting next_dagrun for xcom_dag to None, run_after=None
[2026-08-30T15:41:09.885+0000] {processor.py:208} INFO - Processing /opt/airflow/dags/02_xcom_dag.py took 0.058 seconds
[2026-08-30T15:41:40.629+0000] {processor.py:186} INFO - Started process (PID=735) to work on /opt/airflow/dags/02_xcom_dag.py
[2026-08-30T15:41:40.631+0000] {processor.py:914} INFO - Processing file /opt/airflow/dags/02_xcom_dag.py for tasks to queue
[2026-08-30T15:41:40.633+0000] {logging_mixin.py:190} INFO - [2026-08-30T15:41:40.633+0000] {dagbag.py:588} INFO - Filling up the DagBag from /opt/airflow/dags/02_xcom_dag.py
[2026-08-30T15:41:40.642+0000] {processor.py:925} INFO - DAG(s) 'xcom_dag' retrieved from /opt/airflow/dags/02_xcom_dag.py
[2026-08-30T15:41:40.662+0000] {logging_mixin.py:190} INFO - [2026-08-30T15:41:40.662+0000] {dag.py:3239} INFO - Sync 1 DAGs
[2026-08-30T15:41:40.673+0000] {logging_mixin.py:190} INFO - [2026-08-30T15:41:40.673+0000] {dag.py:4180} INFO - Setting next_dagrun for xcom_dag to None, run_after=None
[2026-08-30T15:41:40.686+0000] {processor.py:208} INFO - Processing /opt/airflow/dags/02_xcom_dag.py took 0.062 seconds
[2026-08-30T15:42:11.396+0000] {processor.py:186} INFO - Started process (PID=747) to work on /opt/airflow/dags/02_xcom_dag.py
[2026-08-30T15:42:11.398+0000] {processor.py:914} INFO - Processing file /opt/airflow/dags/02_xcom_dag.py for tasks to queue
[2026-08-30T15:42:11.401+0000] {logging_mixin.py:190} INFO - [2026-08-30T15:42:11.400+0000] {dagbag.py:588} INFO - Filling up the DagBag from /opt/airflow/dags/02_xcom_dag.py
[2026-08-30T15:42:11.410+0000] {processor.py:925} INFO - DAG(s) 'xcom_dag' retrieved from /opt/airflow/dags/02_xcom_dag.py
[2026-08-30T15:42:11.436+0000] {logging_mixin.py:190} INFO - [2026-08-30T15:42:11.436+0000] {dag.py:3239} INFO - Sync 1 DAGs
[2026-08-30T15:42:11.445+0000] {logging_mixin.py:190} INFO - [2026-08-30T15:42:11.445+0000] {dag.py:4180} INFO - Setting next_dagrun for xcom_dag to None, run_after=None
[2026-08-30T15:42:11.461+0000] {processor.py:208} INFO - Processing /opt/airflow/dags/02_xcom_dag.py took 0.069 seconds
[2026-08-30T15:42:42.145+0000] {processor.py:186} INFO - Started process (PID=759) to work on /opt/airflow/dags/02_xcom_dag.py
[2026-08-30T15:42:42.147+0000] {processor.py:914} INFO - Processing file /opt/airflow/dags/02_xcom_dag.py for tasks to queue
[2026-08-30T15:42:42.149+0000] {logging_mixin.py:190} INFO - [2026-08-30T15:42:42.149+0000] {dagbag.py:588} INFO - Filling up the DagBag from /opt/airflow/dags/02_xcom_dag.py
[2026-08-30T15:42:42.158+0000] {processor.py:925} INFO - DAG(s) 'xcom_dag' retrieved from /opt/airflow/dags/02_xcom_dag.py
[2026-08-30T15:42:42.254+0000] {logging_mixin.py:190} INFO - [2026-08-30T15:42:42.254+0000] {dag.py:3239} INFO - Sync 1 DAGs
[2026-08-30T15:42:42.264+0000] {logging_mixin.py:190} INFO - [2026-08-30T15:42:42.264+0000] {dag.py:4180} INFO - Setting next_dagrun for xcom_dag to None, run_after=None
[2026-08-30T15:42:42.279+0000] {processor.py:208} INFO - Processing /opt/airflow/dags/02_xcom_dag.py took 0.138 seconds
[2026-08-30T15:43:13.014+0000] {processor.py:186} INFO - Started process (PID=771) to work on /opt/airflow/dags/02_xcom_dag.py
[2026-08-30T15:43:13.017+0000] {processor.py:914} INFO - Processing file /opt/airflow/dags/02_xcom_dag.py for tasks to queue
[2026-08-30T15:43:13.020+0000] {logging_mixin.py:190} INFO - [2026-08-30T15:43:13.020+0000] {dagbag.py:588} INFO - Filling up the DagBag from /opt/airflow/dags/02_xcom_dag.py
[2026-08-30T15:43:13.030+0000] {processor.py:925} INFO - DAG(s) 'xcom_dag' retrieved from /opt/airflow/dags/02_xcom_dag.py
[2026-08-30T15:43:13.073+0000] {logging_mixin.py:190} INFO - [2026-08-30T15:43:13.073+0000] {dag.py:3239} INFO - Sync 1 DAGs
[2026-08-30T15:43:13.116+0000] {logging_mixin.py:190} INFO - [2026-08-30T15:43:13.115+0000] {dag.py:4180} INFO - Setting next_dagrun for xcom_dag to None, run_after=None
[2026-08-30T15:43:13.149+0000] {processor.py:208} INFO - Processing /opt/airflow/dags/02_xcom_dag.py took 0.139 seconds
[2026-08-30T15:43:43.881+0000] {processor.py:186} INFO - Started process (PID=783) to work on /opt/airflow/dags/02_xcom_dag.py
[2026-08-30T15:43:43.882+0000] {processor.py:914} INFO - Processing file /opt/airflow/dags/02_xcom_dag.py for tasks to queue
[2026-08-30T15:43:43.883+0000] {logging_mixin.py:190} INFO - [2026-08-30T15:43:43.883+0000] {dagbag.py:588} INFO - Filling up the DagBag from /opt/airflow/dags/02_xcom_dag.py
[2026-08-30T15:43:43.896+0000] {processor.py:925} INFO - DAG(s) 'xcom_dag' retrieved from /opt/airflow/dags/02_xcom_dag.py
[2026-08-30T15:43:43.925+0000] {logging_mixin.py:190} INFO - [2026-08-30T15:43:43.924+0000] {dag.py:3239} INFO - Sync 1 DAGs
[2026-08-30T15:43:43.940+0000] {logging_mixin.py:190} INFO - [2026-08-30T15:43:43.940+0000] {dag.py:4180} INFO - Setting next_dagrun for xcom_dag to None, run_after=None
[2026-08-30T15:43:43.949+0000] {processor.py:208} INFO - Processing /opt/airflow/dags/02_xcom_dag.py took 0.077 seconds
[2026-08-30T15:44:14.640+0000] {processor.py:186} INFO - Started process (PID=795) to work on /opt/airflow/dags/02_xcom_dag.py
[2026-08-30T15:44:14.641+0000] {processor.py:914} INFO - Processing file /opt/airflow/dags/02_xcom_dag.py for tasks to queue
[2026-08-30T15:44:14.644+0000] {logging_mixin.py:190} INFO - [2026-08-30T15:44:14.644+0000] {dagbag.py:588} INFO - Filling up the DagBag from /opt/airflow/dags/02_xcom_dag.py
[2026-08-30T15:44:14.655+0000] {processor.py:925} INFO - DAG(s) 'xcom_dag' retrieved from /opt/airflow/dags/02_xcom_dag.py
[2026-08-30T15:44:14.678+0000] {logging_mixin.py:190} INFO - [2026-08-30T15:44:14.677+0000] {dag.py:3239} INFO - Sync 1 DAGs
[2026-08-30T15:44:14.687+0000] {logging_mixin.py:190} INFO - [2026-08-30T15:44:14.687+0000] {dag.py:4180} INFO - Setting next_dagrun for xcom_dag to None, run_after=None
[2026-08-30T15:44:14.702+0000] {processor.py:208} INFO - Processing /opt/airflow/dags/02_xcom_dag.py took 0.068 seconds
[2026-08-30T15:44:45.507+0000] {processor.py:186} INFO - Started process (PID=807) to work on /opt/airflow/dags/02_xcom_dag.py
[2026-08-30T15:44:45.508+0000] {processor.py:914} INFO - Processing file /opt/airflow/dags/02_xcom_dag.py for tasks to queue
[2026-08-30T15:44:45.510+0000] {logging_mixin.py:190} INFO - [2026-08-30T15:44:45.510+0000] {dagbag.py:588} INFO - Filling up the DagBag from /opt/airflow/dags/02_xcom_dag.py
[2026-08-30T15:44:45.527+0000] {processor.py:925} INFO - DAG(s) 'xcom_dag' retrieved from /opt/airflow/dags/02_xcom_dag.py
[2026-08-30T15:44:45.556+0000] {logging_mixin.py:190} INFO - [2026-08-30T15:44:45.555+0000] {dag.py:3239} INFO - Sync 1 DAGs
[2026-08-30T15:44:45.565+0000] {logging_mixin.py:190} INFO - [2026-08-30T15:44:45.565+0000] {dag.py:4180} INFO - Setting next_dagrun for xcom_dag to None, run_after=None
[2026-08-30T15:44:45.577+0000] {processor.py:208} INFO - Processing /opt/airflow/dags/02_xcom_dag.py took 0.074 seconds
[2026-08-30T15:45:16.278+0000] {processor.py:186} INFO - Started process (PID=820) to work on /opt/airflow/dags/02_xcom_dag.py
[2026-08-30T15:45:16.281+0000] {processor.py:914} INFO - Processing file /opt/airflow/dags/02_xcom_dag.py for tasks to queue
[2026-08-30T15:45:16.282+0000] {logging_mixin.py:190} INFO - [2026-08-30T15:45:16.282+0000] {dagbag.py:588} INFO - Filling up the DagBag from /opt/airflow/dags/02_xcom_dag.py
[2026-08-30T15:45:16.292+0000] {processor.py:925} INFO - DAG(s) 'xcom_dag' retrieved from /opt/airflow/dags/02_xcom_dag.py
[2026-08-30T15:45:16.317+0000] {logging_mixin.py:190} INFO - [2026-08-30T15:45:16.317+0000] {dag.py:3239} INFO - Sync 1 DAGs
[2026-08-30T15:45:16.327+0000] {logging_mixin.py:190} INFO - [2026-08-30T15:45:16.327+0000] {dag.py:4180} INFO - Setting next_dagrun for xcom_dag to None, run_after=None
[2026-08-30T15:45:16.340+0000] {processor.py:208} INFO - Processing /opt/airflow/dags/02_xcom_dag.py took 0.068 seconds
[2026-08-30T15:45:47.020+0000] {processor.py:186} INFO - Started process (PID=832) to work on /opt/airflow/dags/02_xcom_dag.py
[2026-08-30T15:45:47.021+0000] {processor.py:914} INFO - Processing file /opt/airflow/dags/02_xcom_dag.py for tasks to queue
[2026-08-30T15:45:47.023+0000] {logging_mixin.py:190} INFO - [2026-08-30T15:45:47.023+0000] {dagbag.py:588} INFO - Filling up the DagBag from /opt/airflow/dags/02_xcom_dag.py
[2026-08-30T15:45:47.042+0000] {processor.py:925} INFO - DAG(s) 'xcom_dag' retrieved from /opt/airflow/dags/02_xcom_dag.py
[2026-08-30T15:45:47.060+0000] {logging_mixin.py:190} INFO - [2026-08-30T15:45:47.060+0000] {dag.py:3239} INFO - Sync 1 DAGs
[2026-08-30T15:45:47.069+0000] {logging_mixin.py:190} INFO - [2026-08-30T15:45:47.069+0000] {dag.py:4180} INFO - Setting next_dagrun for xcom_dag to None, run_after=None
[2026-08-30T15:45:47.090+0000] {processor.py:208} INFO - Processing /opt/airflow/dags/02_xcom_dag.py took 0.075 seconds
[2026-08-30T15:46:17.962+0000] {processor.py:186} INFO - Started process (PID=844) to work on /opt/airflow/dags/02_xcom_dag.py
[2026-08-30T15:46:17.963+0000] {processor.py:914} INFO - Processing file /opt/airflow/dags/02_xcom_dag.py for tasks to queue
[2026-08-30T15:46:17.966+0000] {logging_mixin.py:190} INFO - [2026-08-30T15:46:17.965+0000] {dagbag.py:588} INFO - Filling up the DagBag from /opt/airflow/dags/02_xcom_dag.py
[2026-08-30T15:46:17.977+0000] {processor.py:925} INFO - DAG(s) 'xcom_dag' retrieved from /opt/airflow/dags/02_xcom_dag.py
[2026-08-30T15:46:18.005+0000] {logging_mixin.py:190} INFO - [2026-08-30T15:46:18.005+0000] {dag.py:3239} INFO - Sync 1 DAGs
[2026-08-30T15:46:18.015+0000] {logging_mixin.py:190} INFO - [2026-08-30T15:46:18.015+0000] {dag.py:4180} INFO - Setting next_dagrun for xcom_dag to None, run_after=None
[2026-08-30T15:46:18.035+0000] {processor.py:208} INFO - Processing /opt/airflow/dags/02_xcom_dag.py took 0.078 seconds
[2026-08-30T15:46:48.828+0000] {processor.py:186} INFO - Started process (PID=856) to work on /opt/airflow/dags/02_xcom_dag.py
[2026-08-30T15:46:48.829+0000] {processor.py:914} INFO - Processing file /opt/airflow/dags/02_xcom_dag.py for tasks to queue
[2026-08-30T15:46:48.830+0000] {logging_mixin.py:190} INFO - [2026-08-30T15:46:48.830+0000] {dagbag.py:588} INFO - Filling up the DagBag from /opt/airflow/dags/02_xcom_dag.py
[2026-08-30T15:46:48.847+0000] {processor.py:925} INFO - DAG(s) 'xcom_dag' retrieved from /opt/airflow/dags/02_xcom_dag.py
[2026-08-30T15:46:48.872+0000] {logging_mixin.py:190} INFO - [2026-08-30T15:46:48.871+0000] {dag.py:3239} INFO - Sync 1 DAGs
[2026-08-30T15:46:48.881+0000] {logging_mixin.py:190} INFO - [2026-08-30T15:46:48.881+0000] {dag.py:4180} INFO - Setting next_dagrun for xcom_dag to None, run_after=None
[2026-08-30T15:46:48.898+0000] {processor.py:208} INFO - Processing /opt/airflow/dags/02_xcom_dag.py took 0.077 seconds
[2026-08-30T15:47:19.764+0000] {processor.py:186} INFO - Started process (PID=868) to work on /opt/airflow/dags/02_xcom_dag.py
[2026-08-30T15:47:19.766+0000] {processor.py:914} INFO - Processing file /opt/airflow/dags/02_xcom_dag.py for tasks to queue
[2026-08-30T15:47:19.767+0000] {logging_mixin.py:190} INFO - [2026-08-30T15:47:19.767+0000] {dagbag.py:588} INFO - Filling up the DagBag from /opt/airflow/dags/02_xcom_dag.py
[2026-08-30T15:47:19.778+0000] {processor.py:925} INFO - DAG(s) 'xcom_dag' retrieved from /opt/airflow/dags/02_xcom_dag.py
[2026-08-30T15:47:19.804+0000] {logging_mixin.py:190} INFO - [2026-08-30T15:47:19.803+0000] {dag.py:3239} INFO - Sync 1 DAGs
[2026-08-30T15:47:19.813+0000] {logging_mixin.py:190} INFO - [2026-08-30T15:47:19.813+0000] {dag.py:4180} INFO - Setting next_dagrun for xcom_dag to None, run_after=None
[2026-08-30T15:47:19.827+0000] {processor.py:208} INFO - Processing /opt/airflow/dags/02_xcom_dag.py took 0.067 seconds
[2026-08-30T15:47:50.717+0000] {processor.py:186} INFO - Started process (PID=880) to work on /opt/airflow/dags/02_xcom_dag.py
[2026-08-30T15:47:50.718+0000] {processor.py:914} INFO - Processing file /opt/airflow/dags/02_xcom_dag.py for tasks to queue
[2026-08-30T15:47:50.721+0000] {logging_mixin.py:190} INFO - [2026-08-30T15:47:50.721+0000] {dagbag.py:588} INFO - Filling up the DagBag from /opt/airflow/dags/02_xcom_dag.py
[2026-08-30T15:47:50.729+0000] {processor.py:925} INFO - DAG(s) 'xcom_dag' retrieved from /opt/airflow/dags/02_xcom_dag.py
[2026-08-30T15:47:50.752+0000] {logging_mixin.py:190} INFO - [2026-08-30T15:47:50.752+0000] {dag.py:3239} INFO - Sync 1 DAGs
[2026-08-30T15:47:50.762+0000] {logging_mixin.py:190} INFO - [2026-08-30T15:47:50.761+0000] {dag.py:4180} INFO - Setting next_dagrun for xcom_dag to None, run_after=None
[2026-08-30T15:47:50.778+0000] {processor.py:208} INFO - Processing /opt/airflow/dags/02_xcom_dag.py took 0.067 seconds
[2026-08-30T15:48:21.487+0000] {processor.py:186} INFO - Started process (PID=892) to work on /opt/airflow/dags/02_xcom_dag.py
[2026-08-30T15:48:21.489+0000] {processor.py:914} INFO - Processing file /opt/airflow/dags/02_xcom_dag.py for tasks to queue
[2026-08-30T15:48:21.491+0000] {logging_mixin.py:190} INFO - [2026-08-30T15:48:21.491+0000] {dagbag.py:588} INFO - Filling up the DagBag from /opt/airflow/dags/02_xcom_dag.py
[2026-08-30T15:48:21.501+0000] {processor.py:925} INFO - DAG(s) 'xcom_dag' retrieved from /opt/airflow/dags/02_xcom_dag.py
[2026-08-30T15:48:21.533+0000] {logging_mixin.py:190} INFO - [2026-08-30T15:48:21.533+0000] {dag.py:3239} INFO - Sync 1 DAGs
[2026-08-30T15:48:21.545+0000] {logging_mixin.py:190} INFO - [2026-08-30T15:48:21.545+0000] {dag.py:4180} INFO - Setting next_dagrun for xcom_dag to None, run_after=None
[2026-08-30T15:48:21.557+0000] {processor.py:208} INFO - Processing /opt/airflow/dags/02_xcom_dag.py took 0.075 seconds
[2026-08-30T15:48:52.338+0000] {processor.py:186} INFO - Started process (PID=904) to work on /opt/airflow/dags/02_xcom_dag.py
[2026-08-30T15:48:52.339+0000] {processor.py:914} INFO - Processing file /opt/airflow/dags/02_xcom_dag.py for tasks to queue
[2026-08-30T15:48:52.340+0000] {logging_mixin.py:190} INFO - [2026-08-30T15:48:52.340+0000] {dagbag.py:588} INFO - Filling up the DagBag from /opt/airflow/dags/02_xcom_dag.py
[2026-08-30T15:48:52.352+0000] {processor.py:925} INFO - DAG(s) 'xcom_dag' retrieved from /opt/airflow/dags/02_xcom_dag.py
[2026-08-30T15:48:52.381+0000] {logging_mixin.py:190} INFO - [2026-08-30T15:48:52.380+0000] {dag.py:3239} INFO - Sync 1 DAGs
[2026-08-30T15:48:52.392+0000] {logging_mixin.py:190} INFO - [2026-08-30T15:48:52.392+0000] {dag.py:4180} INFO - Setting next_dagrun for xcom_dag to None, run_after=None
[2026-08-30T15:48:52.404+0000] {processor.py:208} INFO - Processing /opt/airflow/dags/02_xcom_dag.py took 0.072 seconds
[2026-08-30T15:49:23.268+0000] {processor.py:186} INFO - Started process (PID=916) to work on /opt/airflow/dags/02_xcom_dag.py
[2026-08-30T15:49:23.268+0000] {processor.py:914} INFO - Processing file /opt/airflow/dags/02_xcom_dag.py for tasks to queue
[2026-08-30T15:49:23.271+0000] {logging_mixin.py:190} INFO - [2026-08-30T15:49:23.270+0000] {dagbag.py:588} INFO - Filling up the DagBag from /opt/airflow/dags/02_xcom_dag.py
[2026-08-30T15:49:23.283+0000] {processor.py:925} INFO - DAG(s) 'xcom_dag' retrieved from /opt/airflow/dags/02_xcom_dag.py
[2026-08-30T15:49:23.309+0000] {logging_mixin.py:190} INFO - [2026-08-30T15:49:23.309+0000] {dag.py:3239} INFO - Sync 1 DAGs
[2026-08-30T15:49:23.320+0000] {logging_mixin.py:190} INFO - [2026-08-30T15:49:23.320+0000] {dag.py:4180} INFO - Setting next_dagrun for xcom_dag to None, run_after=None
[2026-08-30T15:49:23.335+0000] {processor.py:208} INFO - Processing /opt/airflow/dags/02_xcom_dag.py took 0.072 seconds
[2026-08-30T15:49:54.120+0000] {processor.py:186} INFO - Started process (PID=928) to work on /opt/airflow/dags/02_xcom_dag.py
[2026-08-30T15:49:54.121+0000] {processor.py:914} INFO - Processing file /opt/airflow/dags/02_xcom_dag.py for tasks to queue
[2026-08-30T15:49:54.124+0000] {logging_mixin.py:190} INFO - [2026-08-30T15:49:54.124+0000] {dagbag.py:588} INFO - Filling up the DagBag from /opt/airflow/dags/02_xcom_dag.py
[2026-08-30T15:49:54.134+0000] {processor.py:925} INFO - DAG(s) 'xcom_dag' retrieved from /opt/airflow/dags/02_xcom_dag.py
[2026-08-30T15:49:54.154+0000] {logging_mixin.py:190} INFO - [2026-08-30T15:49:54.154+0000] {dag.py:3239} INFO - Sync 1 DAGs
[2026-08-30T15:49:54.165+0000] {logging_mixin.py:190} INFO - [2026-08-30T15:49:54.165+0000] {dag.py:4180} INFO - Setting next_dagrun for xcom_dag to None, run_after=None
[2026-08-30T15:49:54.180+0000] {processor.py:208} INFO - Processing /opt/airflow/dags/02_xcom_dag.py took 0.071 seconds
[2026-08-30T15:50:24.917+0000] {processor.py:186} INFO - Started process (PID=940) to work on /opt/airflow/dags/02_xcom_dag.py
[2026-08-30T15:50:24.918+0000] {processor.py:914} INFO - Processing file /opt/airflow/dags/02_xcom_dag.py for tasks to queue
[2026-08-30T15:50:24.920+0000] {logging_mixin.py:190} INFO - [2026-08-30T15:50:24.920+0000] {dagbag.py:588} INFO - Filling up the DagBag from /opt/airflow/dags/02_xcom_dag.py
[2026-08-30T15:50:24.932+0000] {processor.py:925} INFO - DAG(s) 'xcom_dag' retrieved from /opt/airflow/dags/02_xcom_dag.py
[2026-08-30T15:50:24.955+0000] {logging_mixin.py:190} INFO - [2026-08-30T15:50:24.955+0000] {dag.py:3239} INFO - Sync 1 DAGs
[2026-08-30T15:50:24.971+0000] {logging_mixin.py:190} INFO - [2026-08-30T15:50:24.971+0000] {dag.py:4180} INFO - Setting next_dagrun for xcom_dag to None, run_after=None
[2026-08-30T15:50:24.980+0000] {processor.py:208} INFO - Processing /opt/airflow/dags/02_xcom_dag.py took 0.072 seconds
[2026-08-30T15:50:55.732+0000] {processor.py:186} INFO - Started process (PID=952) to work on /opt/airflow/dags/02_xcom_dag.py
[2026-08-30T15:50:55.733+0000] {processor.py:914} INFO - Processing file /opt/airflow/dags/02_xcom_dag.py for tasks to queue
[2026-08-30T15:50:55.735+0000] {logging_mixin.py:190} INFO - [2026-08-30T15:50:55.735+0000] {dagbag.py:588} INFO - Filling up the DagBag from /opt/airflow/dags/02_xcom_dag.py
[2026-08-30T15:50:55.749+0000] {processor.py:925} INFO - DAG(s) 'xcom_dag' retrieved from /opt/airflow/dags/02_xcom_dag.py
[2026-08-30T15:50:55.774+0000] {logging_mixin.py:190} INFO - [2026-08-30T15:50:55.774+0000] {dag.py:3239} INFO - Sync 1 DAGs
[2026-08-30T15:50:55.788+0000] {logging_mixin.py:190} INFO - [2026-08-30T15:50:55.787+0000] {dag.py:4180} INFO - Setting next_dagrun for xcom_dag to None, run_after=None
[2026-08-30T15:50:55.801+0000] {processor.py:208} INFO - Processing /opt/airflow/dags/02_xcom_dag.py took 0.073 seconds
[2026-08-30T15:51:26.594+0000] {processor.py:186} INFO - Started process (PID=964) to work on /opt/airflow/dags/02_xcom_dag.py
[2026-08-30T15:51:26.595+0000] {processor.py:914} INFO - Processing file /opt/airflow/dags/02_xcom_dag.py for tasks to queue
[2026-08-30T15:51:26.596+0000] {logging_mixin.py:190} INFO - [2026-08-30T15:51:26.596+0000] {dagbag.py:588} INFO - Filling up the DagBag from /opt/airflow/dags/02_xcom_dag.py
[2026-08-30T15:51:26.608+0000] {processor.py:925} INFO - DAG(s) 'xcom_dag' retrieved from /opt/airflow/dags/02_xcom_dag.py
[2026-08-30T15:51:26.628+0000] {logging_mixin.py:190} INFO - [2026-08-30T15:51:26.628+0000] {dag.py:3239} INFO - Sync 1 DAGs
[2026-08-30T15:51:26.636+0000] {logging_mixin.py:190} INFO - [2026-08-30T15:51:26.635+0000] {dag.py:4180} INFO - Setting next_dagrun for xcom_dag to None, run_after=None
[2026-08-30T15:51:26.644+0000] {processor.py:208} INFO - Processing /opt/airflow/dags/02_xcom_dag.py took 0.057 seconds
[2026-08-30T15:51:57.516+0000] {processor.py:186} INFO - Started process (PID=982) to work on /opt/airflow/dags/02_xcom_dag.py
[2026-08-30T15:51:57.518+0000] {processor.py:914} INFO - Processing file /opt/airflow/dags/02_xcom_dag.py for tasks to queue
[2026-08-30T15:51:57.520+0000] {logging_mixin.py:190} INFO - [2026-08-30T15:51:57.519+0000] {dagbag.py:588} INFO - Filling up the DagBag from /opt/airflow/dags/02_xcom_dag.py
[2026-08-30T15:51:57.539+0000] {processor.py:925} INFO - DAG(s) 'xcom_dag' retrieved from /opt/airflow/dags/02_xcom_dag.py
[2026-08-30T15:51:57.580+0000] {logging_mixin.py:190} INFO - [2026-08-30T15:51:57.580+0000] {dag.py:3239} INFO - Sync 1 DAGs
[2026-08-30T15:51:57.596+0000] {logging_mixin.py:190} INFO - [2026-08-30T15:51:57.596+0000] {dag.py:4180} INFO - Setting next_dagrun for xcom_dag to None, run_after=None
[2026-08-30T15:51:57.612+0000] {processor.py:208} INFO - Processing /opt/airflow/dags/02_xcom_dag.py took 0.114 seconds
[2026-08-30T15:52:28.430+0000] {processor.py:186} INFO - Started process (PID=994) to work on /opt/airflow/dags/02_xcom_dag.py
[2026-08-30T15:52:28.431+0000] {processor.py:914} INFO - Processing file /opt/airflow/dags/02_xcom_dag.py for tasks to queue
[2026-08-30T15:52:28.433+0000] {logging_mixin.py:190} INFO - [2026-08-30T15:52:28.432+0000] {dagbag.py:588} INFO - Filling up the DagBag from /opt/airflow/dags/02_xcom_dag.py
[2026-08-30T15:52:28.440+0000] {processor.py:925} INFO - DAG(s) 'xcom_dag' retrieved from /opt/airflow/dags/02_xcom_dag.py
[2026-08-30T15:52:28.463+0000] {logging_mixin.py:190} INFO - [2026-08-30T15:52:28.463+0000] {dag.py:3239} INFO - Sync 1 DAGs
[2026-08-30T15:52:28.471+0000] {logging_mixin.py:190} INFO - [2026-08-30T15:52:28.471+0000] {dag.py:4180} INFO - Setting next_dagrun for xcom_dag to None, run_after=None
[2026-08-30T15:52:28.482+0000] {processor.py:208} INFO - Processing /opt/airflow/dags/02_xcom_dag.py took 0.056 seconds
[2026-08-30T15:52:59.222+0000] {processor.py:186} INFO - Started process (PID=1005) to work on /opt/airflow/dags/02_xcom_dag.py
[2026-08-30T15:52:59.223+0000] {processor.py:914} INFO - Processing file /opt/airflow/dags/02_xcom_dag.py for tasks to queue
[2026-08-30T15:52:59.225+0000] {logging_mixin.py:190} INFO - [2026-08-30T15:52:59.224+0000] {dagbag.py:588} INFO - Filling up the DagBag from /opt/airflow/dags/02_xcom_dag.py
[2026-08-30T15:52:59.235+0000] {processor.py:925} INFO - DAG(s) 'xcom_dag' retrieved from /opt/airflow/dags/02_xcom_dag.py
[2026-08-30T15:52:59.252+0000] {logging_mixin.py:190} INFO - [2026-08-30T15:52:59.252+0000] {dag.py:3239} INFO - Sync 1 DAGs
[2026-08-30T15:52:59.263+0000] {logging_mixin.py:190} INFO - [2026-08-30T15:52:59.262+0000] {dag.py:4180} INFO - Setting next_dagrun for xcom_dag to None, run_after=None
[2026-08-30T15:52:59.276+0000] {processor.py:208} INFO - Processing /opt/airflow/dags/02_xcom_dag.py took 0.059 seconds
[2026-08-30T15:53:30.031+0000] {processor.py:186} INFO - Started process (PID=1016) to work on /opt/airflow/dags/02_xcom_dag.py
[2026-08-30T15:53:30.032+0000] {processor.py:914} INFO - Processing file /opt/airflow/dags/02_xcom_dag.py for tasks to queue
[2026-08-30T15:53:30.033+0000] {logging_mixin.py:190} INFO - [2026-08-30T15:53:30.033+0000] {dagbag.py:588} INFO - Filling up the DagBag from /opt/airflow/dags/02_xcom_dag.py
[2026-08-30T15:53:30.041+0000] {processor.py:925} INFO - DAG(s) 'xcom_dag' retrieved from /opt/airflow/dags/02_xcom_dag.py
[2026-08-30T15:53:30.060+0000] {logging_mixin.py:190} INFO - [2026-08-30T15:53:30.060+0000] {dag.py:3239} INFO - Sync 1 DAGs
[2026-08-30T15:53:30.069+0000] {logging_mixin.py:190} INFO - [2026-08-30T15:53:30.069+0000] {dag.py:4180} INFO - Setting next_dagrun for xcom_dag to None, run_after=None
[2026-08-30T15:53:30.079+0000] {processor.py:208} INFO - Processing /opt/airflow/dags/02_xcom_dag.py took 0.052 seconds
[2026-08-30T15:54:00.879+0000] {processor.py:186} INFO - Started process (PID=1028) to work on /opt/airflow/dags/02_xcom_dag.py
[2026-08-30T15:54:00.880+0000] {processor.py:914} INFO - Processing file /opt/airflow/dags/02_xcom_dag.py for tasks to queue
[2026-08-30T15:54:00.882+0000] {logging_mixin.py:190} INFO - [2026-08-30T15:54:00.882+0000] {dagbag.py:588} INFO - Filling up the DagBag from /opt/airflow/dags/02_xcom_dag.py
[2026-08-30T15:54:00.889+0000] {processor.py:925} INFO - DAG(s) 'xcom_dag' retrieved from /opt/airflow/dags/02_xcom_dag.py
[2026-08-30T15:54:00.904+0000] {logging_mixin.py:190} INFO - [2026-08-30T15:54:00.904+0000] {dag.py:3239} INFO - Sync 1 DAGs
[2026-08-30T15:54:00.910+0000] {logging_mixin.py:190} INFO - [2026-08-30T15:54:00.910+0000] {dag.py:4180} INFO - Setting next_dagrun for xcom_dag to None, run_after=None
[2026-08-30T15:54:00.918+0000] {processor.py:208} INFO - Processing /opt/airflow/dags/02_xcom_dag.py took 0.042 seconds
[2026-08-30T15:54:31.656+0000] {processor.py:186} INFO - Started process (PID=1040) to work on /opt/airflow/dags/02_xcom_dag.py
[2026-08-30T15:54:31.657+0000] {processor.py:914} INFO - Processing file /opt/airflow/dags/02_xcom_dag.py for tasks to queue
[2026-08-30T15:54:31.659+0000] {logging_mixin.py:190} INFO - [2026-08-30T15:54:31.659+0000] {dagbag.py:588} INFO - Filling up the DagBag from /opt/airflow/dags/02_xcom_dag.py
[2026-08-30T15:54:31.671+0000] {processor.py:925} INFO - DAG(s) 'xcom_dag' retrieved from /opt/airflow/dags/02_xcom_dag.py
[2026-08-30T15:54:31.691+0000] {logging_mixin.py:190} INFO - [2026-08-30T15:54:31.691+0000] {dag.py:3239} INFO - Sync 1 DAGs
[2026-08-30T15:54:31.700+0000] {logging_mixin.py:190} INFO - [2026-08-30T15:54:31.700+0000] {dag.py:4180} INFO - Setting next_dagrun for xcom_dag to None, run_after=None
[2026-08-30T15:54:31.716+0000] {processor.py:208} INFO - Processing /opt/airflow/dags/02_xcom_dag.py took 0.064 seconds
[2026-08-30T15:55:02.540+0000] {processor.py:186} INFO - Started process (PID=1052) to work on /opt/airflow/dags/02_xcom_dag.py
[2026-08-30T15:55:02.542+0000] {processor.py:914} INFO - Processing file /opt/airflow/dags/02_xcom_dag.py for tasks to queue
[2026-08-30T15:55:02.544+0000] {logging_mixin.py:190} INFO - [2026-08-30T15:55:02.544+0000] {dagbag.py:588} INFO - Filling up the DagBag from /opt/airflow/dags/02_xcom_dag.py
[2026-08-30T15:55:02.552+0000] {processor.py:925} INFO - DAG(s) 'xcom_dag' retrieved from /opt/airflow/dags/02_xcom_dag.py
[2026-08-30T15:55:02.572+0000] {logging_mixin.py:190} INFO - [2026-08-30T15:55:02.572+0000] {dag.py:3239} INFO - Sync 1 DAGs
[2026-08-30T15:55:02.581+0000] {logging_mixin.py:190} INFO - [2026-08-30T15:55:02.580+0000] {dag.py:4180} INFO - Setting next_dagrun for xcom_dag to None, run_after=None
[2026-08-30T15:55:02.593+0000] {processor.py:208} INFO - Processing /opt/airflow/dags/02_xcom_dag.py took 0.058 seconds
[2026-08-30T15:55:33.404+0000] {processor.py:186} INFO - Started process (PID=1065) to work on /opt/airflow/dags/02_xcom_dag.py
[2026-08-30T15:55:33.405+0000] {processor.py:914} INFO - Processing file /opt/airflow/dags/02_xcom_dag.py for tasks to queue
[2026-08-30T15:55:33.407+0000] {logging_mixin.py:190} INFO - [2026-08-30T15:55:33.406+0000] {dagbag.py:588} INFO - Filling up the DagBag from /opt/airflow/dags/02_xcom_dag.py
[2026-08-30T15:55:33.416+0000] {processor.py:925} INFO - DAG(s) 'xcom_dag' retrieved from /opt/airflow/dags/02_xcom_dag.py
[2026-08-30T15:55:33.461+0000] {logging_mixin.py:190} INFO - [2026-08-30T15:55:33.460+0000] {dag.py:3239} INFO - Sync 1 DAGs
[2026-08-30T15:55:33.489+0000] {logging_mixin.py:190} INFO - [2026-08-30T15:55:33.489+0000] {dag.py:4180} INFO - Setting next_dagrun for xcom_dag to None, run_after=None
[2026-08-30T15:55:33.515+0000] {processor.py:208} INFO - Processing /opt/airflow/dags/02_xcom_dag.py took 0.115 seconds
[2026-08-30T15:56:04.276+0000] {processor.py:186} INFO - Started process (PID=1078) to work on /opt/airflow/dags/02_xcom_dag.py
[2026-08-30T15:56:04.277+0000] {processor.py:914} INFO - Processing file /opt/airflow/dags/02_xcom_dag.py for tasks to queue
[2026-08-30T15:56:04.278+0000] {logging_mixin.py:190} INFO - [2026-08-30T15:56:04.278+0000] {dagbag.py:588} INFO - Filling up the DagBag from /opt/airflow/dags/02_xcom_dag.py
[2026-08-30T15:56:04.288+0000] {processor.py:925} INFO - DAG(s) 'xcom_dag' retrieved from /opt/airflow/dags/02_xcom_dag.py
[2026-08-30T15:56:04.314+0000] {logging_mixin.py:190} INFO - [2026-08-30T15:56:04.314+0000] {dag.py:3239} INFO - Sync 1 DAGs
[2026-08-30T15:56:04.324+0000] {logging_mixin.py:190} INFO - [2026-08-30T15:56:04.324+0000] {dag.py:4180} INFO - Setting next_dagrun for xcom_dag to None, run_after=None
[2026-08-30T15:56:04.341+0000] {processor.py:208} INFO - Processing /opt/airflow/dags/02_xcom_dag.py took 0.073 seconds
[2026-08-30T15:56:35.116+0000] {processor.py:186} INFO - Started process (PID=1090) to work on /opt/airflow/dags/02_xcom_dag.py
[2026-08-30T15:56:35.118+0000] {processor.py:914} INFO - Processing file /opt/airflow/dags/02_xcom_dag.py for tasks to queue
[2026-08-30T15:56:35.120+0000] {logging_mixin.py:190} INFO - [2026-08-30T15:56:35.120+0000] {dagbag.py:588} INFO - Filling up the DagBag from /opt/airflow/dags/02_xcom_dag.py
[2026-08-30T15:56:35.130+0000] {processor.py:925} INFO - DAG(s) 'xcom_dag' retrieved from /opt/airflow/dags/02_xcom_dag.py
[2026-08-30T15:56:35.161+0000] {logging_mixin.py:190} INFO - [2026-08-30T15:56:35.161+0000] {dag.py:3239} INFO - Sync 1 DAGs
[2026-08-30T15:56:35.175+0000] {logging_mixin.py:190} INFO - [2026-08-30T15:56:35.175+0000] {dag.py:4180} INFO - Setting next_dagrun for xcom_dag to None, run_after=None
[2026-08-30T15:56:35.187+0000] {processor.py:208} INFO - Processing /opt/airflow/dags/02_xcom_dag.py took 0.076 seconds
[2026-08-30T15:57:05.972+0000] {processor.py:186} INFO - Started process (PID=1102) to work on /opt/airflow/dags/02_xcom_dag.py
[2026-08-30T15:57:05.973+0000] {processor.py:914} INFO - Processing file /opt/airflow/dags/02_xcom_dag.py for tasks to queue
[2026-08-30T15:57:05.974+0000] {logging_mixin.py:190} INFO - [2026-08-30T15:57:05.974+0000] {dagbag.py:588} INFO - Filling up the DagBag from /opt/airflow/dags/02_xcom_dag.py
[2026-08-30T15:57:05.980+0000] {processor.py:925} INFO - DAG(s) 'xcom_dag' retrieved from /opt/airflow/dags/02_xcom_dag.py
[2026-08-30T15:57:05.995+0000] {logging_mixin.py:190} INFO - [2026-08-30T15:57:05.995+0000] {dag.py:3239} INFO - Sync 1 DAGs
[2026-08-30T15:57:06.002+0000] {logging_mixin.py:190} INFO - [2026-08-30T15:57:06.002+0000] {dag.py:4180} INFO - Setting next_dagrun for xcom_dag to None, run_after=None
[2026-08-30T15:57:06.009+0000] {processor.py:208} INFO - Processing /opt/airflow/dags/02_xcom_dag.py took 0.041 seconds
[2026-08-30T15:57:36.803+0000] {processor.py:186} INFO - Started process (PID=1114) to work on /opt/airflow/dags/02_xcom_dag.py
[2026-08-30T15:57:36.804+0000] {processor.py:914} INFO - Processing file /opt/airflow/dags/02_xcom_dag.py for tasks to queue
[2026-08-30T15:57:36.805+0000] {logging_mixin.py:190} INFO - [2026-08-30T15:57:36.805+0000] {dagbag.py:588} INFO - Filling up the DagBag from /opt/airflow/dags/02_xcom_dag.py
[2026-08-30T15:57:36.813+0000] {processor.py:925} INFO - DAG(s) 'xcom_dag' retrieved from /opt/airflow/dags/02_xcom_dag.py
[2026-08-30T15:57:36.835+0000] {logging_mixin.py:190} INFO - [2026-08-30T15:57:36.835+0000] {dag.py:3239} INFO - Sync 1 DAGs
[2026-08-30T15:57:36.846+0000] {logging_mixin.py:190} INFO - [2026-08-30T15:57:36.846+0000] {dag.py:4180} INFO - Setting next_dagrun for xcom_dag to None, run_after=None
[2026-08-30T15:57:36.861+0000] {processor.py:208} INFO - Processing /opt/airflow/dags/02_xcom_dag.py took 0.064 seconds
[2026-08-30T15:58:07.702+0000] {processor.py:186} INFO - Started process (PID=1126) to work on /opt/airflow/dags/02_xcom_dag.py
[2026-08-30T15:58:07.703+0000] {processor.py:914} INFO - Processing file /opt/airflow/dags/02_xcom_dag.py for tasks to queue
[2026-08-30T15:58:07.705+0000] {logging_mixin.py:190} INFO - [2026-08-30T15:58:07.705+0000] {dagbag.py:588} INFO - Filling up the DagBag from /opt/airflow/dags/02_xcom_dag.py
[2026-08-30T15:58:07.715+0000] {processor.py:925} INFO - DAG(s) 'xcom_dag' retrieved from /opt/airflow/dags/02_xcom_dag.py
[2026-08-30T15:58:07.738+0000] {logging_mixin.py:190} INFO - [2026-08-30T15:58:07.737+0000] {dag.py:3239} INFO - Sync 1 DAGs
[2026-08-30T15:58:07.754+0000] {logging_mixin.py:190} INFO - [2026-08-30T15:58:07.754+0000] {dag.py:4180} INFO - Setting next_dagrun for xcom_dag to None, run_after=None
[2026-08-30T15:58:07.767+0000] {processor.py:208} INFO - Processing /opt/airflow/dags/02_xcom_dag.py took 0.069 seconds
[2026-08-30T15:58:38.641+0000] {processor.py:186} INFO - Started process (PID=1138) to work on /opt/airflow/dags/02_xcom_dag.py
[2026-08-30T15:58:38.642+0000] {processor.py:914} INFO - Processing file /opt/airflow/dags/02_xcom_dag.py for tasks to queue
[2026-08-30T15:58:38.643+0000] {logging_mixin.py:190} INFO - [2026-08-30T15:58:38.643+0000] {dagbag.py:588} INFO - Filling up the DagBag from /opt/airflow/dags/02_xcom_dag.py
[2026-08-30T15:58:38.653+0000] {processor.py:925} INFO - DAG(s) 'xcom_dag' retrieved from /opt/airflow/dags/02_xcom_dag.py
[2026-08-30T15:58:38.673+0000] {logging_mixin.py:190} INFO - [2026-08-30T15:58:38.673+0000] {dag.py:3239} INFO - Sync 1 DAGs
[2026-08-30T15:58:38.681+0000] {logging_mixin.py:190} INFO - [2026-08-30T15:58:38.681+0000] {dag.py:4180} INFO - Setting next_dagrun for xcom_dag to None, run_after=None
[2026-08-30T15:58:38.701+0000] {processor.py:208} INFO - Processing /opt/airflow/dags/02_xcom_dag.py took 0.064 seconds
[2026-08-30T15:59:09.448+0000] {processor.py:186} INFO - Started process (PID=1150) to work on /opt/airflow/dags/02_xcom_dag.py
[2026-08-30T15:59:09.449+0000] {processor.py:914} INFO - Processing file /opt/airflow/dags/02_xcom_dag.py for tasks to queue
[2026-08-30T15:59:09.452+0000] {logging_mixin.py:190} INFO - [2026-08-30T15:59:09.452+0000] {dagbag.py:588} INFO - Filling up the DagBag from /opt/airflow/dags/02_xcom_dag.py
[2026-08-30T15:59:09.463+0000] {processor.py:925} INFO - DAG(s) 'xcom_dag' retrieved from /opt/airflow/dags/02_xcom_dag.py
[2026-08-30T15:59:09.492+0000] {logging_mixin.py:190} INFO - [2026-08-30T15:59:09.492+0000] {dag.py:3239} INFO - Sync 1 DAGs
[2026-08-30T15:59:09.503+0000] {logging_mixin.py:190} INFO - [2026-08-30T15:59:09.503+0000] {dag.py:4180} INFO - Setting next_dagrun for xcom_dag to None, run_after=None
[2026-08-30T15:59:09.515+0000] {processor.py:208} INFO - Processing /opt/airflow/dags/02_xcom_dag.py took 0.072 seconds
[2026-08-30T15:59:40.304+0000] {processor.py:186} INFO - Started process (PID=1162) to work on /opt/airflow/dags/02_xcom_dag.py
[2026-08-30T15:59:40.305+0000] {processor.py:914} INFO - Processing file /opt/airflow/dags/02_xcom_dag.py for tasks to queue
[2026-08-30T15:59:40.307+0000] {logging_mixin.py:190} INFO - [2026-08-30T15:59:40.307+0000] {dagbag.py:588} INFO - Filling up the DagBag from /opt/airflow/dags/02_xcom_dag.py
[2026-08-30T15:59:40.317+0000] {processor.py:925} INFO - DAG(s) 'xcom_dag' retrieved from /opt/airflow/dags/02_xcom_dag.py
[2026-08-30T15:59:40.340+0000] {logging_mixin.py:190} INFO - [2026-08-30T15:59:40.340+0000] {dag.py:3239} INFO - Sync 1 DAGs
[2026-08-30T15:59:40.356+0000] {logging_mixin.py:190} INFO - [2026-08-30T15:59:40.356+0000] {dag.py:4180} INFO - Setting next_dagrun for xcom_dag to None, run_after=None
[2026-08-30T15:59:40.367+0000] {processor.py:208} INFO - Processing /opt/airflow/dags/02_xcom_dag.py took 0.070 seconds
[2026-08-30T16:00:11.051+0000] {processor.py:186} INFO - Started process (PID=1174) to work on /opt/airflow/dags/02_xcom_dag.py
[2026-08-30T16:00:11.052+0000] {processor.py:914} INFO - Processing file /opt/airflow/dags/02_xcom_dag.py for tasks to queue
[2026-08-30T16:00:11.055+0000] {logging_mixin.py:190} INFO - [2026-08-30T16:00:11.055+0000] {dagbag.py:588} INFO - Filling up the DagBag from /opt/airflow/dags/02_xcom_dag.py
[2026-08-30T16:00:11.063+0000] {processor.py:925} INFO - DAG(s) 'xcom_dag' retrieved from /opt/airflow/dags/02_xcom_dag.py
[2026-08-30T16:00:11.086+0000] {logging_mixin.py:190} INFO - [2026-08-30T16:00:11.086+0000] {dag.py:3239} INFO - Sync 1 DAGs
[2026-08-30T16:00:11.100+0000] {logging_mixin.py:190} INFO - [2026-08-30T16:00:11.100+0000] {dag.py:4180} INFO - Setting next_dagrun for xcom_dag to None, run_after=None
[2026-08-30T16:00:11.114+0000] {processor.py:208} INFO - Processing /opt/airflow/dags/02_xcom_dag.py took 0.067 seconds
[2026-08-30T16:00:41.794+0000] {processor.py:186} INFO - Started process (PID=1186) to work on /opt/airflow/dags/02_xcom_dag.py
[2026-08-30T16:00:41.794+0000] {processor.py:914} INFO - Processing file /opt/airflow/dags/02_xcom_dag.py for tasks to queue
[2026-08-30T16:00:41.797+0000] {logging_mixin.py:190} INFO - [2026-08-30T16:00:41.797+0000] {dagbag.py:588} INFO - Filling up the DagBag from /opt/airflow/dags/02_xcom_dag.py
[2026-08-30T16:00:41.804+0000] {processor.py:925} INFO - DAG(s) 'xcom_dag' retrieved from /opt/airflow/dags/02_xcom_dag.py
[2026-08-30T16:00:41.824+0000] {logging_mixin.py:190} INFO - [2026-08-30T16:00:41.824+0000] {dag.py:3239} INFO - Sync 1 DAGs
[2026-08-30T16:00:41.832+0000] {logging_mixin.py:190} INFO - [2026-08-30T16:00:41.832+0000] {dag.py:4180} INFO - Setting next_dagrun for xcom_dag to None, run_after=None
[2026-08-30T16:00:41.846+0000] {processor.py:208} INFO - Processing /opt/airflow/dags/02_xcom_dag.py took 0.057 seconds
[2026-08-30T16:01:12.644+0000] {processor.py:186} INFO - Started process (PID=1198) to work on /opt/airflow/dags/02_xcom_dag.py
[2026-08-30T16:01:12.645+0000] {processor.py:914} INFO - Processing file /opt/airflow/dags/02_xcom_dag.py for tasks to queue
[2026-08-30T16:01:12.649+0000] {logging_mixin.py:190} INFO - [2026-08-30T16:01:12.649+0000] {dagbag.py:588} INFO - Filling up the DagBag from /opt/airflow/dags/02_xcom_dag.py
[2026-08-30T16:01:12.657+0000] {processor.py:925} INFO - DAG(s) 'xcom_dag' retrieved from /opt/airflow/dags/02_xcom_dag.py
[2026-08-30T16:01:12.677+0000] {logging_mixin.py:190} INFO - [2026-08-30T16:01:12.677+0000] {dag.py:3239} INFO - Sync 1 DAGs
[2026-08-30T16:01:12.686+0000] {logging_mixin.py:190} INFO - [2026-08-30T16:01:12.686+0000] {dag.py:4180} INFO - Setting next_dagrun for xcom_dag to None, run_after=None
[2026-08-30T16:01:12.700+0000] {processor.py:208} INFO - Processing /opt/airflow/dags/02_xcom_dag.py took 0.062 seconds
[2026-08-30T16:01:43.343+0000] {processor.py:186} INFO - Started process (PID=1210) to work on /opt/airflow/dags/02_xcom_dag.py
[2026-08-30T16:01:43.344+0000] {processor.py:914} INFO - Processing file /opt/airflow/dags/02_xcom_dag.py for tasks to queue
[2026-08-30T16:01:43.348+0000] {logging_mixin.py:190} INFO - [2026-08-30T16:01:43.348+0000] {dagbag.py:588} INFO - Filling up the DagBag from /opt/airflow/dags/02_xcom_dag.py
[2026-08-30T16:01:43.357+0000] {processor.py:925} INFO - DAG(s) 'xcom_dag' retrieved from /opt/airflow/dags/02_xcom_dag.py
[2026-08-30T16:01:43.386+0000] {logging_mixin.py:190} INFO - [2026-08-30T16:01:43.386+0000] {dag.py:3239} INFO - Sync 1 DAGs
[2026-08-30T16:01:43.397+0000] {logging_mixin.py:190} INFO - [2026-08-30T16:01:43.396+0000] {dag.py:4180} INFO - Setting next_dagrun for xcom_dag to None, run_after=None
[2026-08-30T16:01:43.412+0000] {processor.py:208} INFO - Processing /opt/airflow/dags/02_xcom_dag.py took 0.074 seconds
[2026-08-30T16:02:14.782+0000] {processor.py:186} INFO - Started process (PID=1222) to work on /opt/airflow/dags/02_xcom_dag.py
[2026-08-30T16:02:14.783+0000] {processor.py:914} INFO - Processing file /opt/airflow/dags/02_xcom_dag.py for tasks to queue
[2026-08-30T16:02:14.788+0000] {logging_mixin.py:190} INFO - [2026-08-30T16:02:14.787+0000] {dagbag.py:588} INFO - Filling up the DagBag from /opt/airflow/dags/02_xcom_dag.py
[2026-08-30T16:02:14.954+0000] {processor.py:925} INFO - DAG(s) 'xcom_dag' retrieved from /opt/airflow/dags/02_xcom_dag.py
[2026-08-30T16:02:15.061+0000] {logging_mixin.py:190} INFO - [2026-08-30T16:02:15.060+0000] {dag.py:3239} INFO - Sync 1 DAGs
[2026-08-30T16:02:15.081+0000] {logging_mixin.py:190} INFO - [2026-08-30T16:02:15.081+0000] {dag.py:4180} INFO - Setting next_dagrun for xcom_dag to None, run_after=None
[2026-08-30T16:02:15.107+0000] {processor.py:208} INFO - Processing /opt/airflow/dags/02_xcom_dag.py took 0.340 seconds
[2026-08-30T16:02:46.010+0000] {processor.py:186} INFO - Started process (PID=1234) to work on /opt/airflow/dags/02_xcom_dag.py
[2026-08-30T16:02:46.012+0000] {processor.py:914} INFO - Processing file /opt/airflow/dags/02_xcom_dag.py for tasks to queue
[2026-08-30T16:02:46.016+0000] {logging_mixin.py:190} INFO - [2026-08-30T16:02:46.016+0000] {dagbag.py:588} INFO - Filling up the DagBag from /opt/airflow/dags/02_xcom_dag.py
[2026-08-30T16:02:46.031+0000] {processor.py:925} INFO - DAG(s) 'xcom_dag' retrieved from /opt/airflow/dags/02_xcom_dag.py
[2026-08-30T16:02:46.072+0000] {logging_mixin.py:190} INFO - [2026-08-30T16:02:46.072+0000] {dag.py:3239} INFO - Sync 1 DAGs
[2026-08-30T16:02:46.085+0000] {logging_mixin.py:190} INFO - [2026-08-30T16:02:46.084+0000] {dag.py:4180} INFO - Setting next_dagrun for xcom_dag to None, run_after=None
[2026-08-30T16:02:46.098+0000] {processor.py:208} INFO - Processing /opt/airflow/dags/02_xcom_dag.py took 0.103 seconds
[2026-08-30T16:03:16.923+0000] {processor.py:186} INFO - Started process (PID=1246) to work on /opt/airflow/dags/02_xcom_dag.py
[2026-08-30T16:03:16.928+0000] {processor.py:914} INFO - Processing file /opt/airflow/dags/02_xcom_dag.py for tasks to queue
[2026-08-30T16:03:16.933+0000] {logging_mixin.py:190} INFO - [2026-08-30T16:03:16.933+0000] {dagbag.py:588} INFO - Filling up the DagBag from /opt/airflow/dags/02_xcom_dag.py
[2026-08-30T16:03:16.949+0000] {processor.py:925} INFO - DAG(s) 'xcom_dag' retrieved from /opt/airflow/dags/02_xcom_dag.py
[2026-08-30T16:03:16.981+0000] {logging_mixin.py:190} INFO - [2026-08-30T16:03:16.981+0000] {dag.py:3239} INFO - Sync 1 DAGs
[2026-08-30T16:03:16.991+0000] {logging_mixin.py:190} INFO - [2026-08-30T16:03:16.991+0000] {dag.py:4180} INFO - Setting next_dagrun for xcom_dag to None, run_after=None
[2026-08-30T16:03:17.006+0000] {processor.py:208} INFO - Processing /opt/airflow/dags/02_xcom_dag.py took 0.092 seconds
[2026-08-30T16:03:47.777+0000] {processor.py:186} INFO - Started process (PID=1258) to work on /opt/airflow/dags/02_xcom_dag.py
[2026-08-30T16:03:47.780+0000] {processor.py:914} INFO - Processing file /opt/airflow/dags/02_xcom_dag.py for tasks to queue
[2026-08-30T16:03:47.784+0000] {logging_mixin.py:190} INFO - [2026-08-30T16:03:47.784+0000] {dagbag.py:588} INFO - Filling up the DagBag from /opt/airflow/dags/02_xcom_dag.py
[2026-08-30T16:03:47.796+0000] {processor.py:925} INFO - DAG(s) 'xcom_dag' retrieved from /opt/airflow/dags/02_xcom_dag.py
[2026-08-30T16:03:47.823+0000] {logging_mixin.py:190} INFO - [2026-08-30T16:03:47.823+0000] {dag.py:3239} INFO - Sync 1 DAGs
[2026-08-30T16:03:47.837+0000] {logging_mixin.py:190} INFO - [2026-08-30T16:03:47.837+0000] {dag.py:4180} INFO - Setting next_dagrun for xcom_dag to None, run_after=None
[2026-08-30T16:03:47.852+0000] {processor.py:208} INFO - Processing /opt/airflow/dags/02_xcom_dag.py took 0.086 seconds
[2026-08-30T16:04:18.834+0000] {processor.py:186} INFO - Started process (PID=1270) to work on /opt/airflow/dags/02_xcom_dag.py
[2026-08-30T16:04:18.836+0000] {processor.py:914} INFO - Processing file /opt/airflow/dags/02_xcom_dag.py for tasks to queue
[2026-08-30T16:04:18.842+0000] {logging_mixin.py:190} INFO - [2026-08-30T16:04:18.842+0000] {dagbag.py:588} INFO - Filling up the DagBag from /opt/airflow/dags/02_xcom_dag.py
[2026-08-30T16:04:18.864+0000] {processor.py:925} INFO - DAG(s) 'xcom_dag' retrieved from /opt/airflow/dags/02_xcom_dag.py
[2026-08-30T16:04:18.898+0000] {logging_mixin.py:190} INFO - [2026-08-30T16:04:18.898+0000] {dag.py:3239} INFO - Sync 1 DAGs
[2026-08-30T16:04:18.916+0000] {logging_mixin.py:190} INFO - [2026-08-30T16:04:18.916+0000] {dag.py:4180} INFO - Setting next_dagrun for xcom_dag to None, run_after=None
[2026-08-30T16:04:18.933+0000] {processor.py:208} INFO - Processing /opt/airflow/dags/02_xcom_dag.py took 0.113 seconds
[2026-08-30T16:04:49.686+0000] {processor.py:186} INFO - Started process (PID=1282) to work on /opt/airflow/dags/02_xcom_dag.py
[2026-08-30T16:04:49.689+0000] {processor.py:914} INFO - Processing file /opt/airflow/dags/02_xcom_dag.py for tasks to queue
[2026-08-30T16:04:49.691+0000] {logging_mixin.py:190} INFO - [2026-08-30T16:04:49.690+0000] {dagbag.py:588} INFO - Filling up the DagBag from /opt/airflow/dags/02_xcom_dag.py
[2026-08-30T16:04:49.708+0000] {processor.py:925} INFO - DAG(s) 'xcom_dag' retrieved from /opt/airflow/dags/02_xcom_dag.py
[2026-08-30T16:04:49.727+0000] {logging_mixin.py:190} INFO - [2026-08-30T16:04:49.727+0000] {dag.py:3239} INFO - Sync 1 DAGs
[2026-08-30T16:04:49.738+0000] {logging_mixin.py:190} INFO - [2026-08-30T16:04:49.738+0000] {dag.py:4180} INFO - Setting next_dagrun for xcom_dag to None, run_after=None
[2026-08-30T16:04:49.750+0000] {processor.py:208} INFO - Processing /opt/airflow/dags/02_xcom_dag.py took 0.075 seconds
[2026-08-30T16:05:20.555+0000] {processor.py:186} INFO - Started process (PID=1294) to work on /opt/airflow/dags/02_xcom_dag.py
[2026-08-30T16:05:20.557+0000] {processor.py:914} INFO - Processing file /opt/airflow/dags/02_xcom_dag.py for tasks to queue
[2026-08-30T16:05:20.560+0000] {logging_mixin.py:190} INFO - [2026-08-30T16:05:20.560+0000] {dagbag.py:588} INFO - Filling up the DagBag from /opt/airflow/dags/02_xcom_dag.py
[2026-08-30T16:05:20.573+0000] {processor.py:925} INFO - DAG(s) 'xcom_dag' retrieved from /opt/airflow/dags/02_xcom_dag.py
[2026-08-30T16:05:20.607+0000] {logging_mixin.py:190} INFO - [2026-08-30T16:05:20.607+0000] {dag.py:3239} INFO - Sync 1 DAGs
[2026-08-30T16:05:20.617+0000] {logging_mixin.py:190} INFO - [2026-08-30T16:05:20.617+0000] {dag.py:4180} INFO - Setting next_dagrun for xcom_dag to None, run_after=None
[2026-08-30T16:05:20.633+0000] {processor.py:208} INFO - Processing /opt/airflow/dags/02_xcom_dag.py took 0.089 seconds
[2026-08-30T16:05:51.470+0000] {processor.py:186} INFO - Started process (PID=1307) to work on /opt/airflow/dags/02_xcom_dag.py
[2026-08-30T16:05:51.473+0000] {processor.py:914} INFO - Processing file /opt/airflow/dags/02_xcom_dag.py for tasks to queue
[2026-08-30T16:05:51.477+0000] {logging_mixin.py:190} INFO - [2026-08-30T16:05:51.477+0000] {dagbag.py:588} INFO - Filling up the DagBag from /opt/airflow/dags/02_xcom_dag.py
[2026-08-30T16:05:51.495+0000] {processor.py:925} INFO - DAG(s) 'xcom_dag' retrieved from /opt/airflow/dags/02_xcom_dag.py
[2026-08-30T16:05:51.526+0000] {logging_mixin.py:190} INFO - [2026-08-30T16:05:51.526+0000] {dag.py:3239} INFO - Sync 1 DAGs
[2026-08-30T16:05:51.538+0000] {logging_mixin.py:190} INFO - [2026-08-30T16:05:51.537+0000] {dag.py:4180} INFO - Setting next_dagrun for xcom_dag to None, run_after=None
[2026-08-30T16:05:51.551+0000] {processor.py:208} INFO - Processing /opt/airflow/dags/02_xcom_dag.py took 0.099 seconds
[2026-08-30T16:06:22.414+0000] {processor.py:186} INFO - Started process (PID=1319) to work on /opt/airflow/dags/02_xcom_dag.py
[2026-08-30T16:06:22.416+0000] {processor.py:914} INFO - Processing file /opt/airflow/dags/02_xcom_dag.py for tasks to queue
[2026-08-30T16:06:22.419+0000] {logging_mixin.py:190} INFO - [2026-08-30T16:06:22.419+0000] {dagbag.py:588} INFO - Filling up the DagBag from /opt/airflow/dags/02_xcom_dag.py
[2026-08-30T16:06:22.432+0000] {processor.py:925} INFO - DAG(s) 'xcom_dag' retrieved from /opt/airflow/dags/02_xcom_dag.py
[2026-08-30T16:06:22.458+0000] {logging_mixin.py:190} INFO - [2026-08-30T16:06:22.458+0000] {dag.py:3239} INFO - Sync 1 DAGs
[2026-08-30T16:06:22.471+0000] {logging_mixin.py:190} INFO - [2026-08-30T16:06:22.471+0000] {dag.py:4180} INFO - Setting next_dagrun for xcom_dag to None, run_after=None
[2026-08-30T16:06:22.485+0000] {processor.py:208} INFO - Processing /opt/airflow/dags/02_xcom_dag.py took 0.091 seconds
[2026-08-30T16:06:53.237+0000] {processor.py:186} INFO - Started process (PID=1331) to work on /opt/airflow/dags/02_xcom_dag.py
[2026-08-30T16:06:53.239+0000] {processor.py:914} INFO - Processing file /opt/airflow/dags/02_xcom_dag.py for tasks to queue
[2026-08-30T16:06:53.242+0000] {logging_mixin.py:190} INFO - [2026-08-30T16:06:53.242+0000] {dagbag.py:588} INFO - Filling up the DagBag from /opt/airflow/dags/02_xcom_dag.py
[2026-08-30T16:06:53.265+0000] {processor.py:925} INFO - DAG(s) 'xcom_dag' retrieved from /opt/airflow/dags/02_xcom_dag.py
[2026-08-30T16:06:53.294+0000] {logging_mixin.py:190} INFO - [2026-08-30T16:06:53.294+0000] {dag.py:3239} INFO - Sync 1 DAGs
[2026-08-30T16:06:53.303+0000] {logging_mixin.py:190} INFO - [2026-08-30T16:06:53.303+0000] {dag.py:4180} INFO - Setting next_dagrun for xcom_dag to None, run_after=None
[2026-08-30T16:06:53.317+0000] {processor.py:208} INFO - Processing /opt/airflow/dags/02_xcom_dag.py took 0.090 seconds
[2026-08-30T16:07:24.140+0000] {processor.py:186} INFO - Started process (PID=1343) to work on /opt/airflow/dags/02_xcom_dag.py
[2026-08-30T16:07:24.145+0000] {processor.py:914} INFO - Processing file /opt/airflow/dags/02_xcom_dag.py for tasks to queue
[2026-08-30T16:07:24.147+0000] {logging_mixin.py:190} INFO - [2026-08-30T16:07:24.147+0000] {dagbag.py:588} INFO - Filling up the DagBag from /opt/airflow/dags/02_xcom_dag.py
[2026-08-30T16:07:24.161+0000] {processor.py:925} INFO - DAG(s) 'xcom_dag' retrieved from /opt/airflow/dags/02_xcom_dag.py
[2026-08-30T16:07:24.197+0000] {logging_mixin.py:190} INFO - [2026-08-30T16:07:24.197+0000] {dag.py:3239} INFO - Sync 1 DAGs
[2026-08-30T16:07:24.206+0000] {logging_mixin.py:190} INFO - [2026-08-30T16:07:24.206+0000] {dag.py:4180} INFO - Setting next_dagrun for xcom_dag to None, run_after=None
[2026-08-30T16:07:24.221+0000] {processor.py:208} INFO - Processing /opt/airflow/dags/02_xcom_dag.py took 0.093 seconds
[2026-08-30T16:07:54.917+0000] {processor.py:186} INFO - Started process (PID=1355) to work on /opt/airflow/dags/02_xcom_dag.py
[2026-08-30T16:07:54.920+0000] {processor.py:914} INFO - Processing file /opt/airflow/dags/02_xcom_dag.py for tasks to queue
[2026-08-30T16:07:54.924+0000] {logging_mixin.py:190} INFO - [2026-08-30T16:07:54.924+0000] {dagbag.py:588} INFO - Filling up the DagBag from /opt/airflow/dags/02_xcom_dag.py
[2026-08-30T16:07:54.938+0000] {processor.py:925} INFO - DAG(s) 'xcom_dag' retrieved from /opt/airflow/dags/02_xcom_dag.py
[2026-08-30T16:07:54.964+0000] {logging_mixin.py:190} INFO - [2026-08-30T16:07:54.964+0000] {dag.py:3239} INFO - Sync 1 DAGs
[2026-08-30T16:07:54.974+0000] {logging_mixin.py:190} INFO - [2026-08-30T16:07:54.974+0000] {dag.py:4180} INFO - Setting next_dagrun for xcom_dag to None, run_after=None
[2026-08-30T16:07:54.987+0000] {processor.py:208} INFO - Processing /opt/airflow/dags/02_xcom_dag.py took 0.080 seconds
[2026-08-30T16:08:25.739+0000] {processor.py:186} INFO - Started process (PID=1367) to work on /opt/airflow/dags/02_xcom_dag.py
[2026-08-30T16:08:25.740+0000] {processor.py:914} INFO - Processing file /opt/airflow/dags/02_xcom_dag.py for tasks to queue
[2026-08-30T16:08:25.744+0000] {logging_mixin.py:190} INFO - [2026-08-30T16:08:25.744+0000] {dagbag.py:588} INFO - Filling up the DagBag from /opt/airflow/dags/02_xcom_dag.py
[2026-08-30T16:08:25.755+0000] {processor.py:925} INFO - DAG(s) 'xcom_dag' retrieved from /opt/airflow/dags/02_xcom_dag.py
[2026-08-30T16:08:25.786+0000] {logging_mixin.py:190} INFO - [2026-08-30T16:08:25.785+0000] {dag.py:3239} INFO - Sync 1 DAGs
[2026-08-30T16:08:25.809+0000] {logging_mixin.py:190} INFO - [2026-08-30T16:08:25.808+0000] {dag.py:4180} INFO - Setting next_dagrun for xcom_dag to None, run_after=None
[2026-08-30T16:08:25.846+0000] {processor.py:208} INFO - Processing /opt/airflow/dags/02_xcom_dag.py took 0.113 seconds
[2026-08-30T16:08:56.602+0000] {processor.py:186} INFO - Started process (PID=1379) to work on /opt/airflow/dags/02_xcom_dag.py
[2026-08-30T16:08:56.603+0000] {processor.py:914} INFO - Processing file /opt/airflow/dags/02_xcom_dag.py for tasks to queue
[2026-08-30T16:08:56.606+0000] {logging_mixin.py:190} INFO - [2026-08-30T16:08:56.605+0000] {dagbag.py:588} INFO - Filling up the DagBag from /opt/airflow/dags/02_xcom_dag.py
[2026-08-30T16:08:56.625+0000] {processor.py:925} INFO - DAG(s) 'xcom_dag' retrieved from /opt/airflow/dags/02_xcom_dag.py
[2026-08-30T16:08:56.652+0000] {logging_mixin.py:190} INFO - [2026-08-30T16:08:56.652+0000] {dag.py:3239} INFO - Sync 1 DAGs
[2026-08-30T16:08:56.661+0000] {logging_mixin.py:190} INFO - [2026-08-30T16:08:56.661+0000] {dag.py:4180} INFO - Setting next_dagrun for xcom_dag to None, run_after=None
[2026-08-30T16:08:56.674+0000] {processor.py:208} INFO - Processing /opt/airflow/dags/02_xcom_dag.py took 0.081 seconds
[2026-08-30T16:09:27.393+0000] {processor.py:186} INFO - Started process (PID=1391) to work on /opt/airflow/dags/02_xcom_dag.py
[2026-08-30T16:09:27.396+0000] {processor.py:914} INFO - Processing file /opt/airflow/dags/02_xcom_dag.py for tasks to queue
[2026-08-30T16:09:27.401+0000] {logging_mixin.py:190} INFO - [2026-08-30T16:09:27.400+0000] {dagbag.py:588} INFO - Filling up the DagBag from /opt/airflow/dags/02_xcom_dag.py
[2026-08-30T16:09:27.418+0000] {processor.py:925} INFO - DAG(s) 'xcom_dag' retrieved from /opt/airflow/dags/02_xcom_dag.py
[2026-08-30T16:09:27.455+0000] {logging_mixin.py:190} INFO - [2026-08-30T16:09:27.455+0000] {dag.py:3239} INFO - Sync 1 DAGs
[2026-08-30T16:09:27.465+0000] {logging_mixin.py:190} INFO - [2026-08-30T16:09:27.465+0000] {dag.py:4180} INFO - Setting next_dagrun for xcom_dag to None, run_after=None
[2026-08-30T16:09:27.478+0000] {processor.py:208} INFO - Processing /opt/airflow/dags/02_xcom_dag.py took 0.098 seconds
[2026-08-30T16:09:58.305+0000] {processor.py:186} INFO - Started process (PID=1403) to work on /opt/airflow/dags/02_xcom_dag.py
[2026-08-30T16:09:58.307+0000] {processor.py:914} INFO - Processing file /opt/airflow/dags/02_xcom_dag.py for tasks to queue
[2026-08-30T16:09:58.310+0000] {logging_mixin.py:190} INFO - [2026-08-30T16:09:58.310+0000] {dagbag.py:588} INFO - Filling up the DagBag from /opt/airflow/dags/02_xcom_dag.py
[2026-08-30T16:09:58.323+0000] {processor.py:925} INFO - DAG(s) 'xcom_dag' retrieved from /opt/airflow/dags/02_xcom_dag.py
[2026-08-30T16:09:58.360+0000] {logging_mixin.py:190} INFO - [2026-08-30T16:09:58.360+0000] {dag.py:3239} INFO - Sync 1 DAGs
[2026-08-30T16:09:58.373+0000] {logging_mixin.py:190} INFO - [2026-08-30T16:09:58.373+0000] {dag.py:4180} INFO - Setting next_dagrun for xcom_dag to None, run_after=None
[2026-08-30T16:09:58.394+0000] {processor.py:208} INFO - Processing /opt/airflow/dags/02_xcom_dag.py took 0.105 seconds
[2026-08-30T16:10:29.181+0000] {processor.py:186} INFO - Started process (PID=1415) to work on /opt/airflow/dags/02_xcom_dag.py
[2026-08-30T16:10:29.182+0000] {processor.py:914} INFO - Processing file /opt/airflow/dags/02_xcom_dag.py for tasks to queue
[2026-08-30T16:10:29.185+0000] {logging_mixin.py:190} INFO - [2026-08-30T16:10:29.185+0000] {dagbag.py:588} INFO - Filling up the DagBag from /opt/airflow/dags/02_xcom_dag.py
[2026-08-30T16:10:29.200+0000] {processor.py:925} INFO - DAG(s) 'xcom_dag' retrieved from /opt/airflow/dags/02_xcom_dag.py
[2026-08-30T16:10:29.222+0000] {logging_mixin.py:190} INFO - [2026-08-30T16:10:29.222+0000] {dag.py:3239} INFO - Sync 1 DAGs
[2026-08-30T16:10:29.230+0000] {logging_mixin.py:190} INFO - [2026-08-30T16:10:29.230+0000] {dag.py:4180} INFO - Setting next_dagrun for xcom_dag to None, run_after=None
[2026-08-30T16:10:29.242+0000] {processor.py:208} INFO - Processing /opt/airflow/dags/02_xcom_dag.py took 0.070 seconds
[2026-08-30T16:11:00.016+0000] {processor.py:186} INFO - Started process (PID=1427) to work on /opt/airflow/dags/02_xcom_dag.py
[2026-08-30T16:11:00.018+0000] {processor.py:914} INFO - Processing file /opt/airflow/dags/02_xcom_dag.py for tasks to queue
[2026-08-30T16:11:00.021+0000] {logging_mixin.py:190} INFO - [2026-08-30T16:11:00.020+0000] {dagbag.py:588} INFO - Filling up the DagBag from /opt/airflow/dags/02_xcom_dag.py
[2026-08-30T16:11:00.038+0000] {processor.py:925} INFO - DAG(s) 'xcom_dag' retrieved from /opt/airflow/dags/02_xcom_dag.py
[2026-08-30T16:11:00.067+0000] {logging_mixin.py:190} INFO - [2026-08-30T16:11:00.067+0000] {dag.py:3239} INFO - Sync 1 DAGs
[2026-08-30T16:11:00.080+0000] {logging_mixin.py:190} INFO - [2026-08-30T16:11:00.080+0000] {dag.py:4180} INFO - Setting next_dagrun for xcom_dag to None, run_after=None
[2026-08-30T16:11:00.095+0000] {processor.py:208} INFO - Processing /opt/airflow/dags/02_xcom_dag.py took 0.088 seconds
[2026-08-30T16:11:30.832+0000] {processor.py:186} INFO - Started process (PID=1439) to work on /opt/airflow/dags/02_xcom_dag.py
[2026-08-30T16:11:30.833+0000] {processor.py:914} INFO - Processing file /opt/airflow/dags/02_xcom_dag.py for tasks to queue
[2026-08-30T16:11:30.836+0000] {logging_mixin.py:190} INFO - [2026-08-30T16:11:30.835+0000] {dagbag.py:588} INFO - Filling up the DagBag from /opt/airflow/dags/02_xcom_dag.py
[2026-08-30T16:11:30.854+0000] {processor.py:925} INFO - DAG(s) 'xcom_dag' retrieved from /opt/airflow/dags/02_xcom_dag.py
[2026-08-30T16:11:30.879+0000] {logging_mixin.py:190} INFO - [2026-08-30T16:11:30.879+0000] {dag.py:3239} INFO - Sync 1 DAGs
[2026-08-30T16:11:30.889+0000] {logging_mixin.py:190} INFO - [2026-08-30T16:11:30.889+0000] {dag.py:4180} INFO - Setting next_dagrun for xcom_dag to None, run_after=None
[2026-08-30T16:11:30.904+0000] {processor.py:208} INFO - Processing /opt/airflow/dags/02_xcom_dag.py took 0.080 seconds
[2026-08-30T16:12:01.075+0000] {processor.py:186} INFO - Started process (PID=1451) to work on /opt/airflow/dags/02_xcom_dag.py
[2026-08-30T16:12:01.076+0000] {processor.py:914} INFO - Processing file /opt/airflow/dags/02_xcom_dag.py for tasks to queue
[2026-08-30T16:12:01.077+0000] {logging_mixin.py:190} INFO - [2026-08-30T16:12:01.077+0000] {dagbag.py:588} INFO - Filling up the DagBag from /opt/airflow/dags/02_xcom_dag.py
[2026-08-30T16:12:01.087+0000] {processor.py:925} INFO - DAG(s) 'xcom_dag' retrieved from /opt/airflow/dags/02_xcom_dag.py
[2026-08-30T16:12:01.109+0000] {logging_mixin.py:190} INFO - [2026-08-30T16:12:01.109+0000] {dag.py:3239} INFO - Sync 1 DAGs
[2026-08-30T16:12:01.118+0000] {logging_mixin.py:190} INFO - [2026-08-30T16:12:01.118+0000] {dag.py:4180} INFO - Setting next_dagrun for xcom_dag to None, run_after=None
[2026-08-30T16:12:01.243+0000] {processor.py:208} INFO - Processing /opt/airflow/dags/02_xcom_dag.py took 0.172 seconds
[2026-08-30T16:12:31.834+0000] {processor.py:186} INFO - Started process (PID=1463) to work on /opt/airflow/dags/02_xcom_dag.py
[2026-08-30T16:12:31.835+0000] {processor.py:914} INFO - Processing file /opt/airflow/dags/02_xcom_dag.py for tasks to queue
[2026-08-30T16:12:31.837+0000] {logging_mixin.py:190} INFO - [2026-08-30T16:12:31.837+0000] {dagbag.py:588} INFO - Filling up the DagBag from /opt/airflow/dags/02_xcom_dag.py
[2026-08-30T16:12:31.846+0000] {processor.py:925} INFO - DAG(s) 'xcom_dag' retrieved from /opt/airflow/dags/02_xcom_dag.py
[2026-08-30T16:12:31.878+0000] {logging_mixin.py:190} INFO - [2026-08-30T16:12:31.878+0000] {dag.py:3239} INFO - Sync 1 DAGs
[2026-08-30T16:12:31.895+0000] {logging_mixin.py:190} INFO - [2026-08-30T16:12:31.895+0000] {dag.py:4180} INFO - Setting next_dagrun for xcom_dag to None, run_after=None
[2026-08-30T16:12:31.908+0000] {processor.py:208} INFO - Processing /opt/airflow/dags/02_xcom_dag.py took 0.080 seconds
[2026-08-30T16:13:02.650+0000] {processor.py:186} INFO - Started process (PID=1481) to work on /opt/airflow/dags/02_xcom_dag.py
[2026-08-30T16:13:02.651+0000] {processor.py:914} INFO - Processing file /opt/airflow/dags/02_xcom_dag.py for tasks to queue
[2026-08-30T16:13:02.652+0000] {logging_mixin.py:190} INFO - [2026-08-30T16:13:02.652+0000] {dagbag.py:588} INFO - Filling up the DagBag from /opt/airflow/dags/02_xcom_dag.py
[2026-08-30T16:13:02.661+0000] {processor.py:925} INFO - DAG(s) 'xcom_dag' retrieved from /opt/airflow/dags/02_xcom_dag.py
[2026-08-30T16:13:02.686+0000] {logging_mixin.py:190} INFO - [2026-08-30T16:13:02.686+0000] {dag.py:3239} INFO - Sync 1 DAGs
[2026-08-30T16:13:02.696+0000] {logging_mixin.py:190} INFO - [2026-08-30T16:13:02.696+0000] {dag.py:4180} INFO - Setting next_dagrun for xcom_dag to None, run_after=None
[2026-08-30T16:13:02.710+0000] {processor.py:208} INFO - Processing /opt/airflow/dags/02_xcom_dag.py took 0.065 seconds
[2026-08-30T16:13:33.828+0000] {processor.py:186} INFO - Started process (PID=1493) to work on /opt/airflow/dags/02_xcom_dag.py
[2026-08-30T16:13:33.829+0000] {processor.py:914} INFO - Processing file /opt/airflow/dags/02_xcom_dag.py for tasks to queue
[2026-08-30T16:13:33.832+0000] {logging_mixin.py:190} INFO - [2026-08-30T16:13:33.832+0000] {dagbag.py:588} INFO - Filling up the DagBag from /opt/airflow/dags/02_xcom_dag.py
[2026-08-30T16:13:33.846+0000] {processor.py:925} INFO - DAG(s) 'xcom_dag' retrieved from /opt/airflow/dags/02_xcom_dag.py
[2026-08-30T16:13:33.871+0000] {logging_mixin.py:190} INFO - [2026-08-30T16:13:33.871+0000] {dag.py:3239} INFO - Sync 1 DAGs
[2026-08-30T16:13:33.880+0000] {logging_mixin.py:190} INFO - [2026-08-30T16:13:33.880+0000] {dag.py:4180} INFO - Setting next_dagrun for xcom_dag to None, run_after=None
[2026-08-30T16:13:34.004+0000] {processor.py:208} INFO - Processing /opt/airflow/dags/02_xcom_dag.py took 0.181 seconds
[2026-08-30T16:14:04.417+0000] {processor.py:186} INFO - Started process (PID=1505) to work on /opt/airflow/dags/02_xcom_dag.py
[2026-08-30T16:14:04.417+0000] {processor.py:914} INFO - Processing file /opt/airflow/dags/02_xcom_dag.py for tasks to queue
[2026-08-30T16:14:04.419+0000] {logging_mixin.py:190} INFO - [2026-08-30T16:14:04.419+0000] {dagbag.py:588} INFO - Filling up the DagBag from /opt/airflow/dags/02_xcom_dag.py
[2026-08-30T16:14:04.426+0000] {processor.py:925} INFO - DAG(s) 'xcom_dag' retrieved from /opt/airflow/dags/02_xcom_dag.py
[2026-08-30T16:14:04.449+0000] {logging_mixin.py:190} INFO - [2026-08-30T16:14:04.449+0000] {dag.py:3239} INFO - Sync 1 DAGs
[2026-08-30T16:14:04.574+0000] {logging_mixin.py:190} INFO - [2026-08-30T16:14:04.574+0000] {dag.py:4180} INFO - Setting next_dagrun for xcom_dag to None, run_after=None
[2026-08-30T16:14:04.587+0000] {processor.py:208} INFO - Processing /opt/airflow/dags/02_xcom_dag.py took 0.174 seconds
[2026-08-30T16:14:34.909+0000] {processor.py:186} INFO - Started process (PID=1518) to work on /opt/airflow/dags/02_xcom_dag.py
[2026-08-30T16:14:34.910+0000] {processor.py:914} INFO - Processing file /opt/airflow/dags/02_xcom_dag.py for tasks to queue
[2026-08-30T16:14:34.912+0000] {logging_mixin.py:190} INFO - [2026-08-30T16:14:34.912+0000] {dagbag.py:588} INFO - Filling up the DagBag from /opt/airflow/dags/02_xcom_dag.py
[2026-08-30T16:14:34.923+0000] {processor.py:925} INFO - DAG(s) 'xcom_dag' retrieved from /opt/airflow/dags/02_xcom_dag.py
[2026-08-30T16:14:34.949+0000] {logging_mixin.py:190} INFO - [2026-08-30T16:14:34.949+0000] {dag.py:3239} INFO - Sync 1 DAGs
[2026-08-30T16:14:34.959+0000] {logging_mixin.py:190} INFO - [2026-08-30T16:14:34.959+0000] {dag.py:4180} INFO - Setting next_dagrun for xcom_dag to None, run_after=None
[2026-08-30T16:14:34.974+0000] {processor.py:208} INFO - Processing /opt/airflow/dags/02_xcom_dag.py took 0.073 seconds
[2026-08-30T16:15:05.728+0000] {processor.py:186} INFO - Started process (PID=1530) to work on /opt/airflow/dags/02_xcom_dag.py
[2026-08-30T16:15:05.729+0000] {processor.py:914} INFO - Processing file /opt/airflow/dags/02_xcom_dag.py for tasks to queue
[2026-08-30T16:15:05.731+0000] {logging_mixin.py:190} INFO - [2026-08-30T16:15:05.730+0000] {dagbag.py:588} INFO - Filling up the DagBag from /opt/airflow/dags/02_xcom_dag.py
[2026-08-30T16:15:05.738+0000] {processor.py:925} INFO - DAG(s) 'xcom_dag' retrieved from /opt/airflow/dags/02_xcom_dag.py
[2026-08-30T16:15:05.771+0000] {logging_mixin.py:190} INFO - [2026-08-30T16:15:05.771+0000] {dag.py:3239} INFO - Sync 1 DAGs
[2026-08-30T16:15:05.785+0000] {logging_mixin.py:190} INFO - [2026-08-30T16:15:05.785+0000] {dag.py:4180} INFO - Setting next_dagrun for xcom_dag to None, run_after=None
[2026-08-30T16:15:05.801+0000] {processor.py:208} INFO - Processing /opt/airflow/dags/02_xcom_dag.py took 0.078 seconds
[2026-08-30T16:15:36.507+0000] {processor.py:186} INFO - Started process (PID=1542) to work on /opt/airflow/dags/02_xcom_dag.py
[2026-08-30T16:15:36.508+0000] {processor.py:914} INFO - Processing file /opt/airflow/dags/02_xcom_dag.py for tasks to queue
[2026-08-30T16:15:36.510+0000] {logging_mixin.py:190} INFO - [2026-08-30T16:15:36.509+0000] {dagbag.py:588} INFO - Filling up the DagBag from /opt/airflow/dags/02_xcom_dag.py
[2026-08-30T16:15:36.520+0000] {processor.py:925} INFO - DAG(s) 'xcom_dag' retrieved from /opt/airflow/dags/02_xcom_dag.py
[2026-08-30T16:15:36.555+0000] {logging_mixin.py:190} INFO - [2026-08-30T16:15:36.555+0000] {dag.py:3239} INFO - Sync 1 DAGs
[2026-08-30T16:15:36.566+0000] {logging_mixin.py:190} INFO - [2026-08-30T16:15:36.566+0000] {dag.py:4180} INFO - Setting next_dagrun for xcom_dag to None, run_after=None
[2026-08-30T16:15:36.584+0000] {processor.py:208} INFO - Processing /opt/airflow/dags/02_xcom_dag.py took 0.082 seconds
[2026-08-30T16:16:07.203+0000] {processor.py:186} INFO - Started process (PID=1554) to work on /opt/airflow/dags/02_xcom_dag.py
[2026-08-30T16:16:07.204+0000] {processor.py:914} INFO - Processing file /opt/airflow/dags/02_xcom_dag.py for tasks to queue
[2026-08-30T16:16:07.207+0000] {logging_mixin.py:190} INFO - [2026-08-30T16:16:07.206+0000] {dagbag.py:588} INFO - Filling up the DagBag from /opt/airflow/dags/02_xcom_dag.py
[2026-08-30T16:16:07.218+0000] {processor.py:925} INFO - DAG(s) 'xcom_dag' retrieved from /opt/airflow/dags/02_xcom_dag.py
[2026-08-30T16:16:07.246+0000] {logging_mixin.py:190} INFO - [2026-08-30T16:16:07.246+0000] {dag.py:3239} INFO - Sync 1 DAGs
[2026-08-30T16:16:07.257+0000] {logging_mixin.py:190} INFO - [2026-08-30T16:16:07.257+0000] {dag.py:4180} INFO - Setting next_dagrun for xcom_dag to None, run_after=None
[2026-08-30T16:16:07.276+0000] {processor.py:208} INFO - Processing /opt/airflow/dags/02_xcom_dag.py took 0.079 seconds
[2026-08-30T16:16:38.022+0000] {processor.py:186} INFO - Started process (PID=1566) to work on /opt/airflow/dags/02_xcom_dag.py
[2026-08-30T16:16:38.023+0000] {processor.py:914} INFO - Processing file /opt/airflow/dags/02_xcom_dag.py for tasks to queue
[2026-08-30T16:16:38.026+0000] {logging_mixin.py:190} INFO - [2026-08-30T16:16:38.025+0000] {dagbag.py:588} INFO - Filling up the DagBag from /opt/airflow/dags/02_xcom_dag.py
[2026-08-30T16:16:38.033+0000] {processor.py:925} INFO - DAG(s) 'xcom_dag' retrieved from /opt/airflow/dags/02_xcom_dag.py
[2026-08-30T16:16:38.053+0000] {logging_mixin.py:190} INFO - [2026-08-30T16:16:38.052+0000] {dag.py:3239} INFO - Sync 1 DAGs
[2026-08-30T16:16:38.064+0000] {logging_mixin.py:190} INFO - [2026-08-30T16:16:38.064+0000] {dag.py:4180} INFO - Setting next_dagrun for xcom_dag to None, run_after=None
[2026-08-30T16:16:38.089+0000] {processor.py:208} INFO - Processing /opt/airflow/dags/02_xcom_dag.py took 0.072 seconds
[2026-08-30T16:17:08.901+0000] {processor.py:186} INFO - Started process (PID=1578) to work on /opt/airflow/dags/02_xcom_dag.py
[2026-08-30T16:17:08.902+0000] {processor.py:914} INFO - Processing file /opt/airflow/dags/02_xcom_dag.py for tasks to queue
[2026-08-30T16:17:08.903+0000] {logging_mixin.py:190} INFO - [2026-08-30T16:17:08.903+0000] {dagbag.py:588} INFO - Filling up the DagBag from /opt/airflow/dags/02_xcom_dag.py
[2026-08-30T16:17:08.911+0000] {processor.py:925} INFO - DAG(s) 'xcom_dag' retrieved from /opt/airflow/dags/02_xcom_dag.py
[2026-08-30T16:17:08.934+0000] {logging_mixin.py:190} INFO - [2026-08-30T16:17:08.934+0000] {dag.py:3239} INFO - Sync 1 DAGs
[2026-08-30T16:17:08.949+0000] {logging_mixin.py:190} INFO - [2026-08-30T16:17:08.949+0000] {dag.py:4180} INFO - Setting next_dagrun for xcom_dag to None, run_after=None
[2026-08-30T16:17:08.963+0000] {processor.py:208} INFO - Processing /opt/airflow/dags/02_xcom_dag.py took 0.067 seconds
[2026-08-30T16:17:39.634+0000] {processor.py:186} INFO - Started process (PID=1590) to work on /opt/airflow/dags/02_xcom_dag.py
[2026-08-30T16:17:39.635+0000] {processor.py:914} INFO - Processing file /opt/airflow/dags/02_xcom_dag.py for tasks to queue
[2026-08-30T16:17:39.638+0000] {logging_mixin.py:190} INFO - [2026-08-30T16:17:39.636+0000] {dagbag.py:588} INFO - Filling up the DagBag from /opt/airflow/dags/02_xcom_dag.py
[2026-08-30T16:17:39.649+0000] {processor.py:925} INFO - DAG(s) 'xcom_dag' retrieved from /opt/airflow/dags/02_xcom_dag.py
[2026-08-30T16:17:39.681+0000] {logging_mixin.py:190} INFO - [2026-08-30T16:17:39.680+0000] {dag.py:3239} INFO - Sync 1 DAGs
[2026-08-30T16:17:39.692+0000] {logging_mixin.py:190} INFO - [2026-08-30T16:17:39.692+0000] {dag.py:4180} INFO - Setting next_dagrun for xcom_dag to None, run_after=None
[2026-08-30T16:17:39.703+0000] {processor.py:208} INFO - Processing /opt/airflow/dags/02_xcom_dag.py took 0.073 seconds
[2026-08-30T16:18:10.524+0000] {processor.py:186} INFO - Started process (PID=1602) to work on /opt/airflow/dags/02_xcom_dag.py
[2026-08-30T16:18:10.525+0000] {processor.py:914} INFO - Processing file /opt/airflow/dags/02_xcom_dag.py for tasks to queue
[2026-08-30T16:18:10.528+0000] {logging_mixin.py:190} INFO - [2026-08-30T16:18:10.527+0000] {dagbag.py:588} INFO - Filling up the DagBag from /opt/airflow/dags/02_xcom_dag.py
[2026-08-30T16:18:10.535+0000] {processor.py:925} INFO - DAG(s) 'xcom_dag' retrieved from /opt/airflow/dags/02_xcom_dag.py
[2026-08-30T16:18:10.559+0000] {logging_mixin.py:190} INFO - [2026-08-30T16:18:10.559+0000] {dag.py:3239} INFO - Sync 1 DAGs
[2026-08-30T16:18:10.569+0000] {logging_mixin.py:190} INFO - [2026-08-30T16:18:10.569+0000] {dag.py:4180} INFO - Setting next_dagrun for xcom_dag to None, run_after=None
[2026-08-30T16:18:10.582+0000] {processor.py:208} INFO - Processing /opt/airflow/dags/02_xcom_dag.py took 0.064 seconds
[2026-08-30T16:18:41.211+0000] {processor.py:186} INFO - Started process (PID=1614) to work on /opt/airflow/dags/02_xcom_dag.py
[2026-08-30T16:18:41.212+0000] {processor.py:914} INFO - Processing file /opt/airflow/dags/02_xcom_dag.py for tasks to queue
[2026-08-30T16:18:41.214+0000] {logging_mixin.py:190} INFO - [2026-08-30T16:18:41.214+0000] {dagbag.py:588} INFO - Filling up the DagBag from /opt/airflow/dags/02_xcom_dag.py
[2026-08-30T16:18:41.222+0000] {processor.py:925} INFO - DAG(s) 'xcom_dag' retrieved from /opt/airflow/dags/02_xcom_dag.py
[2026-08-30T16:18:41.248+0000] {logging_mixin.py:190} INFO - [2026-08-30T16:18:41.248+0000] {dag.py:3239} INFO - Sync 1 DAGs
[2026-08-30T16:18:41.258+0000] {logging_mixin.py:190} INFO - [2026-08-30T16:18:41.257+0000] {dag.py:4180} INFO - Setting next_dagrun for xcom_dag to None, run_after=None
[2026-08-30T16:18:41.270+0000] {processor.py:208} INFO - Processing /opt/airflow/dags/02_xcom_dag.py took 0.063 seconds
[2026-08-30T16:19:12.189+0000] {processor.py:186} INFO - Started process (PID=1626) to work on /opt/airflow/dags/02_xcom_dag.py
[2026-08-30T16:19:12.190+0000] {processor.py:914} INFO - Processing file /opt/airflow/dags/02_xcom_dag.py for tasks to queue
[2026-08-30T16:19:12.191+0000] {logging_mixin.py:190} INFO - [2026-08-30T16:19:12.191+0000] {dagbag.py:588} INFO - Filling up the DagBag from /opt/airflow/dags/02_xcom_dag.py
[2026-08-30T16:19:12.204+0000] {processor.py:925} INFO - DAG(s) 'xcom_dag' retrieved from /opt/airflow/dags/02_xcom_dag.py
[2026-08-30T16:19:12.233+0000] {logging_mixin.py:190} INFO - [2026-08-30T16:19:12.233+0000] {dag.py:3239} INFO - Sync 1 DAGs
[2026-08-30T16:19:12.246+0000] {logging_mixin.py:190} INFO - [2026-08-30T16:19:12.246+0000] {dag.py:4180} INFO - Setting next_dagrun for xcom_dag to None, run_after=None
[2026-08-30T16:19:12.264+0000] {processor.py:208} INFO - Processing /opt/airflow/dags/02_xcom_dag.py took 0.083 seconds
[2026-08-30T16:19:43.059+0000] {processor.py:186} INFO - Started process (PID=1638) to work on /opt/airflow/dags/02_xcom_dag.py
[2026-08-30T16:19:43.060+0000] {processor.py:914} INFO - Processing file /opt/airflow/dags/02_xcom_dag.py for tasks to queue
[2026-08-30T16:19:43.062+0000] {logging_mixin.py:190} INFO - [2026-08-30T16:19:43.061+0000] {dagbag.py:588} INFO - Filling up the DagBag from /opt/airflow/dags/02_xcom_dag.py
[2026-08-30T16:19:43.069+0000] {processor.py:925} INFO - DAG(s) 'xcom_dag' retrieved from /opt/airflow/dags/02_xcom_dag.py
[2026-08-30T16:19:43.091+0000] {logging_mixin.py:190} INFO - [2026-08-30T16:19:43.091+0000] {dag.py:3239} INFO - Sync 1 DAGs
[2026-08-30T16:19:43.101+0000] {logging_mixin.py:190} INFO - [2026-08-30T16:19:43.101+0000] {dag.py:4180} INFO - Setting next_dagrun for xcom_dag to None, run_after=None
[2026-08-30T16:19:43.111+0000] {processor.py:208} INFO - Processing /opt/airflow/dags/02_xcom_dag.py took 0.057 seconds
[2026-08-30T16:20:13.939+0000] {processor.py:186} INFO - Started process (PID=1650) to work on /opt/airflow/dags/02_xcom_dag.py
[2026-08-30T16:20:13.940+0000] {processor.py:914} INFO - Processing file /opt/airflow/dags/02_xcom_dag.py for tasks to queue
[2026-08-30T16:20:13.941+0000] {logging_mixin.py:190} INFO - [2026-08-30T16:20:13.941+0000] {dagbag.py:588} INFO - Filling up the DagBag from /opt/airflow/dags/02_xcom_dag.py
[2026-08-30T16:20:13.950+0000] {processor.py:925} INFO - DAG(s) 'xcom_dag' retrieved from /opt/airflow/dags/02_xcom_dag.py
[2026-08-30T16:20:13.974+0000] {logging_mixin.py:190} INFO - [2026-08-30T16:20:13.973+0000] {dag.py:3239} INFO - Sync 1 DAGs
[2026-08-30T16:20:13.981+0000] {logging_mixin.py:190} INFO - [2026-08-30T16:20:13.981+0000] {dag.py:4180} INFO - Setting next_dagrun for xcom_dag to None, run_after=None
[2026-08-30T16:20:13.998+0000] {processor.py:208} INFO - Processing /opt/airflow/dags/02_xcom_dag.py took 0.066 seconds
[2026-08-30T16:20:44.681+0000] {processor.py:186} INFO - Started process (PID=1662) to work on /opt/airflow/dags/02_xcom_dag.py
[2026-08-30T16:20:44.683+0000] {processor.py:914} INFO - Processing file /opt/airflow/dags/02_xcom_dag.py for tasks to queue
[2026-08-30T16:20:44.685+0000] {logging_mixin.py:190} INFO - [2026-08-30T16:20:44.685+0000] {dagbag.py:588} INFO - Filling up the DagBag from /opt/airflow/dags/02_xcom_dag.py
[2026-08-30T16:20:44.694+0000] {processor.py:925} INFO - DAG(s) 'xcom_dag' retrieved from /opt/airflow/dags/02_xcom_dag.py
[2026-08-30T16:20:44.712+0000] {logging_mixin.py:190} INFO - [2026-08-30T16:20:44.711+0000] {dag.py:3239} INFO - Sync 1 DAGs
[2026-08-30T16:20:44.718+0000] {logging_mixin.py:190} INFO - [2026-08-30T16:20:44.718+0000] {dag.py:4180} INFO - Setting next_dagrun for xcom_dag to None, run_after=None
[2026-08-30T16:20:44.751+0000] {processor.py:208} INFO - Processing /opt/airflow/dags/02_xcom_dag.py took 0.075 seconds
[2026-08-30T16:21:15.389+0000] {processor.py:186} INFO - Started process (PID=1674) to work on /opt/airflow/dags/02_xcom_dag.py
[2026-08-30T16:21:15.390+0000] {processor.py:914} INFO - Processing file /opt/airflow/dags/02_xcom_dag.py for tasks to queue
[2026-08-30T16:21:15.391+0000] {logging_mixin.py:190} INFO - [2026-08-30T16:21:15.391+0000] {dagbag.py:588} INFO - Filling up the DagBag from /opt/airflow/dags/02_xcom_dag.py
[2026-08-30T16:21:15.402+0000] {processor.py:925} INFO - DAG(s) 'xcom_dag' retrieved from /opt/airflow/dags/02_xcom_dag.py
[2026-08-30T16:21:15.424+0000] {logging_mixin.py:190} INFO - [2026-08-30T16:21:15.424+0000] {dag.py:3239} INFO - Sync 1 DAGs
[2026-08-30T16:21:15.432+0000] {logging_mixin.py:190} INFO - [2026-08-30T16:21:15.431+0000] {dag.py:4180} INFO - Setting next_dagrun for xcom_dag to None, run_after=None
[2026-08-30T16:21:15.445+0000] {processor.py:208} INFO - Processing /opt/airflow/dags/02_xcom_dag.py took 0.061 seconds
[2026-08-30T16:21:46.084+0000] {processor.py:186} INFO - Started process (PID=1686) to work on /opt/airflow/dags/02_xcom_dag.py
[2026-08-30T16:21:46.084+0000] {processor.py:914} INFO - Processing file /opt/airflow/dags/02_xcom_dag.py for tasks to queue
[2026-08-30T16:21:46.086+0000] {logging_mixin.py:190} INFO - [2026-08-30T16:21:46.085+0000] {dagbag.py:588} INFO - Filling up the DagBag from /opt/airflow/dags/02_xcom_dag.py
[2026-08-30T16:21:46.095+0000] {processor.py:925} INFO - DAG(s) 'xcom_dag' retrieved from /opt/airflow/dags/02_xcom_dag.py
[2026-08-30T16:21:46.129+0000] {logging_mixin.py:190} INFO - [2026-08-30T16:21:46.129+0000] {dag.py:3239} INFO - Sync 1 DAGs
[2026-08-30T16:21:46.142+0000] {logging_mixin.py:190} INFO - [2026-08-30T16:21:46.142+0000] {dag.py:4180} INFO - Setting next_dagrun for xcom_dag to None, run_after=None
[2026-08-30T16:21:46.154+0000] {processor.py:208} INFO - Processing /opt/airflow/dags/02_xcom_dag.py took 0.077 seconds
[2026-08-30T16:22:16.790+0000] {processor.py:186} INFO - Started process (PID=1698) to work on /opt/airflow/dags/02_xcom_dag.py
[2026-08-30T16:22:16.791+0000] {processor.py:914} INFO - Processing file /opt/airflow/dags/02_xcom_dag.py for tasks to queue
[2026-08-30T16:22:16.793+0000] {logging_mixin.py:190} INFO - [2026-08-30T16:22:16.793+0000] {dagbag.py:588} INFO - Filling up the DagBag from /opt/airflow/dags/02_xcom_dag.py
[2026-08-30T16:22:16.803+0000] {processor.py:925} INFO - DAG(s) 'xcom_dag' retrieved from /opt/airflow/dags/02_xcom_dag.py
[2026-08-30T16:22:16.831+0000] {logging_mixin.py:190} INFO - [2026-08-30T16:22:16.830+0000] {dag.py:3239} INFO - Sync 1 DAGs
[2026-08-30T16:22:16.843+0000] {logging_mixin.py:190} INFO - [2026-08-30T16:22:16.843+0000] {dag.py:4180} INFO - Setting next_dagrun for xcom_dag to None, run_after=None
[2026-08-30T16:22:16.859+0000] {processor.py:208} INFO - Processing /opt/airflow/dags/02_xcom_dag.py took 0.074 seconds
[2026-08-30T16:22:47.527+0000] {processor.py:186} INFO - Started process (PID=1710) to work on /opt/airflow/dags/02_xcom_dag.py
[2026-08-30T16:22:47.528+0000] {processor.py:914} INFO - Processing file /opt/airflow/dags/02_xcom_dag.py for tasks to queue
[2026-08-30T16:22:47.530+0000] {logging_mixin.py:190} INFO - [2026-08-30T16:22:47.529+0000] {dagbag.py:588} INFO - Filling up the DagBag from /opt/airflow/dags/02_xcom_dag.py
[2026-08-30T16:22:47.537+0000] {processor.py:925} INFO - DAG(s) 'xcom_dag' retrieved from /opt/airflow/dags/02_xcom_dag.py
[2026-08-30T16:22:47.558+0000] {logging_mixin.py:190} INFO - [2026-08-30T16:22:47.558+0000] {dag.py:3239} INFO - Sync 1 DAGs
[2026-08-30T16:22:47.567+0000] {logging_mixin.py:190} INFO - [2026-08-30T16:22:47.567+0000] {dag.py:4180} INFO - Setting next_dagrun for xcom_dag to None, run_after=None
[2026-08-30T16:22:47.584+0000] {processor.py:208} INFO - Processing /opt/airflow/dags/02_xcom_dag.py took 0.061 seconds
[2026-08-30T16:23:18.283+0000] {processor.py:186} INFO - Started process (PID=1722) to work on /opt/airflow/dags/02_xcom_dag.py
[2026-08-30T16:23:18.284+0000] {processor.py:914} INFO - Processing file /opt/airflow/dags/02_xcom_dag.py for tasks to queue
[2026-08-30T16:23:18.286+0000] {logging_mixin.py:190} INFO - [2026-08-30T16:23:18.286+0000] {dagbag.py:588} INFO - Filling up the DagBag from /opt/airflow/dags/02_xcom_dag.py
[2026-08-30T16:23:18.293+0000] {processor.py:925} INFO - DAG(s) 'xcom_dag' retrieved from /opt/airflow/dags/02_xcom_dag.py
[2026-08-30T16:23:18.316+0000] {logging_mixin.py:190} INFO - [2026-08-30T16:23:18.316+0000] {dag.py:3239} INFO - Sync 1 DAGs
[2026-08-30T16:23:18.325+0000] {logging_mixin.py:190} INFO - [2026-08-30T16:23:18.325+0000] {dag.py:4180} INFO - Setting next_dagrun for xcom_dag to None, run_after=None
[2026-08-30T16:23:18.336+0000] {processor.py:208} INFO - Processing /opt/airflow/dags/02_xcom_dag.py took 0.058 seconds
[2026-08-30T16:23:49.132+0000] {processor.py:186} INFO - Started process (PID=1734) to work on /opt/airflow/dags/02_xcom_dag.py
[2026-08-30T16:23:49.133+0000] {processor.py:914} INFO - Processing file /opt/airflow/dags/02_xcom_dag.py for tasks to queue
[2026-08-30T16:23:49.137+0000] {logging_mixin.py:190} INFO - [2026-08-30T16:23:49.137+0000] {dagbag.py:588} INFO - Filling up the DagBag from /opt/airflow/dags/02_xcom_dag.py
[2026-08-30T16:23:49.149+0000] {processor.py:925} INFO - DAG(s) 'xcom_dag' retrieved from /opt/airflow/dags/02_xcom_dag.py
[2026-08-30T16:23:49.177+0000] {logging_mixin.py:190} INFO - [2026-08-30T16:23:49.177+0000] {dag.py:3239} INFO - Sync 1 DAGs
[2026-08-30T16:23:49.193+0000] {logging_mixin.py:190} INFO - [2026-08-30T16:23:49.192+0000] {dag.py:4180} INFO - Setting next_dagrun for xcom_dag to None, run_after=None
[2026-08-30T16:23:49.204+0000] {processor.py:208} INFO - Processing /opt/airflow/dags/02_xcom_dag.py took 0.078 seconds
[2026-08-30T16:24:19.863+0000] {processor.py:186} INFO - Started process (PID=1746) to work on /opt/airflow/dags/02_xcom_dag.py
[2026-08-30T16:24:19.864+0000] {processor.py:914} INFO - Processing file /opt/airflow/dags/02_xcom_dag.py for tasks to queue
[2026-08-30T16:24:19.866+0000] {logging_mixin.py:190} INFO - [2026-08-30T16:24:19.866+0000] {dagbag.py:588} INFO - Filling up the DagBag from /opt/airflow/dags/02_xcom_dag.py
[2026-08-30T16:24:19.878+0000] {processor.py:925} INFO - DAG(s) 'xcom_dag' retrieved from /opt/airflow/dags/02_xcom_dag.py
[2026-08-30T16:24:19.902+0000] {logging_mixin.py:190} INFO - [2026-08-30T16:24:19.902+0000] {dag.py:3239} INFO - Sync 1 DAGs
[2026-08-30T16:24:19.916+0000] {logging_mixin.py:190} INFO - [2026-08-30T16:24:19.916+0000] {dag.py:4180} INFO - Setting next_dagrun for xcom_dag to None, run_after=None
[2026-08-30T16:24:19.926+0000] {processor.py:208} INFO - Processing /opt/airflow/dags/02_xcom_dag.py took 0.067 seconds
[2026-08-30T16:24:50.749+0000] {processor.py:186} INFO - Started process (PID=1758) to work on /opt/airflow/dags/02_xcom_dag.py
[2026-08-30T16:24:50.750+0000] {processor.py:914} INFO - Processing file /opt/airflow/dags/02_xcom_dag.py for tasks to queue
[2026-08-30T16:24:50.752+0000] {logging_mixin.py:190} INFO - [2026-08-30T16:24:50.752+0000] {dagbag.py:588} INFO - Filling up the DagBag from /opt/airflow/dags/02_xcom_dag.py
[2026-08-30T16:24:50.760+0000] {processor.py:925} INFO - DAG(s) 'xcom_dag' retrieved from /opt/airflow/dags/02_xcom_dag.py
[2026-08-30T16:24:50.785+0000] {logging_mixin.py:190} INFO - [2026-08-30T16:24:50.785+0000] {dag.py:3239} INFO - Sync 1 DAGs
[2026-08-30T16:24:50.806+0000] {logging_mixin.py:190} INFO - [2026-08-30T16:24:50.806+0000] {dag.py:4180} INFO - Setting next_dagrun for xcom_dag to None, run_after=None
[2026-08-30T16:24:50.822+0000] {processor.py:208} INFO - Processing /opt/airflow/dags/02_xcom_dag.py took 0.080 seconds
[2026-08-30T16:25:21.442+0000] {processor.py:186} INFO - Started process (PID=1770) to work on /opt/airflow/dags/02_xcom_dag.py
[2026-08-30T16:25:21.444+0000] {processor.py:914} INFO - Processing file /opt/airflow/dags/02_xcom_dag.py for tasks to queue
[2026-08-30T16:25:21.446+0000] {logging_mixin.py:190} INFO - [2026-08-30T16:25:21.445+0000] {dagbag.py:588} INFO - Filling up the DagBag from /opt/airflow/dags/02_xcom_dag.py
[2026-08-30T16:25:21.458+0000] {processor.py:925} INFO - DAG(s) 'xcom_dag' retrieved from /opt/airflow/dags/02_xcom_dag.py
[2026-08-30T16:25:21.478+0000] {logging_mixin.py:190} INFO - [2026-08-30T16:25:21.478+0000] {dag.py:3239} INFO - Sync 1 DAGs
[2026-08-30T16:25:21.487+0000] {logging_mixin.py:190} INFO - [2026-08-30T16:25:21.487+0000] {dag.py:4180} INFO - Setting next_dagrun for xcom_dag to None, run_after=None
[2026-08-30T16:25:21.499+0000] {processor.py:208} INFO - Processing /opt/airflow/dags/02_xcom_dag.py took 0.062 seconds
[2026-08-30T16:25:52.168+0000] {processor.py:186} INFO - Started process (PID=1782) to work on /opt/airflow/dags/02_xcom_dag.py
[2026-08-30T16:25:52.169+0000] {processor.py:914} INFO - Processing file /opt/airflow/dags/02_xcom_dag.py for tasks to queue
[2026-08-30T16:25:52.171+0000] {logging_mixin.py:190} INFO - [2026-08-30T16:25:52.170+0000] {dagbag.py:588} INFO - Filling up the DagBag from /opt/airflow/dags/02_xcom_dag.py
[2026-08-30T16:25:52.178+0000] {processor.py:925} INFO - DAG(s) 'xcom_dag' retrieved from /opt/airflow/dags/02_xcom_dag.py
[2026-08-30T16:25:52.201+0000] {logging_mixin.py:190} INFO - [2026-08-30T16:25:52.201+0000] {dag.py:3239} INFO - Sync 1 DAGs
[2026-08-30T16:25:52.211+0000] {logging_mixin.py:190} INFO - [2026-08-30T16:25:52.210+0000] {dag.py:4180} INFO - Setting next_dagrun for xcom_dag to None, run_after=None
[2026-08-30T16:25:52.225+0000] {processor.py:208} INFO - Processing /opt/airflow/dags/02_xcom_dag.py took 0.062 seconds
[2026-08-30T16:26:22.858+0000] {processor.py:186} INFO - Started process (PID=1794) to work on /opt/airflow/dags/02_xcom_dag.py
[2026-08-30T16:26:22.859+0000] {processor.py:914} INFO - Processing file /opt/airflow/dags/02_xcom_dag.py for tasks to queue
[2026-08-30T16:26:22.861+0000] {logging_mixin.py:190} INFO - [2026-08-30T16:26:22.860+0000] {dagbag.py:588} INFO - Filling up the DagBag from /opt/airflow/dags/02_xcom_dag.py
[2026-08-30T16:26:22.869+0000] {processor.py:925} INFO - DAG(s) 'xcom_dag' retrieved from /opt/airflow/dags/02_xcom_dag.py
[2026-08-30T16:26:22.891+0000] {logging_mixin.py:190} INFO - [2026-08-30T16:26:22.891+0000] {dag.py:3239} INFO - Sync 1 DAGs
[2026-08-30T16:26:22.899+0000] {logging_mixin.py:190} INFO - [2026-08-30T16:26:22.899+0000] {dag.py:4180} INFO - Setting next_dagrun for xcom_dag to None, run_after=None
[2026-08-30T16:26:22.914+0000] {processor.py:208} INFO - Processing /opt/airflow/dags/02_xcom_dag.py took 0.061 seconds
[2026-08-30T16:26:53.605+0000] {processor.py:186} INFO - Started process (PID=1806) to work on /opt/airflow/dags/02_xcom_dag.py
[2026-08-30T16:26:53.606+0000] {processor.py:914} INFO - Processing file /opt/airflow/dags/02_xcom_dag.py for tasks to queue
[2026-08-30T16:26:53.608+0000] {logging_mixin.py:190} INFO - [2026-08-30T16:26:53.607+0000] {dagbag.py:588} INFO - Filling up the DagBag from /opt/airflow/dags/02_xcom_dag.py
[2026-08-30T16:26:53.616+0000] {processor.py:925} INFO - DAG(s) 'xcom_dag' retrieved from /opt/airflow/dags/02_xcom_dag.py
[2026-08-30T16:26:53.647+0000] {logging_mixin.py:190} INFO - [2026-08-30T16:26:53.647+0000] {dag.py:3239} INFO - Sync 1 DAGs
[2026-08-30T16:26:53.655+0000] {logging_mixin.py:190} INFO - [2026-08-30T16:26:53.655+0000] {dag.py:4180} INFO - Setting next_dagrun for xcom_dag to None, run_after=None
[2026-08-30T16:26:53.667+0000] {processor.py:208} INFO - Processing /opt/airflow/dags/02_xcom_dag.py took 0.073 seconds
[2026-08-30T16:27:24.412+0000] {processor.py:186} INFO - Started process (PID=1818) to work on /opt/airflow/dags/02_xcom_dag.py
[2026-08-30T16:27:24.413+0000] {processor.py:914} INFO - Processing file /opt/airflow/dags/02_xcom_dag.py for tasks to queue
[2026-08-30T16:27:24.415+0000] {logging_mixin.py:190} INFO - [2026-08-30T16:27:24.415+0000] {dagbag.py:588} INFO - Filling up the DagBag from /opt/airflow/dags/02_xcom_dag.py
[2026-08-30T16:27:24.422+0000] {processor.py:925} INFO - DAG(s) 'xcom_dag' retrieved from /opt/airflow/dags/02_xcom_dag.py
[2026-08-30T16:27:24.444+0000] {logging_mixin.py:190} INFO - [2026-08-30T16:27:24.443+0000] {dag.py:3239} INFO - Sync 1 DAGs
[2026-08-30T16:27:24.453+0000] {logging_mixin.py:190} INFO - [2026-08-30T16:27:24.453+0000] {dag.py:4180} INFO - Setting next_dagrun for xcom_dag to None, run_after=None
[2026-08-30T16:27:24.467+0000] {processor.py:208} INFO - Processing /opt/airflow/dags/02_xcom_dag.py took 0.059 seconds
[2026-08-30T16:27:55.166+0000] {processor.py:186} INFO - Started process (PID=1829) to work on /opt/airflow/dags/02_xcom_dag.py
[2026-08-30T16:27:55.167+0000] {processor.py:914} INFO - Processing file /opt/airflow/dags/02_xcom_dag.py for tasks to queue
[2026-08-30T16:27:55.169+0000] {logging_mixin.py:190} INFO - [2026-08-30T16:27:55.168+0000] {dagbag.py:588} INFO - Filling up the DagBag from /opt/airflow/dags/02_xcom_dag.py
[2026-08-30T16:27:55.178+0000] {processor.py:925} INFO - DAG(s) 'xcom_dag' retrieved from /opt/airflow/dags/02_xcom_dag.py
[2026-08-30T16:27:55.206+0000] {logging_mixin.py:190} INFO - [2026-08-30T16:27:55.206+0000] {dag.py:3239} INFO - Sync 1 DAGs
[2026-08-30T16:27:55.215+0000] {logging_mixin.py:190} INFO - [2026-08-30T16:27:55.215+0000] {dag.py:4180} INFO - Setting next_dagrun for xcom_dag to None, run_after=None
[2026-08-30T16:27:55.231+0000] {processor.py:208} INFO - Processing /opt/airflow/dags/02_xcom_dag.py took 0.069 seconds
[2026-08-30T16:28:26.008+0000] {processor.py:186} INFO - Started process (PID=1841) to work on /opt/airflow/dags/02_xcom_dag.py
[2026-08-30T16:28:26.011+0000] {processor.py:914} INFO - Processing file /opt/airflow/dags/02_xcom_dag.py for tasks to queue
[2026-08-30T16:28:26.014+0000] {logging_mixin.py:190} INFO - [2026-08-30T16:28:26.014+0000] {dagbag.py:588} INFO - Filling up the DagBag from /opt/airflow/dags/02_xcom_dag.py
[2026-08-30T16:28:26.034+0000] {processor.py:925} INFO - DAG(s) 'xcom_dag' retrieved from /opt/airflow/dags/02_xcom_dag.py
[2026-08-30T16:28:26.066+0000] {logging_mixin.py:190} INFO - [2026-08-30T16:28:26.066+0000] {dag.py:3239} INFO - Sync 1 DAGs
[2026-08-30T16:28:26.080+0000] {logging_mixin.py:190} INFO - [2026-08-30T16:28:26.080+0000] {dag.py:4180} INFO - Setting next_dagrun for xcom_dag to None, run_after=None
[2026-08-30T16:28:26.095+0000] {processor.py:208} INFO - Processing /opt/airflow/dags/02_xcom_dag.py took 0.102 seconds
[2026-08-30T16:28:56.840+0000] {processor.py:186} INFO - Started process (PID=1853) to work on /opt/airflow/dags/02_xcom_dag.py
[2026-08-30T16:28:56.840+0000] {processor.py:914} INFO - Processing file /opt/airflow/dags/02_xcom_dag.py for tasks to queue
[2026-08-30T16:28:56.842+0000] {logging_mixin.py:190} INFO - [2026-08-30T16:28:56.842+0000] {dagbag.py:588} INFO - Filling up the DagBag from /opt/airflow/dags/02_xcom_dag.py
[2026-08-30T16:28:56.849+0000] {processor.py:925} INFO - DAG(s) 'xcom_dag' retrieved from /opt/airflow/dags/02_xcom_dag.py
[2026-08-30T16:28:56.878+0000] {logging_mixin.py:190} INFO - [2026-08-30T16:28:56.878+0000] {dag.py:3239} INFO - Sync 1 DAGs
[2026-08-30T16:28:56.887+0000] {logging_mixin.py:190} INFO - [2026-08-30T16:28:56.887+0000] {dag.py:4180} INFO - Setting next_dagrun for xcom_dag to None, run_after=None
[2026-08-30T16:28:56.901+0000] {processor.py:208} INFO - Processing /opt/airflow/dags/02_xcom_dag.py took 0.066 seconds
[2026-08-30T16:29:27.628+0000] {processor.py:186} INFO - Started process (PID=1865) to work on /opt/airflow/dags/02_xcom_dag.py
[2026-08-30T16:29:27.629+0000] {processor.py:914} INFO - Processing file /opt/airflow/dags/02_xcom_dag.py for tasks to queue
[2026-08-30T16:29:27.630+0000] {logging_mixin.py:190} INFO - [2026-08-30T16:29:27.630+0000] {dagbag.py:588} INFO - Filling up the DagBag from /opt/airflow/dags/02_xcom_dag.py
[2026-08-30T16:29:27.639+0000] {processor.py:925} INFO - DAG(s) 'xcom_dag' retrieved from /opt/airflow/dags/02_xcom_dag.py
[2026-08-30T16:29:27.667+0000] {logging_mixin.py:190} INFO - [2026-08-30T16:29:27.667+0000] {dag.py:3239} INFO - Sync 1 DAGs
[2026-08-30T16:29:27.675+0000] {logging_mixin.py:190} INFO - [2026-08-30T16:29:27.675+0000] {dag.py:4180} INFO - Setting next_dagrun for xcom_dag to None, run_after=None
[2026-08-30T16:29:27.690+0000] {processor.py:208} INFO - Processing /opt/airflow/dags/02_xcom_dag.py took 0.068 seconds
[2026-08-30T16:29:58.307+0000] {processor.py:186} INFO - Started process (PID=1877) to work on /opt/airflow/dags/02_xcom_dag.py
[2026-08-30T16:29:58.308+0000] {processor.py:914} INFO - Processing file /opt/airflow/dags/02_xcom_dag.py for tasks to queue
[2026-08-30T16:29:58.310+0000] {logging_mixin.py:190} INFO - [2026-08-30T16:29:58.310+0000] {dagbag.py:588} INFO - Filling up the DagBag from /opt/airflow/dags/02_xcom_dag.py
[2026-08-30T16:29:58.320+0000] {processor.py:925} INFO - DAG(s) 'xcom_dag' retrieved from /opt/airflow/dags/02_xcom_dag.py
[2026-08-30T16:29:58.347+0000] {logging_mixin.py:190} INFO - [2026-08-30T16:29:58.347+0000] {dag.py:3239} INFO - Sync 1 DAGs
[2026-08-30T16:29:58.356+0000] {logging_mixin.py:190} INFO - [2026-08-30T16:29:58.355+0000] {dag.py:4180} INFO - Setting next_dagrun for xcom_dag to None, run_after=None
[2026-08-30T16:29:58.372+0000] {processor.py:208} INFO - Processing /opt/airflow/dags/02_xcom_dag.py took 0.071 seconds
[2026-08-30T16:30:29.026+0000] {processor.py:186} INFO - Started process (PID=1889) to work on /opt/airflow/dags/02_xcom_dag.py
[2026-08-30T16:30:29.027+0000] {processor.py:914} INFO - Processing file /opt/airflow/dags/02_xcom_dag.py for tasks to queue
[2026-08-30T16:30:29.028+0000] {logging_mixin.py:190} INFO - [2026-08-30T16:30:29.028+0000] {dagbag.py:588} INFO - Filling up the DagBag from /opt/airflow/dags/02_xcom_dag.py
[2026-08-30T16:30:29.038+0000] {processor.py:925} INFO - DAG(s) 'xcom_dag' retrieved from /opt/airflow/dags/02_xcom_dag.py
[2026-08-30T16:30:29.059+0000] {logging_mixin.py:190} INFO - [2026-08-30T16:30:29.059+0000] {dag.py:3239} INFO - Sync 1 DAGs
[2026-08-30T16:30:29.072+0000] {logging_mixin.py:190} INFO - [2026-08-30T16:30:29.072+0000] {dag.py:4180} INFO - Setting next_dagrun for xcom_dag to None, run_after=None
[2026-08-30T16:30:29.084+0000] {processor.py:208} INFO - Processing /opt/airflow/dags/02_xcom_dag.py took 0.062 seconds
[2026-08-30T16:30:59.726+0000] {processor.py:186} INFO - Started process (PID=1901) to work on /opt/airflow/dags/02_xcom_dag.py
[2026-08-30T16:30:59.729+0000] {processor.py:914} INFO - Processing file /opt/airflow/dags/02_xcom_dag.py for tasks to queue
[2026-08-30T16:30:59.735+0000] {logging_mixin.py:190} INFO - [2026-08-30T16:30:59.734+0000] {dagbag.py:588} INFO - Filling up the DagBag from /opt/airflow/dags/02_xcom_dag.py
[2026-08-30T16:30:59.753+0000] {processor.py:925} INFO - DAG(s) 'xcom_dag' retrieved from /opt/airflow/dags/02_xcom_dag.py
[2026-08-30T16:30:59.782+0000] {logging_mixin.py:190} INFO - [2026-08-30T16:30:59.782+0000] {dag.py:3239} INFO - Sync 1 DAGs
[2026-08-30T16:30:59.794+0000] {logging_mixin.py:190} INFO - [2026-08-30T16:30:59.794+0000] {dag.py:4180} INFO - Setting next_dagrun for xcom_dag to None, run_after=None
[2026-08-30T16:30:59.815+0000] {processor.py:208} INFO - Processing /opt/airflow/dags/02_xcom_dag.py took 0.096 seconds
[2026-08-30T16:31:30.413+0000] {processor.py:186} INFO - Started process (PID=1913) to work on /opt/airflow/dags/02_xcom_dag.py
[2026-08-30T16:31:30.414+0000] {processor.py:914} INFO - Processing file /opt/airflow/dags/02_xcom_dag.py for tasks to queue
[2026-08-30T16:31:30.415+0000] {logging_mixin.py:190} INFO - [2026-08-30T16:31:30.415+0000] {dagbag.py:588} INFO - Filling up the DagBag from /opt/airflow/dags/02_xcom_dag.py
[2026-08-30T16:31:30.427+0000] {processor.py:925} INFO - DAG(s) 'xcom_dag' retrieved from /opt/airflow/dags/02_xcom_dag.py
[2026-08-30T16:31:30.522+0000] {logging_mixin.py:190} INFO - [2026-08-30T16:31:30.522+0000] {dag.py:3239} INFO - Sync 1 DAGs
[2026-08-30T16:31:30.534+0000] {logging_mixin.py:190} INFO - [2026-08-30T16:31:30.534+0000] {dag.py:4180} INFO - Setting next_dagrun for xcom_dag to None, run_after=None
[2026-08-30T16:31:30.550+0000] {processor.py:208} INFO - Processing /opt/airflow/dags/02_xcom_dag.py took 0.141 seconds
[2026-08-30T16:32:01.311+0000] {processor.py:186} INFO - Started process (PID=1925) to work on /opt/airflow/dags/02_xcom_dag.py
[2026-08-30T16:32:01.312+0000] {processor.py:914} INFO - Processing file /opt/airflow/dags/02_xcom_dag.py for tasks to queue
[2026-08-30T16:32:01.313+0000] {logging_mixin.py:190} INFO - [2026-08-30T16:32:01.313+0000] {dagbag.py:588} INFO - Filling up the DagBag from /opt/airflow/dags/02_xcom_dag.py
[2026-08-30T16:32:01.323+0000] {processor.py:925} INFO - DAG(s) 'xcom_dag' retrieved from /opt/airflow/dags/02_xcom_dag.py
[2026-08-30T16:32:01.349+0000] {logging_mixin.py:190} INFO - [2026-08-30T16:32:01.349+0000] {dag.py:3239} INFO - Sync 1 DAGs
[2026-08-30T16:32:01.360+0000] {logging_mixin.py:190} INFO - [2026-08-30T16:32:01.360+0000] {dag.py:4180} INFO - Setting next_dagrun for xcom_dag to None, run_after=None
[2026-08-30T16:32:01.374+0000] {processor.py:208} INFO - Processing /opt/airflow/dags/02_xcom_dag.py took 0.068 seconds
[2026-08-30T16:32:32.162+0000] {processor.py:186} INFO - Started process (PID=1937) to work on /opt/airflow/dags/02_xcom_dag.py
[2026-08-30T16:32:32.163+0000] {processor.py:914} INFO - Processing file /opt/airflow/dags/02_xcom_dag.py for tasks to queue
[2026-08-30T16:32:32.165+0000] {logging_mixin.py:190} INFO - [2026-08-30T16:32:32.164+0000] {dagbag.py:588} INFO - Filling up the DagBag from /opt/airflow/dags/02_xcom_dag.py
[2026-08-30T16:32:32.175+0000] {processor.py:925} INFO - DAG(s) 'xcom_dag' retrieved from /opt/airflow/dags/02_xcom_dag.py
[2026-08-30T16:32:32.201+0000] {logging_mixin.py:190} INFO - [2026-08-30T16:32:32.201+0000] {dag.py:3239} INFO - Sync 1 DAGs
[2026-08-30T16:32:32.211+0000] {logging_mixin.py:190} INFO - [2026-08-30T16:32:32.211+0000] {dag.py:4180} INFO - Setting next_dagrun for xcom_dag to None, run_after=None
[2026-08-30T16:32:32.222+0000] {processor.py:208} INFO - Processing /opt/airflow/dags/02_xcom_dag.py took 0.064 seconds
[2026-08-30T16:33:02.946+0000] {processor.py:186} INFO - Started process (PID=1949) to work on /opt/airflow/dags/02_xcom_dag.py
[2026-08-30T16:33:02.947+0000] {processor.py:914} INFO - Processing file /opt/airflow/dags/02_xcom_dag.py for tasks to queue
[2026-08-30T16:33:02.948+0000] {logging_mixin.py:190} INFO - [2026-08-30T16:33:02.948+0000] {dagbag.py:588} INFO - Filling up the DagBag from /opt/airflow/dags/02_xcom_dag.py
[2026-08-30T16:33:02.957+0000] {processor.py:925} INFO - DAG(s) 'xcom_dag' retrieved from /opt/airflow/dags/02_xcom_dag.py
[2026-08-30T16:33:02.980+0000] {logging_mixin.py:190} INFO - [2026-08-30T16:33:02.980+0000] {dag.py:3239} INFO - Sync 1 DAGs
[2026-08-30T16:33:02.987+0000] {logging_mixin.py:190} INFO - [2026-08-30T16:33:02.987+0000] {dag.py:4180} INFO - Setting next_dagrun for xcom_dag to None, run_after=None
[2026-08-30T16:33:02.999+0000] {processor.py:208} INFO - Processing /opt/airflow/dags/02_xcom_dag.py took 0.060 seconds
[2026-08-30T16:33:33.658+0000] {processor.py:186} INFO - Started process (PID=1961) to work on /opt/airflow/dags/02_xcom_dag.py
[2026-08-30T16:33:33.660+0000] {processor.py:914} INFO - Processing file /opt/airflow/dags/02_xcom_dag.py for tasks to queue
[2026-08-30T16:33:33.662+0000] {logging_mixin.py:190} INFO - [2026-08-30T16:33:33.662+0000] {dagbag.py:588} INFO - Filling up the DagBag from /opt/airflow/dags/02_xcom_dag.py
[2026-08-30T16:33:33.671+0000] {processor.py:925} INFO - DAG(s) 'xcom_dag' retrieved from /opt/airflow/dags/02_xcom_dag.py
[2026-08-30T16:33:33.692+0000] {logging_mixin.py:190} INFO - [2026-08-30T16:33:33.691+0000] {dag.py:3239} INFO - Sync 1 DAGs
[2026-08-30T16:33:33.702+0000] {logging_mixin.py:190} INFO - [2026-08-30T16:33:33.702+0000] {dag.py:4180} INFO - Setting next_dagrun for xcom_dag to None, run_after=None
[2026-08-30T16:33:33.716+0000] {processor.py:208} INFO - Processing /opt/airflow/dags/02_xcom_dag.py took 0.063 seconds
[2026-08-30T16:34:04.428+0000] {processor.py:186} INFO - Started process (PID=1973) to work on /opt/airflow/dags/02_xcom_dag.py
[2026-08-30T16:34:04.431+0000] {processor.py:914} INFO - Processing file /opt/airflow/dags/02_xcom_dag.py for tasks to queue
[2026-08-30T16:34:04.432+0000] {logging_mixin.py:190} INFO - [2026-08-30T16:34:04.432+0000] {dagbag.py:588} INFO - Filling up the DagBag from /opt/airflow/dags/02_xcom_dag.py
[2026-08-30T16:34:04.442+0000] {processor.py:925} INFO - DAG(s) 'xcom_dag' retrieved from /opt/airflow/dags/02_xcom_dag.py
[2026-08-30T16:34:04.459+0000] {logging_mixin.py:190} INFO - [2026-08-30T16:34:04.459+0000] {dag.py:3239} INFO - Sync 1 DAGs
[2026-08-30T16:34:04.468+0000] {logging_mixin.py:190} INFO - [2026-08-30T16:34:04.468+0000] {dag.py:4180} INFO - Setting next_dagrun for xcom_dag to None, run_after=None
[2026-08-30T16:34:04.482+0000] {processor.py:208} INFO - Processing /opt/airflow/dags/02_xcom_dag.py took 0.059 seconds
[2026-08-30T16:34:35.294+0000] {processor.py:186} INFO - Started process (PID=1986) to work on /opt/airflow/dags/02_xcom_dag.py
[2026-08-30T16:34:35.294+0000] {processor.py:914} INFO - Processing file /opt/airflow/dags/02_xcom_dag.py for tasks to queue
[2026-08-30T16:34:35.296+0000] {logging_mixin.py:190} INFO - [2026-08-30T16:34:35.296+0000] {dagbag.py:588} INFO - Filling up the DagBag from /opt/airflow/dags/02_xcom_dag.py
[2026-08-30T16:34:35.303+0000] {processor.py:925} INFO - DAG(s) 'xcom_dag' retrieved from /opt/airflow/dags/02_xcom_dag.py
[2026-08-30T16:34:35.327+0000] {logging_mixin.py:190} INFO - [2026-08-30T16:34:35.327+0000] {dag.py:3239} INFO - Sync 1 DAGs
[2026-08-30T16:34:35.335+0000] {logging_mixin.py:190} INFO - [2026-08-30T16:34:35.335+0000] {dag.py:4180} INFO - Setting next_dagrun for xcom_dag to None, run_after=None
[2026-08-30T16:34:35.347+0000] {processor.py:208} INFO - Processing /opt/airflow/dags/02_xcom_dag.py took 0.059 seconds
[2026-08-30T16:35:05.507+0000] {processor.py:186} INFO - Started process (PID=1999) to work on /opt/airflow/dags/02_xcom_dag.py
[2026-08-30T16:35:05.508+0000] {processor.py:914} INFO - Processing file /opt/airflow/dags/02_xcom_dag.py for tasks to queue
[2026-08-30T16:35:05.510+0000] {logging_mixin.py:190} INFO - [2026-08-30T16:35:05.510+0000] {dagbag.py:588} INFO - Filling up the DagBag from /opt/airflow/dags/02_xcom_dag.py
[2026-08-30T16:35:05.520+0000] {processor.py:925} INFO - DAG(s) 'xcom_dag' retrieved from /opt/airflow/dags/02_xcom_dag.py
[2026-08-30T16:35:05.540+0000] {logging_mixin.py:190} INFO - [2026-08-30T16:35:05.540+0000] {dag.py:3239} INFO - Sync 1 DAGs
[2026-08-30T16:35:05.549+0000] {logging_mixin.py:190} INFO - [2026-08-30T16:35:05.549+0000] {dag.py:4180} INFO - Setting next_dagrun for xcom_dag to None, run_after=None
[2026-08-30T16:35:05.560+0000] {processor.py:208} INFO - Processing /opt/airflow/dags/02_xcom_dag.py took 0.058 seconds
[2026-08-30T16:35:36.704+0000] {processor.py:186} INFO - Started process (PID=2012) to work on /opt/airflow/dags/02_xcom_dag.py
[2026-08-30T16:35:36.706+0000] {processor.py:914} INFO - Processing file /opt/airflow/dags/02_xcom_dag.py for tasks to queue
[2026-08-30T16:35:36.710+0000] {logging_mixin.py:190} INFO - [2026-08-30T16:35:36.709+0000] {dagbag.py:588} INFO - Filling up the DagBag from /opt/airflow/dags/02_xcom_dag.py
[2026-08-30T16:35:36.721+0000] {processor.py:925} INFO - DAG(s) 'xcom_dag' retrieved from /opt/airflow/dags/02_xcom_dag.py
[2026-08-30T16:35:36.740+0000] {logging_mixin.py:190} INFO - [2026-08-30T16:35:36.739+0000] {dag.py:3239} INFO - Sync 1 DAGs
[2026-08-30T16:35:36.750+0000] {logging_mixin.py:190} INFO - [2026-08-30T16:35:36.750+0000] {dag.py:4180} INFO - Setting next_dagrun for xcom_dag to None, run_after=None
[2026-08-30T16:35:36.764+0000] {processor.py:208} INFO - Processing /opt/airflow/dags/02_xcom_dag.py took 0.068 seconds
[2026-08-30T16:36:08.030+0000] {processor.py:186} INFO - Started process (PID=2031) to work on /opt/airflow/dags/02_xcom_dag.py
[2026-08-30T16:36:08.031+0000] {processor.py:914} INFO - Processing file /opt/airflow/dags/02_xcom_dag.py for tasks to queue
[2026-08-30T16:36:08.032+0000] {logging_mixin.py:190} INFO - [2026-08-30T16:36:08.032+0000] {dagbag.py:588} INFO - Filling up the DagBag from /opt/airflow/dags/02_xcom_dag.py
[2026-08-30T16:36:08.045+0000] {processor.py:925} INFO - DAG(s) 'xcom_dag' retrieved from /opt/airflow/dags/02_xcom_dag.py
[2026-08-30T16:36:08.072+0000] {logging_mixin.py:190} INFO - [2026-08-30T16:36:08.072+0000] {dag.py:3239} INFO - Sync 1 DAGs
[2026-08-30T16:36:08.083+0000] {logging_mixin.py:190} INFO - [2026-08-30T16:36:08.083+0000] {dag.py:4180} INFO - Setting next_dagrun for xcom_dag to None, run_after=None
[2026-08-30T16:36:08.099+0000] {processor.py:208} INFO - Processing /opt/airflow/dags/02_xcom_dag.py took 0.075 seconds
[2026-08-30T16:36:38.594+0000] {processor.py:186} INFO - Started process (PID=2044) to work on /opt/airflow/dags/02_xcom_dag.py
[2026-08-30T16:36:38.595+0000] {processor.py:914} INFO - Processing file /opt/airflow/dags/02_xcom_dag.py for tasks to queue
[2026-08-30T16:36:38.596+0000] {logging_mixin.py:190} INFO - [2026-08-30T16:36:38.596+0000] {dagbag.py:588} INFO - Filling up the DagBag from /opt/airflow/dags/02_xcom_dag.py
[2026-08-30T16:36:38.603+0000] {processor.py:925} INFO - DAG(s) 'xcom_dag' retrieved from /opt/airflow/dags/02_xcom_dag.py
[2026-08-30T16:36:38.627+0000] {logging_mixin.py:190} INFO - [2026-08-30T16:36:38.627+0000] {dag.py:3239} INFO - Sync 1 DAGs
[2026-08-30T16:36:38.635+0000] {logging_mixin.py:190} INFO - [2026-08-30T16:36:38.635+0000] {dag.py:4180} INFO - Setting next_dagrun for xcom_dag to None, run_after=None
[2026-08-30T16:36:38.648+0000] {processor.py:208} INFO - Processing /opt/airflow/dags/02_xcom_dag.py took 0.059 seconds
[2026-08-30T16:37:09.661+0000] {processor.py:186} INFO - Started process (PID=2057) to work on /opt/airflow/dags/02_xcom_dag.py
[2026-08-30T16:37:09.663+0000] {processor.py:914} INFO - Processing file /opt/airflow/dags/02_xcom_dag.py for tasks to queue
[2026-08-30T16:37:09.666+0000] {logging_mixin.py:190} INFO - [2026-08-30T16:37:09.665+0000] {dagbag.py:588} INFO - Filling up the DagBag from /opt/airflow/dags/02_xcom_dag.py
[2026-08-30T16:37:09.677+0000] {processor.py:925} INFO - DAG(s) 'xcom_dag' retrieved from /opt/airflow/dags/02_xcom_dag.py
[2026-08-30T16:37:09.703+0000] {logging_mixin.py:190} INFO - [2026-08-30T16:37:09.703+0000] {dag.py:3239} INFO - Sync 1 DAGs
[2026-08-30T16:37:09.712+0000] {logging_mixin.py:190} INFO - [2026-08-30T16:37:09.712+0000] {dag.py:4180} INFO - Setting next_dagrun for xcom_dag to None, run_after=None
[2026-08-30T16:37:09.730+0000] {processor.py:208} INFO - Processing /opt/airflow/dags/02_xcom_dag.py took 0.080 seconds
[2026-08-30T16:37:40.725+0000] {processor.py:186} INFO - Started process (PID=2070) to work on /opt/airflow/dags/02_xcom_dag.py
[2026-08-30T16:37:40.726+0000] {processor.py:914} INFO - Processing file /opt/airflow/dags/02_xcom_dag.py for tasks to queue
[2026-08-30T16:37:40.728+0000] {logging_mixin.py:190} INFO - [2026-08-30T16:37:40.728+0000] {dagbag.py:588} INFO - Filling up the DagBag from /opt/airflow/dags/02_xcom_dag.py
[2026-08-30T16:37:40.740+0000] {processor.py:925} INFO - DAG(s) 'xcom_dag' retrieved from /opt/airflow/dags/02_xcom_dag.py
[2026-08-30T16:37:40.760+0000] {logging_mixin.py:190} INFO - [2026-08-30T16:37:40.760+0000] {dag.py:3239} INFO - Sync 1 DAGs
[2026-08-30T16:37:40.769+0000] {logging_mixin.py:190} INFO - [2026-08-30T16:37:40.769+0000] {dag.py:4180} INFO - Setting next_dagrun for xcom_dag to None, run_after=None
[2026-08-30T16:37:40.782+0000] {processor.py:208} INFO - Processing /opt/airflow/dags/02_xcom_dag.py took 0.061 seconds
[2026-08-30T16:38:11.725+0000] {processor.py:186} INFO - Started process (PID=2083) to work on /opt/airflow/dags/02_xcom_dag.py
[2026-08-30T16:38:11.726+0000] {processor.py:914} INFO - Processing file /opt/airflow/dags/02_xcom_dag.py for tasks to queue
[2026-08-30T16:38:11.727+0000] {logging_mixin.py:190} INFO - [2026-08-30T16:38:11.727+0000] {dagbag.py:588} INFO - Filling up the DagBag from /opt/airflow/dags/02_xcom_dag.py
[2026-08-30T16:38:11.738+0000] {processor.py:925} INFO - DAG(s) 'xcom_dag' retrieved from /opt/airflow/dags/02_xcom_dag.py
[2026-08-30T16:38:11.763+0000] {logging_mixin.py:190} INFO - [2026-08-30T16:38:11.763+0000] {dag.py:3239} INFO - Sync 1 DAGs
[2026-08-30T16:38:11.771+0000] {logging_mixin.py:190} INFO - [2026-08-30T16:38:11.771+0000] {dag.py:4180} INFO - Setting next_dagrun for xcom_dag to None, run_after=None
[2026-08-30T16:38:11.784+0000] {processor.py:208} INFO - Processing /opt/airflow/dags/02_xcom_dag.py took 0.064 seconds
[2026-08-30T16:38:42.658+0000] {processor.py:186} INFO - Started process (PID=2096) to work on /opt/airflow/dags/02_xcom_dag.py
[2026-08-30T16:38:42.659+0000] {processor.py:914} INFO - Processing file /opt/airflow/dags/02_xcom_dag.py for tasks to queue
[2026-08-30T16:38:42.661+0000] {logging_mixin.py:190} INFO - [2026-08-30T16:38:42.661+0000] {dagbag.py:588} INFO - Filling up the DagBag from /opt/airflow/dags/02_xcom_dag.py
[2026-08-30T16:38:42.672+0000] {processor.py:925} INFO - DAG(s) 'xcom_dag' retrieved from /opt/airflow/dags/02_xcom_dag.py
[2026-08-30T16:38:42.696+0000] {logging_mixin.py:190} INFO - [2026-08-30T16:38:42.696+0000] {dag.py:3239} INFO - Sync 1 DAGs
[2026-08-30T16:38:42.705+0000] {logging_mixin.py:190} INFO - [2026-08-30T16:38:42.704+0000] {dag.py:4180} INFO - Setting next_dagrun for xcom_dag to None, run_after=None
[2026-08-30T16:38:42.719+0000] {processor.py:208} INFO - Processing /opt/airflow/dags/02_xcom_dag.py took 0.068 seconds
[2026-08-30T16:39:13.684+0000] {processor.py:186} INFO - Started process (PID=2109) to work on /opt/airflow/dags/02_xcom_dag.py
[2026-08-30T16:39:13.685+0000] {processor.py:914} INFO - Processing file /opt/airflow/dags/02_xcom_dag.py for tasks to queue
[2026-08-30T16:39:13.687+0000] {logging_mixin.py:190} INFO - [2026-08-30T16:39:13.686+0000] {dagbag.py:588} INFO - Filling up the DagBag from /opt/airflow/dags/02_xcom_dag.py
[2026-08-30T16:39:13.699+0000] {processor.py:925} INFO - DAG(s) 'xcom_dag' retrieved from /opt/airflow/dags/02_xcom_dag.py
[2026-08-30T16:39:13.741+0000] {logging_mixin.py:190} INFO - [2026-08-30T16:39:13.741+0000] {dag.py:3239} INFO - Sync 1 DAGs
[2026-08-30T16:39:13.752+0000] {logging_mixin.py:190} INFO - [2026-08-30T16:39:13.751+0000] {dag.py:4180} INFO - Setting next_dagrun for xcom_dag to None, run_after=None
[2026-08-30T16:39:13.771+0000] {processor.py:208} INFO - Processing /opt/airflow/dags/02_xcom_dag.py took 0.092 seconds
[2026-08-30T16:39:44.922+0000] {processor.py:186} INFO - Started process (PID=2122) to work on /opt/airflow/dags/02_xcom_dag.py
[2026-08-30T16:39:44.923+0000] {processor.py:914} INFO - Processing file /opt/airflow/dags/02_xcom_dag.py for tasks to queue
[2026-08-30T16:39:44.925+0000] {logging_mixin.py:190} INFO - [2026-08-30T16:39:44.925+0000] {dagbag.py:588} INFO - Filling up the DagBag from /opt/airflow/dags/02_xcom_dag.py
[2026-08-30T16:39:44.932+0000] {processor.py:925} INFO - DAG(s) 'xcom_dag' retrieved from /opt/airflow/dags/02_xcom_dag.py
[2026-08-30T16:39:44.960+0000] {logging_mixin.py:190} INFO - [2026-08-30T16:39:44.960+0000] {dag.py:3239} INFO - Sync 1 DAGs
[2026-08-30T16:39:44.972+0000] {logging_mixin.py:190} INFO - [2026-08-30T16:39:44.972+0000] {dag.py:4180} INFO - Setting next_dagrun for xcom_dag to None, run_after=None
[2026-08-30T16:39:44.984+0000] {processor.py:208} INFO - Processing /opt/airflow/dags/02_xcom_dag.py took 0.068 seconds
[2026-08-30T16:40:16.160+0000] {processor.py:186} INFO - Started process (PID=2135) to work on /opt/airflow/dags/02_xcom_dag.py
[2026-08-30T16:40:16.162+0000] {processor.py:914} INFO - Processing file /opt/airflow/dags/02_xcom_dag.py for tasks to queue
[2026-08-30T16:40:16.165+0000] {logging_mixin.py:190} INFO - [2026-08-30T16:40:16.165+0000] {dagbag.py:588} INFO - Filling up the DagBag from /opt/airflow/dags/02_xcom_dag.py
[2026-08-30T16:40:16.179+0000] {processor.py:925} INFO - DAG(s) 'xcom_dag' retrieved from /opt/airflow/dags/02_xcom_dag.py
[2026-08-30T16:40:16.201+0000] {logging_mixin.py:190} INFO - [2026-08-30T16:40:16.201+0000] {dag.py:3239} INFO - Sync 1 DAGs
[2026-08-30T16:40:16.212+0000] {logging_mixin.py:190} INFO - [2026-08-30T16:40:16.212+0000] {dag.py:4180} INFO - Setting next_dagrun for xcom_dag to None, run_after=None
[2026-08-30T16:40:16.230+0000] {processor.py:208} INFO - Processing /opt/airflow/dags/02_xcom_dag.py took 0.077 seconds
[2026-08-30T16:40:47.208+0000] {processor.py:186} INFO - Started process (PID=2148) to work on /opt/airflow/dags/02_xcom_dag.py
[2026-08-30T16:40:47.210+0000] {processor.py:914} INFO - Processing file /opt/airflow/dags/02_xcom_dag.py for tasks to queue
[2026-08-30T16:40:47.213+0000] {logging_mixin.py:190} INFO - [2026-08-30T16:40:47.213+0000] {dagbag.py:588} INFO - Filling up the DagBag from /opt/airflow/dags/02_xcom_dag.py
[2026-08-30T16:40:47.222+0000] {processor.py:925} INFO - DAG(s) 'xcom_dag' retrieved from /opt/airflow/dags/02_xcom_dag.py
[2026-08-30T16:40:47.245+0000] {logging_mixin.py:190} INFO - [2026-08-30T16:40:47.245+0000] {dag.py:3239} INFO - Sync 1 DAGs
[2026-08-30T16:40:47.256+0000] {logging_mixin.py:190} INFO - [2026-08-30T16:40:47.256+0000] {dag.py:4180} INFO - Setting next_dagrun for xcom_dag to None, run_after=None
[2026-08-30T16:40:47.266+0000] {processor.py:208} INFO - Processing /opt/airflow/dags/02_xcom_dag.py took 0.065 seconds
[2026-08-30T16:41:18.251+0000] {processor.py:186} INFO - Started process (PID=2161) to work on /opt/airflow/dags/02_xcom_dag.py
[2026-08-30T16:41:18.253+0000] {processor.py:914} INFO - Processing file /opt/airflow/dags/02_xcom_dag.py for tasks to queue
[2026-08-30T16:41:18.256+0000] {logging_mixin.py:190} INFO - [2026-08-30T16:41:18.255+0000] {dagbag.py:588} INFO - Filling up the DagBag from /opt/airflow/dags/02_xcom_dag.py
[2026-08-30T16:41:18.264+0000] {processor.py:925} INFO - DAG(s) 'xcom_dag' retrieved from /opt/airflow/dags/02_xcom_dag.py
[2026-08-30T16:41:18.286+0000] {logging_mixin.py:190} INFO - [2026-08-30T16:41:18.286+0000] {dag.py:3239} INFO - Sync 1 DAGs
[2026-08-30T16:41:18.297+0000] {logging_mixin.py:190} INFO - [2026-08-30T16:41:18.297+0000] {dag.py:4180} INFO - Setting next_dagrun for xcom_dag to None, run_after=None
[2026-08-30T16:41:18.307+0000] {processor.py:208} INFO - Processing /opt/airflow/dags/02_xcom_dag.py took 0.063 seconds
[2026-08-30T16:41:49.435+0000] {processor.py:186} INFO - Started process (PID=2173) to work on /opt/airflow/dags/02_xcom_dag.py
[2026-08-30T16:41:49.438+0000] {processor.py:914} INFO - Processing file /opt/airflow/dags/02_xcom_dag.py for tasks to queue
[2026-08-30T16:41:49.440+0000] {logging_mixin.py:190} INFO - [2026-08-30T16:41:49.440+0000] {dagbag.py:588} INFO - Filling up the DagBag from /opt/airflow/dags/02_xcom_dag.py
[2026-08-30T16:41:49.451+0000] {processor.py:925} INFO - DAG(s) 'xcom_dag' retrieved from /opt/airflow/dags/02_xcom_dag.py
[2026-08-30T16:41:49.468+0000] {logging_mixin.py:190} INFO - [2026-08-30T16:41:49.468+0000] {dag.py:3239} INFO - Sync 1 DAGs
[2026-08-30T16:41:49.476+0000] {logging_mixin.py:190} INFO - [2026-08-30T16:41:49.476+0000] {dag.py:4180} INFO - Setting next_dagrun for xcom_dag to None, run_after=None
[2026-08-30T16:41:49.487+0000] {processor.py:208} INFO - Processing /opt/airflow/dags/02_xcom_dag.py took 0.063 seconds
[2026-08-30T16:42:20.504+0000] {processor.py:186} INFO - Started process (PID=2186) to work on /opt/airflow/dags/02_xcom_dag.py
[2026-08-30T16:42:20.505+0000] {processor.py:914} INFO - Processing file /opt/airflow/dags/02_xcom_dag.py for tasks to queue
[2026-08-30T16:42:20.508+0000] {logging_mixin.py:190} INFO - [2026-08-30T16:42:20.507+0000] {dagbag.py:588} INFO - Filling up the DagBag from /opt/airflow/dags/02_xcom_dag.py
[2026-08-30T16:42:20.522+0000] {processor.py:925} INFO - DAG(s) 'xcom_dag' retrieved from /opt/airflow/dags/02_xcom_dag.py
[2026-08-30T16:42:20.543+0000] {logging_mixin.py:190} INFO - [2026-08-30T16:42:20.543+0000] {dag.py:3239} INFO - Sync 1 DAGs
[2026-08-30T16:42:20.555+0000] {logging_mixin.py:190} INFO - [2026-08-30T16:42:20.555+0000] {dag.py:4180} INFO - Setting next_dagrun for xcom_dag to None, run_after=None
[2026-08-30T16:42:20.568+0000] {processor.py:208} INFO - Processing /opt/airflow/dags/02_xcom_dag.py took 0.068 seconds
[2026-08-30T16:42:51.450+0000] {processor.py:186} INFO - Started process (PID=2199) to work on /opt/airflow/dags/02_xcom_dag.py
[2026-08-30T16:42:51.452+0000] {processor.py:914} INFO - Processing file /opt/airflow/dags/02_xcom_dag.py for tasks to queue
[2026-08-30T16:42:51.453+0000] {logging_mixin.py:190} INFO - [2026-08-30T16:42:51.453+0000] {dagbag.py:588} INFO - Filling up the DagBag from /opt/airflow/dags/02_xcom_dag.py
[2026-08-30T16:42:51.462+0000] {processor.py:925} INFO - DAG(s) 'xcom_dag' retrieved from /opt/airflow/dags/02_xcom_dag.py
[2026-08-30T16:42:51.484+0000] {logging_mixin.py:190} INFO - [2026-08-30T16:42:51.484+0000] {dag.py:3239} INFO - Sync 1 DAGs
[2026-08-30T16:42:51.494+0000] {logging_mixin.py:190} INFO - [2026-08-30T16:42:51.494+0000] {dag.py:4180} INFO - Setting next_dagrun for xcom_dag to None, run_after=None
[2026-08-30T16:42:51.509+0000] {processor.py:208} INFO - Processing /opt/airflow/dags/02_xcom_dag.py took 0.067 seconds
[2026-08-30T16:43:22.591+0000] {processor.py:186} INFO - Started process (PID=2212) to work on /opt/airflow/dags/02_xcom_dag.py
[2026-08-30T16:43:22.592+0000] {processor.py:914} INFO - Processing file /opt/airflow/dags/02_xcom_dag.py for tasks to queue
[2026-08-30T16:43:22.593+0000] {logging_mixin.py:190} INFO - [2026-08-30T16:43:22.593+0000] {dagbag.py:588} INFO - Filling up the DagBag from /opt/airflow/dags/02_xcom_dag.py
[2026-08-30T16:43:22.604+0000] {processor.py:925} INFO - DAG(s) 'xcom_dag' retrieved from /opt/airflow/dags/02_xcom_dag.py
[2026-08-30T16:43:22.625+0000] {logging_mixin.py:190} INFO - [2026-08-30T16:43:22.625+0000] {dag.py:3239} INFO - Sync 1 DAGs
[2026-08-30T16:43:22.635+0000] {logging_mixin.py:190} INFO - [2026-08-30T16:43:22.634+0000] {dag.py:4180} INFO - Setting next_dagrun for xcom_dag to None, run_after=None
[2026-08-30T16:43:22.654+0000] {processor.py:208} INFO - Processing /opt/airflow/dags/02_xcom_dag.py took 0.067 seconds
[2026-08-30T16:43:53.646+0000] {processor.py:186} INFO - Started process (PID=2225) to work on /opt/airflow/dags/02_xcom_dag.py
[2026-08-30T16:43:53.647+0000] {processor.py:914} INFO - Processing file /opt/airflow/dags/02_xcom_dag.py for tasks to queue
[2026-08-30T16:43:53.648+0000] {logging_mixin.py:190} INFO - [2026-08-30T16:43:53.648+0000] {dagbag.py:588} INFO - Filling up the DagBag from /opt/airflow/dags/02_xcom_dag.py
[2026-08-30T16:43:53.665+0000] {processor.py:925} INFO - DAG(s) 'xcom_dag' retrieved from /opt/airflow/dags/02_xcom_dag.py
[2026-08-30T16:43:53.683+0000] {logging_mixin.py:190} INFO - [2026-08-30T16:43:53.683+0000] {dag.py:3239} INFO - Sync 1 DAGs
[2026-08-30T16:43:53.693+0000] {logging_mixin.py:190} INFO - [2026-08-30T16:43:53.693+0000] {dag.py:4180} INFO - Setting next_dagrun for xcom_dag to None, run_after=None
[2026-08-30T16:43:53.704+0000] {processor.py:208} INFO - Processing /opt/airflow/dags/02_xcom_dag.py took 0.064 seconds
[2026-08-30T16:44:24.699+0000] {processor.py:186} INFO - Started process (PID=2238) to work on /opt/airflow/dags/02_xcom_dag.py
[2026-08-30T16:44:24.702+0000] {processor.py:914} INFO - Processing file /opt/airflow/dags/02_xcom_dag.py for tasks to queue
[2026-08-30T16:44:24.704+0000] {logging_mixin.py:190} INFO - [2026-08-30T16:44:24.704+0000] {dagbag.py:588} INFO - Filling up the DagBag from /opt/airflow/dags/02_xcom_dag.py
[2026-08-30T16:44:24.716+0000] {processor.py:925} INFO - DAG(s) 'xcom_dag' retrieved from /opt/airflow/dags/02_xcom_dag.py
[2026-08-30T16:44:24.749+0000] {logging_mixin.py:190} INFO - [2026-08-30T16:44:24.748+0000] {dag.py:3239} INFO - Sync 1 DAGs
[2026-08-30T16:44:24.762+0000] {logging_mixin.py:190} INFO - [2026-08-30T16:44:24.762+0000] {dag.py:4180} INFO - Setting next_dagrun for xcom_dag to None, run_after=None
[2026-08-30T16:44:24.780+0000] {processor.py:208} INFO - Processing /opt/airflow/dags/02_xcom_dag.py took 0.096 seconds
[2026-08-30T16:44:56.003+0000] {processor.py:186} INFO - Started process (PID=2251) to work on /opt/airflow/dags/02_xcom_dag.py
[2026-08-30T16:44:56.004+0000] {processor.py:914} INFO - Processing file /opt/airflow/dags/02_xcom_dag.py for tasks to queue
[2026-08-30T16:44:56.010+0000] {logging_mixin.py:190} INFO - [2026-08-30T16:44:56.009+0000] {dagbag.py:588} INFO - Filling up the DagBag from /opt/airflow/dags/02_xcom_dag.py
[2026-08-30T16:44:56.046+0000] {processor.py:925} INFO - DAG(s) 'xcom_dag' retrieved from /opt/airflow/dags/02_xcom_dag.py
[2026-08-30T16:44:56.082+0000] {logging_mixin.py:190} INFO - [2026-08-30T16:44:56.082+0000] {dag.py:3239} INFO - Sync 1 DAGs
[2026-08-30T16:44:56.098+0000] {logging_mixin.py:190} INFO - [2026-08-30T16:44:56.097+0000] {dag.py:4180} INFO - Setting next_dagrun for xcom_dag to None, run_after=None
[2026-08-30T16:44:56.139+0000] {processor.py:208} INFO - Processing /opt/airflow/dags/02_xcom_dag.py took 0.141 seconds
[2026-08-30T16:45:26.217+0000] {processor.py:186} INFO - Started process (PID=2264) to work on /opt/airflow/dags/02_xcom_dag.py
[2026-08-30T16:45:26.219+0000] {processor.py:914} INFO - Processing file /opt/airflow/dags/02_xcom_dag.py for tasks to queue
[2026-08-30T16:45:26.223+0000] {logging_mixin.py:190} INFO - [2026-08-30T16:45:26.222+0000] {dagbag.py:588} INFO - Filling up the DagBag from /opt/airflow/dags/02_xcom_dag.py
[2026-08-30T16:45:26.239+0000] {processor.py:925} INFO - DAG(s) 'xcom_dag' retrieved from /opt/airflow/dags/02_xcom_dag.py
[2026-08-30T16:45:26.262+0000] {logging_mixin.py:190} INFO - [2026-08-30T16:45:26.261+0000] {dag.py:3239} INFO - Sync 1 DAGs
[2026-08-30T16:45:26.270+0000] {logging_mixin.py:190} INFO - [2026-08-30T16:45:26.270+0000] {dag.py:4180} INFO - Setting next_dagrun for xcom_dag to None, run_after=None
[2026-08-30T16:45:26.280+0000] {processor.py:208} INFO - Processing /opt/airflow/dags/02_xcom_dag.py took 0.071 seconds
[2026-08-30T16:45:56.363+0000] {processor.py:186} INFO - Started process (PID=2276) to work on /opt/airflow/dags/02_xcom_dag.py
[2026-08-30T16:45:56.365+0000] {processor.py:914} INFO - Processing file /opt/airflow/dags/02_xcom_dag.py for tasks to queue
[2026-08-30T16:45:56.368+0000] {logging_mixin.py:190} INFO - [2026-08-30T16:45:56.368+0000] {dagbag.py:588} INFO - Filling up the DagBag from /opt/airflow/dags/02_xcom_dag.py
[2026-08-30T16:45:56.379+0000] {processor.py:925} INFO - DAG(s) 'xcom_dag' retrieved from /opt/airflow/dags/02_xcom_dag.py
[2026-08-30T16:45:56.403+0000] {logging_mixin.py:190} INFO - [2026-08-30T16:45:56.403+0000] {dag.py:3239} INFO - Sync 1 DAGs
[2026-08-30T16:45:56.416+0000] {logging_mixin.py:190} INFO - [2026-08-30T16:45:56.416+0000] {dag.py:4180} INFO - Setting next_dagrun for xcom_dag to None, run_after=None
[2026-08-30T16:45:56.432+0000] {processor.py:208} INFO - Processing /opt/airflow/dags/02_xcom_dag.py took 0.073 seconds
[2026-08-30T16:47:34.495+0000] {processor.py:186} INFO - Started process (PID=93) to work on /opt/airflow/dags/02_xcom_dag.py
[2026-08-30T16:47:34.499+0000] {processor.py:914} INFO - Processing file /opt/airflow/dags/02_xcom_dag.py for tasks to queue
[2026-08-30T16:47:34.503+0000] {logging_mixin.py:190} INFO - [2026-08-30T16:47:34.502+0000] {dagbag.py:588} INFO - Filling up the DagBag from /opt/airflow/dags/02_xcom_dag.py
[2026-08-30T16:47:34.527+0000] {processor.py:925} INFO - DAG(s) 'xcom_dag' retrieved from /opt/airflow/dags/02_xcom_dag.py
[2026-08-30T16:47:34.584+0000] {logging_mixin.py:190} INFO - [2026-08-30T16:47:34.584+0000] {dag.py:3239} INFO - Sync 1 DAGs
[2026-08-30T16:47:34.613+0000] {logging_mixin.py:190} INFO - [2026-08-30T16:47:34.612+0000] {dag.py:4180} INFO - Setting next_dagrun for xcom_dag to None, run_after=None
[2026-08-30T16:47:34.645+0000] {processor.py:208} INFO - Processing /opt/airflow/dags/02_xcom_dag.py took 0.161 seconds
[2026-08-30T16:48:05.395+0000] {processor.py:186} INFO - Started process (PID=105) to work on /opt/airflow/dags/02_xcom_dag.py
[2026-08-30T16:48:05.396+0000] {processor.py:914} INFO - Processing file /opt/airflow/dags/02_xcom_dag.py for tasks to queue
[2026-08-30T16:48:05.400+0000] {logging_mixin.py:190} INFO - [2026-08-30T16:48:05.399+0000] {dagbag.py:588} INFO - Filling up the DagBag from /opt/airflow/dags/02_xcom_dag.py
[2026-08-30T16:48:05.417+0000] {processor.py:925} INFO - DAG(s) 'xcom_dag' retrieved from /opt/airflow/dags/02_xcom_dag.py
[2026-08-30T16:48:05.453+0000] {logging_mixin.py:190} INFO - [2026-08-30T16:48:05.453+0000] {dag.py:3239} INFO - Sync 1 DAGs
[2026-08-30T16:48:05.487+0000] {logging_mixin.py:190} INFO - [2026-08-30T16:48:05.487+0000] {dag.py:4180} INFO - Setting next_dagrun for xcom_dag to None, run_after=None
[2026-08-30T16:48:05.535+0000] {processor.py:208} INFO - Processing /opt/airflow/dags/02_xcom_dag.py took 0.150 seconds
[2026-08-30T16:48:36.397+0000] {processor.py:186} INFO - Started process (PID=118) to work on /opt/airflow/dags/02_xcom_dag.py
[2026-08-30T16:48:36.398+0000] {processor.py:914} INFO - Processing file /opt/airflow/dags/02_xcom_dag.py for tasks to queue
[2026-08-30T16:48:36.402+0000] {logging_mixin.py:190} INFO - [2026-08-30T16:48:36.402+0000] {dagbag.py:588} INFO - Filling up the DagBag from /opt/airflow/dags/02_xcom_dag.py
[2026-08-30T16:48:36.424+0000] {processor.py:925} INFO - DAG(s) 'xcom_dag' retrieved from /opt/airflow/dags/02_xcom_dag.py
[2026-08-30T16:48:36.454+0000] {logging_mixin.py:190} INFO - [2026-08-30T16:48:36.454+0000] {dag.py:3239} INFO - Sync 1 DAGs
[2026-08-30T16:48:36.470+0000] {logging_mixin.py:190} INFO - [2026-08-30T16:48:36.470+0000] {dag.py:4180} INFO - Setting next_dagrun for xcom_dag to None, run_after=None
[2026-08-30T16:48:36.494+0000] {processor.py:208} INFO - Processing /opt/airflow/dags/02_xcom_dag.py took 0.107 seconds
[2026-08-30T16:49:07.304+0000] {processor.py:186} INFO - Started process (PID=131) to work on /opt/airflow/dags/02_xcom_dag.py
[2026-08-30T16:49:07.306+0000] {processor.py:914} INFO - Processing file /opt/airflow/dags/02_xcom_dag.py for tasks to queue
[2026-08-30T16:49:07.310+0000] {logging_mixin.py:190} INFO - [2026-08-30T16:49:07.310+0000] {dagbag.py:588} INFO - Filling up the DagBag from /opt/airflow/dags/02_xcom_dag.py
[2026-08-30T16:49:07.344+0000] {processor.py:925} INFO - DAG(s) 'xcom_dag' retrieved from /opt/airflow/dags/02_xcom_dag.py
[2026-08-30T16:49:07.419+0000] {logging_mixin.py:190} INFO - [2026-08-30T16:49:07.418+0000] {dag.py:3239} INFO - Sync 1 DAGs
[2026-08-30T16:49:07.465+0000] {logging_mixin.py:190} INFO - [2026-08-30T16:49:07.464+0000] {dag.py:4180} INFO - Setting next_dagrun for xcom_dag to None, run_after=None
[2026-08-30T16:49:07.527+0000] {processor.py:208} INFO - Processing /opt/airflow/dags/02_xcom_dag.py took 0.237 seconds
[2026-08-30T16:49:38.575+0000] {processor.py:186} INFO - Started process (PID=144) to work on /opt/airflow/dags/02_xcom_dag.py
[2026-08-30T16:49:38.581+0000] {processor.py:914} INFO - Processing file /opt/airflow/dags/02_xcom_dag.py for tasks to queue
[2026-08-30T16:49:38.590+0000] {logging_mixin.py:190} INFO - [2026-08-30T16:49:38.590+0000] {dagbag.py:588} INFO - Filling up the DagBag from /opt/airflow/dags/02_xcom_dag.py
[2026-08-30T16:49:38.642+0000] {processor.py:925} INFO - DAG(s) 'xcom_dag' retrieved from /opt/airflow/dags/02_xcom_dag.py
[2026-08-30T16:49:38.744+0000] {logging_mixin.py:190} INFO - [2026-08-30T16:49:38.743+0000] {dag.py:3239} INFO - Sync 1 DAGs
[2026-08-30T16:49:38.807+0000] {logging_mixin.py:190} INFO - [2026-08-30T16:49:38.807+0000] {dag.py:4180} INFO - Setting next_dagrun for xcom_dag to None, run_after=None
[2026-08-30T16:49:38.860+0000] {processor.py:208} INFO - Processing /opt/airflow/dags/02_xcom_dag.py took 0.311 seconds
[2026-08-30T16:50:09.643+0000] {processor.py:186} INFO - Started process (PID=157) to work on /opt/airflow/dags/02_xcom_dag.py
[2026-08-30T16:50:09.644+0000] {processor.py:914} INFO - Processing file /opt/airflow/dags/02_xcom_dag.py for tasks to queue
[2026-08-30T16:50:09.649+0000] {logging_mixin.py:190} INFO - [2026-08-30T16:50:09.648+0000] {dagbag.py:588} INFO - Filling up the DagBag from /opt/airflow/dags/02_xcom_dag.py
[2026-08-30T16:50:09.663+0000] {processor.py:925} INFO - DAG(s) 'xcom_dag' retrieved from /opt/airflow/dags/02_xcom_dag.py
[2026-08-30T16:50:09.710+0000] {logging_mixin.py:190} INFO - [2026-08-30T16:50:09.710+0000] {dag.py:3239} INFO - Sync 1 DAGs
[2026-08-30T16:50:09.958+0000] {logging_mixin.py:190} INFO - [2026-08-30T16:50:09.958+0000] {dag.py:4180} INFO - Setting next_dagrun for xcom_dag to None, run_after=None
[2026-08-30T16:50:09.976+0000] {processor.py:208} INFO - Processing /opt/airflow/dags/02_xcom_dag.py took 0.346 seconds
[2026-08-30T16:50:40.018+0000] {processor.py:186} INFO - Started process (PID=170) to work on /opt/airflow/dags/02_xcom_dag.py
[2026-08-30T16:50:40.020+0000] {processor.py:914} INFO - Processing file /opt/airflow/dags/02_xcom_dag.py for tasks to queue
[2026-08-30T16:50:40.026+0000] {logging_mixin.py:190} INFO - [2026-08-30T16:50:40.026+0000] {dagbag.py:588} INFO - Filling up the DagBag from /opt/airflow/dags/02_xcom_dag.py
[2026-08-30T16:50:40.041+0000] {processor.py:925} INFO - DAG(s) 'xcom_dag' retrieved from /opt/airflow/dags/02_xcom_dag.py
[2026-08-30T16:50:40.062+0000] {logging_mixin.py:190} INFO - [2026-08-30T16:50:40.062+0000] {dag.py:3239} INFO - Sync 1 DAGs
[2026-08-30T16:50:40.074+0000] {logging_mixin.py:190} INFO - [2026-08-30T16:50:40.074+0000] {dag.py:4180} INFO - Setting next_dagrun for xcom_dag to None, run_after=None
[2026-08-30T16:50:40.094+0000] {processor.py:208} INFO - Processing /opt/airflow/dags/02_xcom_dag.py took 0.082 seconds
[2026-08-30T16:51:10.561+0000] {processor.py:186} INFO - Started process (PID=183) to work on /opt/airflow/dags/02_xcom_dag.py
[2026-08-30T16:51:10.562+0000] {processor.py:914} INFO - Processing file /opt/airflow/dags/02_xcom_dag.py for tasks to queue
[2026-08-30T16:51:10.564+0000] {logging_mixin.py:190} INFO - [2026-08-30T16:51:10.563+0000] {dagbag.py:588} INFO - Filling up the DagBag from /opt/airflow/dags/02_xcom_dag.py
[2026-08-30T16:51:10.572+0000] {processor.py:925} INFO - DAG(s) 'xcom_dag' retrieved from /opt/airflow/dags/02_xcom_dag.py
[2026-08-30T16:51:10.588+0000] {logging_mixin.py:190} INFO - [2026-08-30T16:51:10.588+0000] {dag.py:3239} INFO - Sync 1 DAGs
[2026-08-30T16:51:10.595+0000] {logging_mixin.py:190} INFO - [2026-08-30T16:51:10.595+0000] {dag.py:4180} INFO - Setting next_dagrun for xcom_dag to None, run_after=None
[2026-08-30T16:51:10.604+0000] {processor.py:208} INFO - Processing /opt/airflow/dags/02_xcom_dag.py took 0.054 seconds
[2026-08-30T16:51:40.892+0000] {processor.py:186} INFO - Started process (PID=196) to work on /opt/airflow/dags/02_xcom_dag.py
[2026-08-30T16:51:40.895+0000] {processor.py:914} INFO - Processing file /opt/airflow/dags/02_xcom_dag.py for tasks to queue
[2026-08-30T16:51:40.898+0000] {logging_mixin.py:190} INFO - [2026-08-30T16:51:40.898+0000] {dagbag.py:588} INFO - Filling up the DagBag from /opt/airflow/dags/02_xcom_dag.py
[2026-08-30T16:51:40.916+0000] {processor.py:925} INFO - DAG(s) 'xcom_dag' retrieved from /opt/airflow/dags/02_xcom_dag.py
[2026-08-30T16:51:40.945+0000] {logging_mixin.py:190} INFO - [2026-08-30T16:51:40.945+0000] {dag.py:3239} INFO - Sync 1 DAGs
[2026-08-30T16:51:40.957+0000] {logging_mixin.py:190} INFO - [2026-08-30T16:51:40.957+0000] {dag.py:4180} INFO - Setting next_dagrun for xcom_dag to None, run_after=None
[2026-08-30T16:51:40.971+0000] {processor.py:208} INFO - Processing /opt/airflow/dags/02_xcom_dag.py took 0.088 seconds
[2026-08-30T16:52:11.442+0000] {processor.py:186} INFO - Started process (PID=209) to work on /opt/airflow/dags/02_xcom_dag.py
[2026-08-30T16:52:11.444+0000] {processor.py:914} INFO - Processing file /opt/airflow/dags/02_xcom_dag.py for tasks to queue
[2026-08-30T16:52:11.446+0000] {logging_mixin.py:190} INFO - [2026-08-30T16:52:11.446+0000] {dagbag.py:588} INFO - Filling up the DagBag from /opt/airflow/dags/02_xcom_dag.py
[2026-08-30T16:52:11.460+0000] {processor.py:925} INFO - DAG(s) 'xcom_dag' retrieved from /opt/airflow/dags/02_xcom_dag.py
[2026-08-30T16:52:11.496+0000] {logging_mixin.py:190} INFO - [2026-08-30T16:52:11.496+0000] {dag.py:3239} INFO - Sync 1 DAGs
[2026-08-30T16:52:11.512+0000] {logging_mixin.py:190} INFO - [2026-08-30T16:52:11.512+0000] {dag.py:4180} INFO - Setting next_dagrun for xcom_dag to None, run_after=None
[2026-08-30T16:52:11.527+0000] {processor.py:208} INFO - Processing /opt/airflow/dags/02_xcom_dag.py took 0.096 seconds
[2026-08-30T16:52:42.147+0000] {processor.py:186} INFO - Started process (PID=222) to work on /opt/airflow/dags/02_xcom_dag.py
[2026-08-30T16:52:42.148+0000] {processor.py:914} INFO - Processing file /opt/airflow/dags/02_xcom_dag.py for tasks to queue
[2026-08-30T16:52:42.151+0000] {logging_mixin.py:190} INFO - [2026-08-30T16:52:42.151+0000] {dagbag.py:588} INFO - Filling up the DagBag from /opt/airflow/dags/02_xcom_dag.py
[2026-08-30T16:52:42.166+0000] {processor.py:925} INFO - DAG(s) 'xcom_dag' retrieved from /opt/airflow/dags/02_xcom_dag.py
[2026-08-30T16:52:42.197+0000] {logging_mixin.py:190} INFO - [2026-08-30T16:52:42.196+0000] {dag.py:3239} INFO - Sync 1 DAGs
[2026-08-30T16:52:42.210+0000] {logging_mixin.py:190} INFO - [2026-08-30T16:52:42.210+0000] {dag.py:4180} INFO - Setting next_dagrun for xcom_dag to None, run_after=None
[2026-08-30T16:52:42.228+0000] {processor.py:208} INFO - Processing /opt/airflow/dags/02_xcom_dag.py took 0.086 seconds
[2026-08-30T16:53:12.439+0000] {processor.py:186} INFO - Started process (PID=235) to work on /opt/airflow/dags/02_xcom_dag.py
[2026-08-30T16:53:12.441+0000] {processor.py:914} INFO - Processing file /opt/airflow/dags/02_xcom_dag.py for tasks to queue
[2026-08-30T16:53:12.444+0000] {logging_mixin.py:190} INFO - [2026-08-30T16:53:12.444+0000] {dagbag.py:588} INFO - Filling up the DagBag from /opt/airflow/dags/02_xcom_dag.py
[2026-08-30T16:53:12.454+0000] {processor.py:925} INFO - DAG(s) 'xcom_dag' retrieved from /opt/airflow/dags/02_xcom_dag.py
[2026-08-30T16:53:12.473+0000] {logging_mixin.py:190} INFO - [2026-08-30T16:53:12.473+0000] {dag.py:3239} INFO - Sync 1 DAGs
[2026-08-30T16:53:12.486+0000] {logging_mixin.py:190} INFO - [2026-08-30T16:53:12.486+0000] {dag.py:4180} INFO - Setting next_dagrun for xcom_dag to None, run_after=None
[2026-08-30T16:53:12.507+0000] {processor.py:208} INFO - Processing /opt/airflow/dags/02_xcom_dag.py took 0.073 seconds
[2026-08-30T16:53:43.612+0000] {processor.py:186} INFO - Started process (PID=248) to work on /opt/airflow/dags/02_xcom_dag.py
[2026-08-30T16:53:43.614+0000] {processor.py:914} INFO - Processing file /opt/airflow/dags/02_xcom_dag.py for tasks to queue
[2026-08-30T16:53:43.617+0000] {logging_mixin.py:190} INFO - [2026-08-30T16:53:43.617+0000] {dagbag.py:588} INFO - Filling up the DagBag from /opt/airflow/dags/02_xcom_dag.py
[2026-08-30T16:53:43.627+0000] {processor.py:925} INFO - DAG(s) 'xcom_dag' retrieved from /opt/airflow/dags/02_xcom_dag.py
[2026-08-30T16:53:43.656+0000] {logging_mixin.py:190} INFO - [2026-08-30T16:53:43.656+0000] {dag.py:3239} INFO - Sync 1 DAGs
[2026-08-30T16:53:43.668+0000] {logging_mixin.py:190} INFO - [2026-08-30T16:53:43.668+0000] {dag.py:4180} INFO - Setting next_dagrun for xcom_dag to None, run_after=None
[2026-08-30T16:53:43.690+0000] {processor.py:208} INFO - Processing /opt/airflow/dags/02_xcom_dag.py took 0.088 seconds
[2026-08-30T16:54:13.830+0000] {processor.py:186} INFO - Started process (PID=262) to work on /opt/airflow/dags/02_xcom_dag.py
[2026-08-30T16:54:13.831+0000] {processor.py:914} INFO - Processing file /opt/airflow/dags/02_xcom_dag.py for tasks to queue
[2026-08-30T16:54:13.832+0000] {logging_mixin.py:190} INFO - [2026-08-30T16:54:13.832+0000] {dagbag.py:588} INFO - Filling up the DagBag from /opt/airflow/dags/02_xcom_dag.py
[2026-08-30T16:54:13.838+0000] {processor.py:925} INFO - DAG(s) 'xcom_dag' retrieved from /opt/airflow/dags/02_xcom_dag.py
[2026-08-30T16:54:13.854+0000] {logging_mixin.py:190} INFO - [2026-08-30T16:54:13.854+0000] {dag.py:3239} INFO - Sync 1 DAGs
[2026-08-30T16:54:13.863+0000] {logging_mixin.py:190} INFO - [2026-08-30T16:54:13.862+0000] {dag.py:4180} INFO - Setting next_dagrun for xcom_dag to None, run_after=None
[2026-08-30T16:54:13.870+0000] {processor.py:208} INFO - Processing /opt/airflow/dags/02_xcom_dag.py took 0.044 seconds
[2026-08-30T16:54:44.200+0000] {processor.py:186} INFO - Started process (PID=275) to work on /opt/airflow/dags/02_xcom_dag.py
[2026-08-30T16:54:44.203+0000] {processor.py:914} INFO - Processing file /opt/airflow/dags/02_xcom_dag.py for tasks to queue
[2026-08-30T16:54:44.207+0000] {logging_mixin.py:190} INFO - [2026-08-30T16:54:44.207+0000] {dagbag.py:588} INFO - Filling up the DagBag from /opt/airflow/dags/02_xcom_dag.py
[2026-08-30T16:54:44.220+0000] {processor.py:925} INFO - DAG(s) 'xcom_dag' retrieved from /opt/airflow/dags/02_xcom_dag.py
[2026-08-30T16:54:44.251+0000] {logging_mixin.py:190} INFO - [2026-08-30T16:54:44.251+0000] {dag.py:3239} INFO - Sync 1 DAGs
[2026-08-30T16:54:44.264+0000] {logging_mixin.py:190} INFO - [2026-08-30T16:54:44.264+0000] {dag.py:4180} INFO - Setting next_dagrun for xcom_dag to None, run_after=None
[2026-08-30T16:54:44.279+0000] {processor.py:208} INFO - Processing /opt/airflow/dags/02_xcom_dag.py took 0.084 seconds
[2026-08-30T16:55:14.988+0000] {processor.py:186} INFO - Started process (PID=288) to work on /opt/airflow/dags/02_xcom_dag.py
[2026-08-30T16:55:14.990+0000] {processor.py:914} INFO - Processing file /opt/airflow/dags/02_xcom_dag.py for tasks to queue
[2026-08-30T16:55:14.993+0000] {logging_mixin.py:190} INFO - [2026-08-30T16:55:14.992+0000] {dagbag.py:588} INFO - Filling up the DagBag from /opt/airflow/dags/02_xcom_dag.py
[2026-08-30T16:55:15.003+0000] {processor.py:925} INFO - DAG(s) 'xcom_dag' retrieved from /opt/airflow/dags/02_xcom_dag.py
[2026-08-30T16:55:15.025+0000] {logging_mixin.py:190} INFO - [2026-08-30T16:55:15.025+0000] {dag.py:3239} INFO - Sync 1 DAGs
[2026-08-30T16:55:15.040+0000] {logging_mixin.py:190} INFO - [2026-08-30T16:55:15.040+0000] {dag.py:4180} INFO - Setting next_dagrun for xcom_dag to None, run_after=None
[2026-08-30T16:55:15.056+0000] {processor.py:208} INFO - Processing /opt/airflow/dags/02_xcom_dag.py took 0.072 seconds
[2026-08-30T16:55:45.460+0000] {processor.py:186} INFO - Started process (PID=301) to work on /opt/airflow/dags/02_xcom_dag.py
[2026-08-30T16:55:45.461+0000] {processor.py:914} INFO - Processing file /opt/airflow/dags/02_xcom_dag.py for tasks to queue
[2026-08-30T16:55:45.464+0000] {logging_mixin.py:190} INFO - [2026-08-30T16:55:45.463+0000] {dagbag.py:588} INFO - Filling up the DagBag from /opt/airflow/dags/02_xcom_dag.py
[2026-08-30T16:55:45.474+0000] {processor.py:925} INFO - DAG(s) 'xcom_dag' retrieved from /opt/airflow/dags/02_xcom_dag.py
[2026-08-30T16:55:45.494+0000] {logging_mixin.py:190} INFO - [2026-08-30T16:55:45.494+0000] {dag.py:3239} INFO - Sync 1 DAGs
[2026-08-30T16:55:45.503+0000] {logging_mixin.py:190} INFO - [2026-08-30T16:55:45.503+0000] {dag.py:4180} INFO - Setting next_dagrun for xcom_dag to None, run_after=None
[2026-08-30T16:55:45.522+0000] {processor.py:208} INFO - Processing /opt/airflow/dags/02_xcom_dag.py took 0.067 seconds
[2026-08-30T18:09:20.906+0000] {processor.py:186} INFO - Started process (PID=94) to work on /opt/airflow/dags/02_xcom_dag.py
[2026-08-30T18:09:20.912+0000] {processor.py:914} INFO - Processing file /opt/airflow/dags/02_xcom_dag.py for tasks to queue
[2026-08-30T18:09:20.918+0000] {logging_mixin.py:190} INFO - [2026-08-30T18:09:20.917+0000] {dagbag.py:588} INFO - Filling up the DagBag from /opt/airflow/dags/02_xcom_dag.py
[2026-08-30T18:09:20.964+0000] {processor.py:925} INFO - DAG(s) 'xcom_dag' retrieved from /opt/airflow/dags/02_xcom_dag.py
[2026-08-30T18:09:21.025+0000] {logging_mixin.py:190} INFO - [2026-08-30T18:09:21.025+0000] {dag.py:3239} INFO - Sync 1 DAGs
[2026-08-30T18:09:21.067+0000] {logging_mixin.py:190} INFO - [2026-08-30T18:09:21.067+0000] {dag.py:4180} INFO - Setting next_dagrun for xcom_dag to None, run_after=None
[2026-08-30T18:09:21.113+0000] {processor.py:208} INFO - Processing /opt/airflow/dags/02_xcom_dag.py took 0.214 seconds
[2026-08-30T18:09:51.742+0000] {processor.py:186} INFO - Started process (PID=106) to work on /opt/airflow/dags/02_xcom_dag.py
[2026-08-30T18:09:51.745+0000] {processor.py:914} INFO - Processing file /opt/airflow/dags/02_xcom_dag.py for tasks to queue
[2026-08-30T18:09:51.748+0000] {logging_mixin.py:190} INFO - [2026-08-30T18:09:51.748+0000] {dagbag.py:588} INFO - Filling up the DagBag from /opt/airflow/dags/02_xcom_dag.py
[2026-08-30T18:09:51.762+0000] {processor.py:925} INFO - DAG(s) 'xcom_dag' retrieved from /opt/airflow/dags/02_xcom_dag.py
[2026-08-30T18:09:51.793+0000] {logging_mixin.py:190} INFO - [2026-08-30T18:09:51.793+0000] {dag.py:3239} INFO - Sync 1 DAGs
[2026-08-30T18:09:51.803+0000] {logging_mixin.py:190} INFO - [2026-08-30T18:09:51.803+0000] {dag.py:4180} INFO - Setting next_dagrun for xcom_dag to None, run_after=None
[2026-08-30T18:09:51.821+0000] {processor.py:208} INFO - Processing /opt/airflow/dags/02_xcom_dag.py took 0.085 seconds
[2026-08-30T18:10:22.260+0000] {processor.py:186} INFO - Started process (PID=119) to work on /opt/airflow/dags/02_xcom_dag.py
[2026-08-30T18:10:22.262+0000] {processor.py:914} INFO - Processing file /opt/airflow/dags/02_xcom_dag.py for tasks to queue
[2026-08-30T18:10:22.264+0000] {logging_mixin.py:190} INFO - [2026-08-30T18:10:22.263+0000] {dagbag.py:588} INFO - Filling up the DagBag from /opt/airflow/dags/02_xcom_dag.py
[2026-08-30T18:10:22.279+0000] {processor.py:925} INFO - DAG(s) 'xcom_dag' retrieved from /opt/airflow/dags/02_xcom_dag.py
[2026-08-30T18:10:22.305+0000] {logging_mixin.py:190} INFO - [2026-08-30T18:10:22.304+0000] {dag.py:3239} INFO - Sync 1 DAGs
[2026-08-30T18:10:22.316+0000] {logging_mixin.py:190} INFO - [2026-08-30T18:10:22.316+0000] {dag.py:4180} INFO - Setting next_dagrun for xcom_dag to None, run_after=None
[2026-08-30T18:10:22.332+0000] {processor.py:208} INFO - Processing /opt/airflow/dags/02_xcom_dag.py took 0.079 seconds
[2026-08-30T18:10:53.032+0000] {processor.py:186} INFO - Started process (PID=132) to work on /opt/airflow/dags/02_xcom_dag.py
[2026-08-30T18:10:53.033+0000] {processor.py:914} INFO - Processing file /opt/airflow/dags/02_xcom_dag.py for tasks to queue
[2026-08-30T18:10:53.035+0000] {logging_mixin.py:190} INFO - [2026-08-30T18:10:53.035+0000] {dagbag.py:588} INFO - Filling up the DagBag from /opt/airflow/dags/02_xcom_dag.py
[2026-08-30T18:10:53.056+0000] {processor.py:925} INFO - DAG(s) 'xcom_dag' retrieved from /opt/airflow/dags/02_xcom_dag.py
[2026-08-30T18:10:53.086+0000] {logging_mixin.py:190} INFO - [2026-08-30T18:10:53.086+0000] {dag.py:3239} INFO - Sync 1 DAGs
[2026-08-30T18:10:53.094+0000] {logging_mixin.py:190} INFO - [2026-08-30T18:10:53.094+0000] {dag.py:4180} INFO - Setting next_dagrun for xcom_dag to None, run_after=None
[2026-08-30T18:10:53.108+0000] {processor.py:208} INFO - Processing /opt/airflow/dags/02_xcom_dag.py took 0.083 seconds
[2026-08-30T18:11:23.354+0000] {processor.py:186} INFO - Started process (PID=145) to work on /opt/airflow/dags/02_xcom_dag.py
[2026-08-30T18:11:23.355+0000] {processor.py:914} INFO - Processing file /opt/airflow/dags/02_xcom_dag.py for tasks to queue
[2026-08-30T18:11:23.358+0000] {logging_mixin.py:190} INFO - [2026-08-30T18:11:23.358+0000] {dagbag.py:588} INFO - Filling up the DagBag from /opt/airflow/dags/02_xcom_dag.py
[2026-08-30T18:11:23.370+0000] {processor.py:925} INFO - DAG(s) 'xcom_dag' retrieved from /opt/airflow/dags/02_xcom_dag.py
[2026-08-30T18:11:23.394+0000] {logging_mixin.py:190} INFO - [2026-08-30T18:11:23.394+0000] {dag.py:3239} INFO - Sync 1 DAGs
[2026-08-30T18:11:23.411+0000] {logging_mixin.py:190} INFO - [2026-08-30T18:11:23.411+0000] {dag.py:4180} INFO - Setting next_dagrun for xcom_dag to None, run_after=None
[2026-08-30T18:11:23.429+0000] {processor.py:208} INFO - Processing /opt/airflow/dags/02_xcom_dag.py took 0.084 seconds
[2026-08-30T18:11:54.267+0000] {processor.py:186} INFO - Started process (PID=158) to work on /opt/airflow/dags/02_xcom_dag.py
[2026-08-30T18:11:54.268+0000] {processor.py:914} INFO - Processing file /opt/airflow/dags/02_xcom_dag.py for tasks to queue
[2026-08-30T18:11:54.269+0000] {logging_mixin.py:190} INFO - [2026-08-30T18:11:54.269+0000] {dagbag.py:588} INFO - Filling up the DagBag from /opt/airflow/dags/02_xcom_dag.py
[2026-08-30T18:11:54.279+0000] {processor.py:925} INFO - DAG(s) 'xcom_dag' retrieved from /opt/airflow/dags/02_xcom_dag.py
[2026-08-30T18:11:54.301+0000] {logging_mixin.py:190} INFO - [2026-08-30T18:11:54.301+0000] {dag.py:3239} INFO - Sync 1 DAGs
[2026-08-30T18:11:54.423+0000] {logging_mixin.py:190} INFO - [2026-08-30T18:11:54.422+0000] {dag.py:4180} INFO - Setting next_dagrun for xcom_dag to None, run_after=None
[2026-08-30T18:11:54.437+0000] {processor.py:208} INFO - Processing /opt/airflow/dags/02_xcom_dag.py took 0.173 seconds
[2026-08-30T18:12:24.994+0000] {processor.py:186} INFO - Started process (PID=171) to work on /opt/airflow/dags/02_xcom_dag.py
[2026-08-30T18:12:24.995+0000] {processor.py:914} INFO - Processing file /opt/airflow/dags/02_xcom_dag.py for tasks to queue
[2026-08-30T18:12:24.997+0000] {logging_mixin.py:190} INFO - [2026-08-30T18:12:24.996+0000] {dagbag.py:588} INFO - Filling up the DagBag from /opt/airflow/dags/02_xcom_dag.py
[2026-08-30T18:12:25.010+0000] {processor.py:925} INFO - DAG(s) 'xcom_dag' retrieved from /opt/airflow/dags/02_xcom_dag.py
[2026-08-30T18:12:25.030+0000] {logging_mixin.py:190} INFO - [2026-08-30T18:12:25.029+0000] {dag.py:3239} INFO - Sync 1 DAGs
[2026-08-30T18:12:25.041+0000] {logging_mixin.py:190} INFO - [2026-08-30T18:12:25.041+0000] {dag.py:4180} INFO - Setting next_dagrun for xcom_dag to None, run_after=None
[2026-08-30T18:12:25.054+0000] {processor.py:208} INFO - Processing /opt/airflow/dags/02_xcom_dag.py took 0.065 seconds
[2026-08-30T18:12:55.279+0000] {processor.py:186} INFO - Started process (PID=184) to work on /opt/airflow/dags/02_xcom_dag.py
[2026-08-30T18:12:55.281+0000] {processor.py:914} INFO - Processing file /opt/airflow/dags/02_xcom_dag.py for tasks to queue
[2026-08-30T18:12:55.284+0000] {logging_mixin.py:190} INFO - [2026-08-30T18:12:55.284+0000] {dagbag.py:588} INFO - Filling up the DagBag from /opt/airflow/dags/02_xcom_dag.py
[2026-08-30T18:12:55.301+0000] {processor.py:925} INFO - DAG(s) 'xcom_dag' retrieved from /opt/airflow/dags/02_xcom_dag.py
[2026-08-30T18:12:55.331+0000] {logging_mixin.py:190} INFO - [2026-08-30T18:12:55.331+0000] {dag.py:3239} INFO - Sync 1 DAGs
[2026-08-30T18:12:55.345+0000] {logging_mixin.py:190} INFO - [2026-08-30T18:12:55.345+0000] {dag.py:4180} INFO - Setting next_dagrun for xcom_dag to None, run_after=None
[2026-08-30T18:12:55.354+0000] {processor.py:208} INFO - Processing /opt/airflow/dags/02_xcom_dag.py took 0.085 seconds
[2026-08-30T18:13:25.601+0000] {processor.py:186} INFO - Started process (PID=197) to work on /opt/airflow/dags/02_xcom_dag.py
[2026-08-30T18:13:25.603+0000] {processor.py:914} INFO - Processing file /opt/airflow/dags/02_xcom_dag.py for tasks to queue
[2026-08-30T18:13:25.605+0000] {logging_mixin.py:190} INFO - [2026-08-30T18:13:25.605+0000] {dagbag.py:588} INFO - Filling up the DagBag from /opt/airflow/dags/02_xcom_dag.py
[2026-08-30T18:13:25.618+0000] {processor.py:925} INFO - DAG(s) 'xcom_dag' retrieved from /opt/airflow/dags/02_xcom_dag.py
[2026-08-30T18:13:25.638+0000] {logging_mixin.py:190} INFO - [2026-08-30T18:13:25.638+0000] {dag.py:3239} INFO - Sync 1 DAGs
[2026-08-30T18:13:25.652+0000] {logging_mixin.py:190} INFO - [2026-08-30T18:13:25.651+0000] {dag.py:4180} INFO - Setting next_dagrun for xcom_dag to None, run_after=None
[2026-08-30T18:13:25.723+0000] {processor.py:208} INFO - Processing /opt/airflow/dags/02_xcom_dag.py took 0.128 seconds
[2026-08-30T18:13:56.497+0000] {processor.py:186} INFO - Started process (PID=210) to work on /opt/airflow/dags/02_xcom_dag.py
[2026-08-30T18:13:56.498+0000] {processor.py:914} INFO - Processing file /opt/airflow/dags/02_xcom_dag.py for tasks to queue
[2026-08-30T18:13:56.502+0000] {logging_mixin.py:190} INFO - [2026-08-30T18:13:56.501+0000] {dagbag.py:588} INFO - Filling up the DagBag from /opt/airflow/dags/02_xcom_dag.py
[2026-08-30T18:13:56.519+0000] {processor.py:925} INFO - DAG(s) 'xcom_dag' retrieved from /opt/airflow/dags/02_xcom_dag.py
[2026-08-30T18:13:56.565+0000] {logging_mixin.py:190} INFO - [2026-08-30T18:13:56.564+0000] {dag.py:3239} INFO - Sync 1 DAGs
[2026-08-30T18:13:56.582+0000] {logging_mixin.py:190} INFO - [2026-08-30T18:13:56.582+0000] {dag.py:4180} INFO - Setting next_dagrun for xcom_dag to None, run_after=None
[2026-08-30T18:13:56.610+0000] {processor.py:208} INFO - Processing /opt/airflow/dags/02_xcom_dag.py took 0.120 seconds
[2026-08-30T18:14:27.192+0000] {processor.py:186} INFO - Started process (PID=223) to work on /opt/airflow/dags/02_xcom_dag.py
[2026-08-30T18:14:27.193+0000] {processor.py:914} INFO - Processing file /opt/airflow/dags/02_xcom_dag.py for tasks to queue
[2026-08-30T18:14:27.198+0000] {logging_mixin.py:190} INFO - [2026-08-30T18:14:27.198+0000] {dagbag.py:588} INFO - Filling up the DagBag from /opt/airflow/dags/02_xcom_dag.py
[2026-08-30T18:14:27.223+0000] {processor.py:925} INFO - DAG(s) 'xcom_dag' retrieved from /opt/airflow/dags/02_xcom_dag.py
[2026-08-30T18:14:27.286+0000] {logging_mixin.py:190} INFO - [2026-08-30T18:14:27.286+0000] {dag.py:3239} INFO - Sync 1 DAGs
[2026-08-30T18:14:27.302+0000] {logging_mixin.py:190} INFO - [2026-08-30T18:14:27.302+0000] {dag.py:4180} INFO - Setting next_dagrun for xcom_dag to None, run_after=None
[2026-08-30T18:14:27.320+0000] {processor.py:208} INFO - Processing /opt/airflow/dags/02_xcom_dag.py took 0.137 seconds
[2026-08-30T18:14:57.912+0000] {processor.py:186} INFO - Started process (PID=236) to work on /opt/airflow/dags/02_xcom_dag.py
[2026-08-30T18:14:57.914+0000] {processor.py:914} INFO - Processing file /opt/airflow/dags/02_xcom_dag.py for tasks to queue
[2026-08-30T18:14:57.918+0000] {logging_mixin.py:190} INFO - [2026-08-30T18:14:57.918+0000] {dagbag.py:588} INFO - Filling up the DagBag from /opt/airflow/dags/02_xcom_dag.py
[2026-08-30T18:14:57.932+0000] {processor.py:925} INFO - DAG(s) 'xcom_dag' retrieved from /opt/airflow/dags/02_xcom_dag.py
[2026-08-30T18:14:57.955+0000] {logging_mixin.py:190} INFO - [2026-08-30T18:14:57.955+0000] {dag.py:3239} INFO - Sync 1 DAGs
[2026-08-30T18:14:57.962+0000] {logging_mixin.py:190} INFO - [2026-08-30T18:14:57.962+0000] {dag.py:4180} INFO - Setting next_dagrun for xcom_dag to None, run_after=None
[2026-08-30T18:14:57.976+0000] {processor.py:208} INFO - Processing /opt/airflow/dags/02_xcom_dag.py took 0.072 seconds
[2026-08-30T18:15:28.558+0000] {processor.py:186} INFO - Started process (PID=249) to work on /opt/airflow/dags/02_xcom_dag.py
[2026-08-30T18:15:28.560+0000] {processor.py:914} INFO - Processing file /opt/airflow/dags/02_xcom_dag.py for tasks to queue
[2026-08-30T18:15:28.565+0000] {logging_mixin.py:190} INFO - [2026-08-30T18:15:28.564+0000] {dagbag.py:588} INFO - Filling up the DagBag from /opt/airflow/dags/02_xcom_dag.py
[2026-08-30T18:15:28.583+0000] {processor.py:925} INFO - DAG(s) 'xcom_dag' retrieved from /opt/airflow/dags/02_xcom_dag.py
[2026-08-30T18:15:28.604+0000] {logging_mixin.py:190} INFO - [2026-08-30T18:15:28.604+0000] {dag.py:3239} INFO - Sync 1 DAGs
[2026-08-30T18:15:28.615+0000] {logging_mixin.py:190} INFO - [2026-08-30T18:15:28.615+0000] {dag.py:4180} INFO - Setting next_dagrun for xcom_dag to None, run_after=None
[2026-08-30T18:15:28.631+0000] {processor.py:208} INFO - Processing /opt/airflow/dags/02_xcom_dag.py took 0.081 seconds
[2026-08-30T18:15:59.147+0000] {processor.py:186} INFO - Started process (PID=262) to work on /opt/airflow/dags/02_xcom_dag.py
[2026-08-30T18:15:59.149+0000] {processor.py:914} INFO - Processing file /opt/airflow/dags/02_xcom_dag.py for tasks to queue
[2026-08-30T18:15:59.153+0000] {logging_mixin.py:190} INFO - [2026-08-30T18:15:59.152+0000] {dagbag.py:588} INFO - Filling up the DagBag from /opt/airflow/dags/02_xcom_dag.py
[2026-08-30T18:15:59.164+0000] {processor.py:925} INFO - DAG(s) 'xcom_dag' retrieved from /opt/airflow/dags/02_xcom_dag.py
[2026-08-30T18:15:59.190+0000] {logging_mixin.py:190} INFO - [2026-08-30T18:15:59.190+0000] {dag.py:3239} INFO - Sync 1 DAGs
[2026-08-30T18:15:59.200+0000] {logging_mixin.py:190} INFO - [2026-08-30T18:15:59.200+0000] {dag.py:4180} INFO - Setting next_dagrun for xcom_dag to None, run_after=None
[2026-08-30T18:15:59.214+0000] {processor.py:208} INFO - Processing /opt/airflow/dags/02_xcom_dag.py took 0.074 seconds
[2026-08-30T18:16:29.800+0000] {processor.py:186} INFO - Started process (PID=275) to work on /opt/airflow/dags/02_xcom_dag.py
[2026-08-30T18:16:29.801+0000] {processor.py:914} INFO - Processing file /opt/airflow/dags/02_xcom_dag.py for tasks to queue
[2026-08-30T18:16:29.805+0000] {logging_mixin.py:190} INFO - [2026-08-30T18:16:29.804+0000] {dagbag.py:588} INFO - Filling up the DagBag from /opt/airflow/dags/02_xcom_dag.py
[2026-08-30T18:16:29.822+0000] {processor.py:925} INFO - DAG(s) 'xcom_dag' retrieved from /opt/airflow/dags/02_xcom_dag.py
[2026-08-30T18:16:29.848+0000] {logging_mixin.py:190} INFO - [2026-08-30T18:16:29.848+0000] {dag.py:3239} INFO - Sync 1 DAGs
[2026-08-30T18:16:29.858+0000] {logging_mixin.py:190} INFO - [2026-08-30T18:16:29.858+0000] {dag.py:4180} INFO - Setting next_dagrun for xcom_dag to None, run_after=None
[2026-08-30T18:16:29.876+0000] {processor.py:208} INFO - Processing /opt/airflow/dags/02_xcom_dag.py took 0.085 seconds
[2026-08-30T18:17:00.460+0000] {processor.py:186} INFO - Started process (PID=288) to work on /opt/airflow/dags/02_xcom_dag.py
[2026-08-30T18:17:00.462+0000] {processor.py:914} INFO - Processing file /opt/airflow/dags/02_xcom_dag.py for tasks to queue
[2026-08-30T18:17:00.467+0000] {logging_mixin.py:190} INFO - [2026-08-30T18:17:00.466+0000] {dagbag.py:588} INFO - Filling up the DagBag from /opt/airflow/dags/02_xcom_dag.py
[2026-08-30T18:17:00.487+0000] {processor.py:925} INFO - DAG(s) 'xcom_dag' retrieved from /opt/airflow/dags/02_xcom_dag.py
[2026-08-30T18:17:00.510+0000] {logging_mixin.py:190} INFO - [2026-08-30T18:17:00.510+0000] {dag.py:3239} INFO - Sync 1 DAGs
[2026-08-30T18:17:00.518+0000] {logging_mixin.py:190} INFO - [2026-08-30T18:17:00.518+0000] {dag.py:4180} INFO - Setting next_dagrun for xcom_dag to None, run_after=None
[2026-08-30T18:17:00.534+0000] {processor.py:208} INFO - Processing /opt/airflow/dags/02_xcom_dag.py took 0.082 seconds
[2026-08-30T18:17:31.151+0000] {processor.py:186} INFO - Started process (PID=301) to work on /opt/airflow/dags/02_xcom_dag.py
[2026-08-30T18:17:31.153+0000] {processor.py:914} INFO - Processing file /opt/airflow/dags/02_xcom_dag.py for tasks to queue
[2026-08-30T18:17:31.155+0000] {logging_mixin.py:190} INFO - [2026-08-30T18:17:31.155+0000] {dagbag.py:588} INFO - Filling up the DagBag from /opt/airflow/dags/02_xcom_dag.py
[2026-08-30T18:17:31.167+0000] {processor.py:925} INFO - DAG(s) 'xcom_dag' retrieved from /opt/airflow/dags/02_xcom_dag.py
[2026-08-30T18:17:31.193+0000] {logging_mixin.py:190} INFO - [2026-08-30T18:17:31.193+0000] {dag.py:3239} INFO - Sync 1 DAGs
[2026-08-30T18:17:31.203+0000] {logging_mixin.py:190} INFO - [2026-08-30T18:17:31.203+0000] {dag.py:4180} INFO - Setting next_dagrun for xcom_dag to None, run_after=None
[2026-08-30T18:17:31.217+0000] {processor.py:208} INFO - Processing /opt/airflow/dags/02_xcom_dag.py took 0.071 seconds
[2026-08-30T18:18:01.821+0000] {processor.py:186} INFO - Started process (PID=314) to work on /opt/airflow/dags/02_xcom_dag.py
[2026-08-30T18:18:01.822+0000] {processor.py:914} INFO - Processing file /opt/airflow/dags/02_xcom_dag.py for tasks to queue
[2026-08-30T18:18:01.828+0000] {logging_mixin.py:190} INFO - [2026-08-30T18:18:01.828+0000] {dagbag.py:588} INFO - Filling up the DagBag from /opt/airflow/dags/02_xcom_dag.py
[2026-08-30T18:18:01.842+0000] {processor.py:925} INFO - DAG(s) 'xcom_dag' retrieved from /opt/airflow/dags/02_xcom_dag.py
[2026-08-30T18:18:01.864+0000] {logging_mixin.py:190} INFO - [2026-08-30T18:18:01.864+0000] {dag.py:3239} INFO - Sync 1 DAGs
[2026-08-30T18:18:01.877+0000] {logging_mixin.py:190} INFO - [2026-08-30T18:18:01.877+0000] {dag.py:4180} INFO - Setting next_dagrun for xcom_dag to None, run_after=None
[2026-08-30T18:18:01.894+0000] {processor.py:208} INFO - Processing /opt/airflow/dags/02_xcom_dag.py took 0.081 seconds
[2026-08-30T18:18:32.575+0000] {processor.py:186} INFO - Started process (PID=327) to work on /opt/airflow/dags/02_xcom_dag.py
[2026-08-30T18:18:32.577+0000] {processor.py:914} INFO - Processing file /opt/airflow/dags/02_xcom_dag.py for tasks to queue
[2026-08-30T18:18:32.581+0000] {logging_mixin.py:190} INFO - [2026-08-30T18:18:32.581+0000] {dagbag.py:588} INFO - Filling up the DagBag from /opt/airflow/dags/02_xcom_dag.py
[2026-08-30T18:18:32.591+0000] {processor.py:925} INFO - DAG(s) 'xcom_dag' retrieved from /opt/airflow/dags/02_xcom_dag.py
[2026-08-30T18:18:32.616+0000] {logging_mixin.py:190} INFO - [2026-08-30T18:18:32.616+0000] {dag.py:3239} INFO - Sync 1 DAGs
[2026-08-30T18:18:32.625+0000] {logging_mixin.py:190} INFO - [2026-08-30T18:18:32.625+0000] {dag.py:4180} INFO - Setting next_dagrun for xcom_dag to None, run_after=None
[2026-08-30T18:18:32.643+0000] {processor.py:208} INFO - Processing /opt/airflow/dags/02_xcom_dag.py took 0.078 seconds
[2026-08-30T18:19:02.684+0000] {processor.py:186} INFO - Started process (PID=340) to work on /opt/airflow/dags/02_xcom_dag.py
[2026-08-30T18:19:02.685+0000] {processor.py:914} INFO - Processing file /opt/airflow/dags/02_xcom_dag.py for tasks to queue
[2026-08-30T18:19:02.688+0000] {logging_mixin.py:190} INFO - [2026-08-30T18:19:02.688+0000] {dagbag.py:588} INFO - Filling up the DagBag from /opt/airflow/dags/02_xcom_dag.py
[2026-08-30T18:19:02.704+0000] {processor.py:925} INFO - DAG(s) 'xcom_dag' retrieved from /opt/airflow/dags/02_xcom_dag.py
[2026-08-30T18:19:02.735+0000] {logging_mixin.py:190} INFO - [2026-08-30T18:19:02.735+0000] {dag.py:3239} INFO - Sync 1 DAGs
[2026-08-30T18:19:02.750+0000] {logging_mixin.py:190} INFO - [2026-08-30T18:19:02.749+0000] {dag.py:4180} INFO - Setting next_dagrun for xcom_dag to None, run_after=None
[2026-08-30T18:19:02.771+0000] {processor.py:208} INFO - Processing /opt/airflow/dags/02_xcom_dag.py took 0.092 seconds
[2026-08-30T18:19:33.121+0000] {processor.py:186} INFO - Started process (PID=353) to work on /opt/airflow/dags/02_xcom_dag.py
[2026-08-30T18:19:33.123+0000] {processor.py:914} INFO - Processing file /opt/airflow/dags/02_xcom_dag.py for tasks to queue
[2026-08-30T18:19:33.127+0000] {logging_mixin.py:190} INFO - [2026-08-30T18:19:33.127+0000] {dagbag.py:588} INFO - Filling up the DagBag from /opt/airflow/dags/02_xcom_dag.py
[2026-08-30T18:19:33.151+0000] {processor.py:925} INFO - DAG(s) 'xcom_dag' retrieved from /opt/airflow/dags/02_xcom_dag.py
[2026-08-30T18:19:33.183+0000] {logging_mixin.py:190} INFO - [2026-08-30T18:19:33.183+0000] {dag.py:3239} INFO - Sync 1 DAGs
[2026-08-30T18:19:33.193+0000] {logging_mixin.py:190} INFO - [2026-08-30T18:19:33.193+0000] {dag.py:4180} INFO - Setting next_dagrun for xcom_dag to None, run_after=None
[2026-08-30T18:19:33.210+0000] {processor.py:208} INFO - Processing /opt/airflow/dags/02_xcom_dag.py took 0.099 seconds
[2026-08-30T18:20:03.682+0000] {processor.py:186} INFO - Started process (PID=366) to work on /opt/airflow/dags/02_xcom_dag.py
[2026-08-30T18:20:03.683+0000] {processor.py:914} INFO - Processing file /opt/airflow/dags/02_xcom_dag.py for tasks to queue
[2026-08-30T18:20:03.686+0000] {logging_mixin.py:190} INFO - [2026-08-30T18:20:03.686+0000] {dagbag.py:588} INFO - Filling up the DagBag from /opt/airflow/dags/02_xcom_dag.py
[2026-08-30T18:20:03.709+0000] {processor.py:925} INFO - DAG(s) 'xcom_dag' retrieved from /opt/airflow/dags/02_xcom_dag.py
[2026-08-30T18:20:03.753+0000] {logging_mixin.py:190} INFO - [2026-08-30T18:20:03.753+0000] {dag.py:3239} INFO - Sync 1 DAGs
[2026-08-30T18:20:03.784+0000] {logging_mixin.py:190} INFO - [2026-08-30T18:20:03.784+0000] {dag.py:4180} INFO - Setting next_dagrun for xcom_dag to None, run_after=None
[2026-08-30T18:20:03.815+0000] {processor.py:208} INFO - Processing /opt/airflow/dags/02_xcom_dag.py took 0.144 seconds
[2026-08-30T18:20:33.954+0000] {processor.py:186} INFO - Started process (PID=379) to work on /opt/airflow/dags/02_xcom_dag.py
[2026-08-30T18:20:33.955+0000] {processor.py:914} INFO - Processing file /opt/airflow/dags/02_xcom_dag.py for tasks to queue
[2026-08-30T18:20:33.959+0000] {logging_mixin.py:190} INFO - [2026-08-30T18:20:33.958+0000] {dagbag.py:588} INFO - Filling up the DagBag from /opt/airflow/dags/02_xcom_dag.py
[2026-08-30T18:20:33.972+0000] {processor.py:925} INFO - DAG(s) 'xcom_dag' retrieved from /opt/airflow/dags/02_xcom_dag.py
[2026-08-30T18:20:33.995+0000] {logging_mixin.py:190} INFO - [2026-08-30T18:20:33.995+0000] {dag.py:3239} INFO - Sync 1 DAGs
[2026-08-30T18:20:34.008+0000] {logging_mixin.py:190} INFO - [2026-08-30T18:20:34.008+0000] {dag.py:4180} INFO - Setting next_dagrun for xcom_dag to None, run_after=None
[2026-08-30T18:20:34.056+0000] {processor.py:208} INFO - Processing /opt/airflow/dags/02_xcom_dag.py took 0.107 seconds
[2026-08-30T18:21:04.341+0000] {processor.py:186} INFO - Started process (PID=392) to work on /opt/airflow/dags/02_xcom_dag.py
[2026-08-30T18:21:04.343+0000] {processor.py:914} INFO - Processing file /opt/airflow/dags/02_xcom_dag.py for tasks to queue
[2026-08-30T18:21:04.346+0000] {logging_mixin.py:190} INFO - [2026-08-30T18:21:04.345+0000] {dagbag.py:588} INFO - Filling up the DagBag from /opt/airflow/dags/02_xcom_dag.py
[2026-08-30T18:21:04.353+0000] {processor.py:925} INFO - DAG(s) 'xcom_dag' retrieved from /opt/airflow/dags/02_xcom_dag.py
[2026-08-30T18:21:04.379+0000] {logging_mixin.py:190} INFO - [2026-08-30T18:21:04.379+0000] {dag.py:3239} INFO - Sync 1 DAGs
[2026-08-30T18:21:04.392+0000] {logging_mixin.py:190} INFO - [2026-08-30T18:21:04.392+0000] {dag.py:4180} INFO - Setting next_dagrun for xcom_dag to None, run_after=None
[2026-08-30T18:21:04.413+0000] {processor.py:208} INFO - Processing /opt/airflow/dags/02_xcom_dag.py took 0.077 seconds
[2026-08-30T18:21:35.312+0000] {processor.py:186} INFO - Started process (PID=405) to work on /opt/airflow/dags/02_xcom_dag.py
[2026-08-30T18:21:35.313+0000] {processor.py:914} INFO - Processing file /opt/airflow/dags/02_xcom_dag.py for tasks to queue
[2026-08-30T18:21:35.315+0000] {logging_mixin.py:190} INFO - [2026-08-30T18:21:35.315+0000] {dagbag.py:588} INFO - Filling up the DagBag from /opt/airflow/dags/02_xcom_dag.py
[2026-08-30T18:21:35.325+0000] {processor.py:925} INFO - DAG(s) 'xcom_dag' retrieved from /opt/airflow/dags/02_xcom_dag.py
[2026-08-30T18:21:35.345+0000] {logging_mixin.py:190} INFO - [2026-08-30T18:21:35.345+0000] {dag.py:3239} INFO - Sync 1 DAGs
[2026-08-30T18:21:35.355+0000] {logging_mixin.py:190} INFO - [2026-08-30T18:21:35.355+0000] {dag.py:4180} INFO - Setting next_dagrun for xcom_dag to None, run_after=None
[2026-08-30T18:21:35.370+0000] {processor.py:208} INFO - Processing /opt/airflow/dags/02_xcom_dag.py took 0.063 seconds
[2026-08-30T18:22:05.945+0000] {processor.py:186} INFO - Started process (PID=418) to work on /opt/airflow/dags/02_xcom_dag.py
[2026-08-30T18:22:05.947+0000] {processor.py:914} INFO - Processing file /opt/airflow/dags/02_xcom_dag.py for tasks to queue
[2026-08-30T18:22:05.950+0000] {logging_mixin.py:190} INFO - [2026-08-30T18:22:05.950+0000] {dagbag.py:588} INFO - Filling up the DagBag from /opt/airflow/dags/02_xcom_dag.py
[2026-08-30T18:22:05.961+0000] {processor.py:925} INFO - DAG(s) 'xcom_dag' retrieved from /opt/airflow/dags/02_xcom_dag.py
[2026-08-30T18:22:05.985+0000] {logging_mixin.py:190} INFO - [2026-08-30T18:22:05.985+0000] {dag.py:3239} INFO - Sync 1 DAGs
[2026-08-30T18:22:05.996+0000] {logging_mixin.py:190} INFO - [2026-08-30T18:22:05.995+0000] {dag.py:4180} INFO - Setting next_dagrun for xcom_dag to None, run_after=None
[2026-08-30T18:22:06.014+0000] {processor.py:208} INFO - Processing /opt/airflow/dags/02_xcom_dag.py took 0.074 seconds
[2026-08-30T18:22:36.528+0000] {processor.py:186} INFO - Started process (PID=431) to work on /opt/airflow/dags/02_xcom_dag.py
[2026-08-30T18:22:36.529+0000] {processor.py:914} INFO - Processing file /opt/airflow/dags/02_xcom_dag.py for tasks to queue
[2026-08-30T18:22:36.531+0000] {logging_mixin.py:190} INFO - [2026-08-30T18:22:36.531+0000] {dagbag.py:588} INFO - Filling up the DagBag from /opt/airflow/dags/02_xcom_dag.py
[2026-08-30T18:22:36.542+0000] {processor.py:925} INFO - DAG(s) 'xcom_dag' retrieved from /opt/airflow/dags/02_xcom_dag.py
[2026-08-30T18:22:36.567+0000] {logging_mixin.py:190} INFO - [2026-08-30T18:22:36.567+0000] {dag.py:3239} INFO - Sync 1 DAGs
[2026-08-30T18:22:36.580+0000] {logging_mixin.py:190} INFO - [2026-08-30T18:22:36.579+0000] {dag.py:4180} INFO - Setting next_dagrun for xcom_dag to None, run_after=None
[2026-08-30T18:22:36.594+0000] {processor.py:208} INFO - Processing /opt/airflow/dags/02_xcom_dag.py took 0.072 seconds
[2026-08-30T18:24:43.104+0000] {processor.py:186} INFO - Started process (PID=95) to work on /opt/airflow/dags/02_xcom_dag.py
[2026-08-30T18:24:43.112+0000] {processor.py:914} INFO - Processing file /opt/airflow/dags/02_xcom_dag.py for tasks to queue
[2026-08-30T18:24:43.128+0000] {logging_mixin.py:190} INFO - [2026-08-30T18:24:43.124+0000] {dagbag.py:588} INFO - Filling up the DagBag from /opt/airflow/dags/02_xcom_dag.py
[2026-08-30T18:24:43.173+0000] {processor.py:925} INFO - DAG(s) 'xcom_dag' retrieved from /opt/airflow/dags/02_xcom_dag.py
[2026-08-30T18:24:43.340+0000] {logging_mixin.py:190} INFO - [2026-08-30T18:24:43.338+0000] {dag.py:3239} INFO - Sync 1 DAGs
[2026-08-30T18:24:43.398+0000] {logging_mixin.py:190} INFO - [2026-08-30T18:24:43.397+0000] {dag.py:4180} INFO - Setting next_dagrun for xcom_dag to None, run_after=None
[2026-08-30T18:24:43.458+0000] {processor.py:208} INFO - Processing /opt/airflow/dags/02_xcom_dag.py took 0.385 seconds
[2026-08-30T18:25:13.662+0000] {processor.py:186} INFO - Started process (PID=107) to work on /opt/airflow/dags/02_xcom_dag.py
[2026-08-30T18:25:13.664+0000] {processor.py:914} INFO - Processing file /opt/airflow/dags/02_xcom_dag.py for tasks to queue
[2026-08-30T18:25:13.667+0000] {logging_mixin.py:190} INFO - [2026-08-30T18:25:13.667+0000] {dagbag.py:588} INFO - Filling up the DagBag from /opt/airflow/dags/02_xcom_dag.py
[2026-08-30T18:25:13.679+0000] {processor.py:925} INFO - DAG(s) 'xcom_dag' retrieved from /opt/airflow/dags/02_xcom_dag.py
[2026-08-30T18:25:13.704+0000] {logging_mixin.py:190} INFO - [2026-08-30T18:25:13.704+0000] {dag.py:3239} INFO - Sync 1 DAGs
[2026-08-30T18:25:13.713+0000] {logging_mixin.py:190} INFO - [2026-08-30T18:25:13.713+0000] {dag.py:4180} INFO - Setting next_dagrun for xcom_dag to None, run_after=None
[2026-08-30T18:25:13.729+0000] {processor.py:208} INFO - Processing /opt/airflow/dags/02_xcom_dag.py took 0.073 seconds
[2026-08-30T18:25:43.809+0000] {processor.py:186} INFO - Started process (PID=120) to work on /opt/airflow/dags/02_xcom_dag.py
[2026-08-30T18:25:43.810+0000] {processor.py:914} INFO - Processing file /opt/airflow/dags/02_xcom_dag.py for tasks to queue
[2026-08-30T18:25:43.813+0000] {logging_mixin.py:190} INFO - [2026-08-30T18:25:43.813+0000] {dagbag.py:588} INFO - Filling up the DagBag from /opt/airflow/dags/02_xcom_dag.py
[2026-08-30T18:25:43.822+0000] {processor.py:925} INFO - DAG(s) 'xcom_dag' retrieved from /opt/airflow/dags/02_xcom_dag.py
[2026-08-30T18:25:43.899+0000] {logging_mixin.py:190} INFO - [2026-08-30T18:25:43.898+0000] {dag.py:3239} INFO - Sync 1 DAGs
[2026-08-30T18:25:43.966+0000] {logging_mixin.py:190} INFO - [2026-08-30T18:25:43.965+0000] {dag.py:4180} INFO - Setting next_dagrun for xcom_dag to None, run_after=None
[2026-08-30T18:25:44.030+0000] {processor.py:208} INFO - Processing /opt/airflow/dags/02_xcom_dag.py took 0.229 seconds
[2026-08-30T18:26:14.926+0000] {processor.py:186} INFO - Started process (PID=133) to work on /opt/airflow/dags/02_xcom_dag.py
[2026-08-30T18:26:14.927+0000] {processor.py:914} INFO - Processing file /opt/airflow/dags/02_xcom_dag.py for tasks to queue
[2026-08-30T18:26:14.930+0000] {logging_mixin.py:190} INFO - [2026-08-30T18:26:14.929+0000] {dagbag.py:588} INFO - Filling up the DagBag from /opt/airflow/dags/02_xcom_dag.py
[2026-08-30T18:26:14.946+0000] {processor.py:925} INFO - DAG(s) 'xcom_dag' retrieved from /opt/airflow/dags/02_xcom_dag.py
[2026-08-30T18:26:14.972+0000] {logging_mixin.py:190} INFO - [2026-08-30T18:26:14.972+0000] {dag.py:3239} INFO - Sync 1 DAGs
[2026-08-30T18:26:14.982+0000] {logging_mixin.py:190} INFO - [2026-08-30T18:26:14.982+0000] {dag.py:4180} INFO - Setting next_dagrun for xcom_dag to None, run_after=None
[2026-08-30T18:26:14.994+0000] {processor.py:208} INFO - Processing /opt/airflow/dags/02_xcom_dag.py took 0.075 seconds
[2026-08-30T18:26:45.394+0000] {processor.py:186} INFO - Started process (PID=146) to work on /opt/airflow/dags/02_xcom_dag.py
[2026-08-30T18:26:45.395+0000] {processor.py:914} INFO - Processing file /opt/airflow/dags/02_xcom_dag.py for tasks to queue
[2026-08-30T18:26:45.398+0000] {logging_mixin.py:190} INFO - [2026-08-30T18:26:45.397+0000] {dagbag.py:588} INFO - Filling up the DagBag from /opt/airflow/dags/02_xcom_dag.py
[2026-08-30T18:26:45.416+0000] {processor.py:925} INFO - DAG(s) 'xcom_dag' retrieved from /opt/airflow/dags/02_xcom_dag.py
[2026-08-30T18:26:45.441+0000] {logging_mixin.py:190} INFO - [2026-08-30T18:26:45.440+0000] {dag.py:3239} INFO - Sync 1 DAGs
[2026-08-30T18:26:45.452+0000] {logging_mixin.py:190} INFO - [2026-08-30T18:26:45.452+0000] {dag.py:4180} INFO - Setting next_dagrun for xcom_dag to None, run_after=None
[2026-08-30T18:26:45.468+0000] {processor.py:208} INFO - Processing /opt/airflow/dags/02_xcom_dag.py took 0.083 seconds
[2026-08-30T18:27:16.201+0000] {processor.py:186} INFO - Started process (PID=159) to work on /opt/airflow/dags/02_xcom_dag.py
[2026-08-30T18:27:16.202+0000] {processor.py:914} INFO - Processing file /opt/airflow/dags/02_xcom_dag.py for tasks to queue
[2026-08-30T18:27:16.207+0000] {logging_mixin.py:190} INFO - [2026-08-30T18:27:16.206+0000] {dagbag.py:588} INFO - Filling up the DagBag from /opt/airflow/dags/02_xcom_dag.py
[2026-08-30T18:27:16.221+0000] {processor.py:925} INFO - DAG(s) 'xcom_dag' retrieved from /opt/airflow/dags/02_xcom_dag.py
[2026-08-30T18:27:16.244+0000] {logging_mixin.py:190} INFO - [2026-08-30T18:27:16.244+0000] {dag.py:3239} INFO - Sync 1 DAGs
[2026-08-30T18:27:16.367+0000] {logging_mixin.py:190} INFO - [2026-08-30T18:27:16.367+0000] {dag.py:4180} INFO - Setting next_dagrun for xcom_dag to None, run_after=None
[2026-08-30T18:27:16.380+0000] {processor.py:208} INFO - Processing /opt/airflow/dags/02_xcom_dag.py took 0.187 seconds
[2026-08-30T18:27:47.018+0000] {processor.py:186} INFO - Started process (PID=172) to work on /opt/airflow/dags/02_xcom_dag.py
[2026-08-30T18:27:47.020+0000] {processor.py:914} INFO - Processing file /opt/airflow/dags/02_xcom_dag.py for tasks to queue
[2026-08-30T18:27:47.024+0000] {logging_mixin.py:190} INFO - [2026-08-30T18:27:47.024+0000] {dagbag.py:588} INFO - Filling up the DagBag from /opt/airflow/dags/02_xcom_dag.py
[2026-08-30T18:27:47.049+0000] {processor.py:925} INFO - DAG(s) 'xcom_dag' retrieved from /opt/airflow/dags/02_xcom_dag.py
[2026-08-30T18:27:47.104+0000] {logging_mixin.py:190} INFO - [2026-08-30T18:27:47.103+0000] {dag.py:3239} INFO - Sync 1 DAGs
[2026-08-30T18:27:47.134+0000] {logging_mixin.py:190} INFO - [2026-08-30T18:27:47.134+0000] {dag.py:4180} INFO - Setting next_dagrun for xcom_dag to None, run_after=None
[2026-08-30T18:27:47.160+0000] {processor.py:208} INFO - Processing /opt/airflow/dags/02_xcom_dag.py took 0.148 seconds
[2026-08-30T18:28:17.369+0000] {processor.py:186} INFO - Started process (PID=185) to work on /opt/airflow/dags/02_xcom_dag.py
[2026-08-30T18:28:17.370+0000] {processor.py:914} INFO - Processing file /opt/airflow/dags/02_xcom_dag.py for tasks to queue
[2026-08-30T18:28:17.372+0000] {logging_mixin.py:190} INFO - [2026-08-30T18:28:17.372+0000] {dagbag.py:588} INFO - Filling up the DagBag from /opt/airflow/dags/02_xcom_dag.py
[2026-08-30T18:28:17.390+0000] {processor.py:925} INFO - DAG(s) 'xcom_dag' retrieved from /opt/airflow/dags/02_xcom_dag.py
[2026-08-30T18:28:17.418+0000] {logging_mixin.py:190} INFO - [2026-08-30T18:28:17.418+0000] {dag.py:3239} INFO - Sync 1 DAGs
[2026-08-30T18:28:17.434+0000] {logging_mixin.py:190} INFO - [2026-08-30T18:28:17.433+0000] {dag.py:4180} INFO - Setting next_dagrun for xcom_dag to None, run_after=None
[2026-08-30T18:28:17.448+0000] {processor.py:208} INFO - Processing /opt/airflow/dags/02_xcom_dag.py took 0.086 seconds
[2026-08-30T18:28:48.227+0000] {processor.py:186} INFO - Started process (PID=198) to work on /opt/airflow/dags/02_xcom_dag.py
[2026-08-30T18:28:48.231+0000] {processor.py:914} INFO - Processing file /opt/airflow/dags/02_xcom_dag.py for tasks to queue
[2026-08-30T18:28:48.238+0000] {logging_mixin.py:190} INFO - [2026-08-30T18:28:48.238+0000] {dagbag.py:588} INFO - Filling up the DagBag from /opt/airflow/dags/02_xcom_dag.py
[2026-08-30T18:28:48.262+0000] {processor.py:925} INFO - DAG(s) 'xcom_dag' retrieved from /opt/airflow/dags/02_xcom_dag.py
[2026-08-30T18:28:48.307+0000] {logging_mixin.py:190} INFO - [2026-08-30T18:28:48.307+0000] {dag.py:3239} INFO - Sync 1 DAGs
[2026-08-30T18:28:48.321+0000] {logging_mixin.py:190} INFO - [2026-08-30T18:28:48.320+0000] {dag.py:4180} INFO - Setting next_dagrun for xcom_dag to None, run_after=None
[2026-08-30T18:28:48.338+0000] {processor.py:208} INFO - Processing /opt/airflow/dags/02_xcom_dag.py took 0.124 seconds
[2026-08-30T18:29:18.518+0000] {processor.py:186} INFO - Started process (PID=211) to work on /opt/airflow/dags/02_xcom_dag.py
[2026-08-30T18:29:18.521+0000] {processor.py:914} INFO - Processing file /opt/airflow/dags/02_xcom_dag.py for tasks to queue
[2026-08-30T18:29:18.528+0000] {logging_mixin.py:190} INFO - [2026-08-30T18:29:18.527+0000] {dagbag.py:588} INFO - Filling up the DagBag from /opt/airflow/dags/02_xcom_dag.py
[2026-08-30T18:29:18.550+0000] {processor.py:925} INFO - DAG(s) 'xcom_dag' retrieved from /opt/airflow/dags/02_xcom_dag.py
[2026-08-30T18:29:18.602+0000] {logging_mixin.py:190} INFO - [2026-08-30T18:29:18.602+0000] {dag.py:3239} INFO - Sync 1 DAGs
[2026-08-30T18:29:18.624+0000] {logging_mixin.py:190} INFO - [2026-08-30T18:29:18.623+0000] {dag.py:4180} INFO - Setting next_dagrun for xcom_dag to None, run_after=None
[2026-08-30T18:29:18.641+0000] {processor.py:208} INFO - Processing /opt/airflow/dags/02_xcom_dag.py took 0.135 seconds
[2026-08-30T18:29:48.991+0000] {processor.py:186} INFO - Started process (PID=224) to work on /opt/airflow/dags/02_xcom_dag.py
[2026-08-30T18:29:48.992+0000] {processor.py:914} INFO - Processing file /opt/airflow/dags/02_xcom_dag.py for tasks to queue
[2026-08-30T18:29:48.999+0000] {logging_mixin.py:190} INFO - [2026-08-30T18:29:48.999+0000] {dagbag.py:588} INFO - Filling up the DagBag from /opt/airflow/dags/02_xcom_dag.py
[2026-08-30T18:29:49.017+0000] {processor.py:925} INFO - DAG(s) 'xcom_dag' retrieved from /opt/airflow/dags/02_xcom_dag.py
[2026-08-30T18:29:49.076+0000] {logging_mixin.py:190} INFO - [2026-08-30T18:29:49.075+0000] {dag.py:3239} INFO - Sync 1 DAGs
[2026-08-30T18:29:49.121+0000] {logging_mixin.py:190} INFO - [2026-08-30T18:29:49.121+0000] {dag.py:4180} INFO - Setting next_dagrun for xcom_dag to None, run_after=None
[2026-08-30T18:29:49.167+0000] {processor.py:208} INFO - Processing /opt/airflow/dags/02_xcom_dag.py took 0.189 seconds
[2026-08-30T18:30:19.364+0000] {processor.py:186} INFO - Started process (PID=237) to work on /opt/airflow/dags/02_xcom_dag.py
[2026-08-30T18:30:19.366+0000] {processor.py:914} INFO - Processing file /opt/airflow/dags/02_xcom_dag.py for tasks to queue
[2026-08-30T18:30:19.375+0000] {logging_mixin.py:190} INFO - [2026-08-30T18:30:19.373+0000] {dagbag.py:588} INFO - Filling up the DagBag from /opt/airflow/dags/02_xcom_dag.py
[2026-08-30T18:30:19.402+0000] {processor.py:925} INFO - DAG(s) 'xcom_dag' retrieved from /opt/airflow/dags/02_xcom_dag.py
[2026-08-30T18:30:19.443+0000] {logging_mixin.py:190} INFO - [2026-08-30T18:30:19.443+0000] {dag.py:3239} INFO - Sync 1 DAGs
[2026-08-30T18:30:19.455+0000] {logging_mixin.py:190} INFO - [2026-08-30T18:30:19.455+0000] {dag.py:4180} INFO - Setting next_dagrun for xcom_dag to None, run_after=None
[2026-08-30T18:30:19.474+0000] {processor.py:208} INFO - Processing /opt/airflow/dags/02_xcom_dag.py took 0.117 seconds
[2026-08-30T18:30:49.726+0000] {processor.py:186} INFO - Started process (PID=249) to work on /opt/airflow/dags/02_xcom_dag.py
[2026-08-30T18:30:49.728+0000] {processor.py:914} INFO - Processing file /opt/airflow/dags/02_xcom_dag.py for tasks to queue
[2026-08-30T18:30:49.731+0000] {logging_mixin.py:190} INFO - [2026-08-30T18:30:49.731+0000] {dagbag.py:588} INFO - Filling up the DagBag from /opt/airflow/dags/02_xcom_dag.py
[2026-08-30T18:30:49.741+0000] {processor.py:925} INFO - DAG(s) 'xcom_dag' retrieved from /opt/airflow/dags/02_xcom_dag.py
[2026-08-30T18:30:49.777+0000] {logging_mixin.py:190} INFO - [2026-08-30T18:30:49.777+0000] {dag.py:3239} INFO - Sync 1 DAGs
[2026-08-30T18:30:49.791+0000] {logging_mixin.py:190} INFO - [2026-08-30T18:30:49.791+0000] {dag.py:4180} INFO - Setting next_dagrun for xcom_dag to None, run_after=None
[2026-08-30T18:30:49.807+0000] {processor.py:208} INFO - Processing /opt/airflow/dags/02_xcom_dag.py took 0.088 seconds
[2026-08-30T18:31:20.585+0000] {processor.py:186} INFO - Started process (PID=262) to work on /opt/airflow/dags/02_xcom_dag.py
[2026-08-30T18:31:20.587+0000] {processor.py:914} INFO - Processing file /opt/airflow/dags/02_xcom_dag.py for tasks to queue
[2026-08-30T18:31:20.590+0000] {logging_mixin.py:190} INFO - [2026-08-30T18:31:20.589+0000] {dagbag.py:588} INFO - Filling up the DagBag from /opt/airflow/dags/02_xcom_dag.py
[2026-08-30T18:31:20.607+0000] {processor.py:925} INFO - DAG(s) 'xcom_dag' retrieved from /opt/airflow/dags/02_xcom_dag.py
[2026-08-30T18:31:20.632+0000] {logging_mixin.py:190} INFO - [2026-08-30T18:31:20.632+0000] {dag.py:3239} INFO - Sync 1 DAGs
[2026-08-30T18:31:20.645+0000] {logging_mixin.py:190} INFO - [2026-08-30T18:31:20.644+0000] {dag.py:4180} INFO - Setting next_dagrun for xcom_dag to None, run_after=None
[2026-08-30T18:31:20.662+0000] {processor.py:208} INFO - Processing /opt/airflow/dags/02_xcom_dag.py took 0.084 seconds
[2026-08-30T18:31:51.363+0000] {processor.py:186} INFO - Started process (PID=275) to work on /opt/airflow/dags/02_xcom_dag.py
[2026-08-30T18:31:51.365+0000] {processor.py:914} INFO - Processing file /opt/airflow/dags/02_xcom_dag.py for tasks to queue
[2026-08-30T18:31:51.367+0000] {logging_mixin.py:190} INFO - [2026-08-30T18:31:51.367+0000] {dagbag.py:588} INFO - Filling up the DagBag from /opt/airflow/dags/02_xcom_dag.py
[2026-08-30T18:31:51.381+0000] {processor.py:925} INFO - DAG(s) 'xcom_dag' retrieved from /opt/airflow/dags/02_xcom_dag.py
[2026-08-30T18:31:51.414+0000] {logging_mixin.py:190} INFO - [2026-08-30T18:31:51.414+0000] {dag.py:3239} INFO - Sync 1 DAGs
[2026-08-30T18:31:51.423+0000] {logging_mixin.py:190} INFO - [2026-08-30T18:31:51.422+0000] {dag.py:4180} INFO - Setting next_dagrun for xcom_dag to None, run_after=None
[2026-08-30T18:31:51.432+0000] {processor.py:208} INFO - Processing /opt/airflow/dags/02_xcom_dag.py took 0.078 seconds
[2026-08-30T18:32:21.568+0000] {processor.py:186} INFO - Started process (PID=288) to work on /opt/airflow/dags/02_xcom_dag.py
[2026-08-30T18:32:21.570+0000] {processor.py:914} INFO - Processing file /opt/airflow/dags/02_xcom_dag.py for tasks to queue
[2026-08-30T18:32:21.572+0000] {logging_mixin.py:190} INFO - [2026-08-30T18:32:21.572+0000] {dagbag.py:588} INFO - Filling up the DagBag from /opt/airflow/dags/02_xcom_dag.py
[2026-08-30T18:32:21.594+0000] {processor.py:925} INFO - DAG(s) 'xcom_dag' retrieved from /opt/airflow/dags/02_xcom_dag.py
[2026-08-30T18:32:21.617+0000] {logging_mixin.py:190} INFO - [2026-08-30T18:32:21.617+0000] {dag.py:3239} INFO - Sync 1 DAGs
[2026-08-30T18:32:21.626+0000] {logging_mixin.py:190} INFO - [2026-08-30T18:32:21.626+0000] {dag.py:4180} INFO - Setting next_dagrun for xcom_dag to None, run_after=None
[2026-08-30T18:32:21.640+0000] {processor.py:208} INFO - Processing /opt/airflow/dags/02_xcom_dag.py took 0.080 seconds
[2026-08-30T18:47:36.889+0000] {processor.py:186} INFO - Started process (PID=301) to work on /opt/airflow/dags/02_xcom_dag.py
[2026-08-30T18:47:36.891+0000] {processor.py:914} INFO - Processing file /opt/airflow/dags/02_xcom_dag.py for tasks to queue
[2026-08-30T18:47:36.892+0000] {logging_mixin.py:190} INFO - [2026-08-30T18:47:36.892+0000] {dagbag.py:588} INFO - Filling up the DagBag from /opt/airflow/dags/02_xcom_dag.py
[2026-08-30T18:47:36.906+0000] {processor.py:925} INFO - DAG(s) 'xcom_dag' retrieved from /opt/airflow/dags/02_xcom_dag.py
[2026-08-30T18:47:36.961+0000] {logging_mixin.py:190} INFO - [2026-08-30T18:47:36.961+0000] {dag.py:3239} INFO - Sync 1 DAGs
[2026-08-30T18:47:36.986+0000] {logging_mixin.py:190} INFO - [2026-08-30T18:47:36.986+0000] {dag.py:4180} INFO - Setting next_dagrun for xcom_dag to None, run_after=None
[2026-08-30T18:47:37.039+0000] {processor.py:208} INFO - Processing /opt/airflow/dags/02_xcom_dag.py took 0.156 seconds
[2026-08-30T18:48:07.187+0000] {processor.py:186} INFO - Started process (PID=314) to work on /opt/airflow/dags/02_xcom_dag.py
[2026-08-30T18:48:07.188+0000] {processor.py:914} INFO - Processing file /opt/airflow/dags/02_xcom_dag.py for tasks to queue
[2026-08-30T18:48:07.189+0000] {logging_mixin.py:190} INFO - [2026-08-30T18:48:07.189+0000] {dagbag.py:588} INFO - Filling up the DagBag from /opt/airflow/dags/02_xcom_dag.py
[2026-08-30T18:48:07.196+0000] {processor.py:925} INFO - DAG(s) 'xcom_dag' retrieved from /opt/airflow/dags/02_xcom_dag.py
[2026-08-30T18:48:07.218+0000] {logging_mixin.py:190} INFO - [2026-08-30T18:48:07.218+0000] {dag.py:3239} INFO - Sync 1 DAGs
[2026-08-30T18:48:07.227+0000] {logging_mixin.py:190} INFO - [2026-08-30T18:48:07.227+0000] {dag.py:4180} INFO - Setting next_dagrun for xcom_dag to None, run_after=None
[2026-08-30T18:48:07.236+0000] {processor.py:208} INFO - Processing /opt/airflow/dags/02_xcom_dag.py took 0.057 seconds
[2026-08-30T19:03:34.524+0000] {processor.py:186} INFO - Started process (PID=327) to work on /opt/airflow/dags/02_xcom_dag.py
[2026-08-30T19:03:34.526+0000] {processor.py:914} INFO - Processing file /opt/airflow/dags/02_xcom_dag.py for tasks to queue
[2026-08-30T19:03:34.528+0000] {logging_mixin.py:190} INFO - [2026-08-30T19:03:34.528+0000] {dagbag.py:588} INFO - Filling up the DagBag from /opt/airflow/dags/02_xcom_dag.py
[2026-08-30T19:03:34.537+0000] {processor.py:925} INFO - DAG(s) 'xcom_dag' retrieved from /opt/airflow/dags/02_xcom_dag.py
[2026-08-30T19:03:34.558+0000] {logging_mixin.py:190} INFO - [2026-08-30T19:03:34.557+0000] {dag.py:3239} INFO - Sync 1 DAGs
[2026-08-30T19:03:34.571+0000] {logging_mixin.py:190} INFO - [2026-08-30T19:03:34.571+0000] {dag.py:4180} INFO - Setting next_dagrun for xcom_dag to None, run_after=None
[2026-08-30T19:03:34.583+0000] {processor.py:208} INFO - Processing /opt/airflow/dags/02_xcom_dag.py took 0.073 seconds
[2026-08-30T19:04:05.640+0000] {processor.py:186} INFO - Started process (PID=340) to work on /opt/airflow/dags/02_xcom_dag.py
[2026-08-30T19:04:05.641+0000] {processor.py:914} INFO - Processing file /opt/airflow/dags/02_xcom_dag.py for tasks to queue
[2026-08-30T19:04:05.646+0000] {logging_mixin.py:190} INFO - [2026-08-30T19:04:05.645+0000] {dagbag.py:588} INFO - Filling up the DagBag from /opt/airflow/dags/02_xcom_dag.py
[2026-08-30T19:04:05.653+0000] {processor.py:925} INFO - DAG(s) 'xcom_dag' retrieved from /opt/airflow/dags/02_xcom_dag.py
[2026-08-30T19:04:05.676+0000] {logging_mixin.py:190} INFO - [2026-08-30T19:04:05.676+0000] {dag.py:3239} INFO - Sync 1 DAGs
[2026-08-30T19:04:05.684+0000] {logging_mixin.py:190} INFO - [2026-08-30T19:04:05.684+0000] {dag.py:4180} INFO - Setting next_dagrun for xcom_dag to None, run_after=None
[2026-08-30T19:04:05.701+0000] {processor.py:208} INFO - Processing /opt/airflow/dags/02_xcom_dag.py took 0.066 seconds
[2026-08-30T19:04:36.793+0000] {processor.py:186} INFO - Started process (PID=353) to work on /opt/airflow/dags/02_xcom_dag.py
[2026-08-30T19:04:36.794+0000] {processor.py:914} INFO - Processing file /opt/airflow/dags/02_xcom_dag.py for tasks to queue
[2026-08-30T19:04:36.796+0000] {logging_mixin.py:190} INFO - [2026-08-30T19:04:36.795+0000] {dagbag.py:588} INFO - Filling up the DagBag from /opt/airflow/dags/02_xcom_dag.py
[2026-08-30T19:04:36.802+0000] {processor.py:925} INFO - DAG(s) 'xcom_dag' retrieved from /opt/airflow/dags/02_xcom_dag.py
[2026-08-30T19:04:36.819+0000] {logging_mixin.py:190} INFO - [2026-08-30T19:04:36.819+0000] {dag.py:3239} INFO - Sync 1 DAGs
[2026-08-30T19:04:36.826+0000] {logging_mixin.py:190} INFO - [2026-08-30T19:04:36.826+0000] {dag.py:4180} INFO - Setting next_dagrun for xcom_dag to None, run_after=None
[2026-08-30T19:04:36.839+0000] {processor.py:208} INFO - Processing /opt/airflow/dags/02_xcom_dag.py took 0.051 seconds
[2026-08-30T19:11:34.081+0000] {processor.py:186} INFO - Started process (PID=366) to work on /opt/airflow/dags/02_xcom_dag.py
[2026-08-30T19:11:34.083+0000] {processor.py:914} INFO - Processing file /opt/airflow/dags/02_xcom_dag.py for tasks to queue
[2026-08-30T19:11:34.086+0000] {logging_mixin.py:190} INFO - [2026-08-30T19:11:34.086+0000] {dagbag.py:588} INFO - Filling up the DagBag from /opt/airflow/dags/02_xcom_dag.py
[2026-08-30T19:11:34.093+0000] {processor.py:925} INFO - DAG(s) 'xcom_dag' retrieved from /opt/airflow/dags/02_xcom_dag.py
[2026-08-30T19:11:34.130+0000] {logging_mixin.py:190} INFO - [2026-08-30T19:11:34.130+0000] {dag.py:3239} INFO - Sync 1 DAGs
[2026-08-30T19:11:34.144+0000] {logging_mixin.py:190} INFO - [2026-08-30T19:11:34.144+0000] {dag.py:4180} INFO - Setting next_dagrun for xcom_dag to None, run_after=None
[2026-08-30T19:11:34.173+0000] {processor.py:208} INFO - Processing /opt/airflow/dags/02_xcom_dag.py took 0.101 seconds
[2026-08-30T19:26:36.563+0000] {processor.py:186} INFO - Started process (PID=379) to work on /opt/airflow/dags/02_xcom_dag.py
[2026-08-30T19:26:36.564+0000] {processor.py:914} INFO - Processing file /opt/airflow/dags/02_xcom_dag.py for tasks to queue
[2026-08-30T19:26:36.566+0000] {logging_mixin.py:190} INFO - [2026-08-30T19:26:36.566+0000] {dagbag.py:588} INFO - Filling up the DagBag from /opt/airflow/dags/02_xcom_dag.py
[2026-08-30T19:26:36.580+0000] {processor.py:925} INFO - DAG(s) 'xcom_dag' retrieved from /opt/airflow/dags/02_xcom_dag.py
[2026-08-30T19:26:36.599+0000] {logging_mixin.py:190} INFO - [2026-08-30T19:26:36.599+0000] {dag.py:3239} INFO - Sync 1 DAGs
[2026-08-30T19:26:36.609+0000] {logging_mixin.py:190} INFO - [2026-08-30T19:26:36.609+0000] {dag.py:4180} INFO - Setting next_dagrun for xcom_dag to None, run_after=None
[2026-08-30T19:26:36.625+0000] {processor.py:208} INFO - Processing /opt/airflow/dags/02_xcom_dag.py took 0.066 seconds
[2026-08-30T19:27:07.687+0000] {processor.py:186} INFO - Started process (PID=392) to work on /opt/airflow/dags/02_xcom_dag.py
[2026-08-30T19:27:07.690+0000] {processor.py:914} INFO - Processing file /opt/airflow/dags/02_xcom_dag.py for tasks to queue
[2026-08-30T19:27:07.693+0000] {logging_mixin.py:190} INFO - [2026-08-30T19:27:07.693+0000] {dagbag.py:588} INFO - Filling up the DagBag from /opt/airflow/dags/02_xcom_dag.py
[2026-08-30T19:27:07.701+0000] {processor.py:925} INFO - DAG(s) 'xcom_dag' retrieved from /opt/airflow/dags/02_xcom_dag.py
[2026-08-30T19:27:07.719+0000] {logging_mixin.py:190} INFO - [2026-08-30T19:27:07.719+0000] {dag.py:3239} INFO - Sync 1 DAGs
[2026-08-30T19:27:07.727+0000] {logging_mixin.py:190} INFO - [2026-08-30T19:27:07.727+0000] {dag.py:4180} INFO - Setting next_dagrun for xcom_dag to None, run_after=None
[2026-08-30T19:27:07.745+0000] {processor.py:208} INFO - Processing /opt/airflow/dags/02_xcom_dag.py took 0.065 seconds
[2026-08-30T19:27:38.697+0000] {processor.py:186} INFO - Started process (PID=405) to work on /opt/airflow/dags/02_xcom_dag.py
[2026-08-30T19:27:38.698+0000] {processor.py:914} INFO - Processing file /opt/airflow/dags/02_xcom_dag.py for tasks to queue
[2026-08-30T19:27:38.700+0000] {logging_mixin.py:190} INFO - [2026-08-30T19:27:38.700+0000] {dagbag.py:588} INFO - Filling up the DagBag from /opt/airflow/dags/02_xcom_dag.py
[2026-08-30T19:27:38.712+0000] {processor.py:925} INFO - DAG(s) 'xcom_dag' retrieved from /opt/airflow/dags/02_xcom_dag.py
[2026-08-30T19:27:38.738+0000] {logging_mixin.py:190} INFO - [2026-08-30T19:27:38.738+0000] {dag.py:3239} INFO - Sync 1 DAGs
[2026-08-30T19:27:38.746+0000] {logging_mixin.py:190} INFO - [2026-08-30T19:27:38.746+0000] {dag.py:4180} INFO - Setting next_dagrun for xcom_dag to None, run_after=None
[2026-08-30T19:27:38.763+0000] {processor.py:208} INFO - Processing /opt/airflow/dags/02_xcom_dag.py took 0.071 seconds
[2026-08-30T19:28:09.729+0000] {processor.py:186} INFO - Started process (PID=418) to work on /opt/airflow/dags/02_xcom_dag.py
[2026-08-30T19:28:09.730+0000] {processor.py:914} INFO - Processing file /opt/airflow/dags/02_xcom_dag.py for tasks to queue
[2026-08-30T19:28:09.732+0000] {logging_mixin.py:190} INFO - [2026-08-30T19:28:09.732+0000] {dagbag.py:588} INFO - Filling up the DagBag from /opt/airflow/dags/02_xcom_dag.py
[2026-08-30T19:28:09.747+0000] {processor.py:925} INFO - DAG(s) 'xcom_dag' retrieved from /opt/airflow/dags/02_xcom_dag.py
[2026-08-30T19:28:09.765+0000] {logging_mixin.py:190} INFO - [2026-08-30T19:28:09.765+0000] {dag.py:3239} INFO - Sync 1 DAGs
[2026-08-30T19:28:09.776+0000] {logging_mixin.py:190} INFO - [2026-08-30T19:28:09.775+0000] {dag.py:4180} INFO - Setting next_dagrun for xcom_dag to None, run_after=None
[2026-08-30T19:28:09.785+0000] {processor.py:208} INFO - Processing /opt/airflow/dags/02_xcom_dag.py took 0.061 seconds
[2026-08-30T19:29:36.710+0000] {processor.py:186} INFO - Started process (PID=431) to work on /opt/airflow/dags/02_xcom_dag.py
[2026-08-30T19:29:36.711+0000] {processor.py:914} INFO - Processing file /opt/airflow/dags/02_xcom_dag.py for tasks to queue
[2026-08-30T19:29:36.713+0000] {logging_mixin.py:190} INFO - [2026-08-30T19:29:36.713+0000] {dagbag.py:588} INFO - Filling up the DagBag from /opt/airflow/dags/02_xcom_dag.py
[2026-08-30T19:29:36.729+0000] {processor.py:925} INFO - DAG(s) 'xcom_dag' retrieved from /opt/airflow/dags/02_xcom_dag.py
[2026-08-30T19:29:36.750+0000] {logging_mixin.py:190} INFO - [2026-08-30T19:29:36.749+0000] {dag.py:3239} INFO - Sync 1 DAGs
[2026-08-30T19:29:36.760+0000] {logging_mixin.py:190} INFO - [2026-08-30T19:29:36.760+0000] {dag.py:4180} INFO - Setting next_dagrun for xcom_dag to None, run_after=None
[2026-08-30T19:29:36.775+0000] {processor.py:208} INFO - Processing /opt/airflow/dags/02_xcom_dag.py took 0.074 seconds
[2026-08-30T19:30:07.615+0000] {processor.py:186} INFO - Started process (PID=444) to work on /opt/airflow/dags/02_xcom_dag.py
[2026-08-30T19:30:07.616+0000] {processor.py:914} INFO - Processing file /opt/airflow/dags/02_xcom_dag.py for tasks to queue
[2026-08-30T19:30:07.620+0000] {logging_mixin.py:190} INFO - [2026-08-30T19:30:07.620+0000] {dagbag.py:588} INFO - Filling up the DagBag from /opt/airflow/dags/02_xcom_dag.py
[2026-08-30T19:30:07.628+0000] {processor.py:925} INFO - DAG(s) 'xcom_dag' retrieved from /opt/airflow/dags/02_xcom_dag.py
[2026-08-30T19:30:07.650+0000] {logging_mixin.py:190} INFO - [2026-08-30T19:30:07.650+0000] {dag.py:3239} INFO - Sync 1 DAGs
[2026-08-30T19:30:07.659+0000] {logging_mixin.py:190} INFO - [2026-08-30T19:30:07.659+0000] {dag.py:4180} INFO - Setting next_dagrun for xcom_dag to None, run_after=None
[2026-08-30T19:30:07.674+0000] {processor.py:208} INFO - Processing /opt/airflow/dags/02_xcom_dag.py took 0.064 seconds
[2026-08-30T19:30:38.526+0000] {processor.py:186} INFO - Started process (PID=457) to work on /opt/airflow/dags/02_xcom_dag.py
[2026-08-30T19:30:38.528+0000] {processor.py:914} INFO - Processing file /opt/airflow/dags/02_xcom_dag.py for tasks to queue
[2026-08-30T19:30:38.531+0000] {logging_mixin.py:190} INFO - [2026-08-30T19:30:38.531+0000] {dagbag.py:588} INFO - Filling up the DagBag from /opt/airflow/dags/02_xcom_dag.py
[2026-08-30T19:30:38.541+0000] {processor.py:925} INFO - DAG(s) 'xcom_dag' retrieved from /opt/airflow/dags/02_xcom_dag.py
[2026-08-30T19:30:38.557+0000] {logging_mixin.py:190} INFO - [2026-08-30T19:30:38.557+0000] {dag.py:3239} INFO - Sync 1 DAGs
[2026-08-30T19:30:38.565+0000] {logging_mixin.py:190} INFO - [2026-08-30T19:30:38.565+0000] {dag.py:4180} INFO - Setting next_dagrun for xcom_dag to None, run_after=None
[2026-08-30T19:30:38.574+0000] {processor.py:208} INFO - Processing /opt/airflow/dags/02_xcom_dag.py took 0.053 seconds
[2026-08-30T19:31:09.466+0000] {processor.py:186} INFO - Started process (PID=470) to work on /opt/airflow/dags/02_xcom_dag.py
[2026-08-30T19:31:09.467+0000] {processor.py:914} INFO - Processing file /opt/airflow/dags/02_xcom_dag.py for tasks to queue
[2026-08-30T19:31:09.470+0000] {logging_mixin.py:190} INFO - [2026-08-30T19:31:09.469+0000] {dagbag.py:588} INFO - Filling up the DagBag from /opt/airflow/dags/02_xcom_dag.py
[2026-08-30T19:31:09.486+0000] {processor.py:925} INFO - DAG(s) 'xcom_dag' retrieved from /opt/airflow/dags/02_xcom_dag.py
[2026-08-30T19:31:09.519+0000] {logging_mixin.py:190} INFO - [2026-08-30T19:31:09.518+0000] {dag.py:3239} INFO - Sync 1 DAGs
[2026-08-30T19:31:09.532+0000] {logging_mixin.py:190} INFO - [2026-08-30T19:31:09.532+0000] {dag.py:4180} INFO - Setting next_dagrun for xcom_dag to None, run_after=None
[2026-08-30T19:31:09.545+0000] {processor.py:208} INFO - Processing /opt/airflow/dags/02_xcom_dag.py took 0.084 seconds
[2026-08-30T19:47:59.412+0000] {processor.py:186} INFO - Started process (PID=483) to work on /opt/airflow/dags/02_xcom_dag.py
[2026-08-30T19:47:59.413+0000] {processor.py:914} INFO - Processing file /opt/airflow/dags/02_xcom_dag.py for tasks to queue
[2026-08-30T19:47:59.416+0000] {logging_mixin.py:190} INFO - [2026-08-30T19:47:59.416+0000] {dagbag.py:588} INFO - Filling up the DagBag from /opt/airflow/dags/02_xcom_dag.py
[2026-08-30T19:47:59.426+0000] {processor.py:925} INFO - DAG(s) 'xcom_dag' retrieved from /opt/airflow/dags/02_xcom_dag.py
[2026-08-30T19:47:59.452+0000] {logging_mixin.py:190} INFO - [2026-08-30T19:47:59.452+0000] {dag.py:3239} INFO - Sync 1 DAGs
[2026-08-30T19:47:59.460+0000] {logging_mixin.py:190} INFO - [2026-08-30T19:47:59.460+0000] {dag.py:4180} INFO - Setting next_dagrun for xcom_dag to None, run_after=None
[2026-08-30T19:47:59.475+0000] {processor.py:208} INFO - Processing /opt/airflow/dags/02_xcom_dag.py took 0.070 seconds
[2026-08-30T19:48:30.276+0000] {processor.py:186} INFO - Started process (PID=496) to work on /opt/airflow/dags/02_xcom_dag.py
[2026-08-30T19:48:30.277+0000] {processor.py:914} INFO - Processing file /opt/airflow/dags/02_xcom_dag.py for tasks to queue
[2026-08-30T19:48:30.278+0000] {logging_mixin.py:190} INFO - [2026-08-30T19:48:30.278+0000] {dagbag.py:588} INFO - Filling up the DagBag from /opt/airflow/dags/02_xcom_dag.py
[2026-08-30T19:48:30.289+0000] {processor.py:925} INFO - DAG(s) 'xcom_dag' retrieved from /opt/airflow/dags/02_xcom_dag.py
[2026-08-30T19:48:30.312+0000] {logging_mixin.py:190} INFO - [2026-08-30T19:48:30.312+0000] {dag.py:3239} INFO - Sync 1 DAGs
[2026-08-30T19:48:30.322+0000] {logging_mixin.py:190} INFO - [2026-08-30T19:48:30.321+0000] {dag.py:4180} INFO - Setting next_dagrun for xcom_dag to None, run_after=None
[2026-08-30T19:48:30.334+0000] {processor.py:208} INFO - Processing /opt/airflow/dags/02_xcom_dag.py took 0.062 seconds
[2026-08-30T20:04:26.714+0000] {processor.py:186} INFO - Started process (PID=509) to work on /opt/airflow/dags/02_xcom_dag.py
[2026-08-30T20:04:26.715+0000] {processor.py:914} INFO - Processing file /opt/airflow/dags/02_xcom_dag.py for tasks to queue
[2026-08-30T20:04:26.716+0000] {logging_mixin.py:190} INFO - [2026-08-30T20:04:26.716+0000] {dagbag.py:588} INFO - Filling up the DagBag from /opt/airflow/dags/02_xcom_dag.py
[2026-08-30T20:04:26.730+0000] {processor.py:925} INFO - DAG(s) 'xcom_dag' retrieved from /opt/airflow/dags/02_xcom_dag.py
[2026-08-30T20:04:26.750+0000] {logging_mixin.py:190} INFO - [2026-08-30T20:04:26.750+0000] {dag.py:3239} INFO - Sync 1 DAGs
[2026-08-30T20:04:26.761+0000] {logging_mixin.py:190} INFO - [2026-08-30T20:04:26.760+0000] {dag.py:4180} INFO - Setting next_dagrun for xcom_dag to None, run_after=None
[2026-08-30T20:04:26.779+0000] {processor.py:208} INFO - Processing /opt/airflow/dags/02_xcom_dag.py took 0.069 seconds
[2026-08-30T20:04:57.793+0000] {processor.py:186} INFO - Started process (PID=522) to work on /opt/airflow/dags/02_xcom_dag.py
[2026-08-30T20:04:57.794+0000] {processor.py:914} INFO - Processing file /opt/airflow/dags/02_xcom_dag.py for tasks to queue
[2026-08-30T20:04:57.802+0000] {logging_mixin.py:190} INFO - [2026-08-30T20:04:57.801+0000] {dagbag.py:588} INFO - Filling up the DagBag from /opt/airflow/dags/02_xcom_dag.py
[2026-08-30T20:04:57.818+0000] {processor.py:925} INFO - DAG(s) 'xcom_dag' retrieved from /opt/airflow/dags/02_xcom_dag.py
[2026-08-30T20:04:57.841+0000] {logging_mixin.py:190} INFO - [2026-08-30T20:04:57.841+0000] {dag.py:3239} INFO - Sync 1 DAGs
[2026-08-30T20:04:57.852+0000] {logging_mixin.py:190} INFO - [2026-08-30T20:04:57.852+0000] {dag.py:4180} INFO - Setting next_dagrun for xcom_dag to None, run_after=None
[2026-08-30T20:04:57.873+0000] {processor.py:208} INFO - Processing /opt/airflow/dags/02_xcom_dag.py took 0.085 seconds
[2026-08-30T20:21:56.988+0000] {processor.py:186} INFO - Started process (PID=535) to work on /opt/airflow/dags/02_xcom_dag.py
[2026-08-30T20:21:56.989+0000] {processor.py:914} INFO - Processing file /opt/airflow/dags/02_xcom_dag.py for tasks to queue
[2026-08-30T20:21:56.991+0000] {logging_mixin.py:190} INFO - [2026-08-30T20:21:56.991+0000] {dagbag.py:588} INFO - Filling up the DagBag from /opt/airflow/dags/02_xcom_dag.py
[2026-08-30T20:21:57.006+0000] {processor.py:925} INFO - DAG(s) 'xcom_dag' retrieved from /opt/airflow/dags/02_xcom_dag.py
[2026-08-30T20:21:57.025+0000] {logging_mixin.py:190} INFO - [2026-08-30T20:21:57.025+0000] {dag.py:3239} INFO - Sync 1 DAGs
[2026-08-30T20:21:57.033+0000] {logging_mixin.py:190} INFO - [2026-08-30T20:21:57.033+0000] {dag.py:4180} INFO - Setting next_dagrun for xcom_dag to None, run_after=None
[2026-08-30T20:21:57.048+0000] {processor.py:208} INFO - Processing /opt/airflow/dags/02_xcom_dag.py took 0.065 seconds
[2026-08-30T20:22:28.142+0000] {processor.py:186} INFO - Started process (PID=548) to work on /opt/airflow/dags/02_xcom_dag.py
[2026-08-30T20:22:28.143+0000] {processor.py:914} INFO - Processing file /opt/airflow/dags/02_xcom_dag.py for tasks to queue
[2026-08-30T20:22:28.146+0000] {logging_mixin.py:190} INFO - [2026-08-30T20:22:28.146+0000] {dagbag.py:588} INFO - Filling up the DagBag from /opt/airflow/dags/02_xcom_dag.py
[2026-08-30T20:22:28.160+0000] {processor.py:925} INFO - DAG(s) 'xcom_dag' retrieved from /opt/airflow/dags/02_xcom_dag.py
[2026-08-30T20:22:28.178+0000] {logging_mixin.py:190} INFO - [2026-08-30T20:22:28.178+0000] {dag.py:3239} INFO - Sync 1 DAGs
[2026-08-30T20:22:28.186+0000] {logging_mixin.py:190} INFO - [2026-08-30T20:22:28.186+0000] {dag.py:4180} INFO - Setting next_dagrun for xcom_dag to None, run_after=None
[2026-08-30T20:22:28.202+0000] {processor.py:208} INFO - Processing /opt/airflow/dags/02_xcom_dag.py took 0.065 seconds
[2026-08-30T20:33:55.184+0000] {processor.py:186} INFO - Started process (PID=561) to work on /opt/airflow/dags/02_xcom_dag.py
[2026-08-30T20:33:55.185+0000] {processor.py:914} INFO - Processing file /opt/airflow/dags/02_xcom_dag.py for tasks to queue
[2026-08-30T20:33:55.186+0000] {logging_mixin.py:190} INFO - [2026-08-30T20:33:55.186+0000] {dagbag.py:588} INFO - Filling up the DagBag from /opt/airflow/dags/02_xcom_dag.py
[2026-08-30T20:33:55.199+0000] {processor.py:925} INFO - DAG(s) 'xcom_dag' retrieved from /opt/airflow/dags/02_xcom_dag.py
[2026-08-30T20:33:55.217+0000] {logging_mixin.py:190} INFO - [2026-08-30T20:33:55.217+0000] {dag.py:3239} INFO - Sync 1 DAGs
[2026-08-30T20:33:55.226+0000] {logging_mixin.py:190} INFO - [2026-08-30T20:33:55.226+0000] {dag.py:4180} INFO - Setting next_dagrun for xcom_dag to None, run_after=None
[2026-08-30T20:33:55.243+0000] {processor.py:208} INFO - Processing /opt/airflow/dags/02_xcom_dag.py took 0.064 seconds
[2026-08-30T20:34:26.209+0000] {processor.py:186} INFO - Started process (PID=574) to work on /opt/airflow/dags/02_xcom_dag.py
[2026-08-30T20:34:26.210+0000] {processor.py:914} INFO - Processing file /opt/airflow/dags/02_xcom_dag.py for tasks to queue
[2026-08-30T20:34:26.212+0000] {logging_mixin.py:190} INFO - [2026-08-30T20:34:26.212+0000] {dagbag.py:588} INFO - Filling up the DagBag from /opt/airflow/dags/02_xcom_dag.py
[2026-08-30T20:34:26.226+0000] {processor.py:925} INFO - DAG(s) 'xcom_dag' retrieved from /opt/airflow/dags/02_xcom_dag.py
[2026-08-30T20:34:26.250+0000] {logging_mixin.py:190} INFO - [2026-08-30T20:34:26.250+0000] {dag.py:3239} INFO - Sync 1 DAGs
[2026-08-30T20:34:26.259+0000] {logging_mixin.py:190} INFO - [2026-08-30T20:34:26.259+0000] {dag.py:4180} INFO - Setting next_dagrun for xcom_dag to None, run_after=None
[2026-08-30T20:34:26.273+0000] {processor.py:208} INFO - Processing /opt/airflow/dags/02_xcom_dag.py took 0.068 seconds
