[2026-08-30T13:04:37.992+0000] {processor.py:186} INFO - Started process (PID=70) to work on /opt/airflow/dags/04_parallel_weather.py
[2026-08-30T13:04:37.994+0000] {processor.py:914} INFO - Processing file /opt/airflow/dags/04_parallel_weather.py for tasks to queue
[2026-08-30T13:04:37.998+0000] {logging_mixin.py:190} INFO - [2026-08-30T13:04:37.998+0000] {dagbag.py:588} INFO - Filling up the DagBag from /opt/airflow/dags/04_parallel_weather.py
[2026-08-30T13:04:38.049+0000] {processor.py:925} INFO - DAG(s) 'parallel_weather_dag' retrieved from /opt/airflow/dags/04_parallel_weather.py
[2026-08-30T13:04:38.128+0000] {logging_mixin.py:190} INFO - [2026-08-30T13:04:38.127+0000] {dag.py:3239} INFO - Sync 1 DAGs
[2026-08-30T13:04:38.201+0000] {logging_mixin.py:190} INFO - [2026-08-30T13:04:38.200+0000] {dag.py:4180} INFO - Setting next_dagrun for parallel_weather_dag to None, run_after=None
[2026-08-30T13:04:38.277+0000] {processor.py:208} INFO - Processing /opt/airflow/dags/04_parallel_weather.py took 0.298 seconds
[2026-08-30T13:05:09.242+0000] {processor.py:186} INFO - Started process (PID=88) to work on /opt/airflow/dags/04_parallel_weather.py
[2026-08-30T13:05:09.243+0000] {processor.py:914} INFO - Processing file /opt/airflow/dags/04_parallel_weather.py for tasks to queue
[2026-08-30T13:05:09.253+0000] {logging_mixin.py:190} INFO - [2026-08-30T13:05:09.251+0000] {dagbag.py:588} INFO - Filling up the DagBag from /opt/airflow/dags/04_parallel_weather.py
[2026-08-30T13:05:09.281+0000] {processor.py:925} INFO - DAG(s) 'parallel_weather_dag' retrieved from /opt/airflow/dags/04_parallel_weather.py
[2026-08-30T13:05:09.324+0000] {logging_mixin.py:190} INFO - [2026-08-30T13:05:09.324+0000] {dag.py:3239} INFO - Sync 1 DAGs
[2026-08-30T13:05:09.339+0000] {logging_mixin.py:190} INFO - [2026-08-30T13:05:09.339+0000] {dag.py:4180} INFO - Setting next_dagrun for parallel_weather_dag to None, run_after=None
[2026-08-30T13:05:09.359+0000] {processor.py:208} INFO - Processing /opt/airflow/dags/04_parallel_weather.py took 0.125 seconds
[2026-08-30T13:05:39.952+0000] {processor.py:186} INFO - Started process (PID=99) to work on /opt/airflow/dags/04_parallel_weather.py
[2026-08-30T13:05:39.953+0000] {processor.py:914} INFO - Processing file /opt/airflow/dags/04_parallel_weather.py for tasks to queue
[2026-08-30T13:05:39.956+0000] {logging_mixin.py:190} INFO - [2026-08-30T13:05:39.956+0000] {dagbag.py:588} INFO - Filling up the DagBag from /opt/airflow/dags/04_parallel_weather.py
[2026-08-30T13:05:39.976+0000] {processor.py:925} INFO - DAG(s) 'parallel_weather_dag' retrieved from /opt/airflow/dags/04_parallel_weather.py
[2026-08-30T13:05:40.006+0000] {logging_mixin.py:190} INFO - [2026-08-30T13:05:40.006+0000] {dag.py:3239} INFO - Sync 1 DAGs
[2026-08-30T13:05:40.017+0000] {logging_mixin.py:190} INFO - [2026-08-30T13:05:40.017+0000] {dag.py:4180} INFO - Setting next_dagrun for parallel_weather_dag to None, run_after=None
[2026-08-30T13:05:40.032+0000] {processor.py:208} INFO - Processing /opt/airflow/dags/04_parallel_weather.py took 0.086 seconds
[2026-08-30T13:06:10.547+0000] {processor.py:186} INFO - Started process (PID=110) to work on /opt/airflow/dags/04_parallel_weather.py
[2026-08-30T13:06:10.550+0000] {processor.py:914} INFO - Processing file /opt/airflow/dags/04_parallel_weather.py for tasks to queue
[2026-08-30T13:06:10.554+0000] {logging_mixin.py:190} INFO - [2026-08-30T13:06:10.553+0000] {dagbag.py:588} INFO - Filling up the DagBag from /opt/airflow/dags/04_parallel_weather.py
[2026-08-30T13:06:10.569+0000] {processor.py:925} INFO - DAG(s) 'parallel_weather_dag' retrieved from /opt/airflow/dags/04_parallel_weather.py
[2026-08-30T13:06:10.595+0000] {logging_mixin.py:190} INFO - [2026-08-30T13:06:10.594+0000] {dag.py:3239} INFO - Sync 1 DAGs
[2026-08-30T13:06:10.608+0000] {logging_mixin.py:190} INFO - [2026-08-30T13:06:10.608+0000] {dag.py:4180} INFO - Setting next_dagrun for parallel_weather_dag to None, run_after=None
[2026-08-30T13:06:10.623+0000] {processor.py:208} INFO - Processing /opt/airflow/dags/04_parallel_weather.py took 0.081 seconds
[2026-08-30T13:06:41.184+0000] {processor.py:186} INFO - Started process (PID=121) to work on /opt/airflow/dags/04_parallel_weather.py
[2026-08-30T13:06:41.187+0000] {processor.py:914} INFO - Processing file /opt/airflow/dags/04_parallel_weather.py for tasks to queue
[2026-08-30T13:06:41.190+0000] {logging_mixin.py:190} INFO - [2026-08-30T13:06:41.190+0000] {dagbag.py:588} INFO - Filling up the DagBag from /opt/airflow/dags/04_parallel_weather.py
[2026-08-30T13:06:41.207+0000] {processor.py:925} INFO - DAG(s) 'parallel_weather_dag' retrieved from /opt/airflow/dags/04_parallel_weather.py
[2026-08-30T13:06:41.246+0000] {logging_mixin.py:190} INFO - [2026-08-30T13:06:41.246+0000] {dag.py:3239} INFO - Sync 1 DAGs
[2026-08-30T13:06:41.264+0000] {logging_mixin.py:190} INFO - [2026-08-30T13:06:41.264+0000] {dag.py:4180} INFO - Setting next_dagrun for parallel_weather_dag to None, run_after=None
[2026-08-30T13:06:41.280+0000] {processor.py:208} INFO - Processing /opt/airflow/dags/04_parallel_weather.py took 0.102 seconds
[2026-08-30T13:07:11.839+0000] {processor.py:186} INFO - Started process (PID=132) to work on /opt/airflow/dags/04_parallel_weather.py
[2026-08-30T13:07:11.840+0000] {processor.py:914} INFO - Processing file /opt/airflow/dags/04_parallel_weather.py for tasks to queue
[2026-08-30T13:07:11.844+0000] {logging_mixin.py:190} INFO - [2026-08-30T13:07:11.844+0000] {dagbag.py:588} INFO - Filling up the DagBag from /opt/airflow/dags/04_parallel_weather.py
[2026-08-30T13:07:11.865+0000] {processor.py:925} INFO - DAG(s) 'parallel_weather_dag' retrieved from /opt/airflow/dags/04_parallel_weather.py
[2026-08-30T13:07:11.900+0000] {logging_mixin.py:190} INFO - [2026-08-30T13:07:11.900+0000] {dag.py:3239} INFO - Sync 1 DAGs
[2026-08-30T13:07:11.915+0000] {logging_mixin.py:190} INFO - [2026-08-30T13:07:11.915+0000] {dag.py:4180} INFO - Setting next_dagrun for parallel_weather_dag to None, run_after=None
[2026-08-30T13:07:11.928+0000] {processor.py:208} INFO - Processing /opt/airflow/dags/04_parallel_weather.py took 0.097 seconds
[2026-08-30T13:07:42.444+0000] {processor.py:186} INFO - Started process (PID=143) to work on /opt/airflow/dags/04_parallel_weather.py
[2026-08-30T13:07:42.446+0000] {processor.py:914} INFO - Processing file /opt/airflow/dags/04_parallel_weather.py for tasks to queue
[2026-08-30T13:07:42.450+0000] {logging_mixin.py:190} INFO - [2026-08-30T13:07:42.450+0000] {dagbag.py:588} INFO - Filling up the DagBag from /opt/airflow/dags/04_parallel_weather.py
[2026-08-30T13:07:42.471+0000] {processor.py:925} INFO - DAG(s) 'parallel_weather_dag' retrieved from /opt/airflow/dags/04_parallel_weather.py
[2026-08-30T13:07:42.513+0000] {logging_mixin.py:190} INFO - [2026-08-30T13:07:42.513+0000] {dag.py:3239} INFO - Sync 1 DAGs
[2026-08-30T13:07:42.525+0000] {logging_mixin.py:190} INFO - [2026-08-30T13:07:42.524+0000] {dag.py:4180} INFO - Setting next_dagrun for parallel_weather_dag to None, run_after=None
[2026-08-30T13:07:42.938+0000] {processor.py:208} INFO - Processing /opt/airflow/dags/04_parallel_weather.py took 0.507 seconds
[2026-08-30T13:08:13.745+0000] {processor.py:186} INFO - Started process (PID=154) to work on /opt/airflow/dags/04_parallel_weather.py
[2026-08-30T13:08:13.750+0000] {processor.py:914} INFO - Processing file /opt/airflow/dags/04_parallel_weather.py for tasks to queue
[2026-08-30T13:08:13.761+0000] {logging_mixin.py:190} INFO - [2026-08-30T13:08:13.761+0000] {dagbag.py:588} INFO - Filling up the DagBag from /opt/airflow/dags/04_parallel_weather.py
[2026-08-30T13:08:13.782+0000] {processor.py:925} INFO - DAG(s) 'parallel_weather_dag' retrieved from /opt/airflow/dags/04_parallel_weather.py
[2026-08-30T13:08:14.073+0000] {logging_mixin.py:190} INFO - [2026-08-30T13:08:14.073+0000] {dag.py:3239} INFO - Sync 1 DAGs
[2026-08-30T13:08:14.085+0000] {logging_mixin.py:190} INFO - [2026-08-30T13:08:14.085+0000] {dag.py:4180} INFO - Setting next_dagrun for parallel_weather_dag to None, run_after=None
[2026-08-30T13:08:14.101+0000] {processor.py:208} INFO - Processing /opt/airflow/dags/04_parallel_weather.py took 0.364 seconds
[2026-08-30T13:08:44.833+0000] {processor.py:186} INFO - Started process (PID=165) to work on /opt/airflow/dags/04_parallel_weather.py
[2026-08-30T13:08:44.834+0000] {processor.py:914} INFO - Processing file /opt/airflow/dags/04_parallel_weather.py for tasks to queue
[2026-08-30T13:08:44.842+0000] {logging_mixin.py:190} INFO - [2026-08-30T13:08:44.841+0000] {dagbag.py:588} INFO - Filling up the DagBag from /opt/airflow/dags/04_parallel_weather.py
[2026-08-30T13:08:45.184+0000] {processor.py:925} INFO - DAG(s) 'parallel_weather_dag' retrieved from /opt/airflow/dags/04_parallel_weather.py
[2026-08-30T13:08:45.214+0000] {logging_mixin.py:190} INFO - [2026-08-30T13:08:45.214+0000] {dag.py:3239} INFO - Sync 1 DAGs
[2026-08-30T13:08:45.226+0000] {logging_mixin.py:190} INFO - [2026-08-30T13:08:45.226+0000] {dag.py:4180} INFO - Setting next_dagrun for parallel_weather_dag to None, run_after=None
[2026-08-30T13:08:45.247+0000] {processor.py:208} INFO - Processing /opt/airflow/dags/04_parallel_weather.py took 0.430 seconds
[2026-08-30T13:09:16.294+0000] {processor.py:186} INFO - Started process (PID=176) to work on /opt/airflow/dags/04_parallel_weather.py
[2026-08-30T13:09:16.295+0000] {processor.py:914} INFO - Processing file /opt/airflow/dags/04_parallel_weather.py for tasks to queue
[2026-08-30T13:09:16.299+0000] {logging_mixin.py:190} INFO - [2026-08-30T13:09:16.299+0000] {dagbag.py:588} INFO - Filling up the DagBag from /opt/airflow/dags/04_parallel_weather.py
[2026-08-30T13:09:16.321+0000] {processor.py:925} INFO - DAG(s) 'parallel_weather_dag' retrieved from /opt/airflow/dags/04_parallel_weather.py
[2026-08-30T13:09:16.369+0000] {logging_mixin.py:190} INFO - [2026-08-30T13:09:16.369+0000] {dag.py:3239} INFO - Sync 1 DAGs
[2026-08-30T13:09:16.393+0000] {logging_mixin.py:190} INFO - [2026-08-30T13:09:16.392+0000] {dag.py:4180} INFO - Setting next_dagrun for parallel_weather_dag to None, run_after=None
[2026-08-30T13:09:16.416+0000] {processor.py:208} INFO - Processing /opt/airflow/dags/04_parallel_weather.py took 0.129 seconds
[2026-08-30T13:09:46.618+0000] {processor.py:186} INFO - Started process (PID=188) to work on /opt/airflow/dags/04_parallel_weather.py
[2026-08-30T13:09:46.620+0000] {processor.py:914} INFO - Processing file /opt/airflow/dags/04_parallel_weather.py for tasks to queue
[2026-08-30T13:09:46.627+0000] {logging_mixin.py:190} INFO - [2026-08-30T13:09:46.627+0000] {dagbag.py:588} INFO - Filling up the DagBag from /opt/airflow/dags/04_parallel_weather.py
[2026-08-30T13:09:46.650+0000] {processor.py:925} INFO - DAG(s) 'parallel_weather_dag' retrieved from /opt/airflow/dags/04_parallel_weather.py
[2026-08-30T13:09:46.701+0000] {logging_mixin.py:190} INFO - [2026-08-30T13:09:46.701+0000] {dag.py:3239} INFO - Sync 1 DAGs
[2026-08-30T13:09:46.718+0000] {logging_mixin.py:190} INFO - [2026-08-30T13:09:46.718+0000] {dag.py:4180} INFO - Setting next_dagrun for parallel_weather_dag to None, run_after=None
[2026-08-30T13:09:46.733+0000] {processor.py:208} INFO - Processing /opt/airflow/dags/04_parallel_weather.py took 0.128 seconds
[2026-08-30T13:10:17.377+0000] {processor.py:186} INFO - Started process (PID=200) to work on /opt/airflow/dags/04_parallel_weather.py
[2026-08-30T13:10:17.379+0000] {processor.py:914} INFO - Processing file /opt/airflow/dags/04_parallel_weather.py for tasks to queue
[2026-08-30T13:10:17.382+0000] {logging_mixin.py:190} INFO - [2026-08-30T13:10:17.382+0000] {dagbag.py:588} INFO - Filling up the DagBag from /opt/airflow/dags/04_parallel_weather.py
[2026-08-30T13:10:17.403+0000] {processor.py:925} INFO - DAG(s) 'parallel_weather_dag' retrieved from /opt/airflow/dags/04_parallel_weather.py
[2026-08-30T13:10:17.439+0000] {logging_mixin.py:190} INFO - [2026-08-30T13:10:17.439+0000] {dag.py:3239} INFO - Sync 1 DAGs
[2026-08-30T13:10:17.455+0000] {logging_mixin.py:190} INFO - [2026-08-30T13:10:17.455+0000] {dag.py:4180} INFO - Setting next_dagrun for parallel_weather_dag to None, run_after=None
[2026-08-30T13:10:17.472+0000] {processor.py:208} INFO - Processing /opt/airflow/dags/04_parallel_weather.py took 0.109 seconds
[2026-08-30T13:10:48.152+0000] {processor.py:186} INFO - Started process (PID=212) to work on /opt/airflow/dags/04_parallel_weather.py
[2026-08-30T13:10:48.154+0000] {processor.py:914} INFO - Processing file /opt/airflow/dags/04_parallel_weather.py for tasks to queue
[2026-08-30T13:10:48.158+0000] {logging_mixin.py:190} INFO - [2026-08-30T13:10:48.158+0000] {dagbag.py:588} INFO - Filling up the DagBag from /opt/airflow/dags/04_parallel_weather.py
[2026-08-30T13:10:48.179+0000] {processor.py:925} INFO - DAG(s) 'parallel_weather_dag' retrieved from /opt/airflow/dags/04_parallel_weather.py
[2026-08-30T13:10:48.217+0000] {logging_mixin.py:190} INFO - [2026-08-30T13:10:48.217+0000] {dag.py:3239} INFO - Sync 1 DAGs
[2026-08-30T13:10:48.230+0000] {logging_mixin.py:190} INFO - [2026-08-30T13:10:48.230+0000] {dag.py:4180} INFO - Setting next_dagrun for parallel_weather_dag to None, run_after=None
[2026-08-30T13:10:48.243+0000] {processor.py:208} INFO - Processing /opt/airflow/dags/04_parallel_weather.py took 0.103 seconds
[2026-08-30T13:11:18.942+0000] {processor.py:186} INFO - Started process (PID=224) to work on /opt/airflow/dags/04_parallel_weather.py
[2026-08-30T13:11:18.943+0000] {processor.py:914} INFO - Processing file /opt/airflow/dags/04_parallel_weather.py for tasks to queue
[2026-08-30T13:11:18.947+0000] {logging_mixin.py:190} INFO - [2026-08-30T13:11:18.946+0000] {dagbag.py:588} INFO - Filling up the DagBag from /opt/airflow/dags/04_parallel_weather.py
[2026-08-30T13:11:18.971+0000] {processor.py:925} INFO - DAG(s) 'parallel_weather_dag' retrieved from /opt/airflow/dags/04_parallel_weather.py
[2026-08-30T13:11:19.017+0000] {logging_mixin.py:190} INFO - [2026-08-30T13:11:19.017+0000] {dag.py:3239} INFO - Sync 1 DAGs
[2026-08-30T13:11:19.040+0000] {logging_mixin.py:190} INFO - [2026-08-30T13:11:19.040+0000] {dag.py:4180} INFO - Setting next_dagrun for parallel_weather_dag to None, run_after=None
[2026-08-30T13:11:19.059+0000] {processor.py:208} INFO - Processing /opt/airflow/dags/04_parallel_weather.py took 0.126 seconds
[2026-08-30T13:11:49.779+0000] {processor.py:186} INFO - Started process (PID=236) to work on /opt/airflow/dags/04_parallel_weather.py
[2026-08-30T13:11:49.781+0000] {processor.py:914} INFO - Processing file /opt/airflow/dags/04_parallel_weather.py for tasks to queue
[2026-08-30T13:11:49.787+0000] {logging_mixin.py:190} INFO - [2026-08-30T13:11:49.786+0000] {dagbag.py:588} INFO - Filling up the DagBag from /opt/airflow/dags/04_parallel_weather.py
[2026-08-30T13:11:49.818+0000] {processor.py:925} INFO - DAG(s) 'parallel_weather_dag' retrieved from /opt/airflow/dags/04_parallel_weather.py
[2026-08-30T13:11:49.873+0000] {logging_mixin.py:190} INFO - [2026-08-30T13:11:49.873+0000] {dag.py:3239} INFO - Sync 1 DAGs
[2026-08-30T13:11:49.890+0000] {logging_mixin.py:190} INFO - [2026-08-30T13:11:49.890+0000] {dag.py:4180} INFO - Setting next_dagrun for parallel_weather_dag to None, run_after=None
[2026-08-30T13:11:49.904+0000] {processor.py:208} INFO - Processing /opt/airflow/dags/04_parallel_weather.py took 0.136 seconds
[2026-08-30T13:12:20.700+0000] {processor.py:186} INFO - Started process (PID=247) to work on /opt/airflow/dags/04_parallel_weather.py
[2026-08-30T13:12:20.705+0000] {processor.py:914} INFO - Processing file /opt/airflow/dags/04_parallel_weather.py for tasks to queue
[2026-08-30T13:12:20.717+0000] {logging_mixin.py:190} INFO - [2026-08-30T13:12:20.714+0000] {dagbag.py:588} INFO - Filling up the DagBag from /opt/airflow/dags/04_parallel_weather.py
[2026-08-30T13:12:20.788+0000] {processor.py:925} INFO - DAG(s) 'parallel_weather_dag' retrieved from /opt/airflow/dags/04_parallel_weather.py
[2026-08-30T13:12:21.245+0000] {logging_mixin.py:190} INFO - [2026-08-30T13:12:21.241+0000] {dag.py:3239} INFO - Sync 1 DAGs
[2026-08-30T13:12:21.490+0000] {logging_mixin.py:190} INFO - [2026-08-30T13:12:21.489+0000] {dag.py:4180} INFO - Setting next_dagrun for parallel_weather_dag to None, run_after=None
[2026-08-30T13:12:21.617+0000] {processor.py:208} INFO - Processing /opt/airflow/dags/04_parallel_weather.py took 0.938 seconds
[2026-08-30T13:12:51.849+0000] {processor.py:186} INFO - Started process (PID=259) to work on /opt/airflow/dags/04_parallel_weather.py
[2026-08-30T13:12:51.852+0000] {processor.py:914} INFO - Processing file /opt/airflow/dags/04_parallel_weather.py for tasks to queue
[2026-08-30T13:12:51.864+0000] {logging_mixin.py:190} INFO - [2026-08-30T13:12:51.863+0000] {dagbag.py:588} INFO - Filling up the DagBag from /opt/airflow/dags/04_parallel_weather.py
[2026-08-30T13:12:51.898+0000] {processor.py:925} INFO - DAG(s) 'parallel_weather_dag' retrieved from /opt/airflow/dags/04_parallel_weather.py
[2026-08-30T13:12:51.980+0000] {logging_mixin.py:190} INFO - [2026-08-30T13:12:51.979+0000] {dag.py:3239} INFO - Sync 1 DAGs
[2026-08-30T13:12:52.041+0000] {logging_mixin.py:190} INFO - [2026-08-30T13:12:52.040+0000] {dag.py:4180} INFO - Setting next_dagrun for parallel_weather_dag to None, run_after=None
[2026-08-30T13:12:52.079+0000] {processor.py:208} INFO - Processing /opt/airflow/dags/04_parallel_weather.py took 0.246 seconds
[2026-08-30T13:13:22.386+0000] {processor.py:186} INFO - Started process (PID=271) to work on /opt/airflow/dags/04_parallel_weather.py
[2026-08-30T13:13:22.390+0000] {processor.py:914} INFO - Processing file /opt/airflow/dags/04_parallel_weather.py for tasks to queue
[2026-08-30T13:13:22.401+0000] {logging_mixin.py:190} INFO - [2026-08-30T13:13:22.400+0000] {dagbag.py:588} INFO - Filling up the DagBag from /opt/airflow/dags/04_parallel_weather.py
[2026-08-30T13:13:22.420+0000] {processor.py:925} INFO - DAG(s) 'parallel_weather_dag' retrieved from /opt/airflow/dags/04_parallel_weather.py
[2026-08-30T13:13:22.483+0000] {logging_mixin.py:190} INFO - [2026-08-30T13:13:22.483+0000] {dag.py:3239} INFO - Sync 1 DAGs
[2026-08-30T13:13:22.507+0000] {logging_mixin.py:190} INFO - [2026-08-30T13:13:22.507+0000] {dag.py:4180} INFO - Setting next_dagrun for parallel_weather_dag to None, run_after=None
[2026-08-30T13:13:22.525+0000] {processor.py:208} INFO - Processing /opt/airflow/dags/04_parallel_weather.py took 0.147 seconds
[2026-08-30T13:13:53.102+0000] {processor.py:186} INFO - Started process (PID=283) to work on /opt/airflow/dags/04_parallel_weather.py
[2026-08-30T13:13:53.106+0000] {processor.py:914} INFO - Processing file /opt/airflow/dags/04_parallel_weather.py for tasks to queue
[2026-08-30T13:13:53.112+0000] {logging_mixin.py:190} INFO - [2026-08-30T13:13:53.111+0000] {dagbag.py:588} INFO - Filling up the DagBag from /opt/airflow/dags/04_parallel_weather.py
[2026-08-30T13:13:53.141+0000] {processor.py:925} INFO - DAG(s) 'parallel_weather_dag' retrieved from /opt/airflow/dags/04_parallel_weather.py
[2026-08-30T13:13:53.189+0000] {logging_mixin.py:190} INFO - [2026-08-30T13:13:53.189+0000] {dag.py:3239} INFO - Sync 1 DAGs
[2026-08-30T13:13:53.212+0000] {logging_mixin.py:190} INFO - [2026-08-30T13:13:53.212+0000] {dag.py:4180} INFO - Setting next_dagrun for parallel_weather_dag to None, run_after=None
[2026-08-30T13:13:53.228+0000] {processor.py:208} INFO - Processing /opt/airflow/dags/04_parallel_weather.py took 0.153 seconds
[2026-08-30T13:16:10.888+0000] {processor.py:186} INFO - Started process (PID=91) to work on /opt/airflow/dags/04_parallel_weather.py
[2026-08-30T13:16:10.889+0000] {processor.py:914} INFO - Processing file /opt/airflow/dags/04_parallel_weather.py for tasks to queue
[2026-08-30T13:16:10.898+0000] {logging_mixin.py:190} INFO - [2026-08-30T13:16:10.897+0000] {dagbag.py:588} INFO - Filling up the DagBag from /opt/airflow/dags/04_parallel_weather.py
[2026-08-30T13:16:10.919+0000] {processor.py:925} INFO - DAG(s) 'parallel_weather_dag' retrieved from /opt/airflow/dags/04_parallel_weather.py
[2026-08-30T13:16:10.968+0000] {logging_mixin.py:190} INFO - [2026-08-30T13:16:10.967+0000] {dag.py:3239} INFO - Sync 1 DAGs
[2026-08-30T13:16:10.999+0000] {logging_mixin.py:190} INFO - [2026-08-30T13:16:10.999+0000] {dag.py:4180} INFO - Setting next_dagrun for parallel_weather_dag to None, run_after=None
[2026-08-30T13:16:11.046+0000] {processor.py:208} INFO - Processing /opt/airflow/dags/04_parallel_weather.py took 0.163 seconds
[2026-08-30T13:16:41.201+0000] {processor.py:186} INFO - Started process (PID=103) to work on /opt/airflow/dags/04_parallel_weather.py
[2026-08-30T13:16:41.202+0000] {processor.py:914} INFO - Processing file /opt/airflow/dags/04_parallel_weather.py for tasks to queue
[2026-08-30T13:16:41.204+0000] {logging_mixin.py:190} INFO - [2026-08-30T13:16:41.203+0000] {dagbag.py:588} INFO - Filling up the DagBag from /opt/airflow/dags/04_parallel_weather.py
[2026-08-30T13:16:41.212+0000] {processor.py:925} INFO - DAG(s) 'parallel_weather_dag' retrieved from /opt/airflow/dags/04_parallel_weather.py
[2026-08-30T13:16:41.232+0000] {logging_mixin.py:190} INFO - [2026-08-30T13:16:41.232+0000] {dag.py:3239} INFO - Sync 1 DAGs
[2026-08-30T13:16:41.241+0000] {logging_mixin.py:190} INFO - [2026-08-30T13:16:41.241+0000] {dag.py:4180} INFO - Setting next_dagrun for parallel_weather_dag to None, run_after=None
[2026-08-30T13:16:41.252+0000] {processor.py:208} INFO - Processing /opt/airflow/dags/04_parallel_weather.py took 0.058 seconds
[2026-08-30T13:17:11.887+0000] {processor.py:186} INFO - Started process (PID=115) to work on /opt/airflow/dags/04_parallel_weather.py
[2026-08-30T13:17:11.889+0000] {processor.py:914} INFO - Processing file /opt/airflow/dags/04_parallel_weather.py for tasks to queue
[2026-08-30T13:17:11.890+0000] {logging_mixin.py:190} INFO - [2026-08-30T13:17:11.890+0000] {dagbag.py:588} INFO - Filling up the DagBag from /opt/airflow/dags/04_parallel_weather.py
[2026-08-30T13:17:11.900+0000] {processor.py:925} INFO - DAG(s) 'parallel_weather_dag' retrieved from /opt/airflow/dags/04_parallel_weather.py
[2026-08-30T13:17:11.922+0000] {logging_mixin.py:190} INFO - [2026-08-30T13:17:11.922+0000] {dag.py:3239} INFO - Sync 1 DAGs
[2026-08-30T13:17:11.930+0000] {logging_mixin.py:190} INFO - [2026-08-30T13:17:11.930+0000] {dag.py:4180} INFO - Setting next_dagrun for parallel_weather_dag to None, run_after=None
[2026-08-30T13:17:11.939+0000] {processor.py:208} INFO - Processing /opt/airflow/dags/04_parallel_weather.py took 0.055 seconds
[2026-08-30T13:17:42.595+0000] {processor.py:186} INFO - Started process (PID=127) to work on /opt/airflow/dags/04_parallel_weather.py
[2026-08-30T13:17:42.596+0000] {processor.py:914} INFO - Processing file /opt/airflow/dags/04_parallel_weather.py for tasks to queue
[2026-08-30T13:17:42.598+0000] {logging_mixin.py:190} INFO - [2026-08-30T13:17:42.597+0000] {dagbag.py:588} INFO - Filling up the DagBag from /opt/airflow/dags/04_parallel_weather.py
[2026-08-30T13:17:42.604+0000] {processor.py:925} INFO - DAG(s) 'parallel_weather_dag' retrieved from /opt/airflow/dags/04_parallel_weather.py
[2026-08-30T13:17:42.622+0000] {logging_mixin.py:190} INFO - [2026-08-30T13:17:42.622+0000] {dag.py:3239} INFO - Sync 1 DAGs
[2026-08-30T13:17:42.628+0000] {logging_mixin.py:190} INFO - [2026-08-30T13:17:42.628+0000] {dag.py:4180} INFO - Setting next_dagrun for parallel_weather_dag to None, run_after=None
[2026-08-30T13:17:42.635+0000] {processor.py:208} INFO - Processing /opt/airflow/dags/04_parallel_weather.py took 0.044 seconds
[2026-08-30T13:18:13.350+0000] {processor.py:186} INFO - Started process (PID=139) to work on /opt/airflow/dags/04_parallel_weather.py
[2026-08-30T13:18:13.351+0000] {processor.py:914} INFO - Processing file /opt/airflow/dags/04_parallel_weather.py for tasks to queue
[2026-08-30T13:18:13.352+0000] {logging_mixin.py:190} INFO - [2026-08-30T13:18:13.352+0000] {dagbag.py:588} INFO - Filling up the DagBag from /opt/airflow/dags/04_parallel_weather.py
[2026-08-30T13:18:13.358+0000] {processor.py:925} INFO - DAG(s) 'parallel_weather_dag' retrieved from /opt/airflow/dags/04_parallel_weather.py
[2026-08-30T13:18:13.375+0000] {logging_mixin.py:190} INFO - [2026-08-30T13:18:13.374+0000] {dag.py:3239} INFO - Sync 1 DAGs
[2026-08-30T13:18:13.381+0000] {logging_mixin.py:190} INFO - [2026-08-30T13:18:13.381+0000] {dag.py:4180} INFO - Setting next_dagrun for parallel_weather_dag to None, run_after=None
[2026-08-30T13:18:13.389+0000] {processor.py:208} INFO - Processing /opt/airflow/dags/04_parallel_weather.py took 0.043 seconds
[2026-08-30T13:18:44.300+0000] {processor.py:186} INFO - Started process (PID=152) to work on /opt/airflow/dags/04_parallel_weather.py
[2026-08-30T13:18:44.301+0000] {processor.py:914} INFO - Processing file /opt/airflow/dags/04_parallel_weather.py for tasks to queue
[2026-08-30T13:18:44.302+0000] {logging_mixin.py:190} INFO - [2026-08-30T13:18:44.302+0000] {dagbag.py:588} INFO - Filling up the DagBag from /opt/airflow/dags/04_parallel_weather.py
[2026-08-30T13:18:44.310+0000] {processor.py:925} INFO - DAG(s) 'parallel_weather_dag' retrieved from /opt/airflow/dags/04_parallel_weather.py
[2026-08-30T13:18:44.440+0000] {logging_mixin.py:190} INFO - [2026-08-30T13:18:44.440+0000] {dag.py:3239} INFO - Sync 1 DAGs
[2026-08-30T13:18:44.449+0000] {logging_mixin.py:190} INFO - [2026-08-30T13:18:44.449+0000] {dag.py:4180} INFO - Setting next_dagrun for parallel_weather_dag to None, run_after=None
[2026-08-30T13:18:44.457+0000] {processor.py:208} INFO - Processing /opt/airflow/dags/04_parallel_weather.py took 0.161 seconds
[2026-08-30T13:19:15.493+0000] {processor.py:186} INFO - Started process (PID=164) to work on /opt/airflow/dags/04_parallel_weather.py
[2026-08-30T13:19:15.494+0000] {processor.py:914} INFO - Processing file /opt/airflow/dags/04_parallel_weather.py for tasks to queue
[2026-08-30T13:19:15.495+0000] {logging_mixin.py:190} INFO - [2026-08-30T13:19:15.495+0000] {dagbag.py:588} INFO - Filling up the DagBag from /opt/airflow/dags/04_parallel_weather.py
[2026-08-30T13:19:15.508+0000] {processor.py:925} INFO - DAG(s) 'parallel_weather_dag' retrieved from /opt/airflow/dags/04_parallel_weather.py
[2026-08-30T13:19:15.527+0000] {logging_mixin.py:190} INFO - [2026-08-30T13:19:15.527+0000] {dag.py:3239} INFO - Sync 1 DAGs
[2026-08-30T13:19:15.534+0000] {logging_mixin.py:190} INFO - [2026-08-30T13:19:15.534+0000] {dag.py:4180} INFO - Setting next_dagrun for parallel_weather_dag to None, run_after=None
[2026-08-30T13:19:15.543+0000] {processor.py:208} INFO - Processing /opt/airflow/dags/04_parallel_weather.py took 0.053 seconds
[2026-08-30T13:19:46.326+0000] {processor.py:186} INFO - Started process (PID=176) to work on /opt/airflow/dags/04_parallel_weather.py
[2026-08-30T13:19:46.327+0000] {processor.py:914} INFO - Processing file /opt/airflow/dags/04_parallel_weather.py for tasks to queue
[2026-08-30T13:19:46.328+0000] {logging_mixin.py:190} INFO - [2026-08-30T13:19:46.328+0000] {dagbag.py:588} INFO - Filling up the DagBag from /opt/airflow/dags/04_parallel_weather.py
[2026-08-30T13:19:46.334+0000] {processor.py:925} INFO - DAG(s) 'parallel_weather_dag' retrieved from /opt/airflow/dags/04_parallel_weather.py
[2026-08-30T13:19:46.351+0000] {logging_mixin.py:190} INFO - [2026-08-30T13:19:46.351+0000] {dag.py:3239} INFO - Sync 1 DAGs
[2026-08-30T13:19:46.358+0000] {logging_mixin.py:190} INFO - [2026-08-30T13:19:46.358+0000] {dag.py:4180} INFO - Setting next_dagrun for parallel_weather_dag to None, run_after=None
[2026-08-30T13:19:46.366+0000] {processor.py:208} INFO - Processing /opt/airflow/dags/04_parallel_weather.py took 0.044 seconds
[2026-08-30T13:20:17.115+0000] {processor.py:186} INFO - Started process (PID=188) to work on /opt/airflow/dags/04_parallel_weather.py
[2026-08-30T13:20:17.116+0000] {processor.py:914} INFO - Processing file /opt/airflow/dags/04_parallel_weather.py for tasks to queue
[2026-08-30T13:20:17.118+0000] {logging_mixin.py:190} INFO - [2026-08-30T13:20:17.117+0000] {dagbag.py:588} INFO - Filling up the DagBag from /opt/airflow/dags/04_parallel_weather.py
[2026-08-30T13:20:17.124+0000] {processor.py:925} INFO - DAG(s) 'parallel_weather_dag' retrieved from /opt/airflow/dags/04_parallel_weather.py
[2026-08-30T13:20:17.141+0000] {logging_mixin.py:190} INFO - [2026-08-30T13:20:17.141+0000] {dag.py:3239} INFO - Sync 1 DAGs
[2026-08-30T13:20:17.151+0000] {logging_mixin.py:190} INFO - [2026-08-30T13:20:17.151+0000] {dag.py:4180} INFO - Setting next_dagrun for parallel_weather_dag to None, run_after=None
[2026-08-30T13:20:17.159+0000] {processor.py:208} INFO - Processing /opt/airflow/dags/04_parallel_weather.py took 0.052 seconds
[2026-08-30T13:20:47.898+0000] {processor.py:186} INFO - Started process (PID=200) to work on /opt/airflow/dags/04_parallel_weather.py
[2026-08-30T13:20:47.900+0000] {processor.py:914} INFO - Processing file /opt/airflow/dags/04_parallel_weather.py for tasks to queue
[2026-08-30T13:20:47.901+0000] {logging_mixin.py:190} INFO - [2026-08-30T13:20:47.901+0000] {dagbag.py:588} INFO - Filling up the DagBag from /opt/airflow/dags/04_parallel_weather.py
[2026-08-30T13:20:47.907+0000] {processor.py:925} INFO - DAG(s) 'parallel_weather_dag' retrieved from /opt/airflow/dags/04_parallel_weather.py
[2026-08-30T13:20:47.924+0000] {logging_mixin.py:190} INFO - [2026-08-30T13:20:47.924+0000] {dag.py:3239} INFO - Sync 1 DAGs
[2026-08-30T13:20:47.931+0000] {logging_mixin.py:190} INFO - [2026-08-30T13:20:47.931+0000] {dag.py:4180} INFO - Setting next_dagrun for parallel_weather_dag to None, run_after=None
[2026-08-30T13:20:47.939+0000] {processor.py:208} INFO - Processing /opt/airflow/dags/04_parallel_weather.py took 0.050 seconds
[2026-08-30T13:21:18.718+0000] {processor.py:186} INFO - Started process (PID=212) to work on /opt/airflow/dags/04_parallel_weather.py
[2026-08-30T13:21:18.719+0000] {processor.py:914} INFO - Processing file /opt/airflow/dags/04_parallel_weather.py for tasks to queue
[2026-08-30T13:21:18.720+0000] {logging_mixin.py:190} INFO - [2026-08-30T13:21:18.720+0000] {dagbag.py:588} INFO - Filling up the DagBag from /opt/airflow/dags/04_parallel_weather.py
[2026-08-30T13:21:18.727+0000] {processor.py:925} INFO - DAG(s) 'parallel_weather_dag' retrieved from /opt/airflow/dags/04_parallel_weather.py
[2026-08-30T13:21:18.743+0000] {logging_mixin.py:190} INFO - [2026-08-30T13:21:18.743+0000] {dag.py:3239} INFO - Sync 1 DAGs
[2026-08-30T13:21:18.750+0000] {logging_mixin.py:190} INFO - [2026-08-30T13:21:18.750+0000] {dag.py:4180} INFO - Setting next_dagrun for parallel_weather_dag to None, run_after=None
[2026-08-30T13:21:18.758+0000] {processor.py:208} INFO - Processing /opt/airflow/dags/04_parallel_weather.py took 0.046 seconds
[2026-08-30T13:21:49.498+0000] {processor.py:186} INFO - Started process (PID=224) to work on /opt/airflow/dags/04_parallel_weather.py
[2026-08-30T13:21:49.499+0000] {processor.py:914} INFO - Processing file /opt/airflow/dags/04_parallel_weather.py for tasks to queue
[2026-08-30T13:21:49.500+0000] {logging_mixin.py:190} INFO - [2026-08-30T13:21:49.500+0000] {dagbag.py:588} INFO - Filling up the DagBag from /opt/airflow/dags/04_parallel_weather.py
[2026-08-30T13:21:49.506+0000] {processor.py:925} INFO - DAG(s) 'parallel_weather_dag' retrieved from /opt/airflow/dags/04_parallel_weather.py
[2026-08-30T13:21:49.521+0000] {logging_mixin.py:190} INFO - [2026-08-30T13:21:49.521+0000] {dag.py:3239} INFO - Sync 1 DAGs
[2026-08-30T13:21:49.528+0000] {logging_mixin.py:190} INFO - [2026-08-30T13:21:49.528+0000] {dag.py:4180} INFO - Setting next_dagrun for parallel_weather_dag to None, run_after=None
[2026-08-30T13:21:49.536+0000] {processor.py:208} INFO - Processing /opt/airflow/dags/04_parallel_weather.py took 0.043 seconds
[2026-08-30T13:22:20.220+0000] {processor.py:186} INFO - Started process (PID=236) to work on /opt/airflow/dags/04_parallel_weather.py
[2026-08-30T13:22:20.221+0000] {processor.py:914} INFO - Processing file /opt/airflow/dags/04_parallel_weather.py for tasks to queue
[2026-08-30T13:22:20.222+0000] {logging_mixin.py:190} INFO - [2026-08-30T13:22:20.222+0000] {dagbag.py:588} INFO - Filling up the DagBag from /opt/airflow/dags/04_parallel_weather.py
[2026-08-30T13:22:20.229+0000] {processor.py:925} INFO - DAG(s) 'parallel_weather_dag' retrieved from /opt/airflow/dags/04_parallel_weather.py
[2026-08-30T13:22:20.255+0000] {logging_mixin.py:190} INFO - [2026-08-30T13:22:20.255+0000] {dag.py:3239} INFO - Sync 1 DAGs
[2026-08-30T13:22:20.265+0000] {logging_mixin.py:190} INFO - [2026-08-30T13:22:20.265+0000] {dag.py:4180} INFO - Setting next_dagrun for parallel_weather_dag to None, run_after=None
[2026-08-30T13:22:20.278+0000] {processor.py:208} INFO - Processing /opt/airflow/dags/04_parallel_weather.py took 0.062 seconds
[2026-08-30T13:22:50.998+0000] {processor.py:186} INFO - Started process (PID=248) to work on /opt/airflow/dags/04_parallel_weather.py
[2026-08-30T13:22:50.998+0000] {processor.py:914} INFO - Processing file /opt/airflow/dags/04_parallel_weather.py for tasks to queue
[2026-08-30T13:22:51.000+0000] {logging_mixin.py:190} INFO - [2026-08-30T13:22:51.000+0000] {dagbag.py:588} INFO - Filling up the DagBag from /opt/airflow/dags/04_parallel_weather.py
[2026-08-30T13:22:51.006+0000] {processor.py:925} INFO - DAG(s) 'parallel_weather_dag' retrieved from /opt/airflow/dags/04_parallel_weather.py
[2026-08-30T13:22:51.022+0000] {logging_mixin.py:190} INFO - [2026-08-30T13:22:51.022+0000] {dag.py:3239} INFO - Sync 1 DAGs
[2026-08-30T13:22:51.029+0000] {logging_mixin.py:190} INFO - [2026-08-30T13:22:51.029+0000] {dag.py:4180} INFO - Setting next_dagrun for parallel_weather_dag to None, run_after=None
[2026-08-30T13:22:51.037+0000] {processor.py:208} INFO - Processing /opt/airflow/dags/04_parallel_weather.py took 0.047 seconds
[2026-08-30T13:23:21.768+0000] {processor.py:186} INFO - Started process (PID=261) to work on /opt/airflow/dags/04_parallel_weather.py
[2026-08-30T13:23:21.769+0000] {processor.py:914} INFO - Processing file /opt/airflow/dags/04_parallel_weather.py for tasks to queue
[2026-08-30T13:23:21.770+0000] {logging_mixin.py:190} INFO - [2026-08-30T13:23:21.770+0000] {dagbag.py:588} INFO - Filling up the DagBag from /opt/airflow/dags/04_parallel_weather.py
[2026-08-30T13:23:21.776+0000] {processor.py:925} INFO - DAG(s) 'parallel_weather_dag' retrieved from /opt/airflow/dags/04_parallel_weather.py
[2026-08-30T13:23:21.792+0000] {logging_mixin.py:190} INFO - [2026-08-30T13:23:21.792+0000] {dag.py:3239} INFO - Sync 1 DAGs
[2026-08-30T13:23:21.798+0000] {logging_mixin.py:190} INFO - [2026-08-30T13:23:21.798+0000] {dag.py:4180} INFO - Setting next_dagrun for parallel_weather_dag to None, run_after=None
[2026-08-30T13:23:21.806+0000] {processor.py:208} INFO - Processing /opt/airflow/dags/04_parallel_weather.py took 0.042 seconds
[2026-08-30T13:23:52.597+0000] {processor.py:186} INFO - Started process (PID=273) to work on /opt/airflow/dags/04_parallel_weather.py
[2026-08-30T13:23:52.598+0000] {processor.py:914} INFO - Processing file /opt/airflow/dags/04_parallel_weather.py for tasks to queue
[2026-08-30T13:23:52.600+0000] {logging_mixin.py:190} INFO - [2026-08-30T13:23:52.599+0000] {dagbag.py:588} INFO - Filling up the DagBag from /opt/airflow/dags/04_parallel_weather.py
[2026-08-30T13:23:52.608+0000] {processor.py:925} INFO - DAG(s) 'parallel_weather_dag' retrieved from /opt/airflow/dags/04_parallel_weather.py
[2026-08-30T13:23:52.623+0000] {logging_mixin.py:190} INFO - [2026-08-30T13:23:52.623+0000] {dag.py:3239} INFO - Sync 1 DAGs
[2026-08-30T13:23:52.630+0000] {logging_mixin.py:190} INFO - [2026-08-30T13:23:52.630+0000] {dag.py:4180} INFO - Setting next_dagrun for parallel_weather_dag to None, run_after=None
[2026-08-30T13:23:52.637+0000] {processor.py:208} INFO - Processing /opt/airflow/dags/04_parallel_weather.py took 0.044 seconds
[2026-08-30T13:24:23.406+0000] {processor.py:186} INFO - Started process (PID=285) to work on /opt/airflow/dags/04_parallel_weather.py
[2026-08-30T13:24:23.407+0000] {processor.py:914} INFO - Processing file /opt/airflow/dags/04_parallel_weather.py for tasks to queue
[2026-08-30T13:24:23.408+0000] {logging_mixin.py:190} INFO - [2026-08-30T13:24:23.408+0000] {dagbag.py:588} INFO - Filling up the DagBag from /opt/airflow/dags/04_parallel_weather.py
[2026-08-30T13:24:23.415+0000] {processor.py:925} INFO - DAG(s) 'parallel_weather_dag' retrieved from /opt/airflow/dags/04_parallel_weather.py
[2026-08-30T13:24:23.430+0000] {logging_mixin.py:190} INFO - [2026-08-30T13:24:23.430+0000] {dag.py:3239} INFO - Sync 1 DAGs
[2026-08-30T13:24:23.437+0000] {logging_mixin.py:190} INFO - [2026-08-30T13:24:23.437+0000] {dag.py:4180} INFO - Setting next_dagrun for parallel_weather_dag to None, run_after=None
[2026-08-30T13:24:23.445+0000] {processor.py:208} INFO - Processing /opt/airflow/dags/04_parallel_weather.py took 0.042 seconds
[2026-08-30T13:24:54.234+0000] {processor.py:186} INFO - Started process (PID=297) to work on /opt/airflow/dags/04_parallel_weather.py
[2026-08-30T13:24:54.235+0000] {processor.py:914} INFO - Processing file /opt/airflow/dags/04_parallel_weather.py for tasks to queue
[2026-08-30T13:24:54.236+0000] {logging_mixin.py:190} INFO - [2026-08-30T13:24:54.236+0000] {dagbag.py:588} INFO - Filling up the DagBag from /opt/airflow/dags/04_parallel_weather.py
[2026-08-30T13:24:54.248+0000] {processor.py:925} INFO - DAG(s) 'parallel_weather_dag' retrieved from /opt/airflow/dags/04_parallel_weather.py
[2026-08-30T13:24:54.263+0000] {logging_mixin.py:190} INFO - [2026-08-30T13:24:54.263+0000] {dag.py:3239} INFO - Sync 1 DAGs
[2026-08-30T13:24:54.269+0000] {logging_mixin.py:190} INFO - [2026-08-30T13:24:54.269+0000] {dag.py:4180} INFO - Setting next_dagrun for parallel_weather_dag to None, run_after=None
[2026-08-30T13:24:54.277+0000] {processor.py:208} INFO - Processing /opt/airflow/dags/04_parallel_weather.py took 0.046 seconds
[2026-08-30T13:25:25.004+0000] {processor.py:186} INFO - Started process (PID=309) to work on /opt/airflow/dags/04_parallel_weather.py
[2026-08-30T13:25:25.005+0000] {processor.py:914} INFO - Processing file /opt/airflow/dags/04_parallel_weather.py for tasks to queue
[2026-08-30T13:25:25.006+0000] {logging_mixin.py:190} INFO - [2026-08-30T13:25:25.006+0000] {dagbag.py:588} INFO - Filling up the DagBag from /opt/airflow/dags/04_parallel_weather.py
[2026-08-30T13:25:25.012+0000] {processor.py:925} INFO - DAG(s) 'parallel_weather_dag' retrieved from /opt/airflow/dags/04_parallel_weather.py
[2026-08-30T13:25:25.028+0000] {logging_mixin.py:190} INFO - [2026-08-30T13:25:25.028+0000] {dag.py:3239} INFO - Sync 1 DAGs
[2026-08-30T13:25:25.034+0000] {logging_mixin.py:190} INFO - [2026-08-30T13:25:25.034+0000] {dag.py:4180} INFO - Setting next_dagrun for parallel_weather_dag to None, run_after=None
[2026-08-30T13:25:25.041+0000] {processor.py:208} INFO - Processing /opt/airflow/dags/04_parallel_weather.py took 0.042 seconds
[2026-08-30T13:25:55.892+0000] {processor.py:186} INFO - Started process (PID=321) to work on /opt/airflow/dags/04_parallel_weather.py
[2026-08-30T13:25:55.893+0000] {processor.py:914} INFO - Processing file /opt/airflow/dags/04_parallel_weather.py for tasks to queue
[2026-08-30T13:25:55.894+0000] {logging_mixin.py:190} INFO - [2026-08-30T13:25:55.894+0000] {dagbag.py:588} INFO - Filling up the DagBag from /opt/airflow/dags/04_parallel_weather.py
[2026-08-30T13:25:55.901+0000] {processor.py:925} INFO - DAG(s) 'parallel_weather_dag' retrieved from /opt/airflow/dags/04_parallel_weather.py
[2026-08-30T13:25:55.918+0000] {logging_mixin.py:190} INFO - [2026-08-30T13:25:55.918+0000] {dag.py:3239} INFO - Sync 1 DAGs
[2026-08-30T13:25:55.928+0000] {logging_mixin.py:190} INFO - [2026-08-30T13:25:55.928+0000] {dag.py:4180} INFO - Setting next_dagrun for parallel_weather_dag to None, run_after=None
[2026-08-30T13:25:55.937+0000] {processor.py:208} INFO - Processing /opt/airflow/dags/04_parallel_weather.py took 0.050 seconds
[2026-08-30T13:26:26.780+0000] {processor.py:186} INFO - Started process (PID=333) to work on /opt/airflow/dags/04_parallel_weather.py
[2026-08-30T13:26:26.781+0000] {processor.py:914} INFO - Processing file /opt/airflow/dags/04_parallel_weather.py for tasks to queue
[2026-08-30T13:26:26.782+0000] {logging_mixin.py:190} INFO - [2026-08-30T13:26:26.782+0000] {dagbag.py:588} INFO - Filling up the DagBag from /opt/airflow/dags/04_parallel_weather.py
[2026-08-30T13:26:26.789+0000] {processor.py:925} INFO - DAG(s) 'parallel_weather_dag' retrieved from /opt/airflow/dags/04_parallel_weather.py
[2026-08-30T13:26:26.810+0000] {logging_mixin.py:190} INFO - [2026-08-30T13:26:26.810+0000] {dag.py:3239} INFO - Sync 1 DAGs
[2026-08-30T13:26:26.820+0000] {logging_mixin.py:190} INFO - [2026-08-30T13:26:26.820+0000] {dag.py:4180} INFO - Setting next_dagrun for parallel_weather_dag to None, run_after=None
[2026-08-30T13:26:26.829+0000] {processor.py:208} INFO - Processing /opt/airflow/dags/04_parallel_weather.py took 0.053 seconds
[2026-08-30T13:26:57.679+0000] {processor.py:186} INFO - Started process (PID=345) to work on /opt/airflow/dags/04_parallel_weather.py
[2026-08-30T13:26:57.680+0000] {processor.py:914} INFO - Processing file /opt/airflow/dags/04_parallel_weather.py for tasks to queue
[2026-08-30T13:26:57.682+0000] {logging_mixin.py:190} INFO - [2026-08-30T13:26:57.682+0000] {dagbag.py:588} INFO - Filling up the DagBag from /opt/airflow/dags/04_parallel_weather.py
[2026-08-30T13:26:57.688+0000] {processor.py:925} INFO - DAG(s) 'parallel_weather_dag' retrieved from /opt/airflow/dags/04_parallel_weather.py
[2026-08-30T13:26:57.707+0000] {logging_mixin.py:190} INFO - [2026-08-30T13:26:57.707+0000] {dag.py:3239} INFO - Sync 1 DAGs
[2026-08-30T13:26:57.714+0000] {logging_mixin.py:190} INFO - [2026-08-30T13:26:57.714+0000] {dag.py:4180} INFO - Setting next_dagrun for parallel_weather_dag to None, run_after=None
[2026-08-30T13:26:57.722+0000] {processor.py:208} INFO - Processing /opt/airflow/dags/04_parallel_weather.py took 0.047 seconds
[2026-08-30T13:27:28.656+0000] {processor.py:186} INFO - Started process (PID=357) to work on /opt/airflow/dags/04_parallel_weather.py
[2026-08-30T13:27:28.657+0000] {processor.py:914} INFO - Processing file /opt/airflow/dags/04_parallel_weather.py for tasks to queue
[2026-08-30T13:27:28.658+0000] {logging_mixin.py:190} INFO - [2026-08-30T13:27:28.658+0000] {dagbag.py:588} INFO - Filling up the DagBag from /opt/airflow/dags/04_parallel_weather.py
[2026-08-30T13:27:28.665+0000] {processor.py:925} INFO - DAG(s) 'parallel_weather_dag' retrieved from /opt/airflow/dags/04_parallel_weather.py
[2026-08-30T13:27:28.680+0000] {logging_mixin.py:190} INFO - [2026-08-30T13:27:28.680+0000] {dag.py:3239} INFO - Sync 1 DAGs
[2026-08-30T13:27:28.687+0000] {logging_mixin.py:190} INFO - [2026-08-30T13:27:28.687+0000] {dag.py:4180} INFO - Setting next_dagrun for parallel_weather_dag to None, run_after=None
[2026-08-30T13:27:28.695+0000] {processor.py:208} INFO - Processing /opt/airflow/dags/04_parallel_weather.py took 0.043 seconds
[2026-08-30T13:27:59.394+0000] {processor.py:186} INFO - Started process (PID=369) to work on /opt/airflow/dags/04_parallel_weather.py
[2026-08-30T13:27:59.395+0000] {processor.py:914} INFO - Processing file /opt/airflow/dags/04_parallel_weather.py for tasks to queue
[2026-08-30T13:27:59.396+0000] {logging_mixin.py:190} INFO - [2026-08-30T13:27:59.396+0000] {dagbag.py:588} INFO - Filling up the DagBag from /opt/airflow/dags/04_parallel_weather.py
[2026-08-30T13:27:59.404+0000] {processor.py:925} INFO - DAG(s) 'parallel_weather_dag' retrieved from /opt/airflow/dags/04_parallel_weather.py
[2026-08-30T13:27:59.421+0000] {logging_mixin.py:190} INFO - [2026-08-30T13:27:59.420+0000] {dag.py:3239} INFO - Sync 1 DAGs
[2026-08-30T13:27:59.428+0000] {logging_mixin.py:190} INFO - [2026-08-30T13:27:59.428+0000] {dag.py:4180} INFO - Setting next_dagrun for parallel_weather_dag to None, run_after=None
[2026-08-30T13:27:59.436+0000] {processor.py:208} INFO - Processing /opt/airflow/dags/04_parallel_weather.py took 0.045 seconds
[2026-08-30T13:28:30.214+0000] {processor.py:186} INFO - Started process (PID=381) to work on /opt/airflow/dags/04_parallel_weather.py
[2026-08-30T13:28:30.215+0000] {processor.py:914} INFO - Processing file /opt/airflow/dags/04_parallel_weather.py for tasks to queue
[2026-08-30T13:28:30.218+0000] {logging_mixin.py:190} INFO - [2026-08-30T13:28:30.217+0000] {dagbag.py:588} INFO - Filling up the DagBag from /opt/airflow/dags/04_parallel_weather.py
[2026-08-30T13:28:30.224+0000] {processor.py:925} INFO - DAG(s) 'parallel_weather_dag' retrieved from /opt/airflow/dags/04_parallel_weather.py
[2026-08-30T13:28:30.240+0000] {logging_mixin.py:190} INFO - [2026-08-30T13:28:30.240+0000] {dag.py:3239} INFO - Sync 1 DAGs
[2026-08-30T13:28:30.246+0000] {logging_mixin.py:190} INFO - [2026-08-30T13:28:30.246+0000] {dag.py:4180} INFO - Setting next_dagrun for parallel_weather_dag to None, run_after=None
[2026-08-30T13:28:30.254+0000] {processor.py:208} INFO - Processing /opt/airflow/dags/04_parallel_weather.py took 0.044 seconds
[2026-08-30T13:29:00.975+0000] {processor.py:186} INFO - Started process (PID=393) to work on /opt/airflow/dags/04_parallel_weather.py
[2026-08-30T13:29:00.976+0000] {processor.py:914} INFO - Processing file /opt/airflow/dags/04_parallel_weather.py for tasks to queue
[2026-08-30T13:29:00.978+0000] {logging_mixin.py:190} INFO - [2026-08-30T13:29:00.978+0000] {dagbag.py:588} INFO - Filling up the DagBag from /opt/airflow/dags/04_parallel_weather.py
[2026-08-30T13:29:00.984+0000] {processor.py:925} INFO - DAG(s) 'parallel_weather_dag' retrieved from /opt/airflow/dags/04_parallel_weather.py
[2026-08-30T13:29:01.000+0000] {logging_mixin.py:190} INFO - [2026-08-30T13:29:01.000+0000] {dag.py:3239} INFO - Sync 1 DAGs
[2026-08-30T13:29:01.008+0000] {logging_mixin.py:190} INFO - [2026-08-30T13:29:01.008+0000] {dag.py:4180} INFO - Setting next_dagrun for parallel_weather_dag to None, run_after=None
[2026-08-30T13:29:01.016+0000] {processor.py:208} INFO - Processing /opt/airflow/dags/04_parallel_weather.py took 0.044 seconds
[2026-08-30T13:29:31.766+0000] {processor.py:186} INFO - Started process (PID=405) to work on /opt/airflow/dags/04_parallel_weather.py
[2026-08-30T13:29:31.767+0000] {processor.py:914} INFO - Processing file /opt/airflow/dags/04_parallel_weather.py for tasks to queue
[2026-08-30T13:29:31.768+0000] {logging_mixin.py:190} INFO - [2026-08-30T13:29:31.768+0000] {dagbag.py:588} INFO - Filling up the DagBag from /opt/airflow/dags/04_parallel_weather.py
[2026-08-30T13:29:31.774+0000] {processor.py:925} INFO - DAG(s) 'parallel_weather_dag' retrieved from /opt/airflow/dags/04_parallel_weather.py
[2026-08-30T13:29:31.790+0000] {logging_mixin.py:190} INFO - [2026-08-30T13:29:31.790+0000] {dag.py:3239} INFO - Sync 1 DAGs
[2026-08-30T13:29:31.797+0000] {logging_mixin.py:190} INFO - [2026-08-30T13:29:31.797+0000] {dag.py:4180} INFO - Setting next_dagrun for parallel_weather_dag to None, run_after=None
[2026-08-30T13:29:31.804+0000] {processor.py:208} INFO - Processing /opt/airflow/dags/04_parallel_weather.py took 0.042 seconds
[2026-08-30T13:30:02.544+0000] {processor.py:186} INFO - Started process (PID=417) to work on /opt/airflow/dags/04_parallel_weather.py
[2026-08-30T13:30:02.546+0000] {processor.py:914} INFO - Processing file /opt/airflow/dags/04_parallel_weather.py for tasks to queue
[2026-08-30T13:30:02.549+0000] {logging_mixin.py:190} INFO - [2026-08-30T13:30:02.548+0000] {dagbag.py:588} INFO - Filling up the DagBag from /opt/airflow/dags/04_parallel_weather.py
[2026-08-30T13:30:02.556+0000] {processor.py:925} INFO - DAG(s) 'parallel_weather_dag' retrieved from /opt/airflow/dags/04_parallel_weather.py
[2026-08-30T13:30:02.581+0000] {logging_mixin.py:190} INFO - [2026-08-30T13:30:02.580+0000] {dag.py:3239} INFO - Sync 1 DAGs
[2026-08-30T13:30:02.591+0000] {logging_mixin.py:190} INFO - [2026-08-30T13:30:02.590+0000] {dag.py:4180} INFO - Setting next_dagrun for parallel_weather_dag to None, run_after=None
[2026-08-30T13:30:02.606+0000] {processor.py:208} INFO - Processing /opt/airflow/dags/04_parallel_weather.py took 0.066 seconds
[2026-08-30T13:30:33.289+0000] {processor.py:186} INFO - Started process (PID=429) to work on /opt/airflow/dags/04_parallel_weather.py
[2026-08-30T13:30:33.290+0000] {processor.py:914} INFO - Processing file /opt/airflow/dags/04_parallel_weather.py for tasks to queue
[2026-08-30T13:30:33.292+0000] {logging_mixin.py:190} INFO - [2026-08-30T13:30:33.291+0000] {dagbag.py:588} INFO - Filling up the DagBag from /opt/airflow/dags/04_parallel_weather.py
[2026-08-30T13:30:33.299+0000] {processor.py:925} INFO - DAG(s) 'parallel_weather_dag' retrieved from /opt/airflow/dags/04_parallel_weather.py
[2026-08-30T13:30:33.315+0000] {logging_mixin.py:190} INFO - [2026-08-30T13:30:33.315+0000] {dag.py:3239} INFO - Sync 1 DAGs
[2026-08-30T13:30:33.323+0000] {logging_mixin.py:190} INFO - [2026-08-30T13:30:33.322+0000] {dag.py:4180} INFO - Setting next_dagrun for parallel_weather_dag to None, run_after=None
[2026-08-30T13:30:33.331+0000] {processor.py:208} INFO - Processing /opt/airflow/dags/04_parallel_weather.py took 0.046 seconds
[2026-08-30T13:31:04.137+0000] {processor.py:186} INFO - Started process (PID=441) to work on /opt/airflow/dags/04_parallel_weather.py
[2026-08-30T13:31:04.138+0000] {processor.py:914} INFO - Processing file /opt/airflow/dags/04_parallel_weather.py for tasks to queue
[2026-08-30T13:31:04.140+0000] {logging_mixin.py:190} INFO - [2026-08-30T13:31:04.139+0000] {dagbag.py:588} INFO - Filling up the DagBag from /opt/airflow/dags/04_parallel_weather.py
[2026-08-30T13:31:04.147+0000] {processor.py:925} INFO - DAG(s) 'parallel_weather_dag' retrieved from /opt/airflow/dags/04_parallel_weather.py
[2026-08-30T13:31:04.164+0000] {logging_mixin.py:190} INFO - [2026-08-30T13:31:04.164+0000] {dag.py:3239} INFO - Sync 1 DAGs
[2026-08-30T13:31:04.172+0000] {logging_mixin.py:190} INFO - [2026-08-30T13:31:04.172+0000] {dag.py:4180} INFO - Setting next_dagrun for parallel_weather_dag to None, run_after=None
[2026-08-30T13:31:04.182+0000] {processor.py:208} INFO - Processing /opt/airflow/dags/04_parallel_weather.py took 0.049 seconds
[2026-08-30T13:31:35.018+0000] {processor.py:186} INFO - Started process (PID=453) to work on /opt/airflow/dags/04_parallel_weather.py
[2026-08-30T13:31:35.020+0000] {processor.py:914} INFO - Processing file /opt/airflow/dags/04_parallel_weather.py for tasks to queue
[2026-08-30T13:31:35.022+0000] {logging_mixin.py:190} INFO - [2026-08-30T13:31:35.021+0000] {dagbag.py:588} INFO - Filling up the DagBag from /opt/airflow/dags/04_parallel_weather.py
[2026-08-30T13:31:35.028+0000] {processor.py:925} INFO - DAG(s) 'parallel_weather_dag' retrieved from /opt/airflow/dags/04_parallel_weather.py
[2026-08-30T13:31:35.045+0000] {logging_mixin.py:190} INFO - [2026-08-30T13:31:35.044+0000] {dag.py:3239} INFO - Sync 1 DAGs
[2026-08-30T13:31:35.051+0000] {logging_mixin.py:190} INFO - [2026-08-30T13:31:35.051+0000] {dag.py:4180} INFO - Setting next_dagrun for parallel_weather_dag to None, run_after=None
[2026-08-30T13:31:35.060+0000] {processor.py:208} INFO - Processing /opt/airflow/dags/04_parallel_weather.py took 0.046 seconds
[2026-08-30T13:32:05.919+0000] {processor.py:186} INFO - Started process (PID=465) to work on /opt/airflow/dags/04_parallel_weather.py
[2026-08-30T13:32:05.920+0000] {processor.py:914} INFO - Processing file /opt/airflow/dags/04_parallel_weather.py for tasks to queue
[2026-08-30T13:32:05.922+0000] {logging_mixin.py:190} INFO - [2026-08-30T13:32:05.921+0000] {dagbag.py:588} INFO - Filling up the DagBag from /opt/airflow/dags/04_parallel_weather.py
[2026-08-30T13:32:05.928+0000] {processor.py:925} INFO - DAG(s) 'parallel_weather_dag' retrieved from /opt/airflow/dags/04_parallel_weather.py
[2026-08-30T13:32:05.945+0000] {logging_mixin.py:190} INFO - [2026-08-30T13:32:05.945+0000] {dag.py:3239} INFO - Sync 1 DAGs
[2026-08-30T13:32:05.952+0000] {logging_mixin.py:190} INFO - [2026-08-30T13:32:05.952+0000] {dag.py:4180} INFO - Setting next_dagrun for parallel_weather_dag to None, run_after=None
[2026-08-30T13:32:05.961+0000] {processor.py:208} INFO - Processing /opt/airflow/dags/04_parallel_weather.py took 0.047 seconds
[2026-08-30T13:32:36.744+0000] {processor.py:186} INFO - Started process (PID=477) to work on /opt/airflow/dags/04_parallel_weather.py
[2026-08-30T13:32:36.745+0000] {processor.py:914} INFO - Processing file /opt/airflow/dags/04_parallel_weather.py for tasks to queue
[2026-08-30T13:32:36.747+0000] {logging_mixin.py:190} INFO - [2026-08-30T13:32:36.747+0000] {dagbag.py:588} INFO - Filling up the DagBag from /opt/airflow/dags/04_parallel_weather.py
[2026-08-30T13:32:36.753+0000] {processor.py:925} INFO - DAG(s) 'parallel_weather_dag' retrieved from /opt/airflow/dags/04_parallel_weather.py
[2026-08-30T13:32:36.769+0000] {logging_mixin.py:190} INFO - [2026-08-30T13:32:36.769+0000] {dag.py:3239} INFO - Sync 1 DAGs
[2026-08-30T13:32:36.775+0000] {logging_mixin.py:190} INFO - [2026-08-30T13:32:36.775+0000] {dag.py:4180} INFO - Setting next_dagrun for parallel_weather_dag to None, run_after=None
[2026-08-30T13:32:36.783+0000] {processor.py:208} INFO - Processing /opt/airflow/dags/04_parallel_weather.py took 0.044 seconds
[2026-08-30T13:33:07.464+0000] {processor.py:186} INFO - Started process (PID=489) to work on /opt/airflow/dags/04_parallel_weather.py
[2026-08-30T13:33:07.465+0000] {processor.py:914} INFO - Processing file /opt/airflow/dags/04_parallel_weather.py for tasks to queue
[2026-08-30T13:33:07.466+0000] {logging_mixin.py:190} INFO - [2026-08-30T13:33:07.466+0000] {dagbag.py:588} INFO - Filling up the DagBag from /opt/airflow/dags/04_parallel_weather.py
[2026-08-30T13:33:07.475+0000] {processor.py:925} INFO - DAG(s) 'parallel_weather_dag' retrieved from /opt/airflow/dags/04_parallel_weather.py
[2026-08-30T13:33:07.497+0000] {logging_mixin.py:190} INFO - [2026-08-30T13:33:07.497+0000] {dag.py:3239} INFO - Sync 1 DAGs
[2026-08-30T13:33:07.505+0000] {logging_mixin.py:190} INFO - [2026-08-30T13:33:07.504+0000] {dag.py:4180} INFO - Setting next_dagrun for parallel_weather_dag to None, run_after=None
[2026-08-30T13:33:07.512+0000] {processor.py:208} INFO - Processing /opt/airflow/dags/04_parallel_weather.py took 0.052 seconds
[2026-08-30T13:33:38.324+0000] {processor.py:186} INFO - Started process (PID=502) to work on /opt/airflow/dags/04_parallel_weather.py
[2026-08-30T13:33:38.324+0000] {processor.py:914} INFO - Processing file /opt/airflow/dags/04_parallel_weather.py for tasks to queue
[2026-08-30T13:33:38.326+0000] {logging_mixin.py:190} INFO - [2026-08-30T13:33:38.326+0000] {dagbag.py:588} INFO - Filling up the DagBag from /opt/airflow/dags/04_parallel_weather.py
[2026-08-30T13:33:38.332+0000] {processor.py:925} INFO - DAG(s) 'parallel_weather_dag' retrieved from /opt/airflow/dags/04_parallel_weather.py
[2026-08-30T13:33:38.349+0000] {logging_mixin.py:190} INFO - [2026-08-30T13:33:38.348+0000] {dag.py:3239} INFO - Sync 1 DAGs
[2026-08-30T13:33:38.356+0000] {logging_mixin.py:190} INFO - [2026-08-30T13:33:38.356+0000] {dag.py:4180} INFO - Setting next_dagrun for parallel_weather_dag to None, run_after=None
[2026-08-30T13:33:38.363+0000] {processor.py:208} INFO - Processing /opt/airflow/dags/04_parallel_weather.py took 0.044 seconds
[2026-08-30T13:34:09.154+0000] {processor.py:186} INFO - Started process (PID=514) to work on /opt/airflow/dags/04_parallel_weather.py
[2026-08-30T13:34:09.154+0000] {processor.py:914} INFO - Processing file /opt/airflow/dags/04_parallel_weather.py for tasks to queue
[2026-08-30T13:34:09.156+0000] {logging_mixin.py:190} INFO - [2026-08-30T13:34:09.155+0000] {dagbag.py:588} INFO - Filling up the DagBag from /opt/airflow/dags/04_parallel_weather.py
[2026-08-30T13:34:09.162+0000] {processor.py:925} INFO - DAG(s) 'parallel_weather_dag' retrieved from /opt/airflow/dags/04_parallel_weather.py
[2026-08-30T13:34:09.178+0000] {logging_mixin.py:190} INFO - [2026-08-30T13:34:09.178+0000] {dag.py:3239} INFO - Sync 1 DAGs
[2026-08-30T13:34:09.185+0000] {logging_mixin.py:190} INFO - [2026-08-30T13:34:09.185+0000] {dag.py:4180} INFO - Setting next_dagrun for parallel_weather_dag to None, run_after=None
[2026-08-30T13:34:09.192+0000] {processor.py:208} INFO - Processing /opt/airflow/dags/04_parallel_weather.py took 0.043 seconds
[2026-08-30T13:34:40.075+0000] {processor.py:186} INFO - Started process (PID=526) to work on /opt/airflow/dags/04_parallel_weather.py
[2026-08-30T13:34:40.076+0000] {processor.py:914} INFO - Processing file /opt/airflow/dags/04_parallel_weather.py for tasks to queue
[2026-08-30T13:34:40.078+0000] {logging_mixin.py:190} INFO - [2026-08-30T13:34:40.078+0000] {dagbag.py:588} INFO - Filling up the DagBag from /opt/airflow/dags/04_parallel_weather.py
[2026-08-30T13:34:40.084+0000] {processor.py:925} INFO - DAG(s) 'parallel_weather_dag' retrieved from /opt/airflow/dags/04_parallel_weather.py
[2026-08-30T13:34:40.100+0000] {logging_mixin.py:190} INFO - [2026-08-30T13:34:40.100+0000] {dag.py:3239} INFO - Sync 1 DAGs
[2026-08-30T13:34:40.107+0000] {logging_mixin.py:190} INFO - [2026-08-30T13:34:40.107+0000] {dag.py:4180} INFO - Setting next_dagrun for parallel_weather_dag to None, run_after=None
[2026-08-30T13:34:40.115+0000] {processor.py:208} INFO - Processing /opt/airflow/dags/04_parallel_weather.py took 0.045 seconds
[2026-08-30T13:35:10.877+0000] {processor.py:186} INFO - Started process (PID=538) to work on /opt/airflow/dags/04_parallel_weather.py
[2026-08-30T13:35:10.877+0000] {processor.py:914} INFO - Processing file /opt/airflow/dags/04_parallel_weather.py for tasks to queue
[2026-08-30T13:35:10.879+0000] {logging_mixin.py:190} INFO - [2026-08-30T13:35:10.879+0000] {dagbag.py:588} INFO - Filling up the DagBag from /opt/airflow/dags/04_parallel_weather.py
[2026-08-30T13:35:10.886+0000] {processor.py:925} INFO - DAG(s) 'parallel_weather_dag' retrieved from /opt/airflow/dags/04_parallel_weather.py
[2026-08-30T13:35:10.902+0000] {logging_mixin.py:190} INFO - [2026-08-30T13:35:10.902+0000] {dag.py:3239} INFO - Sync 1 DAGs
[2026-08-30T13:35:10.909+0000] {logging_mixin.py:190} INFO - [2026-08-30T13:35:10.909+0000] {dag.py:4180} INFO - Setting next_dagrun for parallel_weather_dag to None, run_after=None
[2026-08-30T13:35:10.916+0000] {processor.py:208} INFO - Processing /opt/airflow/dags/04_parallel_weather.py took 0.043 seconds
[2026-08-30T13:35:41.687+0000] {processor.py:186} INFO - Started process (PID=550) to work on /opt/airflow/dags/04_parallel_weather.py
[2026-08-30T13:35:41.688+0000] {processor.py:914} INFO - Processing file /opt/airflow/dags/04_parallel_weather.py for tasks to queue
[2026-08-30T13:35:41.690+0000] {logging_mixin.py:190} INFO - [2026-08-30T13:35:41.690+0000] {dagbag.py:588} INFO - Filling up the DagBag from /opt/airflow/dags/04_parallel_weather.py
[2026-08-30T13:35:41.696+0000] {processor.py:925} INFO - DAG(s) 'parallel_weather_dag' retrieved from /opt/airflow/dags/04_parallel_weather.py
[2026-08-30T13:35:41.712+0000] {logging_mixin.py:190} INFO - [2026-08-30T13:35:41.712+0000] {dag.py:3239} INFO - Sync 1 DAGs
[2026-08-30T13:35:41.719+0000] {logging_mixin.py:190} INFO - [2026-08-30T13:35:41.719+0000] {dag.py:4180} INFO - Setting next_dagrun for parallel_weather_dag to None, run_after=None
[2026-08-30T13:35:41.726+0000] {processor.py:208} INFO - Processing /opt/airflow/dags/04_parallel_weather.py took 0.044 seconds
[2026-08-30T13:36:12.488+0000] {processor.py:186} INFO - Started process (PID=562) to work on /opt/airflow/dags/04_parallel_weather.py
[2026-08-30T13:36:12.489+0000] {processor.py:914} INFO - Processing file /opt/airflow/dags/04_parallel_weather.py for tasks to queue
[2026-08-30T13:36:12.490+0000] {logging_mixin.py:190} INFO - [2026-08-30T13:36:12.490+0000] {dagbag.py:588} INFO - Filling up the DagBag from /opt/airflow/dags/04_parallel_weather.py
[2026-08-30T13:36:12.496+0000] {processor.py:925} INFO - DAG(s) 'parallel_weather_dag' retrieved from /opt/airflow/dags/04_parallel_weather.py
[2026-08-30T13:36:12.511+0000] {logging_mixin.py:190} INFO - [2026-08-30T13:36:12.511+0000] {dag.py:3239} INFO - Sync 1 DAGs
[2026-08-30T13:36:12.518+0000] {logging_mixin.py:190} INFO - [2026-08-30T13:36:12.518+0000] {dag.py:4180} INFO - Setting next_dagrun for parallel_weather_dag to None, run_after=None
[2026-08-30T13:36:12.525+0000] {processor.py:208} INFO - Processing /opt/airflow/dags/04_parallel_weather.py took 0.041 seconds
[2026-08-30T13:36:43.422+0000] {processor.py:186} INFO - Started process (PID=579) to work on /opt/airflow/dags/04_parallel_weather.py
[2026-08-30T13:36:43.423+0000] {processor.py:914} INFO - Processing file /opt/airflow/dags/04_parallel_weather.py for tasks to queue
[2026-08-30T13:36:43.425+0000] {logging_mixin.py:190} INFO - [2026-08-30T13:36:43.424+0000] {dagbag.py:588} INFO - Filling up the DagBag from /opt/airflow/dags/04_parallel_weather.py
[2026-08-30T13:36:43.436+0000] {processor.py:925} INFO - DAG(s) 'parallel_weather_dag' retrieved from /opt/airflow/dags/04_parallel_weather.py
[2026-08-30T13:36:43.455+0000] {logging_mixin.py:190} INFO - [2026-08-30T13:36:43.455+0000] {dag.py:3239} INFO - Sync 1 DAGs
[2026-08-30T13:36:43.465+0000] {logging_mixin.py:190} INFO - [2026-08-30T13:36:43.465+0000] {dag.py:4180} INFO - Setting next_dagrun for parallel_weather_dag to None, run_after=None
[2026-08-30T13:36:43.474+0000] {processor.py:208} INFO - Processing /opt/airflow/dags/04_parallel_weather.py took 0.057 seconds
[2026-08-30T13:37:14.236+0000] {processor.py:186} INFO - Started process (PID=591) to work on /opt/airflow/dags/04_parallel_weather.py
[2026-08-30T13:37:14.237+0000] {processor.py:914} INFO - Processing file /opt/airflow/dags/04_parallel_weather.py for tasks to queue
[2026-08-30T13:37:14.238+0000] {logging_mixin.py:190} INFO - [2026-08-30T13:37:14.238+0000] {dagbag.py:588} INFO - Filling up the DagBag from /opt/airflow/dags/04_parallel_weather.py
[2026-08-30T13:37:14.245+0000] {processor.py:925} INFO - DAG(s) 'parallel_weather_dag' retrieved from /opt/airflow/dags/04_parallel_weather.py
[2026-08-30T13:37:14.261+0000] {logging_mixin.py:190} INFO - [2026-08-30T13:37:14.261+0000] {dag.py:3239} INFO - Sync 1 DAGs
[2026-08-30T13:37:14.267+0000] {logging_mixin.py:190} INFO - [2026-08-30T13:37:14.267+0000] {dag.py:4180} INFO - Setting next_dagrun for parallel_weather_dag to None, run_after=None
[2026-08-30T13:37:14.275+0000] {processor.py:208} INFO - Processing /opt/airflow/dags/04_parallel_weather.py took 0.042 seconds
[2026-08-30T13:37:45.080+0000] {processor.py:186} INFO - Started process (PID=603) to work on /opt/airflow/dags/04_parallel_weather.py
[2026-08-30T13:37:45.081+0000] {processor.py:914} INFO - Processing file /opt/airflow/dags/04_parallel_weather.py for tasks to queue
[2026-08-30T13:37:45.082+0000] {logging_mixin.py:190} INFO - [2026-08-30T13:37:45.082+0000] {dagbag.py:588} INFO - Filling up the DagBag from /opt/airflow/dags/04_parallel_weather.py
[2026-08-30T13:37:45.089+0000] {processor.py:925} INFO - DAG(s) 'parallel_weather_dag' retrieved from /opt/airflow/dags/04_parallel_weather.py
[2026-08-30T13:37:45.104+0000] {logging_mixin.py:190} INFO - [2026-08-30T13:37:45.104+0000] {dag.py:3239} INFO - Sync 1 DAGs
[2026-08-30T13:37:45.110+0000] {logging_mixin.py:190} INFO - [2026-08-30T13:37:45.110+0000] {dag.py:4180} INFO - Setting next_dagrun for parallel_weather_dag to None, run_after=None
[2026-08-30T13:37:45.118+0000] {processor.py:208} INFO - Processing /opt/airflow/dags/04_parallel_weather.py took 0.042 seconds
[2026-08-30T13:38:15.919+0000] {processor.py:186} INFO - Started process (PID=615) to work on /opt/airflow/dags/04_parallel_weather.py
[2026-08-30T13:38:15.920+0000] {processor.py:914} INFO - Processing file /opt/airflow/dags/04_parallel_weather.py for tasks to queue
[2026-08-30T13:38:15.926+0000] {logging_mixin.py:190} INFO - [2026-08-30T13:38:15.924+0000] {dagbag.py:588} INFO - Filling up the DagBag from /opt/airflow/dags/04_parallel_weather.py
[2026-08-30T13:38:15.949+0000] {processor.py:925} INFO - DAG(s) 'parallel_weather_dag' retrieved from /opt/airflow/dags/04_parallel_weather.py
[2026-08-30T13:38:15.967+0000] {logging_mixin.py:190} INFO - [2026-08-30T13:38:15.967+0000] {dag.py:3239} INFO - Sync 1 DAGs
[2026-08-30T13:38:15.975+0000] {logging_mixin.py:190} INFO - [2026-08-30T13:38:15.974+0000] {dag.py:4180} INFO - Setting next_dagrun for parallel_weather_dag to None, run_after=None
[2026-08-30T13:38:15.983+0000] {processor.py:208} INFO - Processing /opt/airflow/dags/04_parallel_weather.py took 0.068 seconds
[2026-08-30T13:38:46.823+0000] {processor.py:186} INFO - Started process (PID=627) to work on /opt/airflow/dags/04_parallel_weather.py
[2026-08-30T13:38:46.824+0000] {processor.py:914} INFO - Processing file /opt/airflow/dags/04_parallel_weather.py for tasks to queue
[2026-08-30T13:38:46.826+0000] {logging_mixin.py:190} INFO - [2026-08-30T13:38:46.825+0000] {dagbag.py:588} INFO - Filling up the DagBag from /opt/airflow/dags/04_parallel_weather.py
[2026-08-30T13:38:46.833+0000] {processor.py:925} INFO - DAG(s) 'parallel_weather_dag' retrieved from /opt/airflow/dags/04_parallel_weather.py
[2026-08-30T13:38:46.849+0000] {logging_mixin.py:190} INFO - [2026-08-30T13:38:46.849+0000] {dag.py:3239} INFO - Sync 1 DAGs
[2026-08-30T13:38:46.856+0000] {logging_mixin.py:190} INFO - [2026-08-30T13:38:46.856+0000] {dag.py:4180} INFO - Setting next_dagrun for parallel_weather_dag to None, run_after=None
[2026-08-30T13:38:46.864+0000] {processor.py:208} INFO - Processing /opt/airflow/dags/04_parallel_weather.py took 0.046 seconds
[2026-08-30T13:39:17.592+0000] {processor.py:186} INFO - Started process (PID=639) to work on /opt/airflow/dags/04_parallel_weather.py
[2026-08-30T13:39:17.593+0000] {processor.py:914} INFO - Processing file /opt/airflow/dags/04_parallel_weather.py for tasks to queue
[2026-08-30T13:39:17.594+0000] {logging_mixin.py:190} INFO - [2026-08-30T13:39:17.594+0000] {dagbag.py:588} INFO - Filling up the DagBag from /opt/airflow/dags/04_parallel_weather.py
[2026-08-30T13:39:17.600+0000] {processor.py:925} INFO - DAG(s) 'parallel_weather_dag' retrieved from /opt/airflow/dags/04_parallel_weather.py
[2026-08-30T13:39:17.618+0000] {logging_mixin.py:190} INFO - [2026-08-30T13:39:17.617+0000] {dag.py:3239} INFO - Sync 1 DAGs
[2026-08-30T13:39:17.624+0000] {logging_mixin.py:190} INFO - [2026-08-30T13:39:17.624+0000] {dag.py:4180} INFO - Setting next_dagrun for parallel_weather_dag to None, run_after=None
[2026-08-30T13:39:17.632+0000] {processor.py:208} INFO - Processing /opt/airflow/dags/04_parallel_weather.py took 0.044 seconds
[2026-08-30T13:39:48.364+0000] {processor.py:186} INFO - Started process (PID=651) to work on /opt/airflow/dags/04_parallel_weather.py
[2026-08-30T13:39:48.365+0000] {processor.py:914} INFO - Processing file /opt/airflow/dags/04_parallel_weather.py for tasks to queue
[2026-08-30T13:39:48.366+0000] {logging_mixin.py:190} INFO - [2026-08-30T13:39:48.366+0000] {dagbag.py:588} INFO - Filling up the DagBag from /opt/airflow/dags/04_parallel_weather.py
[2026-08-30T13:39:48.373+0000] {processor.py:925} INFO - DAG(s) 'parallel_weather_dag' retrieved from /opt/airflow/dags/04_parallel_weather.py
[2026-08-30T13:39:48.390+0000] {logging_mixin.py:190} INFO - [2026-08-30T13:39:48.390+0000] {dag.py:3239} INFO - Sync 1 DAGs
[2026-08-30T13:39:48.397+0000] {logging_mixin.py:190} INFO - [2026-08-30T13:39:48.397+0000] {dag.py:4180} INFO - Setting next_dagrun for parallel_weather_dag to None, run_after=None
[2026-08-30T13:39:48.405+0000] {processor.py:208} INFO - Processing /opt/airflow/dags/04_parallel_weather.py took 0.046 seconds
[2026-08-30T13:40:19.275+0000] {processor.py:186} INFO - Started process (PID=663) to work on /opt/airflow/dags/04_parallel_weather.py
[2026-08-30T13:40:19.276+0000] {processor.py:914} INFO - Processing file /opt/airflow/dags/04_parallel_weather.py for tasks to queue
[2026-08-30T13:40:19.278+0000] {logging_mixin.py:190} INFO - [2026-08-30T13:40:19.278+0000] {dagbag.py:588} INFO - Filling up the DagBag from /opt/airflow/dags/04_parallel_weather.py
[2026-08-30T13:40:19.284+0000] {processor.py:925} INFO - DAG(s) 'parallel_weather_dag' retrieved from /opt/airflow/dags/04_parallel_weather.py
[2026-08-30T13:40:19.300+0000] {logging_mixin.py:190} INFO - [2026-08-30T13:40:19.300+0000] {dag.py:3239} INFO - Sync 1 DAGs
[2026-08-30T13:40:19.307+0000] {logging_mixin.py:190} INFO - [2026-08-30T13:40:19.307+0000] {dag.py:4180} INFO - Setting next_dagrun for parallel_weather_dag to None, run_after=None
[2026-08-30T13:40:19.315+0000] {processor.py:208} INFO - Processing /opt/airflow/dags/04_parallel_weather.py took 0.045 seconds
[2026-08-30T13:40:50.094+0000] {processor.py:186} INFO - Started process (PID=675) to work on /opt/airflow/dags/04_parallel_weather.py
[2026-08-30T13:40:50.095+0000] {processor.py:914} INFO - Processing file /opt/airflow/dags/04_parallel_weather.py for tasks to queue
[2026-08-30T13:40:50.097+0000] {logging_mixin.py:190} INFO - [2026-08-30T13:40:50.097+0000] {dagbag.py:588} INFO - Filling up the DagBag from /opt/airflow/dags/04_parallel_weather.py
[2026-08-30T13:40:50.105+0000] {processor.py:925} INFO - DAG(s) 'parallel_weather_dag' retrieved from /opt/airflow/dags/04_parallel_weather.py
[2026-08-30T13:40:50.121+0000] {logging_mixin.py:190} INFO - [2026-08-30T13:40:50.121+0000] {dag.py:3239} INFO - Sync 1 DAGs
[2026-08-30T13:40:50.128+0000] {logging_mixin.py:190} INFO - [2026-08-30T13:40:50.128+0000] {dag.py:4180} INFO - Setting next_dagrun for parallel_weather_dag to None, run_after=None
[2026-08-30T13:40:50.135+0000] {processor.py:208} INFO - Processing /opt/airflow/dags/04_parallel_weather.py took 0.045 seconds
[2026-08-30T13:41:20.997+0000] {processor.py:186} INFO - Started process (PID=687) to work on /opt/airflow/dags/04_parallel_weather.py
[2026-08-30T13:41:20.997+0000] {processor.py:914} INFO - Processing file /opt/airflow/dags/04_parallel_weather.py for tasks to queue
[2026-08-30T13:41:20.999+0000] {logging_mixin.py:190} INFO - [2026-08-30T13:41:20.998+0000] {dagbag.py:588} INFO - Filling up the DagBag from /opt/airflow/dags/04_parallel_weather.py
[2026-08-30T13:41:21.005+0000] {processor.py:925} INFO - DAG(s) 'parallel_weather_dag' retrieved from /opt/airflow/dags/04_parallel_weather.py
[2026-08-30T13:41:21.024+0000] {logging_mixin.py:190} INFO - [2026-08-30T13:41:21.024+0000] {dag.py:3239} INFO - Sync 1 DAGs
[2026-08-30T13:41:21.031+0000] {logging_mixin.py:190} INFO - [2026-08-30T13:41:21.031+0000] {dag.py:4180} INFO - Setting next_dagrun for parallel_weather_dag to None, run_after=None
[2026-08-30T13:41:21.038+0000] {processor.py:208} INFO - Processing /opt/airflow/dags/04_parallel_weather.py took 0.046 seconds
[2026-08-30T13:41:51.684+0000] {processor.py:186} INFO - Started process (PID=699) to work on /opt/airflow/dags/04_parallel_weather.py
[2026-08-30T13:41:51.685+0000] {processor.py:914} INFO - Processing file /opt/airflow/dags/04_parallel_weather.py for tasks to queue
[2026-08-30T13:41:51.687+0000] {logging_mixin.py:190} INFO - [2026-08-30T13:41:51.686+0000] {dagbag.py:588} INFO - Filling up the DagBag from /opt/airflow/dags/04_parallel_weather.py
[2026-08-30T13:41:51.693+0000] {processor.py:925} INFO - DAG(s) 'parallel_weather_dag' retrieved from /opt/airflow/dags/04_parallel_weather.py
[2026-08-30T13:41:51.708+0000] {logging_mixin.py:190} INFO - [2026-08-30T13:41:51.708+0000] {dag.py:3239} INFO - Sync 1 DAGs
[2026-08-30T13:41:51.715+0000] {logging_mixin.py:190} INFO - [2026-08-30T13:41:51.715+0000] {dag.py:4180} INFO - Setting next_dagrun for parallel_weather_dag to None, run_after=None
[2026-08-30T13:41:51.722+0000] {processor.py:208} INFO - Processing /opt/airflow/dags/04_parallel_weather.py took 0.042 seconds
[2026-08-30T13:42:22.482+0000] {processor.py:186} INFO - Started process (PID=711) to work on /opt/airflow/dags/04_parallel_weather.py
[2026-08-30T13:42:22.483+0000] {processor.py:914} INFO - Processing file /opt/airflow/dags/04_parallel_weather.py for tasks to queue
[2026-08-30T13:42:22.485+0000] {logging_mixin.py:190} INFO - [2026-08-30T13:42:22.485+0000] {dagbag.py:588} INFO - Filling up the DagBag from /opt/airflow/dags/04_parallel_weather.py
[2026-08-30T13:42:22.492+0000] {processor.py:925} INFO - DAG(s) 'parallel_weather_dag' retrieved from /opt/airflow/dags/04_parallel_weather.py
[2026-08-30T13:42:22.508+0000] {logging_mixin.py:190} INFO - [2026-08-30T13:42:22.508+0000] {dag.py:3239} INFO - Sync 1 DAGs
[2026-08-30T13:42:22.514+0000] {logging_mixin.py:190} INFO - [2026-08-30T13:42:22.514+0000] {dag.py:4180} INFO - Setting next_dagrun for parallel_weather_dag to None, run_after=None
[2026-08-30T13:42:22.522+0000] {processor.py:208} INFO - Processing /opt/airflow/dags/04_parallel_weather.py took 0.043 seconds
[2026-08-30T13:42:53.236+0000] {processor.py:186} INFO - Started process (PID=723) to work on /opt/airflow/dags/04_parallel_weather.py
[2026-08-30T13:42:53.237+0000] {processor.py:914} INFO - Processing file /opt/airflow/dags/04_parallel_weather.py for tasks to queue
[2026-08-30T13:42:53.239+0000] {logging_mixin.py:190} INFO - [2026-08-30T13:42:53.239+0000] {dagbag.py:588} INFO - Filling up the DagBag from /opt/airflow/dags/04_parallel_weather.py
[2026-08-30T13:42:53.245+0000] {processor.py:925} INFO - DAG(s) 'parallel_weather_dag' retrieved from /opt/airflow/dags/04_parallel_weather.py
[2026-08-30T13:42:53.261+0000] {logging_mixin.py:190} INFO - [2026-08-30T13:42:53.261+0000] {dag.py:3239} INFO - Sync 1 DAGs
[2026-08-30T13:42:53.267+0000] {logging_mixin.py:190} INFO - [2026-08-30T13:42:53.267+0000] {dag.py:4180} INFO - Setting next_dagrun for parallel_weather_dag to None, run_after=None
[2026-08-30T13:42:53.275+0000] {processor.py:208} INFO - Processing /opt/airflow/dags/04_parallel_weather.py took 0.043 seconds
[2026-08-30T13:43:24.013+0000] {processor.py:186} INFO - Started process (PID=735) to work on /opt/airflow/dags/04_parallel_weather.py
[2026-08-30T13:43:24.014+0000] {processor.py:914} INFO - Processing file /opt/airflow/dags/04_parallel_weather.py for tasks to queue
[2026-08-30T13:43:24.016+0000] {logging_mixin.py:190} INFO - [2026-08-30T13:43:24.015+0000] {dagbag.py:588} INFO - Filling up the DagBag from /opt/airflow/dags/04_parallel_weather.py
[2026-08-30T13:43:24.022+0000] {processor.py:925} INFO - DAG(s) 'parallel_weather_dag' retrieved from /opt/airflow/dags/04_parallel_weather.py
[2026-08-30T13:43:24.039+0000] {logging_mixin.py:190} INFO - [2026-08-30T13:43:24.038+0000] {dag.py:3239} INFO - Sync 1 DAGs
[2026-08-30T13:43:24.046+0000] {logging_mixin.py:190} INFO - [2026-08-30T13:43:24.046+0000] {dag.py:4180} INFO - Setting next_dagrun for parallel_weather_dag to None, run_after=None
[2026-08-30T13:43:24.054+0000] {processor.py:208} INFO - Processing /opt/airflow/dags/04_parallel_weather.py took 0.045 seconds
[2026-08-30T13:43:54.810+0000] {processor.py:186} INFO - Started process (PID=747) to work on /opt/airflow/dags/04_parallel_weather.py
[2026-08-30T13:43:54.810+0000] {processor.py:914} INFO - Processing file /opt/airflow/dags/04_parallel_weather.py for tasks to queue
[2026-08-30T13:43:54.812+0000] {logging_mixin.py:190} INFO - [2026-08-30T13:43:54.812+0000] {dagbag.py:588} INFO - Filling up the DagBag from /opt/airflow/dags/04_parallel_weather.py
[2026-08-30T13:43:54.819+0000] {processor.py:925} INFO - DAG(s) 'parallel_weather_dag' retrieved from /opt/airflow/dags/04_parallel_weather.py
[2026-08-30T13:43:54.835+0000] {logging_mixin.py:190} INFO - [2026-08-30T13:43:54.835+0000] {dag.py:3239} INFO - Sync 1 DAGs
[2026-08-30T13:43:54.841+0000] {logging_mixin.py:190} INFO - [2026-08-30T13:43:54.841+0000] {dag.py:4180} INFO - Setting next_dagrun for parallel_weather_dag to None, run_after=None
[2026-08-30T13:43:54.849+0000] {processor.py:208} INFO - Processing /opt/airflow/dags/04_parallel_weather.py took 0.044 seconds
[2026-08-30T13:44:25.542+0000] {processor.py:186} INFO - Started process (PID=759) to work on /opt/airflow/dags/04_parallel_weather.py
[2026-08-30T13:44:25.543+0000] {processor.py:914} INFO - Processing file /opt/airflow/dags/04_parallel_weather.py for tasks to queue
[2026-08-30T13:44:25.544+0000] {logging_mixin.py:190} INFO - [2026-08-30T13:44:25.544+0000] {dagbag.py:588} INFO - Filling up the DagBag from /opt/airflow/dags/04_parallel_weather.py
[2026-08-30T13:44:25.551+0000] {processor.py:925} INFO - DAG(s) 'parallel_weather_dag' retrieved from /opt/airflow/dags/04_parallel_weather.py
[2026-08-30T13:44:25.569+0000] {logging_mixin.py:190} INFO - [2026-08-30T13:44:25.569+0000] {dag.py:3239} INFO - Sync 1 DAGs
[2026-08-30T13:44:25.576+0000] {logging_mixin.py:190} INFO - [2026-08-30T13:44:25.576+0000] {dag.py:4180} INFO - Setting next_dagrun for parallel_weather_dag to None, run_after=None
[2026-08-30T13:44:25.584+0000] {processor.py:208} INFO - Processing /opt/airflow/dags/04_parallel_weather.py took 0.047 seconds
[2026-08-30T13:44:56.328+0000] {processor.py:186} INFO - Started process (PID=771) to work on /opt/airflow/dags/04_parallel_weather.py
[2026-08-30T13:44:56.329+0000] {processor.py:914} INFO - Processing file /opt/airflow/dags/04_parallel_weather.py for tasks to queue
[2026-08-30T13:44:56.330+0000] {logging_mixin.py:190} INFO - [2026-08-30T13:44:56.330+0000] {dagbag.py:588} INFO - Filling up the DagBag from /opt/airflow/dags/04_parallel_weather.py
[2026-08-30T13:44:56.337+0000] {processor.py:925} INFO - DAG(s) 'parallel_weather_dag' retrieved from /opt/airflow/dags/04_parallel_weather.py
[2026-08-30T13:44:56.353+0000] {logging_mixin.py:190} INFO - [2026-08-30T13:44:56.353+0000] {dag.py:3239} INFO - Sync 1 DAGs
[2026-08-30T13:44:56.360+0000] {logging_mixin.py:190} INFO - [2026-08-30T13:44:56.360+0000] {dag.py:4180} INFO - Setting next_dagrun for parallel_weather_dag to None, run_after=None
[2026-08-30T13:44:56.368+0000] {processor.py:208} INFO - Processing /opt/airflow/dags/04_parallel_weather.py took 0.045 seconds
[2026-08-30T13:45:27.102+0000] {processor.py:186} INFO - Started process (PID=783) to work on /opt/airflow/dags/04_parallel_weather.py
[2026-08-30T13:45:27.103+0000] {processor.py:914} INFO - Processing file /opt/airflow/dags/04_parallel_weather.py for tasks to queue
[2026-08-30T13:45:27.104+0000] {logging_mixin.py:190} INFO - [2026-08-30T13:45:27.104+0000] {dagbag.py:588} INFO - Filling up the DagBag from /opt/airflow/dags/04_parallel_weather.py
[2026-08-30T13:45:27.112+0000] {processor.py:925} INFO - DAG(s) 'parallel_weather_dag' retrieved from /opt/airflow/dags/04_parallel_weather.py
[2026-08-30T13:45:27.128+0000] {logging_mixin.py:190} INFO - [2026-08-30T13:45:27.128+0000] {dag.py:3239} INFO - Sync 1 DAGs
[2026-08-30T13:45:27.135+0000] {logging_mixin.py:190} INFO - [2026-08-30T13:45:27.135+0000] {dag.py:4180} INFO - Setting next_dagrun for parallel_weather_dag to None, run_after=None
[2026-08-30T13:45:27.142+0000] {processor.py:208} INFO - Processing /opt/airflow/dags/04_parallel_weather.py took 0.045 seconds
[2026-08-30T13:45:57.814+0000] {processor.py:186} INFO - Started process (PID=795) to work on /opt/airflow/dags/04_parallel_weather.py
[2026-08-30T13:45:57.814+0000] {processor.py:914} INFO - Processing file /opt/airflow/dags/04_parallel_weather.py for tasks to queue
[2026-08-30T13:45:57.816+0000] {logging_mixin.py:190} INFO - [2026-08-30T13:45:57.816+0000] {dagbag.py:588} INFO - Filling up the DagBag from /opt/airflow/dags/04_parallel_weather.py
[2026-08-30T13:45:57.823+0000] {processor.py:925} INFO - DAG(s) 'parallel_weather_dag' retrieved from /opt/airflow/dags/04_parallel_weather.py
[2026-08-30T13:45:57.839+0000] {logging_mixin.py:190} INFO - [2026-08-30T13:45:57.839+0000] {dag.py:3239} INFO - Sync 1 DAGs
[2026-08-30T13:45:57.847+0000] {logging_mixin.py:190} INFO - [2026-08-30T13:45:57.846+0000] {dag.py:4180} INFO - Setting next_dagrun for parallel_weather_dag to None, run_after=None
[2026-08-30T13:45:57.855+0000] {processor.py:208} INFO - Processing /opt/airflow/dags/04_parallel_weather.py took 0.045 seconds
[2026-08-30T13:46:28.620+0000] {processor.py:186} INFO - Started process (PID=807) to work on /opt/airflow/dags/04_parallel_weather.py
[2026-08-30T13:46:28.621+0000] {processor.py:914} INFO - Processing file /opt/airflow/dags/04_parallel_weather.py for tasks to queue
[2026-08-30T13:46:28.623+0000] {logging_mixin.py:190} INFO - [2026-08-30T13:46:28.623+0000] {dagbag.py:588} INFO - Filling up the DagBag from /opt/airflow/dags/04_parallel_weather.py
[2026-08-30T13:46:28.634+0000] {processor.py:925} INFO - DAG(s) 'parallel_weather_dag' retrieved from /opt/airflow/dags/04_parallel_weather.py
[2026-08-30T13:46:28.656+0000] {logging_mixin.py:190} INFO - [2026-08-30T13:46:28.656+0000] {dag.py:3239} INFO - Sync 1 DAGs
[2026-08-30T13:46:28.663+0000] {logging_mixin.py:190} INFO - [2026-08-30T13:46:28.663+0000] {dag.py:4180} INFO - Setting next_dagrun for parallel_weather_dag to None, run_after=None
[2026-08-30T13:46:28.678+0000] {processor.py:208} INFO - Processing /opt/airflow/dags/04_parallel_weather.py took 0.067 seconds
[2026-08-30T13:46:59.260+0000] {processor.py:186} INFO - Started process (PID=819) to work on /opt/airflow/dags/04_parallel_weather.py
[2026-08-30T13:46:59.261+0000] {processor.py:914} INFO - Processing file /opt/airflow/dags/04_parallel_weather.py for tasks to queue
[2026-08-30T13:46:59.263+0000] {logging_mixin.py:190} INFO - [2026-08-30T13:46:59.263+0000] {dagbag.py:588} INFO - Filling up the DagBag from /opt/airflow/dags/04_parallel_weather.py
[2026-08-30T13:46:59.270+0000] {processor.py:925} INFO - DAG(s) 'parallel_weather_dag' retrieved from /opt/airflow/dags/04_parallel_weather.py
[2026-08-30T13:46:59.291+0000] {logging_mixin.py:190} INFO - [2026-08-30T13:46:59.291+0000] {dag.py:3239} INFO - Sync 1 DAGs
[2026-08-30T13:46:59.300+0000] {logging_mixin.py:190} INFO - [2026-08-30T13:46:59.300+0000] {dag.py:4180} INFO - Setting next_dagrun for parallel_weather_dag to None, run_after=None
[2026-08-30T13:46:59.309+0000] {processor.py:208} INFO - Processing /opt/airflow/dags/04_parallel_weather.py took 0.053 seconds
[2026-08-30T13:47:29.986+0000] {processor.py:186} INFO - Started process (PID=831) to work on /opt/airflow/dags/04_parallel_weather.py
[2026-08-30T13:47:29.987+0000] {processor.py:914} INFO - Processing file /opt/airflow/dags/04_parallel_weather.py for tasks to queue
[2026-08-30T13:47:29.989+0000] {logging_mixin.py:190} INFO - [2026-08-30T13:47:29.989+0000] {dagbag.py:588} INFO - Filling up the DagBag from /opt/airflow/dags/04_parallel_weather.py
[2026-08-30T13:47:29.996+0000] {processor.py:925} INFO - DAG(s) 'parallel_weather_dag' retrieved from /opt/airflow/dags/04_parallel_weather.py
[2026-08-30T13:47:30.020+0000] {logging_mixin.py:190} INFO - [2026-08-30T13:47:30.020+0000] {dag.py:3239} INFO - Sync 1 DAGs
[2026-08-30T13:47:30.034+0000] {logging_mixin.py:190} INFO - [2026-08-30T13:47:30.034+0000] {dag.py:4180} INFO - Setting next_dagrun for parallel_weather_dag to None, run_after=None
[2026-08-30T13:47:30.052+0000] {processor.py:208} INFO - Processing /opt/airflow/dags/04_parallel_weather.py took 0.069 seconds
[2026-08-30T13:48:00.770+0000] {processor.py:186} INFO - Started process (PID=843) to work on /opt/airflow/dags/04_parallel_weather.py
[2026-08-30T13:48:00.771+0000] {processor.py:914} INFO - Processing file /opt/airflow/dags/04_parallel_weather.py for tasks to queue
[2026-08-30T13:48:00.772+0000] {logging_mixin.py:190} INFO - [2026-08-30T13:48:00.772+0000] {dagbag.py:588} INFO - Filling up the DagBag from /opt/airflow/dags/04_parallel_weather.py
[2026-08-30T13:48:00.779+0000] {processor.py:925} INFO - DAG(s) 'parallel_weather_dag' retrieved from /opt/airflow/dags/04_parallel_weather.py
[2026-08-30T13:48:00.796+0000] {logging_mixin.py:190} INFO - [2026-08-30T13:48:00.796+0000] {dag.py:3239} INFO - Sync 1 DAGs
[2026-08-30T13:48:00.804+0000] {logging_mixin.py:190} INFO - [2026-08-30T13:48:00.804+0000] {dag.py:4180} INFO - Setting next_dagrun for parallel_weather_dag to None, run_after=None
[2026-08-30T13:48:00.812+0000] {processor.py:208} INFO - Processing /opt/airflow/dags/04_parallel_weather.py took 0.050 seconds
[2026-08-30T13:48:31.567+0000] {processor.py:186} INFO - Started process (PID=855) to work on /opt/airflow/dags/04_parallel_weather.py
[2026-08-30T13:48:31.567+0000] {processor.py:914} INFO - Processing file /opt/airflow/dags/04_parallel_weather.py for tasks to queue
[2026-08-30T13:48:31.569+0000] {logging_mixin.py:190} INFO - [2026-08-30T13:48:31.569+0000] {dagbag.py:588} INFO - Filling up the DagBag from /opt/airflow/dags/04_parallel_weather.py
[2026-08-30T13:48:31.582+0000] {processor.py:925} INFO - DAG(s) 'parallel_weather_dag' retrieved from /opt/airflow/dags/04_parallel_weather.py
[2026-08-30T13:48:31.600+0000] {logging_mixin.py:190} INFO - [2026-08-30T13:48:31.600+0000] {dag.py:3239} INFO - Sync 1 DAGs
[2026-08-30T13:48:31.607+0000] {logging_mixin.py:190} INFO - [2026-08-30T13:48:31.607+0000] {dag.py:4180} INFO - Setting next_dagrun for parallel_weather_dag to None, run_after=None
[2026-08-30T13:48:31.615+0000] {processor.py:208} INFO - Processing /opt/airflow/dags/04_parallel_weather.py took 0.054 seconds
[2026-08-30T13:49:02.366+0000] {processor.py:186} INFO - Started process (PID=867) to work on /opt/airflow/dags/04_parallel_weather.py
[2026-08-30T13:49:02.367+0000] {processor.py:914} INFO - Processing file /opt/airflow/dags/04_parallel_weather.py for tasks to queue
[2026-08-30T13:49:02.368+0000] {logging_mixin.py:190} INFO - [2026-08-30T13:49:02.368+0000] {dagbag.py:588} INFO - Filling up the DagBag from /opt/airflow/dags/04_parallel_weather.py
[2026-08-30T13:49:02.374+0000] {processor.py:925} INFO - DAG(s) 'parallel_weather_dag' retrieved from /opt/airflow/dags/04_parallel_weather.py
[2026-08-30T13:49:02.391+0000] {logging_mixin.py:190} INFO - [2026-08-30T13:49:02.390+0000] {dag.py:3239} INFO - Sync 1 DAGs
[2026-08-30T13:49:02.398+0000] {logging_mixin.py:190} INFO - [2026-08-30T13:49:02.398+0000] {dag.py:4180} INFO - Setting next_dagrun for parallel_weather_dag to None, run_after=None
[2026-08-30T13:49:02.405+0000] {processor.py:208} INFO - Processing /opt/airflow/dags/04_parallel_weather.py took 0.051 seconds
[2026-08-30T13:49:33.165+0000] {processor.py:186} INFO - Started process (PID=879) to work on /opt/airflow/dags/04_parallel_weather.py
[2026-08-30T13:49:33.166+0000] {processor.py:914} INFO - Processing file /opt/airflow/dags/04_parallel_weather.py for tasks to queue
[2026-08-30T13:49:33.167+0000] {logging_mixin.py:190} INFO - [2026-08-30T13:49:33.167+0000] {dagbag.py:588} INFO - Filling up the DagBag from /opt/airflow/dags/04_parallel_weather.py
[2026-08-30T13:49:33.174+0000] {processor.py:925} INFO - DAG(s) 'parallel_weather_dag' retrieved from /opt/airflow/dags/04_parallel_weather.py
[2026-08-30T13:49:33.192+0000] {logging_mixin.py:190} INFO - [2026-08-30T13:49:33.192+0000] {dag.py:3239} INFO - Sync 1 DAGs
[2026-08-30T13:49:33.199+0000] {logging_mixin.py:190} INFO - [2026-08-30T13:49:33.199+0000] {dag.py:4180} INFO - Setting next_dagrun for parallel_weather_dag to None, run_after=None
[2026-08-30T13:49:33.207+0000] {processor.py:208} INFO - Processing /opt/airflow/dags/04_parallel_weather.py took 0.049 seconds
[2026-08-30T13:50:04.046+0000] {processor.py:186} INFO - Started process (PID=892) to work on /opt/airflow/dags/04_parallel_weather.py
[2026-08-30T13:50:04.047+0000] {processor.py:914} INFO - Processing file /opt/airflow/dags/04_parallel_weather.py for tasks to queue
[2026-08-30T13:50:04.048+0000] {logging_mixin.py:190} INFO - [2026-08-30T13:50:04.048+0000] {dagbag.py:588} INFO - Filling up the DagBag from /opt/airflow/dags/04_parallel_weather.py
[2026-08-30T13:50:04.058+0000] {processor.py:925} INFO - DAG(s) 'parallel_weather_dag' retrieved from /opt/airflow/dags/04_parallel_weather.py
[2026-08-30T13:50:04.079+0000] {logging_mixin.py:190} INFO - [2026-08-30T13:50:04.079+0000] {dag.py:3239} INFO - Sync 1 DAGs
[2026-08-30T13:50:04.087+0000] {logging_mixin.py:190} INFO - [2026-08-30T13:50:04.086+0000] {dag.py:4180} INFO - Setting next_dagrun for parallel_weather_dag to None, run_after=None
[2026-08-30T13:50:04.095+0000] {processor.py:208} INFO - Processing /opt/airflow/dags/04_parallel_weather.py took 0.053 seconds
[2026-08-30T13:50:34.907+0000] {processor.py:186} INFO - Started process (PID=905) to work on /opt/airflow/dags/04_parallel_weather.py
[2026-08-30T13:50:34.907+0000] {processor.py:914} INFO - Processing file /opt/airflow/dags/04_parallel_weather.py for tasks to queue
[2026-08-30T13:50:34.909+0000] {logging_mixin.py:190} INFO - [2026-08-30T13:50:34.909+0000] {dagbag.py:588} INFO - Filling up the DagBag from /opt/airflow/dags/04_parallel_weather.py
[2026-08-30T13:50:34.916+0000] {processor.py:925} INFO - DAG(s) 'parallel_weather_dag' retrieved from /opt/airflow/dags/04_parallel_weather.py
[2026-08-30T13:50:34.939+0000] {logging_mixin.py:190} INFO - [2026-08-30T13:50:34.939+0000] {dag.py:3239} INFO - Sync 1 DAGs
[2026-08-30T13:50:34.946+0000] {logging_mixin.py:190} INFO - [2026-08-30T13:50:34.946+0000] {dag.py:4180} INFO - Setting next_dagrun for parallel_weather_dag to None, run_after=None
[2026-08-30T13:50:34.954+0000] {processor.py:208} INFO - Processing /opt/airflow/dags/04_parallel_weather.py took 0.050 seconds
[2026-08-30T13:51:05.660+0000] {processor.py:186} INFO - Started process (PID=917) to work on /opt/airflow/dags/04_parallel_weather.py
[2026-08-30T13:51:05.661+0000] {processor.py:914} INFO - Processing file /opt/airflow/dags/04_parallel_weather.py for tasks to queue
[2026-08-30T13:51:05.662+0000] {logging_mixin.py:190} INFO - [2026-08-30T13:51:05.662+0000] {dagbag.py:588} INFO - Filling up the DagBag from /opt/airflow/dags/04_parallel_weather.py
[2026-08-30T13:51:05.669+0000] {processor.py:925} INFO - DAG(s) 'parallel_weather_dag' retrieved from /opt/airflow/dags/04_parallel_weather.py
[2026-08-30T13:51:05.689+0000] {logging_mixin.py:190} INFO - [2026-08-30T13:51:05.689+0000] {dag.py:3239} INFO - Sync 1 DAGs
[2026-08-30T13:51:05.699+0000] {logging_mixin.py:190} INFO - [2026-08-30T13:51:05.699+0000] {dag.py:4180} INFO - Setting next_dagrun for parallel_weather_dag to None, run_after=None
[2026-08-30T13:51:05.706+0000] {processor.py:208} INFO - Processing /opt/airflow/dags/04_parallel_weather.py took 0.050 seconds
[2026-08-30T13:51:36.514+0000] {processor.py:186} INFO - Started process (PID=929) to work on /opt/airflow/dags/04_parallel_weather.py
[2026-08-30T13:51:36.516+0000] {processor.py:914} INFO - Processing file /opt/airflow/dags/04_parallel_weather.py for tasks to queue
[2026-08-30T13:51:36.518+0000] {logging_mixin.py:190} INFO - [2026-08-30T13:51:36.518+0000] {dagbag.py:588} INFO - Filling up the DagBag from /opt/airflow/dags/04_parallel_weather.py
[2026-08-30T13:51:36.524+0000] {processor.py:925} INFO - DAG(s) 'parallel_weather_dag' retrieved from /opt/airflow/dags/04_parallel_weather.py
[2026-08-30T13:51:36.541+0000] {logging_mixin.py:190} INFO - [2026-08-30T13:51:36.541+0000] {dag.py:3239} INFO - Sync 1 DAGs
[2026-08-30T13:51:36.548+0000] {logging_mixin.py:190} INFO - [2026-08-30T13:51:36.547+0000] {dag.py:4180} INFO - Setting next_dagrun for parallel_weather_dag to None, run_after=None
[2026-08-30T13:51:36.555+0000] {processor.py:208} INFO - Processing /opt/airflow/dags/04_parallel_weather.py took 0.049 seconds
[2026-08-30T13:52:07.181+0000] {processor.py:186} INFO - Started process (PID=941) to work on /opt/airflow/dags/04_parallel_weather.py
[2026-08-30T13:52:07.182+0000] {processor.py:914} INFO - Processing file /opt/airflow/dags/04_parallel_weather.py for tasks to queue
[2026-08-30T13:52:07.183+0000] {logging_mixin.py:190} INFO - [2026-08-30T13:52:07.183+0000] {dagbag.py:588} INFO - Filling up the DagBag from /opt/airflow/dags/04_parallel_weather.py
[2026-08-30T13:52:07.189+0000] {processor.py:925} INFO - DAG(s) 'parallel_weather_dag' retrieved from /opt/airflow/dags/04_parallel_weather.py
[2026-08-30T13:52:07.205+0000] {logging_mixin.py:190} INFO - [2026-08-30T13:52:07.205+0000] {dag.py:3239} INFO - Sync 1 DAGs
[2026-08-30T13:52:07.212+0000] {logging_mixin.py:190} INFO - [2026-08-30T13:52:07.212+0000] {dag.py:4180} INFO - Setting next_dagrun for parallel_weather_dag to None, run_after=None
[2026-08-30T13:52:07.219+0000] {processor.py:208} INFO - Processing /opt/airflow/dags/04_parallel_weather.py took 0.045 seconds
[2026-08-30T13:52:37.950+0000] {processor.py:186} INFO - Started process (PID=953) to work on /opt/airflow/dags/04_parallel_weather.py
[2026-08-30T13:52:37.951+0000] {processor.py:914} INFO - Processing file /opt/airflow/dags/04_parallel_weather.py for tasks to queue
[2026-08-30T13:52:37.953+0000] {logging_mixin.py:190} INFO - [2026-08-30T13:52:37.953+0000] {dagbag.py:588} INFO - Filling up the DagBag from /opt/airflow/dags/04_parallel_weather.py
[2026-08-30T13:52:37.960+0000] {processor.py:925} INFO - DAG(s) 'parallel_weather_dag' retrieved from /opt/airflow/dags/04_parallel_weather.py
[2026-08-30T13:52:37.979+0000] {logging_mixin.py:190} INFO - [2026-08-30T13:52:37.979+0000] {dag.py:3239} INFO - Sync 1 DAGs
[2026-08-30T13:52:37.986+0000] {logging_mixin.py:190} INFO - [2026-08-30T13:52:37.986+0000] {dag.py:4180} INFO - Setting next_dagrun for parallel_weather_dag to None, run_after=None
[2026-08-30T13:52:37.995+0000] {processor.py:208} INFO - Processing /opt/airflow/dags/04_parallel_weather.py took 0.048 seconds
[2026-08-30T13:53:08.703+0000] {processor.py:186} INFO - Started process (PID=965) to work on /opt/airflow/dags/04_parallel_weather.py
[2026-08-30T13:53:08.705+0000] {processor.py:914} INFO - Processing file /opt/airflow/dags/04_parallel_weather.py for tasks to queue
[2026-08-30T13:53:08.706+0000] {logging_mixin.py:190} INFO - [2026-08-30T13:53:08.706+0000] {dagbag.py:588} INFO - Filling up the DagBag from /opt/airflow/dags/04_parallel_weather.py
[2026-08-30T13:53:08.712+0000] {processor.py:925} INFO - DAG(s) 'parallel_weather_dag' retrieved from /opt/airflow/dags/04_parallel_weather.py
[2026-08-30T13:53:08.728+0000] {logging_mixin.py:190} INFO - [2026-08-30T13:53:08.728+0000] {dag.py:3239} INFO - Sync 1 DAGs
[2026-08-30T13:53:08.735+0000] {logging_mixin.py:190} INFO - [2026-08-30T13:53:08.735+0000] {dag.py:4180} INFO - Setting next_dagrun for parallel_weather_dag to None, run_after=None
[2026-08-30T13:53:08.742+0000] {processor.py:208} INFO - Processing /opt/airflow/dags/04_parallel_weather.py took 0.046 seconds
[2026-08-30T13:53:39.445+0000] {processor.py:186} INFO - Started process (PID=977) to work on /opt/airflow/dags/04_parallel_weather.py
[2026-08-30T13:53:39.446+0000] {processor.py:914} INFO - Processing file /opt/airflow/dags/04_parallel_weather.py for tasks to queue
[2026-08-30T13:53:39.448+0000] {logging_mixin.py:190} INFO - [2026-08-30T13:53:39.448+0000] {dagbag.py:588} INFO - Filling up the DagBag from /opt/airflow/dags/04_parallel_weather.py
[2026-08-30T13:53:39.454+0000] {processor.py:925} INFO - DAG(s) 'parallel_weather_dag' retrieved from /opt/airflow/dags/04_parallel_weather.py
[2026-08-30T13:53:39.471+0000] {logging_mixin.py:190} INFO - [2026-08-30T13:53:39.470+0000] {dag.py:3239} INFO - Sync 1 DAGs
[2026-08-30T13:53:39.477+0000] {logging_mixin.py:190} INFO - [2026-08-30T13:53:39.477+0000] {dag.py:4180} INFO - Setting next_dagrun for parallel_weather_dag to None, run_after=None
[2026-08-30T13:53:39.485+0000] {processor.py:208} INFO - Processing /opt/airflow/dags/04_parallel_weather.py took 0.044 seconds
[2026-08-30T13:54:10.220+0000] {processor.py:186} INFO - Started process (PID=989) to work on /opt/airflow/dags/04_parallel_weather.py
[2026-08-30T13:54:10.221+0000] {processor.py:914} INFO - Processing file /opt/airflow/dags/04_parallel_weather.py for tasks to queue
[2026-08-30T13:54:10.222+0000] {logging_mixin.py:190} INFO - [2026-08-30T13:54:10.222+0000] {dagbag.py:588} INFO - Filling up the DagBag from /opt/airflow/dags/04_parallel_weather.py
[2026-08-30T13:54:10.228+0000] {processor.py:925} INFO - DAG(s) 'parallel_weather_dag' retrieved from /opt/airflow/dags/04_parallel_weather.py
[2026-08-30T13:54:10.243+0000] {logging_mixin.py:190} INFO - [2026-08-30T13:54:10.243+0000] {dag.py:3239} INFO - Sync 1 DAGs
[2026-08-30T13:54:10.250+0000] {logging_mixin.py:190} INFO - [2026-08-30T13:54:10.250+0000] {dag.py:4180} INFO - Setting next_dagrun for parallel_weather_dag to None, run_after=None
[2026-08-30T13:54:10.263+0000] {processor.py:208} INFO - Processing /opt/airflow/dags/04_parallel_weather.py took 0.047 seconds
[2026-08-30T13:54:40.971+0000] {processor.py:186} INFO - Started process (PID=1001) to work on /opt/airflow/dags/04_parallel_weather.py
[2026-08-30T13:54:40.972+0000] {processor.py:914} INFO - Processing file /opt/airflow/dags/04_parallel_weather.py for tasks to queue
[2026-08-30T13:54:40.973+0000] {logging_mixin.py:190} INFO - [2026-08-30T13:54:40.973+0000] {dagbag.py:588} INFO - Filling up the DagBag from /opt/airflow/dags/04_parallel_weather.py
[2026-08-30T13:54:40.981+0000] {processor.py:925} INFO - DAG(s) 'parallel_weather_dag' retrieved from /opt/airflow/dags/04_parallel_weather.py
[2026-08-30T13:54:41.002+0000] {logging_mixin.py:190} INFO - [2026-08-30T13:54:41.002+0000] {dag.py:3239} INFO - Sync 1 DAGs
[2026-08-30T13:54:41.011+0000] {logging_mixin.py:190} INFO - [2026-08-30T13:54:41.011+0000] {dag.py:4180} INFO - Setting next_dagrun for parallel_weather_dag to None, run_after=None
[2026-08-30T13:54:41.031+0000] {processor.py:208} INFO - Processing /opt/airflow/dags/04_parallel_weather.py took 0.064 seconds
[2026-08-30T13:55:11.766+0000] {processor.py:186} INFO - Started process (PID=1013) to work on /opt/airflow/dags/04_parallel_weather.py
[2026-08-30T13:55:11.766+0000] {processor.py:914} INFO - Processing file /opt/airflow/dags/04_parallel_weather.py for tasks to queue
[2026-08-30T13:55:11.768+0000] {logging_mixin.py:190} INFO - [2026-08-30T13:55:11.768+0000] {dagbag.py:588} INFO - Filling up the DagBag from /opt/airflow/dags/04_parallel_weather.py
[2026-08-30T13:55:11.775+0000] {processor.py:925} INFO - DAG(s) 'parallel_weather_dag' retrieved from /opt/airflow/dags/04_parallel_weather.py
[2026-08-30T13:55:11.793+0000] {logging_mixin.py:190} INFO - [2026-08-30T13:55:11.793+0000] {dag.py:3239} INFO - Sync 1 DAGs
[2026-08-30T13:55:11.800+0000] {logging_mixin.py:190} INFO - [2026-08-30T13:55:11.800+0000] {dag.py:4180} INFO - Setting next_dagrun for parallel_weather_dag to None, run_after=None
[2026-08-30T13:55:11.808+0000] {processor.py:208} INFO - Processing /opt/airflow/dags/04_parallel_weather.py took 0.046 seconds
[2026-08-30T13:55:42.649+0000] {processor.py:186} INFO - Started process (PID=1025) to work on /opt/airflow/dags/04_parallel_weather.py
[2026-08-30T13:55:42.649+0000] {processor.py:914} INFO - Processing file /opt/airflow/dags/04_parallel_weather.py for tasks to queue
[2026-08-30T13:55:42.652+0000] {logging_mixin.py:190} INFO - [2026-08-30T13:55:42.651+0000] {dagbag.py:588} INFO - Filling up the DagBag from /opt/airflow/dags/04_parallel_weather.py
[2026-08-30T13:55:42.658+0000] {processor.py:925} INFO - DAG(s) 'parallel_weather_dag' retrieved from /opt/airflow/dags/04_parallel_weather.py
[2026-08-30T13:55:42.675+0000] {logging_mixin.py:190} INFO - [2026-08-30T13:55:42.675+0000] {dag.py:3239} INFO - Sync 1 DAGs
[2026-08-30T13:55:42.681+0000] {logging_mixin.py:190} INFO - [2026-08-30T13:55:42.681+0000] {dag.py:4180} INFO - Setting next_dagrun for parallel_weather_dag to None, run_after=None
[2026-08-30T13:55:42.689+0000] {processor.py:208} INFO - Processing /opt/airflow/dags/04_parallel_weather.py took 0.044 seconds
[2026-08-30T13:56:13.400+0000] {processor.py:186} INFO - Started process (PID=1037) to work on /opt/airflow/dags/04_parallel_weather.py
[2026-08-30T13:56:13.401+0000] {processor.py:914} INFO - Processing file /opt/airflow/dags/04_parallel_weather.py for tasks to queue
[2026-08-30T13:56:13.402+0000] {logging_mixin.py:190} INFO - [2026-08-30T13:56:13.402+0000] {dagbag.py:588} INFO - Filling up the DagBag from /opt/airflow/dags/04_parallel_weather.py
[2026-08-30T13:56:13.408+0000] {processor.py:925} INFO - DAG(s) 'parallel_weather_dag' retrieved from /opt/airflow/dags/04_parallel_weather.py
[2026-08-30T13:56:13.424+0000] {logging_mixin.py:190} INFO - [2026-08-30T13:56:13.424+0000] {dag.py:3239} INFO - Sync 1 DAGs
[2026-08-30T13:56:13.431+0000] {logging_mixin.py:190} INFO - [2026-08-30T13:56:13.431+0000] {dag.py:4180} INFO - Setting next_dagrun for parallel_weather_dag to None, run_after=None
[2026-08-30T13:56:13.440+0000] {processor.py:208} INFO - Processing /opt/airflow/dags/04_parallel_weather.py took 0.047 seconds
[2026-08-30T13:56:44.236+0000] {processor.py:186} INFO - Started process (PID=1049) to work on /opt/airflow/dags/04_parallel_weather.py
[2026-08-30T13:56:44.237+0000] {processor.py:914} INFO - Processing file /opt/airflow/dags/04_parallel_weather.py for tasks to queue
[2026-08-30T13:56:44.238+0000] {logging_mixin.py:190} INFO - [2026-08-30T13:56:44.238+0000] {dagbag.py:588} INFO - Filling up the DagBag from /opt/airflow/dags/04_parallel_weather.py
[2026-08-30T13:56:44.244+0000] {processor.py:925} INFO - DAG(s) 'parallel_weather_dag' retrieved from /opt/airflow/dags/04_parallel_weather.py
[2026-08-30T13:56:44.261+0000] {logging_mixin.py:190} INFO - [2026-08-30T13:56:44.261+0000] {dag.py:3239} INFO - Sync 1 DAGs
[2026-08-30T13:56:44.269+0000] {logging_mixin.py:190} INFO - [2026-08-30T13:56:44.269+0000] {dag.py:4180} INFO - Setting next_dagrun for parallel_weather_dag to None, run_after=None
[2026-08-30T13:56:44.276+0000] {processor.py:208} INFO - Processing /opt/airflow/dags/04_parallel_weather.py took 0.054 seconds
[2026-08-30T13:57:15.005+0000] {processor.py:186} INFO - Started process (PID=1061) to work on /opt/airflow/dags/04_parallel_weather.py
[2026-08-30T13:57:15.006+0000] {processor.py:914} INFO - Processing file /opt/airflow/dags/04_parallel_weather.py for tasks to queue
[2026-08-30T13:57:15.007+0000] {logging_mixin.py:190} INFO - [2026-08-30T13:57:15.007+0000] {dagbag.py:588} INFO - Filling up the DagBag from /opt/airflow/dags/04_parallel_weather.py
[2026-08-30T13:57:15.014+0000] {processor.py:925} INFO - DAG(s) 'parallel_weather_dag' retrieved from /opt/airflow/dags/04_parallel_weather.py
[2026-08-30T13:57:15.032+0000] {logging_mixin.py:190} INFO - [2026-08-30T13:57:15.032+0000] {dag.py:3239} INFO - Sync 1 DAGs
[2026-08-30T13:57:15.039+0000] {logging_mixin.py:190} INFO - [2026-08-30T13:57:15.039+0000] {dag.py:4180} INFO - Setting next_dagrun for parallel_weather_dag to None, run_after=None
[2026-08-30T13:57:15.047+0000] {processor.py:208} INFO - Processing /opt/airflow/dags/04_parallel_weather.py took 0.050 seconds
[2026-08-30T13:57:45.794+0000] {processor.py:186} INFO - Started process (PID=1073) to work on /opt/airflow/dags/04_parallel_weather.py
[2026-08-30T13:57:45.795+0000] {processor.py:914} INFO - Processing file /opt/airflow/dags/04_parallel_weather.py for tasks to queue
[2026-08-30T13:57:45.796+0000] {logging_mixin.py:190} INFO - [2026-08-30T13:57:45.796+0000] {dagbag.py:588} INFO - Filling up the DagBag from /opt/airflow/dags/04_parallel_weather.py
[2026-08-30T13:57:45.803+0000] {processor.py:925} INFO - DAG(s) 'parallel_weather_dag' retrieved from /opt/airflow/dags/04_parallel_weather.py
[2026-08-30T13:57:45.823+0000] {logging_mixin.py:190} INFO - [2026-08-30T13:57:45.822+0000] {dag.py:3239} INFO - Sync 1 DAGs
[2026-08-30T13:57:45.830+0000] {logging_mixin.py:190} INFO - [2026-08-30T13:57:45.830+0000] {dag.py:4180} INFO - Setting next_dagrun for parallel_weather_dag to None, run_after=None
[2026-08-30T13:57:45.838+0000] {processor.py:208} INFO - Processing /opt/airflow/dags/04_parallel_weather.py took 0.050 seconds
[2026-08-30T13:58:16.532+0000] {processor.py:186} INFO - Started process (PID=1085) to work on /opt/airflow/dags/04_parallel_weather.py
[2026-08-30T13:58:16.533+0000] {processor.py:914} INFO - Processing file /opt/airflow/dags/04_parallel_weather.py for tasks to queue
[2026-08-30T13:58:16.534+0000] {logging_mixin.py:190} INFO - [2026-08-30T13:58:16.534+0000] {dagbag.py:588} INFO - Filling up the DagBag from /opt/airflow/dags/04_parallel_weather.py
[2026-08-30T13:58:16.540+0000] {processor.py:925} INFO - DAG(s) 'parallel_weather_dag' retrieved from /opt/airflow/dags/04_parallel_weather.py
[2026-08-30T13:58:16.556+0000] {logging_mixin.py:190} INFO - [2026-08-30T13:58:16.555+0000] {dag.py:3239} INFO - Sync 1 DAGs
[2026-08-30T13:58:16.562+0000] {logging_mixin.py:190} INFO - [2026-08-30T13:58:16.562+0000] {dag.py:4180} INFO - Setting next_dagrun for parallel_weather_dag to None, run_after=None
[2026-08-30T13:58:16.570+0000] {processor.py:208} INFO - Processing /opt/airflow/dags/04_parallel_weather.py took 0.043 seconds
[2026-08-30T13:58:47.366+0000] {processor.py:186} INFO - Started process (PID=1097) to work on /opt/airflow/dags/04_parallel_weather.py
[2026-08-30T13:58:47.367+0000] {processor.py:914} INFO - Processing file /opt/airflow/dags/04_parallel_weather.py for tasks to queue
[2026-08-30T13:58:47.369+0000] {logging_mixin.py:190} INFO - [2026-08-30T13:58:47.368+0000] {dagbag.py:588} INFO - Filling up the DagBag from /opt/airflow/dags/04_parallel_weather.py
[2026-08-30T13:58:47.375+0000] {processor.py:925} INFO - DAG(s) 'parallel_weather_dag' retrieved from /opt/airflow/dags/04_parallel_weather.py
[2026-08-30T13:58:47.391+0000] {logging_mixin.py:190} INFO - [2026-08-30T13:58:47.391+0000] {dag.py:3239} INFO - Sync 1 DAGs
[2026-08-30T13:58:47.398+0000] {logging_mixin.py:190} INFO - [2026-08-30T13:58:47.398+0000] {dag.py:4180} INFO - Setting next_dagrun for parallel_weather_dag to None, run_after=None
[2026-08-30T13:58:47.409+0000] {processor.py:208} INFO - Processing /opt/airflow/dags/04_parallel_weather.py took 0.052 seconds
[2026-08-30T13:59:18.227+0000] {processor.py:186} INFO - Started process (PID=1115) to work on /opt/airflow/dags/04_parallel_weather.py
[2026-08-30T13:59:18.228+0000] {processor.py:914} INFO - Processing file /opt/airflow/dags/04_parallel_weather.py for tasks to queue
[2026-08-30T13:59:18.229+0000] {logging_mixin.py:190} INFO - [2026-08-30T13:59:18.229+0000] {dagbag.py:588} INFO - Filling up the DagBag from /opt/airflow/dags/04_parallel_weather.py
[2026-08-30T13:59:18.235+0000] {processor.py:925} INFO - DAG(s) 'parallel_weather_dag' retrieved from /opt/airflow/dags/04_parallel_weather.py
[2026-08-30T13:59:18.254+0000] {logging_mixin.py:190} INFO - [2026-08-30T13:59:18.254+0000] {dag.py:3239} INFO - Sync 1 DAGs
[2026-08-30T13:59:18.261+0000] {logging_mixin.py:190} INFO - [2026-08-30T13:59:18.260+0000] {dag.py:4180} INFO - Setting next_dagrun for parallel_weather_dag to None, run_after=None
[2026-08-30T13:59:18.268+0000] {processor.py:208} INFO - Processing /opt/airflow/dags/04_parallel_weather.py took 0.047 seconds
[2026-08-30T13:59:48.992+0000] {processor.py:186} INFO - Started process (PID=1127) to work on /opt/airflow/dags/04_parallel_weather.py
[2026-08-30T13:59:48.993+0000] {processor.py:914} INFO - Processing file /opt/airflow/dags/04_parallel_weather.py for tasks to queue
[2026-08-30T13:59:48.994+0000] {logging_mixin.py:190} INFO - [2026-08-30T13:59:48.994+0000] {dagbag.py:588} INFO - Filling up the DagBag from /opt/airflow/dags/04_parallel_weather.py
[2026-08-30T13:59:49.000+0000] {processor.py:925} INFO - DAG(s) 'parallel_weather_dag' retrieved from /opt/airflow/dags/04_parallel_weather.py
[2026-08-30T13:59:49.017+0000] {logging_mixin.py:190} INFO - [2026-08-30T13:59:49.017+0000] {dag.py:3239} INFO - Sync 1 DAGs
[2026-08-30T13:59:49.023+0000] {logging_mixin.py:190} INFO - [2026-08-30T13:59:49.023+0000] {dag.py:4180} INFO - Setting next_dagrun for parallel_weather_dag to None, run_after=None
[2026-08-30T13:59:49.031+0000] {processor.py:208} INFO - Processing /opt/airflow/dags/04_parallel_weather.py took 0.054 seconds
[2026-08-30T14:00:19.706+0000] {processor.py:186} INFO - Started process (PID=1139) to work on /opt/airflow/dags/04_parallel_weather.py
[2026-08-30T14:00:19.707+0000] {processor.py:914} INFO - Processing file /opt/airflow/dags/04_parallel_weather.py for tasks to queue
[2026-08-30T14:00:19.709+0000] {logging_mixin.py:190} INFO - [2026-08-30T14:00:19.708+0000] {dagbag.py:588} INFO - Filling up the DagBag from /opt/airflow/dags/04_parallel_weather.py
[2026-08-30T14:00:19.715+0000] {processor.py:925} INFO - DAG(s) 'parallel_weather_dag' retrieved from /opt/airflow/dags/04_parallel_weather.py
[2026-08-30T14:00:19.731+0000] {logging_mixin.py:190} INFO - [2026-08-30T14:00:19.731+0000] {dag.py:3239} INFO - Sync 1 DAGs
[2026-08-30T14:00:19.738+0000] {logging_mixin.py:190} INFO - [2026-08-30T14:00:19.738+0000] {dag.py:4180} INFO - Setting next_dagrun for parallel_weather_dag to None, run_after=None
[2026-08-30T14:00:19.746+0000] {processor.py:208} INFO - Processing /opt/airflow/dags/04_parallel_weather.py took 0.045 seconds
[2026-08-30T14:00:50.389+0000] {processor.py:186} INFO - Started process (PID=1151) to work on /opt/airflow/dags/04_parallel_weather.py
[2026-08-30T14:00:50.390+0000] {processor.py:914} INFO - Processing file /opt/airflow/dags/04_parallel_weather.py for tasks to queue
[2026-08-30T14:00:50.392+0000] {logging_mixin.py:190} INFO - [2026-08-30T14:00:50.392+0000] {dagbag.py:588} INFO - Filling up the DagBag from /opt/airflow/dags/04_parallel_weather.py
[2026-08-30T14:00:50.400+0000] {processor.py:925} INFO - DAG(s) 'parallel_weather_dag' retrieved from /opt/airflow/dags/04_parallel_weather.py
[2026-08-30T14:00:50.420+0000] {logging_mixin.py:190} INFO - [2026-08-30T14:00:50.420+0000] {dag.py:3239} INFO - Sync 1 DAGs
[2026-08-30T14:00:50.432+0000] {logging_mixin.py:190} INFO - [2026-08-30T14:00:50.432+0000] {dag.py:4180} INFO - Setting next_dagrun for parallel_weather_dag to None, run_after=None
[2026-08-30T14:00:50.453+0000] {processor.py:208} INFO - Processing /opt/airflow/dags/04_parallel_weather.py took 0.068 seconds
[2026-08-30T14:01:21.199+0000] {processor.py:186} INFO - Started process (PID=1163) to work on /opt/airflow/dags/04_parallel_weather.py
[2026-08-30T14:01:21.200+0000] {processor.py:914} INFO - Processing file /opt/airflow/dags/04_parallel_weather.py for tasks to queue
[2026-08-30T14:01:21.202+0000] {logging_mixin.py:190} INFO - [2026-08-30T14:01:21.202+0000] {dagbag.py:588} INFO - Filling up the DagBag from /opt/airflow/dags/04_parallel_weather.py
[2026-08-30T14:01:21.208+0000] {processor.py:925} INFO - DAG(s) 'parallel_weather_dag' retrieved from /opt/airflow/dags/04_parallel_weather.py
[2026-08-30T14:01:21.223+0000] {logging_mixin.py:190} INFO - [2026-08-30T14:01:21.223+0000] {dag.py:3239} INFO - Sync 1 DAGs
[2026-08-30T14:01:21.230+0000] {logging_mixin.py:190} INFO - [2026-08-30T14:01:21.230+0000] {dag.py:4180} INFO - Setting next_dagrun for parallel_weather_dag to None, run_after=None
[2026-08-30T14:01:21.237+0000] {processor.py:208} INFO - Processing /opt/airflow/dags/04_parallel_weather.py took 0.042 seconds
[2026-08-30T14:01:52.255+0000] {processor.py:186} INFO - Started process (PID=1175) to work on /opt/airflow/dags/04_parallel_weather.py
[2026-08-30T14:01:52.256+0000] {processor.py:914} INFO - Processing file /opt/airflow/dags/04_parallel_weather.py for tasks to queue
[2026-08-30T14:01:52.257+0000] {logging_mixin.py:190} INFO - [2026-08-30T14:01:52.257+0000] {dagbag.py:588} INFO - Filling up the DagBag from /opt/airflow/dags/04_parallel_weather.py
[2026-08-30T14:01:52.264+0000] {processor.py:925} INFO - DAG(s) 'parallel_weather_dag' retrieved from /opt/airflow/dags/04_parallel_weather.py
[2026-08-30T14:01:52.281+0000] {logging_mixin.py:190} INFO - [2026-08-30T14:01:52.281+0000] {dag.py:3239} INFO - Sync 1 DAGs
[2026-08-30T14:01:52.290+0000] {logging_mixin.py:190} INFO - [2026-08-30T14:01:52.290+0000] {dag.py:4180} INFO - Setting next_dagrun for parallel_weather_dag to None, run_after=None
[2026-08-30T14:01:52.306+0000] {processor.py:208} INFO - Processing /opt/airflow/dags/04_parallel_weather.py took 0.055 seconds
[2026-08-30T14:02:23.070+0000] {processor.py:186} INFO - Started process (PID=1187) to work on /opt/airflow/dags/04_parallel_weather.py
[2026-08-30T14:02:23.071+0000] {processor.py:914} INFO - Processing file /opt/airflow/dags/04_parallel_weather.py for tasks to queue
[2026-08-30T14:02:23.073+0000] {logging_mixin.py:190} INFO - [2026-08-30T14:02:23.073+0000] {dagbag.py:588} INFO - Filling up the DagBag from /opt/airflow/dags/04_parallel_weather.py
[2026-08-30T14:02:23.080+0000] {processor.py:925} INFO - DAG(s) 'parallel_weather_dag' retrieved from /opt/airflow/dags/04_parallel_weather.py
[2026-08-30T14:02:23.096+0000] {logging_mixin.py:190} INFO - [2026-08-30T14:02:23.096+0000] {dag.py:3239} INFO - Sync 1 DAGs
[2026-08-30T14:02:23.103+0000] {logging_mixin.py:190} INFO - [2026-08-30T14:02:23.103+0000] {dag.py:4180} INFO - Setting next_dagrun for parallel_weather_dag to None, run_after=None
[2026-08-30T14:02:23.112+0000] {processor.py:208} INFO - Processing /opt/airflow/dags/04_parallel_weather.py took 0.045 seconds
[2026-08-30T14:02:53.749+0000] {processor.py:186} INFO - Started process (PID=1199) to work on /opt/airflow/dags/04_parallel_weather.py
[2026-08-30T14:02:53.750+0000] {processor.py:914} INFO - Processing file /opt/airflow/dags/04_parallel_weather.py for tasks to queue
[2026-08-30T14:02:53.751+0000] {logging_mixin.py:190} INFO - [2026-08-30T14:02:53.751+0000] {dagbag.py:588} INFO - Filling up the DagBag from /opt/airflow/dags/04_parallel_weather.py
[2026-08-30T14:02:53.759+0000] {processor.py:925} INFO - DAG(s) 'parallel_weather_dag' retrieved from /opt/airflow/dags/04_parallel_weather.py
[2026-08-30T14:02:53.775+0000] {logging_mixin.py:190} INFO - [2026-08-30T14:02:53.775+0000] {dag.py:3239} INFO - Sync 1 DAGs
[2026-08-30T14:02:53.785+0000] {logging_mixin.py:190} INFO - [2026-08-30T14:02:53.785+0000] {dag.py:4180} INFO - Setting next_dagrun for parallel_weather_dag to None, run_after=None
[2026-08-30T14:02:53.797+0000] {processor.py:208} INFO - Processing /opt/airflow/dags/04_parallel_weather.py took 0.053 seconds
[2026-08-30T14:03:24.518+0000] {processor.py:186} INFO - Started process (PID=1211) to work on /opt/airflow/dags/04_parallel_weather.py
[2026-08-30T14:03:24.519+0000] {processor.py:914} INFO - Processing file /opt/airflow/dags/04_parallel_weather.py for tasks to queue
[2026-08-30T14:03:24.521+0000] {logging_mixin.py:190} INFO - [2026-08-30T14:03:24.520+0000] {dagbag.py:588} INFO - Filling up the DagBag from /opt/airflow/dags/04_parallel_weather.py
[2026-08-30T14:03:24.528+0000] {processor.py:925} INFO - DAG(s) 'parallel_weather_dag' retrieved from /opt/airflow/dags/04_parallel_weather.py
[2026-08-30T14:03:24.560+0000] {logging_mixin.py:190} INFO - [2026-08-30T14:03:24.560+0000] {dag.py:3239} INFO - Sync 1 DAGs
[2026-08-30T14:03:24.575+0000] {logging_mixin.py:190} INFO - [2026-08-30T14:03:24.575+0000] {dag.py:4180} INFO - Setting next_dagrun for parallel_weather_dag to None, run_after=None
[2026-08-30T14:03:24.589+0000] {processor.py:208} INFO - Processing /opt/airflow/dags/04_parallel_weather.py took 0.075 seconds
[2026-08-30T14:03:55.202+0000] {processor.py:186} INFO - Started process (PID=1223) to work on /opt/airflow/dags/04_parallel_weather.py
[2026-08-30T14:03:55.203+0000] {processor.py:914} INFO - Processing file /opt/airflow/dags/04_parallel_weather.py for tasks to queue
[2026-08-30T14:03:55.205+0000] {logging_mixin.py:190} INFO - [2026-08-30T14:03:55.205+0000] {dagbag.py:588} INFO - Filling up the DagBag from /opt/airflow/dags/04_parallel_weather.py
[2026-08-30T14:03:55.212+0000] {processor.py:925} INFO - DAG(s) 'parallel_weather_dag' retrieved from /opt/airflow/dags/04_parallel_weather.py
[2026-08-30T14:03:55.228+0000] {logging_mixin.py:190} INFO - [2026-08-30T14:03:55.228+0000] {dag.py:3239} INFO - Sync 1 DAGs
[2026-08-30T14:03:55.234+0000] {logging_mixin.py:190} INFO - [2026-08-30T14:03:55.234+0000] {dag.py:4180} INFO - Setting next_dagrun for parallel_weather_dag to None, run_after=None
[2026-08-30T14:03:55.242+0000] {processor.py:208} INFO - Processing /opt/airflow/dags/04_parallel_weather.py took 0.043 seconds
[2026-08-30T14:04:25.908+0000] {processor.py:186} INFO - Started process (PID=1235) to work on /opt/airflow/dags/04_parallel_weather.py
[2026-08-30T14:04:25.910+0000] {processor.py:914} INFO - Processing file /opt/airflow/dags/04_parallel_weather.py for tasks to queue
[2026-08-30T14:04:25.911+0000] {logging_mixin.py:190} INFO - [2026-08-30T14:04:25.911+0000] {dagbag.py:588} INFO - Filling up the DagBag from /opt/airflow/dags/04_parallel_weather.py
[2026-08-30T14:04:25.919+0000] {processor.py:925} INFO - DAG(s) 'parallel_weather_dag' retrieved from /opt/airflow/dags/04_parallel_weather.py
[2026-08-30T14:04:25.940+0000] {logging_mixin.py:190} INFO - [2026-08-30T14:04:25.940+0000] {dag.py:3239} INFO - Sync 1 DAGs
[2026-08-30T14:04:25.947+0000] {logging_mixin.py:190} INFO - [2026-08-30T14:04:25.947+0000] {dag.py:4180} INFO - Setting next_dagrun for parallel_weather_dag to None, run_after=None
[2026-08-30T14:04:25.955+0000] {processor.py:208} INFO - Processing /opt/airflow/dags/04_parallel_weather.py took 0.060 seconds
[2026-08-30T14:04:56.657+0000] {processor.py:186} INFO - Started process (PID=1247) to work on /opt/airflow/dags/04_parallel_weather.py
[2026-08-30T14:04:56.658+0000] {processor.py:914} INFO - Processing file /opt/airflow/dags/04_parallel_weather.py for tasks to queue
[2026-08-30T14:04:56.660+0000] {logging_mixin.py:190} INFO - [2026-08-30T14:04:56.659+0000] {dagbag.py:588} INFO - Filling up the DagBag from /opt/airflow/dags/04_parallel_weather.py
[2026-08-30T14:04:56.667+0000] {processor.py:925} INFO - DAG(s) 'parallel_weather_dag' retrieved from /opt/airflow/dags/04_parallel_weather.py
[2026-08-30T14:04:56.692+0000] {logging_mixin.py:190} INFO - [2026-08-30T14:04:56.692+0000] {dag.py:3239} INFO - Sync 1 DAGs
[2026-08-30T14:04:56.700+0000] {logging_mixin.py:190} INFO - [2026-08-30T14:04:56.700+0000] {dag.py:4180} INFO - Setting next_dagrun for parallel_weather_dag to None, run_after=None
[2026-08-30T14:04:56.709+0000] {processor.py:208} INFO - Processing /opt/airflow/dags/04_parallel_weather.py took 0.056 seconds
[2026-08-30T14:05:27.473+0000] {processor.py:186} INFO - Started process (PID=1259) to work on /opt/airflow/dags/04_parallel_weather.py
[2026-08-30T14:05:27.474+0000] {processor.py:914} INFO - Processing file /opt/airflow/dags/04_parallel_weather.py for tasks to queue
[2026-08-30T14:05:27.477+0000] {logging_mixin.py:190} INFO - [2026-08-30T14:05:27.476+0000] {dagbag.py:588} INFO - Filling up the DagBag from /opt/airflow/dags/04_parallel_weather.py
[2026-08-30T14:05:27.485+0000] {processor.py:925} INFO - DAG(s) 'parallel_weather_dag' retrieved from /opt/airflow/dags/04_parallel_weather.py
[2026-08-30T14:05:27.503+0000] {logging_mixin.py:190} INFO - [2026-08-30T14:05:27.503+0000] {dag.py:3239} INFO - Sync 1 DAGs
[2026-08-30T14:05:27.511+0000] {logging_mixin.py:190} INFO - [2026-08-30T14:05:27.511+0000] {dag.py:4180} INFO - Setting next_dagrun for parallel_weather_dag to None, run_after=None
[2026-08-30T14:05:27.519+0000] {processor.py:208} INFO - Processing /opt/airflow/dags/04_parallel_weather.py took 0.053 seconds
[2026-08-30T14:05:58.326+0000] {processor.py:186} INFO - Started process (PID=1271) to work on /opt/airflow/dags/04_parallel_weather.py
[2026-08-30T14:05:58.327+0000] {processor.py:914} INFO - Processing file /opt/airflow/dags/04_parallel_weather.py for tasks to queue
[2026-08-30T14:05:58.328+0000] {logging_mixin.py:190} INFO - [2026-08-30T14:05:58.328+0000] {dagbag.py:588} INFO - Filling up the DagBag from /opt/airflow/dags/04_parallel_weather.py
[2026-08-30T14:05:58.335+0000] {processor.py:925} INFO - DAG(s) 'parallel_weather_dag' retrieved from /opt/airflow/dags/04_parallel_weather.py
[2026-08-30T14:05:58.357+0000] {logging_mixin.py:190} INFO - [2026-08-30T14:05:58.357+0000] {dag.py:3239} INFO - Sync 1 DAGs
[2026-08-30T14:05:58.365+0000] {logging_mixin.py:190} INFO - [2026-08-30T14:05:58.364+0000] {dag.py:4180} INFO - Setting next_dagrun for parallel_weather_dag to None, run_after=None
[2026-08-30T14:05:58.372+0000] {processor.py:208} INFO - Processing /opt/airflow/dags/04_parallel_weather.py took 0.050 seconds
[2026-08-30T14:06:29.146+0000] {processor.py:186} INFO - Started process (PID=1283) to work on /opt/airflow/dags/04_parallel_weather.py
[2026-08-30T14:06:29.147+0000] {processor.py:914} INFO - Processing file /opt/airflow/dags/04_parallel_weather.py for tasks to queue
[2026-08-30T14:06:29.149+0000] {logging_mixin.py:190} INFO - [2026-08-30T14:06:29.148+0000] {dagbag.py:588} INFO - Filling up the DagBag from /opt/airflow/dags/04_parallel_weather.py
[2026-08-30T14:06:29.156+0000] {processor.py:925} INFO - DAG(s) 'parallel_weather_dag' retrieved from /opt/airflow/dags/04_parallel_weather.py
[2026-08-30T14:06:29.183+0000] {logging_mixin.py:190} INFO - [2026-08-30T14:06:29.183+0000] {dag.py:3239} INFO - Sync 1 DAGs
[2026-08-30T14:06:29.197+0000] {logging_mixin.py:190} INFO - [2026-08-30T14:06:29.196+0000] {dag.py:4180} INFO - Setting next_dagrun for parallel_weather_dag to None, run_after=None
[2026-08-30T14:06:29.218+0000] {processor.py:208} INFO - Processing /opt/airflow/dags/04_parallel_weather.py took 0.077 seconds
[2026-08-30T14:06:59.964+0000] {processor.py:186} INFO - Started process (PID=1295) to work on /opt/airflow/dags/04_parallel_weather.py
[2026-08-30T14:06:59.965+0000] {processor.py:914} INFO - Processing file /opt/airflow/dags/04_parallel_weather.py for tasks to queue
[2026-08-30T14:06:59.967+0000] {logging_mixin.py:190} INFO - [2026-08-30T14:06:59.966+0000] {dagbag.py:588} INFO - Filling up the DagBag from /opt/airflow/dags/04_parallel_weather.py
[2026-08-30T14:06:59.975+0000] {processor.py:925} INFO - DAG(s) 'parallel_weather_dag' retrieved from /opt/airflow/dags/04_parallel_weather.py
[2026-08-30T14:06:59.992+0000] {logging_mixin.py:190} INFO - [2026-08-30T14:06:59.992+0000] {dag.py:3239} INFO - Sync 1 DAGs
[2026-08-30T14:06:59.999+0000] {logging_mixin.py:190} INFO - [2026-08-30T14:06:59.998+0000] {dag.py:4180} INFO - Setting next_dagrun for parallel_weather_dag to None, run_after=None
[2026-08-30T14:07:00.008+0000] {processor.py:208} INFO - Processing /opt/airflow/dags/04_parallel_weather.py took 0.056 seconds
[2026-08-30T14:07:30.737+0000] {processor.py:186} INFO - Started process (PID=1307) to work on /opt/airflow/dags/04_parallel_weather.py
[2026-08-30T14:07:30.738+0000] {processor.py:914} INFO - Processing file /opt/airflow/dags/04_parallel_weather.py for tasks to queue
[2026-08-30T14:07:30.739+0000] {logging_mixin.py:190} INFO - [2026-08-30T14:07:30.739+0000] {dagbag.py:588} INFO - Filling up the DagBag from /opt/airflow/dags/04_parallel_weather.py
[2026-08-30T14:07:30.745+0000] {processor.py:925} INFO - DAG(s) 'parallel_weather_dag' retrieved from /opt/airflow/dags/04_parallel_weather.py
[2026-08-30T14:07:30.762+0000] {logging_mixin.py:190} INFO - [2026-08-30T14:07:30.762+0000] {dag.py:3239} INFO - Sync 1 DAGs
[2026-08-30T14:07:30.769+0000] {logging_mixin.py:190} INFO - [2026-08-30T14:07:30.769+0000] {dag.py:4180} INFO - Setting next_dagrun for parallel_weather_dag to None, run_after=None
[2026-08-30T14:07:30.776+0000] {processor.py:208} INFO - Processing /opt/airflow/dags/04_parallel_weather.py took 0.043 seconds
[2026-08-30T14:08:01.502+0000] {processor.py:186} INFO - Started process (PID=1319) to work on /opt/airflow/dags/04_parallel_weather.py
[2026-08-30T14:08:01.503+0000] {processor.py:914} INFO - Processing file /opt/airflow/dags/04_parallel_weather.py for tasks to queue
[2026-08-30T14:08:01.504+0000] {logging_mixin.py:190} INFO - [2026-08-30T14:08:01.504+0000] {dagbag.py:588} INFO - Filling up the DagBag from /opt/airflow/dags/04_parallel_weather.py
[2026-08-30T14:08:01.511+0000] {processor.py:925} INFO - DAG(s) 'parallel_weather_dag' retrieved from /opt/airflow/dags/04_parallel_weather.py
[2026-08-30T14:08:01.528+0000] {logging_mixin.py:190} INFO - [2026-08-30T14:08:01.528+0000] {dag.py:3239} INFO - Sync 1 DAGs
[2026-08-30T14:08:01.535+0000] {logging_mixin.py:190} INFO - [2026-08-30T14:08:01.535+0000] {dag.py:4180} INFO - Setting next_dagrun for parallel_weather_dag to None, run_after=None
[2026-08-30T14:08:01.543+0000] {processor.py:208} INFO - Processing /opt/airflow/dags/04_parallel_weather.py took 0.045 seconds
[2026-08-30T14:08:32.236+0000] {processor.py:186} INFO - Started process (PID=1330) to work on /opt/airflow/dags/04_parallel_weather.py
[2026-08-30T14:08:32.236+0000] {processor.py:914} INFO - Processing file /opt/airflow/dags/04_parallel_weather.py for tasks to queue
[2026-08-30T14:08:32.238+0000] {logging_mixin.py:190} INFO - [2026-08-30T14:08:32.238+0000] {dagbag.py:588} INFO - Filling up the DagBag from /opt/airflow/dags/04_parallel_weather.py
[2026-08-30T14:08:32.246+0000] {processor.py:925} INFO - DAG(s) 'parallel_weather_dag' retrieved from /opt/airflow/dags/04_parallel_weather.py
[2026-08-30T14:08:32.274+0000] {logging_mixin.py:190} INFO - [2026-08-30T14:08:32.274+0000] {dag.py:3239} INFO - Sync 1 DAGs
[2026-08-30T14:08:32.290+0000] {logging_mixin.py:190} INFO - [2026-08-30T14:08:32.289+0000] {dag.py:4180} INFO - Setting next_dagrun for parallel_weather_dag to None, run_after=None
[2026-08-30T14:08:32.307+0000] {processor.py:208} INFO - Processing /opt/airflow/dags/04_parallel_weather.py took 0.078 seconds
[2026-08-30T14:09:03.002+0000] {processor.py:186} INFO - Started process (PID=1342) to work on /opt/airflow/dags/04_parallel_weather.py
[2026-08-30T14:09:03.003+0000] {processor.py:914} INFO - Processing file /opt/airflow/dags/04_parallel_weather.py for tasks to queue
[2026-08-30T14:09:03.005+0000] {logging_mixin.py:190} INFO - [2026-08-30T14:09:03.004+0000] {dagbag.py:588} INFO - Filling up the DagBag from /opt/airflow/dags/04_parallel_weather.py
[2026-08-30T14:09:03.011+0000] {processor.py:925} INFO - DAG(s) 'parallel_weather_dag' retrieved from /opt/airflow/dags/04_parallel_weather.py
[2026-08-30T14:09:03.026+0000] {logging_mixin.py:190} INFO - [2026-08-30T14:09:03.026+0000] {dag.py:3239} INFO - Sync 1 DAGs
[2026-08-30T14:09:03.033+0000] {logging_mixin.py:190} INFO - [2026-08-30T14:09:03.033+0000] {dag.py:4180} INFO - Setting next_dagrun for parallel_weather_dag to None, run_after=None
[2026-08-30T14:09:03.041+0000] {processor.py:208} INFO - Processing /opt/airflow/dags/04_parallel_weather.py took 0.043 seconds
[2026-08-30T14:09:33.739+0000] {processor.py:186} INFO - Started process (PID=1354) to work on /opt/airflow/dags/04_parallel_weather.py
[2026-08-30T14:09:33.740+0000] {processor.py:914} INFO - Processing file /opt/airflow/dags/04_parallel_weather.py for tasks to queue
[2026-08-30T14:09:33.742+0000] {logging_mixin.py:190} INFO - [2026-08-30T14:09:33.742+0000] {dagbag.py:588} INFO - Filling up the DagBag from /opt/airflow/dags/04_parallel_weather.py
[2026-08-30T14:09:33.749+0000] {processor.py:925} INFO - DAG(s) 'parallel_weather_dag' retrieved from /opt/airflow/dags/04_parallel_weather.py
[2026-08-30T14:09:33.765+0000] {logging_mixin.py:190} INFO - [2026-08-30T14:09:33.765+0000] {dag.py:3239} INFO - Sync 1 DAGs
[2026-08-30T14:09:33.772+0000] {logging_mixin.py:190} INFO - [2026-08-30T14:09:33.772+0000] {dag.py:4180} INFO - Setting next_dagrun for parallel_weather_dag to None, run_after=None
[2026-08-30T14:09:33.780+0000] {processor.py:208} INFO - Processing /opt/airflow/dags/04_parallel_weather.py took 0.045 seconds
[2026-08-30T14:10:04.476+0000] {processor.py:186} INFO - Started process (PID=1366) to work on /opt/airflow/dags/04_parallel_weather.py
[2026-08-30T14:10:04.477+0000] {processor.py:914} INFO - Processing file /opt/airflow/dags/04_parallel_weather.py for tasks to queue
[2026-08-30T14:10:04.478+0000] {logging_mixin.py:190} INFO - [2026-08-30T14:10:04.478+0000] {dagbag.py:588} INFO - Filling up the DagBag from /opt/airflow/dags/04_parallel_weather.py
[2026-08-30T14:10:04.484+0000] {processor.py:925} INFO - DAG(s) 'parallel_weather_dag' retrieved from /opt/airflow/dags/04_parallel_weather.py
[2026-08-30T14:10:04.501+0000] {logging_mixin.py:190} INFO - [2026-08-30T14:10:04.501+0000] {dag.py:3239} INFO - Sync 1 DAGs
[2026-08-30T14:10:04.509+0000] {logging_mixin.py:190} INFO - [2026-08-30T14:10:04.509+0000] {dag.py:4180} INFO - Setting next_dagrun for parallel_weather_dag to None, run_after=None
[2026-08-30T14:10:04.518+0000] {processor.py:208} INFO - Processing /opt/airflow/dags/04_parallel_weather.py took 0.046 seconds
[2026-08-30T14:10:35.232+0000] {processor.py:186} INFO - Started process (PID=1378) to work on /opt/airflow/dags/04_parallel_weather.py
[2026-08-30T14:10:35.234+0000] {processor.py:914} INFO - Processing file /opt/airflow/dags/04_parallel_weather.py for tasks to queue
[2026-08-30T14:10:35.235+0000] {logging_mixin.py:190} INFO - [2026-08-30T14:10:35.235+0000] {dagbag.py:588} INFO - Filling up the DagBag from /opt/airflow/dags/04_parallel_weather.py
[2026-08-30T14:10:35.242+0000] {processor.py:925} INFO - DAG(s) 'parallel_weather_dag' retrieved from /opt/airflow/dags/04_parallel_weather.py
[2026-08-30T14:10:35.259+0000] {logging_mixin.py:190} INFO - [2026-08-30T14:10:35.259+0000] {dag.py:3239} INFO - Sync 1 DAGs
[2026-08-30T14:10:35.266+0000] {logging_mixin.py:190} INFO - [2026-08-30T14:10:35.266+0000] {dag.py:4180} INFO - Setting next_dagrun for parallel_weather_dag to None, run_after=None
[2026-08-30T14:10:35.274+0000] {processor.py:208} INFO - Processing /opt/airflow/dags/04_parallel_weather.py took 0.047 seconds
[2026-08-30T14:11:06.004+0000] {processor.py:186} INFO - Started process (PID=1390) to work on /opt/airflow/dags/04_parallel_weather.py
[2026-08-30T14:11:06.005+0000] {processor.py:914} INFO - Processing file /opt/airflow/dags/04_parallel_weather.py for tasks to queue
[2026-08-30T14:11:06.006+0000] {logging_mixin.py:190} INFO - [2026-08-30T14:11:06.006+0000] {dagbag.py:588} INFO - Filling up the DagBag from /opt/airflow/dags/04_parallel_weather.py
[2026-08-30T14:11:06.014+0000] {processor.py:925} INFO - DAG(s) 'parallel_weather_dag' retrieved from /opt/airflow/dags/04_parallel_weather.py
[2026-08-30T14:11:06.043+0000] {logging_mixin.py:190} INFO - [2026-08-30T14:11:06.043+0000] {dag.py:3239} INFO - Sync 1 DAGs
[2026-08-30T14:11:06.057+0000] {logging_mixin.py:190} INFO - [2026-08-30T14:11:06.057+0000] {dag.py:4180} INFO - Setting next_dagrun for parallel_weather_dag to None, run_after=None
[2026-08-30T14:11:06.077+0000] {processor.py:208} INFO - Processing /opt/airflow/dags/04_parallel_weather.py took 0.078 seconds
[2026-08-30T14:11:36.871+0000] {processor.py:186} INFO - Started process (PID=1402) to work on /opt/airflow/dags/04_parallel_weather.py
[2026-08-30T14:11:36.872+0000] {processor.py:914} INFO - Processing file /opt/airflow/dags/04_parallel_weather.py for tasks to queue
[2026-08-30T14:11:36.873+0000] {logging_mixin.py:190} INFO - [2026-08-30T14:11:36.873+0000] {dagbag.py:588} INFO - Filling up the DagBag from /opt/airflow/dags/04_parallel_weather.py
[2026-08-30T14:11:36.880+0000] {processor.py:925} INFO - DAG(s) 'parallel_weather_dag' retrieved from /opt/airflow/dags/04_parallel_weather.py
[2026-08-30T14:11:36.896+0000] {logging_mixin.py:190} INFO - [2026-08-30T14:11:36.896+0000] {dag.py:3239} INFO - Sync 1 DAGs
[2026-08-30T14:11:36.906+0000] {logging_mixin.py:190} INFO - [2026-08-30T14:11:36.906+0000] {dag.py:4180} INFO - Setting next_dagrun for parallel_weather_dag to None, run_after=None
[2026-08-30T14:11:36.919+0000] {processor.py:208} INFO - Processing /opt/airflow/dags/04_parallel_weather.py took 0.055 seconds
[2026-08-30T14:12:07.610+0000] {processor.py:186} INFO - Started process (PID=1414) to work on /opt/airflow/dags/04_parallel_weather.py
[2026-08-30T14:12:07.611+0000] {processor.py:914} INFO - Processing file /opt/airflow/dags/04_parallel_weather.py for tasks to queue
[2026-08-30T14:12:07.612+0000] {logging_mixin.py:190} INFO - [2026-08-30T14:12:07.612+0000] {dagbag.py:588} INFO - Filling up the DagBag from /opt/airflow/dags/04_parallel_weather.py
[2026-08-30T14:12:07.618+0000] {processor.py:925} INFO - DAG(s) 'parallel_weather_dag' retrieved from /opt/airflow/dags/04_parallel_weather.py
[2026-08-30T14:12:07.634+0000] {logging_mixin.py:190} INFO - [2026-08-30T14:12:07.634+0000] {dag.py:3239} INFO - Sync 1 DAGs
[2026-08-30T14:12:07.642+0000] {logging_mixin.py:190} INFO - [2026-08-30T14:12:07.642+0000] {dag.py:4180} INFO - Setting next_dagrun for parallel_weather_dag to None, run_after=None
[2026-08-30T14:12:07.649+0000] {processor.py:208} INFO - Processing /opt/airflow/dags/04_parallel_weather.py took 0.044 seconds
[2026-08-30T14:12:38.349+0000] {processor.py:186} INFO - Started process (PID=1426) to work on /opt/airflow/dags/04_parallel_weather.py
[2026-08-30T14:12:38.350+0000] {processor.py:914} INFO - Processing file /opt/airflow/dags/04_parallel_weather.py for tasks to queue
[2026-08-30T14:12:38.351+0000] {logging_mixin.py:190} INFO - [2026-08-30T14:12:38.351+0000] {dagbag.py:588} INFO - Filling up the DagBag from /opt/airflow/dags/04_parallel_weather.py
[2026-08-30T14:12:38.358+0000] {processor.py:925} INFO - DAG(s) 'parallel_weather_dag' retrieved from /opt/airflow/dags/04_parallel_weather.py
[2026-08-30T14:12:38.374+0000] {logging_mixin.py:190} INFO - [2026-08-30T14:12:38.373+0000] {dag.py:3239} INFO - Sync 1 DAGs
[2026-08-30T14:12:38.380+0000] {logging_mixin.py:190} INFO - [2026-08-30T14:12:38.380+0000] {dag.py:4180} INFO - Setting next_dagrun for parallel_weather_dag to None, run_after=None
[2026-08-30T14:12:38.388+0000] {processor.py:208} INFO - Processing /opt/airflow/dags/04_parallel_weather.py took 0.045 seconds
[2026-08-30T14:13:09.066+0000] {processor.py:186} INFO - Started process (PID=1438) to work on /opt/airflow/dags/04_parallel_weather.py
[2026-08-30T14:13:09.067+0000] {processor.py:914} INFO - Processing file /opt/airflow/dags/04_parallel_weather.py for tasks to queue
[2026-08-30T14:13:09.069+0000] {logging_mixin.py:190} INFO - [2026-08-30T14:13:09.069+0000] {dagbag.py:588} INFO - Filling up the DagBag from /opt/airflow/dags/04_parallel_weather.py
[2026-08-30T14:13:09.075+0000] {processor.py:925} INFO - DAG(s) 'parallel_weather_dag' retrieved from /opt/airflow/dags/04_parallel_weather.py
[2026-08-30T14:13:09.092+0000] {logging_mixin.py:190} INFO - [2026-08-30T14:13:09.092+0000] {dag.py:3239} INFO - Sync 1 DAGs
[2026-08-30T14:13:09.099+0000] {logging_mixin.py:190} INFO - [2026-08-30T14:13:09.099+0000] {dag.py:4180} INFO - Setting next_dagrun for parallel_weather_dag to None, run_after=None
[2026-08-30T14:13:09.106+0000] {processor.py:208} INFO - Processing /opt/airflow/dags/04_parallel_weather.py took 0.044 seconds
[2026-08-30T14:13:39.771+0000] {processor.py:186} INFO - Started process (PID=1450) to work on /opt/airflow/dags/04_parallel_weather.py
[2026-08-30T14:13:39.772+0000] {processor.py:914} INFO - Processing file /opt/airflow/dags/04_parallel_weather.py for tasks to queue
[2026-08-30T14:13:39.773+0000] {logging_mixin.py:190} INFO - [2026-08-30T14:13:39.773+0000] {dagbag.py:588} INFO - Filling up the DagBag from /opt/airflow/dags/04_parallel_weather.py
[2026-08-30T14:13:39.783+0000] {processor.py:925} INFO - DAG(s) 'parallel_weather_dag' retrieved from /opt/airflow/dags/04_parallel_weather.py
[2026-08-30T14:13:39.809+0000] {logging_mixin.py:190} INFO - [2026-08-30T14:13:39.809+0000] {dag.py:3239} INFO - Sync 1 DAGs
[2026-08-30T14:13:39.822+0000] {logging_mixin.py:190} INFO - [2026-08-30T14:13:39.822+0000] {dag.py:4180} INFO - Setting next_dagrun for parallel_weather_dag to None, run_after=None
[2026-08-30T14:13:39.834+0000] {processor.py:208} INFO - Processing /opt/airflow/dags/04_parallel_weather.py took 0.069 seconds
[2026-08-30T14:14:10.475+0000] {processor.py:186} INFO - Started process (PID=1462) to work on /opt/airflow/dags/04_parallel_weather.py
[2026-08-30T14:14:10.476+0000] {processor.py:914} INFO - Processing file /opt/airflow/dags/04_parallel_weather.py for tasks to queue
[2026-08-30T14:14:10.477+0000] {logging_mixin.py:190} INFO - [2026-08-30T14:14:10.477+0000] {dagbag.py:588} INFO - Filling up the DagBag from /opt/airflow/dags/04_parallel_weather.py
[2026-08-30T14:14:10.483+0000] {processor.py:925} INFO - DAG(s) 'parallel_weather_dag' retrieved from /opt/airflow/dags/04_parallel_weather.py
[2026-08-30T14:14:10.498+0000] {logging_mixin.py:190} INFO - [2026-08-30T14:14:10.498+0000] {dag.py:3239} INFO - Sync 1 DAGs
[2026-08-30T14:14:10.505+0000] {logging_mixin.py:190} INFO - [2026-08-30T14:14:10.505+0000] {dag.py:4180} INFO - Setting next_dagrun for parallel_weather_dag to None, run_after=None
[2026-08-30T14:14:10.512+0000] {processor.py:208} INFO - Processing /opt/airflow/dags/04_parallel_weather.py took 0.041 seconds
[2026-08-30T14:14:41.226+0000] {processor.py:186} INFO - Started process (PID=1475) to work on /opt/airflow/dags/04_parallel_weather.py
[2026-08-30T14:14:41.227+0000] {processor.py:914} INFO - Processing file /opt/airflow/dags/04_parallel_weather.py for tasks to queue
[2026-08-30T14:14:41.228+0000] {logging_mixin.py:190} INFO - [2026-08-30T14:14:41.228+0000] {dagbag.py:588} INFO - Filling up the DagBag from /opt/airflow/dags/04_parallel_weather.py
[2026-08-30T14:14:41.235+0000] {processor.py:925} INFO - DAG(s) 'parallel_weather_dag' retrieved from /opt/airflow/dags/04_parallel_weather.py
[2026-08-30T14:14:41.252+0000] {logging_mixin.py:190} INFO - [2026-08-30T14:14:41.252+0000] {dag.py:3239} INFO - Sync 1 DAGs
[2026-08-30T14:14:41.262+0000] {logging_mixin.py:190} INFO - [2026-08-30T14:14:41.262+0000] {dag.py:4180} INFO - Setting next_dagrun for parallel_weather_dag to None, run_after=None
[2026-08-30T14:14:41.270+0000] {processor.py:208} INFO - Processing /opt/airflow/dags/04_parallel_weather.py took 0.058 seconds
[2026-08-30T14:15:11.952+0000] {processor.py:186} INFO - Started process (PID=1487) to work on /opt/airflow/dags/04_parallel_weather.py
[2026-08-30T14:15:11.953+0000] {processor.py:914} INFO - Processing file /opt/airflow/dags/04_parallel_weather.py for tasks to queue
[2026-08-30T14:15:11.954+0000] {logging_mixin.py:190} INFO - [2026-08-30T14:15:11.954+0000] {dagbag.py:588} INFO - Filling up the DagBag from /opt/airflow/dags/04_parallel_weather.py
[2026-08-30T14:15:11.961+0000] {processor.py:925} INFO - DAG(s) 'parallel_weather_dag' retrieved from /opt/airflow/dags/04_parallel_weather.py
[2026-08-30T14:15:11.978+0000] {logging_mixin.py:190} INFO - [2026-08-30T14:15:11.978+0000] {dag.py:3239} INFO - Sync 1 DAGs
[2026-08-30T14:15:11.986+0000] {logging_mixin.py:190} INFO - [2026-08-30T14:15:11.986+0000] {dag.py:4180} INFO - Setting next_dagrun for parallel_weather_dag to None, run_after=None
[2026-08-30T14:15:11.994+0000] {processor.py:208} INFO - Processing /opt/airflow/dags/04_parallel_weather.py took 0.046 seconds
[2026-08-30T14:15:42.752+0000] {processor.py:186} INFO - Started process (PID=1499) to work on /opt/airflow/dags/04_parallel_weather.py
[2026-08-30T14:15:42.753+0000] {processor.py:914} INFO - Processing file /opt/airflow/dags/04_parallel_weather.py for tasks to queue
[2026-08-30T14:15:42.755+0000] {logging_mixin.py:190} INFO - [2026-08-30T14:15:42.754+0000] {dagbag.py:588} INFO - Filling up the DagBag from /opt/airflow/dags/04_parallel_weather.py
[2026-08-30T14:15:42.761+0000] {processor.py:925} INFO - DAG(s) 'parallel_weather_dag' retrieved from /opt/airflow/dags/04_parallel_weather.py
[2026-08-30T14:15:42.779+0000] {logging_mixin.py:190} INFO - [2026-08-30T14:15:42.779+0000] {dag.py:3239} INFO - Sync 1 DAGs
[2026-08-30T14:15:42.786+0000] {logging_mixin.py:190} INFO - [2026-08-30T14:15:42.786+0000] {dag.py:4180} INFO - Setting next_dagrun for parallel_weather_dag to None, run_after=None
[2026-08-30T14:15:42.793+0000] {processor.py:208} INFO - Processing /opt/airflow/dags/04_parallel_weather.py took 0.057 seconds
[2026-08-30T14:16:13.477+0000] {processor.py:186} INFO - Started process (PID=1511) to work on /opt/airflow/dags/04_parallel_weather.py
[2026-08-30T14:16:13.478+0000] {processor.py:914} INFO - Processing file /opt/airflow/dags/04_parallel_weather.py for tasks to queue
[2026-08-30T14:16:13.480+0000] {logging_mixin.py:190} INFO - [2026-08-30T14:16:13.480+0000] {dagbag.py:588} INFO - Filling up the DagBag from /opt/airflow/dags/04_parallel_weather.py
[2026-08-30T14:16:13.487+0000] {processor.py:925} INFO - DAG(s) 'parallel_weather_dag' retrieved from /opt/airflow/dags/04_parallel_weather.py
[2026-08-30T14:16:13.515+0000] {logging_mixin.py:190} INFO - [2026-08-30T14:16:13.515+0000] {dag.py:3239} INFO - Sync 1 DAGs
[2026-08-30T14:16:13.524+0000] {logging_mixin.py:190} INFO - [2026-08-30T14:16:13.524+0000] {dag.py:4180} INFO - Setting next_dagrun for parallel_weather_dag to None, run_after=None
[2026-08-30T14:16:13.538+0000] {processor.py:208} INFO - Processing /opt/airflow/dags/04_parallel_weather.py took 0.065 seconds
[2026-08-30T14:16:44.279+0000] {processor.py:186} INFO - Started process (PID=1522) to work on /opt/airflow/dags/04_parallel_weather.py
[2026-08-30T14:16:44.280+0000] {processor.py:914} INFO - Processing file /opt/airflow/dags/04_parallel_weather.py for tasks to queue
[2026-08-30T14:16:44.282+0000] {logging_mixin.py:190} INFO - [2026-08-30T14:16:44.282+0000] {dagbag.py:588} INFO - Filling up the DagBag from /opt/airflow/dags/04_parallel_weather.py
[2026-08-30T14:16:44.290+0000] {processor.py:925} INFO - DAG(s) 'parallel_weather_dag' retrieved from /opt/airflow/dags/04_parallel_weather.py
[2026-08-30T14:16:44.318+0000] {logging_mixin.py:190} INFO - [2026-08-30T14:16:44.317+0000] {dag.py:3239} INFO - Sync 1 DAGs
[2026-08-30T14:16:44.329+0000] {logging_mixin.py:190} INFO - [2026-08-30T14:16:44.329+0000] {dag.py:4180} INFO - Setting next_dagrun for parallel_weather_dag to None, run_after=None
[2026-08-30T14:16:44.347+0000] {processor.py:208} INFO - Processing /opt/airflow/dags/04_parallel_weather.py took 0.072 seconds
[2026-08-30T14:17:15.140+0000] {processor.py:186} INFO - Started process (PID=1534) to work on /opt/airflow/dags/04_parallel_weather.py
[2026-08-30T14:17:15.141+0000] {processor.py:914} INFO - Processing file /opt/airflow/dags/04_parallel_weather.py for tasks to queue
[2026-08-30T14:17:15.144+0000] {logging_mixin.py:190} INFO - [2026-08-30T14:17:15.143+0000] {dagbag.py:588} INFO - Filling up the DagBag from /opt/airflow/dags/04_parallel_weather.py
[2026-08-30T14:17:15.151+0000] {processor.py:925} INFO - DAG(s) 'parallel_weather_dag' retrieved from /opt/airflow/dags/04_parallel_weather.py
[2026-08-30T14:17:15.176+0000] {logging_mixin.py:190} INFO - [2026-08-30T14:17:15.175+0000] {dag.py:3239} INFO - Sync 1 DAGs
[2026-08-30T14:17:15.185+0000] {logging_mixin.py:190} INFO - [2026-08-30T14:17:15.185+0000] {dag.py:4180} INFO - Setting next_dagrun for parallel_weather_dag to None, run_after=None
[2026-08-30T14:17:15.208+0000] {processor.py:208} INFO - Processing /opt/airflow/dags/04_parallel_weather.py took 0.073 seconds
[2026-08-30T14:17:45.972+0000] {processor.py:186} INFO - Started process (PID=1546) to work on /opt/airflow/dags/04_parallel_weather.py
[2026-08-30T14:17:45.972+0000] {processor.py:914} INFO - Processing file /opt/airflow/dags/04_parallel_weather.py for tasks to queue
[2026-08-30T14:17:45.974+0000] {logging_mixin.py:190} INFO - [2026-08-30T14:17:45.974+0000] {dagbag.py:588} INFO - Filling up the DagBag from /opt/airflow/dags/04_parallel_weather.py
[2026-08-30T14:17:45.981+0000] {processor.py:925} INFO - DAG(s) 'parallel_weather_dag' retrieved from /opt/airflow/dags/04_parallel_weather.py
[2026-08-30T14:17:45.997+0000] {logging_mixin.py:190} INFO - [2026-08-30T14:17:45.996+0000] {dag.py:3239} INFO - Sync 1 DAGs
[2026-08-30T14:17:46.004+0000] {logging_mixin.py:190} INFO - [2026-08-30T14:17:46.004+0000] {dag.py:4180} INFO - Setting next_dagrun for parallel_weather_dag to None, run_after=None
[2026-08-30T14:17:46.015+0000] {processor.py:208} INFO - Processing /opt/airflow/dags/04_parallel_weather.py took 0.047 seconds
[2026-08-30T14:18:16.698+0000] {processor.py:186} INFO - Started process (PID=1558) to work on /opt/airflow/dags/04_parallel_weather.py
[2026-08-30T14:18:16.699+0000] {processor.py:914} INFO - Processing file /opt/airflow/dags/04_parallel_weather.py for tasks to queue
[2026-08-30T14:18:16.701+0000] {logging_mixin.py:190} INFO - [2026-08-30T14:18:16.700+0000] {dagbag.py:588} INFO - Filling up the DagBag from /opt/airflow/dags/04_parallel_weather.py
[2026-08-30T14:18:16.708+0000] {processor.py:925} INFO - DAG(s) 'parallel_weather_dag' retrieved from /opt/airflow/dags/04_parallel_weather.py
[2026-08-30T14:18:16.725+0000] {logging_mixin.py:190} INFO - [2026-08-30T14:18:16.725+0000] {dag.py:3239} INFO - Sync 1 DAGs
[2026-08-30T14:18:16.732+0000] {logging_mixin.py:190} INFO - [2026-08-30T14:18:16.732+0000] {dag.py:4180} INFO - Setting next_dagrun for parallel_weather_dag to None, run_after=None
[2026-08-30T14:18:16.740+0000] {processor.py:208} INFO - Processing /opt/airflow/dags/04_parallel_weather.py took 0.049 seconds
[2026-08-30T14:18:47.457+0000] {processor.py:186} INFO - Started process (PID=1570) to work on /opt/airflow/dags/04_parallel_weather.py
[2026-08-30T14:18:47.458+0000] {processor.py:914} INFO - Processing file /opt/airflow/dags/04_parallel_weather.py for tasks to queue
[2026-08-30T14:18:47.460+0000] {logging_mixin.py:190} INFO - [2026-08-30T14:18:47.460+0000] {dagbag.py:588} INFO - Filling up the DagBag from /opt/airflow/dags/04_parallel_weather.py
[2026-08-30T14:18:47.468+0000] {processor.py:925} INFO - DAG(s) 'parallel_weather_dag' retrieved from /opt/airflow/dags/04_parallel_weather.py
[2026-08-30T14:18:47.484+0000] {logging_mixin.py:190} INFO - [2026-08-30T14:18:47.484+0000] {dag.py:3239} INFO - Sync 1 DAGs
[2026-08-30T14:18:47.491+0000] {logging_mixin.py:190} INFO - [2026-08-30T14:18:47.491+0000] {dag.py:4180} INFO - Setting next_dagrun for parallel_weather_dag to None, run_after=None
[2026-08-30T14:18:47.498+0000] {processor.py:208} INFO - Processing /opt/airflow/dags/04_parallel_weather.py took 0.045 seconds
[2026-08-30T14:19:18.220+0000] {processor.py:186} INFO - Started process (PID=1582) to work on /opt/airflow/dags/04_parallel_weather.py
[2026-08-30T14:19:18.221+0000] {processor.py:914} INFO - Processing file /opt/airflow/dags/04_parallel_weather.py for tasks to queue
[2026-08-30T14:19:18.222+0000] {logging_mixin.py:190} INFO - [2026-08-30T14:19:18.222+0000] {dagbag.py:588} INFO - Filling up the DagBag from /opt/airflow/dags/04_parallel_weather.py
[2026-08-30T14:19:18.229+0000] {processor.py:925} INFO - DAG(s) 'parallel_weather_dag' retrieved from /opt/airflow/dags/04_parallel_weather.py
[2026-08-30T14:19:18.247+0000] {logging_mixin.py:190} INFO - [2026-08-30T14:19:18.247+0000] {dag.py:3239} INFO - Sync 1 DAGs
[2026-08-30T14:19:18.254+0000] {logging_mixin.py:190} INFO - [2026-08-30T14:19:18.254+0000] {dag.py:4180} INFO - Setting next_dagrun for parallel_weather_dag to None, run_after=None
[2026-08-30T14:19:18.265+0000] {processor.py:208} INFO - Processing /opt/airflow/dags/04_parallel_weather.py took 0.050 seconds
[2026-08-30T14:19:49.129+0000] {processor.py:186} INFO - Started process (PID=1594) to work on /opt/airflow/dags/04_parallel_weather.py
[2026-08-30T14:19:49.130+0000] {processor.py:914} INFO - Processing file /opt/airflow/dags/04_parallel_weather.py for tasks to queue
[2026-08-30T14:19:49.137+0000] {logging_mixin.py:190} INFO - [2026-08-30T14:19:49.136+0000] {dagbag.py:588} INFO - Filling up the DagBag from /opt/airflow/dags/04_parallel_weather.py
[2026-08-30T14:19:49.144+0000] {processor.py:925} INFO - DAG(s) 'parallel_weather_dag' retrieved from /opt/airflow/dags/04_parallel_weather.py
[2026-08-30T14:19:49.172+0000] {logging_mixin.py:190} INFO - [2026-08-30T14:19:49.172+0000] {dag.py:3239} INFO - Sync 1 DAGs
[2026-08-30T14:19:49.184+0000] {logging_mixin.py:190} INFO - [2026-08-30T14:19:49.183+0000] {dag.py:4180} INFO - Setting next_dagrun for parallel_weather_dag to None, run_after=None
[2026-08-30T14:19:49.200+0000] {processor.py:208} INFO - Processing /opt/airflow/dags/04_parallel_weather.py took 0.076 seconds
[2026-08-30T14:20:19.950+0000] {processor.py:186} INFO - Started process (PID=1606) to work on /opt/airflow/dags/04_parallel_weather.py
[2026-08-30T14:20:19.951+0000] {processor.py:914} INFO - Processing file /opt/airflow/dags/04_parallel_weather.py for tasks to queue
[2026-08-30T14:20:19.952+0000] {logging_mixin.py:190} INFO - [2026-08-30T14:20:19.952+0000] {dagbag.py:588} INFO - Filling up the DagBag from /opt/airflow/dags/04_parallel_weather.py
[2026-08-30T14:20:19.958+0000] {processor.py:925} INFO - DAG(s) 'parallel_weather_dag' retrieved from /opt/airflow/dags/04_parallel_weather.py
[2026-08-30T14:20:19.976+0000] {logging_mixin.py:190} INFO - [2026-08-30T14:20:19.976+0000] {dag.py:3239} INFO - Sync 1 DAGs
[2026-08-30T14:20:19.983+0000] {logging_mixin.py:190} INFO - [2026-08-30T14:20:19.983+0000] {dag.py:4180} INFO - Setting next_dagrun for parallel_weather_dag to None, run_after=None
[2026-08-30T14:20:19.994+0000] {processor.py:208} INFO - Processing /opt/airflow/dags/04_parallel_weather.py took 0.053 seconds
[2026-08-30T14:20:50.875+0000] {processor.py:186} INFO - Started process (PID=1618) to work on /opt/airflow/dags/04_parallel_weather.py
[2026-08-30T14:20:50.876+0000] {processor.py:914} INFO - Processing file /opt/airflow/dags/04_parallel_weather.py for tasks to queue
[2026-08-30T14:20:50.877+0000] {logging_mixin.py:190} INFO - [2026-08-30T14:20:50.877+0000] {dagbag.py:588} INFO - Filling up the DagBag from /opt/airflow/dags/04_parallel_weather.py
[2026-08-30T14:20:50.884+0000] {processor.py:925} INFO - DAG(s) 'parallel_weather_dag' retrieved from /opt/airflow/dags/04_parallel_weather.py
[2026-08-30T14:20:50.907+0000] {logging_mixin.py:190} INFO - [2026-08-30T14:20:50.907+0000] {dag.py:3239} INFO - Sync 1 DAGs
[2026-08-30T14:20:50.914+0000] {logging_mixin.py:190} INFO - [2026-08-30T14:20:50.914+0000] {dag.py:4180} INFO - Setting next_dagrun for parallel_weather_dag to None, run_after=None
[2026-08-30T14:20:50.926+0000] {processor.py:208} INFO - Processing /opt/airflow/dags/04_parallel_weather.py took 0.064 seconds
[2026-08-30T14:21:21.655+0000] {processor.py:186} INFO - Started process (PID=1630) to work on /opt/airflow/dags/04_parallel_weather.py
[2026-08-30T14:21:21.656+0000] {processor.py:914} INFO - Processing file /opt/airflow/dags/04_parallel_weather.py for tasks to queue
[2026-08-30T14:21:21.658+0000] {logging_mixin.py:190} INFO - [2026-08-30T14:21:21.658+0000] {dagbag.py:588} INFO - Filling up the DagBag from /opt/airflow/dags/04_parallel_weather.py
[2026-08-30T14:21:21.665+0000] {processor.py:925} INFO - DAG(s) 'parallel_weather_dag' retrieved from /opt/airflow/dags/04_parallel_weather.py
[2026-08-30T14:21:21.680+0000] {logging_mixin.py:190} INFO - [2026-08-30T14:21:21.680+0000] {dag.py:3239} INFO - Sync 1 DAGs
[2026-08-30T14:21:21.687+0000] {logging_mixin.py:190} INFO - [2026-08-30T14:21:21.687+0000] {dag.py:4180} INFO - Setting next_dagrun for parallel_weather_dag to None, run_after=None
[2026-08-30T14:21:21.695+0000] {processor.py:208} INFO - Processing /opt/airflow/dags/04_parallel_weather.py took 0.043 seconds
[2026-08-30T14:21:52.364+0000] {processor.py:186} INFO - Started process (PID=1642) to work on /opt/airflow/dags/04_parallel_weather.py
[2026-08-30T14:21:52.365+0000] {processor.py:914} INFO - Processing file /opt/airflow/dags/04_parallel_weather.py for tasks to queue
[2026-08-30T14:21:52.367+0000] {logging_mixin.py:190} INFO - [2026-08-30T14:21:52.366+0000] {dagbag.py:588} INFO - Filling up the DagBag from /opt/airflow/dags/04_parallel_weather.py
[2026-08-30T14:21:52.375+0000] {processor.py:925} INFO - DAG(s) 'parallel_weather_dag' retrieved from /opt/airflow/dags/04_parallel_weather.py
[2026-08-30T14:21:52.392+0000] {logging_mixin.py:190} INFO - [2026-08-30T14:21:52.392+0000] {dag.py:3239} INFO - Sync 1 DAGs
[2026-08-30T14:21:52.399+0000] {logging_mixin.py:190} INFO - [2026-08-30T14:21:52.399+0000] {dag.py:4180} INFO - Setting next_dagrun for parallel_weather_dag to None, run_after=None
[2026-08-30T14:21:52.407+0000] {processor.py:208} INFO - Processing /opt/airflow/dags/04_parallel_weather.py took 0.047 seconds
[2026-08-30T14:22:23.107+0000] {processor.py:186} INFO - Started process (PID=1660) to work on /opt/airflow/dags/04_parallel_weather.py
[2026-08-30T14:22:23.108+0000] {processor.py:914} INFO - Processing file /opt/airflow/dags/04_parallel_weather.py for tasks to queue
[2026-08-30T14:22:23.110+0000] {logging_mixin.py:190} INFO - [2026-08-30T14:22:23.110+0000] {dagbag.py:588} INFO - Filling up the DagBag from /opt/airflow/dags/04_parallel_weather.py
[2026-08-30T14:22:23.119+0000] {processor.py:925} INFO - DAG(s) 'parallel_weather_dag' retrieved from /opt/airflow/dags/04_parallel_weather.py
[2026-08-30T14:22:23.140+0000] {logging_mixin.py:190} INFO - [2026-08-30T14:22:23.140+0000] {dag.py:3239} INFO - Sync 1 DAGs
[2026-08-30T14:22:23.148+0000] {logging_mixin.py:190} INFO - [2026-08-30T14:22:23.148+0000] {dag.py:4180} INFO - Setting next_dagrun for parallel_weather_dag to None, run_after=None
[2026-08-30T14:22:23.159+0000] {processor.py:208} INFO - Processing /opt/airflow/dags/04_parallel_weather.py took 0.057 seconds
[2026-08-30T14:22:53.935+0000] {processor.py:186} INFO - Started process (PID=1672) to work on /opt/airflow/dags/04_parallel_weather.py
[2026-08-30T14:22:53.936+0000] {processor.py:914} INFO - Processing file /opt/airflow/dags/04_parallel_weather.py for tasks to queue
[2026-08-30T14:22:53.938+0000] {logging_mixin.py:190} INFO - [2026-08-30T14:22:53.938+0000] {dagbag.py:588} INFO - Filling up the DagBag from /opt/airflow/dags/04_parallel_weather.py
[2026-08-30T14:22:53.945+0000] {processor.py:925} INFO - DAG(s) 'parallel_weather_dag' retrieved from /opt/airflow/dags/04_parallel_weather.py
[2026-08-30T14:22:53.963+0000] {logging_mixin.py:190} INFO - [2026-08-30T14:22:53.963+0000] {dag.py:3239} INFO - Sync 1 DAGs
[2026-08-30T14:22:53.971+0000] {logging_mixin.py:190} INFO - [2026-08-30T14:22:53.971+0000] {dag.py:4180} INFO - Setting next_dagrun for parallel_weather_dag to None, run_after=None
[2026-08-30T14:22:53.980+0000] {processor.py:208} INFO - Processing /opt/airflow/dags/04_parallel_weather.py took 0.049 seconds
[2026-08-30T14:23:24.743+0000] {processor.py:186} INFO - Started process (PID=1684) to work on /opt/airflow/dags/04_parallel_weather.py
[2026-08-30T14:23:24.744+0000] {processor.py:914} INFO - Processing file /opt/airflow/dags/04_parallel_weather.py for tasks to queue
[2026-08-30T14:23:24.746+0000] {logging_mixin.py:190} INFO - [2026-08-30T14:23:24.745+0000] {dagbag.py:588} INFO - Filling up the DagBag from /opt/airflow/dags/04_parallel_weather.py
[2026-08-30T14:23:24.752+0000] {processor.py:925} INFO - DAG(s) 'parallel_weather_dag' retrieved from /opt/airflow/dags/04_parallel_weather.py
[2026-08-30T14:23:24.768+0000] {logging_mixin.py:190} INFO - [2026-08-30T14:23:24.768+0000] {dag.py:3239} INFO - Sync 1 DAGs
[2026-08-30T14:23:24.774+0000] {logging_mixin.py:190} INFO - [2026-08-30T14:23:24.774+0000] {dag.py:4180} INFO - Setting next_dagrun for parallel_weather_dag to None, run_after=None
[2026-08-30T14:23:24.783+0000] {processor.py:208} INFO - Processing /opt/airflow/dags/04_parallel_weather.py took 0.043 seconds
[2026-08-30T14:23:55.535+0000] {processor.py:186} INFO - Started process (PID=1696) to work on /opt/airflow/dags/04_parallel_weather.py
[2026-08-30T14:23:55.536+0000] {processor.py:914} INFO - Processing file /opt/airflow/dags/04_parallel_weather.py for tasks to queue
[2026-08-30T14:23:55.537+0000] {logging_mixin.py:190} INFO - [2026-08-30T14:23:55.537+0000] {dagbag.py:588} INFO - Filling up the DagBag from /opt/airflow/dags/04_parallel_weather.py
[2026-08-30T14:23:55.544+0000] {processor.py:925} INFO - DAG(s) 'parallel_weather_dag' retrieved from /opt/airflow/dags/04_parallel_weather.py
[2026-08-30T14:23:55.560+0000] {logging_mixin.py:190} INFO - [2026-08-30T14:23:55.560+0000] {dag.py:3239} INFO - Sync 1 DAGs
[2026-08-30T14:23:55.568+0000] {logging_mixin.py:190} INFO - [2026-08-30T14:23:55.568+0000] {dag.py:4180} INFO - Setting next_dagrun for parallel_weather_dag to None, run_after=None
[2026-08-30T14:23:55.576+0000] {processor.py:208} INFO - Processing /opt/airflow/dags/04_parallel_weather.py took 0.044 seconds
[2026-08-30T14:24:26.304+0000] {processor.py:186} INFO - Started process (PID=1708) to work on /opt/airflow/dags/04_parallel_weather.py
[2026-08-30T14:24:26.305+0000] {processor.py:914} INFO - Processing file /opt/airflow/dags/04_parallel_weather.py for tasks to queue
[2026-08-30T14:24:26.307+0000] {logging_mixin.py:190} INFO - [2026-08-30T14:24:26.306+0000] {dagbag.py:588} INFO - Filling up the DagBag from /opt/airflow/dags/04_parallel_weather.py
[2026-08-30T14:24:26.313+0000] {processor.py:925} INFO - DAG(s) 'parallel_weather_dag' retrieved from /opt/airflow/dags/04_parallel_weather.py
[2026-08-30T14:24:26.330+0000] {logging_mixin.py:190} INFO - [2026-08-30T14:24:26.330+0000] {dag.py:3239} INFO - Sync 1 DAGs
[2026-08-30T14:24:26.337+0000] {logging_mixin.py:190} INFO - [2026-08-30T14:24:26.337+0000] {dag.py:4180} INFO - Setting next_dagrun for parallel_weather_dag to None, run_after=None
[2026-08-30T14:24:26.345+0000] {processor.py:208} INFO - Processing /opt/airflow/dags/04_parallel_weather.py took 0.044 seconds
[2026-08-30T14:24:57.088+0000] {processor.py:186} INFO - Started process (PID=1720) to work on /opt/airflow/dags/04_parallel_weather.py
[2026-08-30T14:24:57.089+0000] {processor.py:914} INFO - Processing file /opt/airflow/dags/04_parallel_weather.py for tasks to queue
[2026-08-30T14:24:57.090+0000] {logging_mixin.py:190} INFO - [2026-08-30T14:24:57.090+0000] {dagbag.py:588} INFO - Filling up the DagBag from /opt/airflow/dags/04_parallel_weather.py
[2026-08-30T14:24:57.097+0000] {processor.py:925} INFO - DAG(s) 'parallel_weather_dag' retrieved from /opt/airflow/dags/04_parallel_weather.py
[2026-08-30T14:24:57.126+0000] {logging_mixin.py:190} INFO - [2026-08-30T14:24:57.126+0000] {dag.py:3239} INFO - Sync 1 DAGs
[2026-08-30T14:24:57.139+0000] {logging_mixin.py:190} INFO - [2026-08-30T14:24:57.139+0000] {dag.py:4180} INFO - Setting next_dagrun for parallel_weather_dag to None, run_after=None
[2026-08-30T14:24:57.150+0000] {processor.py:208} INFO - Processing /opt/airflow/dags/04_parallel_weather.py took 0.068 seconds
[2026-08-30T14:25:27.867+0000] {processor.py:186} INFO - Started process (PID=1732) to work on /opt/airflow/dags/04_parallel_weather.py
[2026-08-30T14:25:27.868+0000] {processor.py:914} INFO - Processing file /opt/airflow/dags/04_parallel_weather.py for tasks to queue
[2026-08-30T14:25:27.869+0000] {logging_mixin.py:190} INFO - [2026-08-30T14:25:27.869+0000] {dagbag.py:588} INFO - Filling up the DagBag from /opt/airflow/dags/04_parallel_weather.py
[2026-08-30T14:25:27.876+0000] {processor.py:925} INFO - DAG(s) 'parallel_weather_dag' retrieved from /opt/airflow/dags/04_parallel_weather.py
[2026-08-30T14:25:27.892+0000] {logging_mixin.py:190} INFO - [2026-08-30T14:25:27.892+0000] {dag.py:3239} INFO - Sync 1 DAGs
[2026-08-30T14:25:27.899+0000] {logging_mixin.py:190} INFO - [2026-08-30T14:25:27.899+0000] {dag.py:4180} INFO - Setting next_dagrun for parallel_weather_dag to None, run_after=None
[2026-08-30T14:25:27.907+0000] {processor.py:208} INFO - Processing /opt/airflow/dags/04_parallel_weather.py took 0.044 seconds
[2026-08-30T14:25:58.664+0000] {processor.py:186} INFO - Started process (PID=1744) to work on /opt/airflow/dags/04_parallel_weather.py
[2026-08-30T14:25:58.665+0000] {processor.py:914} INFO - Processing file /opt/airflow/dags/04_parallel_weather.py for tasks to queue
[2026-08-30T14:25:58.667+0000] {logging_mixin.py:190} INFO - [2026-08-30T14:25:58.666+0000] {dagbag.py:588} INFO - Filling up the DagBag from /opt/airflow/dags/04_parallel_weather.py
[2026-08-30T14:25:58.673+0000] {processor.py:925} INFO - DAG(s) 'parallel_weather_dag' retrieved from /opt/airflow/dags/04_parallel_weather.py
[2026-08-30T14:25:58.689+0000] {logging_mixin.py:190} INFO - [2026-08-30T14:25:58.689+0000] {dag.py:3239} INFO - Sync 1 DAGs
[2026-08-30T14:25:58.696+0000] {logging_mixin.py:190} INFO - [2026-08-30T14:25:58.696+0000] {dag.py:4180} INFO - Setting next_dagrun for parallel_weather_dag to None, run_after=None
[2026-08-30T14:25:58.704+0000] {processor.py:208} INFO - Processing /opt/airflow/dags/04_parallel_weather.py took 0.043 seconds
[2026-08-30T14:26:29.549+0000] {processor.py:186} INFO - Started process (PID=1756) to work on /opt/airflow/dags/04_parallel_weather.py
[2026-08-30T14:26:29.550+0000] {processor.py:914} INFO - Processing file /opt/airflow/dags/04_parallel_weather.py for tasks to queue
[2026-08-30T14:26:29.552+0000] {logging_mixin.py:190} INFO - [2026-08-30T14:26:29.552+0000] {dagbag.py:588} INFO - Filling up the DagBag from /opt/airflow/dags/04_parallel_weather.py
[2026-08-30T14:26:29.559+0000] {processor.py:925} INFO - DAG(s) 'parallel_weather_dag' retrieved from /opt/airflow/dags/04_parallel_weather.py
[2026-08-30T14:26:29.576+0000] {logging_mixin.py:190} INFO - [2026-08-30T14:26:29.576+0000] {dag.py:3239} INFO - Sync 1 DAGs
[2026-08-30T14:26:29.583+0000] {logging_mixin.py:190} INFO - [2026-08-30T14:26:29.583+0000] {dag.py:4180} INFO - Setting next_dagrun for parallel_weather_dag to None, run_after=None
[2026-08-30T14:26:29.591+0000] {processor.py:208} INFO - Processing /opt/airflow/dags/04_parallel_weather.py took 0.053 seconds
[2026-08-30T14:27:00.441+0000] {processor.py:186} INFO - Started process (PID=1768) to work on /opt/airflow/dags/04_parallel_weather.py
[2026-08-30T14:27:00.442+0000] {processor.py:914} INFO - Processing file /opt/airflow/dags/04_parallel_weather.py for tasks to queue
[2026-08-30T14:27:00.443+0000] {logging_mixin.py:190} INFO - [2026-08-30T14:27:00.443+0000] {dagbag.py:588} INFO - Filling up the DagBag from /opt/airflow/dags/04_parallel_weather.py
[2026-08-30T14:27:00.450+0000] {processor.py:925} INFO - DAG(s) 'parallel_weather_dag' retrieved from /opt/airflow/dags/04_parallel_weather.py
[2026-08-30T14:27:00.466+0000] {logging_mixin.py:190} INFO - [2026-08-30T14:27:00.466+0000] {dag.py:3239} INFO - Sync 1 DAGs
[2026-08-30T14:27:00.473+0000] {logging_mixin.py:190} INFO - [2026-08-30T14:27:00.473+0000] {dag.py:4180} INFO - Setting next_dagrun for parallel_weather_dag to None, run_after=None
[2026-08-30T14:27:00.480+0000] {processor.py:208} INFO - Processing /opt/airflow/dags/04_parallel_weather.py took 0.045 seconds
[2026-08-30T14:27:31.249+0000] {processor.py:186} INFO - Started process (PID=1780) to work on /opt/airflow/dags/04_parallel_weather.py
[2026-08-30T14:27:31.250+0000] {processor.py:914} INFO - Processing file /opt/airflow/dags/04_parallel_weather.py for tasks to queue
[2026-08-30T14:27:31.252+0000] {logging_mixin.py:190} INFO - [2026-08-30T14:27:31.251+0000] {dagbag.py:588} INFO - Filling up the DagBag from /opt/airflow/dags/04_parallel_weather.py
[2026-08-30T14:27:31.258+0000] {processor.py:925} INFO - DAG(s) 'parallel_weather_dag' retrieved from /opt/airflow/dags/04_parallel_weather.py
[2026-08-30T14:27:31.274+0000] {logging_mixin.py:190} INFO - [2026-08-30T14:27:31.274+0000] {dag.py:3239} INFO - Sync 1 DAGs
[2026-08-30T14:27:31.282+0000] {logging_mixin.py:190} INFO - [2026-08-30T14:27:31.282+0000] {dag.py:4180} INFO - Setting next_dagrun for parallel_weather_dag to None, run_after=None
[2026-08-30T14:27:31.289+0000] {processor.py:208} INFO - Processing /opt/airflow/dags/04_parallel_weather.py took 0.046 seconds
[2026-08-30T14:28:01.978+0000] {processor.py:186} INFO - Started process (PID=1792) to work on /opt/airflow/dags/04_parallel_weather.py
[2026-08-30T14:28:01.979+0000] {processor.py:914} INFO - Processing file /opt/airflow/dags/04_parallel_weather.py for tasks to queue
[2026-08-30T14:28:01.981+0000] {logging_mixin.py:190} INFO - [2026-08-30T14:28:01.981+0000] {dagbag.py:588} INFO - Filling up the DagBag from /opt/airflow/dags/04_parallel_weather.py
[2026-08-30T14:28:01.988+0000] {processor.py:925} INFO - DAG(s) 'parallel_weather_dag' retrieved from /opt/airflow/dags/04_parallel_weather.py
[2026-08-30T14:28:02.006+0000] {logging_mixin.py:190} INFO - [2026-08-30T14:28:02.006+0000] {dag.py:3239} INFO - Sync 1 DAGs
[2026-08-30T14:28:02.013+0000] {logging_mixin.py:190} INFO - [2026-08-30T14:28:02.013+0000] {dag.py:4180} INFO - Setting next_dagrun for parallel_weather_dag to None, run_after=None
[2026-08-30T14:28:02.021+0000] {processor.py:208} INFO - Processing /opt/airflow/dags/04_parallel_weather.py took 0.048 seconds
[2026-08-30T14:28:32.716+0000] {processor.py:186} INFO - Started process (PID=1804) to work on /opt/airflow/dags/04_parallel_weather.py
[2026-08-30T14:28:32.717+0000] {processor.py:914} INFO - Processing file /opt/airflow/dags/04_parallel_weather.py for tasks to queue
[2026-08-30T14:28:32.719+0000] {logging_mixin.py:190} INFO - [2026-08-30T14:28:32.719+0000] {dagbag.py:588} INFO - Filling up the DagBag from /opt/airflow/dags/04_parallel_weather.py
[2026-08-30T14:28:32.729+0000] {processor.py:925} INFO - DAG(s) 'parallel_weather_dag' retrieved from /opt/airflow/dags/04_parallel_weather.py
[2026-08-30T14:28:32.749+0000] {logging_mixin.py:190} INFO - [2026-08-30T14:28:32.749+0000] {dag.py:3239} INFO - Sync 1 DAGs
[2026-08-30T14:28:32.757+0000] {logging_mixin.py:190} INFO - [2026-08-30T14:28:32.757+0000] {dag.py:4180} INFO - Setting next_dagrun for parallel_weather_dag to None, run_after=None
[2026-08-30T14:28:32.766+0000] {processor.py:208} INFO - Processing /opt/airflow/dags/04_parallel_weather.py took 0.056 seconds
[2026-08-30T14:29:03.622+0000] {processor.py:186} INFO - Started process (PID=1816) to work on /opt/airflow/dags/04_parallel_weather.py
[2026-08-30T14:29:03.625+0000] {processor.py:914} INFO - Processing file /opt/airflow/dags/04_parallel_weather.py for tasks to queue
[2026-08-30T14:29:03.626+0000] {logging_mixin.py:190} INFO - [2026-08-30T14:29:03.626+0000] {dagbag.py:588} INFO - Filling up the DagBag from /opt/airflow/dags/04_parallel_weather.py
[2026-08-30T14:29:03.632+0000] {processor.py:925} INFO - DAG(s) 'parallel_weather_dag' retrieved from /opt/airflow/dags/04_parallel_weather.py
[2026-08-30T14:29:03.650+0000] {logging_mixin.py:190} INFO - [2026-08-30T14:29:03.650+0000] {dag.py:3239} INFO - Sync 1 DAGs
[2026-08-30T14:29:03.657+0000] {logging_mixin.py:190} INFO - [2026-08-30T14:29:03.657+0000] {dag.py:4180} INFO - Setting next_dagrun for parallel_weather_dag to None, run_after=None
[2026-08-30T14:29:03.665+0000] {processor.py:208} INFO - Processing /opt/airflow/dags/04_parallel_weather.py took 0.053 seconds
[2026-08-30T14:29:34.348+0000] {processor.py:186} INFO - Started process (PID=1828) to work on /opt/airflow/dags/04_parallel_weather.py
[2026-08-30T14:29:34.350+0000] {processor.py:914} INFO - Processing file /opt/airflow/dags/04_parallel_weather.py for tasks to queue
[2026-08-30T14:29:34.351+0000] {logging_mixin.py:190} INFO - [2026-08-30T14:29:34.351+0000] {dagbag.py:588} INFO - Filling up the DagBag from /opt/airflow/dags/04_parallel_weather.py
[2026-08-30T14:29:34.358+0000] {processor.py:925} INFO - DAG(s) 'parallel_weather_dag' retrieved from /opt/airflow/dags/04_parallel_weather.py
[2026-08-30T14:29:34.374+0000] {logging_mixin.py:190} INFO - [2026-08-30T14:29:34.374+0000] {dag.py:3239} INFO - Sync 1 DAGs
[2026-08-30T14:29:34.380+0000] {logging_mixin.py:190} INFO - [2026-08-30T14:29:34.380+0000] {dag.py:4180} INFO - Setting next_dagrun for parallel_weather_dag to None, run_after=None
[2026-08-30T14:29:34.388+0000] {processor.py:208} INFO - Processing /opt/airflow/dags/04_parallel_weather.py took 0.050 seconds
[2026-08-30T14:30:05.263+0000] {processor.py:186} INFO - Started process (PID=1840) to work on /opt/airflow/dags/04_parallel_weather.py
[2026-08-30T14:30:05.264+0000] {processor.py:914} INFO - Processing file /opt/airflow/dags/04_parallel_weather.py for tasks to queue
[2026-08-30T14:30:05.266+0000] {logging_mixin.py:190} INFO - [2026-08-30T14:30:05.265+0000] {dagbag.py:588} INFO - Filling up the DagBag from /opt/airflow/dags/04_parallel_weather.py
[2026-08-30T14:30:05.273+0000] {processor.py:925} INFO - DAG(s) 'parallel_weather_dag' retrieved from /opt/airflow/dags/04_parallel_weather.py
[2026-08-30T14:30:05.291+0000] {logging_mixin.py:190} INFO - [2026-08-30T14:30:05.291+0000] {dag.py:3239} INFO - Sync 1 DAGs
[2026-08-30T14:30:05.299+0000] {logging_mixin.py:190} INFO - [2026-08-30T14:30:05.299+0000] {dag.py:4180} INFO - Setting next_dagrun for parallel_weather_dag to None, run_after=None
[2026-08-30T14:30:05.323+0000] {processor.py:208} INFO - Processing /opt/airflow/dags/04_parallel_weather.py took 0.065 seconds
[2026-08-30T14:30:35.887+0000] {processor.py:186} INFO - Started process (PID=1852) to work on /opt/airflow/dags/04_parallel_weather.py
[2026-08-30T14:30:35.893+0000] {processor.py:914} INFO - Processing file /opt/airflow/dags/04_parallel_weather.py for tasks to queue
[2026-08-30T14:30:35.894+0000] {logging_mixin.py:190} INFO - [2026-08-30T14:30:35.894+0000] {dagbag.py:588} INFO - Filling up the DagBag from /opt/airflow/dags/04_parallel_weather.py
[2026-08-30T14:30:35.922+0000] {processor.py:925} INFO - DAG(s) 'parallel_weather_dag' retrieved from /opt/airflow/dags/04_parallel_weather.py
[2026-08-30T14:30:35.964+0000] {logging_mixin.py:190} INFO - [2026-08-30T14:30:35.964+0000] {dag.py:3239} INFO - Sync 1 DAGs
[2026-08-30T14:30:35.984+0000] {logging_mixin.py:190} INFO - [2026-08-30T14:30:35.984+0000] {dag.py:4180} INFO - Setting next_dagrun for parallel_weather_dag to None, run_after=None
[2026-08-30T14:30:36.005+0000] {processor.py:208} INFO - Processing /opt/airflow/dags/04_parallel_weather.py took 0.134 seconds
[2026-08-30T14:31:06.596+0000] {processor.py:186} INFO - Started process (PID=1863) to work on /opt/airflow/dags/04_parallel_weather.py
[2026-08-30T14:31:06.597+0000] {processor.py:914} INFO - Processing file /opt/airflow/dags/04_parallel_weather.py for tasks to queue
[2026-08-30T14:31:06.599+0000] {logging_mixin.py:190} INFO - [2026-08-30T14:31:06.598+0000] {dagbag.py:588} INFO - Filling up the DagBag from /opt/airflow/dags/04_parallel_weather.py
[2026-08-30T14:31:06.623+0000] {processor.py:925} INFO - DAG(s) 'parallel_weather_dag' retrieved from /opt/airflow/dags/04_parallel_weather.py
[2026-08-30T14:31:06.661+0000] {logging_mixin.py:190} INFO - [2026-08-30T14:31:06.661+0000] {dag.py:3239} INFO - Sync 1 DAGs
[2026-08-30T14:31:06.683+0000] {logging_mixin.py:190} INFO - [2026-08-30T14:31:06.682+0000] {dag.py:4180} INFO - Setting next_dagrun for parallel_weather_dag to None, run_after=None
[2026-08-30T14:31:06.698+0000] {processor.py:208} INFO - Processing /opt/airflow/dags/04_parallel_weather.py took 0.116 seconds
[2026-08-30T14:31:37.404+0000] {processor.py:186} INFO - Started process (PID=1875) to work on /opt/airflow/dags/04_parallel_weather.py
[2026-08-30T14:31:37.406+0000] {processor.py:914} INFO - Processing file /opt/airflow/dags/04_parallel_weather.py for tasks to queue
[2026-08-30T14:31:37.410+0000] {logging_mixin.py:190} INFO - [2026-08-30T14:31:37.409+0000] {dagbag.py:588} INFO - Filling up the DagBag from /opt/airflow/dags/04_parallel_weather.py
[2026-08-30T14:31:37.433+0000] {processor.py:925} INFO - DAG(s) 'parallel_weather_dag' retrieved from /opt/airflow/dags/04_parallel_weather.py
[2026-08-30T14:31:37.471+0000] {logging_mixin.py:190} INFO - [2026-08-30T14:31:37.471+0000] {dag.py:3239} INFO - Sync 1 DAGs
[2026-08-30T14:31:37.493+0000] {logging_mixin.py:190} INFO - [2026-08-30T14:31:37.492+0000] {dag.py:4180} INFO - Setting next_dagrun for parallel_weather_dag to None, run_after=None
[2026-08-30T14:31:37.506+0000] {processor.py:208} INFO - Processing /opt/airflow/dags/04_parallel_weather.py took 0.111 seconds
[2026-08-30T14:32:08.385+0000] {processor.py:186} INFO - Started process (PID=1887) to work on /opt/airflow/dags/04_parallel_weather.py
[2026-08-30T14:32:08.388+0000] {processor.py:914} INFO - Processing file /opt/airflow/dags/04_parallel_weather.py for tasks to queue
[2026-08-30T14:32:08.391+0000] {logging_mixin.py:190} INFO - [2026-08-30T14:32:08.391+0000] {dagbag.py:588} INFO - Filling up the DagBag from /opt/airflow/dags/04_parallel_weather.py
[2026-08-30T14:32:08.416+0000] {processor.py:925} INFO - DAG(s) 'parallel_weather_dag' retrieved from /opt/airflow/dags/04_parallel_weather.py
[2026-08-30T14:32:08.470+0000] {logging_mixin.py:190} INFO - [2026-08-30T14:32:08.469+0000] {dag.py:3239} INFO - Sync 1 DAGs
[2026-08-30T14:32:08.494+0000] {logging_mixin.py:190} INFO - [2026-08-30T14:32:08.494+0000] {dag.py:4180} INFO - Setting next_dagrun for parallel_weather_dag to None, run_after=None
[2026-08-30T14:32:08.514+0000] {processor.py:208} INFO - Processing /opt/airflow/dags/04_parallel_weather.py took 0.145 seconds
[2026-08-30T14:32:39.272+0000] {processor.py:186} INFO - Started process (PID=1899) to work on /opt/airflow/dags/04_parallel_weather.py
[2026-08-30T14:32:39.273+0000] {processor.py:914} INFO - Processing file /opt/airflow/dags/04_parallel_weather.py for tasks to queue
[2026-08-30T14:32:39.273+0000] {logging_mixin.py:190} INFO - [2026-08-30T14:32:39.273+0000] {dagbag.py:588} INFO - Filling up the DagBag from /opt/airflow/dags/04_parallel_weather.py
[2026-08-30T14:32:39.298+0000] {processor.py:925} INFO - DAG(s) 'parallel_weather_dag' retrieved from /opt/airflow/dags/04_parallel_weather.py
[2026-08-30T14:32:39.336+0000] {logging_mixin.py:190} INFO - [2026-08-30T14:32:39.336+0000] {dag.py:3239} INFO - Sync 1 DAGs
[2026-08-30T14:32:39.353+0000] {logging_mixin.py:190} INFO - [2026-08-30T14:32:39.353+0000] {dag.py:4180} INFO - Setting next_dagrun for parallel_weather_dag to None, run_after=None
[2026-08-30T14:32:39.372+0000] {processor.py:208} INFO - Processing /opt/airflow/dags/04_parallel_weather.py took 0.109 seconds
[2026-08-30T14:33:10.110+0000] {processor.py:186} INFO - Started process (PID=1911) to work on /opt/airflow/dags/04_parallel_weather.py
[2026-08-30T14:33:10.112+0000] {processor.py:914} INFO - Processing file /opt/airflow/dags/04_parallel_weather.py for tasks to queue
[2026-08-30T14:33:10.118+0000] {logging_mixin.py:190} INFO - [2026-08-30T14:33:10.116+0000] {dagbag.py:588} INFO - Filling up the DagBag from /opt/airflow/dags/04_parallel_weather.py
[2026-08-30T14:33:10.143+0000] {processor.py:925} INFO - DAG(s) 'parallel_weather_dag' retrieved from /opt/airflow/dags/04_parallel_weather.py
[2026-08-30T14:33:10.192+0000] {logging_mixin.py:190} INFO - [2026-08-30T14:33:10.192+0000] {dag.py:3239} INFO - Sync 1 DAGs
[2026-08-30T14:33:10.212+0000] {logging_mixin.py:190} INFO - [2026-08-30T14:33:10.211+0000] {dag.py:4180} INFO - Setting next_dagrun for parallel_weather_dag to None, run_after=None
[2026-08-30T14:33:10.233+0000] {processor.py:208} INFO - Processing /opt/airflow/dags/04_parallel_weather.py took 0.138 seconds
[2026-08-30T14:33:41.049+0000] {processor.py:186} INFO - Started process (PID=1924) to work on /opt/airflow/dags/04_parallel_weather.py
[2026-08-30T14:33:41.052+0000] {processor.py:914} INFO - Processing file /opt/airflow/dags/04_parallel_weather.py for tasks to queue
[2026-08-30T14:33:41.054+0000] {logging_mixin.py:190} INFO - [2026-08-30T14:33:41.053+0000] {dagbag.py:588} INFO - Filling up the DagBag from /opt/airflow/dags/04_parallel_weather.py
[2026-08-30T14:33:41.070+0000] {processor.py:925} INFO - DAG(s) 'parallel_weather_dag' retrieved from /opt/airflow/dags/04_parallel_weather.py
[2026-08-30T14:33:41.102+0000] {logging_mixin.py:190} INFO - [2026-08-30T14:33:41.102+0000] {dag.py:3239} INFO - Sync 1 DAGs
[2026-08-30T14:33:41.114+0000] {logging_mixin.py:190} INFO - [2026-08-30T14:33:41.114+0000] {dag.py:4180} INFO - Setting next_dagrun for parallel_weather_dag to None, run_after=None
[2026-08-30T14:33:41.129+0000] {processor.py:208} INFO - Processing /opt/airflow/dags/04_parallel_weather.py took 0.087 seconds
[2026-08-30T14:34:11.695+0000] {processor.py:186} INFO - Started process (PID=1936) to work on /opt/airflow/dags/04_parallel_weather.py
[2026-08-30T14:34:11.697+0000] {processor.py:914} INFO - Processing file /opt/airflow/dags/04_parallel_weather.py for tasks to queue
[2026-08-30T14:34:11.699+0000] {logging_mixin.py:190} INFO - [2026-08-30T14:34:11.699+0000] {dagbag.py:588} INFO - Filling up the DagBag from /opt/airflow/dags/04_parallel_weather.py
[2026-08-30T14:34:11.722+0000] {processor.py:925} INFO - DAG(s) 'parallel_weather_dag' retrieved from /opt/airflow/dags/04_parallel_weather.py
[2026-08-30T14:34:11.763+0000] {logging_mixin.py:190} INFO - [2026-08-30T14:34:11.763+0000] {dag.py:3239} INFO - Sync 1 DAGs
[2026-08-30T14:34:11.779+0000] {logging_mixin.py:190} INFO - [2026-08-30T14:34:11.779+0000] {dag.py:4180} INFO - Setting next_dagrun for parallel_weather_dag to None, run_after=None
[2026-08-30T14:34:11.793+0000] {processor.py:208} INFO - Processing /opt/airflow/dags/04_parallel_weather.py took 0.111 seconds
[2026-08-30T14:34:42.529+0000] {processor.py:186} INFO - Started process (PID=1948) to work on /opt/airflow/dags/04_parallel_weather.py
[2026-08-30T14:34:42.531+0000] {processor.py:914} INFO - Processing file /opt/airflow/dags/04_parallel_weather.py for tasks to queue
[2026-08-30T14:34:42.533+0000] {logging_mixin.py:190} INFO - [2026-08-30T14:34:42.532+0000] {dagbag.py:588} INFO - Filling up the DagBag from /opt/airflow/dags/04_parallel_weather.py
[2026-08-30T14:34:42.556+0000] {processor.py:925} INFO - DAG(s) 'parallel_weather_dag' retrieved from /opt/airflow/dags/04_parallel_weather.py
[2026-08-30T14:34:42.590+0000] {logging_mixin.py:190} INFO - [2026-08-30T14:34:42.590+0000] {dag.py:3239} INFO - Sync 1 DAGs
[2026-08-30T14:34:42.605+0000] {logging_mixin.py:190} INFO - [2026-08-30T14:34:42.604+0000] {dag.py:4180} INFO - Setting next_dagrun for parallel_weather_dag to None, run_after=None
[2026-08-30T14:34:42.618+0000] {processor.py:208} INFO - Processing /opt/airflow/dags/04_parallel_weather.py took 0.096 seconds
[2026-08-30T14:35:13.275+0000] {processor.py:186} INFO - Started process (PID=1960) to work on /opt/airflow/dags/04_parallel_weather.py
[2026-08-30T14:35:13.277+0000] {processor.py:914} INFO - Processing file /opt/airflow/dags/04_parallel_weather.py for tasks to queue
[2026-08-30T14:35:13.278+0000] {logging_mixin.py:190} INFO - [2026-08-30T14:35:13.278+0000] {dagbag.py:588} INFO - Filling up the DagBag from /opt/airflow/dags/04_parallel_weather.py
[2026-08-30T14:35:13.303+0000] {processor.py:925} INFO - DAG(s) 'parallel_weather_dag' retrieved from /opt/airflow/dags/04_parallel_weather.py
[2026-08-30T14:35:13.357+0000] {logging_mixin.py:190} INFO - [2026-08-30T14:35:13.357+0000] {dag.py:3239} INFO - Sync 1 DAGs
[2026-08-30T14:35:13.375+0000] {logging_mixin.py:190} INFO - [2026-08-30T14:35:13.375+0000] {dag.py:4180} INFO - Setting next_dagrun for parallel_weather_dag to None, run_after=None
[2026-08-30T14:35:13.391+0000] {processor.py:208} INFO - Processing /opt/airflow/dags/04_parallel_weather.py took 0.127 seconds
[2026-08-30T14:35:44.015+0000] {processor.py:186} INFO - Started process (PID=1972) to work on /opt/airflow/dags/04_parallel_weather.py
[2026-08-30T14:35:44.017+0000] {processor.py:914} INFO - Processing file /opt/airflow/dags/04_parallel_weather.py for tasks to queue
[2026-08-30T14:35:44.019+0000] {logging_mixin.py:190} INFO - [2026-08-30T14:35:44.019+0000] {dagbag.py:588} INFO - Filling up the DagBag from /opt/airflow/dags/04_parallel_weather.py
[2026-08-30T14:35:44.039+0000] {processor.py:925} INFO - DAG(s) 'parallel_weather_dag' retrieved from /opt/airflow/dags/04_parallel_weather.py
[2026-08-30T14:35:44.088+0000] {logging_mixin.py:190} INFO - [2026-08-30T14:35:44.087+0000] {dag.py:3239} INFO - Sync 1 DAGs
[2026-08-30T14:35:44.111+0000] {logging_mixin.py:190} INFO - [2026-08-30T14:35:44.110+0000] {dag.py:4180} INFO - Setting next_dagrun for parallel_weather_dag to None, run_after=None
[2026-08-30T14:35:44.131+0000] {processor.py:208} INFO - Processing /opt/airflow/dags/04_parallel_weather.py took 0.129 seconds
[2026-08-30T14:36:14.729+0000] {processor.py:186} INFO - Started process (PID=1984) to work on /opt/airflow/dags/04_parallel_weather.py
[2026-08-30T14:36:14.732+0000] {processor.py:914} INFO - Processing file /opt/airflow/dags/04_parallel_weather.py for tasks to queue
[2026-08-30T14:36:14.736+0000] {logging_mixin.py:190} INFO - [2026-08-30T14:36:14.735+0000] {dagbag.py:588} INFO - Filling up the DagBag from /opt/airflow/dags/04_parallel_weather.py
[2026-08-30T14:36:14.762+0000] {processor.py:925} INFO - DAG(s) 'parallel_weather_dag' retrieved from /opt/airflow/dags/04_parallel_weather.py
[2026-08-30T14:36:14.791+0000] {logging_mixin.py:190} INFO - [2026-08-30T14:36:14.791+0000] {dag.py:3239} INFO - Sync 1 DAGs
[2026-08-30T14:36:14.804+0000] {logging_mixin.py:190} INFO - [2026-08-30T14:36:14.804+0000] {dag.py:4180} INFO - Setting next_dagrun for parallel_weather_dag to None, run_after=None
[2026-08-30T14:36:14.821+0000] {processor.py:208} INFO - Processing /opt/airflow/dags/04_parallel_weather.py took 0.102 seconds
[2026-08-30T14:36:45.532+0000] {processor.py:186} INFO - Started process (PID=1996) to work on /opt/airflow/dags/04_parallel_weather.py
[2026-08-30T14:36:45.535+0000] {processor.py:914} INFO - Processing file /opt/airflow/dags/04_parallel_weather.py for tasks to queue
[2026-08-30T14:36:45.542+0000] {logging_mixin.py:190} INFO - [2026-08-30T14:36:45.541+0000] {dagbag.py:588} INFO - Filling up the DagBag from /opt/airflow/dags/04_parallel_weather.py
[2026-08-30T14:36:45.578+0000] {processor.py:925} INFO - DAG(s) 'parallel_weather_dag' retrieved from /opt/airflow/dags/04_parallel_weather.py
[2026-08-30T14:36:45.621+0000] {logging_mixin.py:190} INFO - [2026-08-30T14:36:45.620+0000] {dag.py:3239} INFO - Sync 1 DAGs
[2026-08-30T14:36:45.646+0000] {logging_mixin.py:190} INFO - [2026-08-30T14:36:45.646+0000] {dag.py:4180} INFO - Setting next_dagrun for parallel_weather_dag to None, run_after=None
[2026-08-30T14:36:45.666+0000] {processor.py:208} INFO - Processing /opt/airflow/dags/04_parallel_weather.py took 0.161 seconds
[2026-08-30T14:37:16.217+0000] {processor.py:186} INFO - Started process (PID=2008) to work on /opt/airflow/dags/04_parallel_weather.py
[2026-08-30T14:37:16.218+0000] {processor.py:914} INFO - Processing file /opt/airflow/dags/04_parallel_weather.py for tasks to queue
[2026-08-30T14:37:16.220+0000] {logging_mixin.py:190} INFO - [2026-08-30T14:37:16.220+0000] {dagbag.py:588} INFO - Filling up the DagBag from /opt/airflow/dags/04_parallel_weather.py
[2026-08-30T14:37:16.244+0000] {processor.py:925} INFO - DAG(s) 'parallel_weather_dag' retrieved from /opt/airflow/dags/04_parallel_weather.py
[2026-08-30T14:37:16.294+0000] {logging_mixin.py:190} INFO - [2026-08-30T14:37:16.293+0000] {dag.py:3239} INFO - Sync 1 DAGs
[2026-08-30T14:37:16.311+0000] {logging_mixin.py:190} INFO - [2026-08-30T14:37:16.310+0000] {dag.py:4180} INFO - Setting next_dagrun for parallel_weather_dag to None, run_after=None
[2026-08-30T14:37:16.338+0000] {processor.py:208} INFO - Processing /opt/airflow/dags/04_parallel_weather.py took 0.136 seconds
[2026-08-30T14:37:46.976+0000] {processor.py:186} INFO - Started process (PID=2020) to work on /opt/airflow/dags/04_parallel_weather.py
[2026-08-30T14:37:46.978+0000] {processor.py:914} INFO - Processing file /opt/airflow/dags/04_parallel_weather.py for tasks to queue
[2026-08-30T14:37:46.981+0000] {logging_mixin.py:190} INFO - [2026-08-30T14:37:46.981+0000] {dagbag.py:588} INFO - Filling up the DagBag from /opt/airflow/dags/04_parallel_weather.py
[2026-08-30T14:37:47.008+0000] {processor.py:925} INFO - DAG(s) 'parallel_weather_dag' retrieved from /opt/airflow/dags/04_parallel_weather.py
[2026-08-30T14:37:47.054+0000] {logging_mixin.py:190} INFO - [2026-08-30T14:37:47.054+0000] {dag.py:3239} INFO - Sync 1 DAGs
[2026-08-30T14:37:47.068+0000] {logging_mixin.py:190} INFO - [2026-08-30T14:37:47.068+0000] {dag.py:4180} INFO - Setting next_dagrun for parallel_weather_dag to None, run_after=None
[2026-08-30T14:37:47.085+0000] {processor.py:208} INFO - Processing /opt/airflow/dags/04_parallel_weather.py took 0.115 seconds
[2026-08-30T14:38:17.615+0000] {processor.py:186} INFO - Started process (PID=2032) to work on /opt/airflow/dags/04_parallel_weather.py
[2026-08-30T14:38:17.619+0000] {processor.py:914} INFO - Processing file /opt/airflow/dags/04_parallel_weather.py for tasks to queue
[2026-08-30T14:38:17.619+0000] {logging_mixin.py:190} INFO - [2026-08-30T14:38:17.619+0000] {dagbag.py:588} INFO - Filling up the DagBag from /opt/airflow/dags/04_parallel_weather.py
[2026-08-30T14:38:17.641+0000] {processor.py:925} INFO - DAG(s) 'parallel_weather_dag' retrieved from /opt/airflow/dags/04_parallel_weather.py
[2026-08-30T14:38:17.678+0000] {logging_mixin.py:190} INFO - [2026-08-30T14:38:17.678+0000] {dag.py:3239} INFO - Sync 1 DAGs
[2026-08-30T14:38:17.692+0000] {logging_mixin.py:190} INFO - [2026-08-30T14:38:17.692+0000] {dag.py:4180} INFO - Setting next_dagrun for parallel_weather_dag to None, run_after=None
[2026-08-30T14:38:17.713+0000] {processor.py:208} INFO - Processing /opt/airflow/dags/04_parallel_weather.py took 0.111 seconds
[2026-08-30T14:38:48.432+0000] {processor.py:186} INFO - Started process (PID=2044) to work on /opt/airflow/dags/04_parallel_weather.py
[2026-08-30T14:38:48.437+0000] {processor.py:914} INFO - Processing file /opt/airflow/dags/04_parallel_weather.py for tasks to queue
[2026-08-30T14:38:48.442+0000] {logging_mixin.py:190} INFO - [2026-08-30T14:38:48.441+0000] {dagbag.py:588} INFO - Filling up the DagBag from /opt/airflow/dags/04_parallel_weather.py
[2026-08-30T14:38:48.477+0000] {processor.py:925} INFO - DAG(s) 'parallel_weather_dag' retrieved from /opt/airflow/dags/04_parallel_weather.py
[2026-08-30T14:38:48.527+0000] {logging_mixin.py:190} INFO - [2026-08-30T14:38:48.526+0000] {dag.py:3239} INFO - Sync 1 DAGs
[2026-08-30T14:38:48.552+0000] {logging_mixin.py:190} INFO - [2026-08-30T14:38:48.552+0000] {dag.py:4180} INFO - Setting next_dagrun for parallel_weather_dag to None, run_after=None
[2026-08-30T14:38:48.567+0000] {processor.py:208} INFO - Processing /opt/airflow/dags/04_parallel_weather.py took 0.148 seconds
[2026-08-30T14:39:18.818+0000] {processor.py:186} INFO - Started process (PID=2056) to work on /opt/airflow/dags/04_parallel_weather.py
[2026-08-30T14:39:18.820+0000] {processor.py:914} INFO - Processing file /opt/airflow/dags/04_parallel_weather.py for tasks to queue
[2026-08-30T14:39:18.822+0000] {logging_mixin.py:190} INFO - [2026-08-30T14:39:18.822+0000] {dagbag.py:588} INFO - Filling up the DagBag from /opt/airflow/dags/04_parallel_weather.py
[2026-08-30T14:39:18.867+0000] {processor.py:925} INFO - DAG(s) 'parallel_weather_dag' retrieved from /opt/airflow/dags/04_parallel_weather.py
[2026-08-30T14:39:18.932+0000] {logging_mixin.py:190} INFO - [2026-08-30T14:39:18.932+0000] {dag.py:3239} INFO - Sync 1 DAGs
[2026-08-30T14:39:18.960+0000] {logging_mixin.py:190} INFO - [2026-08-30T14:39:18.960+0000] {dag.py:4180} INFO - Setting next_dagrun for parallel_weather_dag to None, run_after=None
[2026-08-30T14:39:18.982+0000] {processor.py:208} INFO - Processing /opt/airflow/dags/04_parallel_weather.py took 0.175 seconds
[2026-08-30T14:39:49.737+0000] {processor.py:186} INFO - Started process (PID=2068) to work on /opt/airflow/dags/04_parallel_weather.py
[2026-08-30T14:39:49.740+0000] {processor.py:914} INFO - Processing file /opt/airflow/dags/04_parallel_weather.py for tasks to queue
[2026-08-30T14:39:49.743+0000] {logging_mixin.py:190} INFO - [2026-08-30T14:39:49.742+0000] {dagbag.py:588} INFO - Filling up the DagBag from /opt/airflow/dags/04_parallel_weather.py
[2026-08-30T14:39:49.776+0000] {processor.py:925} INFO - DAG(s) 'parallel_weather_dag' retrieved from /opt/airflow/dags/04_parallel_weather.py
[2026-08-30T14:39:49.824+0000] {logging_mixin.py:190} INFO - [2026-08-30T14:39:49.823+0000] {dag.py:3239} INFO - Sync 1 DAGs
[2026-08-30T14:39:49.841+0000] {logging_mixin.py:190} INFO - [2026-08-30T14:39:49.840+0000] {dag.py:4180} INFO - Setting next_dagrun for parallel_weather_dag to None, run_after=None
[2026-08-30T14:39:49.857+0000] {processor.py:208} INFO - Processing /opt/airflow/dags/04_parallel_weather.py took 0.139 seconds
[2026-08-30T14:40:20.556+0000] {processor.py:186} INFO - Started process (PID=2080) to work on /opt/airflow/dags/04_parallel_weather.py
[2026-08-30T14:40:20.559+0000] {processor.py:914} INFO - Processing file /opt/airflow/dags/04_parallel_weather.py for tasks to queue
[2026-08-30T14:40:20.561+0000] {logging_mixin.py:190} INFO - [2026-08-30T14:40:20.561+0000] {dagbag.py:588} INFO - Filling up the DagBag from /opt/airflow/dags/04_parallel_weather.py
[2026-08-30T14:40:20.590+0000] {processor.py:925} INFO - DAG(s) 'parallel_weather_dag' retrieved from /opt/airflow/dags/04_parallel_weather.py
[2026-08-30T14:40:20.632+0000] {logging_mixin.py:190} INFO - [2026-08-30T14:40:20.632+0000] {dag.py:3239} INFO - Sync 1 DAGs
[2026-08-30T14:40:20.655+0000] {logging_mixin.py:190} INFO - [2026-08-30T14:40:20.655+0000] {dag.py:4180} INFO - Setting next_dagrun for parallel_weather_dag to None, run_after=None
[2026-08-30T14:40:20.678+0000] {processor.py:208} INFO - Processing /opt/airflow/dags/04_parallel_weather.py took 0.143 seconds
[2026-08-30T14:40:51.413+0000] {processor.py:186} INFO - Started process (PID=2092) to work on /opt/airflow/dags/04_parallel_weather.py
[2026-08-30T14:40:51.416+0000] {processor.py:914} INFO - Processing file /opt/airflow/dags/04_parallel_weather.py for tasks to queue
[2026-08-30T14:40:51.419+0000] {logging_mixin.py:190} INFO - [2026-08-30T14:40:51.419+0000] {dagbag.py:588} INFO - Filling up the DagBag from /opt/airflow/dags/04_parallel_weather.py
[2026-08-30T14:40:51.449+0000] {processor.py:925} INFO - DAG(s) 'parallel_weather_dag' retrieved from /opt/airflow/dags/04_parallel_weather.py
[2026-08-30T14:40:51.497+0000] {logging_mixin.py:190} INFO - [2026-08-30T14:40:51.496+0000] {dag.py:3239} INFO - Sync 1 DAGs
[2026-08-30T14:40:51.514+0000] {logging_mixin.py:190} INFO - [2026-08-30T14:40:51.514+0000] {dag.py:4180} INFO - Setting next_dagrun for parallel_weather_dag to None, run_after=None
[2026-08-30T14:40:51.531+0000] {processor.py:208} INFO - Processing /opt/airflow/dags/04_parallel_weather.py took 0.134 seconds
[2026-08-30T14:41:22.229+0000] {processor.py:186} INFO - Started process (PID=2104) to work on /opt/airflow/dags/04_parallel_weather.py
[2026-08-30T14:41:22.232+0000] {processor.py:914} INFO - Processing file /opt/airflow/dags/04_parallel_weather.py for tasks to queue
[2026-08-30T14:41:22.234+0000] {logging_mixin.py:190} INFO - [2026-08-30T14:41:22.233+0000] {dagbag.py:588} INFO - Filling up the DagBag from /opt/airflow/dags/04_parallel_weather.py
[2026-08-30T14:41:22.258+0000] {processor.py:925} INFO - DAG(s) 'parallel_weather_dag' retrieved from /opt/airflow/dags/04_parallel_weather.py
[2026-08-30T14:41:22.307+0000] {logging_mixin.py:190} INFO - [2026-08-30T14:41:22.307+0000] {dag.py:3239} INFO - Sync 1 DAGs
[2026-08-30T14:41:22.335+0000] {logging_mixin.py:190} INFO - [2026-08-30T14:41:22.335+0000] {dag.py:4180} INFO - Setting next_dagrun for parallel_weather_dag to None, run_after=None
[2026-08-30T14:41:22.354+0000] {processor.py:208} INFO - Processing /opt/airflow/dags/04_parallel_weather.py took 0.150 seconds
[2026-08-30T14:41:53.114+0000] {processor.py:186} INFO - Started process (PID=2116) to work on /opt/airflow/dags/04_parallel_weather.py
[2026-08-30T14:41:53.120+0000] {processor.py:914} INFO - Processing file /opt/airflow/dags/04_parallel_weather.py for tasks to queue
[2026-08-30T14:41:53.124+0000] {logging_mixin.py:190} INFO - [2026-08-30T14:41:53.123+0000] {dagbag.py:588} INFO - Filling up the DagBag from /opt/airflow/dags/04_parallel_weather.py
[2026-08-30T14:41:53.150+0000] {processor.py:925} INFO - DAG(s) 'parallel_weather_dag' retrieved from /opt/airflow/dags/04_parallel_weather.py
[2026-08-30T14:41:53.203+0000] {logging_mixin.py:190} INFO - [2026-08-30T14:41:53.202+0000] {dag.py:3239} INFO - Sync 1 DAGs
[2026-08-30T14:41:53.247+0000] {logging_mixin.py:190} INFO - [2026-08-30T14:41:53.247+0000] {dag.py:4180} INFO - Setting next_dagrun for parallel_weather_dag to None, run_after=None
[2026-08-30T14:41:53.269+0000] {processor.py:208} INFO - Processing /opt/airflow/dags/04_parallel_weather.py took 0.166 seconds
[2026-08-30T14:42:24.091+0000] {processor.py:186} INFO - Started process (PID=2129) to work on /opt/airflow/dags/04_parallel_weather.py
[2026-08-30T14:42:24.093+0000] {processor.py:914} INFO - Processing file /opt/airflow/dags/04_parallel_weather.py for tasks to queue
[2026-08-30T14:42:24.094+0000] {logging_mixin.py:190} INFO - [2026-08-30T14:42:24.094+0000] {dagbag.py:588} INFO - Filling up the DagBag from /opt/airflow/dags/04_parallel_weather.py
[2026-08-30T14:42:24.110+0000] {processor.py:925} INFO - DAG(s) 'parallel_weather_dag' retrieved from /opt/airflow/dags/04_parallel_weather.py
[2026-08-30T14:42:24.142+0000] {logging_mixin.py:190} INFO - [2026-08-30T14:42:24.142+0000] {dag.py:3239} INFO - Sync 1 DAGs
[2026-08-30T14:42:24.184+0000] {logging_mixin.py:190} INFO - [2026-08-30T14:42:24.183+0000] {dag.py:4180} INFO - Setting next_dagrun for parallel_weather_dag to None, run_after=None
[2026-08-30T14:42:24.250+0000] {processor.py:208} INFO - Processing /opt/airflow/dags/04_parallel_weather.py took 0.165 seconds
[2026-08-30T14:42:54.374+0000] {processor.py:186} INFO - Started process (PID=2141) to work on /opt/airflow/dags/04_parallel_weather.py
[2026-08-30T14:42:54.376+0000] {processor.py:914} INFO - Processing file /opt/airflow/dags/04_parallel_weather.py for tasks to queue
[2026-08-30T14:42:54.378+0000] {logging_mixin.py:190} INFO - [2026-08-30T14:42:54.377+0000] {dagbag.py:588} INFO - Filling up the DagBag from /opt/airflow/dags/04_parallel_weather.py
[2026-08-30T14:42:54.402+0000] {processor.py:925} INFO - DAG(s) 'parallel_weather_dag' retrieved from /opt/airflow/dags/04_parallel_weather.py
[2026-08-30T14:42:54.450+0000] {logging_mixin.py:190} INFO - [2026-08-30T14:42:54.450+0000] {dag.py:3239} INFO - Sync 1 DAGs
[2026-08-30T14:42:54.473+0000] {logging_mixin.py:190} INFO - [2026-08-30T14:42:54.473+0000] {dag.py:4180} INFO - Setting next_dagrun for parallel_weather_dag to None, run_after=None
[2026-08-30T14:42:54.489+0000] {processor.py:208} INFO - Processing /opt/airflow/dags/04_parallel_weather.py took 0.127 seconds
[2026-08-30T14:43:25.082+0000] {processor.py:186} INFO - Started process (PID=2153) to work on /opt/airflow/dags/04_parallel_weather.py
[2026-08-30T14:43:25.085+0000] {processor.py:914} INFO - Processing file /opt/airflow/dags/04_parallel_weather.py for tasks to queue
[2026-08-30T14:43:25.089+0000] {logging_mixin.py:190} INFO - [2026-08-30T14:43:25.088+0000] {dagbag.py:588} INFO - Filling up the DagBag from /opt/airflow/dags/04_parallel_weather.py
[2026-08-30T14:43:25.112+0000] {processor.py:925} INFO - DAG(s) 'parallel_weather_dag' retrieved from /opt/airflow/dags/04_parallel_weather.py
[2026-08-30T14:43:25.176+0000] {logging_mixin.py:190} INFO - [2026-08-30T14:43:25.176+0000] {dag.py:3239} INFO - Sync 1 DAGs
[2026-08-30T14:43:25.190+0000] {logging_mixin.py:190} INFO - [2026-08-30T14:43:25.190+0000] {dag.py:4180} INFO - Setting next_dagrun for parallel_weather_dag to None, run_after=None
[2026-08-30T14:43:25.205+0000] {processor.py:208} INFO - Processing /opt/airflow/dags/04_parallel_weather.py took 0.139 seconds
[2026-08-30T14:43:55.919+0000] {processor.py:186} INFO - Started process (PID=2165) to work on /opt/airflow/dags/04_parallel_weather.py
[2026-08-30T14:43:55.921+0000] {processor.py:914} INFO - Processing file /opt/airflow/dags/04_parallel_weather.py for tasks to queue
[2026-08-30T14:43:55.923+0000] {logging_mixin.py:190} INFO - [2026-08-30T14:43:55.923+0000] {dagbag.py:588} INFO - Filling up the DagBag from /opt/airflow/dags/04_parallel_weather.py
[2026-08-30T14:43:55.952+0000] {processor.py:925} INFO - DAG(s) 'parallel_weather_dag' retrieved from /opt/airflow/dags/04_parallel_weather.py
[2026-08-30T14:43:56.012+0000] {logging_mixin.py:190} INFO - [2026-08-30T14:43:56.012+0000] {dag.py:3239} INFO - Sync 1 DAGs
[2026-08-30T14:43:56.036+0000] {logging_mixin.py:190} INFO - [2026-08-30T14:43:56.036+0000] {dag.py:4180} INFO - Setting next_dagrun for parallel_weather_dag to None, run_after=None
[2026-08-30T14:43:56.056+0000] {processor.py:208} INFO - Processing /opt/airflow/dags/04_parallel_weather.py took 0.152 seconds
[2026-08-30T14:44:26.783+0000] {processor.py:186} INFO - Started process (PID=2177) to work on /opt/airflow/dags/04_parallel_weather.py
[2026-08-30T14:44:26.784+0000] {processor.py:914} INFO - Processing file /opt/airflow/dags/04_parallel_weather.py for tasks to queue
[2026-08-30T14:44:26.787+0000] {logging_mixin.py:190} INFO - [2026-08-30T14:44:26.786+0000] {dagbag.py:588} INFO - Filling up the DagBag from /opt/airflow/dags/04_parallel_weather.py
[2026-08-30T14:44:26.824+0000] {processor.py:925} INFO - DAG(s) 'parallel_weather_dag' retrieved from /opt/airflow/dags/04_parallel_weather.py
[2026-08-30T14:44:26.870+0000] {logging_mixin.py:190} INFO - [2026-08-30T14:44:26.869+0000] {dag.py:3239} INFO - Sync 1 DAGs
[2026-08-30T14:44:26.890+0000] {logging_mixin.py:190} INFO - [2026-08-30T14:44:26.890+0000] {dag.py:4180} INFO - Setting next_dagrun for parallel_weather_dag to None, run_after=None
[2026-08-30T14:44:26.910+0000] {processor.py:208} INFO - Processing /opt/airflow/dags/04_parallel_weather.py took 0.141 seconds
[2026-08-30T14:44:57.564+0000] {processor.py:186} INFO - Started process (PID=2189) to work on /opt/airflow/dags/04_parallel_weather.py
[2026-08-30T14:44:57.567+0000] {processor.py:914} INFO - Processing file /opt/airflow/dags/04_parallel_weather.py for tasks to queue
[2026-08-30T14:44:57.575+0000] {logging_mixin.py:190} INFO - [2026-08-30T14:44:57.574+0000] {dagbag.py:588} INFO - Filling up the DagBag from /opt/airflow/dags/04_parallel_weather.py
[2026-08-30T14:44:57.602+0000] {processor.py:925} INFO - DAG(s) 'parallel_weather_dag' retrieved from /opt/airflow/dags/04_parallel_weather.py
[2026-08-30T14:44:57.668+0000] {logging_mixin.py:190} INFO - [2026-08-30T14:44:57.668+0000] {dag.py:3239} INFO - Sync 1 DAGs
[2026-08-30T14:44:57.703+0000] {logging_mixin.py:190} INFO - [2026-08-30T14:44:57.703+0000] {dag.py:4180} INFO - Setting next_dagrun for parallel_weather_dag to None, run_after=None
[2026-08-30T14:44:57.733+0000] {processor.py:208} INFO - Processing /opt/airflow/dags/04_parallel_weather.py took 0.184 seconds
[2026-08-30T14:45:28.299+0000] {processor.py:186} INFO - Started process (PID=2207) to work on /opt/airflow/dags/04_parallel_weather.py
[2026-08-30T14:45:28.300+0000] {processor.py:914} INFO - Processing file /opt/airflow/dags/04_parallel_weather.py for tasks to queue
[2026-08-30T14:45:28.303+0000] {logging_mixin.py:190} INFO - [2026-08-30T14:45:28.303+0000] {dagbag.py:588} INFO - Filling up the DagBag from /opt/airflow/dags/04_parallel_weather.py
[2026-08-30T14:45:28.331+0000] {processor.py:925} INFO - DAG(s) 'parallel_weather_dag' retrieved from /opt/airflow/dags/04_parallel_weather.py
[2026-08-30T14:45:28.392+0000] {logging_mixin.py:190} INFO - [2026-08-30T14:45:28.392+0000] {dag.py:3239} INFO - Sync 1 DAGs
[2026-08-30T14:45:28.415+0000] {logging_mixin.py:190} INFO - [2026-08-30T14:45:28.415+0000] {dag.py:4180} INFO - Setting next_dagrun for parallel_weather_dag to None, run_after=None
[2026-08-30T14:45:28.434+0000] {processor.py:208} INFO - Processing /opt/airflow/dags/04_parallel_weather.py took 0.147 seconds
[2026-08-30T14:45:59.086+0000] {processor.py:186} INFO - Started process (PID=2219) to work on /opt/airflow/dags/04_parallel_weather.py
[2026-08-30T14:45:59.088+0000] {processor.py:914} INFO - Processing file /opt/airflow/dags/04_parallel_weather.py for tasks to queue
[2026-08-30T14:45:59.089+0000] {logging_mixin.py:190} INFO - [2026-08-30T14:45:59.089+0000] {dagbag.py:588} INFO - Filling up the DagBag from /opt/airflow/dags/04_parallel_weather.py
[2026-08-30T14:45:59.113+0000] {processor.py:925} INFO - DAG(s) 'parallel_weather_dag' retrieved from /opt/airflow/dags/04_parallel_weather.py
[2026-08-30T14:45:59.155+0000] {logging_mixin.py:190} INFO - [2026-08-30T14:45:59.155+0000] {dag.py:3239} INFO - Sync 1 DAGs
[2026-08-30T14:45:59.178+0000] {logging_mixin.py:190} INFO - [2026-08-30T14:45:59.178+0000] {dag.py:4180} INFO - Setting next_dagrun for parallel_weather_dag to None, run_after=None
[2026-08-30T14:45:59.192+0000] {processor.py:208} INFO - Processing /opt/airflow/dags/04_parallel_weather.py took 0.114 seconds
[2026-08-30T14:46:29.856+0000] {processor.py:186} INFO - Started process (PID=2231) to work on /opt/airflow/dags/04_parallel_weather.py
[2026-08-30T14:46:29.859+0000] {processor.py:914} INFO - Processing file /opt/airflow/dags/04_parallel_weather.py for tasks to queue
[2026-08-30T14:46:29.861+0000] {logging_mixin.py:190} INFO - [2026-08-30T14:46:29.861+0000] {dagbag.py:588} INFO - Filling up the DagBag from /opt/airflow/dags/04_parallel_weather.py
[2026-08-30T14:46:29.890+0000] {processor.py:925} INFO - DAG(s) 'parallel_weather_dag' retrieved from /opt/airflow/dags/04_parallel_weather.py
[2026-08-30T14:46:29.927+0000] {logging_mixin.py:190} INFO - [2026-08-30T14:46:29.926+0000] {dag.py:3239} INFO - Sync 1 DAGs
[2026-08-30T14:46:29.970+0000] {logging_mixin.py:190} INFO - [2026-08-30T14:46:29.969+0000] {dag.py:4180} INFO - Setting next_dagrun for parallel_weather_dag to None, run_after=None
[2026-08-30T14:46:29.995+0000] {processor.py:208} INFO - Processing /opt/airflow/dags/04_parallel_weather.py took 0.150 seconds
[2026-08-30T14:47:00.627+0000] {processor.py:186} INFO - Started process (PID=2243) to work on /opt/airflow/dags/04_parallel_weather.py
[2026-08-30T14:47:00.629+0000] {processor.py:914} INFO - Processing file /opt/airflow/dags/04_parallel_weather.py for tasks to queue
[2026-08-30T14:47:00.630+0000] {logging_mixin.py:190} INFO - [2026-08-30T14:47:00.630+0000] {dagbag.py:588} INFO - Filling up the DagBag from /opt/airflow/dags/04_parallel_weather.py
[2026-08-30T14:47:00.668+0000] {processor.py:925} INFO - DAG(s) 'parallel_weather_dag' retrieved from /opt/airflow/dags/04_parallel_weather.py
[2026-08-30T14:47:00.729+0000] {logging_mixin.py:190} INFO - [2026-08-30T14:47:00.728+0000] {dag.py:3239} INFO - Sync 1 DAGs
[2026-08-30T14:47:00.761+0000] {logging_mixin.py:190} INFO - [2026-08-30T14:47:00.761+0000] {dag.py:4180} INFO - Setting next_dagrun for parallel_weather_dag to None, run_after=None
[2026-08-30T14:47:00.791+0000] {processor.py:208} INFO - Processing /opt/airflow/dags/04_parallel_weather.py took 0.181 seconds
[2026-08-30T14:47:31.478+0000] {processor.py:186} INFO - Started process (PID=2256) to work on /opt/airflow/dags/04_parallel_weather.py
[2026-08-30T14:47:31.480+0000] {processor.py:914} INFO - Processing file /opt/airflow/dags/04_parallel_weather.py for tasks to queue
[2026-08-30T14:47:31.481+0000] {logging_mixin.py:190} INFO - [2026-08-30T14:47:31.481+0000] {dagbag.py:588} INFO - Filling up the DagBag from /opt/airflow/dags/04_parallel_weather.py
[2026-08-30T14:47:31.501+0000] {processor.py:925} INFO - DAG(s) 'parallel_weather_dag' retrieved from /opt/airflow/dags/04_parallel_weather.py
[2026-08-30T14:47:31.539+0000] {logging_mixin.py:190} INFO - [2026-08-30T14:47:31.539+0000] {dag.py:3239} INFO - Sync 1 DAGs
[2026-08-30T14:47:31.556+0000] {logging_mixin.py:190} INFO - [2026-08-30T14:47:31.556+0000] {dag.py:4180} INFO - Setting next_dagrun for parallel_weather_dag to None, run_after=None
[2026-08-30T14:47:31.579+0000] {processor.py:208} INFO - Processing /opt/airflow/dags/04_parallel_weather.py took 0.111 seconds
[2026-08-30T14:48:02.201+0000] {processor.py:186} INFO - Started process (PID=2268) to work on /opt/airflow/dags/04_parallel_weather.py
[2026-08-30T14:48:02.202+0000] {processor.py:914} INFO - Processing file /opt/airflow/dags/04_parallel_weather.py for tasks to queue
[2026-08-30T14:48:02.205+0000] {logging_mixin.py:190} INFO - [2026-08-30T14:48:02.205+0000] {dagbag.py:588} INFO - Filling up the DagBag from /opt/airflow/dags/04_parallel_weather.py
[2026-08-30T14:48:02.236+0000] {processor.py:925} INFO - DAG(s) 'parallel_weather_dag' retrieved from /opt/airflow/dags/04_parallel_weather.py
[2026-08-30T14:48:02.288+0000] {logging_mixin.py:190} INFO - [2026-08-30T14:48:02.288+0000] {dag.py:3239} INFO - Sync 1 DAGs
[2026-08-30T14:48:02.311+0000] {logging_mixin.py:190} INFO - [2026-08-30T14:48:02.311+0000] {dag.py:4180} INFO - Setting next_dagrun for parallel_weather_dag to None, run_after=None
[2026-08-30T14:48:02.331+0000] {processor.py:208} INFO - Processing /opt/airflow/dags/04_parallel_weather.py took 0.145 seconds
[2026-08-30T14:48:33.004+0000] {processor.py:186} INFO - Started process (PID=2280) to work on /opt/airflow/dags/04_parallel_weather.py
[2026-08-30T14:48:33.006+0000] {processor.py:914} INFO - Processing file /opt/airflow/dags/04_parallel_weather.py for tasks to queue
[2026-08-30T14:48:33.008+0000] {logging_mixin.py:190} INFO - [2026-08-30T14:48:33.008+0000] {dagbag.py:588} INFO - Filling up the DagBag from /opt/airflow/dags/04_parallel_weather.py
[2026-08-30T14:48:33.035+0000] {processor.py:925} INFO - DAG(s) 'parallel_weather_dag' retrieved from /opt/airflow/dags/04_parallel_weather.py
[2026-08-30T14:48:33.091+0000] {logging_mixin.py:190} INFO - [2026-08-30T14:48:33.090+0000] {dag.py:3239} INFO - Sync 1 DAGs
[2026-08-30T14:48:33.116+0000] {logging_mixin.py:190} INFO - [2026-08-30T14:48:33.115+0000] {dag.py:4180} INFO - Setting next_dagrun for parallel_weather_dag to None, run_after=None
[2026-08-30T14:48:33.137+0000] {processor.py:208} INFO - Processing /opt/airflow/dags/04_parallel_weather.py took 0.143 seconds
[2026-08-30T14:49:03.734+0000] {processor.py:186} INFO - Started process (PID=2292) to work on /opt/airflow/dags/04_parallel_weather.py
[2026-08-30T14:49:03.736+0000] {processor.py:914} INFO - Processing file /opt/airflow/dags/04_parallel_weather.py for tasks to queue
[2026-08-30T14:49:03.738+0000] {logging_mixin.py:190} INFO - [2026-08-30T14:49:03.737+0000] {dagbag.py:588} INFO - Filling up the DagBag from /opt/airflow/dags/04_parallel_weather.py
[2026-08-30T14:49:03.767+0000] {processor.py:925} INFO - DAG(s) 'parallel_weather_dag' retrieved from /opt/airflow/dags/04_parallel_weather.py
[2026-08-30T14:49:03.825+0000] {logging_mixin.py:190} INFO - [2026-08-30T14:49:03.825+0000] {dag.py:3239} INFO - Sync 1 DAGs
[2026-08-30T14:49:03.843+0000] {logging_mixin.py:190} INFO - [2026-08-30T14:49:03.843+0000] {dag.py:4180} INFO - Setting next_dagrun for parallel_weather_dag to None, run_after=None
[2026-08-30T14:49:03.858+0000] {processor.py:208} INFO - Processing /opt/airflow/dags/04_parallel_weather.py took 0.135 seconds
[2026-08-30T14:49:34.560+0000] {processor.py:186} INFO - Started process (PID=2304) to work on /opt/airflow/dags/04_parallel_weather.py
[2026-08-30T14:49:34.561+0000] {processor.py:914} INFO - Processing file /opt/airflow/dags/04_parallel_weather.py for tasks to queue
[2026-08-30T14:49:34.563+0000] {logging_mixin.py:190} INFO - [2026-08-30T14:49:34.563+0000] {dagbag.py:588} INFO - Filling up the DagBag from /opt/airflow/dags/04_parallel_weather.py
[2026-08-30T14:49:34.580+0000] {processor.py:925} INFO - DAG(s) 'parallel_weather_dag' retrieved from /opt/airflow/dags/04_parallel_weather.py
[2026-08-30T14:49:34.620+0000] {logging_mixin.py:190} INFO - [2026-08-30T14:49:34.620+0000] {dag.py:3239} INFO - Sync 1 DAGs
[2026-08-30T14:49:34.640+0000] {logging_mixin.py:190} INFO - [2026-08-30T14:49:34.640+0000] {dag.py:4180} INFO - Setting next_dagrun for parallel_weather_dag to None, run_after=None
[2026-08-30T14:49:34.656+0000] {processor.py:208} INFO - Processing /opt/airflow/dags/04_parallel_weather.py took 0.106 seconds
[2026-08-30T14:50:05.393+0000] {processor.py:186} INFO - Started process (PID=2316) to work on /opt/airflow/dags/04_parallel_weather.py
[2026-08-30T14:50:05.394+0000] {processor.py:914} INFO - Processing file /opt/airflow/dags/04_parallel_weather.py for tasks to queue
[2026-08-30T14:50:05.396+0000] {logging_mixin.py:190} INFO - [2026-08-30T14:50:05.396+0000] {dagbag.py:588} INFO - Filling up the DagBag from /opt/airflow/dags/04_parallel_weather.py
[2026-08-30T14:50:05.420+0000] {processor.py:925} INFO - DAG(s) 'parallel_weather_dag' retrieved from /opt/airflow/dags/04_parallel_weather.py
[2026-08-30T14:50:05.467+0000] {logging_mixin.py:190} INFO - [2026-08-30T14:50:05.466+0000] {dag.py:3239} INFO - Sync 1 DAGs
[2026-08-30T14:50:05.489+0000] {logging_mixin.py:190} INFO - [2026-08-30T14:50:05.488+0000] {dag.py:4180} INFO - Setting next_dagrun for parallel_weather_dag to None, run_after=None
[2026-08-30T14:50:05.507+0000] {processor.py:208} INFO - Processing /opt/airflow/dags/04_parallel_weather.py took 0.124 seconds
[2026-08-30T14:50:36.202+0000] {processor.py:186} INFO - Started process (PID=2328) to work on /opt/airflow/dags/04_parallel_weather.py
[2026-08-30T14:50:36.205+0000] {processor.py:914} INFO - Processing file /opt/airflow/dags/04_parallel_weather.py for tasks to queue
[2026-08-30T14:50:36.212+0000] {logging_mixin.py:190} INFO - [2026-08-30T14:50:36.207+0000] {dagbag.py:588} INFO - Filling up the DagBag from /opt/airflow/dags/04_parallel_weather.py
[2026-08-30T14:50:36.240+0000] {processor.py:925} INFO - DAG(s) 'parallel_weather_dag' retrieved from /opt/airflow/dags/04_parallel_weather.py
[2026-08-30T14:50:36.280+0000] {logging_mixin.py:190} INFO - [2026-08-30T14:50:36.280+0000] {dag.py:3239} INFO - Sync 1 DAGs
[2026-08-30T14:50:36.295+0000] {logging_mixin.py:190} INFO - [2026-08-30T14:50:36.295+0000] {dag.py:4180} INFO - Setting next_dagrun for parallel_weather_dag to None, run_after=None
[2026-08-30T14:50:36.317+0000] {processor.py:208} INFO - Processing /opt/airflow/dags/04_parallel_weather.py took 0.125 seconds
[2026-08-30T14:51:07.063+0000] {processor.py:186} INFO - Started process (PID=2340) to work on /opt/airflow/dags/04_parallel_weather.py
[2026-08-30T14:51:07.066+0000] {processor.py:914} INFO - Processing file /opt/airflow/dags/04_parallel_weather.py for tasks to queue
[2026-08-30T14:51:07.068+0000] {logging_mixin.py:190} INFO - [2026-08-30T14:51:07.067+0000] {dagbag.py:588} INFO - Filling up the DagBag from /opt/airflow/dags/04_parallel_weather.py
[2026-08-30T14:51:07.098+0000] {processor.py:925} INFO - DAG(s) 'parallel_weather_dag' retrieved from /opt/airflow/dags/04_parallel_weather.py
[2026-08-30T14:51:07.141+0000] {logging_mixin.py:190} INFO - [2026-08-30T14:51:07.141+0000] {dag.py:3239} INFO - Sync 1 DAGs
[2026-08-30T14:51:07.158+0000] {logging_mixin.py:190} INFO - [2026-08-30T14:51:07.158+0000] {dag.py:4180} INFO - Setting next_dagrun for parallel_weather_dag to None, run_after=None
[2026-08-30T14:51:07.177+0000] {processor.py:208} INFO - Processing /opt/airflow/dags/04_parallel_weather.py took 0.133 seconds
[2026-08-30T14:51:37.867+0000] {processor.py:186} INFO - Started process (PID=2352) to work on /opt/airflow/dags/04_parallel_weather.py
[2026-08-30T14:51:37.868+0000] {processor.py:914} INFO - Processing file /opt/airflow/dags/04_parallel_weather.py for tasks to queue
[2026-08-30T14:51:37.876+0000] {logging_mixin.py:190} INFO - [2026-08-30T14:51:37.873+0000] {dagbag.py:588} INFO - Filling up the DagBag from /opt/airflow/dags/04_parallel_weather.py
[2026-08-30T14:51:37.899+0000] {processor.py:925} INFO - DAG(s) 'parallel_weather_dag' retrieved from /opt/airflow/dags/04_parallel_weather.py
[2026-08-30T14:51:37.943+0000] {logging_mixin.py:190} INFO - [2026-08-30T14:51:37.943+0000] {dag.py:3239} INFO - Sync 1 DAGs
[2026-08-30T14:51:37.974+0000] {logging_mixin.py:190} INFO - [2026-08-30T14:51:37.973+0000] {dag.py:4180} INFO - Setting next_dagrun for parallel_weather_dag to None, run_after=None
[2026-08-30T14:51:37.992+0000] {processor.py:208} INFO - Processing /opt/airflow/dags/04_parallel_weather.py took 0.135 seconds
[2026-08-30T14:52:08.630+0000] {processor.py:186} INFO - Started process (PID=2364) to work on /opt/airflow/dags/04_parallel_weather.py
[2026-08-30T14:52:08.634+0000] {processor.py:914} INFO - Processing file /opt/airflow/dags/04_parallel_weather.py for tasks to queue
[2026-08-30T14:52:08.637+0000] {logging_mixin.py:190} INFO - [2026-08-30T14:52:08.637+0000] {dagbag.py:588} INFO - Filling up the DagBag from /opt/airflow/dags/04_parallel_weather.py
[2026-08-30T14:52:08.666+0000] {processor.py:925} INFO - DAG(s) 'parallel_weather_dag' retrieved from /opt/airflow/dags/04_parallel_weather.py
[2026-08-30T14:52:08.721+0000] {logging_mixin.py:190} INFO - [2026-08-30T14:52:08.721+0000] {dag.py:3239} INFO - Sync 1 DAGs
[2026-08-30T14:52:08.740+0000] {logging_mixin.py:190} INFO - [2026-08-30T14:52:08.740+0000] {dag.py:4180} INFO - Setting next_dagrun for parallel_weather_dag to None, run_after=None
[2026-08-30T14:52:08.755+0000] {processor.py:208} INFO - Processing /opt/airflow/dags/04_parallel_weather.py took 0.143 seconds
[2026-08-30T14:52:39.589+0000] {processor.py:186} INFO - Started process (PID=2376) to work on /opt/airflow/dags/04_parallel_weather.py
[2026-08-30T14:52:39.591+0000] {processor.py:914} INFO - Processing file /opt/airflow/dags/04_parallel_weather.py for tasks to queue
[2026-08-30T14:52:39.595+0000] {logging_mixin.py:190} INFO - [2026-08-30T14:52:39.593+0000] {dagbag.py:588} INFO - Filling up the DagBag from /opt/airflow/dags/04_parallel_weather.py
[2026-08-30T14:52:39.620+0000] {processor.py:925} INFO - DAG(s) 'parallel_weather_dag' retrieved from /opt/airflow/dags/04_parallel_weather.py
[2026-08-30T14:52:39.673+0000] {logging_mixin.py:190} INFO - [2026-08-30T14:52:39.672+0000] {dag.py:3239} INFO - Sync 1 DAGs
[2026-08-30T14:52:39.699+0000] {logging_mixin.py:190} INFO - [2026-08-30T14:52:39.698+0000] {dag.py:4180} INFO - Setting next_dagrun for parallel_weather_dag to None, run_after=None
[2026-08-30T14:52:39.727+0000] {processor.py:208} INFO - Processing /opt/airflow/dags/04_parallel_weather.py took 0.150 seconds
[2026-08-30T14:53:10.365+0000] {processor.py:186} INFO - Started process (PID=2388) to work on /opt/airflow/dags/04_parallel_weather.py
[2026-08-30T14:53:10.366+0000] {processor.py:914} INFO - Processing file /opt/airflow/dags/04_parallel_weather.py for tasks to queue
[2026-08-30T14:53:10.369+0000] {logging_mixin.py:190} INFO - [2026-08-30T14:53:10.369+0000] {dagbag.py:588} INFO - Filling up the DagBag from /opt/airflow/dags/04_parallel_weather.py
[2026-08-30T14:53:10.389+0000] {processor.py:925} INFO - DAG(s) 'parallel_weather_dag' retrieved from /opt/airflow/dags/04_parallel_weather.py
[2026-08-30T14:53:10.426+0000] {logging_mixin.py:190} INFO - [2026-08-30T14:53:10.426+0000] {dag.py:3239} INFO - Sync 1 DAGs
[2026-08-30T14:53:10.440+0000] {logging_mixin.py:190} INFO - [2026-08-30T14:53:10.440+0000] {dag.py:4180} INFO - Setting next_dagrun for parallel_weather_dag to None, run_after=None
[2026-08-30T14:53:10.456+0000] {processor.py:208} INFO - Processing /opt/airflow/dags/04_parallel_weather.py took 0.096 seconds
[2026-08-30T14:53:41.117+0000] {processor.py:186} INFO - Started process (PID=2400) to work on /opt/airflow/dags/04_parallel_weather.py
[2026-08-30T14:53:41.119+0000] {processor.py:914} INFO - Processing file /opt/airflow/dags/04_parallel_weather.py for tasks to queue
[2026-08-30T14:53:41.120+0000] {logging_mixin.py:190} INFO - [2026-08-30T14:53:41.120+0000] {dagbag.py:588} INFO - Filling up the DagBag from /opt/airflow/dags/04_parallel_weather.py
[2026-08-30T14:53:41.147+0000] {processor.py:925} INFO - DAG(s) 'parallel_weather_dag' retrieved from /opt/airflow/dags/04_parallel_weather.py
[2026-08-30T14:53:41.185+0000] {logging_mixin.py:190} INFO - [2026-08-30T14:53:41.184+0000] {dag.py:3239} INFO - Sync 1 DAGs
[2026-08-30T14:53:41.197+0000] {logging_mixin.py:190} INFO - [2026-08-30T14:53:41.197+0000] {dag.py:4180} INFO - Setting next_dagrun for parallel_weather_dag to None, run_after=None
[2026-08-30T14:53:41.212+0000] {processor.py:208} INFO - Processing /opt/airflow/dags/04_parallel_weather.py took 0.105 seconds
[2026-08-30T14:54:11.807+0000] {processor.py:186} INFO - Started process (PID=2412) to work on /opt/airflow/dags/04_parallel_weather.py
[2026-08-30T14:54:11.810+0000] {processor.py:914} INFO - Processing file /opt/airflow/dags/04_parallel_weather.py for tasks to queue
[2026-08-30T14:54:11.814+0000] {logging_mixin.py:190} INFO - [2026-08-30T14:54:11.813+0000] {dagbag.py:588} INFO - Filling up the DagBag from /opt/airflow/dags/04_parallel_weather.py
[2026-08-30T14:54:11.831+0000] {processor.py:925} INFO - DAG(s) 'parallel_weather_dag' retrieved from /opt/airflow/dags/04_parallel_weather.py
[2026-08-30T14:54:11.861+0000] {logging_mixin.py:190} INFO - [2026-08-30T14:54:11.860+0000] {dag.py:3239} INFO - Sync 1 DAGs
[2026-08-30T14:54:11.873+0000] {logging_mixin.py:190} INFO - [2026-08-30T14:54:11.873+0000] {dag.py:4180} INFO - Setting next_dagrun for parallel_weather_dag to None, run_after=None
[2026-08-30T14:54:11.889+0000] {processor.py:208} INFO - Processing /opt/airflow/dags/04_parallel_weather.py took 0.088 seconds
[2026-08-30T14:54:42.453+0000] {processor.py:186} INFO - Started process (PID=2425) to work on /opt/airflow/dags/04_parallel_weather.py
[2026-08-30T14:54:42.456+0000] {processor.py:914} INFO - Processing file /opt/airflow/dags/04_parallel_weather.py for tasks to queue
[2026-08-30T14:54:42.457+0000] {logging_mixin.py:190} INFO - [2026-08-30T14:54:42.457+0000] {dagbag.py:588} INFO - Filling up the DagBag from /opt/airflow/dags/04_parallel_weather.py
[2026-08-30T14:54:42.483+0000] {processor.py:925} INFO - DAG(s) 'parallel_weather_dag' retrieved from /opt/airflow/dags/04_parallel_weather.py
[2026-08-30T14:54:42.525+0000] {logging_mixin.py:190} INFO - [2026-08-30T14:54:42.525+0000] {dag.py:3239} INFO - Sync 1 DAGs
[2026-08-30T14:54:42.552+0000] {logging_mixin.py:190} INFO - [2026-08-30T14:54:42.551+0000] {dag.py:4180} INFO - Setting next_dagrun for parallel_weather_dag to None, run_after=None
[2026-08-30T14:54:42.574+0000] {processor.py:208} INFO - Processing /opt/airflow/dags/04_parallel_weather.py took 0.131 seconds
[2026-08-30T14:55:13.208+0000] {processor.py:186} INFO - Started process (PID=2437) to work on /opt/airflow/dags/04_parallel_weather.py
[2026-08-30T14:55:13.211+0000] {processor.py:914} INFO - Processing file /opt/airflow/dags/04_parallel_weather.py for tasks to queue
[2026-08-30T14:55:13.213+0000] {logging_mixin.py:190} INFO - [2026-08-30T14:55:13.212+0000] {dagbag.py:588} INFO - Filling up the DagBag from /opt/airflow/dags/04_parallel_weather.py
[2026-08-30T14:55:13.242+0000] {processor.py:925} INFO - DAG(s) 'parallel_weather_dag' retrieved from /opt/airflow/dags/04_parallel_weather.py
[2026-08-30T14:55:13.293+0000] {logging_mixin.py:190} INFO - [2026-08-30T14:55:13.293+0000] {dag.py:3239} INFO - Sync 1 DAGs
[2026-08-30T14:55:13.310+0000] {logging_mixin.py:190} INFO - [2026-08-30T14:55:13.310+0000] {dag.py:4180} INFO - Setting next_dagrun for parallel_weather_dag to None, run_after=None
[2026-08-30T14:55:13.334+0000] {processor.py:208} INFO - Processing /opt/airflow/dags/04_parallel_weather.py took 0.141 seconds
[2026-08-30T14:55:43.993+0000] {processor.py:186} INFO - Started process (PID=2449) to work on /opt/airflow/dags/04_parallel_weather.py
[2026-08-30T14:55:43.996+0000] {processor.py:914} INFO - Processing file /opt/airflow/dags/04_parallel_weather.py for tasks to queue
[2026-08-30T14:55:43.997+0000] {logging_mixin.py:190} INFO - [2026-08-30T14:55:43.997+0000] {dagbag.py:588} INFO - Filling up the DagBag from /opt/airflow/dags/04_parallel_weather.py
[2026-08-30T14:55:44.020+0000] {processor.py:925} INFO - DAG(s) 'parallel_weather_dag' retrieved from /opt/airflow/dags/04_parallel_weather.py
[2026-08-30T14:55:44.072+0000] {logging_mixin.py:190} INFO - [2026-08-30T14:55:44.072+0000] {dag.py:3239} INFO - Sync 1 DAGs
[2026-08-30T14:55:44.100+0000] {logging_mixin.py:190} INFO - [2026-08-30T14:55:44.100+0000] {dag.py:4180} INFO - Setting next_dagrun for parallel_weather_dag to None, run_after=None
[2026-08-30T14:55:44.120+0000] {processor.py:208} INFO - Processing /opt/airflow/dags/04_parallel_weather.py took 0.142 seconds
[2026-08-30T14:56:14.800+0000] {processor.py:186} INFO - Started process (PID=2461) to work on /opt/airflow/dags/04_parallel_weather.py
[2026-08-30T14:56:14.802+0000] {processor.py:914} INFO - Processing file /opt/airflow/dags/04_parallel_weather.py for tasks to queue
[2026-08-30T14:56:14.805+0000] {logging_mixin.py:190} INFO - [2026-08-30T14:56:14.804+0000] {dagbag.py:588} INFO - Filling up the DagBag from /opt/airflow/dags/04_parallel_weather.py
[2026-08-30T14:56:14.827+0000] {processor.py:925} INFO - DAG(s) 'parallel_weather_dag' retrieved from /opt/airflow/dags/04_parallel_weather.py
[2026-08-30T14:56:14.863+0000] {logging_mixin.py:190} INFO - [2026-08-30T14:56:14.863+0000] {dag.py:3239} INFO - Sync 1 DAGs
[2026-08-30T14:56:14.884+0000] {logging_mixin.py:190} INFO - [2026-08-30T14:56:14.884+0000] {dag.py:4180} INFO - Setting next_dagrun for parallel_weather_dag to None, run_after=None
[2026-08-30T14:56:14.901+0000] {processor.py:208} INFO - Processing /opt/airflow/dags/04_parallel_weather.py took 0.113 seconds
[2026-08-30T14:56:45.648+0000] {processor.py:186} INFO - Started process (PID=2473) to work on /opt/airflow/dags/04_parallel_weather.py
[2026-08-30T14:56:45.651+0000] {processor.py:914} INFO - Processing file /opt/airflow/dags/04_parallel_weather.py for tasks to queue
[2026-08-30T14:56:45.652+0000] {logging_mixin.py:190} INFO - [2026-08-30T14:56:45.652+0000] {dagbag.py:588} INFO - Filling up the DagBag from /opt/airflow/dags/04_parallel_weather.py
[2026-08-30T14:56:45.680+0000] {processor.py:925} INFO - DAG(s) 'parallel_weather_dag' retrieved from /opt/airflow/dags/04_parallel_weather.py
[2026-08-30T14:56:45.714+0000] {logging_mixin.py:190} INFO - [2026-08-30T14:56:45.713+0000] {dag.py:3239} INFO - Sync 1 DAGs
[2026-08-30T14:56:45.733+0000] {logging_mixin.py:190} INFO - [2026-08-30T14:56:45.732+0000] {dag.py:4180} INFO - Setting next_dagrun for parallel_weather_dag to None, run_after=None
[2026-08-30T14:56:45.750+0000] {processor.py:208} INFO - Processing /opt/airflow/dags/04_parallel_weather.py took 0.115 seconds
[2026-08-30T14:57:16.529+0000] {processor.py:186} INFO - Started process (PID=2485) to work on /opt/airflow/dags/04_parallel_weather.py
[2026-08-30T14:57:16.539+0000] {processor.py:914} INFO - Processing file /opt/airflow/dags/04_parallel_weather.py for tasks to queue
[2026-08-30T14:57:16.544+0000] {logging_mixin.py:190} INFO - [2026-08-30T14:57:16.543+0000] {dagbag.py:588} INFO - Filling up the DagBag from /opt/airflow/dags/04_parallel_weather.py
[2026-08-30T14:57:16.576+0000] {processor.py:925} INFO - DAG(s) 'parallel_weather_dag' retrieved from /opt/airflow/dags/04_parallel_weather.py
[2026-08-30T14:57:16.665+0000] {logging_mixin.py:190} INFO - [2026-08-30T14:57:16.665+0000] {dag.py:3239} INFO - Sync 1 DAGs
[2026-08-30T14:57:16.685+0000] {logging_mixin.py:190} INFO - [2026-08-30T14:57:16.685+0000] {dag.py:4180} INFO - Setting next_dagrun for parallel_weather_dag to None, run_after=None
[2026-08-30T14:57:16.706+0000] {processor.py:208} INFO - Processing /opt/airflow/dags/04_parallel_weather.py took 0.206 seconds
[2026-08-30T14:57:47.392+0000] {processor.py:186} INFO - Started process (PID=2497) to work on /opt/airflow/dags/04_parallel_weather.py
[2026-08-30T14:57:47.394+0000] {processor.py:914} INFO - Processing file /opt/airflow/dags/04_parallel_weather.py for tasks to queue
[2026-08-30T14:57:47.396+0000] {logging_mixin.py:190} INFO - [2026-08-30T14:57:47.396+0000] {dagbag.py:588} INFO - Filling up the DagBag from /opt/airflow/dags/04_parallel_weather.py
[2026-08-30T14:57:47.419+0000] {processor.py:925} INFO - DAG(s) 'parallel_weather_dag' retrieved from /opt/airflow/dags/04_parallel_weather.py
[2026-08-30T14:57:47.462+0000] {logging_mixin.py:190} INFO - [2026-08-30T14:57:47.462+0000] {dag.py:3239} INFO - Sync 1 DAGs
[2026-08-30T14:57:47.480+0000] {logging_mixin.py:190} INFO - [2026-08-30T14:57:47.480+0000] {dag.py:4180} INFO - Setting next_dagrun for parallel_weather_dag to None, run_after=None
[2026-08-30T14:57:47.500+0000] {processor.py:208} INFO - Processing /opt/airflow/dags/04_parallel_weather.py took 0.122 seconds
[2026-08-30T14:58:18.212+0000] {processor.py:186} INFO - Started process (PID=2509) to work on /opt/airflow/dags/04_parallel_weather.py
[2026-08-30T14:58:18.215+0000] {processor.py:914} INFO - Processing file /opt/airflow/dags/04_parallel_weather.py for tasks to queue
[2026-08-30T14:58:18.219+0000] {logging_mixin.py:190} INFO - [2026-08-30T14:58:18.218+0000] {dagbag.py:588} INFO - Filling up the DagBag from /opt/airflow/dags/04_parallel_weather.py
[2026-08-30T14:58:18.247+0000] {processor.py:925} INFO - DAG(s) 'parallel_weather_dag' retrieved from /opt/airflow/dags/04_parallel_weather.py
[2026-08-30T14:58:18.294+0000] {logging_mixin.py:190} INFO - [2026-08-30T14:58:18.294+0000] {dag.py:3239} INFO - Sync 1 DAGs
[2026-08-30T14:58:18.317+0000] {logging_mixin.py:190} INFO - [2026-08-30T14:58:18.317+0000] {dag.py:4180} INFO - Setting next_dagrun for parallel_weather_dag to None, run_after=None
[2026-08-30T14:58:18.332+0000] {processor.py:208} INFO - Processing /opt/airflow/dags/04_parallel_weather.py took 0.139 seconds
[2026-08-30T14:58:49.010+0000] {processor.py:186} INFO - Started process (PID=2522) to work on /opt/airflow/dags/04_parallel_weather.py
[2026-08-30T14:58:49.012+0000] {processor.py:914} INFO - Processing file /opt/airflow/dags/04_parallel_weather.py for tasks to queue
[2026-08-30T14:58:49.014+0000] {logging_mixin.py:190} INFO - [2026-08-30T14:58:49.013+0000] {dagbag.py:588} INFO - Filling up the DagBag from /opt/airflow/dags/04_parallel_weather.py
[2026-08-30T14:58:49.066+0000] {processor.py:925} INFO - DAG(s) 'parallel_weather_dag' retrieved from /opt/airflow/dags/04_parallel_weather.py
[2026-08-30T14:58:49.129+0000] {logging_mixin.py:190} INFO - [2026-08-30T14:58:49.128+0000] {dag.py:3239} INFO - Sync 1 DAGs
[2026-08-30T14:58:49.153+0000] {logging_mixin.py:190} INFO - [2026-08-30T14:58:49.153+0000] {dag.py:4180} INFO - Setting next_dagrun for parallel_weather_dag to None, run_after=None
[2026-08-30T14:58:49.181+0000] {processor.py:208} INFO - Processing /opt/airflow/dags/04_parallel_weather.py took 0.195 seconds
[2026-08-30T14:59:19.933+0000] {processor.py:186} INFO - Started process (PID=2534) to work on /opt/airflow/dags/04_parallel_weather.py
[2026-08-30T14:59:19.936+0000] {processor.py:914} INFO - Processing file /opt/airflow/dags/04_parallel_weather.py for tasks to queue
[2026-08-30T14:59:19.938+0000] {logging_mixin.py:190} INFO - [2026-08-30T14:59:19.937+0000] {dagbag.py:588} INFO - Filling up the DagBag from /opt/airflow/dags/04_parallel_weather.py
[2026-08-30T14:59:19.970+0000] {processor.py:925} INFO - DAG(s) 'parallel_weather_dag' retrieved from /opt/airflow/dags/04_parallel_weather.py
[2026-08-30T14:59:20.109+0000] {logging_mixin.py:190} INFO - [2026-08-30T14:59:20.109+0000] {dag.py:3239} INFO - Sync 1 DAGs
[2026-08-30T14:59:20.143+0000] {logging_mixin.py:190} INFO - [2026-08-30T14:59:20.142+0000] {dag.py:4180} INFO - Setting next_dagrun for parallel_weather_dag to None, run_after=None
[2026-08-30T14:59:20.167+0000] {processor.py:208} INFO - Processing /opt/airflow/dags/04_parallel_weather.py took 0.250 seconds
[2026-08-30T14:59:51.127+0000] {processor.py:186} INFO - Started process (PID=2546) to work on /opt/airflow/dags/04_parallel_weather.py
[2026-08-30T14:59:51.129+0000] {processor.py:914} INFO - Processing file /opt/airflow/dags/04_parallel_weather.py for tasks to queue
[2026-08-30T14:59:51.131+0000] {logging_mixin.py:190} INFO - [2026-08-30T14:59:51.131+0000] {dagbag.py:588} INFO - Filling up the DagBag from /opt/airflow/dags/04_parallel_weather.py
[2026-08-30T14:59:51.152+0000] {processor.py:925} INFO - DAG(s) 'parallel_weather_dag' retrieved from /opt/airflow/dags/04_parallel_weather.py
[2026-08-30T14:59:51.189+0000] {logging_mixin.py:190} INFO - [2026-08-30T14:59:51.189+0000] {dag.py:3239} INFO - Sync 1 DAGs
[2026-08-30T14:59:51.202+0000] {logging_mixin.py:190} INFO - [2026-08-30T14:59:51.202+0000] {dag.py:4180} INFO - Setting next_dagrun for parallel_weather_dag to None, run_after=None
[2026-08-30T14:59:51.216+0000] {processor.py:208} INFO - Processing /opt/airflow/dags/04_parallel_weather.py took 0.102 seconds
[2026-08-30T15:00:21.847+0000] {processor.py:186} INFO - Started process (PID=2558) to work on /opt/airflow/dags/04_parallel_weather.py
[2026-08-30T15:00:21.850+0000] {processor.py:914} INFO - Processing file /opt/airflow/dags/04_parallel_weather.py for tasks to queue
[2026-08-30T15:00:21.853+0000] {logging_mixin.py:190} INFO - [2026-08-30T15:00:21.853+0000] {dagbag.py:588} INFO - Filling up the DagBag from /opt/airflow/dags/04_parallel_weather.py
[2026-08-30T15:00:21.876+0000] {processor.py:925} INFO - DAG(s) 'parallel_weather_dag' retrieved from /opt/airflow/dags/04_parallel_weather.py
[2026-08-30T15:00:21.905+0000] {logging_mixin.py:190} INFO - [2026-08-30T15:00:21.904+0000] {dag.py:3239} INFO - Sync 1 DAGs
[2026-08-30T15:00:21.921+0000] {logging_mixin.py:190} INFO - [2026-08-30T15:00:21.920+0000] {dag.py:4180} INFO - Setting next_dagrun for parallel_weather_dag to None, run_after=None
[2026-08-30T15:00:21.935+0000] {processor.py:208} INFO - Processing /opt/airflow/dags/04_parallel_weather.py took 0.100 seconds
[2026-08-30T15:00:52.589+0000] {processor.py:186} INFO - Started process (PID=2570) to work on /opt/airflow/dags/04_parallel_weather.py
[2026-08-30T15:00:52.591+0000] {processor.py:914} INFO - Processing file /opt/airflow/dags/04_parallel_weather.py for tasks to queue
[2026-08-30T15:00:52.598+0000] {logging_mixin.py:190} INFO - [2026-08-30T15:00:52.598+0000] {dagbag.py:588} INFO - Filling up the DagBag from /opt/airflow/dags/04_parallel_weather.py
[2026-08-30T15:00:52.628+0000] {processor.py:925} INFO - DAG(s) 'parallel_weather_dag' retrieved from /opt/airflow/dags/04_parallel_weather.py
[2026-08-30T15:00:52.673+0000] {logging_mixin.py:190} INFO - [2026-08-30T15:00:52.673+0000] {dag.py:3239} INFO - Sync 1 DAGs
[2026-08-30T15:00:52.690+0000] {logging_mixin.py:190} INFO - [2026-08-30T15:00:52.690+0000] {dag.py:4180} INFO - Setting next_dagrun for parallel_weather_dag to None, run_after=None
[2026-08-30T15:00:52.717+0000] {processor.py:208} INFO - Processing /opt/airflow/dags/04_parallel_weather.py took 0.139 seconds
[2026-08-30T15:01:23.438+0000] {processor.py:186} INFO - Started process (PID=2582) to work on /opt/airflow/dags/04_parallel_weather.py
[2026-08-30T15:01:23.440+0000] {processor.py:914} INFO - Processing file /opt/airflow/dags/04_parallel_weather.py for tasks to queue
[2026-08-30T15:01:23.443+0000] {logging_mixin.py:190} INFO - [2026-08-30T15:01:23.443+0000] {dagbag.py:588} INFO - Filling up the DagBag from /opt/airflow/dags/04_parallel_weather.py
[2026-08-30T15:01:23.465+0000] {processor.py:925} INFO - DAG(s) 'parallel_weather_dag' retrieved from /opt/airflow/dags/04_parallel_weather.py
[2026-08-30T15:01:23.517+0000] {logging_mixin.py:190} INFO - [2026-08-30T15:01:23.517+0000] {dag.py:3239} INFO - Sync 1 DAGs
[2026-08-30T15:01:23.540+0000] {logging_mixin.py:190} INFO - [2026-08-30T15:01:23.540+0000] {dag.py:4180} INFO - Setting next_dagrun for parallel_weather_dag to None, run_after=None
[2026-08-30T15:01:23.559+0000] {processor.py:208} INFO - Processing /opt/airflow/dags/04_parallel_weather.py took 0.131 seconds
[2026-08-30T15:01:54.190+0000] {processor.py:186} INFO - Started process (PID=2594) to work on /opt/airflow/dags/04_parallel_weather.py
[2026-08-30T15:01:54.193+0000] {processor.py:914} INFO - Processing file /opt/airflow/dags/04_parallel_weather.py for tasks to queue
[2026-08-30T15:01:54.197+0000] {logging_mixin.py:190} INFO - [2026-08-30T15:01:54.197+0000] {dagbag.py:588} INFO - Filling up the DagBag from /opt/airflow/dags/04_parallel_weather.py
[2026-08-30T15:01:54.228+0000] {processor.py:925} INFO - DAG(s) 'parallel_weather_dag' retrieved from /opt/airflow/dags/04_parallel_weather.py
[2026-08-30T15:01:54.275+0000] {logging_mixin.py:190} INFO - [2026-08-30T15:01:54.275+0000] {dag.py:3239} INFO - Sync 1 DAGs
[2026-08-30T15:01:54.298+0000] {logging_mixin.py:190} INFO - [2026-08-30T15:01:54.298+0000] {dag.py:4180} INFO - Setting next_dagrun for parallel_weather_dag to None, run_after=None
[2026-08-30T15:01:54.321+0000] {processor.py:208} INFO - Processing /opt/airflow/dags/04_parallel_weather.py took 0.148 seconds
[2026-08-30T15:02:25.124+0000] {processor.py:186} INFO - Started process (PID=2606) to work on /opt/airflow/dags/04_parallel_weather.py
[2026-08-30T15:02:25.127+0000] {processor.py:914} INFO - Processing file /opt/airflow/dags/04_parallel_weather.py for tasks to queue
[2026-08-30T15:02:25.128+0000] {logging_mixin.py:190} INFO - [2026-08-30T15:02:25.128+0000] {dagbag.py:588} INFO - Filling up the DagBag from /opt/airflow/dags/04_parallel_weather.py
[2026-08-30T15:02:25.150+0000] {processor.py:925} INFO - DAG(s) 'parallel_weather_dag' retrieved from /opt/airflow/dags/04_parallel_weather.py
[2026-08-30T15:02:25.189+0000] {logging_mixin.py:190} INFO - [2026-08-30T15:02:25.189+0000] {dag.py:3239} INFO - Sync 1 DAGs
[2026-08-30T15:02:25.206+0000] {logging_mixin.py:190} INFO - [2026-08-30T15:02:25.206+0000] {dag.py:4180} INFO - Setting next_dagrun for parallel_weather_dag to None, run_after=None
[2026-08-30T15:02:25.229+0000] {processor.py:208} INFO - Processing /opt/airflow/dags/04_parallel_weather.py took 0.119 seconds
[2026-08-30T15:02:55.852+0000] {processor.py:186} INFO - Started process (PID=2618) to work on /opt/airflow/dags/04_parallel_weather.py
[2026-08-30T15:02:55.855+0000] {processor.py:914} INFO - Processing file /opt/airflow/dags/04_parallel_weather.py for tasks to queue
[2026-08-30T15:02:55.857+0000] {logging_mixin.py:190} INFO - [2026-08-30T15:02:55.856+0000] {dagbag.py:588} INFO - Filling up the DagBag from /opt/airflow/dags/04_parallel_weather.py
[2026-08-30T15:02:55.882+0000] {processor.py:925} INFO - DAG(s) 'parallel_weather_dag' retrieved from /opt/airflow/dags/04_parallel_weather.py
[2026-08-30T15:02:55.924+0000] {logging_mixin.py:190} INFO - [2026-08-30T15:02:55.923+0000] {dag.py:3239} INFO - Sync 1 DAGs
[2026-08-30T15:02:55.946+0000] {logging_mixin.py:190} INFO - [2026-08-30T15:02:55.946+0000] {dag.py:4180} INFO - Setting next_dagrun for parallel_weather_dag to None, run_after=None
[2026-08-30T15:02:55.965+0000] {processor.py:208} INFO - Processing /opt/airflow/dags/04_parallel_weather.py took 0.125 seconds
[2026-08-30T15:03:26.576+0000] {processor.py:186} INFO - Started process (PID=2630) to work on /opt/airflow/dags/04_parallel_weather.py
[2026-08-30T15:03:26.578+0000] {processor.py:914} INFO - Processing file /opt/airflow/dags/04_parallel_weather.py for tasks to queue
[2026-08-30T15:03:26.585+0000] {logging_mixin.py:190} INFO - [2026-08-30T15:03:26.584+0000] {dagbag.py:588} INFO - Filling up the DagBag from /opt/airflow/dags/04_parallel_weather.py
[2026-08-30T15:03:26.619+0000] {processor.py:925} INFO - DAG(s) 'parallel_weather_dag' retrieved from /opt/airflow/dags/04_parallel_weather.py
[2026-08-30T15:03:26.678+0000] {logging_mixin.py:190} INFO - [2026-08-30T15:03:26.678+0000] {dag.py:3239} INFO - Sync 1 DAGs
[2026-08-30T15:03:26.721+0000] {logging_mixin.py:190} INFO - [2026-08-30T15:03:26.721+0000] {dag.py:4180} INFO - Setting next_dagrun for parallel_weather_dag to None, run_after=None
[2026-08-30T15:03:26.748+0000] {processor.py:208} INFO - Processing /opt/airflow/dags/04_parallel_weather.py took 0.180 seconds
[2026-08-30T15:03:57.373+0000] {processor.py:186} INFO - Started process (PID=2642) to work on /opt/airflow/dags/04_parallel_weather.py
[2026-08-30T15:03:57.375+0000] {processor.py:914} INFO - Processing file /opt/airflow/dags/04_parallel_weather.py for tasks to queue
[2026-08-30T15:03:57.377+0000] {logging_mixin.py:190} INFO - [2026-08-30T15:03:57.376+0000] {dagbag.py:588} INFO - Filling up the DagBag from /opt/airflow/dags/04_parallel_weather.py
[2026-08-30T15:03:57.408+0000] {processor.py:925} INFO - DAG(s) 'parallel_weather_dag' retrieved from /opt/airflow/dags/04_parallel_weather.py
[2026-08-30T15:03:57.456+0000] {logging_mixin.py:190} INFO - [2026-08-30T15:03:57.456+0000] {dag.py:3239} INFO - Sync 1 DAGs
[2026-08-30T15:03:57.487+0000] {logging_mixin.py:190} INFO - [2026-08-30T15:03:57.486+0000] {dag.py:4180} INFO - Setting next_dagrun for parallel_weather_dag to None, run_after=None
[2026-08-30T15:03:57.511+0000] {processor.py:208} INFO - Processing /opt/airflow/dags/04_parallel_weather.py took 0.149 seconds
[2026-08-30T15:04:28.140+0000] {processor.py:186} INFO - Started process (PID=2654) to work on /opt/airflow/dags/04_parallel_weather.py
[2026-08-30T15:04:28.141+0000] {processor.py:914} INFO - Processing file /opt/airflow/dags/04_parallel_weather.py for tasks to queue
[2026-08-30T15:04:28.143+0000] {logging_mixin.py:190} INFO - [2026-08-30T15:04:28.142+0000] {dagbag.py:588} INFO - Filling up the DagBag from /opt/airflow/dags/04_parallel_weather.py
[2026-08-30T15:04:28.174+0000] {processor.py:925} INFO - DAG(s) 'parallel_weather_dag' retrieved from /opt/airflow/dags/04_parallel_weather.py
[2026-08-30T15:04:28.220+0000] {logging_mixin.py:190} INFO - [2026-08-30T15:04:28.219+0000] {dag.py:3239} INFO - Sync 1 DAGs
[2026-08-30T15:04:28.251+0000] {logging_mixin.py:190} INFO - [2026-08-30T15:04:28.251+0000] {dag.py:4180} INFO - Setting next_dagrun for parallel_weather_dag to None, run_after=None
[2026-08-30T15:04:28.270+0000] {processor.py:208} INFO - Processing /opt/airflow/dags/04_parallel_weather.py took 0.142 seconds
[2026-08-30T15:04:59.030+0000] {processor.py:186} INFO - Started process (PID=2666) to work on /opt/airflow/dags/04_parallel_weather.py
[2026-08-30T15:04:59.032+0000] {processor.py:914} INFO - Processing file /opt/airflow/dags/04_parallel_weather.py for tasks to queue
[2026-08-30T15:04:59.033+0000] {logging_mixin.py:190} INFO - [2026-08-30T15:04:59.033+0000] {dagbag.py:588} INFO - Filling up the DagBag from /opt/airflow/dags/04_parallel_weather.py
[2026-08-30T15:04:59.066+0000] {processor.py:925} INFO - DAG(s) 'parallel_weather_dag' retrieved from /opt/airflow/dags/04_parallel_weather.py
[2026-08-30T15:04:59.125+0000] {logging_mixin.py:190} INFO - [2026-08-30T15:04:59.125+0000] {dag.py:3239} INFO - Sync 1 DAGs
[2026-08-30T15:04:59.153+0000] {logging_mixin.py:190} INFO - [2026-08-30T15:04:59.153+0000] {dag.py:4180} INFO - Setting next_dagrun for parallel_weather_dag to None, run_after=None
[2026-08-30T15:04:59.174+0000] {processor.py:208} INFO - Processing /opt/airflow/dags/04_parallel_weather.py took 0.160 seconds
[2026-08-30T15:05:29.867+0000] {processor.py:186} INFO - Started process (PID=2678) to work on /opt/airflow/dags/04_parallel_weather.py
[2026-08-30T15:05:29.870+0000] {processor.py:914} INFO - Processing file /opt/airflow/dags/04_parallel_weather.py for tasks to queue
[2026-08-30T15:05:29.872+0000] {logging_mixin.py:190} INFO - [2026-08-30T15:05:29.872+0000] {dagbag.py:588} INFO - Filling up the DagBag from /opt/airflow/dags/04_parallel_weather.py
[2026-08-30T15:05:29.905+0000] {processor.py:925} INFO - DAG(s) 'parallel_weather_dag' retrieved from /opt/airflow/dags/04_parallel_weather.py
[2026-08-30T15:05:29.955+0000] {logging_mixin.py:190} INFO - [2026-08-30T15:05:29.955+0000] {dag.py:3239} INFO - Sync 1 DAGs
[2026-08-30T15:05:29.980+0000] {logging_mixin.py:190} INFO - [2026-08-30T15:05:29.980+0000] {dag.py:4180} INFO - Setting next_dagrun for parallel_weather_dag to None, run_after=None
[2026-08-30T15:05:30.001+0000] {processor.py:208} INFO - Processing /opt/airflow/dags/04_parallel_weather.py took 0.160 seconds
[2026-08-30T15:06:00.712+0000] {processor.py:186} INFO - Started process (PID=2690) to work on /opt/airflow/dags/04_parallel_weather.py
[2026-08-30T15:06:00.716+0000] {processor.py:914} INFO - Processing file /opt/airflow/dags/04_parallel_weather.py for tasks to queue
[2026-08-30T15:06:00.721+0000] {logging_mixin.py:190} INFO - [2026-08-30T15:06:00.720+0000] {dagbag.py:588} INFO - Filling up the DagBag from /opt/airflow/dags/04_parallel_weather.py
[2026-08-30T15:06:00.753+0000] {processor.py:925} INFO - DAG(s) 'parallel_weather_dag' retrieved from /opt/airflow/dags/04_parallel_weather.py
[2026-08-30T15:06:00.789+0000] {logging_mixin.py:190} INFO - [2026-08-30T15:06:00.789+0000] {dag.py:3239} INFO - Sync 1 DAGs
[2026-08-30T15:06:00.806+0000] {logging_mixin.py:190} INFO - [2026-08-30T15:06:00.805+0000] {dag.py:4180} INFO - Setting next_dagrun for parallel_weather_dag to None, run_after=None
[2026-08-30T15:06:00.823+0000] {processor.py:208} INFO - Processing /opt/airflow/dags/04_parallel_weather.py took 0.126 seconds
[2026-08-30T15:06:31.618+0000] {processor.py:186} INFO - Started process (PID=2702) to work on /opt/airflow/dags/04_parallel_weather.py
[2026-08-30T15:06:31.620+0000] {processor.py:914} INFO - Processing file /opt/airflow/dags/04_parallel_weather.py for tasks to queue
[2026-08-30T15:06:31.622+0000] {logging_mixin.py:190} INFO - [2026-08-30T15:06:31.622+0000] {dagbag.py:588} INFO - Filling up the DagBag from /opt/airflow/dags/04_parallel_weather.py
[2026-08-30T15:06:31.647+0000] {processor.py:925} INFO - DAG(s) 'parallel_weather_dag' retrieved from /opt/airflow/dags/04_parallel_weather.py
[2026-08-30T15:06:31.698+0000] {logging_mixin.py:190} INFO - [2026-08-30T15:06:31.698+0000] {dag.py:3239} INFO - Sync 1 DAGs
[2026-08-30T15:06:31.720+0000] {logging_mixin.py:190} INFO - [2026-08-30T15:06:31.720+0000] {dag.py:4180} INFO - Setting next_dagrun for parallel_weather_dag to None, run_after=None
[2026-08-30T15:06:31.739+0000] {processor.py:208} INFO - Processing /opt/airflow/dags/04_parallel_weather.py took 0.134 seconds
[2026-08-30T15:07:02.473+0000] {processor.py:186} INFO - Started process (PID=2720) to work on /opt/airflow/dags/04_parallel_weather.py
[2026-08-30T15:07:02.474+0000] {processor.py:914} INFO - Processing file /opt/airflow/dags/04_parallel_weather.py for tasks to queue
[2026-08-30T15:07:02.477+0000] {logging_mixin.py:190} INFO - [2026-08-30T15:07:02.477+0000] {dagbag.py:588} INFO - Filling up the DagBag from /opt/airflow/dags/04_parallel_weather.py
[2026-08-30T15:07:02.500+0000] {processor.py:925} INFO - DAG(s) 'parallel_weather_dag' retrieved from /opt/airflow/dags/04_parallel_weather.py
[2026-08-30T15:07:02.537+0000] {logging_mixin.py:190} INFO - [2026-08-30T15:07:02.537+0000] {dag.py:3239} INFO - Sync 1 DAGs
[2026-08-30T15:07:02.555+0000] {logging_mixin.py:190} INFO - [2026-08-30T15:07:02.555+0000] {dag.py:4180} INFO - Setting next_dagrun for parallel_weather_dag to None, run_after=None
[2026-08-30T15:07:02.571+0000] {processor.py:208} INFO - Processing /opt/airflow/dags/04_parallel_weather.py took 0.103 seconds
[2026-08-30T15:07:33.342+0000] {processor.py:186} INFO - Started process (PID=2732) to work on /opt/airflow/dags/04_parallel_weather.py
[2026-08-30T15:07:33.344+0000] {processor.py:914} INFO - Processing file /opt/airflow/dags/04_parallel_weather.py for tasks to queue
[2026-08-30T15:07:33.346+0000] {logging_mixin.py:190} INFO - [2026-08-30T15:07:33.345+0000] {dagbag.py:588} INFO - Filling up the DagBag from /opt/airflow/dags/04_parallel_weather.py
[2026-08-30T15:07:33.382+0000] {processor.py:925} INFO - DAG(s) 'parallel_weather_dag' retrieved from /opt/airflow/dags/04_parallel_weather.py
[2026-08-30T15:07:33.450+0000] {logging_mixin.py:190} INFO - [2026-08-30T15:07:33.450+0000] {dag.py:3239} INFO - Sync 1 DAGs
[2026-08-30T15:07:33.473+0000] {logging_mixin.py:190} INFO - [2026-08-30T15:07:33.473+0000] {dag.py:4180} INFO - Setting next_dagrun for parallel_weather_dag to None, run_after=None
[2026-08-30T15:07:33.495+0000] {processor.py:208} INFO - Processing /opt/airflow/dags/04_parallel_weather.py took 0.166 seconds
[2026-08-30T15:08:04.190+0000] {processor.py:186} INFO - Started process (PID=2744) to work on /opt/airflow/dags/04_parallel_weather.py
[2026-08-30T15:08:04.192+0000] {processor.py:914} INFO - Processing file /opt/airflow/dags/04_parallel_weather.py for tasks to queue
[2026-08-30T15:08:04.193+0000] {logging_mixin.py:190} INFO - [2026-08-30T15:08:04.193+0000] {dagbag.py:588} INFO - Filling up the DagBag from /opt/airflow/dags/04_parallel_weather.py
[2026-08-30T15:08:04.224+0000] {processor.py:925} INFO - DAG(s) 'parallel_weather_dag' retrieved from /opt/airflow/dags/04_parallel_weather.py
[2026-08-30T15:08:04.284+0000] {logging_mixin.py:190} INFO - [2026-08-30T15:08:04.283+0000] {dag.py:3239} INFO - Sync 1 DAGs
[2026-08-30T15:08:04.305+0000] {logging_mixin.py:190} INFO - [2026-08-30T15:08:04.305+0000] {dag.py:4180} INFO - Setting next_dagrun for parallel_weather_dag to None, run_after=None
[2026-08-30T15:08:04.324+0000] {processor.py:208} INFO - Processing /opt/airflow/dags/04_parallel_weather.py took 0.150 seconds
[2026-08-30T15:10:41.699+0000] {processor.py:186} INFO - Started process (PID=91) to work on /opt/airflow/dags/04_parallel_weather.py
[2026-08-30T15:10:41.701+0000] {processor.py:914} INFO - Processing file /opt/airflow/dags/04_parallel_weather.py for tasks to queue
[2026-08-30T15:10:41.703+0000] {logging_mixin.py:190} INFO - [2026-08-30T15:10:41.703+0000] {dagbag.py:588} INFO - Filling up the DagBag from /opt/airflow/dags/04_parallel_weather.py
[2026-08-30T15:10:41.719+0000] {processor.py:925} INFO - DAG(s) 'parallel_weather_dag' retrieved from /opt/airflow/dags/04_parallel_weather.py
[2026-08-30T15:10:41.751+0000] {logging_mixin.py:190} INFO - [2026-08-30T15:10:41.751+0000] {dag.py:3239} INFO - Sync 1 DAGs
[2026-08-30T15:10:41.768+0000] {logging_mixin.py:190} INFO - [2026-08-30T15:10:41.768+0000] {dag.py:4180} INFO - Setting next_dagrun for parallel_weather_dag to None, run_after=None
[2026-08-30T15:10:41.787+0000] {processor.py:208} INFO - Processing /opt/airflow/dags/04_parallel_weather.py took 0.100 seconds
[2026-08-30T15:11:12.857+0000] {processor.py:186} INFO - Started process (PID=103) to work on /opt/airflow/dags/04_parallel_weather.py
[2026-08-30T15:11:12.858+0000] {processor.py:914} INFO - Processing file /opt/airflow/dags/04_parallel_weather.py for tasks to queue
[2026-08-30T15:11:12.859+0000] {logging_mixin.py:190} INFO - [2026-08-30T15:11:12.859+0000] {dagbag.py:588} INFO - Filling up the DagBag from /opt/airflow/dags/04_parallel_weather.py
[2026-08-30T15:11:12.865+0000] {processor.py:925} INFO - DAG(s) 'parallel_weather_dag' retrieved from /opt/airflow/dags/04_parallel_weather.py
[2026-08-30T15:11:12.880+0000] {logging_mixin.py:190} INFO - [2026-08-30T15:11:12.880+0000] {dag.py:3239} INFO - Sync 1 DAGs
[2026-08-30T15:11:12.886+0000] {logging_mixin.py:190} INFO - [2026-08-30T15:11:12.886+0000] {dag.py:4180} INFO - Setting next_dagrun for parallel_weather_dag to None, run_after=None
[2026-08-30T15:11:12.893+0000] {processor.py:208} INFO - Processing /opt/airflow/dags/04_parallel_weather.py took 0.040 seconds
[2026-08-30T15:11:43.628+0000] {processor.py:186} INFO - Started process (PID=115) to work on /opt/airflow/dags/04_parallel_weather.py
[2026-08-30T15:11:43.629+0000] {processor.py:914} INFO - Processing file /opt/airflow/dags/04_parallel_weather.py for tasks to queue
[2026-08-30T15:11:43.631+0000] {logging_mixin.py:190} INFO - [2026-08-30T15:11:43.631+0000] {dagbag.py:588} INFO - Filling up the DagBag from /opt/airflow/dags/04_parallel_weather.py
[2026-08-30T15:11:43.637+0000] {processor.py:925} INFO - DAG(s) 'parallel_weather_dag' retrieved from /opt/airflow/dags/04_parallel_weather.py
[2026-08-30T15:11:43.659+0000] {logging_mixin.py:190} INFO - [2026-08-30T15:11:43.659+0000] {dag.py:3239} INFO - Sync 1 DAGs
[2026-08-30T15:11:43.666+0000] {logging_mixin.py:190} INFO - [2026-08-30T15:11:43.665+0000] {dag.py:4180} INFO - Setting next_dagrun for parallel_weather_dag to None, run_after=None
[2026-08-30T15:11:43.673+0000] {processor.py:208} INFO - Processing /opt/airflow/dags/04_parallel_weather.py took 0.049 seconds
[2026-08-30T15:12:14.563+0000] {processor.py:186} INFO - Started process (PID=127) to work on /opt/airflow/dags/04_parallel_weather.py
[2026-08-30T15:12:14.564+0000] {processor.py:914} INFO - Processing file /opt/airflow/dags/04_parallel_weather.py for tasks to queue
[2026-08-30T15:12:14.565+0000] {logging_mixin.py:190} INFO - [2026-08-30T15:12:14.565+0000] {dagbag.py:588} INFO - Filling up the DagBag from /opt/airflow/dags/04_parallel_weather.py
[2026-08-30T15:12:14.572+0000] {processor.py:925} INFO - DAG(s) 'parallel_weather_dag' retrieved from /opt/airflow/dags/04_parallel_weather.py
[2026-08-30T15:12:14.590+0000] {logging_mixin.py:190} INFO - [2026-08-30T15:12:14.590+0000] {dag.py:3239} INFO - Sync 1 DAGs
[2026-08-30T15:12:14.596+0000] {logging_mixin.py:190} INFO - [2026-08-30T15:12:14.596+0000] {dag.py:4180} INFO - Setting next_dagrun for parallel_weather_dag to None, run_after=None
[2026-08-30T15:12:14.603+0000] {processor.py:208} INFO - Processing /opt/airflow/dags/04_parallel_weather.py took 0.052 seconds
[2026-08-30T15:14:24.564+0000] {processor.py:186} INFO - Started process (PID=90) to work on /opt/airflow/dags/04_parallel_weather.py
[2026-08-30T15:14:24.565+0000] {processor.py:914} INFO - Processing file /opt/airflow/dags/04_parallel_weather.py for tasks to queue
[2026-08-30T15:14:24.572+0000] {logging_mixin.py:190} INFO - [2026-08-30T15:14:24.569+0000] {dagbag.py:588} INFO - Filling up the DagBag from /opt/airflow/dags/04_parallel_weather.py
[2026-08-30T15:14:24.596+0000] {processor.py:925} INFO - DAG(s) 'parallel_weather_dag' retrieved from /opt/airflow/dags/04_parallel_weather.py
[2026-08-30T15:14:24.648+0000] {logging_mixin.py:190} INFO - [2026-08-30T15:14:24.647+0000] {dag.py:3239} INFO - Sync 1 DAGs
[2026-08-30T15:14:24.677+0000] {logging_mixin.py:190} INFO - [2026-08-30T15:14:24.677+0000] {dag.py:4180} INFO - Setting next_dagrun for parallel_weather_dag to None, run_after=None
[2026-08-30T15:14:24.708+0000] {processor.py:208} INFO - Processing /opt/airflow/dags/04_parallel_weather.py took 0.154 seconds
[2026-08-30T15:14:55.599+0000] {processor.py:186} INFO - Started process (PID=102) to work on /opt/airflow/dags/04_parallel_weather.py
[2026-08-30T15:14:55.600+0000] {processor.py:914} INFO - Processing file /opt/airflow/dags/04_parallel_weather.py for tasks to queue
[2026-08-30T15:14:55.601+0000] {logging_mixin.py:190} INFO - [2026-08-30T15:14:55.601+0000] {dagbag.py:588} INFO - Filling up the DagBag from /opt/airflow/dags/04_parallel_weather.py
[2026-08-30T15:14:55.610+0000] {processor.py:925} INFO - DAG(s) 'parallel_weather_dag' retrieved from /opt/airflow/dags/04_parallel_weather.py
[2026-08-30T15:14:55.626+0000] {logging_mixin.py:190} INFO - [2026-08-30T15:14:55.626+0000] {dag.py:3239} INFO - Sync 1 DAGs
[2026-08-30T15:14:55.633+0000] {logging_mixin.py:190} INFO - [2026-08-30T15:14:55.633+0000] {dag.py:4180} INFO - Setting next_dagrun for parallel_weather_dag to None, run_after=None
[2026-08-30T15:14:55.642+0000] {processor.py:208} INFO - Processing /opt/airflow/dags/04_parallel_weather.py took 0.046 seconds
[2026-08-30T15:15:26.286+0000] {processor.py:186} INFO - Started process (PID=114) to work on /opt/airflow/dags/04_parallel_weather.py
[2026-08-30T15:15:26.287+0000] {processor.py:914} INFO - Processing file /opt/airflow/dags/04_parallel_weather.py for tasks to queue
[2026-08-30T15:15:26.288+0000] {logging_mixin.py:190} INFO - [2026-08-30T15:15:26.288+0000] {dagbag.py:588} INFO - Filling up the DagBag from /opt/airflow/dags/04_parallel_weather.py
[2026-08-30T15:15:26.295+0000] {processor.py:925} INFO - DAG(s) 'parallel_weather_dag' retrieved from /opt/airflow/dags/04_parallel_weather.py
[2026-08-30T15:15:26.311+0000] {logging_mixin.py:190} INFO - [2026-08-30T15:15:26.311+0000] {dag.py:3239} INFO - Sync 1 DAGs
[2026-08-30T15:15:26.318+0000] {logging_mixin.py:190} INFO - [2026-08-30T15:15:26.318+0000] {dag.py:4180} INFO - Setting next_dagrun for parallel_weather_dag to None, run_after=None
[2026-08-30T15:15:26.325+0000] {processor.py:208} INFO - Processing /opt/airflow/dags/04_parallel_weather.py took 0.045 seconds
[2026-08-30T15:15:57.088+0000] {processor.py:186} INFO - Started process (PID=126) to work on /opt/airflow/dags/04_parallel_weather.py
[2026-08-30T15:15:57.089+0000] {processor.py:914} INFO - Processing file /opt/airflow/dags/04_parallel_weather.py for tasks to queue
[2026-08-30T15:15:57.092+0000] {logging_mixin.py:190} INFO - [2026-08-30T15:15:57.092+0000] {dagbag.py:588} INFO - Filling up the DagBag from /opt/airflow/dags/04_parallel_weather.py
[2026-08-30T15:15:57.104+0000] {processor.py:925} INFO - DAG(s) 'parallel_weather_dag' retrieved from /opt/airflow/dags/04_parallel_weather.py
[2026-08-30T15:15:57.134+0000] {logging_mixin.py:190} INFO - [2026-08-30T15:15:57.134+0000] {dag.py:3239} INFO - Sync 1 DAGs
[2026-08-30T15:15:57.155+0000] {logging_mixin.py:190} INFO - [2026-08-30T15:15:57.154+0000] {dag.py:4180} INFO - Setting next_dagrun for parallel_weather_dag to None, run_after=None
[2026-08-30T15:15:57.180+0000] {processor.py:208} INFO - Processing /opt/airflow/dags/04_parallel_weather.py took 0.099 seconds
[2026-08-30T15:16:28.094+0000] {processor.py:186} INFO - Started process (PID=138) to work on /opt/airflow/dags/04_parallel_weather.py
[2026-08-30T15:16:28.095+0000] {processor.py:914} INFO - Processing file /opt/airflow/dags/04_parallel_weather.py for tasks to queue
[2026-08-30T15:16:28.097+0000] {logging_mixin.py:190} INFO - [2026-08-30T15:16:28.096+0000] {dagbag.py:588} INFO - Filling up the DagBag from /opt/airflow/dags/04_parallel_weather.py
[2026-08-30T15:16:28.105+0000] {processor.py:925} INFO - DAG(s) 'parallel_weather_dag' retrieved from /opt/airflow/dags/04_parallel_weather.py
[2026-08-30T15:16:28.127+0000] {logging_mixin.py:190} INFO - [2026-08-30T15:16:28.127+0000] {dag.py:3239} INFO - Sync 1 DAGs
[2026-08-30T15:16:28.135+0000] {logging_mixin.py:190} INFO - [2026-08-30T15:16:28.135+0000] {dag.py:4180} INFO - Setting next_dagrun for parallel_weather_dag to None, run_after=None
[2026-08-30T15:16:28.144+0000] {processor.py:208} INFO - Processing /opt/airflow/dags/04_parallel_weather.py took 0.054 seconds
[2026-08-30T15:16:59.473+0000] {processor.py:186} INFO - Started process (PID=150) to work on /opt/airflow/dags/04_parallel_weather.py
[2026-08-30T15:16:59.474+0000] {processor.py:914} INFO - Processing file /opt/airflow/dags/04_parallel_weather.py for tasks to queue
[2026-08-30T15:16:59.475+0000] {logging_mixin.py:190} INFO - [2026-08-30T15:16:59.475+0000] {dagbag.py:588} INFO - Filling up the DagBag from /opt/airflow/dags/04_parallel_weather.py
[2026-08-30T15:16:59.484+0000] {processor.py:925} INFO - DAG(s) 'parallel_weather_dag' retrieved from /opt/airflow/dags/04_parallel_weather.py
[2026-08-30T15:16:59.641+0000] {logging_mixin.py:190} INFO - [2026-08-30T15:16:59.640+0000] {dag.py:3239} INFO - Sync 1 DAGs
[2026-08-30T15:16:59.646+0000] {logging_mixin.py:190} INFO - [2026-08-30T15:16:59.646+0000] {dag.py:4180} INFO - Setting next_dagrun for parallel_weather_dag to None, run_after=None
[2026-08-30T15:16:59.653+0000] {processor.py:208} INFO - Processing /opt/airflow/dags/04_parallel_weather.py took 0.186 seconds
[2026-08-30T15:17:30.657+0000] {processor.py:186} INFO - Started process (PID=162) to work on /opt/airflow/dags/04_parallel_weather.py
[2026-08-30T15:17:30.658+0000] {processor.py:914} INFO - Processing file /opt/airflow/dags/04_parallel_weather.py for tasks to queue
[2026-08-30T15:17:30.660+0000] {logging_mixin.py:190} INFO - [2026-08-30T15:17:30.659+0000] {dagbag.py:588} INFO - Filling up the DagBag from /opt/airflow/dags/04_parallel_weather.py
[2026-08-30T15:17:30.670+0000] {processor.py:925} INFO - DAG(s) 'parallel_weather_dag' retrieved from /opt/airflow/dags/04_parallel_weather.py
[2026-08-30T15:17:30.690+0000] {logging_mixin.py:190} INFO - [2026-08-30T15:17:30.690+0000] {dag.py:3239} INFO - Sync 1 DAGs
[2026-08-30T15:17:30.698+0000] {logging_mixin.py:190} INFO - [2026-08-30T15:17:30.698+0000] {dag.py:4180} INFO - Setting next_dagrun for parallel_weather_dag to None, run_after=None
[2026-08-30T15:17:30.707+0000] {processor.py:208} INFO - Processing /opt/airflow/dags/04_parallel_weather.py took 0.055 seconds
[2026-08-30T15:18:01.469+0000] {processor.py:186} INFO - Started process (PID=174) to work on /opt/airflow/dags/04_parallel_weather.py
[2026-08-30T15:18:01.470+0000] {processor.py:914} INFO - Processing file /opt/airflow/dags/04_parallel_weather.py for tasks to queue
[2026-08-30T15:18:01.472+0000] {logging_mixin.py:190} INFO - [2026-08-30T15:18:01.472+0000] {dagbag.py:588} INFO - Filling up the DagBag from /opt/airflow/dags/04_parallel_weather.py
[2026-08-30T15:18:01.483+0000] {processor.py:925} INFO - DAG(s) 'parallel_weather_dag' retrieved from /opt/airflow/dags/04_parallel_weather.py
[2026-08-30T15:18:01.508+0000] {logging_mixin.py:190} INFO - [2026-08-30T15:18:01.508+0000] {dag.py:3239} INFO - Sync 1 DAGs
[2026-08-30T15:18:01.518+0000] {logging_mixin.py:190} INFO - [2026-08-30T15:18:01.518+0000] {dag.py:4180} INFO - Setting next_dagrun for parallel_weather_dag to None, run_after=None
[2026-08-30T15:18:01.537+0000] {processor.py:208} INFO - Processing /opt/airflow/dags/04_parallel_weather.py took 0.078 seconds
[2026-08-30T15:18:32.624+0000] {processor.py:186} INFO - Started process (PID=186) to work on /opt/airflow/dags/04_parallel_weather.py
[2026-08-30T15:18:32.626+0000] {processor.py:914} INFO - Processing file /opt/airflow/dags/04_parallel_weather.py for tasks to queue
[2026-08-30T15:18:32.628+0000] {logging_mixin.py:190} INFO - [2026-08-30T15:18:32.627+0000] {dagbag.py:588} INFO - Filling up the DagBag from /opt/airflow/dags/04_parallel_weather.py
[2026-08-30T15:18:32.636+0000] {processor.py:925} INFO - DAG(s) 'parallel_weather_dag' retrieved from /opt/airflow/dags/04_parallel_weather.py
[2026-08-30T15:18:32.662+0000] {logging_mixin.py:190} INFO - [2026-08-30T15:18:32.662+0000] {dag.py:3239} INFO - Sync 1 DAGs
[2026-08-30T15:18:32.676+0000] {logging_mixin.py:190} INFO - [2026-08-30T15:18:32.675+0000] {dag.py:4180} INFO - Setting next_dagrun for parallel_weather_dag to None, run_after=None
[2026-08-30T15:18:32.696+0000] {processor.py:208} INFO - Processing /opt/airflow/dags/04_parallel_weather.py took 0.077 seconds
[2026-08-30T15:19:03.588+0000] {processor.py:186} INFO - Started process (PID=198) to work on /opt/airflow/dags/04_parallel_weather.py
[2026-08-30T15:19:03.589+0000] {processor.py:914} INFO - Processing file /opt/airflow/dags/04_parallel_weather.py for tasks to queue
[2026-08-30T15:19:03.591+0000] {logging_mixin.py:190} INFO - [2026-08-30T15:19:03.590+0000] {dagbag.py:588} INFO - Filling up the DagBag from /opt/airflow/dags/04_parallel_weather.py
[2026-08-30T15:19:03.600+0000] {processor.py:925} INFO - DAG(s) 'parallel_weather_dag' retrieved from /opt/airflow/dags/04_parallel_weather.py
[2026-08-30T15:19:03.618+0000] {logging_mixin.py:190} INFO - [2026-08-30T15:19:03.617+0000] {dag.py:3239} INFO - Sync 1 DAGs
[2026-08-30T15:19:03.624+0000] {logging_mixin.py:190} INFO - [2026-08-30T15:19:03.624+0000] {dag.py:4180} INFO - Setting next_dagrun for parallel_weather_dag to None, run_after=None
[2026-08-30T15:19:03.632+0000] {processor.py:208} INFO - Processing /opt/airflow/dags/04_parallel_weather.py took 0.048 seconds
[2026-08-30T15:19:34.444+0000] {processor.py:186} INFO - Started process (PID=210) to work on /opt/airflow/dags/04_parallel_weather.py
[2026-08-30T15:19:34.445+0000] {processor.py:914} INFO - Processing file /opt/airflow/dags/04_parallel_weather.py for tasks to queue
[2026-08-30T15:19:34.446+0000] {logging_mixin.py:190} INFO - [2026-08-30T15:19:34.446+0000] {dagbag.py:588} INFO - Filling up the DagBag from /opt/airflow/dags/04_parallel_weather.py
[2026-08-30T15:19:34.453+0000] {processor.py:925} INFO - DAG(s) 'parallel_weather_dag' retrieved from /opt/airflow/dags/04_parallel_weather.py
[2026-08-30T15:19:34.470+0000] {logging_mixin.py:190} INFO - [2026-08-30T15:19:34.470+0000] {dag.py:3239} INFO - Sync 1 DAGs
[2026-08-30T15:19:34.477+0000] {logging_mixin.py:190} INFO - [2026-08-30T15:19:34.477+0000] {dag.py:4180} INFO - Setting next_dagrun for parallel_weather_dag to None, run_after=None
[2026-08-30T15:19:34.485+0000] {processor.py:208} INFO - Processing /opt/airflow/dags/04_parallel_weather.py took 0.045 seconds
[2026-08-30T15:20:05.313+0000] {processor.py:186} INFO - Started process (PID=222) to work on /opt/airflow/dags/04_parallel_weather.py
[2026-08-30T15:20:05.314+0000] {processor.py:914} INFO - Processing file /opt/airflow/dags/04_parallel_weather.py for tasks to queue
[2026-08-30T15:20:05.316+0000] {logging_mixin.py:190} INFO - [2026-08-30T15:20:05.316+0000] {dagbag.py:588} INFO - Filling up the DagBag from /opt/airflow/dags/04_parallel_weather.py
[2026-08-30T15:20:05.332+0000] {processor.py:925} INFO - DAG(s) 'parallel_weather_dag' retrieved from /opt/airflow/dags/04_parallel_weather.py
[2026-08-30T15:20:05.359+0000] {logging_mixin.py:190} INFO - [2026-08-30T15:20:05.359+0000] {dag.py:3239} INFO - Sync 1 DAGs
[2026-08-30T15:20:05.367+0000] {logging_mixin.py:190} INFO - [2026-08-30T15:20:05.367+0000] {dag.py:4180} INFO - Setting next_dagrun for parallel_weather_dag to None, run_after=None
[2026-08-30T15:20:05.377+0000] {processor.py:208} INFO - Processing /opt/airflow/dags/04_parallel_weather.py took 0.068 seconds
[2026-08-30T15:20:36.232+0000] {processor.py:186} INFO - Started process (PID=234) to work on /opt/airflow/dags/04_parallel_weather.py
[2026-08-30T15:20:36.233+0000] {processor.py:914} INFO - Processing file /opt/airflow/dags/04_parallel_weather.py for tasks to queue
[2026-08-30T15:20:36.235+0000] {logging_mixin.py:190} INFO - [2026-08-30T15:20:36.234+0000] {dagbag.py:588} INFO - Filling up the DagBag from /opt/airflow/dags/04_parallel_weather.py
[2026-08-30T15:20:36.243+0000] {processor.py:925} INFO - DAG(s) 'parallel_weather_dag' retrieved from /opt/airflow/dags/04_parallel_weather.py
[2026-08-30T15:20:36.265+0000] {logging_mixin.py:190} INFO - [2026-08-30T15:20:36.265+0000] {dag.py:3239} INFO - Sync 1 DAGs
[2026-08-30T15:20:36.280+0000] {logging_mixin.py:190} INFO - [2026-08-30T15:20:36.280+0000] {dag.py:4180} INFO - Setting next_dagrun for parallel_weather_dag to None, run_after=None
[2026-08-30T15:20:36.296+0000] {processor.py:208} INFO - Processing /opt/airflow/dags/04_parallel_weather.py took 0.070 seconds
[2026-08-30T15:21:07.057+0000] {processor.py:186} INFO - Started process (PID=246) to work on /opt/airflow/dags/04_parallel_weather.py
[2026-08-30T15:21:07.058+0000] {processor.py:914} INFO - Processing file /opt/airflow/dags/04_parallel_weather.py for tasks to queue
[2026-08-30T15:21:07.060+0000] {logging_mixin.py:190} INFO - [2026-08-30T15:21:07.060+0000] {dagbag.py:588} INFO - Filling up the DagBag from /opt/airflow/dags/04_parallel_weather.py
[2026-08-30T15:21:07.068+0000] {processor.py:925} INFO - DAG(s) 'parallel_weather_dag' retrieved from /opt/airflow/dags/04_parallel_weather.py
[2026-08-30T15:21:07.090+0000] {logging_mixin.py:190} INFO - [2026-08-30T15:21:07.090+0000] {dag.py:3239} INFO - Sync 1 DAGs
[2026-08-30T15:21:07.103+0000] {logging_mixin.py:190} INFO - [2026-08-30T15:21:07.103+0000] {dag.py:4180} INFO - Setting next_dagrun for parallel_weather_dag to None, run_after=None
[2026-08-30T15:21:07.111+0000] {processor.py:208} INFO - Processing /opt/airflow/dags/04_parallel_weather.py took 0.058 seconds
[2026-08-30T15:21:37.950+0000] {processor.py:186} INFO - Started process (PID=258) to work on /opt/airflow/dags/04_parallel_weather.py
[2026-08-30T15:21:37.951+0000] {processor.py:914} INFO - Processing file /opt/airflow/dags/04_parallel_weather.py for tasks to queue
[2026-08-30T15:21:37.953+0000] {logging_mixin.py:190} INFO - [2026-08-30T15:21:37.952+0000] {dagbag.py:588} INFO - Filling up the DagBag from /opt/airflow/dags/04_parallel_weather.py
[2026-08-30T15:21:37.961+0000] {processor.py:925} INFO - DAG(s) 'parallel_weather_dag' retrieved from /opt/airflow/dags/04_parallel_weather.py
[2026-08-30T15:21:37.984+0000] {logging_mixin.py:190} INFO - [2026-08-30T15:21:37.984+0000] {dag.py:3239} INFO - Sync 1 DAGs
[2026-08-30T15:21:38.000+0000] {logging_mixin.py:190} INFO - [2026-08-30T15:21:37.999+0000] {dag.py:4180} INFO - Setting next_dagrun for parallel_weather_dag to None, run_after=None
[2026-08-30T15:21:38.017+0000] {processor.py:208} INFO - Processing /opt/airflow/dags/04_parallel_weather.py took 0.072 seconds
[2026-08-30T15:22:08.689+0000] {processor.py:186} INFO - Started process (PID=270) to work on /opt/airflow/dags/04_parallel_weather.py
[2026-08-30T15:22:08.690+0000] {processor.py:914} INFO - Processing file /opt/airflow/dags/04_parallel_weather.py for tasks to queue
[2026-08-30T15:22:08.692+0000] {logging_mixin.py:190} INFO - [2026-08-30T15:22:08.691+0000] {dagbag.py:588} INFO - Filling up the DagBag from /opt/airflow/dags/04_parallel_weather.py
[2026-08-30T15:22:08.700+0000] {processor.py:925} INFO - DAG(s) 'parallel_weather_dag' retrieved from /opt/airflow/dags/04_parallel_weather.py
[2026-08-30T15:22:08.716+0000] {logging_mixin.py:190} INFO - [2026-08-30T15:22:08.716+0000] {dag.py:3239} INFO - Sync 1 DAGs
[2026-08-30T15:22:08.723+0000] {logging_mixin.py:190} INFO - [2026-08-30T15:22:08.723+0000] {dag.py:4180} INFO - Setting next_dagrun for parallel_weather_dag to None, run_after=None
[2026-08-30T15:22:08.730+0000] {processor.py:208} INFO - Processing /opt/airflow/dags/04_parallel_weather.py took 0.050 seconds
[2026-08-30T15:22:39.516+0000] {processor.py:186} INFO - Started process (PID=282) to work on /opt/airflow/dags/04_parallel_weather.py
[2026-08-30T15:22:39.516+0000] {processor.py:914} INFO - Processing file /opt/airflow/dags/04_parallel_weather.py for tasks to queue
[2026-08-30T15:22:39.518+0000] {logging_mixin.py:190} INFO - [2026-08-30T15:22:39.518+0000] {dagbag.py:588} INFO - Filling up the DagBag from /opt/airflow/dags/04_parallel_weather.py
[2026-08-30T15:22:39.524+0000] {processor.py:925} INFO - DAG(s) 'parallel_weather_dag' retrieved from /opt/airflow/dags/04_parallel_weather.py
[2026-08-30T15:22:39.551+0000] {logging_mixin.py:190} INFO - [2026-08-30T15:22:39.550+0000] {dag.py:3239} INFO - Sync 1 DAGs
[2026-08-30T15:22:39.558+0000] {logging_mixin.py:190} INFO - [2026-08-30T15:22:39.558+0000] {dag.py:4180} INFO - Setting next_dagrun for parallel_weather_dag to None, run_after=None
[2026-08-30T15:22:39.565+0000] {processor.py:208} INFO - Processing /opt/airflow/dags/04_parallel_weather.py took 0.054 seconds
[2026-08-30T15:23:10.267+0000] {processor.py:186} INFO - Started process (PID=294) to work on /opt/airflow/dags/04_parallel_weather.py
[2026-08-30T15:23:10.268+0000] {processor.py:914} INFO - Processing file /opt/airflow/dags/04_parallel_weather.py for tasks to queue
[2026-08-30T15:23:10.270+0000] {logging_mixin.py:190} INFO - [2026-08-30T15:23:10.270+0000] {dagbag.py:588} INFO - Filling up the DagBag from /opt/airflow/dags/04_parallel_weather.py
[2026-08-30T15:23:10.277+0000] {processor.py:925} INFO - DAG(s) 'parallel_weather_dag' retrieved from /opt/airflow/dags/04_parallel_weather.py
[2026-08-30T15:23:10.309+0000] {logging_mixin.py:190} INFO - [2026-08-30T15:23:10.309+0000] {dag.py:3239} INFO - Sync 1 DAGs
[2026-08-30T15:23:10.320+0000] {logging_mixin.py:190} INFO - [2026-08-30T15:23:10.319+0000] {dag.py:4180} INFO - Setting next_dagrun for parallel_weather_dag to None, run_after=None
[2026-08-30T15:23:10.336+0000] {processor.py:208} INFO - Processing /opt/airflow/dags/04_parallel_weather.py took 0.075 seconds
[2026-08-30T15:23:41.055+0000] {processor.py:186} INFO - Started process (PID=306) to work on /opt/airflow/dags/04_parallel_weather.py
[2026-08-30T15:23:41.056+0000] {processor.py:914} INFO - Processing file /opt/airflow/dags/04_parallel_weather.py for tasks to queue
[2026-08-30T15:23:41.057+0000] {logging_mixin.py:190} INFO - [2026-08-30T15:23:41.057+0000] {dagbag.py:588} INFO - Filling up the DagBag from /opt/airflow/dags/04_parallel_weather.py
[2026-08-30T15:23:41.063+0000] {processor.py:925} INFO - DAG(s) 'parallel_weather_dag' retrieved from /opt/airflow/dags/04_parallel_weather.py
[2026-08-30T15:23:41.079+0000] {logging_mixin.py:190} INFO - [2026-08-30T15:23:41.079+0000] {dag.py:3239} INFO - Sync 1 DAGs
[2026-08-30T15:23:41.086+0000] {logging_mixin.py:190} INFO - [2026-08-30T15:23:41.086+0000] {dag.py:4180} INFO - Setting next_dagrun for parallel_weather_dag to None, run_after=None
[2026-08-30T15:23:41.093+0000] {processor.py:208} INFO - Processing /opt/airflow/dags/04_parallel_weather.py took 0.046 seconds
[2026-08-30T15:24:11.866+0000] {processor.py:186} INFO - Started process (PID=318) to work on /opt/airflow/dags/04_parallel_weather.py
[2026-08-30T15:24:11.867+0000] {processor.py:914} INFO - Processing file /opt/airflow/dags/04_parallel_weather.py for tasks to queue
[2026-08-30T15:24:11.869+0000] {logging_mixin.py:190} INFO - [2026-08-30T15:24:11.868+0000] {dagbag.py:588} INFO - Filling up the DagBag from /opt/airflow/dags/04_parallel_weather.py
[2026-08-30T15:24:11.876+0000] {processor.py:925} INFO - DAG(s) 'parallel_weather_dag' retrieved from /opt/airflow/dags/04_parallel_weather.py
[2026-08-30T15:24:11.891+0000] {logging_mixin.py:190} INFO - [2026-08-30T15:24:11.891+0000] {dag.py:3239} INFO - Sync 1 DAGs
[2026-08-30T15:24:11.898+0000] {logging_mixin.py:190} INFO - [2026-08-30T15:24:11.898+0000] {dag.py:4180} INFO - Setting next_dagrun for parallel_weather_dag to None, run_after=None
[2026-08-30T15:24:11.906+0000] {processor.py:208} INFO - Processing /opt/airflow/dags/04_parallel_weather.py took 0.045 seconds
[2026-08-30T15:24:42.976+0000] {processor.py:186} INFO - Started process (PID=330) to work on /opt/airflow/dags/04_parallel_weather.py
[2026-08-30T15:24:42.978+0000] {processor.py:914} INFO - Processing file /opt/airflow/dags/04_parallel_weather.py for tasks to queue
[2026-08-30T15:24:42.980+0000] {logging_mixin.py:190} INFO - [2026-08-30T15:24:42.980+0000] {dagbag.py:588} INFO - Filling up the DagBag from /opt/airflow/dags/04_parallel_weather.py
[2026-08-30T15:24:42.988+0000] {processor.py:925} INFO - DAG(s) 'parallel_weather_dag' retrieved from /opt/airflow/dags/04_parallel_weather.py
[2026-08-30T15:24:43.007+0000] {logging_mixin.py:190} INFO - [2026-08-30T15:24:43.007+0000] {dag.py:3239} INFO - Sync 1 DAGs
[2026-08-30T15:24:43.016+0000] {logging_mixin.py:190} INFO - [2026-08-30T15:24:43.016+0000] {dag.py:4180} INFO - Setting next_dagrun for parallel_weather_dag to None, run_after=None
[2026-08-30T15:24:43.028+0000] {processor.py:208} INFO - Processing /opt/airflow/dags/04_parallel_weather.py took 0.055 seconds
[2026-08-30T15:25:13.747+0000] {processor.py:186} INFO - Started process (PID=342) to work on /opt/airflow/dags/04_parallel_weather.py
[2026-08-30T15:25:13.748+0000] {processor.py:914} INFO - Processing file /opt/airflow/dags/04_parallel_weather.py for tasks to queue
[2026-08-30T15:25:13.749+0000] {logging_mixin.py:190} INFO - [2026-08-30T15:25:13.749+0000] {dagbag.py:588} INFO - Filling up the DagBag from /opt/airflow/dags/04_parallel_weather.py
[2026-08-30T15:25:13.756+0000] {processor.py:925} INFO - DAG(s) 'parallel_weather_dag' retrieved from /opt/airflow/dags/04_parallel_weather.py
[2026-08-30T15:25:13.773+0000] {logging_mixin.py:190} INFO - [2026-08-30T15:25:13.773+0000] {dag.py:3239} INFO - Sync 1 DAGs
[2026-08-30T15:25:13.780+0000] {logging_mixin.py:190} INFO - [2026-08-30T15:25:13.780+0000] {dag.py:4180} INFO - Setting next_dagrun for parallel_weather_dag to None, run_after=None
[2026-08-30T15:25:13.787+0000] {processor.py:208} INFO - Processing /opt/airflow/dags/04_parallel_weather.py took 0.045 seconds
[2026-08-30T15:25:44.562+0000] {processor.py:186} INFO - Started process (PID=354) to work on /opt/airflow/dags/04_parallel_weather.py
[2026-08-30T15:25:44.562+0000] {processor.py:914} INFO - Processing file /opt/airflow/dags/04_parallel_weather.py for tasks to queue
[2026-08-30T15:25:44.564+0000] {logging_mixin.py:190} INFO - [2026-08-30T15:25:44.564+0000] {dagbag.py:588} INFO - Filling up the DagBag from /opt/airflow/dags/04_parallel_weather.py
[2026-08-30T15:25:44.570+0000] {processor.py:925} INFO - DAG(s) 'parallel_weather_dag' retrieved from /opt/airflow/dags/04_parallel_weather.py
[2026-08-30T15:25:44.586+0000] {logging_mixin.py:190} INFO - [2026-08-30T15:25:44.585+0000] {dag.py:3239} INFO - Sync 1 DAGs
[2026-08-30T15:25:44.593+0000] {logging_mixin.py:190} INFO - [2026-08-30T15:25:44.593+0000] {dag.py:4180} INFO - Setting next_dagrun for parallel_weather_dag to None, run_after=None
[2026-08-30T15:25:44.601+0000] {processor.py:208} INFO - Processing /opt/airflow/dags/04_parallel_weather.py took 0.044 seconds
[2026-08-30T15:26:15.276+0000] {processor.py:186} INFO - Started process (PID=366) to work on /opt/airflow/dags/04_parallel_weather.py
[2026-08-30T15:26:15.277+0000] {processor.py:914} INFO - Processing file /opt/airflow/dags/04_parallel_weather.py for tasks to queue
[2026-08-30T15:26:15.279+0000] {logging_mixin.py:190} INFO - [2026-08-30T15:26:15.278+0000] {dagbag.py:588} INFO - Filling up the DagBag from /opt/airflow/dags/04_parallel_weather.py
[2026-08-30T15:26:15.285+0000] {processor.py:925} INFO - DAG(s) 'parallel_weather_dag' retrieved from /opt/airflow/dags/04_parallel_weather.py
[2026-08-30T15:26:15.302+0000] {logging_mixin.py:190} INFO - [2026-08-30T15:26:15.302+0000] {dag.py:3239} INFO - Sync 1 DAGs
[2026-08-30T15:26:15.312+0000] {logging_mixin.py:190} INFO - [2026-08-30T15:26:15.312+0000] {dag.py:4180} INFO - Setting next_dagrun for parallel_weather_dag to None, run_after=None
[2026-08-30T15:26:15.332+0000] {processor.py:208} INFO - Processing /opt/airflow/dags/04_parallel_weather.py took 0.061 seconds
[2026-08-30T15:26:46.160+0000] {processor.py:186} INFO - Started process (PID=378) to work on /opt/airflow/dags/04_parallel_weather.py
[2026-08-30T15:26:46.161+0000] {processor.py:914} INFO - Processing file /opt/airflow/dags/04_parallel_weather.py for tasks to queue
[2026-08-30T15:26:46.163+0000] {logging_mixin.py:190} INFO - [2026-08-30T15:26:46.163+0000] {dagbag.py:588} INFO - Filling up the DagBag from /opt/airflow/dags/04_parallel_weather.py
[2026-08-30T15:26:46.172+0000] {processor.py:925} INFO - DAG(s) 'parallel_weather_dag' retrieved from /opt/airflow/dags/04_parallel_weather.py
[2026-08-30T15:26:46.198+0000] {logging_mixin.py:190} INFO - [2026-08-30T15:26:46.198+0000] {dag.py:3239} INFO - Sync 1 DAGs
[2026-08-30T15:26:46.210+0000] {logging_mixin.py:190} INFO - [2026-08-30T15:26:46.209+0000] {dag.py:4180} INFO - Setting next_dagrun for parallel_weather_dag to None, run_after=None
[2026-08-30T15:26:46.228+0000] {processor.py:208} INFO - Processing /opt/airflow/dags/04_parallel_weather.py took 0.073 seconds
[2026-08-30T15:27:17.021+0000] {processor.py:186} INFO - Started process (PID=390) to work on /opt/airflow/dags/04_parallel_weather.py
[2026-08-30T15:27:17.022+0000] {processor.py:914} INFO - Processing file /opt/airflow/dags/04_parallel_weather.py for tasks to queue
[2026-08-30T15:27:17.023+0000] {logging_mixin.py:190} INFO - [2026-08-30T15:27:17.023+0000] {dagbag.py:588} INFO - Filling up the DagBag from /opt/airflow/dags/04_parallel_weather.py
[2026-08-30T15:27:17.031+0000] {processor.py:925} INFO - DAG(s) 'parallel_weather_dag' retrieved from /opt/airflow/dags/04_parallel_weather.py
[2026-08-30T15:27:17.048+0000] {logging_mixin.py:190} INFO - [2026-08-30T15:27:17.048+0000] {dag.py:3239} INFO - Sync 1 DAGs
[2026-08-30T15:27:17.056+0000] {logging_mixin.py:190} INFO - [2026-08-30T15:27:17.056+0000] {dag.py:4180} INFO - Setting next_dagrun for parallel_weather_dag to None, run_after=None
[2026-08-30T15:27:17.065+0000] {processor.py:208} INFO - Processing /opt/airflow/dags/04_parallel_weather.py took 0.048 seconds
[2026-08-30T15:27:48.035+0000] {processor.py:186} INFO - Started process (PID=402) to work on /opt/airflow/dags/04_parallel_weather.py
[2026-08-30T15:27:48.036+0000] {processor.py:914} INFO - Processing file /opt/airflow/dags/04_parallel_weather.py for tasks to queue
[2026-08-30T15:27:48.038+0000] {logging_mixin.py:190} INFO - [2026-08-30T15:27:48.037+0000] {dagbag.py:588} INFO - Filling up the DagBag from /opt/airflow/dags/04_parallel_weather.py
[2026-08-30T15:27:48.044+0000] {processor.py:925} INFO - DAG(s) 'parallel_weather_dag' retrieved from /opt/airflow/dags/04_parallel_weather.py
[2026-08-30T15:27:48.061+0000] {logging_mixin.py:190} INFO - [2026-08-30T15:27:48.061+0000] {dag.py:3239} INFO - Sync 1 DAGs
[2026-08-30T15:27:48.067+0000] {logging_mixin.py:190} INFO - [2026-08-30T15:27:48.067+0000] {dag.py:4180} INFO - Setting next_dagrun for parallel_weather_dag to None, run_after=None
[2026-08-30T15:27:48.075+0000] {processor.py:208} INFO - Processing /opt/airflow/dags/04_parallel_weather.py took 0.045 seconds
[2026-08-30T15:28:18.861+0000] {processor.py:186} INFO - Started process (PID=414) to work on /opt/airflow/dags/04_parallel_weather.py
[2026-08-30T15:28:18.862+0000] {processor.py:914} INFO - Processing file /opt/airflow/dags/04_parallel_weather.py for tasks to queue
[2026-08-30T15:28:18.864+0000] {logging_mixin.py:190} INFO - [2026-08-30T15:28:18.864+0000] {dagbag.py:588} INFO - Filling up the DagBag from /opt/airflow/dags/04_parallel_weather.py
[2026-08-30T15:28:18.871+0000] {processor.py:925} INFO - DAG(s) 'parallel_weather_dag' retrieved from /opt/airflow/dags/04_parallel_weather.py
[2026-08-30T15:28:18.888+0000] {logging_mixin.py:190} INFO - [2026-08-30T15:28:18.888+0000] {dag.py:3239} INFO - Sync 1 DAGs
[2026-08-30T15:28:18.895+0000] {logging_mixin.py:190} INFO - [2026-08-30T15:28:18.895+0000] {dag.py:4180} INFO - Setting next_dagrun for parallel_weather_dag to None, run_after=None
[2026-08-30T15:28:18.903+0000] {processor.py:208} INFO - Processing /opt/airflow/dags/04_parallel_weather.py took 0.047 seconds
[2026-08-30T15:28:49.619+0000] {processor.py:186} INFO - Started process (PID=426) to work on /opt/airflow/dags/04_parallel_weather.py
[2026-08-30T15:28:49.620+0000] {processor.py:914} INFO - Processing file /opt/airflow/dags/04_parallel_weather.py for tasks to queue
[2026-08-30T15:28:49.622+0000] {logging_mixin.py:190} INFO - [2026-08-30T15:28:49.622+0000] {dagbag.py:588} INFO - Filling up the DagBag from /opt/airflow/dags/04_parallel_weather.py
[2026-08-30T15:28:49.628+0000] {processor.py:925} INFO - DAG(s) 'parallel_weather_dag' retrieved from /opt/airflow/dags/04_parallel_weather.py
[2026-08-30T15:28:49.644+0000] {logging_mixin.py:190} INFO - [2026-08-30T15:28:49.644+0000] {dag.py:3239} INFO - Sync 1 DAGs
[2026-08-30T15:28:49.651+0000] {logging_mixin.py:190} INFO - [2026-08-30T15:28:49.651+0000] {dag.py:4180} INFO - Setting next_dagrun for parallel_weather_dag to None, run_after=None
[2026-08-30T15:28:49.659+0000] {processor.py:208} INFO - Processing /opt/airflow/dags/04_parallel_weather.py took 0.044 seconds
[2026-08-30T15:29:20.399+0000] {processor.py:186} INFO - Started process (PID=438) to work on /opt/airflow/dags/04_parallel_weather.py
[2026-08-30T15:29:20.400+0000] {processor.py:914} INFO - Processing file /opt/airflow/dags/04_parallel_weather.py for tasks to queue
[2026-08-30T15:29:20.401+0000] {logging_mixin.py:190} INFO - [2026-08-30T15:29:20.401+0000] {dagbag.py:588} INFO - Filling up the DagBag from /opt/airflow/dags/04_parallel_weather.py
[2026-08-30T15:29:20.407+0000] {processor.py:925} INFO - DAG(s) 'parallel_weather_dag' retrieved from /opt/airflow/dags/04_parallel_weather.py
[2026-08-30T15:29:20.424+0000] {logging_mixin.py:190} INFO - [2026-08-30T15:29:20.424+0000] {dag.py:3239} INFO - Sync 1 DAGs
[2026-08-30T15:29:20.431+0000] {logging_mixin.py:190} INFO - [2026-08-30T15:29:20.431+0000] {dag.py:4180} INFO - Setting next_dagrun for parallel_weather_dag to None, run_after=None
[2026-08-30T15:29:20.439+0000] {processor.py:208} INFO - Processing /opt/airflow/dags/04_parallel_weather.py took 0.044 seconds
[2026-08-30T15:29:51.157+0000] {processor.py:186} INFO - Started process (PID=451) to work on /opt/airflow/dags/04_parallel_weather.py
[2026-08-30T15:29:51.158+0000] {processor.py:914} INFO - Processing file /opt/airflow/dags/04_parallel_weather.py for tasks to queue
[2026-08-30T15:29:51.160+0000] {logging_mixin.py:190} INFO - [2026-08-30T15:29:51.159+0000] {dagbag.py:588} INFO - Filling up the DagBag from /opt/airflow/dags/04_parallel_weather.py
[2026-08-30T15:29:51.167+0000] {processor.py:925} INFO - DAG(s) 'parallel_weather_dag' retrieved from /opt/airflow/dags/04_parallel_weather.py
[2026-08-30T15:29:51.183+0000] {logging_mixin.py:190} INFO - [2026-08-30T15:29:51.183+0000] {dag.py:3239} INFO - Sync 1 DAGs
[2026-08-30T15:29:51.190+0000] {logging_mixin.py:190} INFO - [2026-08-30T15:29:51.190+0000] {dag.py:4180} INFO - Setting next_dagrun for parallel_weather_dag to None, run_after=None
[2026-08-30T15:29:51.197+0000] {processor.py:208} INFO - Processing /opt/airflow/dags/04_parallel_weather.py took 0.043 seconds
[2026-08-30T15:30:21.901+0000] {processor.py:186} INFO - Started process (PID=463) to work on /opt/airflow/dags/04_parallel_weather.py
[2026-08-30T15:30:21.903+0000] {processor.py:914} INFO - Processing file /opt/airflow/dags/04_parallel_weather.py for tasks to queue
[2026-08-30T15:30:21.904+0000] {logging_mixin.py:190} INFO - [2026-08-30T15:30:21.904+0000] {dagbag.py:588} INFO - Filling up the DagBag from /opt/airflow/dags/04_parallel_weather.py
[2026-08-30T15:30:21.912+0000] {processor.py:925} INFO - DAG(s) 'parallel_weather_dag' retrieved from /opt/airflow/dags/04_parallel_weather.py
[2026-08-30T15:30:21.934+0000] {logging_mixin.py:190} INFO - [2026-08-30T15:30:21.934+0000] {dag.py:3239} INFO - Sync 1 DAGs
[2026-08-30T15:30:21.945+0000] {logging_mixin.py:190} INFO - [2026-08-30T15:30:21.945+0000] {dag.py:4180} INFO - Setting next_dagrun for parallel_weather_dag to None, run_after=None
[2026-08-30T15:30:21.955+0000] {processor.py:208} INFO - Processing /opt/airflow/dags/04_parallel_weather.py took 0.059 seconds
[2026-08-30T15:30:52.846+0000] {processor.py:186} INFO - Started process (PID=475) to work on /opt/airflow/dags/04_parallel_weather.py
[2026-08-30T15:30:52.847+0000] {processor.py:914} INFO - Processing file /opt/airflow/dags/04_parallel_weather.py for tasks to queue
[2026-08-30T15:30:52.849+0000] {logging_mixin.py:190} INFO - [2026-08-30T15:30:52.849+0000] {dagbag.py:588} INFO - Filling up the DagBag from /opt/airflow/dags/04_parallel_weather.py
[2026-08-30T15:30:52.859+0000] {processor.py:925} INFO - DAG(s) 'parallel_weather_dag' retrieved from /opt/airflow/dags/04_parallel_weather.py
[2026-08-30T15:30:52.900+0000] {logging_mixin.py:190} INFO - [2026-08-30T15:30:52.900+0000] {dag.py:3239} INFO - Sync 1 DAGs
[2026-08-30T15:30:52.916+0000] {logging_mixin.py:190} INFO - [2026-08-30T15:30:52.915+0000] {dag.py:4180} INFO - Setting next_dagrun for parallel_weather_dag to None, run_after=None
[2026-08-30T15:30:52.940+0000] {processor.py:208} INFO - Processing /opt/airflow/dags/04_parallel_weather.py took 0.101 seconds
[2026-08-30T15:31:23.881+0000] {processor.py:186} INFO - Started process (PID=493) to work on /opt/airflow/dags/04_parallel_weather.py
[2026-08-30T15:31:23.884+0000] {processor.py:914} INFO - Processing file /opt/airflow/dags/04_parallel_weather.py for tasks to queue
[2026-08-30T15:31:23.888+0000] {logging_mixin.py:190} INFO - [2026-08-30T15:31:23.888+0000] {dagbag.py:588} INFO - Filling up the DagBag from /opt/airflow/dags/04_parallel_weather.py
[2026-08-30T15:31:23.910+0000] {processor.py:925} INFO - DAG(s) 'parallel_weather_dag' retrieved from /opt/airflow/dags/04_parallel_weather.py
[2026-08-30T15:31:23.930+0000] {logging_mixin.py:190} INFO - [2026-08-30T15:31:23.930+0000] {dag.py:3239} INFO - Sync 1 DAGs
[2026-08-30T15:31:23.939+0000] {logging_mixin.py:190} INFO - [2026-08-30T15:31:23.939+0000] {dag.py:4180} INFO - Setting next_dagrun for parallel_weather_dag to None, run_after=None
[2026-08-30T15:31:23.954+0000] {processor.py:208} INFO - Processing /opt/airflow/dags/04_parallel_weather.py took 0.079 seconds
[2026-08-30T15:31:54.752+0000] {processor.py:186} INFO - Started process (PID=505) to work on /opt/airflow/dags/04_parallel_weather.py
[2026-08-30T15:31:54.753+0000] {processor.py:914} INFO - Processing file /opt/airflow/dags/04_parallel_weather.py for tasks to queue
[2026-08-30T15:31:54.754+0000] {logging_mixin.py:190} INFO - [2026-08-30T15:31:54.754+0000] {dagbag.py:588} INFO - Filling up the DagBag from /opt/airflow/dags/04_parallel_weather.py
[2026-08-30T15:31:54.760+0000] {processor.py:925} INFO - DAG(s) 'parallel_weather_dag' retrieved from /opt/airflow/dags/04_parallel_weather.py
[2026-08-30T15:31:54.776+0000] {logging_mixin.py:190} INFO - [2026-08-30T15:31:54.776+0000] {dag.py:3239} INFO - Sync 1 DAGs
[2026-08-30T15:31:54.783+0000] {logging_mixin.py:190} INFO - [2026-08-30T15:31:54.782+0000] {dag.py:4180} INFO - Setting next_dagrun for parallel_weather_dag to None, run_after=None
[2026-08-30T15:31:54.790+0000] {processor.py:208} INFO - Processing /opt/airflow/dags/04_parallel_weather.py took 0.042 seconds
[2026-08-30T15:32:25.718+0000] {processor.py:186} INFO - Started process (PID=516) to work on /opt/airflow/dags/04_parallel_weather.py
[2026-08-30T15:32:25.719+0000] {processor.py:914} INFO - Processing file /opt/airflow/dags/04_parallel_weather.py for tasks to queue
[2026-08-30T15:32:25.720+0000] {logging_mixin.py:190} INFO - [2026-08-30T15:32:25.720+0000] {dagbag.py:588} INFO - Filling up the DagBag from /opt/airflow/dags/04_parallel_weather.py
[2026-08-30T15:32:25.727+0000] {processor.py:925} INFO - DAG(s) 'parallel_weather_dag' retrieved from /opt/airflow/dags/04_parallel_weather.py
[2026-08-30T15:32:25.750+0000] {logging_mixin.py:190} INFO - [2026-08-30T15:32:25.749+0000] {dag.py:3239} INFO - Sync 1 DAGs
[2026-08-30T15:32:25.757+0000] {logging_mixin.py:190} INFO - [2026-08-30T15:32:25.757+0000] {dag.py:4180} INFO - Setting next_dagrun for parallel_weather_dag to None, run_after=None
[2026-08-30T15:32:25.765+0000] {processor.py:208} INFO - Processing /opt/airflow/dags/04_parallel_weather.py took 0.051 seconds
[2026-08-30T15:32:56.622+0000] {processor.py:186} INFO - Started process (PID=528) to work on /opt/airflow/dags/04_parallel_weather.py
[2026-08-30T15:32:56.623+0000] {processor.py:914} INFO - Processing file /opt/airflow/dags/04_parallel_weather.py for tasks to queue
[2026-08-30T15:32:56.624+0000] {logging_mixin.py:190} INFO - [2026-08-30T15:32:56.624+0000] {dagbag.py:588} INFO - Filling up the DagBag from /opt/airflow/dags/04_parallel_weather.py
[2026-08-30T15:32:56.633+0000] {processor.py:925} INFO - DAG(s) 'parallel_weather_dag' retrieved from /opt/airflow/dags/04_parallel_weather.py
[2026-08-30T15:32:56.665+0000] {logging_mixin.py:190} INFO - [2026-08-30T15:32:56.665+0000] {dag.py:3239} INFO - Sync 1 DAGs
[2026-08-30T15:32:56.680+0000] {logging_mixin.py:190} INFO - [2026-08-30T15:32:56.680+0000] {dag.py:4180} INFO - Setting next_dagrun for parallel_weather_dag to None, run_after=None
[2026-08-30T15:32:56.698+0000] {processor.py:208} INFO - Processing /opt/airflow/dags/04_parallel_weather.py took 0.085 seconds
[2026-08-30T15:33:27.483+0000] {processor.py:186} INFO - Started process (PID=540) to work on /opt/airflow/dags/04_parallel_weather.py
[2026-08-30T15:33:27.484+0000] {processor.py:914} INFO - Processing file /opt/airflow/dags/04_parallel_weather.py for tasks to queue
[2026-08-30T15:33:27.485+0000] {logging_mixin.py:190} INFO - [2026-08-30T15:33:27.485+0000] {dagbag.py:588} INFO - Filling up the DagBag from /opt/airflow/dags/04_parallel_weather.py
[2026-08-30T15:33:27.492+0000] {processor.py:925} INFO - DAG(s) 'parallel_weather_dag' retrieved from /opt/airflow/dags/04_parallel_weather.py
[2026-08-30T15:33:27.508+0000] {logging_mixin.py:190} INFO - [2026-08-30T15:33:27.508+0000] {dag.py:3239} INFO - Sync 1 DAGs
[2026-08-30T15:33:27.515+0000] {logging_mixin.py:190} INFO - [2026-08-30T15:33:27.515+0000] {dag.py:4180} INFO - Setting next_dagrun for parallel_weather_dag to None, run_after=None
[2026-08-30T15:33:27.523+0000] {processor.py:208} INFO - Processing /opt/airflow/dags/04_parallel_weather.py took 0.047 seconds
[2026-08-30T15:33:58.295+0000] {processor.py:186} INFO - Started process (PID=552) to work on /opt/airflow/dags/04_parallel_weather.py
[2026-08-30T15:33:58.296+0000] {processor.py:914} INFO - Processing file /opt/airflow/dags/04_parallel_weather.py for tasks to queue
[2026-08-30T15:33:58.297+0000] {logging_mixin.py:190} INFO - [2026-08-30T15:33:58.297+0000] {dagbag.py:588} INFO - Filling up the DagBag from /opt/airflow/dags/04_parallel_weather.py
[2026-08-30T15:33:58.303+0000] {processor.py:925} INFO - DAG(s) 'parallel_weather_dag' retrieved from /opt/airflow/dags/04_parallel_weather.py
[2026-08-30T15:33:58.321+0000] {logging_mixin.py:190} INFO - [2026-08-30T15:33:58.321+0000] {dag.py:3239} INFO - Sync 1 DAGs
[2026-08-30T15:33:58.327+0000] {logging_mixin.py:190} INFO - [2026-08-30T15:33:58.327+0000] {dag.py:4180} INFO - Setting next_dagrun for parallel_weather_dag to None, run_after=None
[2026-08-30T15:33:58.335+0000] {processor.py:208} INFO - Processing /opt/airflow/dags/04_parallel_weather.py took 0.044 seconds
[2026-08-30T15:34:29.120+0000] {processor.py:186} INFO - Started process (PID=564) to work on /opt/airflow/dags/04_parallel_weather.py
[2026-08-30T15:34:29.122+0000] {processor.py:914} INFO - Processing file /opt/airflow/dags/04_parallel_weather.py for tasks to queue
[2026-08-30T15:34:29.123+0000] {logging_mixin.py:190} INFO - [2026-08-30T15:34:29.123+0000] {dagbag.py:588} INFO - Filling up the DagBag from /opt/airflow/dags/04_parallel_weather.py
[2026-08-30T15:34:29.131+0000] {processor.py:925} INFO - DAG(s) 'parallel_weather_dag' retrieved from /opt/airflow/dags/04_parallel_weather.py
[2026-08-30T15:34:29.157+0000] {logging_mixin.py:190} INFO - [2026-08-30T15:34:29.157+0000] {dag.py:3239} INFO - Sync 1 DAGs
[2026-08-30T15:34:29.166+0000] {logging_mixin.py:190} INFO - [2026-08-30T15:34:29.166+0000] {dag.py:4180} INFO - Setting next_dagrun for parallel_weather_dag to None, run_after=None
[2026-08-30T15:34:29.177+0000] {processor.py:208} INFO - Processing /opt/airflow/dags/04_parallel_weather.py took 0.061 seconds
[2026-08-30T15:34:59.966+0000] {processor.py:186} INFO - Started process (PID=576) to work on /opt/airflow/dags/04_parallel_weather.py
[2026-08-30T15:34:59.967+0000] {processor.py:914} INFO - Processing file /opt/airflow/dags/04_parallel_weather.py for tasks to queue
[2026-08-30T15:34:59.969+0000] {logging_mixin.py:190} INFO - [2026-08-30T15:34:59.969+0000] {dagbag.py:588} INFO - Filling up the DagBag from /opt/airflow/dags/04_parallel_weather.py
[2026-08-30T15:34:59.976+0000] {processor.py:925} INFO - DAG(s) 'parallel_weather_dag' retrieved from /opt/airflow/dags/04_parallel_weather.py
[2026-08-30T15:34:59.992+0000] {logging_mixin.py:190} INFO - [2026-08-30T15:34:59.992+0000] {dag.py:3239} INFO - Sync 1 DAGs
[2026-08-30T15:34:59.999+0000] {logging_mixin.py:190} INFO - [2026-08-30T15:34:59.999+0000] {dag.py:4180} INFO - Setting next_dagrun for parallel_weather_dag to None, run_after=None
[2026-08-30T15:35:00.007+0000] {processor.py:208} INFO - Processing /opt/airflow/dags/04_parallel_weather.py took 0.045 seconds
[2026-08-30T15:35:30.707+0000] {processor.py:186} INFO - Started process (PID=589) to work on /opt/airflow/dags/04_parallel_weather.py
[2026-08-30T15:35:30.708+0000] {processor.py:914} INFO - Processing file /opt/airflow/dags/04_parallel_weather.py for tasks to queue
[2026-08-30T15:35:30.710+0000] {logging_mixin.py:190} INFO - [2026-08-30T15:35:30.710+0000] {dagbag.py:588} INFO - Filling up the DagBag from /opt/airflow/dags/04_parallel_weather.py
[2026-08-30T15:35:30.716+0000] {processor.py:925} INFO - DAG(s) 'parallel_weather_dag' retrieved from /opt/airflow/dags/04_parallel_weather.py
[2026-08-30T15:35:30.732+0000] {logging_mixin.py:190} INFO - [2026-08-30T15:35:30.732+0000] {dag.py:3239} INFO - Sync 1 DAGs
[2026-08-30T15:35:30.739+0000] {logging_mixin.py:190} INFO - [2026-08-30T15:35:30.738+0000] {dag.py:4180} INFO - Setting next_dagrun for parallel_weather_dag to None, run_after=None
[2026-08-30T15:35:30.746+0000] {processor.py:208} INFO - Processing /opt/airflow/dags/04_parallel_weather.py took 0.047 seconds
[2026-08-30T15:36:01.551+0000] {processor.py:186} INFO - Started process (PID=601) to work on /opt/airflow/dags/04_parallel_weather.py
[2026-08-30T15:36:01.553+0000] {processor.py:914} INFO - Processing file /opt/airflow/dags/04_parallel_weather.py for tasks to queue
[2026-08-30T15:36:01.554+0000] {logging_mixin.py:190} INFO - [2026-08-30T15:36:01.554+0000] {dagbag.py:588} INFO - Filling up the DagBag from /opt/airflow/dags/04_parallel_weather.py
[2026-08-30T15:36:01.561+0000] {processor.py:925} INFO - DAG(s) 'parallel_weather_dag' retrieved from /opt/airflow/dags/04_parallel_weather.py
[2026-08-30T15:36:01.578+0000] {logging_mixin.py:190} INFO - [2026-08-30T15:36:01.578+0000] {dag.py:3239} INFO - Sync 1 DAGs
[2026-08-30T15:36:01.587+0000] {logging_mixin.py:190} INFO - [2026-08-30T15:36:01.586+0000] {dag.py:4180} INFO - Setting next_dagrun for parallel_weather_dag to None, run_after=None
[2026-08-30T15:36:01.595+0000] {processor.py:208} INFO - Processing /opt/airflow/dags/04_parallel_weather.py took 0.050 seconds
[2026-08-30T15:36:32.378+0000] {processor.py:186} INFO - Started process (PID=613) to work on /opt/airflow/dags/04_parallel_weather.py
[2026-08-30T15:36:32.380+0000] {processor.py:914} INFO - Processing file /opt/airflow/dags/04_parallel_weather.py for tasks to queue
[2026-08-30T15:36:32.381+0000] {logging_mixin.py:190} INFO - [2026-08-30T15:36:32.381+0000] {dagbag.py:588} INFO - Filling up the DagBag from /opt/airflow/dags/04_parallel_weather.py
[2026-08-30T15:36:32.391+0000] {processor.py:925} INFO - DAG(s) 'parallel_weather_dag' retrieved from /opt/airflow/dags/04_parallel_weather.py
[2026-08-30T15:36:32.411+0000] {logging_mixin.py:190} INFO - [2026-08-30T15:36:32.411+0000] {dag.py:3239} INFO - Sync 1 DAGs
[2026-08-30T15:36:32.418+0000] {logging_mixin.py:190} INFO - [2026-08-30T15:36:32.418+0000] {dag.py:4180} INFO - Setting next_dagrun for parallel_weather_dag to None, run_after=None
[2026-08-30T15:36:32.426+0000] {processor.py:208} INFO - Processing /opt/airflow/dags/04_parallel_weather.py took 0.053 seconds
[2026-08-30T15:37:03.208+0000] {processor.py:186} INFO - Started process (PID=625) to work on /opt/airflow/dags/04_parallel_weather.py
[2026-08-30T15:37:03.209+0000] {processor.py:914} INFO - Processing file /opt/airflow/dags/04_parallel_weather.py for tasks to queue
[2026-08-30T15:37:03.211+0000] {logging_mixin.py:190} INFO - [2026-08-30T15:37:03.211+0000] {dagbag.py:588} INFO - Filling up the DagBag from /opt/airflow/dags/04_parallel_weather.py
[2026-08-30T15:37:03.217+0000] {processor.py:925} INFO - DAG(s) 'parallel_weather_dag' retrieved from /opt/airflow/dags/04_parallel_weather.py
[2026-08-30T15:37:03.234+0000] {logging_mixin.py:190} INFO - [2026-08-30T15:37:03.234+0000] {dag.py:3239} INFO - Sync 1 DAGs
[2026-08-30T15:37:03.241+0000] {logging_mixin.py:190} INFO - [2026-08-30T15:37:03.240+0000] {dag.py:4180} INFO - Setting next_dagrun for parallel_weather_dag to None, run_after=None
[2026-08-30T15:37:03.249+0000] {processor.py:208} INFO - Processing /opt/airflow/dags/04_parallel_weather.py took 0.045 seconds
[2026-08-30T15:37:34.107+0000] {processor.py:186} INFO - Started process (PID=637) to work on /opt/airflow/dags/04_parallel_weather.py
[2026-08-30T15:37:34.108+0000] {processor.py:914} INFO - Processing file /opt/airflow/dags/04_parallel_weather.py for tasks to queue
[2026-08-30T15:37:34.110+0000] {logging_mixin.py:190} INFO - [2026-08-30T15:37:34.109+0000] {dagbag.py:588} INFO - Filling up the DagBag from /opt/airflow/dags/04_parallel_weather.py
[2026-08-30T15:37:34.117+0000] {processor.py:925} INFO - DAG(s) 'parallel_weather_dag' retrieved from /opt/airflow/dags/04_parallel_weather.py
[2026-08-30T15:37:34.134+0000] {logging_mixin.py:190} INFO - [2026-08-30T15:37:34.134+0000] {dag.py:3239} INFO - Sync 1 DAGs
[2026-08-30T15:37:34.141+0000] {logging_mixin.py:190} INFO - [2026-08-30T15:37:34.141+0000] {dag.py:4180} INFO - Setting next_dagrun for parallel_weather_dag to None, run_after=None
[2026-08-30T15:37:34.149+0000] {processor.py:208} INFO - Processing /opt/airflow/dags/04_parallel_weather.py took 0.047 seconds
[2026-08-30T15:38:04.929+0000] {processor.py:186} INFO - Started process (PID=649) to work on /opt/airflow/dags/04_parallel_weather.py
[2026-08-30T15:38:04.932+0000] {processor.py:914} INFO - Processing file /opt/airflow/dags/04_parallel_weather.py for tasks to queue
[2026-08-30T15:38:04.934+0000] {logging_mixin.py:190} INFO - [2026-08-30T15:38:04.934+0000] {dagbag.py:588} INFO - Filling up the DagBag from /opt/airflow/dags/04_parallel_weather.py
[2026-08-30T15:38:04.942+0000] {processor.py:925} INFO - DAG(s) 'parallel_weather_dag' retrieved from /opt/airflow/dags/04_parallel_weather.py
[2026-08-30T15:38:04.960+0000] {logging_mixin.py:190} INFO - [2026-08-30T15:38:04.960+0000] {dag.py:3239} INFO - Sync 1 DAGs
[2026-08-30T15:38:04.968+0000] {logging_mixin.py:190} INFO - [2026-08-30T15:38:04.967+0000] {dag.py:4180} INFO - Setting next_dagrun for parallel_weather_dag to None, run_after=None
[2026-08-30T15:38:04.975+0000] {processor.py:208} INFO - Processing /opt/airflow/dags/04_parallel_weather.py took 0.051 seconds
[2026-08-30T15:38:35.748+0000] {processor.py:186} INFO - Started process (PID=661) to work on /opt/airflow/dags/04_parallel_weather.py
[2026-08-30T15:38:35.749+0000] {processor.py:914} INFO - Processing file /opt/airflow/dags/04_parallel_weather.py for tasks to queue
[2026-08-30T15:38:35.750+0000] {logging_mixin.py:190} INFO - [2026-08-30T15:38:35.750+0000] {dagbag.py:588} INFO - Filling up the DagBag from /opt/airflow/dags/04_parallel_weather.py
[2026-08-30T15:38:35.757+0000] {processor.py:925} INFO - DAG(s) 'parallel_weather_dag' retrieved from /opt/airflow/dags/04_parallel_weather.py
[2026-08-30T15:38:35.778+0000] {logging_mixin.py:190} INFO - [2026-08-30T15:38:35.778+0000] {dag.py:3239} INFO - Sync 1 DAGs
[2026-08-30T15:38:35.785+0000] {logging_mixin.py:190} INFO - [2026-08-30T15:38:35.785+0000] {dag.py:4180} INFO - Setting next_dagrun for parallel_weather_dag to None, run_after=None
[2026-08-30T15:38:35.792+0000] {processor.py:208} INFO - Processing /opt/airflow/dags/04_parallel_weather.py took 0.048 seconds
[2026-08-30T15:39:06.532+0000] {processor.py:186} INFO - Started process (PID=673) to work on /opt/airflow/dags/04_parallel_weather.py
[2026-08-30T15:39:06.533+0000] {processor.py:914} INFO - Processing file /opt/airflow/dags/04_parallel_weather.py for tasks to queue
[2026-08-30T15:39:06.535+0000] {logging_mixin.py:190} INFO - [2026-08-30T15:39:06.535+0000] {dagbag.py:588} INFO - Filling up the DagBag from /opt/airflow/dags/04_parallel_weather.py
[2026-08-30T15:39:06.543+0000] {processor.py:925} INFO - DAG(s) 'parallel_weather_dag' retrieved from /opt/airflow/dags/04_parallel_weather.py
[2026-08-30T15:39:06.564+0000] {logging_mixin.py:190} INFO - [2026-08-30T15:39:06.564+0000] {dag.py:3239} INFO - Sync 1 DAGs
[2026-08-30T15:39:06.573+0000] {logging_mixin.py:190} INFO - [2026-08-30T15:39:06.572+0000] {dag.py:4180} INFO - Setting next_dagrun for parallel_weather_dag to None, run_after=None
[2026-08-30T15:39:06.581+0000] {processor.py:208} INFO - Processing /opt/airflow/dags/04_parallel_weather.py took 0.055 seconds
[2026-08-30T15:39:37.445+0000] {processor.py:186} INFO - Started process (PID=685) to work on /opt/airflow/dags/04_parallel_weather.py
[2026-08-30T15:39:37.446+0000] {processor.py:914} INFO - Processing file /opt/airflow/dags/04_parallel_weather.py for tasks to queue
[2026-08-30T15:39:37.447+0000] {logging_mixin.py:190} INFO - [2026-08-30T15:39:37.447+0000] {dagbag.py:588} INFO - Filling up the DagBag from /opt/airflow/dags/04_parallel_weather.py
[2026-08-30T15:39:37.453+0000] {processor.py:925} INFO - DAG(s) 'parallel_weather_dag' retrieved from /opt/airflow/dags/04_parallel_weather.py
[2026-08-30T15:39:37.472+0000] {logging_mixin.py:190} INFO - [2026-08-30T15:39:37.471+0000] {dag.py:3239} INFO - Sync 1 DAGs
[2026-08-30T15:39:37.479+0000] {logging_mixin.py:190} INFO - [2026-08-30T15:39:37.479+0000] {dag.py:4180} INFO - Setting next_dagrun for parallel_weather_dag to None, run_after=None
[2026-08-30T15:39:37.487+0000] {processor.py:208} INFO - Processing /opt/airflow/dags/04_parallel_weather.py took 0.048 seconds
[2026-08-30T15:40:08.241+0000] {processor.py:186} INFO - Started process (PID=697) to work on /opt/airflow/dags/04_parallel_weather.py
[2026-08-30T15:40:08.242+0000] {processor.py:914} INFO - Processing file /opt/airflow/dags/04_parallel_weather.py for tasks to queue
[2026-08-30T15:40:08.244+0000] {logging_mixin.py:190} INFO - [2026-08-30T15:40:08.244+0000] {dagbag.py:588} INFO - Filling up the DagBag from /opt/airflow/dags/04_parallel_weather.py
[2026-08-30T15:40:08.253+0000] {processor.py:925} INFO - DAG(s) 'parallel_weather_dag' retrieved from /opt/airflow/dags/04_parallel_weather.py
[2026-08-30T15:40:08.269+0000] {logging_mixin.py:190} INFO - [2026-08-30T15:40:08.269+0000] {dag.py:3239} INFO - Sync 1 DAGs
[2026-08-30T15:40:08.275+0000] {logging_mixin.py:190} INFO - [2026-08-30T15:40:08.275+0000] {dag.py:4180} INFO - Setting next_dagrun for parallel_weather_dag to None, run_after=None
[2026-08-30T15:40:08.283+0000] {processor.py:208} INFO - Processing /opt/airflow/dags/04_parallel_weather.py took 0.045 seconds
[2026-08-30T15:40:39.013+0000] {processor.py:186} INFO - Started process (PID=709) to work on /opt/airflow/dags/04_parallel_weather.py
[2026-08-30T15:40:39.015+0000] {processor.py:914} INFO - Processing file /opt/airflow/dags/04_parallel_weather.py for tasks to queue
[2026-08-30T15:40:39.016+0000] {logging_mixin.py:190} INFO - [2026-08-30T15:40:39.016+0000] {dagbag.py:588} INFO - Filling up the DagBag from /opt/airflow/dags/04_parallel_weather.py
[2026-08-30T15:40:39.023+0000] {processor.py:925} INFO - DAG(s) 'parallel_weather_dag' retrieved from /opt/airflow/dags/04_parallel_weather.py
[2026-08-30T15:40:39.040+0000] {logging_mixin.py:190} INFO - [2026-08-30T15:40:39.040+0000] {dag.py:3239} INFO - Sync 1 DAGs
[2026-08-30T15:40:39.047+0000] {logging_mixin.py:190} INFO - [2026-08-30T15:40:39.047+0000] {dag.py:4180} INFO - Setting next_dagrun for parallel_weather_dag to None, run_after=None
[2026-08-30T15:40:39.054+0000] {processor.py:208} INFO - Processing /opt/airflow/dags/04_parallel_weather.py took 0.049 seconds
[2026-08-30T15:41:09.768+0000] {processor.py:186} INFO - Started process (PID=721) to work on /opt/airflow/dags/04_parallel_weather.py
[2026-08-30T15:41:09.769+0000] {processor.py:914} INFO - Processing file /opt/airflow/dags/04_parallel_weather.py for tasks to queue
[2026-08-30T15:41:09.771+0000] {logging_mixin.py:190} INFO - [2026-08-30T15:41:09.771+0000] {dagbag.py:588} INFO - Filling up the DagBag from /opt/airflow/dags/04_parallel_weather.py
[2026-08-30T15:41:09.779+0000] {processor.py:925} INFO - DAG(s) 'parallel_weather_dag' retrieved from /opt/airflow/dags/04_parallel_weather.py
[2026-08-30T15:41:09.795+0000] {logging_mixin.py:190} INFO - [2026-08-30T15:41:09.795+0000] {dag.py:3239} INFO - Sync 1 DAGs
[2026-08-30T15:41:09.802+0000] {logging_mixin.py:190} INFO - [2026-08-30T15:41:09.802+0000] {dag.py:4180} INFO - Setting next_dagrun for parallel_weather_dag to None, run_after=None
[2026-08-30T15:41:09.810+0000] {processor.py:208} INFO - Processing /opt/airflow/dags/04_parallel_weather.py took 0.046 seconds
[2026-08-30T15:41:40.566+0000] {processor.py:186} INFO - Started process (PID=733) to work on /opt/airflow/dags/04_parallel_weather.py
[2026-08-30T15:41:40.567+0000] {processor.py:914} INFO - Processing file /opt/airflow/dags/04_parallel_weather.py for tasks to queue
[2026-08-30T15:41:40.569+0000] {logging_mixin.py:190} INFO - [2026-08-30T15:41:40.568+0000] {dagbag.py:588} INFO - Filling up the DagBag from /opt/airflow/dags/04_parallel_weather.py
[2026-08-30T15:41:40.575+0000] {processor.py:925} INFO - DAG(s) 'parallel_weather_dag' retrieved from /opt/airflow/dags/04_parallel_weather.py
[2026-08-30T15:41:40.592+0000] {logging_mixin.py:190} INFO - [2026-08-30T15:41:40.592+0000] {dag.py:3239} INFO - Sync 1 DAGs
[2026-08-30T15:41:40.598+0000] {logging_mixin.py:190} INFO - [2026-08-30T15:41:40.598+0000] {dag.py:4180} INFO - Setting next_dagrun for parallel_weather_dag to None, run_after=None
[2026-08-30T15:41:40.606+0000] {processor.py:208} INFO - Processing /opt/airflow/dags/04_parallel_weather.py took 0.043 seconds
[2026-08-30T15:42:11.331+0000] {processor.py:186} INFO - Started process (PID=745) to work on /opt/airflow/dags/04_parallel_weather.py
[2026-08-30T15:42:11.332+0000] {processor.py:914} INFO - Processing file /opt/airflow/dags/04_parallel_weather.py for tasks to queue
[2026-08-30T15:42:11.334+0000] {logging_mixin.py:190} INFO - [2026-08-30T15:42:11.334+0000] {dagbag.py:588} INFO - Filling up the DagBag from /opt/airflow/dags/04_parallel_weather.py
[2026-08-30T15:42:11.340+0000] {processor.py:925} INFO - DAG(s) 'parallel_weather_dag' retrieved from /opt/airflow/dags/04_parallel_weather.py
[2026-08-30T15:42:11.357+0000] {logging_mixin.py:190} INFO - [2026-08-30T15:42:11.357+0000] {dag.py:3239} INFO - Sync 1 DAGs
[2026-08-30T15:42:11.364+0000] {logging_mixin.py:190} INFO - [2026-08-30T15:42:11.364+0000] {dag.py:4180} INFO - Setting next_dagrun for parallel_weather_dag to None, run_after=None
[2026-08-30T15:42:11.372+0000] {processor.py:208} INFO - Processing /opt/airflow/dags/04_parallel_weather.py took 0.046 seconds
[2026-08-30T15:42:42.082+0000] {processor.py:186} INFO - Started process (PID=757) to work on /opt/airflow/dags/04_parallel_weather.py
[2026-08-30T15:42:42.083+0000] {processor.py:914} INFO - Processing file /opt/airflow/dags/04_parallel_weather.py for tasks to queue
[2026-08-30T15:42:42.084+0000] {logging_mixin.py:190} INFO - [2026-08-30T15:42:42.084+0000] {dagbag.py:588} INFO - Filling up the DagBag from /opt/airflow/dags/04_parallel_weather.py
[2026-08-30T15:42:42.092+0000] {processor.py:925} INFO - DAG(s) 'parallel_weather_dag' retrieved from /opt/airflow/dags/04_parallel_weather.py
[2026-08-30T15:42:42.108+0000] {logging_mixin.py:190} INFO - [2026-08-30T15:42:42.108+0000] {dag.py:3239} INFO - Sync 1 DAGs
[2026-08-30T15:42:42.115+0000] {logging_mixin.py:190} INFO - [2026-08-30T15:42:42.115+0000] {dag.py:4180} INFO - Setting next_dagrun for parallel_weather_dag to None, run_after=None
[2026-08-30T15:42:42.123+0000] {processor.py:208} INFO - Processing /opt/airflow/dags/04_parallel_weather.py took 0.045 seconds
[2026-08-30T15:43:12.944+0000] {processor.py:186} INFO - Started process (PID=769) to work on /opt/airflow/dags/04_parallel_weather.py
[2026-08-30T15:43:12.945+0000] {processor.py:914} INFO - Processing file /opt/airflow/dags/04_parallel_weather.py for tasks to queue
[2026-08-30T15:43:12.947+0000] {logging_mixin.py:190} INFO - [2026-08-30T15:43:12.946+0000] {dagbag.py:588} INFO - Filling up the DagBag from /opt/airflow/dags/04_parallel_weather.py
[2026-08-30T15:43:12.953+0000] {processor.py:925} INFO - DAG(s) 'parallel_weather_dag' retrieved from /opt/airflow/dags/04_parallel_weather.py
[2026-08-30T15:43:12.971+0000] {logging_mixin.py:190} INFO - [2026-08-30T15:43:12.971+0000] {dag.py:3239} INFO - Sync 1 DAGs
[2026-08-30T15:43:12.979+0000] {logging_mixin.py:190} INFO - [2026-08-30T15:43:12.979+0000] {dag.py:4180} INFO - Setting next_dagrun for parallel_weather_dag to None, run_after=None
[2026-08-30T15:43:12.990+0000] {processor.py:208} INFO - Processing /opt/airflow/dags/04_parallel_weather.py took 0.050 seconds
[2026-08-30T15:43:43.815+0000] {processor.py:186} INFO - Started process (PID=781) to work on /opt/airflow/dags/04_parallel_weather.py
[2026-08-30T15:43:43.816+0000] {processor.py:914} INFO - Processing file /opt/airflow/dags/04_parallel_weather.py for tasks to queue
[2026-08-30T15:43:43.818+0000] {logging_mixin.py:190} INFO - [2026-08-30T15:43:43.818+0000] {dagbag.py:588} INFO - Filling up the DagBag from /opt/airflow/dags/04_parallel_weather.py
[2026-08-30T15:43:43.824+0000] {processor.py:925} INFO - DAG(s) 'parallel_weather_dag' retrieved from /opt/airflow/dags/04_parallel_weather.py
[2026-08-30T15:43:43.840+0000] {logging_mixin.py:190} INFO - [2026-08-30T15:43:43.840+0000] {dag.py:3239} INFO - Sync 1 DAGs
[2026-08-30T15:43:43.846+0000] {logging_mixin.py:190} INFO - [2026-08-30T15:43:43.846+0000] {dag.py:4180} INFO - Setting next_dagrun for parallel_weather_dag to None, run_after=None
[2026-08-30T15:43:43.854+0000] {processor.py:208} INFO - Processing /opt/airflow/dags/04_parallel_weather.py took 0.042 seconds
[2026-08-30T15:44:14.578+0000] {processor.py:186} INFO - Started process (PID=793) to work on /opt/airflow/dags/04_parallel_weather.py
[2026-08-30T15:44:14.579+0000] {processor.py:914} INFO - Processing file /opt/airflow/dags/04_parallel_weather.py for tasks to queue
[2026-08-30T15:44:14.580+0000] {logging_mixin.py:190} INFO - [2026-08-30T15:44:14.580+0000] {dagbag.py:588} INFO - Filling up the DagBag from /opt/airflow/dags/04_parallel_weather.py
[2026-08-30T15:44:14.587+0000] {processor.py:925} INFO - DAG(s) 'parallel_weather_dag' retrieved from /opt/airflow/dags/04_parallel_weather.py
[2026-08-30T15:44:14.602+0000] {logging_mixin.py:190} INFO - [2026-08-30T15:44:14.602+0000] {dag.py:3239} INFO - Sync 1 DAGs
[2026-08-30T15:44:14.609+0000] {logging_mixin.py:190} INFO - [2026-08-30T15:44:14.609+0000] {dag.py:4180} INFO - Setting next_dagrun for parallel_weather_dag to None, run_after=None
[2026-08-30T15:44:14.616+0000] {processor.py:208} INFO - Processing /opt/airflow/dags/04_parallel_weather.py took 0.042 seconds
[2026-08-30T15:44:45.431+0000] {processor.py:186} INFO - Started process (PID=805) to work on /opt/airflow/dags/04_parallel_weather.py
[2026-08-30T15:44:45.433+0000] {processor.py:914} INFO - Processing file /opt/airflow/dags/04_parallel_weather.py for tasks to queue
[2026-08-30T15:44:45.435+0000] {logging_mixin.py:190} INFO - [2026-08-30T15:44:45.434+0000] {dagbag.py:588} INFO - Filling up the DagBag from /opt/airflow/dags/04_parallel_weather.py
[2026-08-30T15:44:45.443+0000] {processor.py:925} INFO - DAG(s) 'parallel_weather_dag' retrieved from /opt/airflow/dags/04_parallel_weather.py
[2026-08-30T15:44:45.463+0000] {logging_mixin.py:190} INFO - [2026-08-30T15:44:45.462+0000] {dag.py:3239} INFO - Sync 1 DAGs
[2026-08-30T15:44:45.470+0000] {logging_mixin.py:190} INFO - [2026-08-30T15:44:45.470+0000] {dag.py:4180} INFO - Setting next_dagrun for parallel_weather_dag to None, run_after=None
[2026-08-30T15:44:45.480+0000] {processor.py:208} INFO - Processing /opt/airflow/dags/04_parallel_weather.py took 0.054 seconds
[2026-08-30T15:45:16.211+0000] {processor.py:186} INFO - Started process (PID=818) to work on /opt/airflow/dags/04_parallel_weather.py
[2026-08-30T15:45:16.211+0000] {processor.py:914} INFO - Processing file /opt/airflow/dags/04_parallel_weather.py for tasks to queue
[2026-08-30T15:45:16.213+0000] {logging_mixin.py:190} INFO - [2026-08-30T15:45:16.213+0000] {dagbag.py:588} INFO - Filling up the DagBag from /opt/airflow/dags/04_parallel_weather.py
[2026-08-30T15:45:16.220+0000] {processor.py:925} INFO - DAG(s) 'parallel_weather_dag' retrieved from /opt/airflow/dags/04_parallel_weather.py
[2026-08-30T15:45:16.236+0000] {logging_mixin.py:190} INFO - [2026-08-30T15:45:16.236+0000] {dag.py:3239} INFO - Sync 1 DAGs
[2026-08-30T15:45:16.243+0000] {logging_mixin.py:190} INFO - [2026-08-30T15:45:16.243+0000] {dag.py:4180} INFO - Setting next_dagrun for parallel_weather_dag to None, run_after=None
[2026-08-30T15:45:16.251+0000] {processor.py:208} INFO - Processing /opt/airflow/dags/04_parallel_weather.py took 0.045 seconds
[2026-08-30T15:45:46.939+0000] {processor.py:186} INFO - Started process (PID=830) to work on /opt/airflow/dags/04_parallel_weather.py
[2026-08-30T15:45:46.940+0000] {processor.py:914} INFO - Processing file /opt/airflow/dags/04_parallel_weather.py for tasks to queue
[2026-08-30T15:45:46.942+0000] {logging_mixin.py:190} INFO - [2026-08-30T15:45:46.942+0000] {dagbag.py:588} INFO - Filling up the DagBag from /opt/airflow/dags/04_parallel_weather.py
[2026-08-30T15:45:46.949+0000] {processor.py:925} INFO - DAG(s) 'parallel_weather_dag' retrieved from /opt/airflow/dags/04_parallel_weather.py
[2026-08-30T15:45:46.974+0000] {logging_mixin.py:190} INFO - [2026-08-30T15:45:46.974+0000] {dag.py:3239} INFO - Sync 1 DAGs
[2026-08-30T15:45:46.982+0000] {logging_mixin.py:190} INFO - [2026-08-30T15:45:46.982+0000] {dag.py:4180} INFO - Setting next_dagrun for parallel_weather_dag to None, run_after=None
[2026-08-30T15:45:46.993+0000] {processor.py:208} INFO - Processing /opt/airflow/dags/04_parallel_weather.py took 0.058 seconds
[2026-08-30T15:46:17.880+0000] {processor.py:186} INFO - Started process (PID=842) to work on /opt/airflow/dags/04_parallel_weather.py
[2026-08-30T15:46:17.881+0000] {processor.py:914} INFO - Processing file /opt/airflow/dags/04_parallel_weather.py for tasks to queue
[2026-08-30T15:46:17.883+0000] {logging_mixin.py:190} INFO - [2026-08-30T15:46:17.883+0000] {dagbag.py:588} INFO - Filling up the DagBag from /opt/airflow/dags/04_parallel_weather.py
[2026-08-30T15:46:17.892+0000] {processor.py:925} INFO - DAG(s) 'parallel_weather_dag' retrieved from /opt/airflow/dags/04_parallel_weather.py
[2026-08-30T15:46:17.915+0000] {logging_mixin.py:190} INFO - [2026-08-30T15:46:17.915+0000] {dag.py:3239} INFO - Sync 1 DAGs
[2026-08-30T15:46:17.924+0000] {logging_mixin.py:190} INFO - [2026-08-30T15:46:17.923+0000] {dag.py:4180} INFO - Setting next_dagrun for parallel_weather_dag to None, run_after=None
[2026-08-30T15:46:17.933+0000] {processor.py:208} INFO - Processing /opt/airflow/dags/04_parallel_weather.py took 0.067 seconds
[2026-08-30T15:46:48.744+0000] {processor.py:186} INFO - Started process (PID=854) to work on /opt/airflow/dags/04_parallel_weather.py
[2026-08-30T15:46:48.745+0000] {processor.py:914} INFO - Processing file /opt/airflow/dags/04_parallel_weather.py for tasks to queue
[2026-08-30T15:46:48.747+0000] {logging_mixin.py:190} INFO - [2026-08-30T15:46:48.747+0000] {dagbag.py:588} INFO - Filling up the DagBag from /opt/airflow/dags/04_parallel_weather.py
[2026-08-30T15:46:48.757+0000] {processor.py:925} INFO - DAG(s) 'parallel_weather_dag' retrieved from /opt/airflow/dags/04_parallel_weather.py
[2026-08-30T15:46:48.783+0000] {logging_mixin.py:190} INFO - [2026-08-30T15:46:48.783+0000] {dag.py:3239} INFO - Sync 1 DAGs
[2026-08-30T15:46:48.793+0000] {logging_mixin.py:190} INFO - [2026-08-30T15:46:48.793+0000] {dag.py:4180} INFO - Setting next_dagrun for parallel_weather_dag to None, run_after=None
[2026-08-30T15:46:48.806+0000] {processor.py:208} INFO - Processing /opt/airflow/dags/04_parallel_weather.py took 0.069 seconds
[2026-08-30T15:47:19.692+0000] {processor.py:186} INFO - Started process (PID=866) to work on /opt/airflow/dags/04_parallel_weather.py
[2026-08-30T15:47:19.692+0000] {processor.py:914} INFO - Processing file /opt/airflow/dags/04_parallel_weather.py for tasks to queue
[2026-08-30T15:47:19.694+0000] {logging_mixin.py:190} INFO - [2026-08-30T15:47:19.694+0000] {dagbag.py:588} INFO - Filling up the DagBag from /opt/airflow/dags/04_parallel_weather.py
[2026-08-30T15:47:19.703+0000] {processor.py:925} INFO - DAG(s) 'parallel_weather_dag' retrieved from /opt/airflow/dags/04_parallel_weather.py
[2026-08-30T15:47:19.724+0000] {logging_mixin.py:190} INFO - [2026-08-30T15:47:19.724+0000] {dag.py:3239} INFO - Sync 1 DAGs
[2026-08-30T15:47:19.732+0000] {logging_mixin.py:190} INFO - [2026-08-30T15:47:19.732+0000] {dag.py:4180} INFO - Setting next_dagrun for parallel_weather_dag to None, run_after=None
[2026-08-30T15:47:19.740+0000] {processor.py:208} INFO - Processing /opt/airflow/dags/04_parallel_weather.py took 0.056 seconds
[2026-08-30T15:47:50.645+0000] {processor.py:186} INFO - Started process (PID=878) to work on /opt/airflow/dags/04_parallel_weather.py
[2026-08-30T15:47:50.645+0000] {processor.py:914} INFO - Processing file /opt/airflow/dags/04_parallel_weather.py for tasks to queue
[2026-08-30T15:47:50.647+0000] {logging_mixin.py:190} INFO - [2026-08-30T15:47:50.647+0000] {dagbag.py:588} INFO - Filling up the DagBag from /opt/airflow/dags/04_parallel_weather.py
[2026-08-30T15:47:50.654+0000] {processor.py:925} INFO - DAG(s) 'parallel_weather_dag' retrieved from /opt/airflow/dags/04_parallel_weather.py
[2026-08-30T15:47:50.671+0000] {logging_mixin.py:190} INFO - [2026-08-30T15:47:50.671+0000] {dag.py:3239} INFO - Sync 1 DAGs
[2026-08-30T15:47:50.678+0000] {logging_mixin.py:190} INFO - [2026-08-30T15:47:50.678+0000] {dag.py:4180} INFO - Setting next_dagrun for parallel_weather_dag to None, run_after=None
[2026-08-30T15:47:50.687+0000] {processor.py:208} INFO - Processing /opt/airflow/dags/04_parallel_weather.py took 0.048 seconds
[2026-08-30T15:48:21.421+0000] {processor.py:186} INFO - Started process (PID=890) to work on /opt/airflow/dags/04_parallel_weather.py
[2026-08-30T15:48:21.422+0000] {processor.py:914} INFO - Processing file /opt/airflow/dags/04_parallel_weather.py for tasks to queue
[2026-08-30T15:48:21.423+0000] {logging_mixin.py:190} INFO - [2026-08-30T15:48:21.423+0000] {dagbag.py:588} INFO - Filling up the DagBag from /opt/airflow/dags/04_parallel_weather.py
[2026-08-30T15:48:21.430+0000] {processor.py:925} INFO - DAG(s) 'parallel_weather_dag' retrieved from /opt/airflow/dags/04_parallel_weather.py
[2026-08-30T15:48:21.447+0000] {logging_mixin.py:190} INFO - [2026-08-30T15:48:21.446+0000] {dag.py:3239} INFO - Sync 1 DAGs
[2026-08-30T15:48:21.454+0000] {logging_mixin.py:190} INFO - [2026-08-30T15:48:21.454+0000] {dag.py:4180} INFO - Setting next_dagrun for parallel_weather_dag to None, run_after=None
[2026-08-30T15:48:21.462+0000] {processor.py:208} INFO - Processing /opt/airflow/dags/04_parallel_weather.py took 0.046 seconds
[2026-08-30T15:48:52.271+0000] {processor.py:186} INFO - Started process (PID=902) to work on /opt/airflow/dags/04_parallel_weather.py
[2026-08-30T15:48:52.273+0000] {processor.py:914} INFO - Processing file /opt/airflow/dags/04_parallel_weather.py for tasks to queue
[2026-08-30T15:48:52.275+0000] {logging_mixin.py:190} INFO - [2026-08-30T15:48:52.275+0000] {dagbag.py:588} INFO - Filling up the DagBag from /opt/airflow/dags/04_parallel_weather.py
[2026-08-30T15:48:52.283+0000] {processor.py:925} INFO - DAG(s) 'parallel_weather_dag' retrieved from /opt/airflow/dags/04_parallel_weather.py
[2026-08-30T15:48:52.300+0000] {logging_mixin.py:190} INFO - [2026-08-30T15:48:52.300+0000] {dag.py:3239} INFO - Sync 1 DAGs
[2026-08-30T15:48:52.307+0000] {logging_mixin.py:190} INFO - [2026-08-30T15:48:52.307+0000] {dag.py:4180} INFO - Setting next_dagrun for parallel_weather_dag to None, run_after=None
[2026-08-30T15:48:52.314+0000] {processor.py:208} INFO - Processing /opt/airflow/dags/04_parallel_weather.py took 0.049 seconds
[2026-08-30T15:49:23.127+0000] {processor.py:186} INFO - Started process (PID=914) to work on /opt/airflow/dags/04_parallel_weather.py
[2026-08-30T15:49:23.128+0000] {processor.py:914} INFO - Processing file /opt/airflow/dags/04_parallel_weather.py for tasks to queue
[2026-08-30T15:49:23.129+0000] {logging_mixin.py:190} INFO - [2026-08-30T15:49:23.129+0000] {dagbag.py:588} INFO - Filling up the DagBag from /opt/airflow/dags/04_parallel_weather.py
[2026-08-30T15:49:23.137+0000] {processor.py:925} INFO - DAG(s) 'parallel_weather_dag' retrieved from /opt/airflow/dags/04_parallel_weather.py
[2026-08-30T15:49:23.163+0000] {logging_mixin.py:190} INFO - [2026-08-30T15:49:23.162+0000] {dag.py:3239} INFO - Sync 1 DAGs
[2026-08-30T15:49:23.174+0000] {logging_mixin.py:190} INFO - [2026-08-30T15:49:23.173+0000] {dag.py:4180} INFO - Setting next_dagrun for parallel_weather_dag to None, run_after=None
[2026-08-30T15:49:23.239+0000] {processor.py:208} INFO - Processing /opt/airflow/dags/04_parallel_weather.py took 0.118 seconds
[2026-08-30T15:49:54.051+0000] {processor.py:186} INFO - Started process (PID=926) to work on /opt/airflow/dags/04_parallel_weather.py
[2026-08-30T15:49:54.053+0000] {processor.py:914} INFO - Processing file /opt/airflow/dags/04_parallel_weather.py for tasks to queue
[2026-08-30T15:49:54.054+0000] {logging_mixin.py:190} INFO - [2026-08-30T15:49:54.054+0000] {dagbag.py:588} INFO - Filling up the DagBag from /opt/airflow/dags/04_parallel_weather.py
[2026-08-30T15:49:54.061+0000] {processor.py:925} INFO - DAG(s) 'parallel_weather_dag' retrieved from /opt/airflow/dags/04_parallel_weather.py
[2026-08-30T15:49:54.077+0000] {logging_mixin.py:190} INFO - [2026-08-30T15:49:54.077+0000] {dag.py:3239} INFO - Sync 1 DAGs
[2026-08-30T15:49:54.084+0000] {logging_mixin.py:190} INFO - [2026-08-30T15:49:54.084+0000] {dag.py:4180} INFO - Setting next_dagrun for parallel_weather_dag to None, run_after=None
[2026-08-30T15:49:54.091+0000] {processor.py:208} INFO - Processing /opt/airflow/dags/04_parallel_weather.py took 0.044 seconds
[2026-08-30T15:50:24.848+0000] {processor.py:186} INFO - Started process (PID=938) to work on /opt/airflow/dags/04_parallel_weather.py
[2026-08-30T15:50:24.849+0000] {processor.py:914} INFO - Processing file /opt/airflow/dags/04_parallel_weather.py for tasks to queue
[2026-08-30T15:50:24.850+0000] {logging_mixin.py:190} INFO - [2026-08-30T15:50:24.850+0000] {dagbag.py:588} INFO - Filling up the DagBag from /opt/airflow/dags/04_parallel_weather.py
[2026-08-30T15:50:24.857+0000] {processor.py:925} INFO - DAG(s) 'parallel_weather_dag' retrieved from /opt/airflow/dags/04_parallel_weather.py
[2026-08-30T15:50:24.873+0000] {logging_mixin.py:190} INFO - [2026-08-30T15:50:24.873+0000] {dag.py:3239} INFO - Sync 1 DAGs
[2026-08-30T15:50:24.879+0000] {logging_mixin.py:190} INFO - [2026-08-30T15:50:24.879+0000] {dag.py:4180} INFO - Setting next_dagrun for parallel_weather_dag to None, run_after=None
[2026-08-30T15:50:24.887+0000] {processor.py:208} INFO - Processing /opt/airflow/dags/04_parallel_weather.py took 0.043 seconds
[2026-08-30T15:50:55.670+0000] {processor.py:186} INFO - Started process (PID=950) to work on /opt/airflow/dags/04_parallel_weather.py
[2026-08-30T15:50:55.671+0000] {processor.py:914} INFO - Processing file /opt/airflow/dags/04_parallel_weather.py for tasks to queue
[2026-08-30T15:50:55.672+0000] {logging_mixin.py:190} INFO - [2026-08-30T15:50:55.672+0000] {dagbag.py:588} INFO - Filling up the DagBag from /opt/airflow/dags/04_parallel_weather.py
[2026-08-30T15:50:55.679+0000] {processor.py:925} INFO - DAG(s) 'parallel_weather_dag' retrieved from /opt/airflow/dags/04_parallel_weather.py
[2026-08-30T15:50:55.696+0000] {logging_mixin.py:190} INFO - [2026-08-30T15:50:55.696+0000] {dag.py:3239} INFO - Sync 1 DAGs
[2026-08-30T15:50:55.703+0000] {logging_mixin.py:190} INFO - [2026-08-30T15:50:55.703+0000] {dag.py:4180} INFO - Setting next_dagrun for parallel_weather_dag to None, run_after=None
[2026-08-30T15:50:55.710+0000] {processor.py:208} INFO - Processing /opt/airflow/dags/04_parallel_weather.py took 0.045 seconds
[2026-08-30T15:51:26.524+0000] {processor.py:186} INFO - Started process (PID=962) to work on /opt/airflow/dags/04_parallel_weather.py
[2026-08-30T15:51:26.525+0000] {processor.py:914} INFO - Processing file /opt/airflow/dags/04_parallel_weather.py for tasks to queue
[2026-08-30T15:51:26.527+0000] {logging_mixin.py:190} INFO - [2026-08-30T15:51:26.526+0000] {dagbag.py:588} INFO - Filling up the DagBag from /opt/airflow/dags/04_parallel_weather.py
[2026-08-30T15:51:26.533+0000] {processor.py:925} INFO - DAG(s) 'parallel_weather_dag' retrieved from /opt/airflow/dags/04_parallel_weather.py
[2026-08-30T15:51:26.555+0000] {logging_mixin.py:190} INFO - [2026-08-30T15:51:26.554+0000] {dag.py:3239} INFO - Sync 1 DAGs
[2026-08-30T15:51:26.562+0000] {logging_mixin.py:190} INFO - [2026-08-30T15:51:26.562+0000] {dag.py:4180} INFO - Setting next_dagrun for parallel_weather_dag to None, run_after=None
[2026-08-30T15:51:26.570+0000] {processor.py:208} INFO - Processing /opt/airflow/dags/04_parallel_weather.py took 0.049 seconds
[2026-08-30T15:51:57.400+0000] {processor.py:186} INFO - Started process (PID=974) to work on /opt/airflow/dags/04_parallel_weather.py
[2026-08-30T15:51:57.401+0000] {processor.py:914} INFO - Processing file /opt/airflow/dags/04_parallel_weather.py for tasks to queue
[2026-08-30T15:51:57.402+0000] {logging_mixin.py:190} INFO - [2026-08-30T15:51:57.402+0000] {dagbag.py:588} INFO - Filling up the DagBag from /opt/airflow/dags/04_parallel_weather.py
[2026-08-30T15:51:57.408+0000] {processor.py:925} INFO - DAG(s) 'parallel_weather_dag' retrieved from /opt/airflow/dags/04_parallel_weather.py
[2026-08-30T15:51:57.429+0000] {logging_mixin.py:190} INFO - [2026-08-30T15:51:57.429+0000] {dag.py:3239} INFO - Sync 1 DAGs
[2026-08-30T15:51:57.445+0000] {logging_mixin.py:190} INFO - [2026-08-30T15:51:57.445+0000] {dag.py:4180} INFO - Setting next_dagrun for parallel_weather_dag to None, run_after=None
[2026-08-30T15:51:57.460+0000] {processor.py:208} INFO - Processing /opt/airflow/dags/04_parallel_weather.py took 0.065 seconds
[2026-08-30T15:52:28.332+0000] {processor.py:186} INFO - Started process (PID=992) to work on /opt/airflow/dags/04_parallel_weather.py
[2026-08-30T15:52:28.333+0000] {processor.py:914} INFO - Processing file /opt/airflow/dags/04_parallel_weather.py for tasks to queue
[2026-08-30T15:52:28.334+0000] {logging_mixin.py:190} INFO - [2026-08-30T15:52:28.334+0000] {dagbag.py:588} INFO - Filling up the DagBag from /opt/airflow/dags/04_parallel_weather.py
[2026-08-30T15:52:28.342+0000] {processor.py:925} INFO - DAG(s) 'parallel_weather_dag' retrieved from /opt/airflow/dags/04_parallel_weather.py
[2026-08-30T15:52:28.381+0000] {logging_mixin.py:190} INFO - [2026-08-30T15:52:28.381+0000] {dag.py:3239} INFO - Sync 1 DAGs
[2026-08-30T15:52:28.389+0000] {logging_mixin.py:190} INFO - [2026-08-30T15:52:28.389+0000] {dag.py:4180} INFO - Setting next_dagrun for parallel_weather_dag to None, run_after=None
[2026-08-30T15:52:28.403+0000] {processor.py:208} INFO - Processing /opt/airflow/dags/04_parallel_weather.py took 0.076 seconds
[2026-08-30T15:52:59.161+0000] {processor.py:186} INFO - Started process (PID=1003) to work on /opt/airflow/dags/04_parallel_weather.py
[2026-08-30T15:52:59.162+0000] {processor.py:914} INFO - Processing file /opt/airflow/dags/04_parallel_weather.py for tasks to queue
[2026-08-30T15:52:59.163+0000] {logging_mixin.py:190} INFO - [2026-08-30T15:52:59.163+0000] {dagbag.py:588} INFO - Filling up the DagBag from /opt/airflow/dags/04_parallel_weather.py
[2026-08-30T15:52:59.169+0000] {processor.py:925} INFO - DAG(s) 'parallel_weather_dag' retrieved from /opt/airflow/dags/04_parallel_weather.py
[2026-08-30T15:52:59.185+0000] {logging_mixin.py:190} INFO - [2026-08-30T15:52:59.185+0000] {dag.py:3239} INFO - Sync 1 DAGs
[2026-08-30T15:52:59.192+0000] {logging_mixin.py:190} INFO - [2026-08-30T15:52:59.192+0000] {dag.py:4180} INFO - Setting next_dagrun for parallel_weather_dag to None, run_after=None
[2026-08-30T15:52:59.200+0000] {processor.py:208} INFO - Processing /opt/airflow/dags/04_parallel_weather.py took 0.043 seconds
[2026-08-30T15:53:29.949+0000] {processor.py:186} INFO - Started process (PID=1014) to work on /opt/airflow/dags/04_parallel_weather.py
[2026-08-30T15:53:29.951+0000] {processor.py:914} INFO - Processing file /opt/airflow/dags/04_parallel_weather.py for tasks to queue
[2026-08-30T15:53:29.952+0000] {logging_mixin.py:190} INFO - [2026-08-30T15:53:29.952+0000] {dagbag.py:588} INFO - Filling up the DagBag from /opt/airflow/dags/04_parallel_weather.py
[2026-08-30T15:53:29.959+0000] {processor.py:925} INFO - DAG(s) 'parallel_weather_dag' retrieved from /opt/airflow/dags/04_parallel_weather.py
[2026-08-30T15:53:29.984+0000] {logging_mixin.py:190} INFO - [2026-08-30T15:53:29.984+0000] {dag.py:3239} INFO - Sync 1 DAGs
[2026-08-30T15:53:29.993+0000] {logging_mixin.py:190} INFO - [2026-08-30T15:53:29.993+0000] {dag.py:4180} INFO - Setting next_dagrun for parallel_weather_dag to None, run_after=None
[2026-08-30T15:53:30.007+0000] {processor.py:208} INFO - Processing /opt/airflow/dags/04_parallel_weather.py took 0.063 seconds
[2026-08-30T15:54:00.800+0000] {processor.py:186} INFO - Started process (PID=1026) to work on /opt/airflow/dags/04_parallel_weather.py
[2026-08-30T15:54:00.801+0000] {processor.py:914} INFO - Processing file /opt/airflow/dags/04_parallel_weather.py for tasks to queue
[2026-08-30T15:54:00.802+0000] {logging_mixin.py:190} INFO - [2026-08-30T15:54:00.802+0000] {dagbag.py:588} INFO - Filling up the DagBag from /opt/airflow/dags/04_parallel_weather.py
[2026-08-30T15:54:00.809+0000] {processor.py:925} INFO - DAG(s) 'parallel_weather_dag' retrieved from /opt/airflow/dags/04_parallel_weather.py
[2026-08-30T15:54:00.835+0000] {logging_mixin.py:190} INFO - [2026-08-30T15:54:00.835+0000] {dag.py:3239} INFO - Sync 1 DAGs
[2026-08-30T15:54:00.847+0000] {logging_mixin.py:190} INFO - [2026-08-30T15:54:00.847+0000] {dag.py:4180} INFO - Setting next_dagrun for parallel_weather_dag to None, run_after=None
[2026-08-30T15:54:00.862+0000] {processor.py:208} INFO - Processing /opt/airflow/dags/04_parallel_weather.py took 0.066 seconds
[2026-08-30T15:54:31.597+0000] {processor.py:186} INFO - Started process (PID=1038) to work on /opt/airflow/dags/04_parallel_weather.py
[2026-08-30T15:54:31.598+0000] {processor.py:914} INFO - Processing file /opt/airflow/dags/04_parallel_weather.py for tasks to queue
[2026-08-30T15:54:31.599+0000] {logging_mixin.py:190} INFO - [2026-08-30T15:54:31.599+0000] {dagbag.py:588} INFO - Filling up the DagBag from /opt/airflow/dags/04_parallel_weather.py
[2026-08-30T15:54:31.605+0000] {processor.py:925} INFO - DAG(s) 'parallel_weather_dag' retrieved from /opt/airflow/dags/04_parallel_weather.py
[2026-08-30T15:54:31.621+0000] {logging_mixin.py:190} INFO - [2026-08-30T15:54:31.620+0000] {dag.py:3239} INFO - Sync 1 DAGs
[2026-08-30T15:54:31.627+0000] {logging_mixin.py:190} INFO - [2026-08-30T15:54:31.627+0000] {dag.py:4180} INFO - Setting next_dagrun for parallel_weather_dag to None, run_after=None
[2026-08-30T15:54:31.634+0000] {processor.py:208} INFO - Processing /opt/airflow/dags/04_parallel_weather.py took 0.041 seconds
[2026-08-30T15:55:02.451+0000] {processor.py:186} INFO - Started process (PID=1050) to work on /opt/airflow/dags/04_parallel_weather.py
[2026-08-30T15:55:02.452+0000] {processor.py:914} INFO - Processing file /opt/airflow/dags/04_parallel_weather.py for tasks to queue
[2026-08-30T15:55:02.454+0000] {logging_mixin.py:190} INFO - [2026-08-30T15:55:02.454+0000] {dagbag.py:588} INFO - Filling up the DagBag from /opt/airflow/dags/04_parallel_weather.py
[2026-08-30T15:55:02.465+0000] {processor.py:925} INFO - DAG(s) 'parallel_weather_dag' retrieved from /opt/airflow/dags/04_parallel_weather.py
[2026-08-30T15:55:02.487+0000] {logging_mixin.py:190} INFO - [2026-08-30T15:55:02.487+0000] {dag.py:3239} INFO - Sync 1 DAGs
[2026-08-30T15:55:02.499+0000] {logging_mixin.py:190} INFO - [2026-08-30T15:55:02.499+0000] {dag.py:4180} INFO - Setting next_dagrun for parallel_weather_dag to None, run_after=None
[2026-08-30T15:55:02.516+0000] {processor.py:208} INFO - Processing /opt/airflow/dags/04_parallel_weather.py took 0.069 seconds
[2026-08-30T15:55:33.322+0000] {processor.py:186} INFO - Started process (PID=1063) to work on /opt/airflow/dags/04_parallel_weather.py
[2026-08-30T15:55:33.324+0000] {processor.py:914} INFO - Processing file /opt/airflow/dags/04_parallel_weather.py for tasks to queue
[2026-08-30T15:55:33.325+0000] {logging_mixin.py:190} INFO - [2026-08-30T15:55:33.325+0000] {dagbag.py:588} INFO - Filling up the DagBag from /opt/airflow/dags/04_parallel_weather.py
[2026-08-30T15:55:33.334+0000] {processor.py:925} INFO - DAG(s) 'parallel_weather_dag' retrieved from /opt/airflow/dags/04_parallel_weather.py
[2026-08-30T15:55:33.361+0000] {logging_mixin.py:190} INFO - [2026-08-30T15:55:33.361+0000] {dag.py:3239} INFO - Sync 1 DAGs
[2026-08-30T15:55:33.372+0000] {logging_mixin.py:190} INFO - [2026-08-30T15:55:33.372+0000] {dag.py:4180} INFO - Setting next_dagrun for parallel_weather_dag to None, run_after=None
[2026-08-30T15:55:33.385+0000] {processor.py:208} INFO - Processing /opt/airflow/dags/04_parallel_weather.py took 0.069 seconds
[2026-08-30T15:56:04.211+0000] {processor.py:186} INFO - Started process (PID=1076) to work on /opt/airflow/dags/04_parallel_weather.py
[2026-08-30T15:56:04.212+0000] {processor.py:914} INFO - Processing file /opt/airflow/dags/04_parallel_weather.py for tasks to queue
[2026-08-30T15:56:04.214+0000] {logging_mixin.py:190} INFO - [2026-08-30T15:56:04.214+0000] {dagbag.py:588} INFO - Filling up the DagBag from /opt/airflow/dags/04_parallel_weather.py
[2026-08-30T15:56:04.221+0000] {processor.py:925} INFO - DAG(s) 'parallel_weather_dag' retrieved from /opt/airflow/dags/04_parallel_weather.py
[2026-08-30T15:56:04.237+0000] {logging_mixin.py:190} INFO - [2026-08-30T15:56:04.237+0000] {dag.py:3239} INFO - Sync 1 DAGs
[2026-08-30T15:56:04.243+0000] {logging_mixin.py:190} INFO - [2026-08-30T15:56:04.243+0000] {dag.py:4180} INFO - Setting next_dagrun for parallel_weather_dag to None, run_after=None
[2026-08-30T15:56:04.251+0000] {processor.py:208} INFO - Processing /opt/airflow/dags/04_parallel_weather.py took 0.044 seconds
[2026-08-30T15:56:35.052+0000] {processor.py:186} INFO - Started process (PID=1088) to work on /opt/airflow/dags/04_parallel_weather.py
[2026-08-30T15:56:35.053+0000] {processor.py:914} INFO - Processing file /opt/airflow/dags/04_parallel_weather.py for tasks to queue
[2026-08-30T15:56:35.056+0000] {logging_mixin.py:190} INFO - [2026-08-30T15:56:35.055+0000] {dagbag.py:588} INFO - Filling up the DagBag from /opt/airflow/dags/04_parallel_weather.py
[2026-08-30T15:56:35.063+0000] {processor.py:925} INFO - DAG(s) 'parallel_weather_dag' retrieved from /opt/airflow/dags/04_parallel_weather.py
[2026-08-30T15:56:35.079+0000] {logging_mixin.py:190} INFO - [2026-08-30T15:56:35.079+0000] {dag.py:3239} INFO - Sync 1 DAGs
[2026-08-30T15:56:35.087+0000] {logging_mixin.py:190} INFO - [2026-08-30T15:56:35.086+0000] {dag.py:4180} INFO - Setting next_dagrun for parallel_weather_dag to None, run_after=None
[2026-08-30T15:56:35.094+0000] {processor.py:208} INFO - Processing /opt/airflow/dags/04_parallel_weather.py took 0.046 seconds
[2026-08-30T15:57:05.881+0000] {processor.py:186} INFO - Started process (PID=1100) to work on /opt/airflow/dags/04_parallel_weather.py
[2026-08-30T15:57:05.882+0000] {processor.py:914} INFO - Processing file /opt/airflow/dags/04_parallel_weather.py for tasks to queue
[2026-08-30T15:57:05.884+0000] {logging_mixin.py:190} INFO - [2026-08-30T15:57:05.884+0000] {dagbag.py:588} INFO - Filling up the DagBag from /opt/airflow/dags/04_parallel_weather.py
[2026-08-30T15:57:05.892+0000] {processor.py:925} INFO - DAG(s) 'parallel_weather_dag' retrieved from /opt/airflow/dags/04_parallel_weather.py
[2026-08-30T15:57:05.916+0000] {logging_mixin.py:190} INFO - [2026-08-30T15:57:05.916+0000] {dag.py:3239} INFO - Sync 1 DAGs
[2026-08-30T15:57:05.929+0000] {logging_mixin.py:190} INFO - [2026-08-30T15:57:05.929+0000] {dag.py:4180} INFO - Setting next_dagrun for parallel_weather_dag to None, run_after=None
[2026-08-30T15:57:05.946+0000] {processor.py:208} INFO - Processing /opt/airflow/dags/04_parallel_weather.py took 0.070 seconds
[2026-08-30T15:57:36.734+0000] {processor.py:186} INFO - Started process (PID=1112) to work on /opt/airflow/dags/04_parallel_weather.py
[2026-08-30T15:57:36.735+0000] {processor.py:914} INFO - Processing file /opt/airflow/dags/04_parallel_weather.py for tasks to queue
[2026-08-30T15:57:36.736+0000] {logging_mixin.py:190} INFO - [2026-08-30T15:57:36.736+0000] {dagbag.py:588} INFO - Filling up the DagBag from /opt/airflow/dags/04_parallel_weather.py
[2026-08-30T15:57:36.743+0000] {processor.py:925} INFO - DAG(s) 'parallel_weather_dag' retrieved from /opt/airflow/dags/04_parallel_weather.py
[2026-08-30T15:57:36.765+0000] {logging_mixin.py:190} INFO - [2026-08-30T15:57:36.765+0000] {dag.py:3239} INFO - Sync 1 DAGs
[2026-08-30T15:57:36.772+0000] {logging_mixin.py:190} INFO - [2026-08-30T15:57:36.772+0000] {dag.py:4180} INFO - Setting next_dagrun for parallel_weather_dag to None, run_after=None
[2026-08-30T15:57:36.780+0000] {processor.py:208} INFO - Processing /opt/airflow/dags/04_parallel_weather.py took 0.051 seconds
[2026-08-30T15:58:07.634+0000] {processor.py:186} INFO - Started process (PID=1124) to work on /opt/airflow/dags/04_parallel_weather.py
[2026-08-30T15:58:07.635+0000] {processor.py:914} INFO - Processing file /opt/airflow/dags/04_parallel_weather.py for tasks to queue
[2026-08-30T15:58:07.637+0000] {logging_mixin.py:190} INFO - [2026-08-30T15:58:07.636+0000] {dagbag.py:588} INFO - Filling up the DagBag from /opt/airflow/dags/04_parallel_weather.py
[2026-08-30T15:58:07.645+0000] {processor.py:925} INFO - DAG(s) 'parallel_weather_dag' retrieved from /opt/airflow/dags/04_parallel_weather.py
[2026-08-30T15:58:07.663+0000] {logging_mixin.py:190} INFO - [2026-08-30T15:58:07.663+0000] {dag.py:3239} INFO - Sync 1 DAGs
[2026-08-30T15:58:07.671+0000] {logging_mixin.py:190} INFO - [2026-08-30T15:58:07.671+0000] {dag.py:4180} INFO - Setting next_dagrun for parallel_weather_dag to None, run_after=None
[2026-08-30T15:58:07.679+0000] {processor.py:208} INFO - Processing /opt/airflow/dags/04_parallel_weather.py took 0.050 seconds
[2026-08-30T15:58:38.575+0000] {processor.py:186} INFO - Started process (PID=1136) to work on /opt/airflow/dags/04_parallel_weather.py
[2026-08-30T15:58:38.576+0000] {processor.py:914} INFO - Processing file /opt/airflow/dags/04_parallel_weather.py for tasks to queue
[2026-08-30T15:58:38.578+0000] {logging_mixin.py:190} INFO - [2026-08-30T15:58:38.578+0000] {dagbag.py:588} INFO - Filling up the DagBag from /opt/airflow/dags/04_parallel_weather.py
[2026-08-30T15:58:38.585+0000] {processor.py:925} INFO - DAG(s) 'parallel_weather_dag' retrieved from /opt/airflow/dags/04_parallel_weather.py
[2026-08-30T15:58:38.601+0000] {logging_mixin.py:190} INFO - [2026-08-30T15:58:38.601+0000] {dag.py:3239} INFO - Sync 1 DAGs
[2026-08-30T15:58:38.608+0000] {logging_mixin.py:190} INFO - [2026-08-30T15:58:38.608+0000] {dag.py:4180} INFO - Setting next_dagrun for parallel_weather_dag to None, run_after=None
[2026-08-30T15:58:38.616+0000] {processor.py:208} INFO - Processing /opt/airflow/dags/04_parallel_weather.py took 0.046 seconds
[2026-08-30T15:59:09.382+0000] {processor.py:186} INFO - Started process (PID=1148) to work on /opt/airflow/dags/04_parallel_weather.py
[2026-08-30T15:59:09.383+0000] {processor.py:914} INFO - Processing file /opt/airflow/dags/04_parallel_weather.py for tasks to queue
[2026-08-30T15:59:09.385+0000] {logging_mixin.py:190} INFO - [2026-08-30T15:59:09.385+0000] {dagbag.py:588} INFO - Filling up the DagBag from /opt/airflow/dags/04_parallel_weather.py
[2026-08-30T15:59:09.391+0000] {processor.py:925} INFO - DAG(s) 'parallel_weather_dag' retrieved from /opt/airflow/dags/04_parallel_weather.py
[2026-08-30T15:59:09.407+0000] {logging_mixin.py:190} INFO - [2026-08-30T15:59:09.407+0000] {dag.py:3239} INFO - Sync 1 DAGs
[2026-08-30T15:59:09.414+0000] {logging_mixin.py:190} INFO - [2026-08-30T15:59:09.414+0000] {dag.py:4180} INFO - Setting next_dagrun for parallel_weather_dag to None, run_after=None
[2026-08-30T15:59:09.421+0000] {processor.py:208} INFO - Processing /opt/airflow/dags/04_parallel_weather.py took 0.043 seconds
[2026-08-30T15:59:40.227+0000] {processor.py:186} INFO - Started process (PID=1160) to work on /opt/airflow/dags/04_parallel_weather.py
[2026-08-30T15:59:40.229+0000] {processor.py:914} INFO - Processing file /opt/airflow/dags/04_parallel_weather.py for tasks to queue
[2026-08-30T15:59:40.234+0000] {logging_mixin.py:190} INFO - [2026-08-30T15:59:40.234+0000] {dagbag.py:588} INFO - Filling up the DagBag from /opt/airflow/dags/04_parallel_weather.py
[2026-08-30T15:59:40.242+0000] {processor.py:925} INFO - DAG(s) 'parallel_weather_dag' retrieved from /opt/airflow/dags/04_parallel_weather.py
[2026-08-30T15:59:40.260+0000] {logging_mixin.py:190} INFO - [2026-08-30T15:59:40.259+0000] {dag.py:3239} INFO - Sync 1 DAGs
[2026-08-30T15:59:40.267+0000] {logging_mixin.py:190} INFO - [2026-08-30T15:59:40.267+0000] {dag.py:4180} INFO - Setting next_dagrun for parallel_weather_dag to None, run_after=None
[2026-08-30T15:59:40.275+0000] {processor.py:208} INFO - Processing /opt/airflow/dags/04_parallel_weather.py took 0.052 seconds
[2026-08-30T16:00:10.987+0000] {processor.py:186} INFO - Started process (PID=1172) to work on /opt/airflow/dags/04_parallel_weather.py
[2026-08-30T16:00:10.987+0000] {processor.py:914} INFO - Processing file /opt/airflow/dags/04_parallel_weather.py for tasks to queue
[2026-08-30T16:00:10.989+0000] {logging_mixin.py:190} INFO - [2026-08-30T16:00:10.988+0000] {dagbag.py:588} INFO - Filling up the DagBag from /opt/airflow/dags/04_parallel_weather.py
[2026-08-30T16:00:10.995+0000] {processor.py:925} INFO - DAG(s) 'parallel_weather_dag' retrieved from /opt/airflow/dags/04_parallel_weather.py
[2026-08-30T16:00:11.011+0000] {logging_mixin.py:190} INFO - [2026-08-30T16:00:11.011+0000] {dag.py:3239} INFO - Sync 1 DAGs
[2026-08-30T16:00:11.018+0000] {logging_mixin.py:190} INFO - [2026-08-30T16:00:11.018+0000] {dag.py:4180} INFO - Setting next_dagrun for parallel_weather_dag to None, run_after=None
[2026-08-30T16:00:11.025+0000] {processor.py:208} INFO - Processing /opt/airflow/dags/04_parallel_weather.py took 0.043 seconds
[2026-08-30T16:00:41.735+0000] {processor.py:186} INFO - Started process (PID=1184) to work on /opt/airflow/dags/04_parallel_weather.py
[2026-08-30T16:00:41.736+0000] {processor.py:914} INFO - Processing file /opt/airflow/dags/04_parallel_weather.py for tasks to queue
[2026-08-30T16:00:41.738+0000] {logging_mixin.py:190} INFO - [2026-08-30T16:00:41.738+0000] {dagbag.py:588} INFO - Filling up the DagBag from /opt/airflow/dags/04_parallel_weather.py
[2026-08-30T16:00:41.744+0000] {processor.py:925} INFO - DAG(s) 'parallel_weather_dag' retrieved from /opt/airflow/dags/04_parallel_weather.py
[2026-08-30T16:00:41.759+0000] {logging_mixin.py:190} INFO - [2026-08-30T16:00:41.759+0000] {dag.py:3239} INFO - Sync 1 DAGs
[2026-08-30T16:00:41.766+0000] {logging_mixin.py:190} INFO - [2026-08-30T16:00:41.766+0000] {dag.py:4180} INFO - Setting next_dagrun for parallel_weather_dag to None, run_after=None
[2026-08-30T16:00:41.773+0000] {processor.py:208} INFO - Processing /opt/airflow/dags/04_parallel_weather.py took 0.041 seconds
[2026-08-30T16:01:12.580+0000] {processor.py:186} INFO - Started process (PID=1196) to work on /opt/airflow/dags/04_parallel_weather.py
[2026-08-30T16:01:12.581+0000] {processor.py:914} INFO - Processing file /opt/airflow/dags/04_parallel_weather.py for tasks to queue
[2026-08-30T16:01:12.582+0000] {logging_mixin.py:190} INFO - [2026-08-30T16:01:12.582+0000] {dagbag.py:588} INFO - Filling up the DagBag from /opt/airflow/dags/04_parallel_weather.py
[2026-08-30T16:01:12.589+0000] {processor.py:925} INFO - DAG(s) 'parallel_weather_dag' retrieved from /opt/airflow/dags/04_parallel_weather.py
[2026-08-30T16:01:12.606+0000] {logging_mixin.py:190} INFO - [2026-08-30T16:01:12.606+0000] {dag.py:3239} INFO - Sync 1 DAGs
[2026-08-30T16:01:12.613+0000] {logging_mixin.py:190} INFO - [2026-08-30T16:01:12.613+0000] {dag.py:4180} INFO - Setting next_dagrun for parallel_weather_dag to None, run_after=None
[2026-08-30T16:01:12.621+0000] {processor.py:208} INFO - Processing /opt/airflow/dags/04_parallel_weather.py took 0.047 seconds
[2026-08-30T16:01:43.274+0000] {processor.py:186} INFO - Started process (PID=1208) to work on /opt/airflow/dags/04_parallel_weather.py
[2026-08-30T16:01:43.275+0000] {processor.py:914} INFO - Processing file /opt/airflow/dags/04_parallel_weather.py for tasks to queue
[2026-08-30T16:01:43.277+0000] {logging_mixin.py:190} INFO - [2026-08-30T16:01:43.276+0000] {dagbag.py:588} INFO - Filling up the DagBag from /opt/airflow/dags/04_parallel_weather.py
[2026-08-30T16:01:43.284+0000] {processor.py:925} INFO - DAG(s) 'parallel_weather_dag' retrieved from /opt/airflow/dags/04_parallel_weather.py
[2026-08-30T16:01:43.304+0000] {logging_mixin.py:190} INFO - [2026-08-30T16:01:43.303+0000] {dag.py:3239} INFO - Sync 1 DAGs
[2026-08-30T16:01:43.311+0000] {logging_mixin.py:190} INFO - [2026-08-30T16:01:43.311+0000] {dag.py:4180} INFO - Setting next_dagrun for parallel_weather_dag to None, run_after=None
[2026-08-30T16:01:43.319+0000] {processor.py:208} INFO - Processing /opt/airflow/dags/04_parallel_weather.py took 0.050 seconds
[2026-08-30T16:02:14.292+0000] {processor.py:186} INFO - Started process (PID=1220) to work on /opt/airflow/dags/04_parallel_weather.py
[2026-08-30T16:02:14.293+0000] {processor.py:914} INFO - Processing file /opt/airflow/dags/04_parallel_weather.py for tasks to queue
[2026-08-30T16:02:14.296+0000] {logging_mixin.py:190} INFO - [2026-08-30T16:02:14.296+0000] {dagbag.py:588} INFO - Filling up the DagBag from /opt/airflow/dags/04_parallel_weather.py
[2026-08-30T16:02:14.335+0000] {processor.py:925} INFO - DAG(s) 'parallel_weather_dag' retrieved from /opt/airflow/dags/04_parallel_weather.py
[2026-08-30T16:02:14.456+0000] {logging_mixin.py:190} INFO - [2026-08-30T16:02:14.455+0000] {dag.py:3239} INFO - Sync 1 DAGs
[2026-08-30T16:02:14.505+0000] {logging_mixin.py:190} INFO - [2026-08-30T16:02:14.504+0000] {dag.py:4180} INFO - Setting next_dagrun for parallel_weather_dag to None, run_after=None
[2026-08-30T16:02:14.585+0000] {processor.py:208} INFO - Processing /opt/airflow/dags/04_parallel_weather.py took 0.305 seconds
[2026-08-30T16:02:44.875+0000] {processor.py:186} INFO - Started process (PID=1232) to work on /opt/airflow/dags/04_parallel_weather.py
[2026-08-30T16:02:44.876+0000] {processor.py:914} INFO - Processing file /opt/airflow/dags/04_parallel_weather.py for tasks to queue
[2026-08-30T16:02:44.877+0000] {logging_mixin.py:190} INFO - [2026-08-30T16:02:44.877+0000] {dagbag.py:588} INFO - Filling up the DagBag from /opt/airflow/dags/04_parallel_weather.py
[2026-08-30T16:02:44.884+0000] {processor.py:925} INFO - DAG(s) 'parallel_weather_dag' retrieved from /opt/airflow/dags/04_parallel_weather.py
[2026-08-30T16:02:44.900+0000] {logging_mixin.py:190} INFO - [2026-08-30T16:02:44.900+0000] {dag.py:3239} INFO - Sync 1 DAGs
[2026-08-30T16:02:44.907+0000] {logging_mixin.py:190} INFO - [2026-08-30T16:02:44.907+0000] {dag.py:4180} INFO - Setting next_dagrun for parallel_weather_dag to None, run_after=None
[2026-08-30T16:02:44.915+0000] {processor.py:208} INFO - Processing /opt/airflow/dags/04_parallel_weather.py took 0.046 seconds
[2026-08-30T16:03:15.819+0000] {processor.py:186} INFO - Started process (PID=1244) to work on /opt/airflow/dags/04_parallel_weather.py
[2026-08-30T16:03:15.820+0000] {processor.py:914} INFO - Processing file /opt/airflow/dags/04_parallel_weather.py for tasks to queue
[2026-08-30T16:03:15.821+0000] {logging_mixin.py:190} INFO - [2026-08-30T16:03:15.821+0000] {dagbag.py:588} INFO - Filling up the DagBag from /opt/airflow/dags/04_parallel_weather.py
[2026-08-30T16:03:15.828+0000] {processor.py:925} INFO - DAG(s) 'parallel_weather_dag' retrieved from /opt/airflow/dags/04_parallel_weather.py
[2026-08-30T16:03:15.844+0000] {logging_mixin.py:190} INFO - [2026-08-30T16:03:15.844+0000] {dag.py:3239} INFO - Sync 1 DAGs
[2026-08-30T16:03:15.851+0000] {logging_mixin.py:190} INFO - [2026-08-30T16:03:15.851+0000] {dag.py:4180} INFO - Setting next_dagrun for parallel_weather_dag to None, run_after=None
[2026-08-30T16:03:15.859+0000] {processor.py:208} INFO - Processing /opt/airflow/dags/04_parallel_weather.py took 0.044 seconds
[2026-08-30T16:03:46.672+0000] {processor.py:186} INFO - Started process (PID=1256) to work on /opt/airflow/dags/04_parallel_weather.py
[2026-08-30T16:03:46.673+0000] {processor.py:914} INFO - Processing file /opt/airflow/dags/04_parallel_weather.py for tasks to queue
[2026-08-30T16:03:46.675+0000] {logging_mixin.py:190} INFO - [2026-08-30T16:03:46.674+0000] {dagbag.py:588} INFO - Filling up the DagBag from /opt/airflow/dags/04_parallel_weather.py
[2026-08-30T16:03:46.681+0000] {processor.py:925} INFO - DAG(s) 'parallel_weather_dag' retrieved from /opt/airflow/dags/04_parallel_weather.py
[2026-08-30T16:03:46.697+0000] {logging_mixin.py:190} INFO - [2026-08-30T16:03:46.697+0000] {dag.py:3239} INFO - Sync 1 DAGs
[2026-08-30T16:03:46.705+0000] {logging_mixin.py:190} INFO - [2026-08-30T16:03:46.705+0000] {dag.py:4180} INFO - Setting next_dagrun for parallel_weather_dag to None, run_after=None
[2026-08-30T16:03:46.713+0000] {processor.py:208} INFO - Processing /opt/airflow/dags/04_parallel_weather.py took 0.045 seconds
[2026-08-30T16:04:17.632+0000] {processor.py:186} INFO - Started process (PID=1268) to work on /opt/airflow/dags/04_parallel_weather.py
[2026-08-30T16:04:17.633+0000] {processor.py:914} INFO - Processing file /opt/airflow/dags/04_parallel_weather.py for tasks to queue
[2026-08-30T16:04:17.635+0000] {logging_mixin.py:190} INFO - [2026-08-30T16:04:17.634+0000] {dagbag.py:588} INFO - Filling up the DagBag from /opt/airflow/dags/04_parallel_weather.py
[2026-08-30T16:04:17.641+0000] {processor.py:925} INFO - DAG(s) 'parallel_weather_dag' retrieved from /opt/airflow/dags/04_parallel_weather.py
[2026-08-30T16:04:17.664+0000] {logging_mixin.py:190} INFO - [2026-08-30T16:04:17.664+0000] {dag.py:3239} INFO - Sync 1 DAGs
[2026-08-30T16:04:17.674+0000] {logging_mixin.py:190} INFO - [2026-08-30T16:04:17.674+0000] {dag.py:4180} INFO - Setting next_dagrun for parallel_weather_dag to None, run_after=None
[2026-08-30T16:04:17.683+0000] {processor.py:208} INFO - Processing /opt/airflow/dags/04_parallel_weather.py took 0.058 seconds
[2026-08-30T16:04:48.598+0000] {processor.py:186} INFO - Started process (PID=1280) to work on /opt/airflow/dags/04_parallel_weather.py
[2026-08-30T16:04:48.599+0000] {processor.py:914} INFO - Processing file /opt/airflow/dags/04_parallel_weather.py for tasks to queue
[2026-08-30T16:04:48.601+0000] {logging_mixin.py:190} INFO - [2026-08-30T16:04:48.601+0000] {dagbag.py:588} INFO - Filling up the DagBag from /opt/airflow/dags/04_parallel_weather.py
[2026-08-30T16:04:48.610+0000] {processor.py:925} INFO - DAG(s) 'parallel_weather_dag' retrieved from /opt/airflow/dags/04_parallel_weather.py
[2026-08-30T16:04:48.626+0000] {logging_mixin.py:190} INFO - [2026-08-30T16:04:48.626+0000] {dag.py:3239} INFO - Sync 1 DAGs
[2026-08-30T16:04:48.632+0000] {logging_mixin.py:190} INFO - [2026-08-30T16:04:48.632+0000] {dag.py:4180} INFO - Setting next_dagrun for parallel_weather_dag to None, run_after=None
[2026-08-30T16:04:48.641+0000] {processor.py:208} INFO - Processing /opt/airflow/dags/04_parallel_weather.py took 0.046 seconds
[2026-08-30T16:05:19.445+0000] {processor.py:186} INFO - Started process (PID=1292) to work on /opt/airflow/dags/04_parallel_weather.py
[2026-08-30T16:05:19.446+0000] {processor.py:914} INFO - Processing file /opt/airflow/dags/04_parallel_weather.py for tasks to queue
[2026-08-30T16:05:19.448+0000] {logging_mixin.py:190} INFO - [2026-08-30T16:05:19.447+0000] {dagbag.py:588} INFO - Filling up the DagBag from /opt/airflow/dags/04_parallel_weather.py
[2026-08-30T16:05:19.456+0000] {processor.py:925} INFO - DAG(s) 'parallel_weather_dag' retrieved from /opt/airflow/dags/04_parallel_weather.py
[2026-08-30T16:05:19.478+0000] {logging_mixin.py:190} INFO - [2026-08-30T16:05:19.478+0000] {dag.py:3239} INFO - Sync 1 DAGs
[2026-08-30T16:05:19.488+0000] {logging_mixin.py:190} INFO - [2026-08-30T16:05:19.488+0000] {dag.py:4180} INFO - Setting next_dagrun for parallel_weather_dag to None, run_after=None
[2026-08-30T16:05:19.504+0000] {processor.py:208} INFO - Processing /opt/airflow/dags/04_parallel_weather.py took 0.065 seconds
[2026-08-30T16:05:50.358+0000] {processor.py:186} INFO - Started process (PID=1305) to work on /opt/airflow/dags/04_parallel_weather.py
[2026-08-30T16:05:50.361+0000] {processor.py:914} INFO - Processing file /opt/airflow/dags/04_parallel_weather.py for tasks to queue
[2026-08-30T16:05:50.363+0000] {logging_mixin.py:190} INFO - [2026-08-30T16:05:50.362+0000] {dagbag.py:588} INFO - Filling up the DagBag from /opt/airflow/dags/04_parallel_weather.py
[2026-08-30T16:05:50.370+0000] {processor.py:925} INFO - DAG(s) 'parallel_weather_dag' retrieved from /opt/airflow/dags/04_parallel_weather.py
[2026-08-30T16:05:50.388+0000] {logging_mixin.py:190} INFO - [2026-08-30T16:05:50.388+0000] {dag.py:3239} INFO - Sync 1 DAGs
[2026-08-30T16:05:50.396+0000] {logging_mixin.py:190} INFO - [2026-08-30T16:05:50.396+0000] {dag.py:4180} INFO - Setting next_dagrun for parallel_weather_dag to None, run_after=None
[2026-08-30T16:05:50.403+0000] {processor.py:208} INFO - Processing /opt/airflow/dags/04_parallel_weather.py took 0.055 seconds
[2026-08-30T16:06:21.271+0000] {processor.py:186} INFO - Started process (PID=1317) to work on /opt/airflow/dags/04_parallel_weather.py
[2026-08-30T16:06:21.273+0000] {processor.py:914} INFO - Processing file /opt/airflow/dags/04_parallel_weather.py for tasks to queue
[2026-08-30T16:06:21.275+0000] {logging_mixin.py:190} INFO - [2026-08-30T16:06:21.275+0000] {dagbag.py:588} INFO - Filling up the DagBag from /opt/airflow/dags/04_parallel_weather.py
[2026-08-30T16:06:21.282+0000] {processor.py:925} INFO - DAG(s) 'parallel_weather_dag' retrieved from /opt/airflow/dags/04_parallel_weather.py
[2026-08-30T16:06:21.299+0000] {logging_mixin.py:190} INFO - [2026-08-30T16:06:21.299+0000] {dag.py:3239} INFO - Sync 1 DAGs
[2026-08-30T16:06:21.306+0000] {logging_mixin.py:190} INFO - [2026-08-30T16:06:21.306+0000] {dag.py:4180} INFO - Setting next_dagrun for parallel_weather_dag to None, run_after=None
[2026-08-30T16:06:21.314+0000] {processor.py:208} INFO - Processing /opt/airflow/dags/04_parallel_weather.py took 0.048 seconds
[2026-08-30T16:06:52.139+0000] {processor.py:186} INFO - Started process (PID=1329) to work on /opt/airflow/dags/04_parallel_weather.py
[2026-08-30T16:06:52.140+0000] {processor.py:914} INFO - Processing file /opt/airflow/dags/04_parallel_weather.py for tasks to queue
[2026-08-30T16:06:52.142+0000] {logging_mixin.py:190} INFO - [2026-08-30T16:06:52.141+0000] {dagbag.py:588} INFO - Filling up the DagBag from /opt/airflow/dags/04_parallel_weather.py
[2026-08-30T16:06:52.151+0000] {processor.py:925} INFO - DAG(s) 'parallel_weather_dag' retrieved from /opt/airflow/dags/04_parallel_weather.py
[2026-08-30T16:06:52.168+0000] {logging_mixin.py:190} INFO - [2026-08-30T16:06:52.168+0000] {dag.py:3239} INFO - Sync 1 DAGs
[2026-08-30T16:06:52.175+0000] {logging_mixin.py:190} INFO - [2026-08-30T16:06:52.175+0000] {dag.py:4180} INFO - Setting next_dagrun for parallel_weather_dag to None, run_after=None
[2026-08-30T16:06:52.183+0000] {processor.py:208} INFO - Processing /opt/airflow/dags/04_parallel_weather.py took 0.048 seconds
[2026-08-30T16:07:23.008+0000] {processor.py:186} INFO - Started process (PID=1341) to work on /opt/airflow/dags/04_parallel_weather.py
[2026-08-30T16:07:23.009+0000] {processor.py:914} INFO - Processing file /opt/airflow/dags/04_parallel_weather.py for tasks to queue
[2026-08-30T16:07:23.011+0000] {logging_mixin.py:190} INFO - [2026-08-30T16:07:23.011+0000] {dagbag.py:588} INFO - Filling up the DagBag from /opt/airflow/dags/04_parallel_weather.py
[2026-08-30T16:07:23.018+0000] {processor.py:925} INFO - DAG(s) 'parallel_weather_dag' retrieved from /opt/airflow/dags/04_parallel_weather.py
[2026-08-30T16:07:23.036+0000] {logging_mixin.py:190} INFO - [2026-08-30T16:07:23.036+0000] {dag.py:3239} INFO - Sync 1 DAGs
[2026-08-30T16:07:23.050+0000] {logging_mixin.py:190} INFO - [2026-08-30T16:07:23.049+0000] {dag.py:4180} INFO - Setting next_dagrun for parallel_weather_dag to None, run_after=None
[2026-08-30T16:07:23.057+0000] {processor.py:208} INFO - Processing /opt/airflow/dags/04_parallel_weather.py took 0.054 seconds
[2026-08-30T16:07:53.807+0000] {processor.py:186} INFO - Started process (PID=1353) to work on /opt/airflow/dags/04_parallel_weather.py
[2026-08-30T16:07:53.808+0000] {processor.py:914} INFO - Processing file /opt/airflow/dags/04_parallel_weather.py for tasks to queue
[2026-08-30T16:07:53.809+0000] {logging_mixin.py:190} INFO - [2026-08-30T16:07:53.809+0000] {dagbag.py:588} INFO - Filling up the DagBag from /opt/airflow/dags/04_parallel_weather.py
[2026-08-30T16:07:53.817+0000] {processor.py:925} INFO - DAG(s) 'parallel_weather_dag' retrieved from /opt/airflow/dags/04_parallel_weather.py
[2026-08-30T16:07:53.835+0000] {logging_mixin.py:190} INFO - [2026-08-30T16:07:53.835+0000] {dag.py:3239} INFO - Sync 1 DAGs
[2026-08-30T16:07:53.842+0000] {logging_mixin.py:190} INFO - [2026-08-30T16:07:53.842+0000] {dag.py:4180} INFO - Setting next_dagrun for parallel_weather_dag to None, run_after=None
[2026-08-30T16:07:53.850+0000] {processor.py:208} INFO - Processing /opt/airflow/dags/04_parallel_weather.py took 0.048 seconds
[2026-08-30T16:08:24.651+0000] {processor.py:186} INFO - Started process (PID=1365) to work on /opt/airflow/dags/04_parallel_weather.py
[2026-08-30T16:08:24.652+0000] {processor.py:914} INFO - Processing file /opt/airflow/dags/04_parallel_weather.py for tasks to queue
[2026-08-30T16:08:24.654+0000] {logging_mixin.py:190} INFO - [2026-08-30T16:08:24.653+0000] {dagbag.py:588} INFO - Filling up the DagBag from /opt/airflow/dags/04_parallel_weather.py
[2026-08-30T16:08:24.663+0000] {processor.py:925} INFO - DAG(s) 'parallel_weather_dag' retrieved from /opt/airflow/dags/04_parallel_weather.py
[2026-08-30T16:08:24.685+0000] {logging_mixin.py:190} INFO - [2026-08-30T16:08:24.685+0000] {dag.py:3239} INFO - Sync 1 DAGs
[2026-08-30T16:08:24.691+0000] {logging_mixin.py:190} INFO - [2026-08-30T16:08:24.691+0000] {dag.py:4180} INFO - Setting next_dagrun for parallel_weather_dag to None, run_after=None
[2026-08-30T16:08:24.699+0000] {processor.py:208} INFO - Processing /opt/airflow/dags/04_parallel_weather.py took 0.052 seconds
[2026-08-30T16:08:55.485+0000] {processor.py:186} INFO - Started process (PID=1377) to work on /opt/airflow/dags/04_parallel_weather.py
[2026-08-30T16:08:55.488+0000] {processor.py:914} INFO - Processing file /opt/airflow/dags/04_parallel_weather.py for tasks to queue
[2026-08-30T16:08:55.490+0000] {logging_mixin.py:190} INFO - [2026-08-30T16:08:55.489+0000] {dagbag.py:588} INFO - Filling up the DagBag from /opt/airflow/dags/04_parallel_weather.py
[2026-08-30T16:08:55.497+0000] {processor.py:925} INFO - DAG(s) 'parallel_weather_dag' retrieved from /opt/airflow/dags/04_parallel_weather.py
[2026-08-30T16:08:55.514+0000] {logging_mixin.py:190} INFO - [2026-08-30T16:08:55.514+0000] {dag.py:3239} INFO - Sync 1 DAGs
[2026-08-30T16:08:55.521+0000] {logging_mixin.py:190} INFO - [2026-08-30T16:08:55.521+0000] {dag.py:4180} INFO - Setting next_dagrun for parallel_weather_dag to None, run_after=None
[2026-08-30T16:08:55.531+0000] {processor.py:208} INFO - Processing /opt/airflow/dags/04_parallel_weather.py took 0.050 seconds
[2026-08-30T16:09:26.277+0000] {processor.py:186} INFO - Started process (PID=1389) to work on /opt/airflow/dags/04_parallel_weather.py
[2026-08-30T16:09:26.277+0000] {processor.py:914} INFO - Processing file /opt/airflow/dags/04_parallel_weather.py for tasks to queue
[2026-08-30T16:09:26.279+0000] {logging_mixin.py:190} INFO - [2026-08-30T16:09:26.278+0000] {dagbag.py:588} INFO - Filling up the DagBag from /opt/airflow/dags/04_parallel_weather.py
[2026-08-30T16:09:26.285+0000] {processor.py:925} INFO - DAG(s) 'parallel_weather_dag' retrieved from /opt/airflow/dags/04_parallel_weather.py
[2026-08-30T16:09:26.303+0000] {logging_mixin.py:190} INFO - [2026-08-30T16:09:26.303+0000] {dag.py:3239} INFO - Sync 1 DAGs
[2026-08-30T16:09:26.309+0000] {logging_mixin.py:190} INFO - [2026-08-30T16:09:26.309+0000] {dag.py:4180} INFO - Setting next_dagrun for parallel_weather_dag to None, run_after=None
[2026-08-30T16:09:26.318+0000] {processor.py:208} INFO - Processing /opt/airflow/dags/04_parallel_weather.py took 0.045 seconds
[2026-08-30T16:09:57.199+0000] {processor.py:186} INFO - Started process (PID=1401) to work on /opt/airflow/dags/04_parallel_weather.py
[2026-08-30T16:09:57.200+0000] {processor.py:914} INFO - Processing file /opt/airflow/dags/04_parallel_weather.py for tasks to queue
[2026-08-30T16:09:57.201+0000] {logging_mixin.py:190} INFO - [2026-08-30T16:09:57.201+0000] {dagbag.py:588} INFO - Filling up the DagBag from /opt/airflow/dags/04_parallel_weather.py
[2026-08-30T16:09:57.208+0000] {processor.py:925} INFO - DAG(s) 'parallel_weather_dag' retrieved from /opt/airflow/dags/04_parallel_weather.py
[2026-08-30T16:09:57.225+0000] {logging_mixin.py:190} INFO - [2026-08-30T16:09:57.225+0000] {dag.py:3239} INFO - Sync 1 DAGs
[2026-08-30T16:09:57.232+0000] {logging_mixin.py:190} INFO - [2026-08-30T16:09:57.232+0000] {dag.py:4180} INFO - Setting next_dagrun for parallel_weather_dag to None, run_after=None
[2026-08-30T16:09:57.239+0000] {processor.py:208} INFO - Processing /opt/airflow/dags/04_parallel_weather.py took 0.044 seconds
[2026-08-30T16:10:28.069+0000] {processor.py:186} INFO - Started process (PID=1413) to work on /opt/airflow/dags/04_parallel_weather.py
[2026-08-30T16:10:28.071+0000] {processor.py:914} INFO - Processing file /opt/airflow/dags/04_parallel_weather.py for tasks to queue
[2026-08-30T16:10:28.074+0000] {logging_mixin.py:190} INFO - [2026-08-30T16:10:28.073+0000] {dagbag.py:588} INFO - Filling up the DagBag from /opt/airflow/dags/04_parallel_weather.py
[2026-08-30T16:10:28.082+0000] {processor.py:925} INFO - DAG(s) 'parallel_weather_dag' retrieved from /opt/airflow/dags/04_parallel_weather.py
[2026-08-30T16:10:28.109+0000] {logging_mixin.py:190} INFO - [2026-08-30T16:10:28.109+0000] {dag.py:3239} INFO - Sync 1 DAGs
[2026-08-30T16:10:28.121+0000] {logging_mixin.py:190} INFO - [2026-08-30T16:10:28.121+0000] {dag.py:4180} INFO - Setting next_dagrun for parallel_weather_dag to None, run_after=None
[2026-08-30T16:10:28.132+0000] {processor.py:208} INFO - Processing /opt/airflow/dags/04_parallel_weather.py took 0.074 seconds
[2026-08-30T16:10:58.928+0000] {processor.py:186} INFO - Started process (PID=1425) to work on /opt/airflow/dags/04_parallel_weather.py
[2026-08-30T16:10:58.929+0000] {processor.py:914} INFO - Processing file /opt/airflow/dags/04_parallel_weather.py for tasks to queue
[2026-08-30T16:10:58.931+0000] {logging_mixin.py:190} INFO - [2026-08-30T16:10:58.930+0000] {dagbag.py:588} INFO - Filling up the DagBag from /opt/airflow/dags/04_parallel_weather.py
[2026-08-30T16:10:58.937+0000] {processor.py:925} INFO - DAG(s) 'parallel_weather_dag' retrieved from /opt/airflow/dags/04_parallel_weather.py
[2026-08-30T16:10:58.953+0000] {logging_mixin.py:190} INFO - [2026-08-30T16:10:58.953+0000] {dag.py:3239} INFO - Sync 1 DAGs
[2026-08-30T16:10:58.960+0000] {logging_mixin.py:190} INFO - [2026-08-30T16:10:58.960+0000] {dag.py:4180} INFO - Setting next_dagrun for parallel_weather_dag to None, run_after=None
[2026-08-30T16:10:58.967+0000] {processor.py:208} INFO - Processing /opt/airflow/dags/04_parallel_weather.py took 0.043 seconds
[2026-08-30T16:11:29.740+0000] {processor.py:186} INFO - Started process (PID=1437) to work on /opt/airflow/dags/04_parallel_weather.py
[2026-08-30T16:11:29.742+0000] {processor.py:914} INFO - Processing file /opt/airflow/dags/04_parallel_weather.py for tasks to queue
[2026-08-30T16:11:29.743+0000] {logging_mixin.py:190} INFO - [2026-08-30T16:11:29.743+0000] {dagbag.py:588} INFO - Filling up the DagBag from /opt/airflow/dags/04_parallel_weather.py
[2026-08-30T16:11:29.750+0000] {processor.py:925} INFO - DAG(s) 'parallel_weather_dag' retrieved from /opt/airflow/dags/04_parallel_weather.py
[2026-08-30T16:11:29.766+0000] {logging_mixin.py:190} INFO - [2026-08-30T16:11:29.766+0000] {dag.py:3239} INFO - Sync 1 DAGs
[2026-08-30T16:11:29.773+0000] {logging_mixin.py:190} INFO - [2026-08-30T16:11:29.773+0000] {dag.py:4180} INFO - Setting next_dagrun for parallel_weather_dag to None, run_after=None
[2026-08-30T16:11:29.781+0000] {processor.py:208} INFO - Processing /opt/airflow/dags/04_parallel_weather.py took 0.052 seconds
[2026-08-30T16:12:00.621+0000] {processor.py:186} INFO - Started process (PID=1449) to work on /opt/airflow/dags/04_parallel_weather.py
[2026-08-30T16:12:00.623+0000] {processor.py:914} INFO - Processing file /opt/airflow/dags/04_parallel_weather.py for tasks to queue
[2026-08-30T16:12:00.626+0000] {logging_mixin.py:190} INFO - [2026-08-30T16:12:00.625+0000] {dagbag.py:588} INFO - Filling up the DagBag from /opt/airflow/dags/04_parallel_weather.py
[2026-08-30T16:12:00.640+0000] {processor.py:925} INFO - DAG(s) 'parallel_weather_dag' retrieved from /opt/airflow/dags/04_parallel_weather.py
[2026-08-30T16:12:00.666+0000] {logging_mixin.py:190} INFO - [2026-08-30T16:12:00.666+0000] {dag.py:3239} INFO - Sync 1 DAGs
[2026-08-30T16:12:00.679+0000] {logging_mixin.py:190} INFO - [2026-08-30T16:12:00.679+0000] {dag.py:4180} INFO - Setting next_dagrun for parallel_weather_dag to None, run_after=None
[2026-08-30T16:12:00.900+0000] {processor.py:208} INFO - Processing /opt/airflow/dags/04_parallel_weather.py took 0.286 seconds
[2026-08-30T16:12:31.736+0000] {processor.py:186} INFO - Started process (PID=1461) to work on /opt/airflow/dags/04_parallel_weather.py
[2026-08-30T16:12:31.738+0000] {processor.py:914} INFO - Processing file /opt/airflow/dags/04_parallel_weather.py for tasks to queue
[2026-08-30T16:12:31.741+0000] {logging_mixin.py:190} INFO - [2026-08-30T16:12:31.741+0000] {dagbag.py:588} INFO - Filling up the DagBag from /opt/airflow/dags/04_parallel_weather.py
[2026-08-30T16:12:31.753+0000] {processor.py:925} INFO - DAG(s) 'parallel_weather_dag' retrieved from /opt/airflow/dags/04_parallel_weather.py
[2026-08-30T16:12:31.786+0000] {logging_mixin.py:190} INFO - [2026-08-30T16:12:31.786+0000] {dag.py:3239} INFO - Sync 1 DAGs
[2026-08-30T16:12:31.796+0000] {logging_mixin.py:190} INFO - [2026-08-30T16:12:31.796+0000] {dag.py:4180} INFO - Setting next_dagrun for parallel_weather_dag to None, run_after=None
[2026-08-30T16:12:31.813+0000] {processor.py:208} INFO - Processing /opt/airflow/dags/04_parallel_weather.py took 0.097 seconds
[2026-08-30T16:13:02.472+0000] {processor.py:186} INFO - Started process (PID=1473) to work on /opt/airflow/dags/04_parallel_weather.py
[2026-08-30T16:13:02.474+0000] {processor.py:914} INFO - Processing file /opt/airflow/dags/04_parallel_weather.py for tasks to queue
[2026-08-30T16:13:02.476+0000] {logging_mixin.py:190} INFO - [2026-08-30T16:13:02.475+0000] {dagbag.py:588} INFO - Filling up the DagBag from /opt/airflow/dags/04_parallel_weather.py
[2026-08-30T16:13:02.489+0000] {processor.py:925} INFO - DAG(s) 'parallel_weather_dag' retrieved from /opt/airflow/dags/04_parallel_weather.py
[2026-08-30T16:13:02.526+0000] {logging_mixin.py:190} INFO - [2026-08-30T16:13:02.526+0000] {dag.py:3239} INFO - Sync 1 DAGs
[2026-08-30T16:13:02.537+0000] {logging_mixin.py:190} INFO - [2026-08-30T16:13:02.537+0000] {dag.py:4180} INFO - Setting next_dagrun for parallel_weather_dag to None, run_after=None
[2026-08-30T16:13:02.559+0000] {processor.py:208} INFO - Processing /opt/airflow/dags/04_parallel_weather.py took 0.094 seconds
[2026-08-30T16:13:33.232+0000] {processor.py:186} INFO - Started process (PID=1491) to work on /opt/airflow/dags/04_parallel_weather.py
[2026-08-30T16:13:33.236+0000] {processor.py:914} INFO - Processing file /opt/airflow/dags/04_parallel_weather.py for tasks to queue
[2026-08-30T16:13:33.242+0000] {logging_mixin.py:190} INFO - [2026-08-30T16:13:33.241+0000] {dagbag.py:588} INFO - Filling up the DagBag from /opt/airflow/dags/04_parallel_weather.py
[2026-08-30T16:13:33.258+0000] {processor.py:925} INFO - DAG(s) 'parallel_weather_dag' retrieved from /opt/airflow/dags/04_parallel_weather.py
[2026-08-30T16:13:33.296+0000] {logging_mixin.py:190} INFO - [2026-08-30T16:13:33.296+0000] {dag.py:3239} INFO - Sync 1 DAGs
[2026-08-30T16:13:33.314+0000] {logging_mixin.py:190} INFO - [2026-08-30T16:13:33.314+0000] {dag.py:4180} INFO - Setting next_dagrun for parallel_weather_dag to None, run_after=None
[2026-08-30T16:13:33.576+0000] {processor.py:208} INFO - Processing /opt/airflow/dags/04_parallel_weather.py took 0.355 seconds
[2026-08-30T16:14:04.019+0000] {processor.py:186} INFO - Started process (PID=1503) to work on /opt/airflow/dags/04_parallel_weather.py
[2026-08-30T16:14:04.021+0000] {processor.py:914} INFO - Processing file /opt/airflow/dags/04_parallel_weather.py for tasks to queue
[2026-08-30T16:14:04.024+0000] {logging_mixin.py:190} INFO - [2026-08-30T16:14:04.023+0000] {dagbag.py:588} INFO - Filling up the DagBag from /opt/airflow/dags/04_parallel_weather.py
[2026-08-30T16:14:04.041+0000] {processor.py:925} INFO - DAG(s) 'parallel_weather_dag' retrieved from /opt/airflow/dags/04_parallel_weather.py
[2026-08-30T16:14:04.211+0000] {logging_mixin.py:190} INFO - [2026-08-30T16:14:04.211+0000] {dag.py:3239} INFO - Sync 1 DAGs
[2026-08-30T16:14:04.218+0000] {logging_mixin.py:190} INFO - [2026-08-30T16:14:04.218+0000] {dag.py:4180} INFO - Setting next_dagrun for parallel_weather_dag to None, run_after=None
[2026-08-30T16:14:04.232+0000] {processor.py:208} INFO - Processing /opt/airflow/dags/04_parallel_weather.py took 0.222 seconds
[2026-08-30T16:14:34.805+0000] {processor.py:186} INFO - Started process (PID=1516) to work on /opt/airflow/dags/04_parallel_weather.py
[2026-08-30T16:14:34.807+0000] {processor.py:914} INFO - Processing file /opt/airflow/dags/04_parallel_weather.py for tasks to queue
[2026-08-30T16:14:34.811+0000] {logging_mixin.py:190} INFO - [2026-08-30T16:14:34.811+0000] {dagbag.py:588} INFO - Filling up the DagBag from /opt/airflow/dags/04_parallel_weather.py
[2026-08-30T16:14:34.824+0000] {processor.py:925} INFO - DAG(s) 'parallel_weather_dag' retrieved from /opt/airflow/dags/04_parallel_weather.py
[2026-08-30T16:14:34.855+0000] {logging_mixin.py:190} INFO - [2026-08-30T16:14:34.855+0000] {dag.py:3239} INFO - Sync 1 DAGs
[2026-08-30T16:14:34.865+0000] {logging_mixin.py:190} INFO - [2026-08-30T16:14:34.865+0000] {dag.py:4180} INFO - Setting next_dagrun for parallel_weather_dag to None, run_after=None
[2026-08-30T16:14:34.881+0000] {processor.py:208} INFO - Processing /opt/airflow/dags/04_parallel_weather.py took 0.087 seconds
[2026-08-30T16:15:05.577+0000] {processor.py:186} INFO - Started process (PID=1528) to work on /opt/airflow/dags/04_parallel_weather.py
[2026-08-30T16:15:05.580+0000] {processor.py:914} INFO - Processing file /opt/airflow/dags/04_parallel_weather.py for tasks to queue
[2026-08-30T16:15:05.582+0000] {logging_mixin.py:190} INFO - [2026-08-30T16:15:05.582+0000] {dagbag.py:588} INFO - Filling up the DagBag from /opt/airflow/dags/04_parallel_weather.py
[2026-08-30T16:15:05.598+0000] {processor.py:925} INFO - DAG(s) 'parallel_weather_dag' retrieved from /opt/airflow/dags/04_parallel_weather.py
[2026-08-30T16:15:05.623+0000] {logging_mixin.py:190} INFO - [2026-08-30T16:15:05.623+0000] {dag.py:3239} INFO - Sync 1 DAGs
[2026-08-30T16:15:05.632+0000] {logging_mixin.py:190} INFO - [2026-08-30T16:15:05.632+0000] {dag.py:4180} INFO - Setting next_dagrun for parallel_weather_dag to None, run_after=None
[2026-08-30T16:15:05.647+0000] {processor.py:208} INFO - Processing /opt/airflow/dags/04_parallel_weather.py took 0.077 seconds
[2026-08-30T16:15:36.324+0000] {processor.py:186} INFO - Started process (PID=1540) to work on /opt/airflow/dags/04_parallel_weather.py
[2026-08-30T16:15:36.326+0000] {processor.py:914} INFO - Processing file /opt/airflow/dags/04_parallel_weather.py for tasks to queue
[2026-08-30T16:15:36.330+0000] {logging_mixin.py:190} INFO - [2026-08-30T16:15:36.330+0000] {dagbag.py:588} INFO - Filling up the DagBag from /opt/airflow/dags/04_parallel_weather.py
[2026-08-30T16:15:36.347+0000] {processor.py:925} INFO - DAG(s) 'parallel_weather_dag' retrieved from /opt/airflow/dags/04_parallel_weather.py
[2026-08-30T16:15:36.381+0000] {logging_mixin.py:190} INFO - [2026-08-30T16:15:36.381+0000] {dag.py:3239} INFO - Sync 1 DAGs
[2026-08-30T16:15:36.391+0000] {logging_mixin.py:190} INFO - [2026-08-30T16:15:36.390+0000] {dag.py:4180} INFO - Setting next_dagrun for parallel_weather_dag to None, run_after=None
[2026-08-30T16:15:36.411+0000] {processor.py:208} INFO - Processing /opt/airflow/dags/04_parallel_weather.py took 0.097 seconds
[2026-08-30T16:16:07.031+0000] {processor.py:186} INFO - Started process (PID=1552) to work on /opt/airflow/dags/04_parallel_weather.py
[2026-08-30T16:16:07.034+0000] {processor.py:914} INFO - Processing file /opt/airflow/dags/04_parallel_weather.py for tasks to queue
[2026-08-30T16:16:07.035+0000] {logging_mixin.py:190} INFO - [2026-08-30T16:16:07.035+0000] {dagbag.py:588} INFO - Filling up the DagBag from /opt/airflow/dags/04_parallel_weather.py
[2026-08-30T16:16:07.049+0000] {processor.py:925} INFO - DAG(s) 'parallel_weather_dag' retrieved from /opt/airflow/dags/04_parallel_weather.py
[2026-08-30T16:16:07.075+0000] {logging_mixin.py:190} INFO - [2026-08-30T16:16:07.075+0000] {dag.py:3239} INFO - Sync 1 DAGs
[2026-08-30T16:16:07.085+0000] {logging_mixin.py:190} INFO - [2026-08-30T16:16:07.085+0000] {dag.py:4180} INFO - Setting next_dagrun for parallel_weather_dag to None, run_after=None
[2026-08-30T16:16:07.101+0000] {processor.py:208} INFO - Processing /opt/airflow/dags/04_parallel_weather.py took 0.074 seconds
[2026-08-30T16:16:37.905+0000] {processor.py:186} INFO - Started process (PID=1564) to work on /opt/airflow/dags/04_parallel_weather.py
[2026-08-30T16:16:37.907+0000] {processor.py:914} INFO - Processing file /opt/airflow/dags/04_parallel_weather.py for tasks to queue
[2026-08-30T16:16:37.911+0000] {logging_mixin.py:190} INFO - [2026-08-30T16:16:37.910+0000] {dagbag.py:588} INFO - Filling up the DagBag from /opt/airflow/dags/04_parallel_weather.py
[2026-08-30T16:16:37.931+0000] {processor.py:925} INFO - DAG(s) 'parallel_weather_dag' retrieved from /opt/airflow/dags/04_parallel_weather.py
[2026-08-30T16:16:37.965+0000] {logging_mixin.py:190} INFO - [2026-08-30T16:16:37.965+0000] {dag.py:3239} INFO - Sync 1 DAGs
[2026-08-30T16:16:37.980+0000] {logging_mixin.py:190} INFO - [2026-08-30T16:16:37.980+0000] {dag.py:4180} INFO - Setting next_dagrun for parallel_weather_dag to None, run_after=None
[2026-08-30T16:16:37.996+0000] {processor.py:208} INFO - Processing /opt/airflow/dags/04_parallel_weather.py took 0.097 seconds
[2026-08-30T16:17:08.712+0000] {processor.py:186} INFO - Started process (PID=1576) to work on /opt/airflow/dags/04_parallel_weather.py
[2026-08-30T16:17:08.714+0000] {processor.py:914} INFO - Processing file /opt/airflow/dags/04_parallel_weather.py for tasks to queue
[2026-08-30T16:17:08.719+0000] {logging_mixin.py:190} INFO - [2026-08-30T16:17:08.719+0000] {dagbag.py:588} INFO - Filling up the DagBag from /opt/airflow/dags/04_parallel_weather.py
[2026-08-30T16:17:08.732+0000] {processor.py:925} INFO - DAG(s) 'parallel_weather_dag' retrieved from /opt/airflow/dags/04_parallel_weather.py
[2026-08-30T16:17:08.759+0000] {logging_mixin.py:190} INFO - [2026-08-30T16:17:08.759+0000] {dag.py:3239} INFO - Sync 1 DAGs
[2026-08-30T16:17:08.773+0000] {logging_mixin.py:190} INFO - [2026-08-30T16:17:08.773+0000] {dag.py:4180} INFO - Setting next_dagrun for parallel_weather_dag to None, run_after=None
[2026-08-30T16:17:08.791+0000] {processor.py:208} INFO - Processing /opt/airflow/dags/04_parallel_weather.py took 0.095 seconds
[2026-08-30T16:17:39.514+0000] {processor.py:186} INFO - Started process (PID=1588) to work on /opt/airflow/dags/04_parallel_weather.py
[2026-08-30T16:17:39.516+0000] {processor.py:914} INFO - Processing file /opt/airflow/dags/04_parallel_weather.py for tasks to queue
[2026-08-30T16:17:39.519+0000] {logging_mixin.py:190} INFO - [2026-08-30T16:17:39.518+0000] {dagbag.py:588} INFO - Filling up the DagBag from /opt/airflow/dags/04_parallel_weather.py
[2026-08-30T16:17:39.535+0000] {processor.py:925} INFO - DAG(s) 'parallel_weather_dag' retrieved from /opt/airflow/dags/04_parallel_weather.py
[2026-08-30T16:17:39.564+0000] {logging_mixin.py:190} INFO - [2026-08-30T16:17:39.563+0000] {dag.py:3239} INFO - Sync 1 DAGs
[2026-08-30T16:17:39.581+0000] {logging_mixin.py:190} INFO - [2026-08-30T16:17:39.581+0000] {dag.py:4180} INFO - Setting next_dagrun for parallel_weather_dag to None, run_after=None
[2026-08-30T16:17:39.597+0000] {processor.py:208} INFO - Processing /opt/airflow/dags/04_parallel_weather.py took 0.108 seconds
[2026-08-30T16:18:10.414+0000] {processor.py:186} INFO - Started process (PID=1600) to work on /opt/airflow/dags/04_parallel_weather.py
[2026-08-30T16:18:10.417+0000] {processor.py:914} INFO - Processing file /opt/airflow/dags/04_parallel_weather.py for tasks to queue
[2026-08-30T16:18:10.422+0000] {logging_mixin.py:190} INFO - [2026-08-30T16:18:10.422+0000] {dagbag.py:588} INFO - Filling up the DagBag from /opt/airflow/dags/04_parallel_weather.py
[2026-08-30T16:18:10.436+0000] {processor.py:925} INFO - DAG(s) 'parallel_weather_dag' retrieved from /opt/airflow/dags/04_parallel_weather.py
[2026-08-30T16:18:10.470+0000] {logging_mixin.py:190} INFO - [2026-08-30T16:18:10.470+0000] {dag.py:3239} INFO - Sync 1 DAGs
[2026-08-30T16:18:10.483+0000] {logging_mixin.py:190} INFO - [2026-08-30T16:18:10.483+0000] {dag.py:4180} INFO - Setting next_dagrun for parallel_weather_dag to None, run_after=None
[2026-08-30T16:18:10.499+0000] {processor.py:208} INFO - Processing /opt/airflow/dags/04_parallel_weather.py took 0.097 seconds
[2026-08-30T16:18:41.112+0000] {processor.py:186} INFO - Started process (PID=1612) to work on /opt/airflow/dags/04_parallel_weather.py
[2026-08-30T16:18:41.115+0000] {processor.py:914} INFO - Processing file /opt/airflow/dags/04_parallel_weather.py for tasks to queue
[2026-08-30T16:18:41.119+0000] {logging_mixin.py:190} INFO - [2026-08-30T16:18:41.119+0000] {dagbag.py:588} INFO - Filling up the DagBag from /opt/airflow/dags/04_parallel_weather.py
[2026-08-30T16:18:41.136+0000] {processor.py:925} INFO - DAG(s) 'parallel_weather_dag' retrieved from /opt/airflow/dags/04_parallel_weather.py
[2026-08-30T16:18:41.163+0000] {logging_mixin.py:190} INFO - [2026-08-30T16:18:41.163+0000] {dag.py:3239} INFO - Sync 1 DAGs
[2026-08-30T16:18:41.175+0000] {logging_mixin.py:190} INFO - [2026-08-30T16:18:41.174+0000] {dag.py:4180} INFO - Setting next_dagrun for parallel_weather_dag to None, run_after=None
[2026-08-30T16:18:41.191+0000] {processor.py:208} INFO - Processing /opt/airflow/dags/04_parallel_weather.py took 0.096 seconds
[2026-08-30T16:19:11.917+0000] {processor.py:186} INFO - Started process (PID=1624) to work on /opt/airflow/dags/04_parallel_weather.py
[2026-08-30T16:19:11.919+0000] {processor.py:914} INFO - Processing file /opt/airflow/dags/04_parallel_weather.py for tasks to queue
[2026-08-30T16:19:11.922+0000] {logging_mixin.py:190} INFO - [2026-08-30T16:19:11.922+0000] {dagbag.py:588} INFO - Filling up the DagBag from /opt/airflow/dags/04_parallel_weather.py
[2026-08-30T16:19:11.938+0000] {processor.py:925} INFO - DAG(s) 'parallel_weather_dag' retrieved from /opt/airflow/dags/04_parallel_weather.py
[2026-08-30T16:19:11.970+0000] {logging_mixin.py:190} INFO - [2026-08-30T16:19:11.970+0000] {dag.py:3239} INFO - Sync 1 DAGs
[2026-08-30T16:19:12.001+0000] {logging_mixin.py:190} INFO - [2026-08-30T16:19:12.001+0000] {dag.py:4180} INFO - Setting next_dagrun for parallel_weather_dag to None, run_after=None
[2026-08-30T16:19:12.082+0000] {processor.py:208} INFO - Processing /opt/airflow/dags/04_parallel_weather.py took 0.194 seconds
[2026-08-30T16:19:42.898+0000] {processor.py:186} INFO - Started process (PID=1636) to work on /opt/airflow/dags/04_parallel_weather.py
[2026-08-30T16:19:42.904+0000] {processor.py:914} INFO - Processing file /opt/airflow/dags/04_parallel_weather.py for tasks to queue
[2026-08-30T16:19:42.908+0000] {logging_mixin.py:190} INFO - [2026-08-30T16:19:42.908+0000] {dagbag.py:588} INFO - Filling up the DagBag from /opt/airflow/dags/04_parallel_weather.py
[2026-08-30T16:19:42.926+0000] {processor.py:925} INFO - DAG(s) 'parallel_weather_dag' retrieved from /opt/airflow/dags/04_parallel_weather.py
[2026-08-30T16:19:42.949+0000] {logging_mixin.py:190} INFO - [2026-08-30T16:19:42.948+0000] {dag.py:3239} INFO - Sync 1 DAGs
[2026-08-30T16:19:42.962+0000] {logging_mixin.py:190} INFO - [2026-08-30T16:19:42.962+0000] {dag.py:4180} INFO - Setting next_dagrun for parallel_weather_dag to None, run_after=None
[2026-08-30T16:19:42.977+0000] {processor.py:208} INFO - Processing /opt/airflow/dags/04_parallel_weather.py took 0.090 seconds
[2026-08-30T16:20:13.686+0000] {processor.py:186} INFO - Started process (PID=1648) to work on /opt/airflow/dags/04_parallel_weather.py
[2026-08-30T16:20:13.690+0000] {processor.py:914} INFO - Processing file /opt/airflow/dags/04_parallel_weather.py for tasks to queue
[2026-08-30T16:20:13.704+0000] {logging_mixin.py:190} INFO - [2026-08-30T16:20:13.702+0000] {dagbag.py:588} INFO - Filling up the DagBag from /opt/airflow/dags/04_parallel_weather.py
[2026-08-30T16:20:13.740+0000] {processor.py:925} INFO - DAG(s) 'parallel_weather_dag' retrieved from /opt/airflow/dags/04_parallel_weather.py
[2026-08-30T16:20:13.781+0000] {logging_mixin.py:190} INFO - [2026-08-30T16:20:13.781+0000] {dag.py:3239} INFO - Sync 1 DAGs
[2026-08-30T16:20:13.797+0000] {logging_mixin.py:190} INFO - [2026-08-30T16:20:13.797+0000] {dag.py:4180} INFO - Setting next_dagrun for parallel_weather_dag to None, run_after=None
[2026-08-30T16:20:13.820+0000] {processor.py:208} INFO - Processing /opt/airflow/dags/04_parallel_weather.py took 0.158 seconds
[2026-08-30T16:20:44.566+0000] {processor.py:186} INFO - Started process (PID=1660) to work on /opt/airflow/dags/04_parallel_weather.py
[2026-08-30T16:20:44.568+0000] {processor.py:914} INFO - Processing file /opt/airflow/dags/04_parallel_weather.py for tasks to queue
[2026-08-30T16:20:44.571+0000] {logging_mixin.py:190} INFO - [2026-08-30T16:20:44.571+0000] {dagbag.py:588} INFO - Filling up the DagBag from /opt/airflow/dags/04_parallel_weather.py
[2026-08-30T16:20:44.583+0000] {processor.py:925} INFO - DAG(s) 'parallel_weather_dag' retrieved from /opt/airflow/dags/04_parallel_weather.py
[2026-08-30T16:20:44.609+0000] {logging_mixin.py:190} INFO - [2026-08-30T16:20:44.609+0000] {dag.py:3239} INFO - Sync 1 DAGs
[2026-08-30T16:20:44.618+0000] {logging_mixin.py:190} INFO - [2026-08-30T16:20:44.618+0000] {dag.py:4180} INFO - Setting next_dagrun for parallel_weather_dag to None, run_after=None
[2026-08-30T16:20:44.639+0000] {processor.py:208} INFO - Processing /opt/airflow/dags/04_parallel_weather.py took 0.080 seconds
[2026-08-30T16:21:15.247+0000] {processor.py:186} INFO - Started process (PID=1672) to work on /opt/airflow/dags/04_parallel_weather.py
[2026-08-30T16:21:15.249+0000] {processor.py:914} INFO - Processing file /opt/airflow/dags/04_parallel_weather.py for tasks to queue
[2026-08-30T16:21:15.251+0000] {logging_mixin.py:190} INFO - [2026-08-30T16:21:15.251+0000] {dagbag.py:588} INFO - Filling up the DagBag from /opt/airflow/dags/04_parallel_weather.py
[2026-08-30T16:21:15.264+0000] {processor.py:925} INFO - DAG(s) 'parallel_weather_dag' retrieved from /opt/airflow/dags/04_parallel_weather.py
[2026-08-30T16:21:15.286+0000] {logging_mixin.py:190} INFO - [2026-08-30T16:21:15.286+0000] {dag.py:3239} INFO - Sync 1 DAGs
[2026-08-30T16:21:15.300+0000] {logging_mixin.py:190} INFO - [2026-08-30T16:21:15.300+0000] {dag.py:4180} INFO - Setting next_dagrun for parallel_weather_dag to None, run_after=None
[2026-08-30T16:21:15.318+0000] {processor.py:208} INFO - Processing /opt/airflow/dags/04_parallel_weather.py took 0.081 seconds
[2026-08-30T16:21:45.981+0000] {processor.py:186} INFO - Started process (PID=1684) to work on /opt/airflow/dags/04_parallel_weather.py
[2026-08-30T16:21:45.982+0000] {processor.py:914} INFO - Processing file /opt/airflow/dags/04_parallel_weather.py for tasks to queue
[2026-08-30T16:21:45.984+0000] {logging_mixin.py:190} INFO - [2026-08-30T16:21:45.984+0000] {dagbag.py:588} INFO - Filling up the DagBag from /opt/airflow/dags/04_parallel_weather.py
[2026-08-30T16:21:45.995+0000] {processor.py:925} INFO - DAG(s) 'parallel_weather_dag' retrieved from /opt/airflow/dags/04_parallel_weather.py
[2026-08-30T16:21:46.023+0000] {logging_mixin.py:190} INFO - [2026-08-30T16:21:46.023+0000] {dag.py:3239} INFO - Sync 1 DAGs
[2026-08-30T16:21:46.039+0000] {logging_mixin.py:190} INFO - [2026-08-30T16:21:46.039+0000] {dag.py:4180} INFO - Setting next_dagrun for parallel_weather_dag to None, run_after=None
[2026-08-30T16:21:46.054+0000] {processor.py:208} INFO - Processing /opt/airflow/dags/04_parallel_weather.py took 0.083 seconds
[2026-08-30T16:22:16.678+0000] {processor.py:186} INFO - Started process (PID=1696) to work on /opt/airflow/dags/04_parallel_weather.py
[2026-08-30T16:22:16.679+0000] {processor.py:914} INFO - Processing file /opt/airflow/dags/04_parallel_weather.py for tasks to queue
[2026-08-30T16:22:16.683+0000] {logging_mixin.py:190} INFO - [2026-08-30T16:22:16.682+0000] {dagbag.py:588} INFO - Filling up the DagBag from /opt/airflow/dags/04_parallel_weather.py
[2026-08-30T16:22:16.702+0000] {processor.py:925} INFO - DAG(s) 'parallel_weather_dag' retrieved from /opt/airflow/dags/04_parallel_weather.py
[2026-08-30T16:22:16.730+0000] {logging_mixin.py:190} INFO - [2026-08-30T16:22:16.730+0000] {dag.py:3239} INFO - Sync 1 DAGs
[2026-08-30T16:22:16.741+0000] {logging_mixin.py:190} INFO - [2026-08-30T16:22:16.741+0000] {dag.py:4180} INFO - Setting next_dagrun for parallel_weather_dag to None, run_after=None
[2026-08-30T16:22:16.760+0000] {processor.py:208} INFO - Processing /opt/airflow/dags/04_parallel_weather.py took 0.100 seconds
[2026-08-30T16:22:47.376+0000] {processor.py:186} INFO - Started process (PID=1708) to work on /opt/airflow/dags/04_parallel_weather.py
[2026-08-30T16:22:47.378+0000] {processor.py:914} INFO - Processing file /opt/airflow/dags/04_parallel_weather.py for tasks to queue
[2026-08-30T16:22:47.380+0000] {logging_mixin.py:190} INFO - [2026-08-30T16:22:47.380+0000] {dagbag.py:588} INFO - Filling up the DagBag from /opt/airflow/dags/04_parallel_weather.py
[2026-08-30T16:22:47.397+0000] {processor.py:925} INFO - DAG(s) 'parallel_weather_dag' retrieved from /opt/airflow/dags/04_parallel_weather.py
[2026-08-30T16:22:47.424+0000] {logging_mixin.py:190} INFO - [2026-08-30T16:22:47.424+0000] {dag.py:3239} INFO - Sync 1 DAGs
[2026-08-30T16:22:47.437+0000] {logging_mixin.py:190} INFO - [2026-08-30T16:22:47.436+0000] {dag.py:4180} INFO - Setting next_dagrun for parallel_weather_dag to None, run_after=None
[2026-08-30T16:22:47.448+0000] {processor.py:208} INFO - Processing /opt/airflow/dags/04_parallel_weather.py took 0.082 seconds
[2026-08-30T16:23:18.124+0000] {processor.py:186} INFO - Started process (PID=1720) to work on /opt/airflow/dags/04_parallel_weather.py
[2026-08-30T16:23:18.127+0000] {processor.py:914} INFO - Processing file /opt/airflow/dags/04_parallel_weather.py for tasks to queue
[2026-08-30T16:23:18.133+0000] {logging_mixin.py:190} INFO - [2026-08-30T16:23:18.132+0000] {dagbag.py:588} INFO - Filling up the DagBag from /opt/airflow/dags/04_parallel_weather.py
[2026-08-30T16:23:18.150+0000] {processor.py:925} INFO - DAG(s) 'parallel_weather_dag' retrieved from /opt/airflow/dags/04_parallel_weather.py
[2026-08-30T16:23:18.180+0000] {logging_mixin.py:190} INFO - [2026-08-30T16:23:18.179+0000] {dag.py:3239} INFO - Sync 1 DAGs
[2026-08-30T16:23:18.190+0000] {logging_mixin.py:190} INFO - [2026-08-30T16:23:18.190+0000] {dag.py:4180} INFO - Setting next_dagrun for parallel_weather_dag to None, run_after=None
[2026-08-30T16:23:18.213+0000] {processor.py:208} INFO - Processing /opt/airflow/dags/04_parallel_weather.py took 0.102 seconds
[2026-08-30T16:23:49.012+0000] {processor.py:186} INFO - Started process (PID=1732) to work on /opt/airflow/dags/04_parallel_weather.py
[2026-08-30T16:23:49.014+0000] {processor.py:914} INFO - Processing file /opt/airflow/dags/04_parallel_weather.py for tasks to queue
[2026-08-30T16:23:49.017+0000] {logging_mixin.py:190} INFO - [2026-08-30T16:23:49.017+0000] {dagbag.py:588} INFO - Filling up the DagBag from /opt/airflow/dags/04_parallel_weather.py
[2026-08-30T16:23:49.034+0000] {processor.py:925} INFO - DAG(s) 'parallel_weather_dag' retrieved from /opt/airflow/dags/04_parallel_weather.py
[2026-08-30T16:23:49.068+0000] {logging_mixin.py:190} INFO - [2026-08-30T16:23:49.068+0000] {dag.py:3239} INFO - Sync 1 DAGs
[2026-08-30T16:23:49.085+0000] {logging_mixin.py:190} INFO - [2026-08-30T16:23:49.085+0000] {dag.py:4180} INFO - Setting next_dagrun for parallel_weather_dag to None, run_after=None
[2026-08-30T16:23:49.097+0000] {processor.py:208} INFO - Processing /opt/airflow/dags/04_parallel_weather.py took 0.099 seconds
[2026-08-30T16:24:19.764+0000] {processor.py:186} INFO - Started process (PID=1744) to work on /opt/airflow/dags/04_parallel_weather.py
[2026-08-30T16:24:19.766+0000] {processor.py:914} INFO - Processing file /opt/airflow/dags/04_parallel_weather.py for tasks to queue
[2026-08-30T16:24:19.769+0000] {logging_mixin.py:190} INFO - [2026-08-30T16:24:19.769+0000] {dagbag.py:588} INFO - Filling up the DagBag from /opt/airflow/dags/04_parallel_weather.py
[2026-08-30T16:24:19.781+0000] {processor.py:925} INFO - DAG(s) 'parallel_weather_dag' retrieved from /opt/airflow/dags/04_parallel_weather.py
[2026-08-30T16:24:19.815+0000] {logging_mixin.py:190} INFO - [2026-08-30T16:24:19.814+0000] {dag.py:3239} INFO - Sync 1 DAGs
[2026-08-30T16:24:19.827+0000] {logging_mixin.py:190} INFO - [2026-08-30T16:24:19.827+0000] {dag.py:4180} INFO - Setting next_dagrun for parallel_weather_dag to None, run_after=None
[2026-08-30T16:24:19.842+0000] {processor.py:208} INFO - Processing /opt/airflow/dags/04_parallel_weather.py took 0.090 seconds
[2026-08-30T16:24:50.572+0000] {processor.py:186} INFO - Started process (PID=1756) to work on /opt/airflow/dags/04_parallel_weather.py
[2026-08-30T16:24:50.577+0000] {processor.py:914} INFO - Processing file /opt/airflow/dags/04_parallel_weather.py for tasks to queue
[2026-08-30T16:24:50.580+0000] {logging_mixin.py:190} INFO - [2026-08-30T16:24:50.579+0000] {dagbag.py:588} INFO - Filling up the DagBag from /opt/airflow/dags/04_parallel_weather.py
[2026-08-30T16:24:50.593+0000] {processor.py:925} INFO - DAG(s) 'parallel_weather_dag' retrieved from /opt/airflow/dags/04_parallel_weather.py
[2026-08-30T16:24:50.631+0000] {logging_mixin.py:190} INFO - [2026-08-30T16:24:50.631+0000] {dag.py:3239} INFO - Sync 1 DAGs
[2026-08-30T16:24:50.650+0000] {logging_mixin.py:190} INFO - [2026-08-30T16:24:50.650+0000] {dag.py:4180} INFO - Setting next_dagrun for parallel_weather_dag to None, run_after=None
[2026-08-30T16:24:50.665+0000] {processor.py:208} INFO - Processing /opt/airflow/dags/04_parallel_weather.py took 0.104 seconds
[2026-08-30T16:25:21.348+0000] {processor.py:186} INFO - Started process (PID=1768) to work on /opt/airflow/dags/04_parallel_weather.py
[2026-08-30T16:25:21.351+0000] {processor.py:914} INFO - Processing file /opt/airflow/dags/04_parallel_weather.py for tasks to queue
[2026-08-30T16:25:21.355+0000] {logging_mixin.py:190} INFO - [2026-08-30T16:25:21.355+0000] {dagbag.py:588} INFO - Filling up the DagBag from /opt/airflow/dags/04_parallel_weather.py
[2026-08-30T16:25:21.366+0000] {processor.py:925} INFO - DAG(s) 'parallel_weather_dag' retrieved from /opt/airflow/dags/04_parallel_weather.py
[2026-08-30T16:25:21.393+0000] {logging_mixin.py:190} INFO - [2026-08-30T16:25:21.393+0000] {dag.py:3239} INFO - Sync 1 DAGs
[2026-08-30T16:25:21.406+0000] {logging_mixin.py:190} INFO - [2026-08-30T16:25:21.406+0000] {dag.py:4180} INFO - Setting next_dagrun for parallel_weather_dag to None, run_after=None
[2026-08-30T16:25:21.420+0000] {processor.py:208} INFO - Processing /opt/airflow/dags/04_parallel_weather.py took 0.090 seconds
[2026-08-30T16:25:51.980+0000] {processor.py:186} INFO - Started process (PID=1780) to work on /opt/airflow/dags/04_parallel_weather.py
[2026-08-30T16:25:51.982+0000] {processor.py:914} INFO - Processing file /opt/airflow/dags/04_parallel_weather.py for tasks to queue
[2026-08-30T16:25:51.985+0000] {logging_mixin.py:190} INFO - [2026-08-30T16:25:51.985+0000] {dagbag.py:588} INFO - Filling up the DagBag from /opt/airflow/dags/04_parallel_weather.py
[2026-08-30T16:25:52.004+0000] {processor.py:925} INFO - DAG(s) 'parallel_weather_dag' retrieved from /opt/airflow/dags/04_parallel_weather.py
[2026-08-30T16:25:52.029+0000] {logging_mixin.py:190} INFO - [2026-08-30T16:25:52.029+0000] {dag.py:3239} INFO - Sync 1 DAGs
[2026-08-30T16:25:52.053+0000] {logging_mixin.py:190} INFO - [2026-08-30T16:25:52.053+0000] {dag.py:4180} INFO - Setting next_dagrun for parallel_weather_dag to None, run_after=None
[2026-08-30T16:25:52.078+0000] {processor.py:208} INFO - Processing /opt/airflow/dags/04_parallel_weather.py took 0.111 seconds
[2026-08-30T16:26:22.751+0000] {processor.py:186} INFO - Started process (PID=1792) to work on /opt/airflow/dags/04_parallel_weather.py
[2026-08-30T16:26:22.753+0000] {processor.py:914} INFO - Processing file /opt/airflow/dags/04_parallel_weather.py for tasks to queue
[2026-08-30T16:26:22.758+0000] {logging_mixin.py:190} INFO - [2026-08-30T16:26:22.758+0000] {dagbag.py:588} INFO - Filling up the DagBag from /opt/airflow/dags/04_parallel_weather.py
[2026-08-30T16:26:22.769+0000] {processor.py:925} INFO - DAG(s) 'parallel_weather_dag' retrieved from /opt/airflow/dags/04_parallel_weather.py
[2026-08-30T16:26:22.805+0000] {logging_mixin.py:190} INFO - [2026-08-30T16:26:22.805+0000] {dag.py:3239} INFO - Sync 1 DAGs
[2026-08-30T16:26:22.821+0000] {logging_mixin.py:190} INFO - [2026-08-30T16:26:22.821+0000] {dag.py:4180} INFO - Setting next_dagrun for parallel_weather_dag to None, run_after=None
[2026-08-30T16:26:22.836+0000] {processor.py:208} INFO - Processing /opt/airflow/dags/04_parallel_weather.py took 0.099 seconds
[2026-08-30T16:26:53.454+0000] {processor.py:186} INFO - Started process (PID=1804) to work on /opt/airflow/dags/04_parallel_weather.py
[2026-08-30T16:26:53.456+0000] {processor.py:914} INFO - Processing file /opt/airflow/dags/04_parallel_weather.py for tasks to queue
[2026-08-30T16:26:53.460+0000] {logging_mixin.py:190} INFO - [2026-08-30T16:26:53.460+0000] {dagbag.py:588} INFO - Filling up the DagBag from /opt/airflow/dags/04_parallel_weather.py
[2026-08-30T16:26:53.473+0000] {processor.py:925} INFO - DAG(s) 'parallel_weather_dag' retrieved from /opt/airflow/dags/04_parallel_weather.py
[2026-08-30T16:26:53.498+0000] {logging_mixin.py:190} INFO - [2026-08-30T16:26:53.497+0000] {dag.py:3239} INFO - Sync 1 DAGs
[2026-08-30T16:26:53.509+0000] {logging_mixin.py:190} INFO - [2026-08-30T16:26:53.509+0000] {dag.py:4180} INFO - Setting next_dagrun for parallel_weather_dag to None, run_after=None
[2026-08-30T16:26:53.520+0000] {processor.py:208} INFO - Processing /opt/airflow/dags/04_parallel_weather.py took 0.080 seconds
[2026-08-30T16:27:24.239+0000] {processor.py:186} INFO - Started process (PID=1816) to work on /opt/airflow/dags/04_parallel_weather.py
[2026-08-30T16:27:24.241+0000] {processor.py:914} INFO - Processing file /opt/airflow/dags/04_parallel_weather.py for tasks to queue
[2026-08-30T16:27:24.245+0000] {logging_mixin.py:190} INFO - [2026-08-30T16:27:24.245+0000] {dagbag.py:588} INFO - Filling up the DagBag from /opt/airflow/dags/04_parallel_weather.py
[2026-08-30T16:27:24.264+0000] {processor.py:925} INFO - DAG(s) 'parallel_weather_dag' retrieved from /opt/airflow/dags/04_parallel_weather.py
[2026-08-30T16:27:24.301+0000] {logging_mixin.py:190} INFO - [2026-08-30T16:27:24.301+0000] {dag.py:3239} INFO - Sync 1 DAGs
[2026-08-30T16:27:24.326+0000] {logging_mixin.py:190} INFO - [2026-08-30T16:27:24.326+0000] {dag.py:4180} INFO - Setting next_dagrun for parallel_weather_dag to None, run_after=None
[2026-08-30T16:27:24.341+0000] {processor.py:208} INFO - Processing /opt/airflow/dags/04_parallel_weather.py took 0.115 seconds
[2026-08-30T16:27:55.017+0000] {processor.py:186} INFO - Started process (PID=1827) to work on /opt/airflow/dags/04_parallel_weather.py
[2026-08-30T16:27:55.019+0000] {processor.py:914} INFO - Processing file /opt/airflow/dags/04_parallel_weather.py for tasks to queue
[2026-08-30T16:27:55.024+0000] {logging_mixin.py:190} INFO - [2026-08-30T16:27:55.024+0000] {dagbag.py:588} INFO - Filling up the DagBag from /opt/airflow/dags/04_parallel_weather.py
[2026-08-30T16:27:55.039+0000] {processor.py:925} INFO - DAG(s) 'parallel_weather_dag' retrieved from /opt/airflow/dags/04_parallel_weather.py
[2026-08-30T16:27:55.067+0000] {logging_mixin.py:190} INFO - [2026-08-30T16:27:55.066+0000] {dag.py:3239} INFO - Sync 1 DAGs
[2026-08-30T16:27:55.081+0000] {logging_mixin.py:190} INFO - [2026-08-30T16:27:55.081+0000] {dag.py:4180} INFO - Setting next_dagrun for parallel_weather_dag to None, run_after=None
[2026-08-30T16:27:55.094+0000] {processor.py:208} INFO - Processing /opt/airflow/dags/04_parallel_weather.py took 0.085 seconds
[2026-08-30T16:28:25.782+0000] {processor.py:186} INFO - Started process (PID=1839) to work on /opt/airflow/dags/04_parallel_weather.py
[2026-08-30T16:28:25.784+0000] {processor.py:914} INFO - Processing file /opt/airflow/dags/04_parallel_weather.py for tasks to queue
[2026-08-30T16:28:25.786+0000] {logging_mixin.py:190} INFO - [2026-08-30T16:28:25.785+0000] {dagbag.py:588} INFO - Filling up the DagBag from /opt/airflow/dags/04_parallel_weather.py
[2026-08-30T16:28:25.800+0000] {processor.py:925} INFO - DAG(s) 'parallel_weather_dag' retrieved from /opt/airflow/dags/04_parallel_weather.py
[2026-08-30T16:28:25.827+0000] {logging_mixin.py:190} INFO - [2026-08-30T16:28:25.827+0000] {dag.py:3239} INFO - Sync 1 DAGs
[2026-08-30T16:28:25.843+0000] {logging_mixin.py:190} INFO - [2026-08-30T16:28:25.843+0000] {dag.py:4180} INFO - Setting next_dagrun for parallel_weather_dag to None, run_after=None
[2026-08-30T16:28:25.870+0000] {processor.py:208} INFO - Processing /opt/airflow/dags/04_parallel_weather.py took 0.103 seconds
[2026-08-30T16:28:56.680+0000] {processor.py:186} INFO - Started process (PID=1851) to work on /opt/airflow/dags/04_parallel_weather.py
[2026-08-30T16:28:56.681+0000] {processor.py:914} INFO - Processing file /opt/airflow/dags/04_parallel_weather.py for tasks to queue
[2026-08-30T16:28:56.685+0000] {logging_mixin.py:190} INFO - [2026-08-30T16:28:56.685+0000] {dagbag.py:588} INFO - Filling up the DagBag from /opt/airflow/dags/04_parallel_weather.py
[2026-08-30T16:28:56.698+0000] {processor.py:925} INFO - DAG(s) 'parallel_weather_dag' retrieved from /opt/airflow/dags/04_parallel_weather.py
[2026-08-30T16:28:56.725+0000] {logging_mixin.py:190} INFO - [2026-08-30T16:28:56.725+0000] {dag.py:3239} INFO - Sync 1 DAGs
[2026-08-30T16:28:56.742+0000] {logging_mixin.py:190} INFO - [2026-08-30T16:28:56.742+0000] {dag.py:4180} INFO - Setting next_dagrun for parallel_weather_dag to None, run_after=None
[2026-08-30T16:28:56.762+0000] {processor.py:208} INFO - Processing /opt/airflow/dags/04_parallel_weather.py took 0.097 seconds
[2026-08-30T16:29:27.459+0000] {processor.py:186} INFO - Started process (PID=1863) to work on /opt/airflow/dags/04_parallel_weather.py
[2026-08-30T16:29:27.463+0000] {processor.py:914} INFO - Processing file /opt/airflow/dags/04_parallel_weather.py for tasks to queue
[2026-08-30T16:29:27.465+0000] {logging_mixin.py:190} INFO - [2026-08-30T16:29:27.465+0000] {dagbag.py:588} INFO - Filling up the DagBag from /opt/airflow/dags/04_parallel_weather.py
[2026-08-30T16:29:27.480+0000] {processor.py:925} INFO - DAG(s) 'parallel_weather_dag' retrieved from /opt/airflow/dags/04_parallel_weather.py
[2026-08-30T16:29:27.519+0000] {logging_mixin.py:190} INFO - [2026-08-30T16:29:27.518+0000] {dag.py:3239} INFO - Sync 1 DAGs
[2026-08-30T16:29:27.530+0000] {logging_mixin.py:190} INFO - [2026-08-30T16:29:27.530+0000] {dag.py:4180} INFO - Setting next_dagrun for parallel_weather_dag to None, run_after=None
[2026-08-30T16:29:27.548+0000] {processor.py:208} INFO - Processing /opt/airflow/dags/04_parallel_weather.py took 0.097 seconds
[2026-08-30T16:29:58.158+0000] {processor.py:186} INFO - Started process (PID=1875) to work on /opt/airflow/dags/04_parallel_weather.py
[2026-08-30T16:29:58.159+0000] {processor.py:914} INFO - Processing file /opt/airflow/dags/04_parallel_weather.py for tasks to queue
[2026-08-30T16:29:58.163+0000] {logging_mixin.py:190} INFO - [2026-08-30T16:29:58.162+0000] {dagbag.py:588} INFO - Filling up the DagBag from /opt/airflow/dags/04_parallel_weather.py
[2026-08-30T16:29:58.174+0000] {processor.py:925} INFO - DAG(s) 'parallel_weather_dag' retrieved from /opt/airflow/dags/04_parallel_weather.py
[2026-08-30T16:29:58.198+0000] {logging_mixin.py:190} INFO - [2026-08-30T16:29:58.198+0000] {dag.py:3239} INFO - Sync 1 DAGs
[2026-08-30T16:29:58.208+0000] {logging_mixin.py:190} INFO - [2026-08-30T16:29:58.208+0000] {dag.py:4180} INFO - Setting next_dagrun for parallel_weather_dag to None, run_after=None
[2026-08-30T16:29:58.223+0000] {processor.py:208} INFO - Processing /opt/airflow/dags/04_parallel_weather.py took 0.072 seconds
[2026-08-30T16:30:28.884+0000] {processor.py:186} INFO - Started process (PID=1887) to work on /opt/airflow/dags/04_parallel_weather.py
[2026-08-30T16:30:28.885+0000] {processor.py:914} INFO - Processing file /opt/airflow/dags/04_parallel_weather.py for tasks to queue
[2026-08-30T16:30:28.888+0000] {logging_mixin.py:190} INFO - [2026-08-30T16:30:28.888+0000] {dagbag.py:588} INFO - Filling up the DagBag from /opt/airflow/dags/04_parallel_weather.py
[2026-08-30T16:30:28.897+0000] {processor.py:925} INFO - DAG(s) 'parallel_weather_dag' retrieved from /opt/airflow/dags/04_parallel_weather.py
[2026-08-30T16:30:28.929+0000] {logging_mixin.py:190} INFO - [2026-08-30T16:30:28.929+0000] {dag.py:3239} INFO - Sync 1 DAGs
[2026-08-30T16:30:28.936+0000] {logging_mixin.py:190} INFO - [2026-08-30T16:30:28.936+0000] {dag.py:4180} INFO - Setting next_dagrun for parallel_weather_dag to None, run_after=None
[2026-08-30T16:30:28.950+0000] {processor.py:208} INFO - Processing /opt/airflow/dags/04_parallel_weather.py took 0.072 seconds
[2026-08-30T16:30:59.535+0000] {processor.py:186} INFO - Started process (PID=1899) to work on /opt/airflow/dags/04_parallel_weather.py
[2026-08-30T16:30:59.537+0000] {processor.py:914} INFO - Processing file /opt/airflow/dags/04_parallel_weather.py for tasks to queue
[2026-08-30T16:30:59.541+0000] {logging_mixin.py:190} INFO - [2026-08-30T16:30:59.541+0000] {dagbag.py:588} INFO - Filling up the DagBag from /opt/airflow/dags/04_parallel_weather.py
[2026-08-30T16:30:59.551+0000] {processor.py:925} INFO - DAG(s) 'parallel_weather_dag' retrieved from /opt/airflow/dags/04_parallel_weather.py
[2026-08-30T16:30:59.580+0000] {logging_mixin.py:190} INFO - [2026-08-30T16:30:59.580+0000] {dag.py:3239} INFO - Sync 1 DAGs
[2026-08-30T16:30:59.592+0000] {logging_mixin.py:190} INFO - [2026-08-30T16:30:59.592+0000] {dag.py:4180} INFO - Setting next_dagrun for parallel_weather_dag to None, run_after=None
[2026-08-30T16:30:59.609+0000] {processor.py:208} INFO - Processing /opt/airflow/dags/04_parallel_weather.py took 0.084 seconds
[2026-08-30T16:31:30.240+0000] {processor.py:186} INFO - Started process (PID=1911) to work on /opt/airflow/dags/04_parallel_weather.py
[2026-08-30T16:31:30.241+0000] {processor.py:914} INFO - Processing file /opt/airflow/dags/04_parallel_weather.py for tasks to queue
[2026-08-30T16:31:30.245+0000] {logging_mixin.py:190} INFO - [2026-08-30T16:31:30.244+0000] {dagbag.py:588} INFO - Filling up the DagBag from /opt/airflow/dags/04_parallel_weather.py
[2026-08-30T16:31:30.270+0000] {processor.py:925} INFO - DAG(s) 'parallel_weather_dag' retrieved from /opt/airflow/dags/04_parallel_weather.py
[2026-08-30T16:31:30.302+0000] {logging_mixin.py:190} INFO - [2026-08-30T16:31:30.302+0000] {dag.py:3239} INFO - Sync 1 DAGs
[2026-08-30T16:31:30.313+0000] {logging_mixin.py:190} INFO - [2026-08-30T16:31:30.313+0000] {dag.py:4180} INFO - Setting next_dagrun for parallel_weather_dag to None, run_after=None
[2026-08-30T16:31:30.329+0000] {processor.py:208} INFO - Processing /opt/airflow/dags/04_parallel_weather.py took 0.097 seconds
[2026-08-30T16:32:01.140+0000] {processor.py:186} INFO - Started process (PID=1923) to work on /opt/airflow/dags/04_parallel_weather.py
[2026-08-30T16:32:01.141+0000] {processor.py:914} INFO - Processing file /opt/airflow/dags/04_parallel_weather.py for tasks to queue
[2026-08-30T16:32:01.151+0000] {logging_mixin.py:190} INFO - [2026-08-30T16:32:01.150+0000] {dagbag.py:588} INFO - Filling up the DagBag from /opt/airflow/dags/04_parallel_weather.py
[2026-08-30T16:32:01.172+0000] {processor.py:925} INFO - DAG(s) 'parallel_weather_dag' retrieved from /opt/airflow/dags/04_parallel_weather.py
[2026-08-30T16:32:01.197+0000] {logging_mixin.py:190} INFO - [2026-08-30T16:32:01.197+0000] {dag.py:3239} INFO - Sync 1 DAGs
[2026-08-30T16:32:01.212+0000] {logging_mixin.py:190} INFO - [2026-08-30T16:32:01.212+0000] {dag.py:4180} INFO - Setting next_dagrun for parallel_weather_dag to None, run_after=None
[2026-08-30T16:32:01.225+0000] {processor.py:208} INFO - Processing /opt/airflow/dags/04_parallel_weather.py took 0.093 seconds
[2026-08-30T16:32:31.989+0000] {processor.py:186} INFO - Started process (PID=1935) to work on /opt/airflow/dags/04_parallel_weather.py
[2026-08-30T16:32:31.991+0000] {processor.py:914} INFO - Processing file /opt/airflow/dags/04_parallel_weather.py for tasks to queue
[2026-08-30T16:32:31.995+0000] {logging_mixin.py:190} INFO - [2026-08-30T16:32:31.995+0000] {dagbag.py:588} INFO - Filling up the DagBag from /opt/airflow/dags/04_parallel_weather.py
[2026-08-30T16:32:32.013+0000] {processor.py:925} INFO - DAG(s) 'parallel_weather_dag' retrieved from /opt/airflow/dags/04_parallel_weather.py
[2026-08-30T16:32:32.054+0000] {logging_mixin.py:190} INFO - [2026-08-30T16:32:32.054+0000] {dag.py:3239} INFO - Sync 1 DAGs
[2026-08-30T16:32:32.065+0000] {logging_mixin.py:190} INFO - [2026-08-30T16:32:32.065+0000] {dag.py:4180} INFO - Setting next_dagrun for parallel_weather_dag to None, run_after=None
[2026-08-30T16:32:32.083+0000] {processor.py:208} INFO - Processing /opt/airflow/dags/04_parallel_weather.py took 0.101 seconds
[2026-08-30T16:33:02.782+0000] {processor.py:186} INFO - Started process (PID=1947) to work on /opt/airflow/dags/04_parallel_weather.py
[2026-08-30T16:33:02.784+0000] {processor.py:914} INFO - Processing file /opt/airflow/dags/04_parallel_weather.py for tasks to queue
[2026-08-30T16:33:02.787+0000] {logging_mixin.py:190} INFO - [2026-08-30T16:33:02.787+0000] {dagbag.py:588} INFO - Filling up the DagBag from /opt/airflow/dags/04_parallel_weather.py
[2026-08-30T16:33:02.805+0000] {processor.py:925} INFO - DAG(s) 'parallel_weather_dag' retrieved from /opt/airflow/dags/04_parallel_weather.py
[2026-08-30T16:33:02.831+0000] {logging_mixin.py:190} INFO - [2026-08-30T16:33:02.831+0000] {dag.py:3239} INFO - Sync 1 DAGs
[2026-08-30T16:33:02.845+0000] {logging_mixin.py:190} INFO - [2026-08-30T16:33:02.845+0000] {dag.py:4180} INFO - Setting next_dagrun for parallel_weather_dag to None, run_after=None
[2026-08-30T16:33:02.863+0000] {processor.py:208} INFO - Processing /opt/airflow/dags/04_parallel_weather.py took 0.093 seconds
[2026-08-30T16:33:33.537+0000] {processor.py:186} INFO - Started process (PID=1959) to work on /opt/airflow/dags/04_parallel_weather.py
[2026-08-30T16:33:33.541+0000] {processor.py:914} INFO - Processing file /opt/airflow/dags/04_parallel_weather.py for tasks to queue
[2026-08-30T16:33:33.544+0000] {logging_mixin.py:190} INFO - [2026-08-30T16:33:33.543+0000] {dagbag.py:588} INFO - Filling up the DagBag from /opt/airflow/dags/04_parallel_weather.py
[2026-08-30T16:33:33.575+0000] {processor.py:925} INFO - DAG(s) 'parallel_weather_dag' retrieved from /opt/airflow/dags/04_parallel_weather.py
[2026-08-30T16:33:33.606+0000] {logging_mixin.py:190} INFO - [2026-08-30T16:33:33.606+0000] {dag.py:3239} INFO - Sync 1 DAGs
[2026-08-30T16:33:33.618+0000] {logging_mixin.py:190} INFO - [2026-08-30T16:33:33.618+0000] {dag.py:4180} INFO - Setting next_dagrun for parallel_weather_dag to None, run_after=None
[2026-08-30T16:33:33.634+0000] {processor.py:208} INFO - Processing /opt/airflow/dags/04_parallel_weather.py took 0.103 seconds
[2026-08-30T16:34:04.335+0000] {processor.py:186} INFO - Started process (PID=1971) to work on /opt/airflow/dags/04_parallel_weather.py
[2026-08-30T16:34:04.337+0000] {processor.py:914} INFO - Processing file /opt/airflow/dags/04_parallel_weather.py for tasks to queue
[2026-08-30T16:34:04.339+0000] {logging_mixin.py:190} INFO - [2026-08-30T16:34:04.339+0000] {dagbag.py:588} INFO - Filling up the DagBag from /opt/airflow/dags/04_parallel_weather.py
[2026-08-30T16:34:04.353+0000] {processor.py:925} INFO - DAG(s) 'parallel_weather_dag' retrieved from /opt/airflow/dags/04_parallel_weather.py
[2026-08-30T16:34:04.376+0000] {logging_mixin.py:190} INFO - [2026-08-30T16:34:04.375+0000] {dag.py:3239} INFO - Sync 1 DAGs
[2026-08-30T16:34:04.387+0000] {logging_mixin.py:190} INFO - [2026-08-30T16:34:04.387+0000] {dag.py:4180} INFO - Setting next_dagrun for parallel_weather_dag to None, run_after=None
[2026-08-30T16:34:04.404+0000] {processor.py:208} INFO - Processing /opt/airflow/dags/04_parallel_weather.py took 0.083 seconds
[2026-08-30T16:34:35.131+0000] {processor.py:186} INFO - Started process (PID=1984) to work on /opt/airflow/dags/04_parallel_weather.py
[2026-08-30T16:34:35.132+0000] {processor.py:914} INFO - Processing file /opt/airflow/dags/04_parallel_weather.py for tasks to queue
[2026-08-30T16:34:35.134+0000] {logging_mixin.py:190} INFO - [2026-08-30T16:34:35.134+0000] {dagbag.py:588} INFO - Filling up the DagBag from /opt/airflow/dags/04_parallel_weather.py
[2026-08-30T16:34:35.149+0000] {processor.py:925} INFO - DAG(s) 'parallel_weather_dag' retrieved from /opt/airflow/dags/04_parallel_weather.py
[2026-08-30T16:34:35.180+0000] {logging_mixin.py:190} INFO - [2026-08-30T16:34:35.180+0000] {dag.py:3239} INFO - Sync 1 DAGs
[2026-08-30T16:34:35.191+0000] {logging_mixin.py:190} INFO - [2026-08-30T16:34:35.191+0000] {dag.py:4180} INFO - Setting next_dagrun for parallel_weather_dag to None, run_after=None
[2026-08-30T16:34:35.211+0000] {processor.py:208} INFO - Processing /opt/airflow/dags/04_parallel_weather.py took 0.091 seconds
[2026-08-30T16:35:05.412+0000] {processor.py:186} INFO - Started process (PID=1997) to work on /opt/airflow/dags/04_parallel_weather.py
[2026-08-30T16:35:05.415+0000] {processor.py:914} INFO - Processing file /opt/airflow/dags/04_parallel_weather.py for tasks to queue
[2026-08-30T16:35:05.416+0000] {logging_mixin.py:190} INFO - [2026-08-30T16:35:05.416+0000] {dagbag.py:588} INFO - Filling up the DagBag from /opt/airflow/dags/04_parallel_weather.py
[2026-08-30T16:35:05.430+0000] {processor.py:925} INFO - DAG(s) 'parallel_weather_dag' retrieved from /opt/airflow/dags/04_parallel_weather.py
[2026-08-30T16:35:05.461+0000] {logging_mixin.py:190} INFO - [2026-08-30T16:35:05.461+0000] {dag.py:3239} INFO - Sync 1 DAGs
[2026-08-30T16:35:05.471+0000] {logging_mixin.py:190} INFO - [2026-08-30T16:35:05.470+0000] {dag.py:4180} INFO - Setting next_dagrun for parallel_weather_dag to None, run_after=None
[2026-08-30T16:35:05.484+0000] {processor.py:208} INFO - Processing /opt/airflow/dags/04_parallel_weather.py took 0.076 seconds
[2026-08-30T16:35:36.543+0000] {processor.py:186} INFO - Started process (PID=2010) to work on /opt/airflow/dags/04_parallel_weather.py
[2026-08-30T16:35:36.544+0000] {processor.py:914} INFO - Processing file /opt/airflow/dags/04_parallel_weather.py for tasks to queue
[2026-08-30T16:35:36.546+0000] {logging_mixin.py:190} INFO - [2026-08-30T16:35:36.546+0000] {dagbag.py:588} INFO - Filling up the DagBag from /opt/airflow/dags/04_parallel_weather.py
[2026-08-30T16:35:36.554+0000] {processor.py:925} INFO - DAG(s) 'parallel_weather_dag' retrieved from /opt/airflow/dags/04_parallel_weather.py
[2026-08-30T16:35:36.575+0000] {logging_mixin.py:190} INFO - [2026-08-30T16:35:36.575+0000] {dag.py:3239} INFO - Sync 1 DAGs
[2026-08-30T16:35:36.584+0000] {logging_mixin.py:190} INFO - [2026-08-30T16:35:36.583+0000] {dag.py:4180} INFO - Setting next_dagrun for parallel_weather_dag to None, run_after=None
[2026-08-30T16:35:36.593+0000] {processor.py:208} INFO - Processing /opt/airflow/dags/04_parallel_weather.py took 0.055 seconds
[2026-08-30T16:36:07.876+0000] {processor.py:186} INFO - Started process (PID=2029) to work on /opt/airflow/dags/04_parallel_weather.py
[2026-08-30T16:36:07.877+0000] {processor.py:914} INFO - Processing file /opt/airflow/dags/04_parallel_weather.py for tasks to queue
[2026-08-30T16:36:07.879+0000] {logging_mixin.py:190} INFO - [2026-08-30T16:36:07.878+0000] {dagbag.py:588} INFO - Filling up the DagBag from /opt/airflow/dags/04_parallel_weather.py
[2026-08-30T16:36:07.886+0000] {processor.py:925} INFO - DAG(s) 'parallel_weather_dag' retrieved from /opt/airflow/dags/04_parallel_weather.py
[2026-08-30T16:36:07.912+0000] {logging_mixin.py:190} INFO - [2026-08-30T16:36:07.912+0000] {dag.py:3239} INFO - Sync 1 DAGs
[2026-08-30T16:36:07.920+0000] {logging_mixin.py:190} INFO - [2026-08-30T16:36:07.920+0000] {dag.py:4180} INFO - Setting next_dagrun for parallel_weather_dag to None, run_after=None
[2026-08-30T16:36:07.930+0000] {processor.py:208} INFO - Processing /opt/airflow/dags/04_parallel_weather.py took 0.057 seconds
[2026-08-30T16:36:38.452+0000] {processor.py:186} INFO - Started process (PID=2042) to work on /opt/airflow/dags/04_parallel_weather.py
[2026-08-30T16:36:38.453+0000] {processor.py:914} INFO - Processing file /opt/airflow/dags/04_parallel_weather.py for tasks to queue
[2026-08-30T16:36:38.454+0000] {logging_mixin.py:190} INFO - [2026-08-30T16:36:38.454+0000] {dagbag.py:588} INFO - Filling up the DagBag from /opt/airflow/dags/04_parallel_weather.py
[2026-08-30T16:36:38.462+0000] {processor.py:925} INFO - DAG(s) 'parallel_weather_dag' retrieved from /opt/airflow/dags/04_parallel_weather.py
[2026-08-30T16:36:38.489+0000] {logging_mixin.py:190} INFO - [2026-08-30T16:36:38.489+0000] {dag.py:3239} INFO - Sync 1 DAGs
[2026-08-30T16:36:38.498+0000] {logging_mixin.py:190} INFO - [2026-08-30T16:36:38.498+0000] {dag.py:4180} INFO - Setting next_dagrun for parallel_weather_dag to None, run_after=None
[2026-08-30T16:36:38.510+0000] {processor.py:208} INFO - Processing /opt/airflow/dags/04_parallel_weather.py took 0.069 seconds
[2026-08-30T16:37:09.514+0000] {processor.py:186} INFO - Started process (PID=2055) to work on /opt/airflow/dags/04_parallel_weather.py
[2026-08-30T16:37:09.518+0000] {processor.py:914} INFO - Processing file /opt/airflow/dags/04_parallel_weather.py for tasks to queue
[2026-08-30T16:37:09.520+0000] {logging_mixin.py:190} INFO - [2026-08-30T16:37:09.520+0000] {dagbag.py:588} INFO - Filling up the DagBag from /opt/airflow/dags/04_parallel_weather.py
[2026-08-30T16:37:09.528+0000] {processor.py:925} INFO - DAG(s) 'parallel_weather_dag' retrieved from /opt/airflow/dags/04_parallel_weather.py
[2026-08-30T16:37:09.551+0000] {logging_mixin.py:190} INFO - [2026-08-30T16:37:09.550+0000] {dag.py:3239} INFO - Sync 1 DAGs
[2026-08-30T16:37:09.558+0000] {logging_mixin.py:190} INFO - [2026-08-30T16:37:09.558+0000] {dag.py:4180} INFO - Setting next_dagrun for parallel_weather_dag to None, run_after=None
[2026-08-30T16:37:09.567+0000] {processor.py:208} INFO - Processing /opt/airflow/dags/04_parallel_weather.py took 0.061 seconds
[2026-08-30T16:37:40.583+0000] {processor.py:186} INFO - Started process (PID=2068) to work on /opt/airflow/dags/04_parallel_weather.py
[2026-08-30T16:37:40.584+0000] {processor.py:914} INFO - Processing file /opt/airflow/dags/04_parallel_weather.py for tasks to queue
[2026-08-30T16:37:40.585+0000] {logging_mixin.py:190} INFO - [2026-08-30T16:37:40.585+0000] {dagbag.py:588} INFO - Filling up the DagBag from /opt/airflow/dags/04_parallel_weather.py
[2026-08-30T16:37:40.593+0000] {processor.py:925} INFO - DAG(s) 'parallel_weather_dag' retrieved from /opt/airflow/dags/04_parallel_weather.py
[2026-08-30T16:37:40.611+0000] {logging_mixin.py:190} INFO - [2026-08-30T16:37:40.611+0000] {dag.py:3239} INFO - Sync 1 DAGs
[2026-08-30T16:37:40.619+0000] {logging_mixin.py:190} INFO - [2026-08-30T16:37:40.619+0000] {dag.py:4180} INFO - Setting next_dagrun for parallel_weather_dag to None, run_after=None
[2026-08-30T16:37:40.628+0000] {processor.py:208} INFO - Processing /opt/airflow/dags/04_parallel_weather.py took 0.054 seconds
[2026-08-30T16:38:11.584+0000] {processor.py:186} INFO - Started process (PID=2081) to work on /opt/airflow/dags/04_parallel_weather.py
[2026-08-30T16:38:11.585+0000] {processor.py:914} INFO - Processing file /opt/airflow/dags/04_parallel_weather.py for tasks to queue
[2026-08-30T16:38:11.587+0000] {logging_mixin.py:190} INFO - [2026-08-30T16:38:11.586+0000] {dagbag.py:588} INFO - Filling up the DagBag from /opt/airflow/dags/04_parallel_weather.py
[2026-08-30T16:38:11.595+0000] {processor.py:925} INFO - DAG(s) 'parallel_weather_dag' retrieved from /opt/airflow/dags/04_parallel_weather.py
[2026-08-30T16:38:11.615+0000] {logging_mixin.py:190} INFO - [2026-08-30T16:38:11.614+0000] {dag.py:3239} INFO - Sync 1 DAGs
[2026-08-30T16:38:11.622+0000] {logging_mixin.py:190} INFO - [2026-08-30T16:38:11.622+0000] {dag.py:4180} INFO - Setting next_dagrun for parallel_weather_dag to None, run_after=None
[2026-08-30T16:38:11.631+0000] {processor.py:208} INFO - Processing /opt/airflow/dags/04_parallel_weather.py took 0.053 seconds
[2026-08-30T16:38:42.515+0000] {processor.py:186} INFO - Started process (PID=2094) to work on /opt/airflow/dags/04_parallel_weather.py
[2026-08-30T16:38:42.516+0000] {processor.py:914} INFO - Processing file /opt/airflow/dags/04_parallel_weather.py for tasks to queue
[2026-08-30T16:38:42.518+0000] {logging_mixin.py:190} INFO - [2026-08-30T16:38:42.518+0000] {dagbag.py:588} INFO - Filling up the DagBag from /opt/airflow/dags/04_parallel_weather.py
[2026-08-30T16:38:42.526+0000] {processor.py:925} INFO - DAG(s) 'parallel_weather_dag' retrieved from /opt/airflow/dags/04_parallel_weather.py
[2026-08-30T16:38:42.547+0000] {logging_mixin.py:190} INFO - [2026-08-30T16:38:42.547+0000] {dag.py:3239} INFO - Sync 1 DAGs
[2026-08-30T16:38:42.556+0000] {logging_mixin.py:190} INFO - [2026-08-30T16:38:42.556+0000] {dag.py:4180} INFO - Setting next_dagrun for parallel_weather_dag to None, run_after=None
[2026-08-30T16:38:42.565+0000] {processor.py:208} INFO - Processing /opt/airflow/dags/04_parallel_weather.py took 0.056 seconds
[2026-08-30T16:39:13.549+0000] {processor.py:186} INFO - Started process (PID=2107) to work on /opt/airflow/dags/04_parallel_weather.py
[2026-08-30T16:39:13.550+0000] {processor.py:914} INFO - Processing file /opt/airflow/dags/04_parallel_weather.py for tasks to queue
[2026-08-30T16:39:13.552+0000] {logging_mixin.py:190} INFO - [2026-08-30T16:39:13.551+0000] {dagbag.py:588} INFO - Filling up the DagBag from /opt/airflow/dags/04_parallel_weather.py
[2026-08-30T16:39:13.559+0000] {processor.py:925} INFO - DAG(s) 'parallel_weather_dag' retrieved from /opt/airflow/dags/04_parallel_weather.py
[2026-08-30T16:39:13.576+0000] {logging_mixin.py:190} INFO - [2026-08-30T16:39:13.576+0000] {dag.py:3239} INFO - Sync 1 DAGs
[2026-08-30T16:39:13.584+0000] {logging_mixin.py:190} INFO - [2026-08-30T16:39:13.584+0000] {dag.py:4180} INFO - Setting next_dagrun for parallel_weather_dag to None, run_after=None
[2026-08-30T16:39:13.592+0000] {processor.py:208} INFO - Processing /opt/airflow/dags/04_parallel_weather.py took 0.052 seconds
[2026-08-30T16:39:44.767+0000] {processor.py:186} INFO - Started process (PID=2120) to work on /opt/airflow/dags/04_parallel_weather.py
[2026-08-30T16:39:44.769+0000] {processor.py:914} INFO - Processing file /opt/airflow/dags/04_parallel_weather.py for tasks to queue
[2026-08-30T16:39:44.770+0000] {logging_mixin.py:190} INFO - [2026-08-30T16:39:44.770+0000] {dagbag.py:588} INFO - Filling up the DagBag from /opt/airflow/dags/04_parallel_weather.py
[2026-08-30T16:39:44.777+0000] {processor.py:925} INFO - DAG(s) 'parallel_weather_dag' retrieved from /opt/airflow/dags/04_parallel_weather.py
[2026-08-30T16:39:44.797+0000] {logging_mixin.py:190} INFO - [2026-08-30T16:39:44.797+0000] {dag.py:3239} INFO - Sync 1 DAGs
[2026-08-30T16:39:44.807+0000] {logging_mixin.py:190} INFO - [2026-08-30T16:39:44.807+0000] {dag.py:4180} INFO - Setting next_dagrun for parallel_weather_dag to None, run_after=None
[2026-08-30T16:39:44.825+0000] {processor.py:208} INFO - Processing /opt/airflow/dags/04_parallel_weather.py took 0.067 seconds
[2026-08-30T16:40:15.892+0000] {processor.py:186} INFO - Started process (PID=2133) to work on /opt/airflow/dags/04_parallel_weather.py
[2026-08-30T16:40:15.893+0000] {processor.py:914} INFO - Processing file /opt/airflow/dags/04_parallel_weather.py for tasks to queue
[2026-08-30T16:40:15.894+0000] {logging_mixin.py:190} INFO - [2026-08-30T16:40:15.894+0000] {dagbag.py:588} INFO - Filling up the DagBag from /opt/airflow/dags/04_parallel_weather.py
[2026-08-30T16:40:15.904+0000] {processor.py:925} INFO - DAG(s) 'parallel_weather_dag' retrieved from /opt/airflow/dags/04_parallel_weather.py
[2026-08-30T16:40:15.930+0000] {logging_mixin.py:190} INFO - [2026-08-30T16:40:15.929+0000] {dag.py:3239} INFO - Sync 1 DAGs
[2026-08-30T16:40:15.946+0000] {logging_mixin.py:190} INFO - [2026-08-30T16:40:15.945+0000] {dag.py:4180} INFO - Setting next_dagrun for parallel_weather_dag to None, run_after=None
[2026-08-30T16:40:15.985+0000] {processor.py:208} INFO - Processing /opt/airflow/dags/04_parallel_weather.py took 0.098 seconds
[2026-08-30T16:40:47.071+0000] {processor.py:186} INFO - Started process (PID=2146) to work on /opt/airflow/dags/04_parallel_weather.py
[2026-08-30T16:40:47.072+0000] {processor.py:914} INFO - Processing file /opt/airflow/dags/04_parallel_weather.py for tasks to queue
[2026-08-30T16:40:47.074+0000] {logging_mixin.py:190} INFO - [2026-08-30T16:40:47.074+0000] {dagbag.py:588} INFO - Filling up the DagBag from /opt/airflow/dags/04_parallel_weather.py
[2026-08-30T16:40:47.083+0000] {processor.py:925} INFO - DAG(s) 'parallel_weather_dag' retrieved from /opt/airflow/dags/04_parallel_weather.py
[2026-08-30T16:40:47.103+0000] {logging_mixin.py:190} INFO - [2026-08-30T16:40:47.103+0000] {dag.py:3239} INFO - Sync 1 DAGs
[2026-08-30T16:40:47.112+0000] {logging_mixin.py:190} INFO - [2026-08-30T16:40:47.112+0000] {dag.py:4180} INFO - Setting next_dagrun for parallel_weather_dag to None, run_after=None
[2026-08-30T16:40:47.121+0000] {processor.py:208} INFO - Processing /opt/airflow/dags/04_parallel_weather.py took 0.064 seconds
[2026-08-30T16:41:18.097+0000] {processor.py:186} INFO - Started process (PID=2159) to work on /opt/airflow/dags/04_parallel_weather.py
[2026-08-30T16:41:18.099+0000] {processor.py:914} INFO - Processing file /opt/airflow/dags/04_parallel_weather.py for tasks to queue
[2026-08-30T16:41:18.101+0000] {logging_mixin.py:190} INFO - [2026-08-30T16:41:18.100+0000] {dagbag.py:588} INFO - Filling up the DagBag from /opt/airflow/dags/04_parallel_weather.py
[2026-08-30T16:41:18.109+0000] {processor.py:925} INFO - DAG(s) 'parallel_weather_dag' retrieved from /opt/airflow/dags/04_parallel_weather.py
[2026-08-30T16:41:18.132+0000] {logging_mixin.py:190} INFO - [2026-08-30T16:41:18.131+0000] {dag.py:3239} INFO - Sync 1 DAGs
[2026-08-30T16:41:18.145+0000] {logging_mixin.py:190} INFO - [2026-08-30T16:41:18.144+0000] {dag.py:4180} INFO - Setting next_dagrun for parallel_weather_dag to None, run_after=None
[2026-08-30T16:41:18.155+0000] {processor.py:208} INFO - Processing /opt/airflow/dags/04_parallel_weather.py took 0.064 seconds
[2026-08-30T16:41:49.257+0000] {processor.py:186} INFO - Started process (PID=2171) to work on /opt/airflow/dags/04_parallel_weather.py
[2026-08-30T16:41:49.258+0000] {processor.py:914} INFO - Processing file /opt/airflow/dags/04_parallel_weather.py for tasks to queue
[2026-08-30T16:41:49.259+0000] {logging_mixin.py:190} INFO - [2026-08-30T16:41:49.259+0000] {dagbag.py:588} INFO - Filling up the DagBag from /opt/airflow/dags/04_parallel_weather.py
[2026-08-30T16:41:49.267+0000] {processor.py:925} INFO - DAG(s) 'parallel_weather_dag' retrieved from /opt/airflow/dags/04_parallel_weather.py
[2026-08-30T16:41:49.295+0000] {logging_mixin.py:190} INFO - [2026-08-30T16:41:49.295+0000] {dag.py:3239} INFO - Sync 1 DAGs
[2026-08-30T16:41:49.304+0000] {logging_mixin.py:190} INFO - [2026-08-30T16:41:49.304+0000] {dag.py:4180} INFO - Setting next_dagrun for parallel_weather_dag to None, run_after=None
[2026-08-30T16:41:49.318+0000] {processor.py:208} INFO - Processing /opt/airflow/dags/04_parallel_weather.py took 0.069 seconds
[2026-08-30T16:42:20.350+0000] {processor.py:186} INFO - Started process (PID=2184) to work on /opt/airflow/dags/04_parallel_weather.py
[2026-08-30T16:42:20.351+0000] {processor.py:914} INFO - Processing file /opt/airflow/dags/04_parallel_weather.py for tasks to queue
[2026-08-30T16:42:20.353+0000] {logging_mixin.py:190} INFO - [2026-08-30T16:42:20.353+0000] {dagbag.py:588} INFO - Filling up the DagBag from /opt/airflow/dags/04_parallel_weather.py
[2026-08-30T16:42:20.364+0000] {processor.py:925} INFO - DAG(s) 'parallel_weather_dag' retrieved from /opt/airflow/dags/04_parallel_weather.py
[2026-08-30T16:42:20.387+0000] {logging_mixin.py:190} INFO - [2026-08-30T16:42:20.386+0000] {dag.py:3239} INFO - Sync 1 DAGs
[2026-08-30T16:42:20.398+0000] {logging_mixin.py:190} INFO - [2026-08-30T16:42:20.398+0000] {dag.py:4180} INFO - Setting next_dagrun for parallel_weather_dag to None, run_after=None
[2026-08-30T16:42:20.409+0000] {processor.py:208} INFO - Processing /opt/airflow/dags/04_parallel_weather.py took 0.072 seconds
[2026-08-30T16:42:51.309+0000] {processor.py:186} INFO - Started process (PID=2197) to work on /opt/airflow/dags/04_parallel_weather.py
[2026-08-30T16:42:51.310+0000] {processor.py:914} INFO - Processing file /opt/airflow/dags/04_parallel_weather.py for tasks to queue
[2026-08-30T16:42:51.311+0000] {logging_mixin.py:190} INFO - [2026-08-30T16:42:51.311+0000] {dagbag.py:588} INFO - Filling up the DagBag from /opt/airflow/dags/04_parallel_weather.py
[2026-08-30T16:42:51.319+0000] {processor.py:925} INFO - DAG(s) 'parallel_weather_dag' retrieved from /opt/airflow/dags/04_parallel_weather.py
[2026-08-30T16:42:51.337+0000] {logging_mixin.py:190} INFO - [2026-08-30T16:42:51.337+0000] {dag.py:3239} INFO - Sync 1 DAGs
[2026-08-30T16:42:51.345+0000] {logging_mixin.py:190} INFO - [2026-08-30T16:42:51.345+0000] {dag.py:4180} INFO - Setting next_dagrun for parallel_weather_dag to None, run_after=None
[2026-08-30T16:42:51.353+0000] {processor.py:208} INFO - Processing /opt/airflow/dags/04_parallel_weather.py took 0.049 seconds
[2026-08-30T16:43:22.412+0000] {processor.py:186} INFO - Started process (PID=2210) to work on /opt/airflow/dags/04_parallel_weather.py
[2026-08-30T16:43:22.413+0000] {processor.py:914} INFO - Processing file /opt/airflow/dags/04_parallel_weather.py for tasks to queue
[2026-08-30T16:43:22.415+0000] {logging_mixin.py:190} INFO - [2026-08-30T16:43:22.415+0000] {dagbag.py:588} INFO - Filling up the DagBag from /opt/airflow/dags/04_parallel_weather.py
[2026-08-30T16:43:22.424+0000] {processor.py:925} INFO - DAG(s) 'parallel_weather_dag' retrieved from /opt/airflow/dags/04_parallel_weather.py
[2026-08-30T16:43:22.447+0000] {logging_mixin.py:190} INFO - [2026-08-30T16:43:22.447+0000] {dag.py:3239} INFO - Sync 1 DAGs
[2026-08-30T16:43:22.465+0000] {logging_mixin.py:190} INFO - [2026-08-30T16:43:22.465+0000] {dag.py:4180} INFO - Setting next_dagrun for parallel_weather_dag to None, run_after=None
[2026-08-30T16:43:22.481+0000] {processor.py:208} INFO - Processing /opt/airflow/dags/04_parallel_weather.py took 0.076 seconds
[2026-08-30T16:43:53.499+0000] {processor.py:186} INFO - Started process (PID=2223) to work on /opt/airflow/dags/04_parallel_weather.py
[2026-08-30T16:43:53.501+0000] {processor.py:914} INFO - Processing file /opt/airflow/dags/04_parallel_weather.py for tasks to queue
[2026-08-30T16:43:53.504+0000] {logging_mixin.py:190} INFO - [2026-08-30T16:43:53.504+0000] {dagbag.py:588} INFO - Filling up the DagBag from /opt/airflow/dags/04_parallel_weather.py
[2026-08-30T16:43:53.512+0000] {processor.py:925} INFO - DAG(s) 'parallel_weather_dag' retrieved from /opt/airflow/dags/04_parallel_weather.py
[2026-08-30T16:43:53.532+0000] {logging_mixin.py:190} INFO - [2026-08-30T16:43:53.532+0000] {dag.py:3239} INFO - Sync 1 DAGs
[2026-08-30T16:43:53.541+0000] {logging_mixin.py:190} INFO - [2026-08-30T16:43:53.541+0000] {dag.py:4180} INFO - Setting next_dagrun for parallel_weather_dag to None, run_after=None
[2026-08-30T16:43:53.551+0000] {processor.py:208} INFO - Processing /opt/airflow/dags/04_parallel_weather.py took 0.064 seconds
[2026-08-30T16:44:24.535+0000] {processor.py:186} INFO - Started process (PID=2236) to work on /opt/airflow/dags/04_parallel_weather.py
[2026-08-30T16:44:24.536+0000] {processor.py:914} INFO - Processing file /opt/airflow/dags/04_parallel_weather.py for tasks to queue
[2026-08-30T16:44:24.538+0000] {logging_mixin.py:190} INFO - [2026-08-30T16:44:24.538+0000] {dagbag.py:588} INFO - Filling up the DagBag from /opt/airflow/dags/04_parallel_weather.py
[2026-08-30T16:44:24.545+0000] {processor.py:925} INFO - DAG(s) 'parallel_weather_dag' retrieved from /opt/airflow/dags/04_parallel_weather.py
[2026-08-30T16:44:24.565+0000] {logging_mixin.py:190} INFO - [2026-08-30T16:44:24.565+0000] {dag.py:3239} INFO - Sync 1 DAGs
[2026-08-30T16:44:24.574+0000] {logging_mixin.py:190} INFO - [2026-08-30T16:44:24.573+0000] {dag.py:4180} INFO - Setting next_dagrun for parallel_weather_dag to None, run_after=None
[2026-08-30T16:44:24.583+0000] {processor.py:208} INFO - Processing /opt/airflow/dags/04_parallel_weather.py took 0.059 seconds
[2026-08-30T16:44:55.711+0000] {processor.py:186} INFO - Started process (PID=2249) to work on /opt/airflow/dags/04_parallel_weather.py
[2026-08-30T16:44:55.713+0000] {processor.py:914} INFO - Processing file /opt/airflow/dags/04_parallel_weather.py for tasks to queue
[2026-08-30T16:44:55.716+0000] {logging_mixin.py:190} INFO - [2026-08-30T16:44:55.716+0000] {dagbag.py:588} INFO - Filling up the DagBag from /opt/airflow/dags/04_parallel_weather.py
[2026-08-30T16:44:55.734+0000] {processor.py:925} INFO - DAG(s) 'parallel_weather_dag' retrieved from /opt/airflow/dags/04_parallel_weather.py
[2026-08-30T16:44:55.778+0000] {logging_mixin.py:190} INFO - [2026-08-30T16:44:55.777+0000] {dag.py:3239} INFO - Sync 1 DAGs
[2026-08-30T16:44:55.802+0000] {logging_mixin.py:190} INFO - [2026-08-30T16:44:55.801+0000] {dag.py:4180} INFO - Setting next_dagrun for parallel_weather_dag to None, run_after=None
[2026-08-30T16:44:55.831+0000] {processor.py:208} INFO - Processing /opt/airflow/dags/04_parallel_weather.py took 0.140 seconds
[2026-08-30T16:45:25.943+0000] {processor.py:186} INFO - Started process (PID=2261) to work on /opt/airflow/dags/04_parallel_weather.py
[2026-08-30T16:45:25.944+0000] {processor.py:914} INFO - Processing file /opt/airflow/dags/04_parallel_weather.py for tasks to queue
[2026-08-30T16:45:25.946+0000] {logging_mixin.py:190} INFO - [2026-08-30T16:45:25.946+0000] {dagbag.py:588} INFO - Filling up the DagBag from /opt/airflow/dags/04_parallel_weather.py
[2026-08-30T16:45:25.953+0000] {processor.py:925} INFO - DAG(s) 'parallel_weather_dag' retrieved from /opt/airflow/dags/04_parallel_weather.py
[2026-08-30T16:45:25.994+0000] {logging_mixin.py:190} INFO - [2026-08-30T16:45:25.994+0000] {dag.py:3239} INFO - Sync 1 DAGs
[2026-08-30T16:45:26.004+0000] {logging_mixin.py:190} INFO - [2026-08-30T16:45:26.004+0000] {dag.py:4180} INFO - Setting next_dagrun for parallel_weather_dag to None, run_after=None
[2026-08-30T16:45:26.015+0000] {processor.py:208} INFO - Processing /opt/airflow/dags/04_parallel_weather.py took 0.082 seconds
[2026-08-30T16:45:56.289+0000] {processor.py:186} INFO - Started process (PID=2274) to work on /opt/airflow/dags/04_parallel_weather.py
[2026-08-30T16:45:56.290+0000] {processor.py:914} INFO - Processing file /opt/airflow/dags/04_parallel_weather.py for tasks to queue
[2026-08-30T16:45:56.291+0000] {logging_mixin.py:190} INFO - [2026-08-30T16:45:56.291+0000] {dagbag.py:588} INFO - Filling up the DagBag from /opt/airflow/dags/04_parallel_weather.py
[2026-08-30T16:45:56.298+0000] {processor.py:925} INFO - DAG(s) 'parallel_weather_dag' retrieved from /opt/airflow/dags/04_parallel_weather.py
[2026-08-30T16:45:56.315+0000] {logging_mixin.py:190} INFO - [2026-08-30T16:45:56.315+0000] {dag.py:3239} INFO - Sync 1 DAGs
[2026-08-30T16:45:56.326+0000] {logging_mixin.py:190} INFO - [2026-08-30T16:45:56.325+0000] {dag.py:4180} INFO - Setting next_dagrun for parallel_weather_dag to None, run_after=None
[2026-08-30T16:45:56.334+0000] {processor.py:208} INFO - Processing /opt/airflow/dags/04_parallel_weather.py took 0.049 seconds
[2026-08-30T16:47:34.151+0000] {processor.py:186} INFO - Started process (PID=91) to work on /opt/airflow/dags/04_parallel_weather.py
[2026-08-30T16:47:34.154+0000] {processor.py:914} INFO - Processing file /opt/airflow/dags/04_parallel_weather.py for tasks to queue
[2026-08-30T16:47:34.158+0000] {logging_mixin.py:190} INFO - [2026-08-30T16:47:34.157+0000] {dagbag.py:588} INFO - Filling up the DagBag from /opt/airflow/dags/04_parallel_weather.py
[2026-08-30T16:47:34.178+0000] {processor.py:925} INFO - DAG(s) 'parallel_weather_dag' retrieved from /opt/airflow/dags/04_parallel_weather.py
[2026-08-30T16:47:34.218+0000] {logging_mixin.py:190} INFO - [2026-08-30T16:47:34.217+0000] {dag.py:3239} INFO - Sync 1 DAGs
[2026-08-30T16:47:34.240+0000] {logging_mixin.py:190} INFO - [2026-08-30T16:47:34.240+0000] {dag.py:4180} INFO - Setting next_dagrun for parallel_weather_dag to None, run_after=None
[2026-08-30T16:47:34.271+0000] {processor.py:208} INFO - Processing /opt/airflow/dags/04_parallel_weather.py took 0.138 seconds
[2026-08-30T16:48:04.355+0000] {processor.py:186} INFO - Started process (PID=103) to work on /opt/airflow/dags/04_parallel_weather.py
[2026-08-30T16:48:04.356+0000] {processor.py:914} INFO - Processing file /opt/airflow/dags/04_parallel_weather.py for tasks to queue
[2026-08-30T16:48:04.359+0000] {logging_mixin.py:190} INFO - [2026-08-30T16:48:04.359+0000] {dagbag.py:588} INFO - Filling up the DagBag from /opt/airflow/dags/04_parallel_weather.py
[2026-08-30T16:48:04.369+0000] {processor.py:925} INFO - DAG(s) 'parallel_weather_dag' retrieved from /opt/airflow/dags/04_parallel_weather.py
[2026-08-30T16:48:04.388+0000] {logging_mixin.py:190} INFO - [2026-08-30T16:48:04.388+0000] {dag.py:3239} INFO - Sync 1 DAGs
[2026-08-30T16:48:04.396+0000] {logging_mixin.py:190} INFO - [2026-08-30T16:48:04.396+0000] {dag.py:4180} INFO - Setting next_dagrun for parallel_weather_dag to None, run_after=None
[2026-08-30T16:48:04.405+0000] {processor.py:208} INFO - Processing /opt/airflow/dags/04_parallel_weather.py took 0.057 seconds
[2026-08-30T16:48:35.355+0000] {processor.py:186} INFO - Started process (PID=116) to work on /opt/airflow/dags/04_parallel_weather.py
[2026-08-30T16:48:35.358+0000] {processor.py:914} INFO - Processing file /opt/airflow/dags/04_parallel_weather.py for tasks to queue
[2026-08-30T16:48:35.360+0000] {logging_mixin.py:190} INFO - [2026-08-30T16:48:35.360+0000] {dagbag.py:588} INFO - Filling up the DagBag from /opt/airflow/dags/04_parallel_weather.py
[2026-08-30T16:48:35.379+0000] {processor.py:925} INFO - DAG(s) 'parallel_weather_dag' retrieved from /opt/airflow/dags/04_parallel_weather.py
[2026-08-30T16:48:35.423+0000] {logging_mixin.py:190} INFO - [2026-08-30T16:48:35.422+0000] {dag.py:3239} INFO - Sync 1 DAGs
[2026-08-30T16:48:35.437+0000] {logging_mixin.py:190} INFO - [2026-08-30T16:48:35.437+0000] {dag.py:4180} INFO - Setting next_dagrun for parallel_weather_dag to None, run_after=None
[2026-08-30T16:48:35.455+0000] {processor.py:208} INFO - Processing /opt/airflow/dags/04_parallel_weather.py took 0.109 seconds
[2026-08-30T16:49:06.263+0000] {processor.py:186} INFO - Started process (PID=129) to work on /opt/airflow/dags/04_parallel_weather.py
[2026-08-30T16:49:06.264+0000] {processor.py:914} INFO - Processing file /opt/airflow/dags/04_parallel_weather.py for tasks to queue
[2026-08-30T16:49:06.265+0000] {logging_mixin.py:190} INFO - [2026-08-30T16:49:06.265+0000] {dagbag.py:588} INFO - Filling up the DagBag from /opt/airflow/dags/04_parallel_weather.py
[2026-08-30T16:49:06.273+0000] {processor.py:925} INFO - DAG(s) 'parallel_weather_dag' retrieved from /opt/airflow/dags/04_parallel_weather.py
[2026-08-30T16:49:06.290+0000] {logging_mixin.py:190} INFO - [2026-08-30T16:49:06.290+0000] {dag.py:3239} INFO - Sync 1 DAGs
[2026-08-30T16:49:06.298+0000] {logging_mixin.py:190} INFO - [2026-08-30T16:49:06.298+0000] {dag.py:4180} INFO - Setting next_dagrun for parallel_weather_dag to None, run_after=None
[2026-08-30T16:49:06.312+0000] {processor.py:208} INFO - Processing /opt/airflow/dags/04_parallel_weather.py took 0.053 seconds
[2026-08-30T16:49:37.420+0000] {processor.py:186} INFO - Started process (PID=142) to work on /opt/airflow/dags/04_parallel_weather.py
[2026-08-30T16:49:37.421+0000] {processor.py:914} INFO - Processing file /opt/airflow/dags/04_parallel_weather.py for tasks to queue
[2026-08-30T16:49:37.422+0000] {logging_mixin.py:190} INFO - [2026-08-30T16:49:37.422+0000] {dagbag.py:588} INFO - Filling up the DagBag from /opt/airflow/dags/04_parallel_weather.py
[2026-08-30T16:49:37.430+0000] {processor.py:925} INFO - DAG(s) 'parallel_weather_dag' retrieved from /opt/airflow/dags/04_parallel_weather.py
[2026-08-30T16:49:37.450+0000] {logging_mixin.py:190} INFO - [2026-08-30T16:49:37.450+0000] {dag.py:3239} INFO - Sync 1 DAGs
[2026-08-30T16:49:37.458+0000] {logging_mixin.py:190} INFO - [2026-08-30T16:49:37.457+0000] {dag.py:4180} INFO - Setting next_dagrun for parallel_weather_dag to None, run_after=None
[2026-08-30T16:49:37.469+0000] {processor.py:208} INFO - Processing /opt/airflow/dags/04_parallel_weather.py took 0.055 seconds
[2026-08-30T16:50:08.565+0000] {processor.py:186} INFO - Started process (PID=155) to work on /opt/airflow/dags/04_parallel_weather.py
[2026-08-30T16:50:08.566+0000] {processor.py:914} INFO - Processing file /opt/airflow/dags/04_parallel_weather.py for tasks to queue
[2026-08-30T16:50:08.580+0000] {logging_mixin.py:190} INFO - [2026-08-30T16:50:08.579+0000] {dagbag.py:588} INFO - Filling up the DagBag from /opt/airflow/dags/04_parallel_weather.py
[2026-08-30T16:50:08.598+0000] {processor.py:925} INFO - DAG(s) 'parallel_weather_dag' retrieved from /opt/airflow/dags/04_parallel_weather.py
[2026-08-30T16:50:08.784+0000] {logging_mixin.py:190} INFO - [2026-08-30T16:50:08.784+0000] {dag.py:3239} INFO - Sync 1 DAGs
[2026-08-30T16:50:08.791+0000] {logging_mixin.py:190} INFO - [2026-08-30T16:50:08.791+0000] {dag.py:4180} INFO - Setting next_dagrun for parallel_weather_dag to None, run_after=None
[2026-08-30T16:50:08.806+0000] {processor.py:208} INFO - Processing /opt/airflow/dags/04_parallel_weather.py took 0.250 seconds
[2026-08-30T16:50:39.922+0000] {processor.py:186} INFO - Started process (PID=168) to work on /opt/airflow/dags/04_parallel_weather.py
[2026-08-30T16:50:39.923+0000] {processor.py:914} INFO - Processing file /opt/airflow/dags/04_parallel_weather.py for tasks to queue
[2026-08-30T16:50:39.930+0000] {logging_mixin.py:190} INFO - [2026-08-30T16:50:39.929+0000] {dagbag.py:588} INFO - Filling up the DagBag from /opt/airflow/dags/04_parallel_weather.py
[2026-08-30T16:50:39.942+0000] {processor.py:925} INFO - DAG(s) 'parallel_weather_dag' retrieved from /opt/airflow/dags/04_parallel_weather.py
[2026-08-30T16:50:39.972+0000] {logging_mixin.py:190} INFO - [2026-08-30T16:50:39.972+0000] {dag.py:3239} INFO - Sync 1 DAGs
[2026-08-30T16:50:39.982+0000] {logging_mixin.py:190} INFO - [2026-08-30T16:50:39.981+0000] {dag.py:4180} INFO - Setting next_dagrun for parallel_weather_dag to None, run_after=None
[2026-08-30T16:50:39.992+0000] {processor.py:208} INFO - Processing /opt/airflow/dags/04_parallel_weather.py took 0.077 seconds
[2026-08-30T16:51:10.459+0000] {processor.py:186} INFO - Started process (PID=181) to work on /opt/airflow/dags/04_parallel_weather.py
[2026-08-30T16:51:10.459+0000] {processor.py:914} INFO - Processing file /opt/airflow/dags/04_parallel_weather.py for tasks to queue
[2026-08-30T16:51:10.461+0000] {logging_mixin.py:190} INFO - [2026-08-30T16:51:10.461+0000] {dagbag.py:588} INFO - Filling up the DagBag from /opt/airflow/dags/04_parallel_weather.py
[2026-08-30T16:51:10.470+0000] {processor.py:925} INFO - DAG(s) 'parallel_weather_dag' retrieved from /opt/airflow/dags/04_parallel_weather.py
[2026-08-30T16:51:10.497+0000] {logging_mixin.py:190} INFO - [2026-08-30T16:51:10.497+0000] {dag.py:3239} INFO - Sync 1 DAGs
[2026-08-30T16:51:10.511+0000] {logging_mixin.py:190} INFO - [2026-08-30T16:51:10.511+0000] {dag.py:4180} INFO - Setting next_dagrun for parallel_weather_dag to None, run_after=None
[2026-08-30T16:51:10.528+0000] {processor.py:208} INFO - Processing /opt/airflow/dags/04_parallel_weather.py took 0.077 seconds
[2026-08-30T16:51:40.812+0000] {processor.py:186} INFO - Started process (PID=194) to work on /opt/airflow/dags/04_parallel_weather.py
[2026-08-30T16:51:40.813+0000] {processor.py:914} INFO - Processing file /opt/airflow/dags/04_parallel_weather.py for tasks to queue
[2026-08-30T16:51:40.815+0000] {logging_mixin.py:190} INFO - [2026-08-30T16:51:40.815+0000] {dagbag.py:588} INFO - Filling up the DagBag from /opt/airflow/dags/04_parallel_weather.py
[2026-08-30T16:51:40.823+0000] {processor.py:925} INFO - DAG(s) 'parallel_weather_dag' retrieved from /opt/airflow/dags/04_parallel_weather.py
[2026-08-30T16:51:40.844+0000] {logging_mixin.py:190} INFO - [2026-08-30T16:51:40.844+0000] {dag.py:3239} INFO - Sync 1 DAGs
[2026-08-30T16:51:40.852+0000] {logging_mixin.py:190} INFO - [2026-08-30T16:51:40.852+0000] {dag.py:4180} INFO - Setting next_dagrun for parallel_weather_dag to None, run_after=None
[2026-08-30T16:51:40.862+0000] {processor.py:208} INFO - Processing /opt/airflow/dags/04_parallel_weather.py took 0.056 seconds
[2026-08-30T16:52:11.332+0000] {processor.py:186} INFO - Started process (PID=207) to work on /opt/airflow/dags/04_parallel_weather.py
[2026-08-30T16:52:11.333+0000] {processor.py:914} INFO - Processing file /opt/airflow/dags/04_parallel_weather.py for tasks to queue
[2026-08-30T16:52:11.334+0000] {logging_mixin.py:190} INFO - [2026-08-30T16:52:11.334+0000] {dagbag.py:588} INFO - Filling up the DagBag from /opt/airflow/dags/04_parallel_weather.py
[2026-08-30T16:52:11.345+0000] {processor.py:925} INFO - DAG(s) 'parallel_weather_dag' retrieved from /opt/airflow/dags/04_parallel_weather.py
[2026-08-30T16:52:11.381+0000] {logging_mixin.py:190} INFO - [2026-08-30T16:52:11.381+0000] {dag.py:3239} INFO - Sync 1 DAGs
[2026-08-30T16:52:11.393+0000] {logging_mixin.py:190} INFO - [2026-08-30T16:52:11.392+0000] {dag.py:4180} INFO - Setting next_dagrun for parallel_weather_dag to None, run_after=None
[2026-08-30T16:52:11.402+0000] {processor.py:208} INFO - Processing /opt/airflow/dags/04_parallel_weather.py took 0.078 seconds
[2026-08-30T16:52:42.040+0000] {processor.py:186} INFO - Started process (PID=220) to work on /opt/airflow/dags/04_parallel_weather.py
[2026-08-30T16:52:42.043+0000] {processor.py:914} INFO - Processing file /opt/airflow/dags/04_parallel_weather.py for tasks to queue
[2026-08-30T16:52:42.045+0000] {logging_mixin.py:190} INFO - [2026-08-30T16:52:42.045+0000] {dagbag.py:588} INFO - Filling up the DagBag from /opt/airflow/dags/04_parallel_weather.py
[2026-08-30T16:52:42.062+0000] {processor.py:925} INFO - DAG(s) 'parallel_weather_dag' retrieved from /opt/airflow/dags/04_parallel_weather.py
[2026-08-30T16:52:42.093+0000] {logging_mixin.py:190} INFO - [2026-08-30T16:52:42.093+0000] {dag.py:3239} INFO - Sync 1 DAGs
[2026-08-30T16:52:42.104+0000] {logging_mixin.py:190} INFO - [2026-08-30T16:52:42.104+0000] {dag.py:4180} INFO - Setting next_dagrun for parallel_weather_dag to None, run_after=None
[2026-08-30T16:52:42.115+0000] {processor.py:208} INFO - Processing /opt/airflow/dags/04_parallel_weather.py took 0.086 seconds
[2026-08-30T16:53:12.368+0000] {processor.py:186} INFO - Started process (PID=233) to work on /opt/airflow/dags/04_parallel_weather.py
[2026-08-30T16:53:12.369+0000] {processor.py:914} INFO - Processing file /opt/airflow/dags/04_parallel_weather.py for tasks to queue
[2026-08-30T16:53:12.370+0000] {logging_mixin.py:190} INFO - [2026-08-30T16:53:12.370+0000] {dagbag.py:588} INFO - Filling up the DagBag from /opt/airflow/dags/04_parallel_weather.py
[2026-08-30T16:53:12.377+0000] {processor.py:925} INFO - DAG(s) 'parallel_weather_dag' retrieved from /opt/airflow/dags/04_parallel_weather.py
[2026-08-30T16:53:12.395+0000] {logging_mixin.py:190} INFO - [2026-08-30T16:53:12.395+0000] {dag.py:3239} INFO - Sync 1 DAGs
[2026-08-30T16:53:12.402+0000] {logging_mixin.py:190} INFO - [2026-08-30T16:53:12.401+0000] {dag.py:4180} INFO - Setting next_dagrun for parallel_weather_dag to None, run_after=None
[2026-08-30T16:53:12.412+0000] {processor.py:208} INFO - Processing /opt/airflow/dags/04_parallel_weather.py took 0.048 seconds
[2026-08-30T16:53:43.467+0000] {processor.py:186} INFO - Started process (PID=246) to work on /opt/airflow/dags/04_parallel_weather.py
[2026-08-30T16:53:43.468+0000] {processor.py:914} INFO - Processing file /opt/airflow/dags/04_parallel_weather.py for tasks to queue
[2026-08-30T16:53:43.470+0000] {logging_mixin.py:190} INFO - [2026-08-30T16:53:43.470+0000] {dagbag.py:588} INFO - Filling up the DagBag from /opt/airflow/dags/04_parallel_weather.py
[2026-08-30T16:53:43.488+0000] {processor.py:925} INFO - DAG(s) 'parallel_weather_dag' retrieved from /opt/airflow/dags/04_parallel_weather.py
[2026-08-30T16:53:43.543+0000] {logging_mixin.py:190} INFO - [2026-08-30T16:53:43.543+0000] {dag.py:3239} INFO - Sync 1 DAGs
[2026-08-30T16:53:43.567+0000] {logging_mixin.py:190} INFO - [2026-08-30T16:53:43.567+0000] {dag.py:4180} INFO - Setting next_dagrun for parallel_weather_dag to None, run_after=None
[2026-08-30T16:53:43.579+0000] {processor.py:208} INFO - Processing /opt/airflow/dags/04_parallel_weather.py took 0.117 seconds
[2026-08-30T16:54:13.745+0000] {processor.py:186} INFO - Started process (PID=260) to work on /opt/airflow/dags/04_parallel_weather.py
[2026-08-30T16:54:13.746+0000] {processor.py:914} INFO - Processing file /opt/airflow/dags/04_parallel_weather.py for tasks to queue
[2026-08-30T16:54:13.748+0000] {logging_mixin.py:190} INFO - [2026-08-30T16:54:13.747+0000] {dagbag.py:588} INFO - Filling up the DagBag from /opt/airflow/dags/04_parallel_weather.py
[2026-08-30T16:54:13.758+0000] {processor.py:925} INFO - DAG(s) 'parallel_weather_dag' retrieved from /opt/airflow/dags/04_parallel_weather.py
[2026-08-30T16:54:13.780+0000] {logging_mixin.py:190} INFO - [2026-08-30T16:54:13.780+0000] {dag.py:3239} INFO - Sync 1 DAGs
[2026-08-30T16:54:13.792+0000] {logging_mixin.py:190} INFO - [2026-08-30T16:54:13.791+0000] {dag.py:4180} INFO - Setting next_dagrun for parallel_weather_dag to None, run_after=None
[2026-08-30T16:54:13.809+0000] {processor.py:208} INFO - Processing /opt/airflow/dags/04_parallel_weather.py took 0.070 seconds
[2026-08-30T16:54:44.112+0000] {processor.py:186} INFO - Started process (PID=273) to work on /opt/airflow/dags/04_parallel_weather.py
[2026-08-30T16:54:44.114+0000] {processor.py:914} INFO - Processing file /opt/airflow/dags/04_parallel_weather.py for tasks to queue
[2026-08-30T16:54:44.115+0000] {logging_mixin.py:190} INFO - [2026-08-30T16:54:44.115+0000] {dagbag.py:588} INFO - Filling up the DagBag from /opt/airflow/dags/04_parallel_weather.py
[2026-08-30T16:54:44.125+0000] {processor.py:925} INFO - DAG(s) 'parallel_weather_dag' retrieved from /opt/airflow/dags/04_parallel_weather.py
[2026-08-30T16:54:44.145+0000] {logging_mixin.py:190} INFO - [2026-08-30T16:54:44.145+0000] {dag.py:3239} INFO - Sync 1 DAGs
[2026-08-30T16:54:44.154+0000] {logging_mixin.py:190} INFO - [2026-08-30T16:54:44.154+0000] {dag.py:4180} INFO - Setting next_dagrun for parallel_weather_dag to None, run_after=None
[2026-08-30T16:54:44.165+0000] {processor.py:208} INFO - Processing /opt/airflow/dags/04_parallel_weather.py took 0.061 seconds
[2026-08-30T16:55:14.903+0000] {processor.py:186} INFO - Started process (PID=286) to work on /opt/airflow/dags/04_parallel_weather.py
[2026-08-30T16:55:14.904+0000] {processor.py:914} INFO - Processing file /opt/airflow/dags/04_parallel_weather.py for tasks to queue
[2026-08-30T16:55:14.905+0000] {logging_mixin.py:190} INFO - [2026-08-30T16:55:14.905+0000] {dagbag.py:588} INFO - Filling up the DagBag from /opt/airflow/dags/04_parallel_weather.py
[2026-08-30T16:55:14.912+0000] {processor.py:925} INFO - DAG(s) 'parallel_weather_dag' retrieved from /opt/airflow/dags/04_parallel_weather.py
[2026-08-30T16:55:14.937+0000] {logging_mixin.py:190} INFO - [2026-08-30T16:55:14.936+0000] {dag.py:3239} INFO - Sync 1 DAGs
[2026-08-30T16:55:14.946+0000] {logging_mixin.py:190} INFO - [2026-08-30T16:55:14.946+0000] {dag.py:4180} INFO - Setting next_dagrun for parallel_weather_dag to None, run_after=None
[2026-08-30T16:55:14.956+0000] {processor.py:208} INFO - Processing /opt/airflow/dags/04_parallel_weather.py took 0.060 seconds
[2026-08-30T16:55:45.381+0000] {processor.py:186} INFO - Started process (PID=299) to work on /opt/airflow/dags/04_parallel_weather.py
[2026-08-30T16:55:45.382+0000] {processor.py:914} INFO - Processing file /opt/airflow/dags/04_parallel_weather.py for tasks to queue
[2026-08-30T16:55:45.384+0000] {logging_mixin.py:190} INFO - [2026-08-30T16:55:45.383+0000] {dagbag.py:588} INFO - Filling up the DagBag from /opt/airflow/dags/04_parallel_weather.py
[2026-08-30T16:55:45.392+0000] {processor.py:925} INFO - DAG(s) 'parallel_weather_dag' retrieved from /opt/airflow/dags/04_parallel_weather.py
[2026-08-30T16:55:45.410+0000] {logging_mixin.py:190} INFO - [2026-08-30T16:55:45.410+0000] {dag.py:3239} INFO - Sync 1 DAGs
[2026-08-30T16:55:45.418+0000] {logging_mixin.py:190} INFO - [2026-08-30T16:55:45.418+0000] {dag.py:4180} INFO - Setting next_dagrun for parallel_weather_dag to None, run_after=None
[2026-08-30T16:55:45.430+0000] {processor.py:208} INFO - Processing /opt/airflow/dags/04_parallel_weather.py took 0.060 seconds
[2026-08-30T18:09:20.500+0000] {processor.py:186} INFO - Started process (PID=92) to work on /opt/airflow/dags/04_parallel_weather.py
[2026-08-30T18:09:20.504+0000] {processor.py:914} INFO - Processing file /opt/airflow/dags/04_parallel_weather.py for tasks to queue
[2026-08-30T18:09:20.511+0000] {logging_mixin.py:190} INFO - [2026-08-30T18:09:20.511+0000] {dagbag.py:588} INFO - Filling up the DagBag from /opt/airflow/dags/04_parallel_weather.py
[2026-08-30T18:09:20.545+0000] {processor.py:925} INFO - DAG(s) 'parallel_weather_dag' retrieved from /opt/airflow/dags/04_parallel_weather.py
[2026-08-30T18:09:20.631+0000] {logging_mixin.py:190} INFO - [2026-08-30T18:09:20.631+0000] {dag.py:3239} INFO - Sync 1 DAGs
[2026-08-30T18:09:20.649+0000] {logging_mixin.py:190} INFO - [2026-08-30T18:09:20.648+0000] {dag.py:4180} INFO - Setting next_dagrun for parallel_weather_dag to None, run_after=None
[2026-08-30T18:09:20.677+0000] {processor.py:208} INFO - Processing /opt/airflow/dags/04_parallel_weather.py took 0.185 seconds
[2026-08-30T18:09:50.718+0000] {processor.py:186} INFO - Started process (PID=104) to work on /opt/airflow/dags/04_parallel_weather.py
[2026-08-30T18:09:50.719+0000] {processor.py:914} INFO - Processing file /opt/airflow/dags/04_parallel_weather.py for tasks to queue
[2026-08-30T18:09:50.720+0000] {logging_mixin.py:190} INFO - [2026-08-30T18:09:50.720+0000] {dagbag.py:588} INFO - Filling up the DagBag from /opt/airflow/dags/04_parallel_weather.py
[2026-08-30T18:09:50.728+0000] {processor.py:925} INFO - DAG(s) 'parallel_weather_dag' retrieved from /opt/airflow/dags/04_parallel_weather.py
[2026-08-30T18:09:50.751+0000] {logging_mixin.py:190} INFO - [2026-08-30T18:09:50.751+0000] {dag.py:3239} INFO - Sync 1 DAGs
[2026-08-30T18:09:50.761+0000] {logging_mixin.py:190} INFO - [2026-08-30T18:09:50.761+0000] {dag.py:4180} INFO - Setting next_dagrun for parallel_weather_dag to None, run_after=None
[2026-08-30T18:09:50.774+0000] {processor.py:208} INFO - Processing /opt/airflow/dags/04_parallel_weather.py took 0.061 seconds
[2026-08-30T18:10:21.222+0000] {processor.py:186} INFO - Started process (PID=117) to work on /opt/airflow/dags/04_parallel_weather.py
[2026-08-30T18:10:21.223+0000] {processor.py:914} INFO - Processing file /opt/airflow/dags/04_parallel_weather.py for tasks to queue
[2026-08-30T18:10:21.225+0000] {logging_mixin.py:190} INFO - [2026-08-30T18:10:21.225+0000] {dagbag.py:588} INFO - Filling up the DagBag from /opt/airflow/dags/04_parallel_weather.py
[2026-08-30T18:10:21.232+0000] {processor.py:925} INFO - DAG(s) 'parallel_weather_dag' retrieved from /opt/airflow/dags/04_parallel_weather.py
[2026-08-30T18:10:21.248+0000] {logging_mixin.py:190} INFO - [2026-08-30T18:10:21.248+0000] {dag.py:3239} INFO - Sync 1 DAGs
[2026-08-30T18:10:21.255+0000] {logging_mixin.py:190} INFO - [2026-08-30T18:10:21.254+0000] {dag.py:4180} INFO - Setting next_dagrun for parallel_weather_dag to None, run_after=None
[2026-08-30T18:10:21.263+0000] {processor.py:208} INFO - Processing /opt/airflow/dags/04_parallel_weather.py took 0.045 seconds
[2026-08-30T18:10:52.004+0000] {processor.py:186} INFO - Started process (PID=130) to work on /opt/airflow/dags/04_parallel_weather.py
[2026-08-30T18:10:52.005+0000] {processor.py:914} INFO - Processing file /opt/airflow/dags/04_parallel_weather.py for tasks to queue
[2026-08-30T18:10:52.008+0000] {logging_mixin.py:190} INFO - [2026-08-30T18:10:52.007+0000] {dagbag.py:588} INFO - Filling up the DagBag from /opt/airflow/dags/04_parallel_weather.py
[2026-08-30T18:10:52.016+0000] {processor.py:925} INFO - DAG(s) 'parallel_weather_dag' retrieved from /opt/airflow/dags/04_parallel_weather.py
[2026-08-30T18:10:52.047+0000] {logging_mixin.py:190} INFO - [2026-08-30T18:10:52.047+0000] {dag.py:3239} INFO - Sync 1 DAGs
[2026-08-30T18:10:52.056+0000] {logging_mixin.py:190} INFO - [2026-08-30T18:10:52.056+0000] {dag.py:4180} INFO - Setting next_dagrun for parallel_weather_dag to None, run_after=None
[2026-08-30T18:10:52.066+0000] {processor.py:208} INFO - Processing /opt/airflow/dags/04_parallel_weather.py took 0.072 seconds
[2026-08-30T18:11:22.317+0000] {processor.py:186} INFO - Started process (PID=143) to work on /opt/airflow/dags/04_parallel_weather.py
[2026-08-30T18:11:22.318+0000] {processor.py:914} INFO - Processing file /opt/airflow/dags/04_parallel_weather.py for tasks to queue
[2026-08-30T18:11:22.319+0000] {logging_mixin.py:190} INFO - [2026-08-30T18:11:22.319+0000] {dagbag.py:588} INFO - Filling up the DagBag from /opt/airflow/dags/04_parallel_weather.py
[2026-08-30T18:11:22.326+0000] {processor.py:925} INFO - DAG(s) 'parallel_weather_dag' retrieved from /opt/airflow/dags/04_parallel_weather.py
[2026-08-30T18:11:22.344+0000] {logging_mixin.py:190} INFO - [2026-08-30T18:11:22.344+0000] {dag.py:3239} INFO - Sync 1 DAGs
[2026-08-30T18:11:22.352+0000] {logging_mixin.py:190} INFO - [2026-08-30T18:11:22.351+0000] {dag.py:4180} INFO - Setting next_dagrun for parallel_weather_dag to None, run_after=None
[2026-08-30T18:11:22.362+0000] {processor.py:208} INFO - Processing /opt/airflow/dags/04_parallel_weather.py took 0.049 seconds
[2026-08-30T18:11:53.250+0000] {processor.py:186} INFO - Started process (PID=156) to work on /opt/airflow/dags/04_parallel_weather.py
[2026-08-30T18:11:53.251+0000] {processor.py:914} INFO - Processing file /opt/airflow/dags/04_parallel_weather.py for tasks to queue
[2026-08-30T18:11:53.252+0000] {logging_mixin.py:190} INFO - [2026-08-30T18:11:53.252+0000] {dagbag.py:588} INFO - Filling up the DagBag from /opt/airflow/dags/04_parallel_weather.py
[2026-08-30T18:11:53.259+0000] {processor.py:925} INFO - DAG(s) 'parallel_weather_dag' retrieved from /opt/airflow/dags/04_parallel_weather.py
[2026-08-30T18:11:53.372+0000] {logging_mixin.py:190} INFO - [2026-08-30T18:11:53.372+0000] {dag.py:3239} INFO - Sync 1 DAGs
[2026-08-30T18:11:53.380+0000] {logging_mixin.py:190} INFO - [2026-08-30T18:11:53.380+0000] {dag.py:4180} INFO - Setting next_dagrun for parallel_weather_dag to None, run_after=None
[2026-08-30T18:11:53.388+0000] {processor.py:208} INFO - Processing /opt/airflow/dags/04_parallel_weather.py took 0.141 seconds
[2026-08-30T18:12:23.933+0000] {processor.py:186} INFO - Started process (PID=169) to work on /opt/airflow/dags/04_parallel_weather.py
[2026-08-30T18:12:23.934+0000] {processor.py:914} INFO - Processing file /opt/airflow/dags/04_parallel_weather.py for tasks to queue
[2026-08-30T18:12:23.937+0000] {logging_mixin.py:190} INFO - [2026-08-30T18:12:23.937+0000] {dagbag.py:588} INFO - Filling up the DagBag from /opt/airflow/dags/04_parallel_weather.py
[2026-08-30T18:12:23.948+0000] {processor.py:925} INFO - DAG(s) 'parallel_weather_dag' retrieved from /opt/airflow/dags/04_parallel_weather.py
[2026-08-30T18:12:23.969+0000] {logging_mixin.py:190} INFO - [2026-08-30T18:12:23.969+0000] {dag.py:3239} INFO - Sync 1 DAGs
[2026-08-30T18:12:23.978+0000] {logging_mixin.py:190} INFO - [2026-08-30T18:12:23.978+0000] {dag.py:4180} INFO - Setting next_dagrun for parallel_weather_dag to None, run_after=None
[2026-08-30T18:12:23.985+0000] {processor.py:208} INFO - Processing /opt/airflow/dags/04_parallel_weather.py took 0.056 seconds
[2026-08-30T18:12:54.154+0000] {processor.py:186} INFO - Started process (PID=182) to work on /opt/airflow/dags/04_parallel_weather.py
[2026-08-30T18:12:54.157+0000] {processor.py:914} INFO - Processing file /opt/airflow/dags/04_parallel_weather.py for tasks to queue
[2026-08-30T18:12:54.159+0000] {logging_mixin.py:190} INFO - [2026-08-30T18:12:54.159+0000] {dagbag.py:588} INFO - Filling up the DagBag from /opt/airflow/dags/04_parallel_weather.py
[2026-08-30T18:12:54.167+0000] {processor.py:925} INFO - DAG(s) 'parallel_weather_dag' retrieved from /opt/airflow/dags/04_parallel_weather.py
[2026-08-30T18:12:54.208+0000] {logging_mixin.py:190} INFO - [2026-08-30T18:12:54.208+0000] {dag.py:3239} INFO - Sync 1 DAGs
[2026-08-30T18:12:54.226+0000] {logging_mixin.py:190} INFO - [2026-08-30T18:12:54.226+0000] {dag.py:4180} INFO - Setting next_dagrun for parallel_weather_dag to None, run_after=None
[2026-08-30T18:12:54.243+0000] {processor.py:208} INFO - Processing /opt/airflow/dags/04_parallel_weather.py took 0.093 seconds
[2026-08-30T18:13:24.570+0000] {processor.py:186} INFO - Started process (PID=195) to work on /opt/airflow/dags/04_parallel_weather.py
[2026-08-30T18:13:24.571+0000] {processor.py:914} INFO - Processing file /opt/airflow/dags/04_parallel_weather.py for tasks to queue
[2026-08-30T18:13:24.573+0000] {logging_mixin.py:190} INFO - [2026-08-30T18:13:24.573+0000] {dagbag.py:588} INFO - Filling up the DagBag from /opt/airflow/dags/04_parallel_weather.py
[2026-08-30T18:13:24.579+0000] {processor.py:925} INFO - DAG(s) 'parallel_weather_dag' retrieved from /opt/airflow/dags/04_parallel_weather.py
[2026-08-30T18:13:24.599+0000] {logging_mixin.py:190} INFO - [2026-08-30T18:13:24.598+0000] {dag.py:3239} INFO - Sync 1 DAGs
[2026-08-30T18:13:24.605+0000] {logging_mixin.py:190} INFO - [2026-08-30T18:13:24.605+0000] {dag.py:4180} INFO - Setting next_dagrun for parallel_weather_dag to None, run_after=None
[2026-08-30T18:13:24.614+0000] {processor.py:208} INFO - Processing /opt/airflow/dags/04_parallel_weather.py took 0.048 seconds
[2026-08-30T18:13:55.469+0000] {processor.py:186} INFO - Started process (PID=208) to work on /opt/airflow/dags/04_parallel_weather.py
[2026-08-30T18:13:55.470+0000] {processor.py:914} INFO - Processing file /opt/airflow/dags/04_parallel_weather.py for tasks to queue
[2026-08-30T18:13:55.473+0000] {logging_mixin.py:190} INFO - [2026-08-30T18:13:55.473+0000] {dagbag.py:588} INFO - Filling up the DagBag from /opt/airflow/dags/04_parallel_weather.py
[2026-08-30T18:13:55.484+0000] {processor.py:925} INFO - DAG(s) 'parallel_weather_dag' retrieved from /opt/airflow/dags/04_parallel_weather.py
[2026-08-30T18:13:55.502+0000] {logging_mixin.py:190} INFO - [2026-08-30T18:13:55.502+0000] {dag.py:3239} INFO - Sync 1 DAGs
[2026-08-30T18:13:55.515+0000] {logging_mixin.py:190} INFO - [2026-08-30T18:13:55.514+0000] {dag.py:4180} INFO - Setting next_dagrun for parallel_weather_dag to None, run_after=None
[2026-08-30T18:13:55.601+0000] {processor.py:208} INFO - Processing /opt/airflow/dags/04_parallel_weather.py took 0.137 seconds
[2026-08-30T18:14:26.053+0000] {processor.py:186} INFO - Started process (PID=221) to work on /opt/airflow/dags/04_parallel_weather.py
[2026-08-30T18:14:26.054+0000] {processor.py:914} INFO - Processing file /opt/airflow/dags/04_parallel_weather.py for tasks to queue
[2026-08-30T18:14:26.055+0000] {logging_mixin.py:190} INFO - [2026-08-30T18:14:26.055+0000] {dagbag.py:588} INFO - Filling up the DagBag from /opt/airflow/dags/04_parallel_weather.py
[2026-08-30T18:14:26.064+0000] {processor.py:925} INFO - DAG(s) 'parallel_weather_dag' retrieved from /opt/airflow/dags/04_parallel_weather.py
[2026-08-30T18:14:26.086+0000] {logging_mixin.py:190} INFO - [2026-08-30T18:14:26.086+0000] {dag.py:3239} INFO - Sync 1 DAGs
[2026-08-30T18:14:26.095+0000] {logging_mixin.py:190} INFO - [2026-08-30T18:14:26.095+0000] {dag.py:4180} INFO - Setting next_dagrun for parallel_weather_dag to None, run_after=None
[2026-08-30T18:14:26.107+0000] {processor.py:208} INFO - Processing /opt/airflow/dags/04_parallel_weather.py took 0.058 seconds
[2026-08-30T18:14:56.869+0000] {processor.py:186} INFO - Started process (PID=234) to work on /opt/airflow/dags/04_parallel_weather.py
[2026-08-30T18:14:56.870+0000] {processor.py:914} INFO - Processing file /opt/airflow/dags/04_parallel_weather.py for tasks to queue
[2026-08-30T18:14:56.871+0000] {logging_mixin.py:190} INFO - [2026-08-30T18:14:56.871+0000] {dagbag.py:588} INFO - Filling up the DagBag from /opt/airflow/dags/04_parallel_weather.py
[2026-08-30T18:14:56.880+0000] {processor.py:925} INFO - DAG(s) 'parallel_weather_dag' retrieved from /opt/airflow/dags/04_parallel_weather.py
[2026-08-30T18:14:56.897+0000] {logging_mixin.py:190} INFO - [2026-08-30T18:14:56.897+0000] {dag.py:3239} INFO - Sync 1 DAGs
[2026-08-30T18:14:56.905+0000] {logging_mixin.py:190} INFO - [2026-08-30T18:14:56.905+0000] {dag.py:4180} INFO - Setting next_dagrun for parallel_weather_dag to None, run_after=None
[2026-08-30T18:14:56.914+0000] {processor.py:208} INFO - Processing /opt/airflow/dags/04_parallel_weather.py took 0.050 seconds
[2026-08-30T18:15:27.517+0000] {processor.py:186} INFO - Started process (PID=247) to work on /opt/airflow/dags/04_parallel_weather.py
[2026-08-30T18:15:27.519+0000] {processor.py:914} INFO - Processing file /opt/airflow/dags/04_parallel_weather.py for tasks to queue
[2026-08-30T18:15:27.520+0000] {logging_mixin.py:190} INFO - [2026-08-30T18:15:27.520+0000] {dagbag.py:588} INFO - Filling up the DagBag from /opt/airflow/dags/04_parallel_weather.py
[2026-08-30T18:15:27.528+0000] {processor.py:925} INFO - DAG(s) 'parallel_weather_dag' retrieved from /opt/airflow/dags/04_parallel_weather.py
[2026-08-30T18:15:27.545+0000] {logging_mixin.py:190} INFO - [2026-08-30T18:15:27.545+0000] {dag.py:3239} INFO - Sync 1 DAGs
[2026-08-30T18:15:27.553+0000] {logging_mixin.py:190} INFO - [2026-08-30T18:15:27.553+0000] {dag.py:4180} INFO - Setting next_dagrun for parallel_weather_dag to None, run_after=None
[2026-08-30T18:15:27.561+0000] {processor.py:208} INFO - Processing /opt/airflow/dags/04_parallel_weather.py took 0.049 seconds
[2026-08-30T18:15:58.099+0000] {processor.py:186} INFO - Started process (PID=260) to work on /opt/airflow/dags/04_parallel_weather.py
[2026-08-30T18:15:58.100+0000] {processor.py:914} INFO - Processing file /opt/airflow/dags/04_parallel_weather.py for tasks to queue
[2026-08-30T18:15:58.101+0000] {logging_mixin.py:190} INFO - [2026-08-30T18:15:58.101+0000] {dagbag.py:588} INFO - Filling up the DagBag from /opt/airflow/dags/04_parallel_weather.py
[2026-08-30T18:15:58.108+0000] {processor.py:925} INFO - DAG(s) 'parallel_weather_dag' retrieved from /opt/airflow/dags/04_parallel_weather.py
[2026-08-30T18:15:58.124+0000] {logging_mixin.py:190} INFO - [2026-08-30T18:15:58.124+0000] {dag.py:3239} INFO - Sync 1 DAGs
[2026-08-30T18:15:58.131+0000] {logging_mixin.py:190} INFO - [2026-08-30T18:15:58.131+0000] {dag.py:4180} INFO - Setting next_dagrun for parallel_weather_dag to None, run_after=None
[2026-08-30T18:15:58.140+0000] {processor.py:208} INFO - Processing /opt/airflow/dags/04_parallel_weather.py took 0.045 seconds
[2026-08-30T18:16:28.765+0000] {processor.py:186} INFO - Started process (PID=273) to work on /opt/airflow/dags/04_parallel_weather.py
[2026-08-30T18:16:28.766+0000] {processor.py:914} INFO - Processing file /opt/airflow/dags/04_parallel_weather.py for tasks to queue
[2026-08-30T18:16:28.768+0000] {logging_mixin.py:190} INFO - [2026-08-30T18:16:28.767+0000] {dagbag.py:588} INFO - Filling up the DagBag from /opt/airflow/dags/04_parallel_weather.py
[2026-08-30T18:16:28.774+0000] {processor.py:925} INFO - DAG(s) 'parallel_weather_dag' retrieved from /opt/airflow/dags/04_parallel_weather.py
[2026-08-30T18:16:28.829+0000] {logging_mixin.py:190} INFO - [2026-08-30T18:16:28.829+0000] {dag.py:3239} INFO - Sync 1 DAGs
[2026-08-30T18:16:28.852+0000] {logging_mixin.py:190} INFO - [2026-08-30T18:16:28.852+0000] {dag.py:4180} INFO - Setting next_dagrun for parallel_weather_dag to None, run_after=None
[2026-08-30T18:16:28.861+0000] {processor.py:208} INFO - Processing /opt/airflow/dags/04_parallel_weather.py took 0.105 seconds
[2026-08-30T18:16:59.416+0000] {processor.py:186} INFO - Started process (PID=286) to work on /opt/airflow/dags/04_parallel_weather.py
[2026-08-30T18:16:59.417+0000] {processor.py:914} INFO - Processing file /opt/airflow/dags/04_parallel_weather.py for tasks to queue
[2026-08-30T18:16:59.419+0000] {logging_mixin.py:190} INFO - [2026-08-30T18:16:59.418+0000] {dagbag.py:588} INFO - Filling up the DagBag from /opt/airflow/dags/04_parallel_weather.py
[2026-08-30T18:16:59.425+0000] {processor.py:925} INFO - DAG(s) 'parallel_weather_dag' retrieved from /opt/airflow/dags/04_parallel_weather.py
[2026-08-30T18:16:59.442+0000] {logging_mixin.py:190} INFO - [2026-08-30T18:16:59.442+0000] {dag.py:3239} INFO - Sync 1 DAGs
[2026-08-30T18:16:59.449+0000] {logging_mixin.py:190} INFO - [2026-08-30T18:16:59.449+0000] {dag.py:4180} INFO - Setting next_dagrun for parallel_weather_dag to None, run_after=None
[2026-08-30T18:16:59.457+0000] {processor.py:208} INFO - Processing /opt/airflow/dags/04_parallel_weather.py took 0.045 seconds
[2026-08-30T18:17:30.117+0000] {processor.py:186} INFO - Started process (PID=299) to work on /opt/airflow/dags/04_parallel_weather.py
[2026-08-30T18:17:30.118+0000] {processor.py:914} INFO - Processing file /opt/airflow/dags/04_parallel_weather.py for tasks to queue
[2026-08-30T18:17:30.120+0000] {logging_mixin.py:190} INFO - [2026-08-30T18:17:30.120+0000] {dagbag.py:588} INFO - Filling up the DagBag from /opt/airflow/dags/04_parallel_weather.py
[2026-08-30T18:17:30.127+0000] {processor.py:925} INFO - DAG(s) 'parallel_weather_dag' retrieved from /opt/airflow/dags/04_parallel_weather.py
[2026-08-30T18:17:30.144+0000] {logging_mixin.py:190} INFO - [2026-08-30T18:17:30.143+0000] {dag.py:3239} INFO - Sync 1 DAGs
[2026-08-30T18:17:30.152+0000] {logging_mixin.py:190} INFO - [2026-08-30T18:17:30.151+0000] {dag.py:4180} INFO - Setting next_dagrun for parallel_weather_dag to None, run_after=None
[2026-08-30T18:17:30.159+0000] {processor.py:208} INFO - Processing /opt/airflow/dags/04_parallel_weather.py took 0.048 seconds
[2026-08-30T18:18:00.777+0000] {processor.py:186} INFO - Started process (PID=312) to work on /opt/airflow/dags/04_parallel_weather.py
[2026-08-30T18:18:00.778+0000] {processor.py:914} INFO - Processing file /opt/airflow/dags/04_parallel_weather.py for tasks to queue
[2026-08-30T18:18:00.780+0000] {logging_mixin.py:190} INFO - [2026-08-30T18:18:00.780+0000] {dagbag.py:588} INFO - Filling up the DagBag from /opt/airflow/dags/04_parallel_weather.py
[2026-08-30T18:18:00.786+0000] {processor.py:925} INFO - DAG(s) 'parallel_weather_dag' retrieved from /opt/airflow/dags/04_parallel_weather.py
[2026-08-30T18:18:00.803+0000] {logging_mixin.py:190} INFO - [2026-08-30T18:18:00.803+0000] {dag.py:3239} INFO - Sync 1 DAGs
[2026-08-30T18:18:00.810+0000] {logging_mixin.py:190} INFO - [2026-08-30T18:18:00.810+0000] {dag.py:4180} INFO - Setting next_dagrun for parallel_weather_dag to None, run_after=None
[2026-08-30T18:18:00.818+0000] {processor.py:208} INFO - Processing /opt/airflow/dags/04_parallel_weather.py took 0.047 seconds
[2026-08-30T18:18:31.525+0000] {processor.py:186} INFO - Started process (PID=325) to work on /opt/airflow/dags/04_parallel_weather.py
[2026-08-30T18:18:31.526+0000] {processor.py:914} INFO - Processing file /opt/airflow/dags/04_parallel_weather.py for tasks to queue
[2026-08-30T18:18:31.528+0000] {logging_mixin.py:190} INFO - [2026-08-30T18:18:31.528+0000] {dagbag.py:588} INFO - Filling up the DagBag from /opt/airflow/dags/04_parallel_weather.py
[2026-08-30T18:18:31.534+0000] {processor.py:925} INFO - DAG(s) 'parallel_weather_dag' retrieved from /opt/airflow/dags/04_parallel_weather.py
[2026-08-30T18:18:31.551+0000] {logging_mixin.py:190} INFO - [2026-08-30T18:18:31.551+0000] {dag.py:3239} INFO - Sync 1 DAGs
[2026-08-30T18:18:31.557+0000] {logging_mixin.py:190} INFO - [2026-08-30T18:18:31.557+0000] {dag.py:4180} INFO - Setting next_dagrun for parallel_weather_dag to None, run_after=None
[2026-08-30T18:18:31.566+0000] {processor.py:208} INFO - Processing /opt/airflow/dags/04_parallel_weather.py took 0.045 seconds
[2026-08-30T18:19:02.605+0000] {processor.py:186} INFO - Started process (PID=338) to work on /opt/airflow/dags/04_parallel_weather.py
[2026-08-30T18:19:02.605+0000] {processor.py:914} INFO - Processing file /opt/airflow/dags/04_parallel_weather.py for tasks to queue
[2026-08-30T18:19:02.607+0000] {logging_mixin.py:190} INFO - [2026-08-30T18:19:02.607+0000] {dagbag.py:588} INFO - Filling up the DagBag from /opt/airflow/dags/04_parallel_weather.py
[2026-08-30T18:19:02.620+0000] {processor.py:925} INFO - DAG(s) 'parallel_weather_dag' retrieved from /opt/airflow/dags/04_parallel_weather.py
[2026-08-30T18:19:02.639+0000] {logging_mixin.py:190} INFO - [2026-08-30T18:19:02.639+0000] {dag.py:3239} INFO - Sync 1 DAGs
[2026-08-30T18:19:02.647+0000] {logging_mixin.py:190} INFO - [2026-08-30T18:19:02.647+0000] {dag.py:4180} INFO - Setting next_dagrun for parallel_weather_dag to None, run_after=None
[2026-08-30T18:19:02.658+0000] {processor.py:208} INFO - Processing /opt/airflow/dags/04_parallel_weather.py took 0.058 seconds
[2026-08-30T18:19:32.998+0000] {processor.py:186} INFO - Started process (PID=351) to work on /opt/airflow/dags/04_parallel_weather.py
[2026-08-30T18:19:33.000+0000] {processor.py:914} INFO - Processing file /opt/airflow/dags/04_parallel_weather.py for tasks to queue
[2026-08-30T18:19:33.002+0000] {logging_mixin.py:190} INFO - [2026-08-30T18:19:33.002+0000] {dagbag.py:588} INFO - Filling up the DagBag from /opt/airflow/dags/04_parallel_weather.py
[2026-08-30T18:19:33.019+0000] {processor.py:925} INFO - DAG(s) 'parallel_weather_dag' retrieved from /opt/airflow/dags/04_parallel_weather.py
[2026-08-30T18:19:33.047+0000] {logging_mixin.py:190} INFO - [2026-08-30T18:19:33.046+0000] {dag.py:3239} INFO - Sync 1 DAGs
[2026-08-30T18:19:33.056+0000] {logging_mixin.py:190} INFO - [2026-08-30T18:19:33.055+0000] {dag.py:4180} INFO - Setting next_dagrun for parallel_weather_dag to None, run_after=None
[2026-08-30T18:19:33.067+0000] {processor.py:208} INFO - Processing /opt/airflow/dags/04_parallel_weather.py took 0.083 seconds
[2026-08-30T18:20:03.575+0000] {processor.py:186} INFO - Started process (PID=364) to work on /opt/airflow/dags/04_parallel_weather.py
[2026-08-30T18:20:03.576+0000] {processor.py:914} INFO - Processing file /opt/airflow/dags/04_parallel_weather.py for tasks to queue
[2026-08-30T18:20:03.579+0000] {logging_mixin.py:190} INFO - [2026-08-30T18:20:03.578+0000] {dagbag.py:588} INFO - Filling up the DagBag from /opt/airflow/dags/04_parallel_weather.py
[2026-08-30T18:20:03.590+0000] {processor.py:925} INFO - DAG(s) 'parallel_weather_dag' retrieved from /opt/airflow/dags/04_parallel_weather.py
[2026-08-30T18:20:03.613+0000] {logging_mixin.py:190} INFO - [2026-08-30T18:20:03.613+0000] {dag.py:3239} INFO - Sync 1 DAGs
[2026-08-30T18:20:03.622+0000] {logging_mixin.py:190} INFO - [2026-08-30T18:20:03.621+0000] {dag.py:4180} INFO - Setting next_dagrun for parallel_weather_dag to None, run_after=None
[2026-08-30T18:20:03.635+0000] {processor.py:208} INFO - Processing /opt/airflow/dags/04_parallel_weather.py took 0.066 seconds
[2026-08-30T18:20:33.879+0000] {processor.py:186} INFO - Started process (PID=377) to work on /opt/airflow/dags/04_parallel_weather.py
[2026-08-30T18:20:33.880+0000] {processor.py:914} INFO - Processing file /opt/airflow/dags/04_parallel_weather.py for tasks to queue
[2026-08-30T18:20:33.882+0000] {logging_mixin.py:190} INFO - [2026-08-30T18:20:33.881+0000] {dagbag.py:588} INFO - Filling up the DagBag from /opt/airflow/dags/04_parallel_weather.py
[2026-08-30T18:20:33.888+0000] {processor.py:925} INFO - DAG(s) 'parallel_weather_dag' retrieved from /opt/airflow/dags/04_parallel_weather.py
[2026-08-30T18:20:33.906+0000] {logging_mixin.py:190} INFO - [2026-08-30T18:20:33.906+0000] {dag.py:3239} INFO - Sync 1 DAGs
[2026-08-30T18:20:33.914+0000] {logging_mixin.py:190} INFO - [2026-08-30T18:20:33.914+0000] {dag.py:4180} INFO - Setting next_dagrun for parallel_weather_dag to None, run_after=None
[2026-08-30T18:20:33.922+0000] {processor.py:208} INFO - Processing /opt/airflow/dags/04_parallel_weather.py took 0.051 seconds
[2026-08-30T18:21:04.269+0000] {processor.py:186} INFO - Started process (PID=390) to work on /opt/airflow/dags/04_parallel_weather.py
[2026-08-30T18:21:04.270+0000] {processor.py:914} INFO - Processing file /opt/airflow/dags/04_parallel_weather.py for tasks to queue
[2026-08-30T18:21:04.272+0000] {logging_mixin.py:190} INFO - [2026-08-30T18:21:04.271+0000] {dagbag.py:588} INFO - Filling up the DagBag from /opt/airflow/dags/04_parallel_weather.py
[2026-08-30T18:21:04.280+0000] {processor.py:925} INFO - DAG(s) 'parallel_weather_dag' retrieved from /opt/airflow/dags/04_parallel_weather.py
[2026-08-30T18:21:04.299+0000] {logging_mixin.py:190} INFO - [2026-08-30T18:21:04.299+0000] {dag.py:3239} INFO - Sync 1 DAGs
[2026-08-30T18:21:04.306+0000] {logging_mixin.py:190} INFO - [2026-08-30T18:21:04.306+0000] {dag.py:4180} INFO - Setting next_dagrun for parallel_weather_dag to None, run_after=None
[2026-08-30T18:21:04.315+0000] {processor.py:208} INFO - Processing /opt/airflow/dags/04_parallel_weather.py took 0.050 seconds
[2026-08-30T18:21:35.237+0000] {processor.py:186} INFO - Started process (PID=403) to work on /opt/airflow/dags/04_parallel_weather.py
[2026-08-30T18:21:35.238+0000] {processor.py:914} INFO - Processing file /opt/airflow/dags/04_parallel_weather.py for tasks to queue
[2026-08-30T18:21:35.240+0000] {logging_mixin.py:190} INFO - [2026-08-30T18:21:35.240+0000] {dagbag.py:588} INFO - Filling up the DagBag from /opt/airflow/dags/04_parallel_weather.py
[2026-08-30T18:21:35.248+0000] {processor.py:925} INFO - DAG(s) 'parallel_weather_dag' retrieved from /opt/airflow/dags/04_parallel_weather.py
[2026-08-30T18:21:35.267+0000] {logging_mixin.py:190} INFO - [2026-08-30T18:21:35.267+0000] {dag.py:3239} INFO - Sync 1 DAGs
[2026-08-30T18:21:35.276+0000] {logging_mixin.py:190} INFO - [2026-08-30T18:21:35.276+0000] {dag.py:4180} INFO - Setting next_dagrun for parallel_weather_dag to None, run_after=None
[2026-08-30T18:21:35.284+0000] {processor.py:208} INFO - Processing /opt/airflow/dags/04_parallel_weather.py took 0.055 seconds
[2026-08-30T18:22:05.879+0000] {processor.py:186} INFO - Started process (PID=416) to work on /opt/airflow/dags/04_parallel_weather.py
[2026-08-30T18:22:05.880+0000] {processor.py:914} INFO - Processing file /opt/airflow/dags/04_parallel_weather.py for tasks to queue
[2026-08-30T18:22:05.881+0000] {logging_mixin.py:190} INFO - [2026-08-30T18:22:05.881+0000] {dagbag.py:588} INFO - Filling up the DagBag from /opt/airflow/dags/04_parallel_weather.py
[2026-08-30T18:22:05.888+0000] {processor.py:925} INFO - DAG(s) 'parallel_weather_dag' retrieved from /opt/airflow/dags/04_parallel_weather.py
[2026-08-30T18:22:05.906+0000] {logging_mixin.py:190} INFO - [2026-08-30T18:22:05.905+0000] {dag.py:3239} INFO - Sync 1 DAGs
[2026-08-30T18:22:05.913+0000] {logging_mixin.py:190} INFO - [2026-08-30T18:22:05.913+0000] {dag.py:4180} INFO - Setting next_dagrun for parallel_weather_dag to None, run_after=None
[2026-08-30T18:22:05.921+0000] {processor.py:208} INFO - Processing /opt/airflow/dags/04_parallel_weather.py took 0.048 seconds
[2026-08-30T18:22:36.448+0000] {processor.py:186} INFO - Started process (PID=429) to work on /opt/airflow/dags/04_parallel_weather.py
[2026-08-30T18:22:36.449+0000] {processor.py:914} INFO - Processing file /opt/airflow/dags/04_parallel_weather.py for tasks to queue
[2026-08-30T18:22:36.451+0000] {logging_mixin.py:190} INFO - [2026-08-30T18:22:36.450+0000] {dagbag.py:588} INFO - Filling up the DagBag from /opt/airflow/dags/04_parallel_weather.py
[2026-08-30T18:22:36.458+0000] {processor.py:925} INFO - DAG(s) 'parallel_weather_dag' retrieved from /opt/airflow/dags/04_parallel_weather.py
[2026-08-30T18:22:36.479+0000] {logging_mixin.py:190} INFO - [2026-08-30T18:22:36.479+0000] {dag.py:3239} INFO - Sync 1 DAGs
[2026-08-30T18:22:36.489+0000] {logging_mixin.py:190} INFO - [2026-08-30T18:22:36.489+0000] {dag.py:4180} INFO - Setting next_dagrun for parallel_weather_dag to None, run_after=None
[2026-08-30T18:22:36.500+0000] {processor.py:208} INFO - Processing /opt/airflow/dags/04_parallel_weather.py took 0.058 seconds
[2026-08-30T18:24:42.219+0000] {processor.py:186} INFO - Started process (PID=93) to work on /opt/airflow/dags/04_parallel_weather.py
[2026-08-30T18:24:42.220+0000] {processor.py:914} INFO - Processing file /opt/airflow/dags/04_parallel_weather.py for tasks to queue
[2026-08-30T18:24:42.225+0000] {logging_mixin.py:190} INFO - [2026-08-30T18:24:42.224+0000] {dagbag.py:588} INFO - Filling up the DagBag from /opt/airflow/dags/04_parallel_weather.py
[2026-08-30T18:24:42.251+0000] {processor.py:925} INFO - DAG(s) 'parallel_weather_dag' retrieved from /opt/airflow/dags/04_parallel_weather.py
[2026-08-30T18:24:42.325+0000] {logging_mixin.py:190} INFO - [2026-08-30T18:24:42.324+0000] {dag.py:3239} INFO - Sync 1 DAGs
[2026-08-30T18:24:42.379+0000] {logging_mixin.py:190} INFO - [2026-08-30T18:24:42.379+0000] {dag.py:4180} INFO - Setting next_dagrun for parallel_weather_dag to None, run_after=None
[2026-08-30T18:24:42.429+0000] {processor.py:208} INFO - Processing /opt/airflow/dags/04_parallel_weather.py took 0.228 seconds
[2026-08-30T18:25:12.617+0000] {processor.py:186} INFO - Started process (PID=105) to work on /opt/airflow/dags/04_parallel_weather.py
[2026-08-30T18:25:12.617+0000] {processor.py:914} INFO - Processing file /opt/airflow/dags/04_parallel_weather.py for tasks to queue
[2026-08-30T18:25:12.619+0000] {logging_mixin.py:190} INFO - [2026-08-30T18:25:12.619+0000] {dagbag.py:588} INFO - Filling up the DagBag from /opt/airflow/dags/04_parallel_weather.py
[2026-08-30T18:25:12.626+0000] {processor.py:925} INFO - DAG(s) 'parallel_weather_dag' retrieved from /opt/airflow/dags/04_parallel_weather.py
[2026-08-30T18:25:12.644+0000] {logging_mixin.py:190} INFO - [2026-08-30T18:25:12.643+0000] {dag.py:3239} INFO - Sync 1 DAGs
[2026-08-30T18:25:12.650+0000] {logging_mixin.py:190} INFO - [2026-08-30T18:25:12.650+0000] {dag.py:4180} INFO - Setting next_dagrun for parallel_weather_dag to None, run_after=None
[2026-08-30T18:25:12.658+0000] {processor.py:208} INFO - Processing /opt/airflow/dags/04_parallel_weather.py took 0.046 seconds
[2026-08-30T18:25:43.635+0000] {processor.py:186} INFO - Started process (PID=118) to work on /opt/airflow/dags/04_parallel_weather.py
[2026-08-30T18:25:43.637+0000] {processor.py:914} INFO - Processing file /opt/airflow/dags/04_parallel_weather.py for tasks to queue
[2026-08-30T18:25:43.643+0000] {logging_mixin.py:190} INFO - [2026-08-30T18:25:43.643+0000] {dagbag.py:588} INFO - Filling up the DagBag from /opt/airflow/dags/04_parallel_weather.py
[2026-08-30T18:25:43.677+0000] {processor.py:925} INFO - DAG(s) 'parallel_weather_dag' retrieved from /opt/airflow/dags/04_parallel_weather.py
[2026-08-30T18:25:43.718+0000] {logging_mixin.py:190} INFO - [2026-08-30T18:25:43.718+0000] {dag.py:3239} INFO - Sync 1 DAGs
[2026-08-30T18:25:43.746+0000] {logging_mixin.py:190} INFO - [2026-08-30T18:25:43.745+0000] {dag.py:4180} INFO - Setting next_dagrun for parallel_weather_dag to None, run_after=None
[2026-08-30T18:25:43.761+0000] {processor.py:208} INFO - Processing /opt/airflow/dags/04_parallel_weather.py took 0.151 seconds
[2026-08-30T18:26:13.812+0000] {processor.py:186} INFO - Started process (PID=131) to work on /opt/airflow/dags/04_parallel_weather.py
[2026-08-30T18:26:13.813+0000] {processor.py:914} INFO - Processing file /opt/airflow/dags/04_parallel_weather.py for tasks to queue
[2026-08-30T18:26:13.815+0000] {logging_mixin.py:190} INFO - [2026-08-30T18:26:13.815+0000] {dagbag.py:588} INFO - Filling up the DagBag from /opt/airflow/dags/04_parallel_weather.py
[2026-08-30T18:26:13.826+0000] {processor.py:925} INFO - DAG(s) 'parallel_weather_dag' retrieved from /opt/airflow/dags/04_parallel_weather.py
[2026-08-30T18:26:13.850+0000] {logging_mixin.py:190} INFO - [2026-08-30T18:26:13.850+0000] {dag.py:3239} INFO - Sync 1 DAGs
[2026-08-30T18:26:13.859+0000] {logging_mixin.py:190} INFO - [2026-08-30T18:26:13.858+0000] {dag.py:4180} INFO - Setting next_dagrun for parallel_weather_dag to None, run_after=None
[2026-08-30T18:26:13.875+0000] {processor.py:208} INFO - Processing /opt/airflow/dags/04_parallel_weather.py took 0.069 seconds
[2026-08-30T18:26:44.354+0000] {processor.py:186} INFO - Started process (PID=144) to work on /opt/airflow/dags/04_parallel_weather.py
[2026-08-30T18:26:44.355+0000] {processor.py:914} INFO - Processing file /opt/airflow/dags/04_parallel_weather.py for tasks to queue
[2026-08-30T18:26:44.357+0000] {logging_mixin.py:190} INFO - [2026-08-30T18:26:44.356+0000] {dagbag.py:588} INFO - Filling up the DagBag from /opt/airflow/dags/04_parallel_weather.py
[2026-08-30T18:26:44.363+0000] {processor.py:925} INFO - DAG(s) 'parallel_weather_dag' retrieved from /opt/airflow/dags/04_parallel_weather.py
[2026-08-30T18:26:44.380+0000] {logging_mixin.py:190} INFO - [2026-08-30T18:26:44.380+0000] {dag.py:3239} INFO - Sync 1 DAGs
[2026-08-30T18:26:44.387+0000] {logging_mixin.py:190} INFO - [2026-08-30T18:26:44.387+0000] {dag.py:4180} INFO - Setting next_dagrun for parallel_weather_dag to None, run_after=None
[2026-08-30T18:26:44.396+0000] {processor.py:208} INFO - Processing /opt/airflow/dags/04_parallel_weather.py took 0.047 seconds
[2026-08-30T18:27:15.138+0000] {processor.py:186} INFO - Started process (PID=157) to work on /opt/airflow/dags/04_parallel_weather.py
[2026-08-30T18:27:15.139+0000] {processor.py:914} INFO - Processing file /opt/airflow/dags/04_parallel_weather.py for tasks to queue
[2026-08-30T18:27:15.141+0000] {logging_mixin.py:190} INFO - [2026-08-30T18:27:15.140+0000] {dagbag.py:588} INFO - Filling up the DagBag from /opt/airflow/dags/04_parallel_weather.py
[2026-08-30T18:27:15.148+0000] {processor.py:925} INFO - DAG(s) 'parallel_weather_dag' retrieved from /opt/airflow/dags/04_parallel_weather.py
[2026-08-30T18:27:15.284+0000] {logging_mixin.py:190} INFO - [2026-08-30T18:27:15.284+0000] {dag.py:3239} INFO - Sync 1 DAGs
[2026-08-30T18:27:15.290+0000] {logging_mixin.py:190} INFO - [2026-08-30T18:27:15.290+0000] {dag.py:4180} INFO - Setting next_dagrun for parallel_weather_dag to None, run_after=None
[2026-08-30T18:27:15.297+0000] {processor.py:208} INFO - Processing /opt/airflow/dags/04_parallel_weather.py took 0.162 seconds
[2026-08-30T18:27:45.978+0000] {processor.py:186} INFO - Started process (PID=170) to work on /opt/airflow/dags/04_parallel_weather.py
[2026-08-30T18:27:45.979+0000] {processor.py:914} INFO - Processing file /opt/airflow/dags/04_parallel_weather.py for tasks to queue
[2026-08-30T18:27:45.981+0000] {logging_mixin.py:190} INFO - [2026-08-30T18:27:45.980+0000] {dagbag.py:588} INFO - Filling up the DagBag from /opt/airflow/dags/04_parallel_weather.py
[2026-08-30T18:27:45.988+0000] {processor.py:925} INFO - DAG(s) 'parallel_weather_dag' retrieved from /opt/airflow/dags/04_parallel_weather.py
[2026-08-30T18:27:46.006+0000] {logging_mixin.py:190} INFO - [2026-08-30T18:27:46.006+0000] {dag.py:3239} INFO - Sync 1 DAGs
[2026-08-30T18:27:46.013+0000] {logging_mixin.py:190} INFO - [2026-08-30T18:27:46.013+0000] {dag.py:4180} INFO - Setting next_dagrun for parallel_weather_dag to None, run_after=None
[2026-08-30T18:27:46.022+0000] {processor.py:208} INFO - Processing /opt/airflow/dags/04_parallel_weather.py took 0.050 seconds
[2026-08-30T18:28:16.280+0000] {processor.py:186} INFO - Started process (PID=183) to work on /opt/airflow/dags/04_parallel_weather.py
[2026-08-30T18:28:16.281+0000] {processor.py:914} INFO - Processing file /opt/airflow/dags/04_parallel_weather.py for tasks to queue
[2026-08-30T18:28:16.282+0000] {logging_mixin.py:190} INFO - [2026-08-30T18:28:16.282+0000] {dagbag.py:588} INFO - Filling up the DagBag from /opt/airflow/dags/04_parallel_weather.py
[2026-08-30T18:28:16.288+0000] {processor.py:925} INFO - DAG(s) 'parallel_weather_dag' retrieved from /opt/airflow/dags/04_parallel_weather.py
[2026-08-30T18:28:16.306+0000] {logging_mixin.py:190} INFO - [2026-08-30T18:28:16.306+0000] {dag.py:3239} INFO - Sync 1 DAGs
[2026-08-30T18:28:16.314+0000] {logging_mixin.py:190} INFO - [2026-08-30T18:28:16.314+0000] {dag.py:4180} INFO - Setting next_dagrun for parallel_weather_dag to None, run_after=None
[2026-08-30T18:28:16.322+0000] {processor.py:208} INFO - Processing /opt/airflow/dags/04_parallel_weather.py took 0.048 seconds
[2026-08-30T18:28:47.130+0000] {processor.py:186} INFO - Started process (PID=196) to work on /opt/airflow/dags/04_parallel_weather.py
[2026-08-30T18:28:47.132+0000] {processor.py:914} INFO - Processing file /opt/airflow/dags/04_parallel_weather.py for tasks to queue
[2026-08-30T18:28:47.135+0000] {logging_mixin.py:190} INFO - [2026-08-30T18:28:47.134+0000] {dagbag.py:588} INFO - Filling up the DagBag from /opt/airflow/dags/04_parallel_weather.py
[2026-08-30T18:28:47.142+0000] {processor.py:925} INFO - DAG(s) 'parallel_weather_dag' retrieved from /opt/airflow/dags/04_parallel_weather.py
[2026-08-30T18:28:47.159+0000] {logging_mixin.py:190} INFO - [2026-08-30T18:28:47.159+0000] {dag.py:3239} INFO - Sync 1 DAGs
[2026-08-30T18:28:47.167+0000] {logging_mixin.py:190} INFO - [2026-08-30T18:28:47.166+0000] {dag.py:4180} INFO - Setting next_dagrun for parallel_weather_dag to None, run_after=None
[2026-08-30T18:28:47.175+0000] {processor.py:208} INFO - Processing /opt/airflow/dags/04_parallel_weather.py took 0.052 seconds
[2026-08-30T18:29:17.342+0000] {processor.py:186} INFO - Started process (PID=209) to work on /opt/airflow/dags/04_parallel_weather.py
[2026-08-30T18:29:17.345+0000] {processor.py:914} INFO - Processing file /opt/airflow/dags/04_parallel_weather.py for tasks to queue
[2026-08-30T18:29:17.348+0000] {logging_mixin.py:190} INFO - [2026-08-30T18:29:17.348+0000] {dagbag.py:588} INFO - Filling up the DagBag from /opt/airflow/dags/04_parallel_weather.py
[2026-08-30T18:29:17.364+0000] {processor.py:925} INFO - DAG(s) 'parallel_weather_dag' retrieved from /opt/airflow/dags/04_parallel_weather.py
[2026-08-30T18:29:17.394+0000] {logging_mixin.py:190} INFO - [2026-08-30T18:29:17.394+0000] {dag.py:3239} INFO - Sync 1 DAGs
[2026-08-30T18:29:17.411+0000] {logging_mixin.py:190} INFO - [2026-08-30T18:29:17.410+0000] {dag.py:4180} INFO - Setting next_dagrun for parallel_weather_dag to None, run_after=None
[2026-08-30T18:29:17.430+0000] {processor.py:208} INFO - Processing /opt/airflow/dags/04_parallel_weather.py took 0.095 seconds
[2026-08-30T18:29:47.989+0000] {processor.py:186} INFO - Started process (PID=222) to work on /opt/airflow/dags/04_parallel_weather.py
[2026-08-30T18:29:47.992+0000] {processor.py:914} INFO - Processing file /opt/airflow/dags/04_parallel_weather.py for tasks to queue
[2026-08-30T18:29:47.999+0000] {logging_mixin.py:190} INFO - [2026-08-30T18:29:47.998+0000] {dagbag.py:588} INFO - Filling up the DagBag from /opt/airflow/dags/04_parallel_weather.py
[2026-08-30T18:29:48.027+0000] {processor.py:925} INFO - DAG(s) 'parallel_weather_dag' retrieved from /opt/airflow/dags/04_parallel_weather.py
[2026-08-30T18:29:48.084+0000] {logging_mixin.py:190} INFO - [2026-08-30T18:29:48.084+0000] {dag.py:3239} INFO - Sync 1 DAGs
[2026-08-30T18:29:48.151+0000] {logging_mixin.py:190} INFO - [2026-08-30T18:29:48.150+0000] {dag.py:4180} INFO - Setting next_dagrun for parallel_weather_dag to None, run_after=None
[2026-08-30T18:29:48.169+0000] {processor.py:208} INFO - Processing /opt/airflow/dags/04_parallel_weather.py took 0.222 seconds
[2026-08-30T18:30:18.332+0000] {processor.py:186} INFO - Started process (PID=235) to work on /opt/airflow/dags/04_parallel_weather.py
[2026-08-30T18:30:18.333+0000] {processor.py:914} INFO - Processing file /opt/airflow/dags/04_parallel_weather.py for tasks to queue
[2026-08-30T18:30:18.335+0000] {logging_mixin.py:190} INFO - [2026-08-30T18:30:18.335+0000] {dagbag.py:588} INFO - Filling up the DagBag from /opt/airflow/dags/04_parallel_weather.py
[2026-08-30T18:30:18.344+0000] {processor.py:925} INFO - DAG(s) 'parallel_weather_dag' retrieved from /opt/airflow/dags/04_parallel_weather.py
[2026-08-30T18:30:18.370+0000] {logging_mixin.py:190} INFO - [2026-08-30T18:30:18.370+0000] {dag.py:3239} INFO - Sync 1 DAGs
[2026-08-30T18:30:18.393+0000] {logging_mixin.py:190} INFO - [2026-08-30T18:30:18.392+0000] {dag.py:4180} INFO - Setting next_dagrun for parallel_weather_dag to None, run_after=None
[2026-08-30T18:30:18.410+0000] {processor.py:208} INFO - Processing /opt/airflow/dags/04_parallel_weather.py took 0.087 seconds
[2026-08-30T18:30:48.694+0000] {processor.py:186} INFO - Started process (PID=247) to work on /opt/airflow/dags/04_parallel_weather.py
[2026-08-30T18:30:48.695+0000] {processor.py:914} INFO - Processing file /opt/airflow/dags/04_parallel_weather.py for tasks to queue
[2026-08-30T18:30:48.698+0000] {logging_mixin.py:190} INFO - [2026-08-30T18:30:48.697+0000] {dagbag.py:588} INFO - Filling up the DagBag from /opt/airflow/dags/04_parallel_weather.py
[2026-08-30T18:30:48.706+0000] {processor.py:925} INFO - DAG(s) 'parallel_weather_dag' retrieved from /opt/airflow/dags/04_parallel_weather.py
[2026-08-30T18:30:48.725+0000] {logging_mixin.py:190} INFO - [2026-08-30T18:30:48.725+0000] {dag.py:3239} INFO - Sync 1 DAGs
[2026-08-30T18:30:48.731+0000] {logging_mixin.py:190} INFO - [2026-08-30T18:30:48.731+0000] {dag.py:4180} INFO - Setting next_dagrun for parallel_weather_dag to None, run_after=None
[2026-08-30T18:30:48.740+0000] {processor.py:208} INFO - Processing /opt/airflow/dags/04_parallel_weather.py took 0.049 seconds
[2026-08-30T18:31:19.545+0000] {processor.py:186} INFO - Started process (PID=260) to work on /opt/airflow/dags/04_parallel_weather.py
[2026-08-30T18:31:19.546+0000] {processor.py:914} INFO - Processing file /opt/airflow/dags/04_parallel_weather.py for tasks to queue
[2026-08-30T18:31:19.548+0000] {logging_mixin.py:190} INFO - [2026-08-30T18:31:19.547+0000] {dagbag.py:588} INFO - Filling up the DagBag from /opt/airflow/dags/04_parallel_weather.py
[2026-08-30T18:31:19.554+0000] {processor.py:925} INFO - DAG(s) 'parallel_weather_dag' retrieved from /opt/airflow/dags/04_parallel_weather.py
[2026-08-30T18:31:19.572+0000] {logging_mixin.py:190} INFO - [2026-08-30T18:31:19.572+0000] {dag.py:3239} INFO - Sync 1 DAGs
[2026-08-30T18:31:19.580+0000] {logging_mixin.py:190} INFO - [2026-08-30T18:31:19.579+0000] {dag.py:4180} INFO - Setting next_dagrun for parallel_weather_dag to None, run_after=None
[2026-08-30T18:31:19.588+0000] {processor.py:208} INFO - Processing /opt/airflow/dags/04_parallel_weather.py took 0.047 seconds
[2026-08-30T18:31:50.324+0000] {processor.py:186} INFO - Started process (PID=273) to work on /opt/airflow/dags/04_parallel_weather.py
[2026-08-30T18:31:50.325+0000] {processor.py:914} INFO - Processing file /opt/airflow/dags/04_parallel_weather.py for tasks to queue
[2026-08-30T18:31:50.326+0000] {logging_mixin.py:190} INFO - [2026-08-30T18:31:50.326+0000] {dagbag.py:588} INFO - Filling up the DagBag from /opt/airflow/dags/04_parallel_weather.py
[2026-08-30T18:31:50.333+0000] {processor.py:925} INFO - DAG(s) 'parallel_weather_dag' retrieved from /opt/airflow/dags/04_parallel_weather.py
[2026-08-30T18:31:50.350+0000] {logging_mixin.py:190} INFO - [2026-08-30T18:31:50.350+0000] {dag.py:3239} INFO - Sync 1 DAGs
[2026-08-30T18:31:50.356+0000] {logging_mixin.py:190} INFO - [2026-08-30T18:31:50.356+0000] {dag.py:4180} INFO - Setting next_dagrun for parallel_weather_dag to None, run_after=None
[2026-08-30T18:31:50.365+0000] {processor.py:208} INFO - Processing /opt/airflow/dags/04_parallel_weather.py took 0.045 seconds
[2026-08-30T18:32:20.527+0000] {processor.py:186} INFO - Started process (PID=286) to work on /opt/airflow/dags/04_parallel_weather.py
[2026-08-30T18:32:20.528+0000] {processor.py:914} INFO - Processing file /opt/airflow/dags/04_parallel_weather.py for tasks to queue
[2026-08-30T18:32:20.530+0000] {logging_mixin.py:190} INFO - [2026-08-30T18:32:20.530+0000] {dagbag.py:588} INFO - Filling up the DagBag from /opt/airflow/dags/04_parallel_weather.py
[2026-08-30T18:32:20.536+0000] {processor.py:925} INFO - DAG(s) 'parallel_weather_dag' retrieved from /opt/airflow/dags/04_parallel_weather.py
[2026-08-30T18:32:20.553+0000] {logging_mixin.py:190} INFO - [2026-08-30T18:32:20.552+0000] {dag.py:3239} INFO - Sync 1 DAGs
[2026-08-30T18:32:20.559+0000] {logging_mixin.py:190} INFO - [2026-08-30T18:32:20.559+0000] {dag.py:4180} INFO - Setting next_dagrun for parallel_weather_dag to None, run_after=None
[2026-08-30T18:32:20.567+0000] {processor.py:208} INFO - Processing /opt/airflow/dags/04_parallel_weather.py took 0.045 seconds
[2026-08-30T18:47:36.637+0000] {processor.py:186} INFO - Started process (PID=299) to work on /opt/airflow/dags/04_parallel_weather.py
[2026-08-30T18:47:36.639+0000] {processor.py:914} INFO - Processing file /opt/airflow/dags/04_parallel_weather.py for tasks to queue
[2026-08-30T18:47:36.641+0000] {logging_mixin.py:190} INFO - [2026-08-30T18:47:36.641+0000] {dagbag.py:588} INFO - Filling up the DagBag from /opt/airflow/dags/04_parallel_weather.py
[2026-08-30T18:47:36.654+0000] {processor.py:925} INFO - DAG(s) 'parallel_weather_dag' retrieved from /opt/airflow/dags/04_parallel_weather.py
[2026-08-30T18:47:36.718+0000] {logging_mixin.py:190} INFO - [2026-08-30T18:47:36.718+0000] {dag.py:3239} INFO - Sync 1 DAGs
[2026-08-30T18:47:36.737+0000] {logging_mixin.py:190} INFO - [2026-08-30T18:47:36.736+0000] {dag.py:4180} INFO - Setting next_dagrun for parallel_weather_dag to None, run_after=None
[2026-08-30T18:47:36.752+0000] {processor.py:208} INFO - Processing /opt/airflow/dags/04_parallel_weather.py took 0.130 seconds
[2026-08-30T18:48:07.018+0000] {processor.py:186} INFO - Started process (PID=311) to work on /opt/airflow/dags/04_parallel_weather.py
[2026-08-30T18:48:07.019+0000] {processor.py:914} INFO - Processing file /opt/airflow/dags/04_parallel_weather.py for tasks to queue
[2026-08-30T18:48:07.021+0000] {logging_mixin.py:190} INFO - [2026-08-30T18:48:07.021+0000] {dagbag.py:588} INFO - Filling up the DagBag from /opt/airflow/dags/04_parallel_weather.py
[2026-08-30T18:48:07.030+0000] {processor.py:925} INFO - DAG(s) 'parallel_weather_dag' retrieved from /opt/airflow/dags/04_parallel_weather.py
[2026-08-30T18:48:07.049+0000] {logging_mixin.py:190} INFO - [2026-08-30T18:48:07.048+0000] {dag.py:3239} INFO - Sync 1 DAGs
[2026-08-30T18:48:07.056+0000] {logging_mixin.py:190} INFO - [2026-08-30T18:48:07.056+0000] {dag.py:4180} INFO - Setting next_dagrun for parallel_weather_dag to None, run_after=None
[2026-08-30T18:48:07.064+0000] {processor.py:208} INFO - Processing /opt/airflow/dags/04_parallel_weather.py took 0.054 seconds
[2026-08-30T19:03:34.337+0000] {processor.py:186} INFO - Started process (PID=325) to work on /opt/airflow/dags/04_parallel_weather.py
[2026-08-30T19:03:34.338+0000] {processor.py:914} INFO - Processing file /opt/airflow/dags/04_parallel_weather.py for tasks to queue
[2026-08-30T19:03:34.340+0000] {logging_mixin.py:190} INFO - [2026-08-30T19:03:34.340+0000] {dagbag.py:588} INFO - Filling up the DagBag from /opt/airflow/dags/04_parallel_weather.py
[2026-08-30T19:03:34.351+0000] {processor.py:925} INFO - DAG(s) 'parallel_weather_dag' retrieved from /opt/airflow/dags/04_parallel_weather.py
[2026-08-30T19:03:34.387+0000] {logging_mixin.py:190} INFO - [2026-08-30T19:03:34.386+0000] {dag.py:3239} INFO - Sync 1 DAGs
[2026-08-30T19:03:34.398+0000] {logging_mixin.py:190} INFO - [2026-08-30T19:03:34.398+0000] {dag.py:4180} INFO - Setting next_dagrun for parallel_weather_dag to None, run_after=None
[2026-08-30T19:03:34.409+0000] {processor.py:208} INFO - Processing /opt/airflow/dags/04_parallel_weather.py took 0.081 seconds
[2026-08-30T19:04:05.501+0000] {processor.py:186} INFO - Started process (PID=338) to work on /opt/airflow/dags/04_parallel_weather.py
[2026-08-30T19:04:05.502+0000] {processor.py:914} INFO - Processing file /opt/airflow/dags/04_parallel_weather.py for tasks to queue
[2026-08-30T19:04:05.503+0000] {logging_mixin.py:190} INFO - [2026-08-30T19:04:05.503+0000] {dagbag.py:588} INFO - Filling up the DagBag from /opt/airflow/dags/04_parallel_weather.py
[2026-08-30T19:04:05.511+0000] {processor.py:925} INFO - DAG(s) 'parallel_weather_dag' retrieved from /opt/airflow/dags/04_parallel_weather.py
[2026-08-30T19:04:05.530+0000] {logging_mixin.py:190} INFO - [2026-08-30T19:04:05.530+0000] {dag.py:3239} INFO - Sync 1 DAGs
[2026-08-30T19:04:05.538+0000] {logging_mixin.py:190} INFO - [2026-08-30T19:04:05.538+0000] {dag.py:4180} INFO - Setting next_dagrun for parallel_weather_dag to None, run_after=None
[2026-08-30T19:04:05.546+0000] {processor.py:208} INFO - Processing /opt/airflow/dags/04_parallel_weather.py took 0.054 seconds
[2026-08-30T19:04:36.644+0000] {processor.py:186} INFO - Started process (PID=351) to work on /opt/airflow/dags/04_parallel_weather.py
[2026-08-30T19:04:36.645+0000] {processor.py:914} INFO - Processing file /opt/airflow/dags/04_parallel_weather.py for tasks to queue
[2026-08-30T19:04:36.646+0000] {logging_mixin.py:190} INFO - [2026-08-30T19:04:36.646+0000] {dagbag.py:588} INFO - Filling up the DagBag from /opt/airflow/dags/04_parallel_weather.py
[2026-08-30T19:04:36.653+0000] {processor.py:925} INFO - DAG(s) 'parallel_weather_dag' retrieved from /opt/airflow/dags/04_parallel_weather.py
[2026-08-30T19:04:36.673+0000] {logging_mixin.py:190} INFO - [2026-08-30T19:04:36.673+0000] {dag.py:3239} INFO - Sync 1 DAGs
[2026-08-30T19:04:36.680+0000] {logging_mixin.py:190} INFO - [2026-08-30T19:04:36.680+0000] {dag.py:4180} INFO - Setting next_dagrun for parallel_weather_dag to None, run_after=None
[2026-08-30T19:04:36.689+0000] {processor.py:208} INFO - Processing /opt/airflow/dags/04_parallel_weather.py took 0.051 seconds
[2026-08-30T19:11:33.896+0000] {processor.py:186} INFO - Started process (PID=364) to work on /opt/airflow/dags/04_parallel_weather.py
[2026-08-30T19:11:33.897+0000] {processor.py:914} INFO - Processing file /opt/airflow/dags/04_parallel_weather.py for tasks to queue
[2026-08-30T19:11:33.899+0000] {logging_mixin.py:190} INFO - [2026-08-30T19:11:33.898+0000] {dagbag.py:588} INFO - Filling up the DagBag from /opt/airflow/dags/04_parallel_weather.py
[2026-08-30T19:11:33.905+0000] {processor.py:925} INFO - DAG(s) 'parallel_weather_dag' retrieved from /opt/airflow/dags/04_parallel_weather.py
[2026-08-30T19:11:33.924+0000] {logging_mixin.py:190} INFO - [2026-08-30T19:11:33.924+0000] {dag.py:3239} INFO - Sync 1 DAGs
[2026-08-30T19:11:33.934+0000] {logging_mixin.py:190} INFO - [2026-08-30T19:11:33.934+0000] {dag.py:4180} INFO - Setting next_dagrun for parallel_weather_dag to None, run_after=None
[2026-08-30T19:11:33.946+0000] {processor.py:208} INFO - Processing /opt/airflow/dags/04_parallel_weather.py took 0.058 seconds
[2026-08-30T19:26:36.427+0000] {processor.py:186} INFO - Started process (PID=377) to work on /opt/airflow/dags/04_parallel_weather.py
[2026-08-30T19:26:36.428+0000] {processor.py:914} INFO - Processing file /opt/airflow/dags/04_parallel_weather.py for tasks to queue
[2026-08-30T19:26:36.430+0000] {logging_mixin.py:190} INFO - [2026-08-30T19:26:36.430+0000] {dagbag.py:588} INFO - Filling up the DagBag from /opt/airflow/dags/04_parallel_weather.py
[2026-08-30T19:26:36.436+0000] {processor.py:925} INFO - DAG(s) 'parallel_weather_dag' retrieved from /opt/airflow/dags/04_parallel_weather.py
[2026-08-30T19:26:36.454+0000] {logging_mixin.py:190} INFO - [2026-08-30T19:26:36.454+0000] {dag.py:3239} INFO - Sync 1 DAGs
[2026-08-30T19:26:36.461+0000] {logging_mixin.py:190} INFO - [2026-08-30T19:26:36.461+0000] {dag.py:4180} INFO - Setting next_dagrun for parallel_weather_dag to None, run_after=None
[2026-08-30T19:26:36.469+0000] {processor.py:208} INFO - Processing /opt/airflow/dags/04_parallel_weather.py took 0.047 seconds
[2026-08-30T19:27:07.541+0000] {processor.py:186} INFO - Started process (PID=390) to work on /opt/airflow/dags/04_parallel_weather.py
[2026-08-30T19:27:07.542+0000] {processor.py:914} INFO - Processing file /opt/airflow/dags/04_parallel_weather.py for tasks to queue
[2026-08-30T19:27:07.544+0000] {logging_mixin.py:190} INFO - [2026-08-30T19:27:07.544+0000] {dagbag.py:588} INFO - Filling up the DagBag from /opt/airflow/dags/04_parallel_weather.py
[2026-08-30T19:27:07.552+0000] {processor.py:925} INFO - DAG(s) 'parallel_weather_dag' retrieved from /opt/airflow/dags/04_parallel_weather.py
[2026-08-30T19:27:07.574+0000] {logging_mixin.py:190} INFO - [2026-08-30T19:27:07.574+0000] {dag.py:3239} INFO - Sync 1 DAGs
[2026-08-30T19:27:07.583+0000] {logging_mixin.py:190} INFO - [2026-08-30T19:27:07.582+0000] {dag.py:4180} INFO - Setting next_dagrun for parallel_weather_dag to None, run_after=None
[2026-08-30T19:27:07.592+0000] {processor.py:208} INFO - Processing /opt/airflow/dags/04_parallel_weather.py took 0.059 seconds
[2026-08-30T19:27:38.536+0000] {processor.py:186} INFO - Started process (PID=403) to work on /opt/airflow/dags/04_parallel_weather.py
[2026-08-30T19:27:38.537+0000] {processor.py:914} INFO - Processing file /opt/airflow/dags/04_parallel_weather.py for tasks to queue
[2026-08-30T19:27:38.539+0000] {logging_mixin.py:190} INFO - [2026-08-30T19:27:38.539+0000] {dagbag.py:588} INFO - Filling up the DagBag from /opt/airflow/dags/04_parallel_weather.py
[2026-08-30T19:27:38.547+0000] {processor.py:925} INFO - DAG(s) 'parallel_weather_dag' retrieved from /opt/airflow/dags/04_parallel_weather.py
[2026-08-30T19:27:38.565+0000] {logging_mixin.py:190} INFO - [2026-08-30T19:27:38.565+0000] {dag.py:3239} INFO - Sync 1 DAGs
[2026-08-30T19:27:38.573+0000] {logging_mixin.py:190} INFO - [2026-08-30T19:27:38.573+0000] {dag.py:4180} INFO - Setting next_dagrun for parallel_weather_dag to None, run_after=None
[2026-08-30T19:27:38.583+0000] {processor.py:208} INFO - Processing /opt/airflow/dags/04_parallel_weather.py took 0.054 seconds
[2026-08-30T19:28:09.592+0000] {processor.py:186} INFO - Started process (PID=416) to work on /opt/airflow/dags/04_parallel_weather.py
[2026-08-30T19:28:09.593+0000] {processor.py:914} INFO - Processing file /opt/airflow/dags/04_parallel_weather.py for tasks to queue
[2026-08-30T19:28:09.594+0000] {logging_mixin.py:190} INFO - [2026-08-30T19:28:09.594+0000] {dagbag.py:588} INFO - Filling up the DagBag from /opt/airflow/dags/04_parallel_weather.py
[2026-08-30T19:28:09.601+0000] {processor.py:925} INFO - DAG(s) 'parallel_weather_dag' retrieved from /opt/airflow/dags/04_parallel_weather.py
[2026-08-30T19:28:09.619+0000] {logging_mixin.py:190} INFO - [2026-08-30T19:28:09.619+0000] {dag.py:3239} INFO - Sync 1 DAGs
[2026-08-30T19:28:09.627+0000] {logging_mixin.py:190} INFO - [2026-08-30T19:28:09.627+0000] {dag.py:4180} INFO - Setting next_dagrun for parallel_weather_dag to None, run_after=None
[2026-08-30T19:28:09.635+0000] {processor.py:208} INFO - Processing /opt/airflow/dags/04_parallel_weather.py took 0.049 seconds
[2026-08-30T19:29:36.558+0000] {processor.py:186} INFO - Started process (PID=429) to work on /opt/airflow/dags/04_parallel_weather.py
[2026-08-30T19:29:36.561+0000] {processor.py:914} INFO - Processing file /opt/airflow/dags/04_parallel_weather.py for tasks to queue
[2026-08-30T19:29:36.563+0000] {logging_mixin.py:190} INFO - [2026-08-30T19:29:36.563+0000] {dagbag.py:588} INFO - Filling up the DagBag from /opt/airflow/dags/04_parallel_weather.py
[2026-08-30T19:29:36.572+0000] {processor.py:925} INFO - DAG(s) 'parallel_weather_dag' retrieved from /opt/airflow/dags/04_parallel_weather.py
[2026-08-30T19:29:36.590+0000] {logging_mixin.py:190} INFO - [2026-08-30T19:29:36.590+0000] {dag.py:3239} INFO - Sync 1 DAGs
[2026-08-30T19:29:36.599+0000] {logging_mixin.py:190} INFO - [2026-08-30T19:29:36.598+0000] {dag.py:4180} INFO - Setting next_dagrun for parallel_weather_dag to None, run_after=None
[2026-08-30T19:29:36.607+0000] {processor.py:208} INFO - Processing /opt/airflow/dags/04_parallel_weather.py took 0.057 seconds
[2026-08-30T19:30:07.471+0000] {processor.py:186} INFO - Started process (PID=442) to work on /opt/airflow/dags/04_parallel_weather.py
[2026-08-30T19:30:07.472+0000] {processor.py:914} INFO - Processing file /opt/airflow/dags/04_parallel_weather.py for tasks to queue
[2026-08-30T19:30:07.473+0000] {logging_mixin.py:190} INFO - [2026-08-30T19:30:07.473+0000] {dagbag.py:588} INFO - Filling up the DagBag from /opt/airflow/dags/04_parallel_weather.py
[2026-08-30T19:30:07.480+0000] {processor.py:925} INFO - DAG(s) 'parallel_weather_dag' retrieved from /opt/airflow/dags/04_parallel_weather.py
[2026-08-30T19:30:07.497+0000] {logging_mixin.py:190} INFO - [2026-08-30T19:30:07.497+0000] {dag.py:3239} INFO - Sync 1 DAGs
[2026-08-30T19:30:07.505+0000] {logging_mixin.py:190} INFO - [2026-08-30T19:30:07.504+0000] {dag.py:4180} INFO - Setting next_dagrun for parallel_weather_dag to None, run_after=None
[2026-08-30T19:30:07.513+0000] {processor.py:208} INFO - Processing /opt/airflow/dags/04_parallel_weather.py took 0.046 seconds
[2026-08-30T19:30:38.398+0000] {processor.py:186} INFO - Started process (PID=455) to work on /opt/airflow/dags/04_parallel_weather.py
[2026-08-30T19:30:38.398+0000] {processor.py:914} INFO - Processing file /opt/airflow/dags/04_parallel_weather.py for tasks to queue
[2026-08-30T19:30:38.400+0000] {logging_mixin.py:190} INFO - [2026-08-30T19:30:38.400+0000] {dagbag.py:588} INFO - Filling up the DagBag from /opt/airflow/dags/04_parallel_weather.py
[2026-08-30T19:30:38.408+0000] {processor.py:925} INFO - DAG(s) 'parallel_weather_dag' retrieved from /opt/airflow/dags/04_parallel_weather.py
[2026-08-30T19:30:38.425+0000] {logging_mixin.py:190} INFO - [2026-08-30T19:30:38.425+0000] {dag.py:3239} INFO - Sync 1 DAGs
[2026-08-30T19:30:38.432+0000] {logging_mixin.py:190} INFO - [2026-08-30T19:30:38.432+0000] {dag.py:4180} INFO - Setting next_dagrun for parallel_weather_dag to None, run_after=None
[2026-08-30T19:30:38.442+0000] {processor.py:208} INFO - Processing /opt/airflow/dags/04_parallel_weather.py took 0.049 seconds
[2026-08-30T19:31:09.327+0000] {processor.py:186} INFO - Started process (PID=468) to work on /opt/airflow/dags/04_parallel_weather.py
[2026-08-30T19:31:09.328+0000] {processor.py:914} INFO - Processing file /opt/airflow/dags/04_parallel_weather.py for tasks to queue
[2026-08-30T19:31:09.330+0000] {logging_mixin.py:190} INFO - [2026-08-30T19:31:09.330+0000] {dagbag.py:588} INFO - Filling up the DagBag from /opt/airflow/dags/04_parallel_weather.py
[2026-08-30T19:31:09.337+0000] {processor.py:925} INFO - DAG(s) 'parallel_weather_dag' retrieved from /opt/airflow/dags/04_parallel_weather.py
[2026-08-30T19:31:09.356+0000] {logging_mixin.py:190} INFO - [2026-08-30T19:31:09.355+0000] {dag.py:3239} INFO - Sync 1 DAGs
[2026-08-30T19:31:09.364+0000] {logging_mixin.py:190} INFO - [2026-08-30T19:31:09.363+0000] {dag.py:4180} INFO - Setting next_dagrun for parallel_weather_dag to None, run_after=None
[2026-08-30T19:31:09.372+0000] {processor.py:208} INFO - Processing /opt/airflow/dags/04_parallel_weather.py took 0.051 seconds
[2026-08-30T19:47:59.270+0000] {processor.py:186} INFO - Started process (PID=481) to work on /opt/airflow/dags/04_parallel_weather.py
[2026-08-30T19:47:59.271+0000] {processor.py:914} INFO - Processing file /opt/airflow/dags/04_parallel_weather.py for tasks to queue
[2026-08-30T19:47:59.272+0000] {logging_mixin.py:190} INFO - [2026-08-30T19:47:59.272+0000] {dagbag.py:588} INFO - Filling up the DagBag from /opt/airflow/dags/04_parallel_weather.py
[2026-08-30T19:47:59.279+0000] {processor.py:925} INFO - DAG(s) 'parallel_weather_dag' retrieved from /opt/airflow/dags/04_parallel_weather.py
[2026-08-30T19:47:59.297+0000] {logging_mixin.py:190} INFO - [2026-08-30T19:47:59.297+0000] {dag.py:3239} INFO - Sync 1 DAGs
[2026-08-30T19:47:59.306+0000] {logging_mixin.py:190} INFO - [2026-08-30T19:47:59.305+0000] {dag.py:4180} INFO - Setting next_dagrun for parallel_weather_dag to None, run_after=None
[2026-08-30T19:47:59.315+0000] {processor.py:208} INFO - Processing /opt/airflow/dags/04_parallel_weather.py took 0.049 seconds
[2026-08-30T19:48:30.136+0000] {processor.py:186} INFO - Started process (PID=494) to work on /opt/airflow/dags/04_parallel_weather.py
[2026-08-30T19:48:30.137+0000] {processor.py:914} INFO - Processing file /opt/airflow/dags/04_parallel_weather.py for tasks to queue
[2026-08-30T19:48:30.139+0000] {logging_mixin.py:190} INFO - [2026-08-30T19:48:30.139+0000] {dagbag.py:588} INFO - Filling up the DagBag from /opt/airflow/dags/04_parallel_weather.py
[2026-08-30T19:48:30.148+0000] {processor.py:925} INFO - DAG(s) 'parallel_weather_dag' retrieved from /opt/airflow/dags/04_parallel_weather.py
[2026-08-30T19:48:30.166+0000] {logging_mixin.py:190} INFO - [2026-08-30T19:48:30.165+0000] {dag.py:3239} INFO - Sync 1 DAGs
[2026-08-30T19:48:30.174+0000] {logging_mixin.py:190} INFO - [2026-08-30T19:48:30.174+0000] {dag.py:4180} INFO - Setting next_dagrun for parallel_weather_dag to None, run_after=None
[2026-08-30T19:48:30.183+0000] {processor.py:208} INFO - Processing /opt/airflow/dags/04_parallel_weather.py took 0.050 seconds
[2026-08-30T20:04:26.546+0000] {processor.py:186} INFO - Started process (PID=507) to work on /opt/airflow/dags/04_parallel_weather.py
[2026-08-30T20:04:26.547+0000] {processor.py:914} INFO - Processing file /opt/airflow/dags/04_parallel_weather.py for tasks to queue
[2026-08-30T20:04:26.549+0000] {logging_mixin.py:190} INFO - [2026-08-30T20:04:26.549+0000] {dagbag.py:588} INFO - Filling up the DagBag from /opt/airflow/dags/04_parallel_weather.py
[2026-08-30T20:04:26.558+0000] {processor.py:925} INFO - DAG(s) 'parallel_weather_dag' retrieved from /opt/airflow/dags/04_parallel_weather.py
[2026-08-30T20:04:26.599+0000] {logging_mixin.py:190} INFO - [2026-08-30T20:04:26.599+0000] {dag.py:3239} INFO - Sync 1 DAGs
[2026-08-30T20:04:26.609+0000] {logging_mixin.py:190} INFO - [2026-08-30T20:04:26.609+0000] {dag.py:4180} INFO - Setting next_dagrun for parallel_weather_dag to None, run_after=None
[2026-08-30T20:04:26.632+0000] {processor.py:208} INFO - Processing /opt/airflow/dags/04_parallel_weather.py took 0.095 seconds
[2026-08-30T20:04:57.602+0000] {processor.py:186} INFO - Started process (PID=520) to work on /opt/airflow/dags/04_parallel_weather.py
[2026-08-30T20:04:57.603+0000] {processor.py:914} INFO - Processing file /opt/airflow/dags/04_parallel_weather.py for tasks to queue
[2026-08-30T20:04:57.605+0000] {logging_mixin.py:190} INFO - [2026-08-30T20:04:57.604+0000] {dagbag.py:588} INFO - Filling up the DagBag from /opt/airflow/dags/04_parallel_weather.py
[2026-08-30T20:04:57.617+0000] {processor.py:925} INFO - DAG(s) 'parallel_weather_dag' retrieved from /opt/airflow/dags/04_parallel_weather.py
[2026-08-30T20:04:57.643+0000] {logging_mixin.py:190} INFO - [2026-08-30T20:04:57.643+0000] {dag.py:3239} INFO - Sync 1 DAGs
[2026-08-30T20:04:57.652+0000] {logging_mixin.py:190} INFO - [2026-08-30T20:04:57.652+0000] {dag.py:4180} INFO - Setting next_dagrun for parallel_weather_dag to None, run_after=None
[2026-08-30T20:04:57.661+0000] {processor.py:208} INFO - Processing /opt/airflow/dags/04_parallel_weather.py took 0.066 seconds
[2026-08-30T20:21:56.858+0000] {processor.py:186} INFO - Started process (PID=533) to work on /opt/airflow/dags/04_parallel_weather.py
[2026-08-30T20:21:56.858+0000] {processor.py:914} INFO - Processing file /opt/airflow/dags/04_parallel_weather.py for tasks to queue
[2026-08-30T20:21:56.860+0000] {logging_mixin.py:190} INFO - [2026-08-30T20:21:56.860+0000] {dagbag.py:588} INFO - Filling up the DagBag from /opt/airflow/dags/04_parallel_weather.py
[2026-08-30T20:21:56.866+0000] {processor.py:925} INFO - DAG(s) 'parallel_weather_dag' retrieved from /opt/airflow/dags/04_parallel_weather.py
[2026-08-30T20:21:56.885+0000] {logging_mixin.py:190} INFO - [2026-08-30T20:21:56.884+0000] {dag.py:3239} INFO - Sync 1 DAGs
[2026-08-30T20:21:56.892+0000] {logging_mixin.py:190} INFO - [2026-08-30T20:21:56.892+0000] {dag.py:4180} INFO - Setting next_dagrun for parallel_weather_dag to None, run_after=None
[2026-08-30T20:21:56.901+0000] {processor.py:208} INFO - Processing /opt/airflow/dags/04_parallel_weather.py took 0.049 seconds
[2026-08-30T20:22:28.001+0000] {processor.py:186} INFO - Started process (PID=546) to work on /opt/airflow/dags/04_parallel_weather.py
[2026-08-30T20:22:28.002+0000] {processor.py:914} INFO - Processing file /opt/airflow/dags/04_parallel_weather.py for tasks to queue
[2026-08-30T20:22:28.003+0000] {logging_mixin.py:190} INFO - [2026-08-30T20:22:28.003+0000] {dagbag.py:588} INFO - Filling up the DagBag from /opt/airflow/dags/04_parallel_weather.py
[2026-08-30T20:22:28.010+0000] {processor.py:925} INFO - DAG(s) 'parallel_weather_dag' retrieved from /opt/airflow/dags/04_parallel_weather.py
[2026-08-30T20:22:28.029+0000] {logging_mixin.py:190} INFO - [2026-08-30T20:22:28.029+0000] {dag.py:3239} INFO - Sync 1 DAGs
[2026-08-30T20:22:28.037+0000] {logging_mixin.py:190} INFO - [2026-08-30T20:22:28.037+0000] {dag.py:4180} INFO - Setting next_dagrun for parallel_weather_dag to None, run_after=None
[2026-08-30T20:22:28.045+0000] {processor.py:208} INFO - Processing /opt/airflow/dags/04_parallel_weather.py took 0.053 seconds
[2026-08-30T20:33:55.039+0000] {processor.py:186} INFO - Started process (PID=559) to work on /opt/airflow/dags/04_parallel_weather.py
[2026-08-30T20:33:55.040+0000] {processor.py:914} INFO - Processing file /opt/airflow/dags/04_parallel_weather.py for tasks to queue
[2026-08-30T20:33:55.042+0000] {logging_mixin.py:190} INFO - [2026-08-30T20:33:55.042+0000] {dagbag.py:588} INFO - Filling up the DagBag from /opt/airflow/dags/04_parallel_weather.py
[2026-08-30T20:33:55.049+0000] {processor.py:925} INFO - DAG(s) 'parallel_weather_dag' retrieved from /opt/airflow/dags/04_parallel_weather.py
[2026-08-30T20:33:55.068+0000] {logging_mixin.py:190} INFO - [2026-08-30T20:33:55.068+0000] {dag.py:3239} INFO - Sync 1 DAGs
[2026-08-30T20:33:55.078+0000] {logging_mixin.py:190} INFO - [2026-08-30T20:33:55.078+0000] {dag.py:4180} INFO - Setting next_dagrun for parallel_weather_dag to None, run_after=None
[2026-08-30T20:33:55.089+0000] {processor.py:208} INFO - Processing /opt/airflow/dags/04_parallel_weather.py took 0.055 seconds
[2026-08-30T20:34:26.071+0000] {processor.py:186} INFO - Started process (PID=572) to work on /opt/airflow/dags/04_parallel_weather.py
[2026-08-30T20:34:26.072+0000] {processor.py:914} INFO - Processing file /opt/airflow/dags/04_parallel_weather.py for tasks to queue
[2026-08-30T20:34:26.074+0000] {logging_mixin.py:190} INFO - [2026-08-30T20:34:26.073+0000] {dagbag.py:588} INFO - Filling up the DagBag from /opt/airflow/dags/04_parallel_weather.py
[2026-08-30T20:34:26.080+0000] {processor.py:925} INFO - DAG(s) 'parallel_weather_dag' retrieved from /opt/airflow/dags/04_parallel_weather.py
[2026-08-30T20:34:26.101+0000] {logging_mixin.py:190} INFO - [2026-08-30T20:34:26.101+0000] {dag.py:3239} INFO - Sync 1 DAGs
[2026-08-30T20:34:26.109+0000] {logging_mixin.py:190} INFO - [2026-08-30T20:34:26.109+0000] {dag.py:4180} INFO - Setting next_dagrun for parallel_weather_dag to None, run_after=None
[2026-08-30T20:34:26.119+0000] {processor.py:208} INFO - Processing /opt/airflow/dags/04_parallel_weather.py took 0.057 seconds
