[2026-08-30T13:04:37.974+0000] {processor.py:186} INFO - Started process (PID=69) to work on /opt/airflow/dags/05_etl_weather_postgres.py
[2026-08-30T13:04:37.980+0000] {processor.py:914} INFO - Processing file /opt/airflow/dags/05_etl_weather_postgres.py for tasks to queue
[2026-08-30T13:04:37.987+0000] {logging_mixin.py:190} INFO - [2026-08-30T13:04:37.986+0000] {dagbag.py:588} INFO - Filling up the DagBag from /opt/airflow/dags/05_etl_weather_postgres.py
[2026-08-30T13:04:38.045+0000] {processor.py:925} INFO - DAG(s) 'etl_weather_postgres_dag' retrieved from /opt/airflow/dags/05_etl_weather_postgres.py
[2026-08-30T13:04:38.128+0000] {logging_mixin.py:190} INFO - [2026-08-30T13:04:38.127+0000] {dag.py:3239} INFO - Sync 1 DAGs
[2026-08-30T13:04:38.203+0000] {logging_mixin.py:190} INFO - [2026-08-30T13:04:38.202+0000] {dag.py:4180} INFO - Setting next_dagrun for etl_weather_postgres_dag to None, run_after=None
[2026-08-30T13:04:38.278+0000] {processor.py:208} INFO - Processing /opt/airflow/dags/05_etl_weather_postgres.py took 0.317 seconds
[2026-08-30T13:05:09.242+0000] {processor.py:186} INFO - Started process (PID=87) to work on /opt/airflow/dags/05_etl_weather_postgres.py
[2026-08-30T13:05:09.246+0000] {processor.py:914} INFO - Processing file /opt/airflow/dags/05_etl_weather_postgres.py for tasks to queue
[2026-08-30T13:05:09.253+0000] {logging_mixin.py:190} INFO - [2026-08-30T13:05:09.252+0000] {dagbag.py:588} INFO - Filling up the DagBag from /opt/airflow/dags/05_etl_weather_postgres.py
[2026-08-30T13:05:09.281+0000] {processor.py:925} INFO - DAG(s) 'etl_weather_postgres_dag' retrieved from /opt/airflow/dags/05_etl_weather_postgres.py
[2026-08-30T13:05:09.324+0000] {logging_mixin.py:190} INFO - [2026-08-30T13:05:09.324+0000] {dag.py:3239} INFO - Sync 1 DAGs
[2026-08-30T13:05:09.338+0000] {logging_mixin.py:190} INFO - [2026-08-30T13:05:09.338+0000] {dag.py:4180} INFO - Setting next_dagrun for etl_weather_postgres_dag to None, run_after=None
[2026-08-30T13:05:09.359+0000] {processor.py:208} INFO - Processing /opt/airflow/dags/05_etl_weather_postgres.py took 0.127 seconds
[2026-08-30T13:05:39.951+0000] {processor.py:186} INFO - Started process (PID=98) to work on /opt/airflow/dags/05_etl_weather_postgres.py
[2026-08-30T13:05:39.952+0000] {processor.py:914} INFO - Processing file /opt/airflow/dags/05_etl_weather_postgres.py for tasks to queue
[2026-08-30T13:05:39.956+0000] {logging_mixin.py:190} INFO - [2026-08-30T13:05:39.955+0000] {dagbag.py:588} INFO - Filling up the DagBag from /opt/airflow/dags/05_etl_weather_postgres.py
[2026-08-30T13:05:39.976+0000] {processor.py:925} INFO - DAG(s) 'etl_weather_postgres_dag' retrieved from /opt/airflow/dags/05_etl_weather_postgres.py
[2026-08-30T13:05:40.006+0000] {logging_mixin.py:190} INFO - [2026-08-30T13:05:40.006+0000] {dag.py:3239} INFO - Sync 1 DAGs
[2026-08-30T13:05:40.015+0000] {logging_mixin.py:190} INFO - [2026-08-30T13:05:40.015+0000] {dag.py:4180} INFO - Setting next_dagrun for etl_weather_postgres_dag to None, run_after=None
[2026-08-30T13:05:40.032+0000] {processor.py:208} INFO - Processing /opt/airflow/dags/05_etl_weather_postgres.py took 0.091 seconds
[2026-08-30T13:06:10.544+0000] {processor.py:186} INFO - Started process (PID=109) to work on /opt/airflow/dags/05_etl_weather_postgres.py
[2026-08-30T13:06:10.545+0000] {processor.py:914} INFO - Processing file /opt/airflow/dags/05_etl_weather_postgres.py for tasks to queue
[2026-08-30T13:06:10.553+0000] {logging_mixin.py:190} INFO - [2026-08-30T13:06:10.553+0000] {dagbag.py:588} INFO - Filling up the DagBag from /opt/airflow/dags/05_etl_weather_postgres.py
[2026-08-30T13:06:10.568+0000] {processor.py:925} INFO - DAG(s) 'etl_weather_postgres_dag' retrieved from /opt/airflow/dags/05_etl_weather_postgres.py
[2026-08-30T13:06:10.595+0000] {logging_mixin.py:190} INFO - [2026-08-30T13:06:10.595+0000] {dag.py:3239} INFO - Sync 1 DAGs
[2026-08-30T13:06:10.607+0000] {logging_mixin.py:190} INFO - [2026-08-30T13:06:10.607+0000] {dag.py:4180} INFO - Setting next_dagrun for etl_weather_postgres_dag to None, run_after=None
[2026-08-30T13:06:10.623+0000] {processor.py:208} INFO - Processing /opt/airflow/dags/05_etl_weather_postgres.py took 0.085 seconds
[2026-08-30T13:06:41.184+0000] {processor.py:186} INFO - Started process (PID=120) to work on /opt/airflow/dags/05_etl_weather_postgres.py
[2026-08-30T13:06:41.186+0000] {processor.py:914} INFO - Processing file /opt/airflow/dags/05_etl_weather_postgres.py for tasks to queue
[2026-08-30T13:06:41.189+0000] {logging_mixin.py:190} INFO - [2026-08-30T13:06:41.189+0000] {dagbag.py:588} INFO - Filling up the DagBag from /opt/airflow/dags/05_etl_weather_postgres.py
[2026-08-30T13:06:41.206+0000] {processor.py:925} INFO - DAG(s) 'etl_weather_postgres_dag' retrieved from /opt/airflow/dags/05_etl_weather_postgres.py
[2026-08-30T13:06:41.247+0000] {logging_mixin.py:190} INFO - [2026-08-30T13:06:41.247+0000] {dag.py:3239} INFO - Sync 1 DAGs
[2026-08-30T13:06:41.266+0000] {logging_mixin.py:190} INFO - [2026-08-30T13:06:41.265+0000] {dag.py:4180} INFO - Setting next_dagrun for etl_weather_postgres_dag to None, run_after=None
[2026-08-30T13:06:41.280+0000] {processor.py:208} INFO - Processing /opt/airflow/dags/05_etl_weather_postgres.py took 0.102 seconds
[2026-08-30T13:07:11.831+0000] {processor.py:186} INFO - Started process (PID=131) to work on /opt/airflow/dags/05_etl_weather_postgres.py
[2026-08-30T13:07:11.835+0000] {processor.py:914} INFO - Processing file /opt/airflow/dags/05_etl_weather_postgres.py for tasks to queue
[2026-08-30T13:07:11.841+0000] {logging_mixin.py:190} INFO - [2026-08-30T13:07:11.840+0000] {dagbag.py:588} INFO - Filling up the DagBag from /opt/airflow/dags/05_etl_weather_postgres.py
[2026-08-30T13:07:11.864+0000] {processor.py:925} INFO - DAG(s) 'etl_weather_postgres_dag' retrieved from /opt/airflow/dags/05_etl_weather_postgres.py
[2026-08-30T13:07:11.900+0000] {logging_mixin.py:190} INFO - [2026-08-30T13:07:11.900+0000] {dag.py:3239} INFO - Sync 1 DAGs
[2026-08-30T13:07:11.913+0000] {logging_mixin.py:190} INFO - [2026-08-30T13:07:11.913+0000] {dag.py:4180} INFO - Setting next_dagrun for etl_weather_postgres_dag to None, run_after=None
[2026-08-30T13:07:11.928+0000] {processor.py:208} INFO - Processing /opt/airflow/dags/05_etl_weather_postgres.py took 0.108 seconds
[2026-08-30T13:07:42.436+0000] {processor.py:186} INFO - Started process (PID=142) to work on /opt/airflow/dags/05_etl_weather_postgres.py
[2026-08-30T13:07:42.438+0000] {processor.py:914} INFO - Processing file /opt/airflow/dags/05_etl_weather_postgres.py for tasks to queue
[2026-08-30T13:07:42.448+0000] {logging_mixin.py:190} INFO - [2026-08-30T13:07:42.447+0000] {dagbag.py:588} INFO - Filling up the DagBag from /opt/airflow/dags/05_etl_weather_postgres.py
[2026-08-30T13:07:42.471+0000] {processor.py:925} INFO - DAG(s) 'etl_weather_postgres_dag' retrieved from /opt/airflow/dags/05_etl_weather_postgres.py
[2026-08-30T13:07:42.511+0000] {logging_mixin.py:190} INFO - [2026-08-30T13:07:42.510+0000] {dag.py:3239} INFO - Sync 1 DAGs
[2026-08-30T13:07:42.526+0000] {logging_mixin.py:190} INFO - [2026-08-30T13:07:42.526+0000] {dag.py:4180} INFO - Setting next_dagrun for etl_weather_postgres_dag to None, run_after=None
[2026-08-30T13:07:42.937+0000] {processor.py:208} INFO - Processing /opt/airflow/dags/05_etl_weather_postgres.py took 0.518 seconds
[2026-08-30T13:08:13.745+0000] {processor.py:186} INFO - Started process (PID=153) to work on /opt/airflow/dags/05_etl_weather_postgres.py
[2026-08-30T13:08:13.750+0000] {processor.py:914} INFO - Processing file /opt/airflow/dags/05_etl_weather_postgres.py for tasks to queue
[2026-08-30T13:08:13.762+0000] {logging_mixin.py:190} INFO - [2026-08-30T13:08:13.761+0000] {dagbag.py:588} INFO - Filling up the DagBag from /opt/airflow/dags/05_etl_weather_postgres.py
[2026-08-30T13:08:13.782+0000] {processor.py:925} INFO - DAG(s) 'etl_weather_postgres_dag' retrieved from /opt/airflow/dags/05_etl_weather_postgres.py
[2026-08-30T13:08:14.078+0000] {logging_mixin.py:190} INFO - [2026-08-30T13:08:14.078+0000] {dag.py:3239} INFO - Sync 1 DAGs
[2026-08-30T13:08:14.085+0000] {logging_mixin.py:190} INFO - [2026-08-30T13:08:14.085+0000] {dag.py:4180} INFO - Setting next_dagrun for etl_weather_postgres_dag to None, run_after=None
[2026-08-30T13:08:14.095+0000] {processor.py:208} INFO - Processing /opt/airflow/dags/05_etl_weather_postgres.py took 0.362 seconds
[2026-08-30T13:08:44.831+0000] {processor.py:186} INFO - Started process (PID=164) to work on /opt/airflow/dags/05_etl_weather_postgres.py
[2026-08-30T13:08:44.833+0000] {processor.py:914} INFO - Processing file /opt/airflow/dags/05_etl_weather_postgres.py for tasks to queue
[2026-08-30T13:08:44.842+0000] {logging_mixin.py:190} INFO - [2026-08-30T13:08:44.840+0000] {dagbag.py:588} INFO - Filling up the DagBag from /opt/airflow/dags/05_etl_weather_postgres.py
[2026-08-30T13:08:45.183+0000] {processor.py:925} INFO - DAG(s) 'etl_weather_postgres_dag' retrieved from /opt/airflow/dags/05_etl_weather_postgres.py
[2026-08-30T13:08:45.215+0000] {logging_mixin.py:190} INFO - [2026-08-30T13:08:45.215+0000] {dag.py:3239} INFO - Sync 1 DAGs
[2026-08-30T13:08:45.228+0000] {logging_mixin.py:190} INFO - [2026-08-30T13:08:45.228+0000] {dag.py:4180} INFO - Setting next_dagrun for etl_weather_postgres_dag to None, run_after=None
[2026-08-30T13:08:45.250+0000] {processor.py:208} INFO - Processing /opt/airflow/dags/05_etl_weather_postgres.py took 0.439 seconds
[2026-08-30T13:09:16.287+0000] {processor.py:186} INFO - Started process (PID=175) to work on /opt/airflow/dags/05_etl_weather_postgres.py
[2026-08-30T13:09:16.289+0000] {processor.py:914} INFO - Processing file /opt/airflow/dags/05_etl_weather_postgres.py for tasks to queue
[2026-08-30T13:09:16.295+0000] {logging_mixin.py:190} INFO - [2026-08-30T13:09:16.294+0000] {dagbag.py:588} INFO - Filling up the DagBag from /opt/airflow/dags/05_etl_weather_postgres.py
[2026-08-30T13:09:16.322+0000] {processor.py:925} INFO - DAG(s) 'etl_weather_postgres_dag' retrieved from /opt/airflow/dags/05_etl_weather_postgres.py
[2026-08-30T13:09:16.370+0000] {logging_mixin.py:190} INFO - [2026-08-30T13:09:16.370+0000] {dag.py:3239} INFO - Sync 1 DAGs
[2026-08-30T13:09:16.390+0000] {logging_mixin.py:190} INFO - [2026-08-30T13:09:16.390+0000] {dag.py:4180} INFO - Setting next_dagrun for etl_weather_postgres_dag to None, run_after=None
[2026-08-30T13:09:16.415+0000] {processor.py:208} INFO - Processing /opt/airflow/dags/05_etl_weather_postgres.py took 0.145 seconds
[2026-08-30T13:09:46.603+0000] {processor.py:186} INFO - Started process (PID=187) to work on /opt/airflow/dags/05_etl_weather_postgres.py
[2026-08-30T13:09:46.606+0000] {processor.py:914} INFO - Processing file /opt/airflow/dags/05_etl_weather_postgres.py for tasks to queue
[2026-08-30T13:09:46.616+0000] {logging_mixin.py:190} INFO - [2026-08-30T13:09:46.616+0000] {dagbag.py:588} INFO - Filling up the DagBag from /opt/airflow/dags/05_etl_weather_postgres.py
[2026-08-30T13:09:46.650+0000] {processor.py:925} INFO - DAG(s) 'etl_weather_postgres_dag' retrieved from /opt/airflow/dags/05_etl_weather_postgres.py
[2026-08-30T13:09:46.700+0000] {logging_mixin.py:190} INFO - [2026-08-30T13:09:46.700+0000] {dag.py:3239} INFO - Sync 1 DAGs
[2026-08-30T13:09:46.718+0000] {logging_mixin.py:190} INFO - [2026-08-30T13:09:46.718+0000] {dag.py:4180} INFO - Setting next_dagrun for etl_weather_postgres_dag to None, run_after=None
[2026-08-30T13:09:46.733+0000] {processor.py:208} INFO - Processing /opt/airflow/dags/05_etl_weather_postgres.py took 0.156 seconds
[2026-08-30T13:10:17.365+0000] {processor.py:186} INFO - Started process (PID=199) to work on /opt/airflow/dags/05_etl_weather_postgres.py
[2026-08-30T13:10:17.368+0000] {processor.py:914} INFO - Processing file /opt/airflow/dags/05_etl_weather_postgres.py for tasks to queue
[2026-08-30T13:10:17.375+0000] {logging_mixin.py:190} INFO - [2026-08-30T13:10:17.374+0000] {dagbag.py:588} INFO - Filling up the DagBag from /opt/airflow/dags/05_etl_weather_postgres.py
[2026-08-30T13:10:17.403+0000] {processor.py:925} INFO - DAG(s) 'etl_weather_postgres_dag' retrieved from /opt/airflow/dags/05_etl_weather_postgres.py
[2026-08-30T13:10:17.439+0000] {logging_mixin.py:190} INFO - [2026-08-30T13:10:17.439+0000] {dag.py:3239} INFO - Sync 1 DAGs
[2026-08-30T13:10:17.458+0000] {logging_mixin.py:190} INFO - [2026-08-30T13:10:17.458+0000] {dag.py:4180} INFO - Setting next_dagrun for etl_weather_postgres_dag to None, run_after=None
[2026-08-30T13:10:17.476+0000] {processor.py:208} INFO - Processing /opt/airflow/dags/05_etl_weather_postgres.py took 0.125 seconds
[2026-08-30T13:10:48.147+0000] {processor.py:186} INFO - Started process (PID=211) to work on /opt/airflow/dags/05_etl_weather_postgres.py
[2026-08-30T13:10:48.151+0000] {processor.py:914} INFO - Processing file /opt/airflow/dags/05_etl_weather_postgres.py for tasks to queue
[2026-08-30T13:10:48.158+0000] {logging_mixin.py:190} INFO - [2026-08-30T13:10:48.157+0000] {dagbag.py:588} INFO - Filling up the DagBag from /opt/airflow/dags/05_etl_weather_postgres.py
[2026-08-30T13:10:48.179+0000] {processor.py:925} INFO - DAG(s) 'etl_weather_postgres_dag' retrieved from /opt/airflow/dags/05_etl_weather_postgres.py
[2026-08-30T13:10:48.216+0000] {logging_mixin.py:190} INFO - [2026-08-30T13:10:48.216+0000] {dag.py:3239} INFO - Sync 1 DAGs
[2026-08-30T13:10:48.230+0000] {logging_mixin.py:190} INFO - [2026-08-30T13:10:48.230+0000] {dag.py:4180} INFO - Setting next_dagrun for etl_weather_postgres_dag to None, run_after=None
[2026-08-30T13:10:48.243+0000] {processor.py:208} INFO - Processing /opt/airflow/dags/05_etl_weather_postgres.py took 0.119 seconds
[2026-08-30T13:11:18.938+0000] {processor.py:186} INFO - Started process (PID=223) to work on /opt/airflow/dags/05_etl_weather_postgres.py
[2026-08-30T13:11:18.942+0000] {processor.py:914} INFO - Processing file /opt/airflow/dags/05_etl_weather_postgres.py for tasks to queue
[2026-08-30T13:11:18.946+0000] {logging_mixin.py:190} INFO - [2026-08-30T13:11:18.945+0000] {dagbag.py:588} INFO - Filling up the DagBag from /opt/airflow/dags/05_etl_weather_postgres.py
[2026-08-30T13:11:18.971+0000] {processor.py:925} INFO - DAG(s) 'etl_weather_postgres_dag' retrieved from /opt/airflow/dags/05_etl_weather_postgres.py
[2026-08-30T13:11:19.018+0000] {logging_mixin.py:190} INFO - [2026-08-30T13:11:19.018+0000] {dag.py:3239} INFO - Sync 1 DAGs
[2026-08-30T13:11:19.040+0000] {logging_mixin.py:190} INFO - [2026-08-30T13:11:19.040+0000] {dag.py:4180} INFO - Setting next_dagrun for etl_weather_postgres_dag to None, run_after=None
[2026-08-30T13:11:19.058+0000] {processor.py:208} INFO - Processing /opt/airflow/dags/05_etl_weather_postgres.py took 0.139 seconds
[2026-08-30T13:11:49.766+0000] {processor.py:186} INFO - Started process (PID=235) to work on /opt/airflow/dags/05_etl_weather_postgres.py
[2026-08-30T13:11:49.769+0000] {processor.py:914} INFO - Processing file /opt/airflow/dags/05_etl_weather_postgres.py for tasks to queue
[2026-08-30T13:11:49.778+0000] {logging_mixin.py:190} INFO - [2026-08-30T13:11:49.777+0000] {dagbag.py:588} INFO - Filling up the DagBag from /opt/airflow/dags/05_etl_weather_postgres.py
[2026-08-30T13:11:49.815+0000] {processor.py:925} INFO - DAG(s) 'etl_weather_postgres_dag' retrieved from /opt/airflow/dags/05_etl_weather_postgres.py
[2026-08-30T13:11:49.873+0000] {logging_mixin.py:190} INFO - [2026-08-30T13:11:49.873+0000] {dag.py:3239} INFO - Sync 1 DAGs
[2026-08-30T13:11:49.890+0000] {logging_mixin.py:190} INFO - [2026-08-30T13:11:49.890+0000] {dag.py:4180} INFO - Setting next_dagrun for etl_weather_postgres_dag to None, run_after=None
[2026-08-30T13:11:49.904+0000] {processor.py:208} INFO - Processing /opt/airflow/dags/05_etl_weather_postgres.py took 0.168 seconds
[2026-08-30T13:12:20.700+0000] {processor.py:186} INFO - Started process (PID=246) to work on /opt/airflow/dags/05_etl_weather_postgres.py
[2026-08-30T13:12:20.705+0000] {processor.py:914} INFO - Processing file /opt/airflow/dags/05_etl_weather_postgres.py for tasks to queue
[2026-08-30T13:12:20.717+0000] {logging_mixin.py:190} INFO - [2026-08-30T13:12:20.714+0000] {dagbag.py:588} INFO - Filling up the DagBag from /opt/airflow/dags/05_etl_weather_postgres.py
[2026-08-30T13:12:20.787+0000] {processor.py:925} INFO - DAG(s) 'etl_weather_postgres_dag' retrieved from /opt/airflow/dags/05_etl_weather_postgres.py
[2026-08-30T13:12:21.245+0000] {logging_mixin.py:190} INFO - [2026-08-30T13:12:21.241+0000] {dag.py:3239} INFO - Sync 1 DAGs
[2026-08-30T13:12:21.465+0000] {logging_mixin.py:190} INFO - [2026-08-30T13:12:21.463+0000] {dag.py:4180} INFO - Setting next_dagrun for etl_weather_postgres_dag to None, run_after=None
[2026-08-30T13:12:21.617+0000] {processor.py:208} INFO - Processing /opt/airflow/dags/05_etl_weather_postgres.py took 0.944 seconds
[2026-08-30T13:12:51.852+0000] {processor.py:186} INFO - Started process (PID=258) to work on /opt/airflow/dags/05_etl_weather_postgres.py
[2026-08-30T13:12:51.854+0000] {processor.py:914} INFO - Processing file /opt/airflow/dags/05_etl_weather_postgres.py for tasks to queue
[2026-08-30T13:12:51.864+0000] {logging_mixin.py:190} INFO - [2026-08-30T13:12:51.863+0000] {dagbag.py:588} INFO - Filling up the DagBag from /opt/airflow/dags/05_etl_weather_postgres.py
[2026-08-30T13:12:51.896+0000] {processor.py:925} INFO - DAG(s) 'etl_weather_postgres_dag' retrieved from /opt/airflow/dags/05_etl_weather_postgres.py
[2026-08-30T13:12:51.977+0000] {logging_mixin.py:190} INFO - [2026-08-30T13:12:51.977+0000] {dag.py:3239} INFO - Sync 1 DAGs
[2026-08-30T13:12:52.042+0000] {logging_mixin.py:190} INFO - [2026-08-30T13:12:52.041+0000] {dag.py:4180} INFO - Setting next_dagrun for etl_weather_postgres_dag to None, run_after=None
[2026-08-30T13:12:52.082+0000] {processor.py:208} INFO - Processing /opt/airflow/dags/05_etl_weather_postgres.py took 0.252 seconds
[2026-08-30T13:13:22.380+0000] {processor.py:186} INFO - Started process (PID=270) to work on /opt/airflow/dags/05_etl_weather_postgres.py
[2026-08-30T13:13:22.382+0000] {processor.py:914} INFO - Processing file /opt/airflow/dags/05_etl_weather_postgres.py for tasks to queue
[2026-08-30T13:13:22.401+0000] {logging_mixin.py:190} INFO - [2026-08-30T13:13:22.399+0000] {dagbag.py:588} INFO - Filling up the DagBag from /opt/airflow/dags/05_etl_weather_postgres.py
[2026-08-30T13:13:22.424+0000] {processor.py:925} INFO - DAG(s) 'etl_weather_postgres_dag' retrieved from /opt/airflow/dags/05_etl_weather_postgres.py
[2026-08-30T13:13:22.483+0000] {logging_mixin.py:190} INFO - [2026-08-30T13:13:22.483+0000] {dag.py:3239} INFO - Sync 1 DAGs
[2026-08-30T13:13:22.507+0000] {logging_mixin.py:190} INFO - [2026-08-30T13:13:22.506+0000] {dag.py:4180} INFO - Setting next_dagrun for etl_weather_postgres_dag to None, run_after=None
[2026-08-30T13:13:22.525+0000] {processor.py:208} INFO - Processing /opt/airflow/dags/05_etl_weather_postgres.py took 0.153 seconds
[2026-08-30T13:13:53.102+0000] {processor.py:186} INFO - Started process (PID=282) to work on /opt/airflow/dags/05_etl_weather_postgres.py
[2026-08-30T13:13:53.107+0000] {processor.py:914} INFO - Processing file /opt/airflow/dags/05_etl_weather_postgres.py for tasks to queue
[2026-08-30T13:13:53.113+0000] {logging_mixin.py:190} INFO - [2026-08-30T13:13:53.113+0000] {dagbag.py:588} INFO - Filling up the DagBag from /opt/airflow/dags/05_etl_weather_postgres.py
[2026-08-30T13:13:53.141+0000] {processor.py:925} INFO - DAG(s) 'etl_weather_postgres_dag' retrieved from /opt/airflow/dags/05_etl_weather_postgres.py
[2026-08-30T13:13:53.189+0000] {logging_mixin.py:190} INFO - [2026-08-30T13:13:53.189+0000] {dag.py:3239} INFO - Sync 1 DAGs
[2026-08-30T13:13:53.209+0000] {logging_mixin.py:190} INFO - [2026-08-30T13:13:53.209+0000] {dag.py:4180} INFO - Setting next_dagrun for etl_weather_postgres_dag to None, run_after=None
[2026-08-30T13:13:53.228+0000] {processor.py:208} INFO - Processing /opt/airflow/dags/05_etl_weather_postgres.py took 0.158 seconds
[2026-08-30T13:16:10.803+0000] {processor.py:186} INFO - Started process (PID=90) to work on /opt/airflow/dags/05_etl_weather_postgres.py
[2026-08-30T13:16:10.805+0000] {processor.py:914} INFO - Processing file /opt/airflow/dags/05_etl_weather_postgres.py for tasks to queue
[2026-08-30T13:16:10.812+0000] {logging_mixin.py:190} INFO - [2026-08-30T13:16:10.810+0000] {dagbag.py:588} INFO - Filling up the DagBag from /opt/airflow/dags/05_etl_weather_postgres.py
[2026-08-30T13:16:10.849+0000] {processor.py:925} INFO - DAG(s) 'etl_weather_postgres_dag' retrieved from /opt/airflow/dags/05_etl_weather_postgres.py
[2026-08-30T13:16:10.905+0000] {logging_mixin.py:190} INFO - [2026-08-30T13:16:10.905+0000] {dag.py:3239} INFO - Sync 1 DAGs
[2026-08-30T13:16:10.919+0000] {logging_mixin.py:190} INFO - [2026-08-30T13:16:10.919+0000] {dag.py:4180} INFO - Setting next_dagrun for etl_weather_postgres_dag to None, run_after=None
[2026-08-30T13:16:10.953+0000] {processor.py:208} INFO - Processing /opt/airflow/dags/05_etl_weather_postgres.py took 0.163 seconds
[2026-08-30T13:16:41.043+0000] {processor.py:186} INFO - Started process (PID=102) to work on /opt/airflow/dags/05_etl_weather_postgres.py
[2026-08-30T13:16:41.045+0000] {processor.py:914} INFO - Processing file /opt/airflow/dags/05_etl_weather_postgres.py for tasks to queue
[2026-08-30T13:16:41.048+0000] {logging_mixin.py:190} INFO - [2026-08-30T13:16:41.048+0000] {dagbag.py:588} INFO - Filling up the DagBag from /opt/airflow/dags/05_etl_weather_postgres.py
[2026-08-30T13:16:41.075+0000] {processor.py:925} INFO - DAG(s) 'etl_weather_postgres_dag' retrieved from /opt/airflow/dags/05_etl_weather_postgres.py
[2026-08-30T13:16:41.130+0000] {logging_mixin.py:190} INFO - [2026-08-30T13:16:41.129+0000] {dag.py:3239} INFO - Sync 1 DAGs
[2026-08-30T13:16:41.150+0000] {logging_mixin.py:190} INFO - [2026-08-30T13:16:41.150+0000] {dag.py:4180} INFO - Setting next_dagrun for etl_weather_postgres_dag to None, run_after=None
[2026-08-30T13:16:41.179+0000] {processor.py:208} INFO - Processing /opt/airflow/dags/05_etl_weather_postgres.py took 0.143 seconds
[2026-08-30T13:17:11.784+0000] {processor.py:186} INFO - Started process (PID=114) to work on /opt/airflow/dags/05_etl_weather_postgres.py
[2026-08-30T13:17:11.785+0000] {processor.py:914} INFO - Processing file /opt/airflow/dags/05_etl_weather_postgres.py for tasks to queue
[2026-08-30T13:17:11.788+0000] {logging_mixin.py:190} INFO - [2026-08-30T13:17:11.787+0000] {dagbag.py:588} INFO - Filling up the DagBag from /opt/airflow/dags/05_etl_weather_postgres.py
[2026-08-30T13:17:11.808+0000] {processor.py:925} INFO - DAG(s) 'etl_weather_postgres_dag' retrieved from /opt/airflow/dags/05_etl_weather_postgres.py
[2026-08-30T13:17:11.841+0000] {logging_mixin.py:190} INFO - [2026-08-30T13:17:11.840+0000] {dag.py:3239} INFO - Sync 1 DAGs
[2026-08-30T13:17:11.851+0000] {logging_mixin.py:190} INFO - [2026-08-30T13:17:11.851+0000] {dag.py:4180} INFO - Setting next_dagrun for etl_weather_postgres_dag to None, run_after=None
[2026-08-30T13:17:11.868+0000] {processor.py:208} INFO - Processing /opt/airflow/dags/05_etl_weather_postgres.py took 0.093 seconds
[2026-08-30T13:17:42.481+0000] {processor.py:186} INFO - Started process (PID=126) to work on /opt/airflow/dags/05_etl_weather_postgres.py
[2026-08-30T13:17:42.485+0000] {processor.py:914} INFO - Processing file /opt/airflow/dags/05_etl_weather_postgres.py for tasks to queue
[2026-08-30T13:17:42.489+0000] {logging_mixin.py:190} INFO - [2026-08-30T13:17:42.489+0000] {dagbag.py:588} INFO - Filling up the DagBag from /opt/airflow/dags/05_etl_weather_postgres.py
[2026-08-30T13:17:42.511+0000] {processor.py:925} INFO - DAG(s) 'etl_weather_postgres_dag' retrieved from /opt/airflow/dags/05_etl_weather_postgres.py
[2026-08-30T13:17:42.546+0000] {logging_mixin.py:190} INFO - [2026-08-30T13:17:42.546+0000] {dag.py:3239} INFO - Sync 1 DAGs
[2026-08-30T13:17:42.559+0000] {logging_mixin.py:190} INFO - [2026-08-30T13:17:42.559+0000] {dag.py:4180} INFO - Setting next_dagrun for etl_weather_postgres_dag to None, run_after=None
[2026-08-30T13:17:42.573+0000] {processor.py:208} INFO - Processing /opt/airflow/dags/05_etl_weather_postgres.py took 0.105 seconds
[2026-08-30T13:18:13.226+0000] {processor.py:186} INFO - Started process (PID=138) to work on /opt/airflow/dags/05_etl_weather_postgres.py
[2026-08-30T13:18:13.227+0000] {processor.py:914} INFO - Processing file /opt/airflow/dags/05_etl_weather_postgres.py for tasks to queue
[2026-08-30T13:18:13.230+0000] {logging_mixin.py:190} INFO - [2026-08-30T13:18:13.229+0000] {dagbag.py:588} INFO - Filling up the DagBag from /opt/airflow/dags/05_etl_weather_postgres.py
[2026-08-30T13:18:13.252+0000] {processor.py:925} INFO - DAG(s) 'etl_weather_postgres_dag' retrieved from /opt/airflow/dags/05_etl_weather_postgres.py
[2026-08-30T13:18:13.298+0000] {logging_mixin.py:190} INFO - [2026-08-30T13:18:13.298+0000] {dag.py:3239} INFO - Sync 1 DAGs
[2026-08-30T13:18:13.316+0000] {logging_mixin.py:190} INFO - [2026-08-30T13:18:13.316+0000] {dag.py:4180} INFO - Setting next_dagrun for etl_weather_postgres_dag to None, run_after=None
[2026-08-30T13:18:13.332+0000] {processor.py:208} INFO - Processing /opt/airflow/dags/05_etl_weather_postgres.py took 0.113 seconds
[2026-08-30T13:18:43.841+0000] {processor.py:186} INFO - Started process (PID=151) to work on /opt/airflow/dags/05_etl_weather_postgres.py
[2026-08-30T13:18:43.844+0000] {processor.py:914} INFO - Processing file /opt/airflow/dags/05_etl_weather_postgres.py for tasks to queue
[2026-08-30T13:18:43.852+0000] {logging_mixin.py:190} INFO - [2026-08-30T13:18:43.851+0000] {dagbag.py:588} INFO - Filling up the DagBag from /opt/airflow/dags/05_etl_weather_postgres.py
[2026-08-30T13:18:43.875+0000] {processor.py:925} INFO - DAG(s) 'etl_weather_postgres_dag' retrieved from /opt/airflow/dags/05_etl_weather_postgres.py
[2026-08-30T13:18:44.233+0000] {logging_mixin.py:190} INFO - [2026-08-30T13:18:44.232+0000] {dag.py:3239} INFO - Sync 1 DAGs
[2026-08-30T13:18:44.254+0000] {logging_mixin.py:190} INFO - [2026-08-30T13:18:44.254+0000] {dag.py:4180} INFO - Setting next_dagrun for etl_weather_postgres_dag to None, run_after=None
[2026-08-30T13:18:44.281+0000] {processor.py:208} INFO - Processing /opt/airflow/dags/05_etl_weather_postgres.py took 0.446 seconds
[2026-08-30T13:19:15.438+0000] {processor.py:186} INFO - Started process (PID=163) to work on /opt/airflow/dags/05_etl_weather_postgres.py
[2026-08-30T13:19:15.440+0000] {processor.py:914} INFO - Processing file /opt/airflow/dags/05_etl_weather_postgres.py for tasks to queue
[2026-08-30T13:19:15.442+0000] {logging_mixin.py:190} INFO - [2026-08-30T13:19:15.442+0000] {dagbag.py:588} INFO - Filling up the DagBag from /opt/airflow/dags/05_etl_weather_postgres.py
[2026-08-30T13:19:15.451+0000] {processor.py:925} INFO - DAG(s) 'etl_weather_postgres_dag' retrieved from /opt/airflow/dags/05_etl_weather_postgres.py
[2026-08-30T13:19:15.475+0000] {logging_mixin.py:190} INFO - [2026-08-30T13:19:15.475+0000] {dag.py:3239} INFO - Sync 1 DAGs
[2026-08-30T13:19:15.485+0000] {logging_mixin.py:190} INFO - [2026-08-30T13:19:15.485+0000] {dag.py:4180} INFO - Setting next_dagrun for etl_weather_postgres_dag to None, run_after=None
[2026-08-30T13:19:15.496+0000] {processor.py:208} INFO - Processing /opt/airflow/dags/05_etl_weather_postgres.py took 0.065 seconds
[2026-08-30T13:19:46.205+0000] {processor.py:186} INFO - Started process (PID=175) to work on /opt/airflow/dags/05_etl_weather_postgres.py
[2026-08-30T13:19:46.207+0000] {processor.py:914} INFO - Processing file /opt/airflow/dags/05_etl_weather_postgres.py for tasks to queue
[2026-08-30T13:19:46.213+0000] {logging_mixin.py:190} INFO - [2026-08-30T13:19:46.213+0000] {dagbag.py:588} INFO - Filling up the DagBag from /opt/airflow/dags/05_etl_weather_postgres.py
[2026-08-30T13:19:46.232+0000] {processor.py:925} INFO - DAG(s) 'etl_weather_postgres_dag' retrieved from /opt/airflow/dags/05_etl_weather_postgres.py
[2026-08-30T13:19:46.273+0000] {logging_mixin.py:190} INFO - [2026-08-30T13:19:46.273+0000] {dag.py:3239} INFO - Sync 1 DAGs
[2026-08-30T13:19:46.287+0000] {logging_mixin.py:190} INFO - [2026-08-30T13:19:46.287+0000] {dag.py:4180} INFO - Setting next_dagrun for etl_weather_postgres_dag to None, run_after=None
[2026-08-30T13:19:46.308+0000] {processor.py:208} INFO - Processing /opt/airflow/dags/05_etl_weather_postgres.py took 0.112 seconds
[2026-08-30T13:20:16.974+0000] {processor.py:186} INFO - Started process (PID=187) to work on /opt/airflow/dags/05_etl_weather_postgres.py
[2026-08-30T13:20:16.981+0000] {processor.py:914} INFO - Processing file /opt/airflow/dags/05_etl_weather_postgres.py for tasks to queue
[2026-08-30T13:20:16.987+0000] {logging_mixin.py:190} INFO - [2026-08-30T13:20:16.986+0000] {dagbag.py:588} INFO - Filling up the DagBag from /opt/airflow/dags/05_etl_weather_postgres.py
[2026-08-30T13:20:17.006+0000] {processor.py:925} INFO - DAG(s) 'etl_weather_postgres_dag' retrieved from /opt/airflow/dags/05_etl_weather_postgres.py
[2026-08-30T13:20:17.057+0000] {logging_mixin.py:190} INFO - [2026-08-30T13:20:17.057+0000] {dag.py:3239} INFO - Sync 1 DAGs
[2026-08-30T13:20:17.074+0000] {logging_mixin.py:190} INFO - [2026-08-30T13:20:17.074+0000] {dag.py:4180} INFO - Setting next_dagrun for etl_weather_postgres_dag to None, run_after=None
[2026-08-30T13:20:17.089+0000] {processor.py:208} INFO - Processing /opt/airflow/dags/05_etl_weather_postgres.py took 0.126 seconds
[2026-08-30T13:20:47.782+0000] {processor.py:186} INFO - Started process (PID=199) to work on /opt/airflow/dags/05_etl_weather_postgres.py
[2026-08-30T13:20:47.783+0000] {processor.py:914} INFO - Processing file /opt/airflow/dags/05_etl_weather_postgres.py for tasks to queue
[2026-08-30T13:20:47.787+0000] {logging_mixin.py:190} INFO - [2026-08-30T13:20:47.787+0000] {dagbag.py:588} INFO - Filling up the DagBag from /opt/airflow/dags/05_etl_weather_postgres.py
[2026-08-30T13:20:47.808+0000] {processor.py:925} INFO - DAG(s) 'etl_weather_postgres_dag' retrieved from /opt/airflow/dags/05_etl_weather_postgres.py
[2026-08-30T13:20:47.842+0000] {logging_mixin.py:190} INFO - [2026-08-30T13:20:47.842+0000] {dag.py:3239} INFO - Sync 1 DAGs
[2026-08-30T13:20:47.859+0000] {logging_mixin.py:190} INFO - [2026-08-30T13:20:47.859+0000] {dag.py:4180} INFO - Setting next_dagrun for etl_weather_postgres_dag to None, run_after=None
[2026-08-30T13:20:47.875+0000] {processor.py:208} INFO - Processing /opt/airflow/dags/05_etl_weather_postgres.py took 0.111 seconds
[2026-08-30T13:21:18.547+0000] {processor.py:186} INFO - Started process (PID=211) to work on /opt/airflow/dags/05_etl_weather_postgres.py
[2026-08-30T13:21:18.550+0000] {processor.py:914} INFO - Processing file /opt/airflow/dags/05_etl_weather_postgres.py for tasks to queue
[2026-08-30T13:21:18.555+0000] {logging_mixin.py:190} INFO - [2026-08-30T13:21:18.554+0000] {dagbag.py:588} INFO - Filling up the DagBag from /opt/airflow/dags/05_etl_weather_postgres.py
[2026-08-30T13:21:18.579+0000] {processor.py:925} INFO - DAG(s) 'etl_weather_postgres_dag' retrieved from /opt/airflow/dags/05_etl_weather_postgres.py
[2026-08-30T13:21:18.627+0000] {logging_mixin.py:190} INFO - [2026-08-30T13:21:18.627+0000] {dag.py:3239} INFO - Sync 1 DAGs
[2026-08-30T13:21:18.642+0000] {logging_mixin.py:190} INFO - [2026-08-30T13:21:18.641+0000] {dag.py:4180} INFO - Setting next_dagrun for etl_weather_postgres_dag to None, run_after=None
[2026-08-30T13:21:18.689+0000] {processor.py:208} INFO - Processing /opt/airflow/dags/05_etl_weather_postgres.py took 0.153 seconds
[2026-08-30T13:21:49.368+0000] {processor.py:186} INFO - Started process (PID=223) to work on /opt/airflow/dags/05_etl_weather_postgres.py
[2026-08-30T13:21:49.371+0000] {processor.py:914} INFO - Processing file /opt/airflow/dags/05_etl_weather_postgres.py for tasks to queue
[2026-08-30T13:21:49.379+0000] {logging_mixin.py:190} INFO - [2026-08-30T13:21:49.378+0000] {dagbag.py:588} INFO - Filling up the DagBag from /opt/airflow/dags/05_etl_weather_postgres.py
[2026-08-30T13:21:49.414+0000] {processor.py:925} INFO - DAG(s) 'etl_weather_postgres_dag' retrieved from /opt/airflow/dags/05_etl_weather_postgres.py
[2026-08-30T13:21:49.448+0000] {logging_mixin.py:190} INFO - [2026-08-30T13:21:49.448+0000] {dag.py:3239} INFO - Sync 1 DAGs
[2026-08-30T13:21:49.464+0000] {logging_mixin.py:190} INFO - [2026-08-30T13:21:49.464+0000] {dag.py:4180} INFO - Setting next_dagrun for etl_weather_postgres_dag to None, run_after=None
[2026-08-30T13:21:49.479+0000] {processor.py:208} INFO - Processing /opt/airflow/dags/05_etl_weather_postgres.py took 0.125 seconds
[2026-08-30T13:22:20.088+0000] {processor.py:186} INFO - Started process (PID=235) to work on /opt/airflow/dags/05_etl_weather_postgres.py
[2026-08-30T13:22:20.090+0000] {processor.py:914} INFO - Processing file /opt/airflow/dags/05_etl_weather_postgres.py for tasks to queue
[2026-08-30T13:22:20.094+0000] {logging_mixin.py:190} INFO - [2026-08-30T13:22:20.094+0000] {dagbag.py:588} INFO - Filling up the DagBag from /opt/airflow/dags/05_etl_weather_postgres.py
[2026-08-30T13:22:20.125+0000] {processor.py:925} INFO - DAG(s) 'etl_weather_postgres_dag' retrieved from /opt/airflow/dags/05_etl_weather_postgres.py
[2026-08-30T13:22:20.171+0000] {logging_mixin.py:190} INFO - [2026-08-30T13:22:20.171+0000] {dag.py:3239} INFO - Sync 1 DAGs
[2026-08-30T13:22:20.186+0000] {logging_mixin.py:190} INFO - [2026-08-30T13:22:20.186+0000] {dag.py:4180} INFO - Setting next_dagrun for etl_weather_postgres_dag to None, run_after=None
[2026-08-30T13:22:20.200+0000] {processor.py:208} INFO - Processing /opt/airflow/dags/05_etl_weather_postgres.py took 0.124 seconds
[2026-08-30T13:22:50.864+0000] {processor.py:186} INFO - Started process (PID=247) to work on /opt/airflow/dags/05_etl_weather_postgres.py
[2026-08-30T13:22:50.866+0000] {processor.py:914} INFO - Processing file /opt/airflow/dags/05_etl_weather_postgres.py for tasks to queue
[2026-08-30T13:22:50.869+0000] {logging_mixin.py:190} INFO - [2026-08-30T13:22:50.869+0000] {dagbag.py:588} INFO - Filling up the DagBag from /opt/airflow/dags/05_etl_weather_postgres.py
[2026-08-30T13:22:50.901+0000] {processor.py:925} INFO - DAG(s) 'etl_weather_postgres_dag' retrieved from /opt/airflow/dags/05_etl_weather_postgres.py
[2026-08-30T13:22:50.941+0000] {logging_mixin.py:190} INFO - [2026-08-30T13:22:50.941+0000] {dag.py:3239} INFO - Sync 1 DAGs
[2026-08-30T13:22:50.955+0000] {logging_mixin.py:190} INFO - [2026-08-30T13:22:50.955+0000] {dag.py:4180} INFO - Setting next_dagrun for etl_weather_postgres_dag to None, run_after=None
[2026-08-30T13:22:50.972+0000] {processor.py:208} INFO - Processing /opt/airflow/dags/05_etl_weather_postgres.py took 0.128 seconds
[2026-08-30T13:23:21.667+0000] {processor.py:186} INFO - Started process (PID=260) to work on /opt/airflow/dags/05_etl_weather_postgres.py
[2026-08-30T13:23:21.668+0000] {processor.py:914} INFO - Processing file /opt/airflow/dags/05_etl_weather_postgres.py for tasks to queue
[2026-08-30T13:23:21.671+0000] {logging_mixin.py:190} INFO - [2026-08-30T13:23:21.671+0000] {dagbag.py:588} INFO - Filling up the DagBag from /opt/airflow/dags/05_etl_weather_postgres.py
[2026-08-30T13:23:21.687+0000] {processor.py:925} INFO - DAG(s) 'etl_weather_postgres_dag' retrieved from /opt/airflow/dags/05_etl_weather_postgres.py
[2026-08-30T13:23:21.721+0000] {logging_mixin.py:190} INFO - [2026-08-30T13:23:21.721+0000] {dag.py:3239} INFO - Sync 1 DAGs
[2026-08-30T13:23:21.732+0000] {logging_mixin.py:190} INFO - [2026-08-30T13:23:21.732+0000] {dag.py:4180} INFO - Setting next_dagrun for etl_weather_postgres_dag to None, run_after=None
[2026-08-30T13:23:21.748+0000] {processor.py:208} INFO - Processing /opt/airflow/dags/05_etl_weather_postgres.py took 0.086 seconds
[2026-08-30T13:23:52.492+0000] {processor.py:186} INFO - Started process (PID=272) to work on /opt/airflow/dags/05_etl_weather_postgres.py
[2026-08-30T13:23:52.497+0000] {processor.py:914} INFO - Processing file /opt/airflow/dags/05_etl_weather_postgres.py for tasks to queue
[2026-08-30T13:23:52.502+0000] {logging_mixin.py:190} INFO - [2026-08-30T13:23:52.502+0000] {dagbag.py:588} INFO - Filling up the DagBag from /opt/airflow/dags/05_etl_weather_postgres.py
[2026-08-30T13:23:52.519+0000] {processor.py:925} INFO - DAG(s) 'etl_weather_postgres_dag' retrieved from /opt/airflow/dags/05_etl_weather_postgres.py
[2026-08-30T13:23:52.555+0000] {logging_mixin.py:190} INFO - [2026-08-30T13:23:52.555+0000] {dag.py:3239} INFO - Sync 1 DAGs
[2026-08-30T13:23:52.566+0000] {logging_mixin.py:190} INFO - [2026-08-30T13:23:52.565+0000] {dag.py:4180} INFO - Setting next_dagrun for etl_weather_postgres_dag to None, run_after=None
[2026-08-30T13:23:52.581+0000] {processor.py:208} INFO - Processing /opt/airflow/dags/05_etl_weather_postgres.py took 0.099 seconds
[2026-08-30T13:24:23.275+0000] {processor.py:186} INFO - Started process (PID=284) to work on /opt/airflow/dags/05_etl_weather_postgres.py
[2026-08-30T13:24:23.277+0000] {processor.py:914} INFO - Processing file /opt/airflow/dags/05_etl_weather_postgres.py for tasks to queue
[2026-08-30T13:24:23.286+0000] {logging_mixin.py:190} INFO - [2026-08-30T13:24:23.285+0000] {dagbag.py:588} INFO - Filling up the DagBag from /opt/airflow/dags/05_etl_weather_postgres.py
[2026-08-30T13:24:23.317+0000] {processor.py:925} INFO - DAG(s) 'etl_weather_postgres_dag' retrieved from /opt/airflow/dags/05_etl_weather_postgres.py
[2026-08-30T13:24:23.356+0000] {logging_mixin.py:190} INFO - [2026-08-30T13:24:23.356+0000] {dag.py:3239} INFO - Sync 1 DAGs
[2026-08-30T13:24:23.373+0000] {logging_mixin.py:190} INFO - [2026-08-30T13:24:23.373+0000] {dag.py:4180} INFO - Setting next_dagrun for etl_weather_postgres_dag to None, run_after=None
[2026-08-30T13:24:23.389+0000] {processor.py:208} INFO - Processing /opt/airflow/dags/05_etl_weather_postgres.py took 0.134 seconds
[2026-08-30T13:24:54.103+0000] {processor.py:186} INFO - Started process (PID=296) to work on /opt/airflow/dags/05_etl_weather_postgres.py
[2026-08-30T13:24:54.105+0000] {processor.py:914} INFO - Processing file /opt/airflow/dags/05_etl_weather_postgres.py for tasks to queue
[2026-08-30T13:24:54.114+0000] {logging_mixin.py:190} INFO - [2026-08-30T13:24:54.113+0000] {dagbag.py:588} INFO - Filling up the DagBag from /opt/airflow/dags/05_etl_weather_postgres.py
[2026-08-30T13:24:54.139+0000] {processor.py:925} INFO - DAG(s) 'etl_weather_postgres_dag' retrieved from /opt/airflow/dags/05_etl_weather_postgres.py
[2026-08-30T13:24:54.179+0000] {logging_mixin.py:190} INFO - [2026-08-30T13:24:54.179+0000] {dag.py:3239} INFO - Sync 1 DAGs
[2026-08-30T13:24:54.203+0000] {logging_mixin.py:190} INFO - [2026-08-30T13:24:54.202+0000] {dag.py:4180} INFO - Setting next_dagrun for etl_weather_postgres_dag to None, run_after=None
[2026-08-30T13:24:54.218+0000] {processor.py:208} INFO - Processing /opt/airflow/dags/05_etl_weather_postgres.py took 0.127 seconds
[2026-08-30T13:25:24.867+0000] {processor.py:186} INFO - Started process (PID=308) to work on /opt/airflow/dags/05_etl_weather_postgres.py
[2026-08-30T13:25:24.869+0000] {processor.py:914} INFO - Processing file /opt/airflow/dags/05_etl_weather_postgres.py for tasks to queue
[2026-08-30T13:25:24.877+0000] {logging_mixin.py:190} INFO - [2026-08-30T13:25:24.877+0000] {dagbag.py:588} INFO - Filling up the DagBag from /opt/airflow/dags/05_etl_weather_postgres.py
[2026-08-30T13:25:24.902+0000] {processor.py:925} INFO - DAG(s) 'etl_weather_postgres_dag' retrieved from /opt/airflow/dags/05_etl_weather_postgres.py
[2026-08-30T13:25:24.947+0000] {logging_mixin.py:190} INFO - [2026-08-30T13:25:24.946+0000] {dag.py:3239} INFO - Sync 1 DAGs
[2026-08-30T13:25:24.962+0000] {logging_mixin.py:190} INFO - [2026-08-30T13:25:24.962+0000] {dag.py:4180} INFO - Setting next_dagrun for etl_weather_postgres_dag to None, run_after=None
[2026-08-30T13:25:24.982+0000] {processor.py:208} INFO - Processing /opt/airflow/dags/05_etl_weather_postgres.py took 0.124 seconds
[2026-08-30T13:25:55.727+0000] {processor.py:186} INFO - Started process (PID=320) to work on /opt/airflow/dags/05_etl_weather_postgres.py
[2026-08-30T13:25:55.729+0000] {processor.py:914} INFO - Processing file /opt/airflow/dags/05_etl_weather_postgres.py for tasks to queue
[2026-08-30T13:25:55.732+0000] {logging_mixin.py:190} INFO - [2026-08-30T13:25:55.732+0000] {dagbag.py:588} INFO - Filling up the DagBag from /opt/airflow/dags/05_etl_weather_postgres.py
[2026-08-30T13:25:55.753+0000] {processor.py:925} INFO - DAG(s) 'etl_weather_postgres_dag' retrieved from /opt/airflow/dags/05_etl_weather_postgres.py
[2026-08-30T13:25:55.811+0000] {logging_mixin.py:190} INFO - [2026-08-30T13:25:55.811+0000] {dag.py:3239} INFO - Sync 1 DAGs
[2026-08-30T13:25:55.833+0000] {logging_mixin.py:190} INFO - [2026-08-30T13:25:55.833+0000] {dag.py:4180} INFO - Setting next_dagrun for etl_weather_postgres_dag to None, run_after=None
[2026-08-30T13:25:55.867+0000] {processor.py:208} INFO - Processing /opt/airflow/dags/05_etl_weather_postgres.py took 0.151 seconds
[2026-08-30T13:26:26.639+0000] {processor.py:186} INFO - Started process (PID=332) to work on /opt/airflow/dags/05_etl_weather_postgres.py
[2026-08-30T13:26:26.640+0000] {processor.py:914} INFO - Processing file /opt/airflow/dags/05_etl_weather_postgres.py for tasks to queue
[2026-08-30T13:26:26.648+0000] {logging_mixin.py:190} INFO - [2026-08-30T13:26:26.648+0000] {dagbag.py:588} INFO - Filling up the DagBag from /opt/airflow/dags/05_etl_weather_postgres.py
[2026-08-30T13:26:26.671+0000] {processor.py:925} INFO - DAG(s) 'etl_weather_postgres_dag' retrieved from /opt/airflow/dags/05_etl_weather_postgres.py
[2026-08-30T13:26:26.718+0000] {logging_mixin.py:190} INFO - [2026-08-30T13:26:26.718+0000] {dag.py:3239} INFO - Sync 1 DAGs
[2026-08-30T13:26:26.743+0000] {logging_mixin.py:190} INFO - [2026-08-30T13:26:26.743+0000] {dag.py:4180} INFO - Setting next_dagrun for etl_weather_postgres_dag to None, run_after=None
[2026-08-30T13:26:26.758+0000] {processor.py:208} INFO - Processing /opt/airflow/dags/05_etl_weather_postgres.py took 0.132 seconds
[2026-08-30T13:26:57.558+0000] {processor.py:186} INFO - Started process (PID=344) to work on /opt/airflow/dags/05_etl_weather_postgres.py
[2026-08-30T13:26:57.561+0000] {processor.py:914} INFO - Processing file /opt/airflow/dags/05_etl_weather_postgres.py for tasks to queue
[2026-08-30T13:26:57.564+0000] {logging_mixin.py:190} INFO - [2026-08-30T13:26:57.564+0000] {dagbag.py:588} INFO - Filling up the DagBag from /opt/airflow/dags/05_etl_weather_postgres.py
[2026-08-30T13:26:57.587+0000] {processor.py:925} INFO - DAG(s) 'etl_weather_postgres_dag' retrieved from /opt/airflow/dags/05_etl_weather_postgres.py
[2026-08-30T13:26:57.629+0000] {logging_mixin.py:190} INFO - [2026-08-30T13:26:57.628+0000] {dag.py:3239} INFO - Sync 1 DAGs
[2026-08-30T13:26:57.646+0000] {logging_mixin.py:190} INFO - [2026-08-30T13:26:57.646+0000] {dag.py:4180} INFO - Setting next_dagrun for etl_weather_postgres_dag to None, run_after=None
[2026-08-30T13:26:57.664+0000] {processor.py:208} INFO - Processing /opt/airflow/dags/05_etl_weather_postgres.py took 0.118 seconds
[2026-08-30T13:27:28.509+0000] {processor.py:186} INFO - Started process (PID=356) to work on /opt/airflow/dags/05_etl_weather_postgres.py
[2026-08-30T13:27:28.511+0000] {processor.py:914} INFO - Processing file /opt/airflow/dags/05_etl_weather_postgres.py for tasks to queue
[2026-08-30T13:27:28.514+0000] {logging_mixin.py:190} INFO - [2026-08-30T13:27:28.513+0000] {dagbag.py:588} INFO - Filling up the DagBag from /opt/airflow/dags/05_etl_weather_postgres.py
[2026-08-30T13:27:28.541+0000] {processor.py:925} INFO - DAG(s) 'etl_weather_postgres_dag' retrieved from /opt/airflow/dags/05_etl_weather_postgres.py
[2026-08-30T13:27:28.599+0000] {logging_mixin.py:190} INFO - [2026-08-30T13:27:28.599+0000] {dag.py:3239} INFO - Sync 1 DAGs
[2026-08-30T13:27:28.616+0000] {logging_mixin.py:190} INFO - [2026-08-30T13:27:28.616+0000] {dag.py:4180} INFO - Setting next_dagrun for etl_weather_postgres_dag to None, run_after=None
[2026-08-30T13:27:28.636+0000] {processor.py:208} INFO - Processing /opt/airflow/dags/05_etl_weather_postgres.py took 0.143 seconds
[2026-08-30T13:27:59.290+0000] {processor.py:186} INFO - Started process (PID=368) to work on /opt/airflow/dags/05_etl_weather_postgres.py
[2026-08-30T13:27:59.291+0000] {processor.py:914} INFO - Processing file /opt/airflow/dags/05_etl_weather_postgres.py for tasks to queue
[2026-08-30T13:27:59.293+0000] {logging_mixin.py:190} INFO - [2026-08-30T13:27:59.293+0000] {dagbag.py:588} INFO - Filling up the DagBag from /opt/airflow/dags/05_etl_weather_postgres.py
[2026-08-30T13:27:59.310+0000] {processor.py:925} INFO - DAG(s) 'etl_weather_postgres_dag' retrieved from /opt/airflow/dags/05_etl_weather_postgres.py
[2026-08-30T13:27:59.347+0000] {logging_mixin.py:190} INFO - [2026-08-30T13:27:59.347+0000] {dag.py:3239} INFO - Sync 1 DAGs
[2026-08-30T13:27:59.365+0000] {logging_mixin.py:190} INFO - [2026-08-30T13:27:59.365+0000] {dag.py:4180} INFO - Setting next_dagrun for etl_weather_postgres_dag to None, run_after=None
[2026-08-30T13:27:59.378+0000] {processor.py:208} INFO - Processing /opt/airflow/dags/05_etl_weather_postgres.py took 0.098 seconds
[2026-08-30T13:28:30.100+0000] {processor.py:186} INFO - Started process (PID=380) to work on /opt/airflow/dags/05_etl_weather_postgres.py
[2026-08-30T13:28:30.103+0000] {processor.py:914} INFO - Processing file /opt/airflow/dags/05_etl_weather_postgres.py for tasks to queue
[2026-08-30T13:28:30.107+0000] {logging_mixin.py:190} INFO - [2026-08-30T13:28:30.107+0000] {dagbag.py:588} INFO - Filling up the DagBag from /opt/airflow/dags/05_etl_weather_postgres.py
[2026-08-30T13:28:30.123+0000] {processor.py:925} INFO - DAG(s) 'etl_weather_postgres_dag' retrieved from /opt/airflow/dags/05_etl_weather_postgres.py
[2026-08-30T13:28:30.167+0000] {logging_mixin.py:190} INFO - [2026-08-30T13:28:30.166+0000] {dag.py:3239} INFO - Sync 1 DAGs
[2026-08-30T13:28:30.178+0000] {logging_mixin.py:190} INFO - [2026-08-30T13:28:30.177+0000] {dag.py:4180} INFO - Setting next_dagrun for etl_weather_postgres_dag to None, run_after=None
[2026-08-30T13:28:30.196+0000] {processor.py:208} INFO - Processing /opt/airflow/dags/05_etl_weather_postgres.py took 0.103 seconds
[2026-08-30T13:29:00.879+0000] {processor.py:186} INFO - Started process (PID=392) to work on /opt/airflow/dags/05_etl_weather_postgres.py
[2026-08-30T13:29:00.881+0000] {processor.py:914} INFO - Processing file /opt/airflow/dags/05_etl_weather_postgres.py for tasks to queue
[2026-08-30T13:29:00.887+0000] {logging_mixin.py:190} INFO - [2026-08-30T13:29:00.886+0000] {dagbag.py:588} INFO - Filling up the DagBag from /opt/airflow/dags/05_etl_weather_postgres.py
[2026-08-30T13:29:00.902+0000] {processor.py:925} INFO - DAG(s) 'etl_weather_postgres_dag' retrieved from /opt/airflow/dags/05_etl_weather_postgres.py
[2026-08-30T13:29:00.932+0000] {logging_mixin.py:190} INFO - [2026-08-30T13:29:00.932+0000] {dag.py:3239} INFO - Sync 1 DAGs
[2026-08-30T13:29:00.945+0000] {logging_mixin.py:190} INFO - [2026-08-30T13:29:00.944+0000] {dag.py:4180} INFO - Setting next_dagrun for etl_weather_postgres_dag to None, run_after=None
[2026-08-30T13:29:00.957+0000] {processor.py:208} INFO - Processing /opt/airflow/dags/05_etl_weather_postgres.py took 0.086 seconds
[2026-08-30T13:29:31.669+0000] {processor.py:186} INFO - Started process (PID=404) to work on /opt/airflow/dags/05_etl_weather_postgres.py
[2026-08-30T13:29:31.674+0000] {processor.py:914} INFO - Processing file /opt/airflow/dags/05_etl_weather_postgres.py for tasks to queue
[2026-08-30T13:29:31.677+0000] {logging_mixin.py:190} INFO - [2026-08-30T13:29:31.677+0000] {dagbag.py:588} INFO - Filling up the DagBag from /opt/airflow/dags/05_etl_weather_postgres.py
[2026-08-30T13:29:31.695+0000] {processor.py:925} INFO - DAG(s) 'etl_weather_postgres_dag' retrieved from /opt/airflow/dags/05_etl_weather_postgres.py
[2026-08-30T13:29:31.723+0000] {logging_mixin.py:190} INFO - [2026-08-30T13:29:31.723+0000] {dag.py:3239} INFO - Sync 1 DAGs
[2026-08-30T13:29:31.737+0000] {logging_mixin.py:190} INFO - [2026-08-30T13:29:31.736+0000] {dag.py:4180} INFO - Setting next_dagrun for etl_weather_postgres_dag to None, run_after=None
[2026-08-30T13:29:31.750+0000] {processor.py:208} INFO - Processing /opt/airflow/dags/05_etl_weather_postgres.py took 0.089 seconds
[2026-08-30T13:30:02.440+0000] {processor.py:186} INFO - Started process (PID=416) to work on /opt/airflow/dags/05_etl_weather_postgres.py
[2026-08-30T13:30:02.441+0000] {processor.py:914} INFO - Processing file /opt/airflow/dags/05_etl_weather_postgres.py for tasks to queue
[2026-08-30T13:30:02.445+0000] {logging_mixin.py:190} INFO - [2026-08-30T13:30:02.445+0000] {dagbag.py:588} INFO - Filling up the DagBag from /opt/airflow/dags/05_etl_weather_postgres.py
[2026-08-30T13:30:02.469+0000] {processor.py:925} INFO - DAG(s) 'etl_weather_postgres_dag' retrieved from /opt/airflow/dags/05_etl_weather_postgres.py
[2026-08-30T13:30:02.497+0000] {logging_mixin.py:190} INFO - [2026-08-30T13:30:02.497+0000] {dag.py:3239} INFO - Sync 1 DAGs
[2026-08-30T13:30:02.513+0000] {logging_mixin.py:190} INFO - [2026-08-30T13:30:02.513+0000] {dag.py:4180} INFO - Setting next_dagrun for etl_weather_postgres_dag to None, run_after=None
[2026-08-30T13:30:02.528+0000] {processor.py:208} INFO - Processing /opt/airflow/dags/05_etl_weather_postgres.py took 0.095 seconds
[2026-08-30T13:30:33.193+0000] {processor.py:186} INFO - Started process (PID=428) to work on /opt/airflow/dags/05_etl_weather_postgres.py
[2026-08-30T13:30:33.194+0000] {processor.py:914} INFO - Processing file /opt/airflow/dags/05_etl_weather_postgres.py for tasks to queue
[2026-08-30T13:30:33.197+0000] {logging_mixin.py:190} INFO - [2026-08-30T13:30:33.197+0000] {dagbag.py:588} INFO - Filling up the DagBag from /opt/airflow/dags/05_etl_weather_postgres.py
[2026-08-30T13:30:33.216+0000] {processor.py:925} INFO - DAG(s) 'etl_weather_postgres_dag' retrieved from /opt/airflow/dags/05_etl_weather_postgres.py
[2026-08-30T13:30:33.248+0000] {logging_mixin.py:190} INFO - [2026-08-30T13:30:33.247+0000] {dag.py:3239} INFO - Sync 1 DAGs
[2026-08-30T13:30:33.258+0000] {logging_mixin.py:190} INFO - [2026-08-30T13:30:33.258+0000] {dag.py:4180} INFO - Setting next_dagrun for etl_weather_postgres_dag to None, run_after=None
[2026-08-30T13:30:33.272+0000] {processor.py:208} INFO - Processing /opt/airflow/dags/05_etl_weather_postgres.py took 0.088 seconds
[2026-08-30T13:31:03.981+0000] {processor.py:186} INFO - Started process (PID=440) to work on /opt/airflow/dags/05_etl_weather_postgres.py
[2026-08-30T13:31:03.982+0000] {processor.py:914} INFO - Processing file /opt/airflow/dags/05_etl_weather_postgres.py for tasks to queue
[2026-08-30T13:31:03.987+0000] {logging_mixin.py:190} INFO - [2026-08-30T13:31:03.986+0000] {dagbag.py:588} INFO - Filling up the DagBag from /opt/airflow/dags/05_etl_weather_postgres.py
[2026-08-30T13:31:04.032+0000] {processor.py:925} INFO - DAG(s) 'etl_weather_postgres_dag' retrieved from /opt/airflow/dags/05_etl_weather_postgres.py
[2026-08-30T13:31:04.076+0000] {logging_mixin.py:190} INFO - [2026-08-30T13:31:04.076+0000] {dag.py:3239} INFO - Sync 1 DAGs
[2026-08-30T13:31:04.094+0000] {logging_mixin.py:190} INFO - [2026-08-30T13:31:04.093+0000] {dag.py:4180} INFO - Setting next_dagrun for etl_weather_postgres_dag to None, run_after=None
[2026-08-30T13:31:04.121+0000] {processor.py:208} INFO - Processing /opt/airflow/dags/05_etl_weather_postgres.py took 0.147 seconds
[2026-08-30T13:31:34.882+0000] {processor.py:186} INFO - Started process (PID=452) to work on /opt/airflow/dags/05_etl_weather_postgres.py
[2026-08-30T13:31:34.887+0000] {processor.py:914} INFO - Processing file /opt/airflow/dags/05_etl_weather_postgres.py for tasks to queue
[2026-08-30T13:31:34.891+0000] {logging_mixin.py:190} INFO - [2026-08-30T13:31:34.891+0000] {dagbag.py:588} INFO - Filling up the DagBag from /opt/airflow/dags/05_etl_weather_postgres.py
[2026-08-30T13:31:34.922+0000] {processor.py:925} INFO - DAG(s) 'etl_weather_postgres_dag' retrieved from /opt/airflow/dags/05_etl_weather_postgres.py
[2026-08-30T13:31:34.964+0000] {logging_mixin.py:190} INFO - [2026-08-30T13:31:34.964+0000] {dag.py:3239} INFO - Sync 1 DAGs
[2026-08-30T13:31:34.981+0000] {logging_mixin.py:190} INFO - [2026-08-30T13:31:34.981+0000] {dag.py:4180} INFO - Setting next_dagrun for etl_weather_postgres_dag to None, run_after=None
[2026-08-30T13:31:34.999+0000] {processor.py:208} INFO - Processing /opt/airflow/dags/05_etl_weather_postgres.py took 0.131 seconds
[2026-08-30T13:32:05.745+0000] {processor.py:186} INFO - Started process (PID=464) to work on /opt/airflow/dags/05_etl_weather_postgres.py
[2026-08-30T13:32:05.747+0000] {processor.py:914} INFO - Processing file /opt/airflow/dags/05_etl_weather_postgres.py for tasks to queue
[2026-08-30T13:32:05.753+0000] {logging_mixin.py:190} INFO - [2026-08-30T13:32:05.753+0000] {dagbag.py:588} INFO - Filling up the DagBag from /opt/airflow/dags/05_etl_weather_postgres.py
[2026-08-30T13:32:05.779+0000] {processor.py:925} INFO - DAG(s) 'etl_weather_postgres_dag' retrieved from /opt/airflow/dags/05_etl_weather_postgres.py
[2026-08-30T13:32:05.824+0000] {logging_mixin.py:190} INFO - [2026-08-30T13:32:05.824+0000] {dag.py:3239} INFO - Sync 1 DAGs
[2026-08-30T13:32:05.874+0000] {logging_mixin.py:190} INFO - [2026-08-30T13:32:05.874+0000] {dag.py:4180} INFO - Setting next_dagrun for etl_weather_postgres_dag to None, run_after=None
[2026-08-30T13:32:05.892+0000] {processor.py:208} INFO - Processing /opt/airflow/dags/05_etl_weather_postgres.py took 0.159 seconds
[2026-08-30T13:32:36.615+0000] {processor.py:186} INFO - Started process (PID=476) to work on /opt/airflow/dags/05_etl_weather_postgres.py
[2026-08-30T13:32:36.617+0000] {processor.py:914} INFO - Processing file /opt/airflow/dags/05_etl_weather_postgres.py for tasks to queue
[2026-08-30T13:32:36.620+0000] {logging_mixin.py:190} INFO - [2026-08-30T13:32:36.620+0000] {dagbag.py:588} INFO - Filling up the DagBag from /opt/airflow/dags/05_etl_weather_postgres.py
[2026-08-30T13:32:36.646+0000] {processor.py:925} INFO - DAG(s) 'etl_weather_postgres_dag' retrieved from /opt/airflow/dags/05_etl_weather_postgres.py
[2026-08-30T13:32:36.690+0000] {logging_mixin.py:190} INFO - [2026-08-30T13:32:36.689+0000] {dag.py:3239} INFO - Sync 1 DAGs
[2026-08-30T13:32:36.705+0000] {logging_mixin.py:190} INFO - [2026-08-30T13:32:36.705+0000] {dag.py:4180} INFO - Setting next_dagrun for etl_weather_postgres_dag to None, run_after=None
[2026-08-30T13:32:36.720+0000] {processor.py:208} INFO - Processing /opt/airflow/dags/05_etl_weather_postgres.py took 0.119 seconds
[2026-08-30T13:33:07.356+0000] {processor.py:186} INFO - Started process (PID=488) to work on /opt/airflow/dags/05_etl_weather_postgres.py
[2026-08-30T13:33:07.358+0000] {processor.py:914} INFO - Processing file /opt/airflow/dags/05_etl_weather_postgres.py for tasks to queue
[2026-08-30T13:33:07.364+0000] {logging_mixin.py:190} INFO - [2026-08-30T13:33:07.364+0000] {dagbag.py:588} INFO - Filling up the DagBag from /opt/airflow/dags/05_etl_weather_postgres.py
[2026-08-30T13:33:07.386+0000] {processor.py:925} INFO - DAG(s) 'etl_weather_postgres_dag' retrieved from /opt/airflow/dags/05_etl_weather_postgres.py
[2026-08-30T13:33:07.420+0000] {logging_mixin.py:190} INFO - [2026-08-30T13:33:07.420+0000] {dag.py:3239} INFO - Sync 1 DAGs
[2026-08-30T13:33:07.432+0000] {logging_mixin.py:190} INFO - [2026-08-30T13:33:07.432+0000] {dag.py:4180} INFO - Setting next_dagrun for etl_weather_postgres_dag to None, run_after=None
[2026-08-30T13:33:07.447+0000] {processor.py:208} INFO - Processing /opt/airflow/dags/05_etl_weather_postgres.py took 0.102 seconds
[2026-08-30T13:33:38.197+0000] {processor.py:186} INFO - Started process (PID=501) to work on /opt/airflow/dags/05_etl_weather_postgres.py
[2026-08-30T13:33:38.199+0000] {processor.py:914} INFO - Processing file /opt/airflow/dags/05_etl_weather_postgres.py for tasks to queue
[2026-08-30T13:33:38.203+0000] {logging_mixin.py:190} INFO - [2026-08-30T13:33:38.203+0000] {dagbag.py:588} INFO - Filling up the DagBag from /opt/airflow/dags/05_etl_weather_postgres.py
[2026-08-30T13:33:38.231+0000] {processor.py:925} INFO - DAG(s) 'etl_weather_postgres_dag' retrieved from /opt/airflow/dags/05_etl_weather_postgres.py
[2026-08-30T13:33:38.273+0000] {logging_mixin.py:190} INFO - [2026-08-30T13:33:38.273+0000] {dag.py:3239} INFO - Sync 1 DAGs
[2026-08-30T13:33:38.289+0000] {logging_mixin.py:190} INFO - [2026-08-30T13:33:38.288+0000] {dag.py:4180} INFO - Setting next_dagrun for etl_weather_postgres_dag to None, run_after=None
[2026-08-30T13:33:38.306+0000] {processor.py:208} INFO - Processing /opt/airflow/dags/05_etl_weather_postgres.py took 0.119 seconds
[2026-08-30T13:34:09.023+0000] {processor.py:186} INFO - Started process (PID=513) to work on /opt/airflow/dags/05_etl_weather_postgres.py
[2026-08-30T13:34:09.027+0000] {processor.py:914} INFO - Processing file /opt/airflow/dags/05_etl_weather_postgres.py for tasks to queue
[2026-08-30T13:34:09.031+0000] {logging_mixin.py:190} INFO - [2026-08-30T13:34:09.030+0000] {dagbag.py:588} INFO - Filling up the DagBag from /opt/airflow/dags/05_etl_weather_postgres.py
[2026-08-30T13:34:09.057+0000] {processor.py:925} INFO - DAG(s) 'etl_weather_postgres_dag' retrieved from /opt/airflow/dags/05_etl_weather_postgres.py
[2026-08-30T13:34:09.105+0000] {logging_mixin.py:190} INFO - [2026-08-30T13:34:09.105+0000] {dag.py:3239} INFO - Sync 1 DAGs
[2026-08-30T13:34:09.119+0000] {logging_mixin.py:190} INFO - [2026-08-30T13:34:09.119+0000] {dag.py:4180} INFO - Setting next_dagrun for etl_weather_postgres_dag to None, run_after=None
[2026-08-30T13:34:09.136+0000] {processor.py:208} INFO - Processing /opt/airflow/dags/05_etl_weather_postgres.py took 0.123 seconds
[2026-08-30T13:34:39.958+0000] {processor.py:186} INFO - Started process (PID=525) to work on /opt/airflow/dags/05_etl_weather_postgres.py
[2026-08-30T13:34:39.961+0000] {processor.py:914} INFO - Processing file /opt/airflow/dags/05_etl_weather_postgres.py for tasks to queue
[2026-08-30T13:34:39.965+0000] {logging_mixin.py:190} INFO - [2026-08-30T13:34:39.965+0000] {dagbag.py:588} INFO - Filling up the DagBag from /opt/airflow/dags/05_etl_weather_postgres.py
[2026-08-30T13:34:39.990+0000] {processor.py:925} INFO - DAG(s) 'etl_weather_postgres_dag' retrieved from /opt/airflow/dags/05_etl_weather_postgres.py
[2026-08-30T13:34:40.022+0000] {logging_mixin.py:190} INFO - [2026-08-30T13:34:40.022+0000] {dag.py:3239} INFO - Sync 1 DAGs
[2026-08-30T13:34:40.036+0000] {logging_mixin.py:190} INFO - [2026-08-30T13:34:40.036+0000] {dag.py:4180} INFO - Setting next_dagrun for etl_weather_postgres_dag to None, run_after=None
[2026-08-30T13:34:40.057+0000] {processor.py:208} INFO - Processing /opt/airflow/dags/05_etl_weather_postgres.py took 0.108 seconds
[2026-08-30T13:35:10.750+0000] {processor.py:186} INFO - Started process (PID=537) to work on /opt/airflow/dags/05_etl_weather_postgres.py
[2026-08-30T13:35:10.752+0000] {processor.py:914} INFO - Processing file /opt/airflow/dags/05_etl_weather_postgres.py for tasks to queue
[2026-08-30T13:35:10.757+0000] {logging_mixin.py:190} INFO - [2026-08-30T13:35:10.756+0000] {dagbag.py:588} INFO - Filling up the DagBag from /opt/airflow/dags/05_etl_weather_postgres.py
[2026-08-30T13:35:10.782+0000] {processor.py:925} INFO - DAG(s) 'etl_weather_postgres_dag' retrieved from /opt/airflow/dags/05_etl_weather_postgres.py
[2026-08-30T13:35:10.828+0000] {logging_mixin.py:190} INFO - [2026-08-30T13:35:10.828+0000] {dag.py:3239} INFO - Sync 1 DAGs
[2026-08-30T13:35:10.843+0000] {logging_mixin.py:190} INFO - [2026-08-30T13:35:10.843+0000] {dag.py:4180} INFO - Setting next_dagrun for etl_weather_postgres_dag to None, run_after=None
[2026-08-30T13:35:10.858+0000] {processor.py:208} INFO - Processing /opt/airflow/dags/05_etl_weather_postgres.py took 0.114 seconds
[2026-08-30T13:35:41.556+0000] {processor.py:186} INFO - Started process (PID=549) to work on /opt/airflow/dags/05_etl_weather_postgres.py
[2026-08-30T13:35:41.559+0000] {processor.py:914} INFO - Processing file /opt/airflow/dags/05_etl_weather_postgres.py for tasks to queue
[2026-08-30T13:35:41.567+0000] {logging_mixin.py:190} INFO - [2026-08-30T13:35:41.566+0000] {dagbag.py:588} INFO - Filling up the DagBag from /opt/airflow/dags/05_etl_weather_postgres.py
[2026-08-30T13:35:41.594+0000] {processor.py:925} INFO - DAG(s) 'etl_weather_postgres_dag' retrieved from /opt/airflow/dags/05_etl_weather_postgres.py
[2026-08-30T13:35:41.633+0000] {logging_mixin.py:190} INFO - [2026-08-30T13:35:41.633+0000] {dag.py:3239} INFO - Sync 1 DAGs
[2026-08-30T13:35:41.651+0000] {logging_mixin.py:190} INFO - [2026-08-30T13:35:41.651+0000] {dag.py:4180} INFO - Setting next_dagrun for etl_weather_postgres_dag to None, run_after=None
[2026-08-30T13:35:41.668+0000] {processor.py:208} INFO - Processing /opt/airflow/dags/05_etl_weather_postgres.py took 0.125 seconds
[2026-08-30T13:36:12.341+0000] {processor.py:186} INFO - Started process (PID=561) to work on /opt/airflow/dags/05_etl_weather_postgres.py
[2026-08-30T13:36:12.346+0000] {processor.py:914} INFO - Processing file /opt/airflow/dags/05_etl_weather_postgres.py for tasks to queue
[2026-08-30T13:36:12.351+0000] {logging_mixin.py:190} INFO - [2026-08-30T13:36:12.351+0000] {dagbag.py:588} INFO - Filling up the DagBag from /opt/airflow/dags/05_etl_weather_postgres.py
[2026-08-30T13:36:12.375+0000] {processor.py:925} INFO - DAG(s) 'etl_weather_postgres_dag' retrieved from /opt/airflow/dags/05_etl_weather_postgres.py
[2026-08-30T13:36:12.426+0000] {logging_mixin.py:190} INFO - [2026-08-30T13:36:12.426+0000] {dag.py:3239} INFO - Sync 1 DAGs
[2026-08-30T13:36:12.440+0000] {logging_mixin.py:190} INFO - [2026-08-30T13:36:12.440+0000] {dag.py:4180} INFO - Setting next_dagrun for etl_weather_postgres_dag to None, run_after=None
[2026-08-30T13:36:12.460+0000] {processor.py:208} INFO - Processing /opt/airflow/dags/05_etl_weather_postgres.py took 0.127 seconds
[2026-08-30T13:36:43.290+0000] {processor.py:186} INFO - Started process (PID=573) to work on /opt/airflow/dags/05_etl_weather_postgres.py
[2026-08-30T13:36:43.291+0000] {processor.py:914} INFO - Processing file /opt/airflow/dags/05_etl_weather_postgres.py for tasks to queue
[2026-08-30T13:36:43.295+0000] {logging_mixin.py:190} INFO - [2026-08-30T13:36:43.295+0000] {dagbag.py:588} INFO - Filling up the DagBag from /opt/airflow/dags/05_etl_weather_postgres.py
[2026-08-30T13:36:43.322+0000] {processor.py:925} INFO - DAG(s) 'etl_weather_postgres_dag' retrieved from /opt/airflow/dags/05_etl_weather_postgres.py
[2026-08-30T13:36:43.372+0000] {logging_mixin.py:190} INFO - [2026-08-30T13:36:43.371+0000] {dag.py:3239} INFO - Sync 1 DAGs
[2026-08-30T13:36:43.384+0000] {logging_mixin.py:190} INFO - [2026-08-30T13:36:43.384+0000] {dag.py:4180} INFO - Setting next_dagrun for etl_weather_postgres_dag to None, run_after=None
[2026-08-30T13:36:43.401+0000] {processor.py:208} INFO - Processing /opt/airflow/dags/05_etl_weather_postgres.py took 0.118 seconds
[2026-08-30T13:37:14.112+0000] {processor.py:186} INFO - Started process (PID=590) to work on /opt/airflow/dags/05_etl_weather_postgres.py
[2026-08-30T13:37:14.118+0000] {processor.py:914} INFO - Processing file /opt/airflow/dags/05_etl_weather_postgres.py for tasks to queue
[2026-08-30T13:37:14.121+0000] {logging_mixin.py:190} INFO - [2026-08-30T13:37:14.120+0000] {dagbag.py:588} INFO - Filling up the DagBag from /opt/airflow/dags/05_etl_weather_postgres.py
[2026-08-30T13:37:14.143+0000] {processor.py:925} INFO - DAG(s) 'etl_weather_postgres_dag' retrieved from /opt/airflow/dags/05_etl_weather_postgres.py
[2026-08-30T13:37:14.185+0000] {logging_mixin.py:190} INFO - [2026-08-30T13:37:14.185+0000] {dag.py:3239} INFO - Sync 1 DAGs
[2026-08-30T13:37:14.204+0000] {logging_mixin.py:190} INFO - [2026-08-30T13:37:14.204+0000] {dag.py:4180} INFO - Setting next_dagrun for etl_weather_postgres_dag to None, run_after=None
[2026-08-30T13:37:14.220+0000] {processor.py:208} INFO - Processing /opt/airflow/dags/05_etl_weather_postgres.py took 0.119 seconds
[2026-08-30T13:37:44.945+0000] {processor.py:186} INFO - Started process (PID=602) to work on /opt/airflow/dags/05_etl_weather_postgres.py
[2026-08-30T13:37:44.947+0000] {processor.py:914} INFO - Processing file /opt/airflow/dags/05_etl_weather_postgres.py for tasks to queue
[2026-08-30T13:37:44.956+0000] {logging_mixin.py:190} INFO - [2026-08-30T13:37:44.956+0000] {dagbag.py:588} INFO - Filling up the DagBag from /opt/airflow/dags/05_etl_weather_postgres.py
[2026-08-30T13:37:44.983+0000] {processor.py:925} INFO - DAG(s) 'etl_weather_postgres_dag' retrieved from /opt/airflow/dags/05_etl_weather_postgres.py
[2026-08-30T13:37:45.028+0000] {logging_mixin.py:190} INFO - [2026-08-30T13:37:45.028+0000] {dag.py:3239} INFO - Sync 1 DAGs
[2026-08-30T13:37:45.043+0000] {logging_mixin.py:190} INFO - [2026-08-30T13:37:45.043+0000] {dag.py:4180} INFO - Setting next_dagrun for etl_weather_postgres_dag to None, run_after=None
[2026-08-30T13:37:45.062+0000] {processor.py:208} INFO - Processing /opt/airflow/dags/05_etl_weather_postgres.py took 0.126 seconds
[2026-08-30T13:38:15.773+0000] {processor.py:186} INFO - Started process (PID=614) to work on /opt/airflow/dags/05_etl_weather_postgres.py
[2026-08-30T13:38:15.778+0000] {processor.py:914} INFO - Processing file /opt/airflow/dags/05_etl_weather_postgres.py for tasks to queue
[2026-08-30T13:38:15.782+0000] {logging_mixin.py:190} INFO - [2026-08-30T13:38:15.782+0000] {dagbag.py:588} INFO - Filling up the DagBag from /opt/airflow/dags/05_etl_weather_postgres.py
[2026-08-30T13:38:15.811+0000] {processor.py:925} INFO - DAG(s) 'etl_weather_postgres_dag' retrieved from /opt/airflow/dags/05_etl_weather_postgres.py
[2026-08-30T13:38:15.856+0000] {logging_mixin.py:190} INFO - [2026-08-30T13:38:15.856+0000] {dag.py:3239} INFO - Sync 1 DAGs
[2026-08-30T13:38:15.873+0000] {logging_mixin.py:190} INFO - [2026-08-30T13:38:15.873+0000] {dag.py:4180} INFO - Setting next_dagrun for etl_weather_postgres_dag to None, run_after=None
[2026-08-30T13:38:15.897+0000] {processor.py:208} INFO - Processing /opt/airflow/dags/05_etl_weather_postgres.py took 0.131 seconds
[2026-08-30T13:38:46.699+0000] {processor.py:186} INFO - Started process (PID=626) to work on /opt/airflow/dags/05_etl_weather_postgres.py
[2026-08-30T13:38:46.700+0000] {processor.py:914} INFO - Processing file /opt/airflow/dags/05_etl_weather_postgres.py for tasks to queue
[2026-08-30T13:38:46.707+0000] {logging_mixin.py:190} INFO - [2026-08-30T13:38:46.706+0000] {dagbag.py:588} INFO - Filling up the DagBag from /opt/airflow/dags/05_etl_weather_postgres.py
[2026-08-30T13:38:46.726+0000] {processor.py:925} INFO - DAG(s) 'etl_weather_postgres_dag' retrieved from /opt/airflow/dags/05_etl_weather_postgres.py
[2026-08-30T13:38:46.771+0000] {logging_mixin.py:190} INFO - [2026-08-30T13:38:46.771+0000] {dag.py:3239} INFO - Sync 1 DAGs
[2026-08-30T13:38:46.785+0000] {logging_mixin.py:190} INFO - [2026-08-30T13:38:46.784+0000] {dag.py:4180} INFO - Setting next_dagrun for etl_weather_postgres_dag to None, run_after=None
[2026-08-30T13:38:46.802+0000] {processor.py:208} INFO - Processing /opt/airflow/dags/05_etl_weather_postgres.py took 0.116 seconds
[2026-08-30T13:39:17.458+0000] {processor.py:186} INFO - Started process (PID=638) to work on /opt/airflow/dags/05_etl_weather_postgres.py
[2026-08-30T13:39:17.459+0000] {processor.py:914} INFO - Processing file /opt/airflow/dags/05_etl_weather_postgres.py for tasks to queue
[2026-08-30T13:39:17.465+0000] {logging_mixin.py:190} INFO - [2026-08-30T13:39:17.465+0000] {dagbag.py:588} INFO - Filling up the DagBag from /opt/airflow/dags/05_etl_weather_postgres.py
[2026-08-30T13:39:17.494+0000] {processor.py:925} INFO - DAG(s) 'etl_weather_postgres_dag' retrieved from /opt/airflow/dags/05_etl_weather_postgres.py
[2026-08-30T13:39:17.540+0000] {logging_mixin.py:190} INFO - [2026-08-30T13:39:17.540+0000] {dag.py:3239} INFO - Sync 1 DAGs
[2026-08-30T13:39:17.557+0000] {logging_mixin.py:190} INFO - [2026-08-30T13:39:17.557+0000] {dag.py:4180} INFO - Setting next_dagrun for etl_weather_postgres_dag to None, run_after=None
[2026-08-30T13:39:17.572+0000] {processor.py:208} INFO - Processing /opt/airflow/dags/05_etl_weather_postgres.py took 0.123 seconds
[2026-08-30T13:39:48.233+0000] {processor.py:186} INFO - Started process (PID=650) to work on /opt/airflow/dags/05_etl_weather_postgres.py
[2026-08-30T13:39:48.235+0000] {processor.py:914} INFO - Processing file /opt/airflow/dags/05_etl_weather_postgres.py for tasks to queue
[2026-08-30T13:39:48.239+0000] {logging_mixin.py:190} INFO - [2026-08-30T13:39:48.239+0000] {dagbag.py:588} INFO - Filling up the DagBag from /opt/airflow/dags/05_etl_weather_postgres.py
[2026-08-30T13:39:48.278+0000] {processor.py:925} INFO - DAG(s) 'etl_weather_postgres_dag' retrieved from /opt/airflow/dags/05_etl_weather_postgres.py
[2026-08-30T13:39:48.317+0000] {logging_mixin.py:190} INFO - [2026-08-30T13:39:48.317+0000] {dag.py:3239} INFO - Sync 1 DAGs
[2026-08-30T13:39:48.329+0000] {logging_mixin.py:190} INFO - [2026-08-30T13:39:48.329+0000] {dag.py:4180} INFO - Setting next_dagrun for etl_weather_postgres_dag to None, run_after=None
[2026-08-30T13:39:48.344+0000] {processor.py:208} INFO - Processing /opt/airflow/dags/05_etl_weather_postgres.py took 0.126 seconds
[2026-08-30T13:40:19.108+0000] {processor.py:186} INFO - Started process (PID=662) to work on /opt/airflow/dags/05_etl_weather_postgres.py
[2026-08-30T13:40:19.111+0000] {processor.py:914} INFO - Processing file /opt/airflow/dags/05_etl_weather_postgres.py for tasks to queue
[2026-08-30T13:40:19.116+0000] {logging_mixin.py:190} INFO - [2026-08-30T13:40:19.116+0000] {dagbag.py:588} INFO - Filling up the DagBag from /opt/airflow/dags/05_etl_weather_postgres.py
[2026-08-30T13:40:19.142+0000] {processor.py:925} INFO - DAG(s) 'etl_weather_postgres_dag' retrieved from /opt/airflow/dags/05_etl_weather_postgres.py
[2026-08-30T13:40:19.199+0000] {logging_mixin.py:190} INFO - [2026-08-30T13:40:19.199+0000] {dag.py:3239} INFO - Sync 1 DAGs
[2026-08-30T13:40:19.232+0000] {logging_mixin.py:190} INFO - [2026-08-30T13:40:19.231+0000] {dag.py:4180} INFO - Setting next_dagrun for etl_weather_postgres_dag to None, run_after=None
[2026-08-30T13:40:19.253+0000] {processor.py:208} INFO - Processing /opt/airflow/dags/05_etl_weather_postgres.py took 0.157 seconds
[2026-08-30T13:40:49.991+0000] {processor.py:186} INFO - Started process (PID=674) to work on /opt/airflow/dags/05_etl_weather_postgres.py
[2026-08-30T13:40:49.992+0000] {processor.py:914} INFO - Processing file /opt/airflow/dags/05_etl_weather_postgres.py for tasks to queue
[2026-08-30T13:40:49.996+0000] {logging_mixin.py:190} INFO - [2026-08-30T13:40:49.996+0000] {dagbag.py:588} INFO - Filling up the DagBag from /opt/airflow/dags/05_etl_weather_postgres.py
[2026-08-30T13:40:50.019+0000] {processor.py:925} INFO - DAG(s) 'etl_weather_postgres_dag' retrieved from /opt/airflow/dags/05_etl_weather_postgres.py
[2026-08-30T13:40:50.049+0000] {logging_mixin.py:190} INFO - [2026-08-30T13:40:50.049+0000] {dag.py:3239} INFO - Sync 1 DAGs
[2026-08-30T13:40:50.062+0000] {logging_mixin.py:190} INFO - [2026-08-30T13:40:50.062+0000] {dag.py:4180} INFO - Setting next_dagrun for etl_weather_postgres_dag to None, run_after=None
[2026-08-30T13:40:50.077+0000] {processor.py:208} INFO - Processing /opt/airflow/dags/05_etl_weather_postgres.py took 0.101 seconds
[2026-08-30T13:41:20.874+0000] {processor.py:186} INFO - Started process (PID=686) to work on /opt/airflow/dags/05_etl_weather_postgres.py
[2026-08-30T13:41:20.875+0000] {processor.py:914} INFO - Processing file /opt/airflow/dags/05_etl_weather_postgres.py for tasks to queue
[2026-08-30T13:41:20.881+0000] {logging_mixin.py:190} INFO - [2026-08-30T13:41:20.881+0000] {dagbag.py:588} INFO - Filling up the DagBag from /opt/airflow/dags/05_etl_weather_postgres.py
[2026-08-30T13:41:20.907+0000] {processor.py:925} INFO - DAG(s) 'etl_weather_postgres_dag' retrieved from /opt/airflow/dags/05_etl_weather_postgres.py
[2026-08-30T13:41:20.944+0000] {logging_mixin.py:190} INFO - [2026-08-30T13:41:20.944+0000] {dag.py:3239} INFO - Sync 1 DAGs
[2026-08-30T13:41:20.964+0000] {logging_mixin.py:190} INFO - [2026-08-30T13:41:20.964+0000] {dag.py:4180} INFO - Setting next_dagrun for etl_weather_postgres_dag to None, run_after=None
[2026-08-30T13:41:20.980+0000] {processor.py:208} INFO - Processing /opt/airflow/dags/05_etl_weather_postgres.py took 0.116 seconds
[2026-08-30T13:41:51.588+0000] {processor.py:186} INFO - Started process (PID=698) to work on /opt/airflow/dags/05_etl_weather_postgres.py
[2026-08-30T13:41:51.589+0000] {processor.py:914} INFO - Processing file /opt/airflow/dags/05_etl_weather_postgres.py for tasks to queue
[2026-08-30T13:41:51.592+0000] {logging_mixin.py:190} INFO - [2026-08-30T13:41:51.592+0000] {dagbag.py:588} INFO - Filling up the DagBag from /opt/airflow/dags/05_etl_weather_postgres.py
[2026-08-30T13:41:51.610+0000] {processor.py:925} INFO - DAG(s) 'etl_weather_postgres_dag' retrieved from /opt/airflow/dags/05_etl_weather_postgres.py
[2026-08-30T13:41:51.640+0000] {logging_mixin.py:190} INFO - [2026-08-30T13:41:51.640+0000] {dag.py:3239} INFO - Sync 1 DAGs
[2026-08-30T13:41:51.652+0000] {logging_mixin.py:190} INFO - [2026-08-30T13:41:51.652+0000] {dag.py:4180} INFO - Setting next_dagrun for etl_weather_postgres_dag to None, run_after=None
[2026-08-30T13:41:51.667+0000] {processor.py:208} INFO - Processing /opt/airflow/dags/05_etl_weather_postgres.py took 0.089 seconds
[2026-08-30T13:42:22.362+0000] {processor.py:186} INFO - Started process (PID=710) to work on /opt/airflow/dags/05_etl_weather_postgres.py
[2026-08-30T13:42:22.364+0000] {processor.py:914} INFO - Processing file /opt/airflow/dags/05_etl_weather_postgres.py for tasks to queue
[2026-08-30T13:42:22.373+0000] {logging_mixin.py:190} INFO - [2026-08-30T13:42:22.372+0000] {dagbag.py:588} INFO - Filling up the DagBag from /opt/airflow/dags/05_etl_weather_postgres.py
[2026-08-30T13:42:22.394+0000] {processor.py:925} INFO - DAG(s) 'etl_weather_postgres_dag' retrieved from /opt/airflow/dags/05_etl_weather_postgres.py
[2026-08-30T13:42:22.432+0000] {logging_mixin.py:190} INFO - [2026-08-30T13:42:22.431+0000] {dag.py:3239} INFO - Sync 1 DAGs
[2026-08-30T13:42:22.447+0000] {logging_mixin.py:190} INFO - [2026-08-30T13:42:22.447+0000] {dag.py:4180} INFO - Setting next_dagrun for etl_weather_postgres_dag to None, run_after=None
[2026-08-30T13:42:22.466+0000] {processor.py:208} INFO - Processing /opt/airflow/dags/05_etl_weather_postgres.py took 0.118 seconds
[2026-08-30T13:42:53.121+0000] {processor.py:186} INFO - Started process (PID=722) to work on /opt/airflow/dags/05_etl_weather_postgres.py
[2026-08-30T13:42:53.124+0000] {processor.py:914} INFO - Processing file /opt/airflow/dags/05_etl_weather_postgres.py for tasks to queue
[2026-08-30T13:42:53.130+0000] {logging_mixin.py:190} INFO - [2026-08-30T13:42:53.128+0000] {dagbag.py:588} INFO - Filling up the DagBag from /opt/airflow/dags/05_etl_weather_postgres.py
[2026-08-30T13:42:53.149+0000] {processor.py:925} INFO - DAG(s) 'etl_weather_postgres_dag' retrieved from /opt/airflow/dags/05_etl_weather_postgres.py
[2026-08-30T13:42:53.188+0000] {logging_mixin.py:190} INFO - [2026-08-30T13:42:53.188+0000] {dag.py:3239} INFO - Sync 1 DAGs
[2026-08-30T13:42:53.202+0000] {logging_mixin.py:190} INFO - [2026-08-30T13:42:53.202+0000] {dag.py:4180} INFO - Setting next_dagrun for etl_weather_postgres_dag to None, run_after=None
[2026-08-30T13:42:53.219+0000] {processor.py:208} INFO - Processing /opt/airflow/dags/05_etl_weather_postgres.py took 0.116 seconds
[2026-08-30T13:43:23.895+0000] {processor.py:186} INFO - Started process (PID=734) to work on /opt/airflow/dags/05_etl_weather_postgres.py
[2026-08-30T13:43:23.897+0000] {processor.py:914} INFO - Processing file /opt/airflow/dags/05_etl_weather_postgres.py for tasks to queue
[2026-08-30T13:43:23.900+0000] {logging_mixin.py:190} INFO - [2026-08-30T13:43:23.900+0000] {dagbag.py:588} INFO - Filling up the DagBag from /opt/airflow/dags/05_etl_weather_postgres.py
[2026-08-30T13:43:23.919+0000] {processor.py:925} INFO - DAG(s) 'etl_weather_postgres_dag' retrieved from /opt/airflow/dags/05_etl_weather_postgres.py
[2026-08-30T13:43:23.960+0000] {logging_mixin.py:190} INFO - [2026-08-30T13:43:23.960+0000] {dag.py:3239} INFO - Sync 1 DAGs
[2026-08-30T13:43:23.978+0000] {logging_mixin.py:190} INFO - [2026-08-30T13:43:23.978+0000] {dag.py:4180} INFO - Setting next_dagrun for etl_weather_postgres_dag to None, run_after=None
[2026-08-30T13:43:23.996+0000] {processor.py:208} INFO - Processing /opt/airflow/dags/05_etl_weather_postgres.py took 0.108 seconds
[2026-08-30T13:43:54.691+0000] {processor.py:186} INFO - Started process (PID=746) to work on /opt/airflow/dags/05_etl_weather_postgres.py
[2026-08-30T13:43:54.693+0000] {processor.py:914} INFO - Processing file /opt/airflow/dags/05_etl_weather_postgres.py for tasks to queue
[2026-08-30T13:43:54.697+0000] {logging_mixin.py:190} INFO - [2026-08-30T13:43:54.697+0000] {dagbag.py:588} INFO - Filling up the DagBag from /opt/airflow/dags/05_etl_weather_postgres.py
[2026-08-30T13:43:54.720+0000] {processor.py:925} INFO - DAG(s) 'etl_weather_postgres_dag' retrieved from /opt/airflow/dags/05_etl_weather_postgres.py
[2026-08-30T13:43:54.759+0000] {logging_mixin.py:190} INFO - [2026-08-30T13:43:54.759+0000] {dag.py:3239} INFO - Sync 1 DAGs
[2026-08-30T13:43:54.773+0000] {logging_mixin.py:190} INFO - [2026-08-30T13:43:54.773+0000] {dag.py:4180} INFO - Setting next_dagrun for etl_weather_postgres_dag to None, run_after=None
[2026-08-30T13:43:54.791+0000] {processor.py:208} INFO - Processing /opt/airflow/dags/05_etl_weather_postgres.py took 0.110 seconds
[2026-08-30T13:44:25.432+0000] {processor.py:186} INFO - Started process (PID=758) to work on /opt/airflow/dags/05_etl_weather_postgres.py
[2026-08-30T13:44:25.434+0000] {processor.py:914} INFO - Processing file /opt/airflow/dags/05_etl_weather_postgres.py for tasks to queue
[2026-08-30T13:44:25.437+0000] {logging_mixin.py:190} INFO - [2026-08-30T13:44:25.436+0000] {dagbag.py:588} INFO - Filling up the DagBag from /opt/airflow/dags/05_etl_weather_postgres.py
[2026-08-30T13:44:25.455+0000] {processor.py:925} INFO - DAG(s) 'etl_weather_postgres_dag' retrieved from /opt/airflow/dags/05_etl_weather_postgres.py
[2026-08-30T13:44:25.486+0000] {logging_mixin.py:190} INFO - [2026-08-30T13:44:25.486+0000] {dag.py:3239} INFO - Sync 1 DAGs
[2026-08-30T13:44:25.504+0000] {logging_mixin.py:190} INFO - [2026-08-30T13:44:25.504+0000] {dag.py:4180} INFO - Setting next_dagrun for etl_weather_postgres_dag to None, run_after=None
[2026-08-30T13:44:25.520+0000] {processor.py:208} INFO - Processing /opt/airflow/dags/05_etl_weather_postgres.py took 0.095 seconds
[2026-08-30T13:44:56.211+0000] {processor.py:186} INFO - Started process (PID=770) to work on /opt/airflow/dags/05_etl_weather_postgres.py
[2026-08-30T13:44:56.212+0000] {processor.py:914} INFO - Processing file /opt/airflow/dags/05_etl_weather_postgres.py for tasks to queue
[2026-08-30T13:44:56.215+0000] {logging_mixin.py:190} INFO - [2026-08-30T13:44:56.215+0000] {dagbag.py:588} INFO - Filling up the DagBag from /opt/airflow/dags/05_etl_weather_postgres.py
[2026-08-30T13:44:56.235+0000] {processor.py:925} INFO - DAG(s) 'etl_weather_postgres_dag' retrieved from /opt/airflow/dags/05_etl_weather_postgres.py
[2026-08-30T13:44:56.270+0000] {logging_mixin.py:190} INFO - [2026-08-30T13:44:56.270+0000] {dag.py:3239} INFO - Sync 1 DAGs
[2026-08-30T13:44:56.289+0000] {logging_mixin.py:190} INFO - [2026-08-30T13:44:56.289+0000] {dag.py:4180} INFO - Setting next_dagrun for etl_weather_postgres_dag to None, run_after=None
[2026-08-30T13:44:56.305+0000] {processor.py:208} INFO - Processing /opt/airflow/dags/05_etl_weather_postgres.py took 0.099 seconds
[2026-08-30T13:45:26.985+0000] {processor.py:186} INFO - Started process (PID=782) to work on /opt/airflow/dags/05_etl_weather_postgres.py
[2026-08-30T13:45:26.987+0000] {processor.py:914} INFO - Processing file /opt/airflow/dags/05_etl_weather_postgres.py for tasks to queue
[2026-08-30T13:45:26.990+0000] {logging_mixin.py:190} INFO - [2026-08-30T13:45:26.989+0000] {dagbag.py:588} INFO - Filling up the DagBag from /opt/airflow/dags/05_etl_weather_postgres.py
[2026-08-30T13:45:27.007+0000] {processor.py:925} INFO - DAG(s) 'etl_weather_postgres_dag' retrieved from /opt/airflow/dags/05_etl_weather_postgres.py
[2026-08-30T13:45:27.053+0000] {logging_mixin.py:190} INFO - [2026-08-30T13:45:27.053+0000] {dag.py:3239} INFO - Sync 1 DAGs
[2026-08-30T13:45:27.067+0000] {logging_mixin.py:190} INFO - [2026-08-30T13:45:27.067+0000] {dag.py:4180} INFO - Setting next_dagrun for etl_weather_postgres_dag to None, run_after=None
[2026-08-30T13:45:27.082+0000] {processor.py:208} INFO - Processing /opt/airflow/dags/05_etl_weather_postgres.py took 0.110 seconds
[2026-08-30T13:45:57.695+0000] {processor.py:186} INFO - Started process (PID=794) to work on /opt/airflow/dags/05_etl_weather_postgres.py
[2026-08-30T13:45:57.698+0000] {processor.py:914} INFO - Processing file /opt/airflow/dags/05_etl_weather_postgres.py for tasks to queue
[2026-08-30T13:45:57.705+0000] {logging_mixin.py:190} INFO - [2026-08-30T13:45:57.704+0000] {dagbag.py:588} INFO - Filling up the DagBag from /opt/airflow/dags/05_etl_weather_postgres.py
[2026-08-30T13:45:57.723+0000] {processor.py:925} INFO - DAG(s) 'etl_weather_postgres_dag' retrieved from /opt/airflow/dags/05_etl_weather_postgres.py
[2026-08-30T13:45:57.765+0000] {logging_mixin.py:190} INFO - [2026-08-30T13:45:57.765+0000] {dag.py:3239} INFO - Sync 1 DAGs
[2026-08-30T13:45:57.781+0000] {logging_mixin.py:190} INFO - [2026-08-30T13:45:57.781+0000] {dag.py:4180} INFO - Setting next_dagrun for etl_weather_postgres_dag to None, run_after=None
[2026-08-30T13:45:57.798+0000] {processor.py:208} INFO - Processing /opt/airflow/dags/05_etl_weather_postgres.py took 0.109 seconds
[2026-08-30T13:46:28.489+0000] {processor.py:186} INFO - Started process (PID=806) to work on /opt/airflow/dags/05_etl_weather_postgres.py
[2026-08-30T13:46:28.490+0000] {processor.py:914} INFO - Processing file /opt/airflow/dags/05_etl_weather_postgres.py for tasks to queue
[2026-08-30T13:46:28.494+0000] {logging_mixin.py:190} INFO - [2026-08-30T13:46:28.494+0000] {dagbag.py:588} INFO - Filling up the DagBag from /opt/airflow/dags/05_etl_weather_postgres.py
[2026-08-30T13:46:28.521+0000] {processor.py:925} INFO - DAG(s) 'etl_weather_postgres_dag' retrieved from /opt/airflow/dags/05_etl_weather_postgres.py
[2026-08-30T13:46:28.561+0000] {logging_mixin.py:190} INFO - [2026-08-30T13:46:28.561+0000] {dag.py:3239} INFO - Sync 1 DAGs
[2026-08-30T13:46:28.576+0000] {logging_mixin.py:190} INFO - [2026-08-30T13:46:28.576+0000] {dag.py:4180} INFO - Setting next_dagrun for etl_weather_postgres_dag to None, run_after=None
[2026-08-30T13:46:28.595+0000] {processor.py:208} INFO - Processing /opt/airflow/dags/05_etl_weather_postgres.py took 0.112 seconds
[2026-08-30T13:46:59.143+0000] {processor.py:186} INFO - Started process (PID=818) to work on /opt/airflow/dags/05_etl_weather_postgres.py
[2026-08-30T13:46:59.145+0000] {processor.py:914} INFO - Processing file /opt/airflow/dags/05_etl_weather_postgres.py for tasks to queue
[2026-08-30T13:46:59.148+0000] {logging_mixin.py:190} INFO - [2026-08-30T13:46:59.148+0000] {dagbag.py:588} INFO - Filling up the DagBag from /opt/airflow/dags/05_etl_weather_postgres.py
[2026-08-30T13:46:59.171+0000] {processor.py:925} INFO - DAG(s) 'etl_weather_postgres_dag' retrieved from /opt/airflow/dags/05_etl_weather_postgres.py
[2026-08-30T13:46:59.207+0000] {logging_mixin.py:190} INFO - [2026-08-30T13:46:59.207+0000] {dag.py:3239} INFO - Sync 1 DAGs
[2026-08-30T13:46:59.226+0000] {logging_mixin.py:190} INFO - [2026-08-30T13:46:59.226+0000] {dag.py:4180} INFO - Setting next_dagrun for etl_weather_postgres_dag to None, run_after=None
[2026-08-30T13:46:59.243+0000] {processor.py:208} INFO - Processing /opt/airflow/dags/05_etl_weather_postgres.py took 0.107 seconds
[2026-08-30T13:47:29.885+0000] {processor.py:186} INFO - Started process (PID=830) to work on /opt/airflow/dags/05_etl_weather_postgres.py
[2026-08-30T13:47:29.886+0000] {processor.py:914} INFO - Processing file /opt/airflow/dags/05_etl_weather_postgres.py for tasks to queue
[2026-08-30T13:47:29.890+0000] {logging_mixin.py:190} INFO - [2026-08-30T13:47:29.890+0000] {dagbag.py:588} INFO - Filling up the DagBag from /opt/airflow/dags/05_etl_weather_postgres.py
[2026-08-30T13:47:29.901+0000] {processor.py:925} INFO - DAG(s) 'etl_weather_postgres_dag' retrieved from /opt/airflow/dags/05_etl_weather_postgres.py
[2026-08-30T13:47:29.939+0000] {logging_mixin.py:190} INFO - [2026-08-30T13:47:29.939+0000] {dag.py:3239} INFO - Sync 1 DAGs
[2026-08-30T13:47:29.953+0000] {logging_mixin.py:190} INFO - [2026-08-30T13:47:29.953+0000] {dag.py:4180} INFO - Setting next_dagrun for etl_weather_postgres_dag to None, run_after=None
[2026-08-30T13:47:29.971+0000] {processor.py:208} INFO - Processing /opt/airflow/dags/05_etl_weather_postgres.py took 0.099 seconds
[2026-08-30T13:48:00.643+0000] {processor.py:186} INFO - Started process (PID=842) to work on /opt/airflow/dags/05_etl_weather_postgres.py
[2026-08-30T13:48:00.645+0000] {processor.py:914} INFO - Processing file /opt/airflow/dags/05_etl_weather_postgres.py for tasks to queue
[2026-08-30T13:48:00.648+0000] {logging_mixin.py:190} INFO - [2026-08-30T13:48:00.648+0000] {dagbag.py:588} INFO - Filling up the DagBag from /opt/airflow/dags/05_etl_weather_postgres.py
[2026-08-30T13:48:00.672+0000] {processor.py:925} INFO - DAG(s) 'etl_weather_postgres_dag' retrieved from /opt/airflow/dags/05_etl_weather_postgres.py
[2026-08-30T13:48:00.712+0000] {logging_mixin.py:190} INFO - [2026-08-30T13:48:00.712+0000] {dag.py:3239} INFO - Sync 1 DAGs
[2026-08-30T13:48:00.725+0000] {logging_mixin.py:190} INFO - [2026-08-30T13:48:00.725+0000] {dag.py:4180} INFO - Setting next_dagrun for etl_weather_postgres_dag to None, run_after=None
[2026-08-30T13:48:00.744+0000] {processor.py:208} INFO - Processing /opt/airflow/dags/05_etl_weather_postgres.py took 0.112 seconds
[2026-08-30T13:48:31.427+0000] {processor.py:186} INFO - Started process (PID=854) to work on /opt/airflow/dags/05_etl_weather_postgres.py
[2026-08-30T13:48:31.429+0000] {processor.py:914} INFO - Processing file /opt/airflow/dags/05_etl_weather_postgres.py for tasks to queue
[2026-08-30T13:48:31.435+0000] {logging_mixin.py:190} INFO - [2026-08-30T13:48:31.434+0000] {dagbag.py:588} INFO - Filling up the DagBag from /opt/airflow/dags/05_etl_weather_postgres.py
[2026-08-30T13:48:31.461+0000] {processor.py:925} INFO - DAG(s) 'etl_weather_postgres_dag' retrieved from /opt/airflow/dags/05_etl_weather_postgres.py
[2026-08-30T13:48:31.508+0000] {logging_mixin.py:190} INFO - [2026-08-30T13:48:31.508+0000] {dag.py:3239} INFO - Sync 1 DAGs
[2026-08-30T13:48:31.528+0000] {logging_mixin.py:190} INFO - [2026-08-30T13:48:31.528+0000] {dag.py:4180} INFO - Setting next_dagrun for etl_weather_postgres_dag to None, run_after=None
[2026-08-30T13:48:31.546+0000] {processor.py:208} INFO - Processing /opt/airflow/dags/05_etl_weather_postgres.py took 0.128 seconds
[2026-08-30T13:49:02.215+0000] {processor.py:186} INFO - Started process (PID=866) to work on /opt/airflow/dags/05_etl_weather_postgres.py
[2026-08-30T13:49:02.217+0000] {processor.py:914} INFO - Processing file /opt/airflow/dags/05_etl_weather_postgres.py for tasks to queue
[2026-08-30T13:49:02.221+0000] {logging_mixin.py:190} INFO - [2026-08-30T13:49:02.220+0000] {dagbag.py:588} INFO - Filling up the DagBag from /opt/airflow/dags/05_etl_weather_postgres.py
[2026-08-30T13:49:02.246+0000] {processor.py:925} INFO - DAG(s) 'etl_weather_postgres_dag' retrieved from /opt/airflow/dags/05_etl_weather_postgres.py
[2026-08-30T13:49:02.294+0000] {logging_mixin.py:190} INFO - [2026-08-30T13:49:02.294+0000] {dag.py:3239} INFO - Sync 1 DAGs
[2026-08-30T13:49:02.317+0000] {logging_mixin.py:190} INFO - [2026-08-30T13:49:02.317+0000] {dag.py:4180} INFO - Setting next_dagrun for etl_weather_postgres_dag to None, run_after=None
[2026-08-30T13:49:02.338+0000] {processor.py:208} INFO - Processing /opt/airflow/dags/05_etl_weather_postgres.py took 0.136 seconds
[2026-08-30T13:49:33.005+0000] {processor.py:186} INFO - Started process (PID=878) to work on /opt/airflow/dags/05_etl_weather_postgres.py
[2026-08-30T13:49:33.007+0000] {processor.py:914} INFO - Processing file /opt/airflow/dags/05_etl_weather_postgres.py for tasks to queue
[2026-08-30T13:49:33.016+0000] {logging_mixin.py:190} INFO - [2026-08-30T13:49:33.016+0000] {dagbag.py:588} INFO - Filling up the DagBag from /opt/airflow/dags/05_etl_weather_postgres.py
[2026-08-30T13:49:33.052+0000] {processor.py:925} INFO - DAG(s) 'etl_weather_postgres_dag' retrieved from /opt/airflow/dags/05_etl_weather_postgres.py
[2026-08-30T13:49:33.102+0000] {logging_mixin.py:190} INFO - [2026-08-30T13:49:33.102+0000] {dag.py:3239} INFO - Sync 1 DAGs
[2026-08-30T13:49:33.121+0000] {logging_mixin.py:190} INFO - [2026-08-30T13:49:33.121+0000] {dag.py:4180} INFO - Setting next_dagrun for etl_weather_postgres_dag to None, run_after=None
[2026-08-30T13:49:33.139+0000] {processor.py:208} INFO - Processing /opt/airflow/dags/05_etl_weather_postgres.py took 0.149 seconds
[2026-08-30T13:50:03.869+0000] {processor.py:186} INFO - Started process (PID=891) to work on /opt/airflow/dags/05_etl_weather_postgres.py
[2026-08-30T13:50:03.873+0000] {processor.py:914} INFO - Processing file /opt/airflow/dags/05_etl_weather_postgres.py for tasks to queue
[2026-08-30T13:50:03.886+0000] {logging_mixin.py:190} INFO - [2026-08-30T13:50:03.881+0000] {dagbag.py:588} INFO - Filling up the DagBag from /opt/airflow/dags/05_etl_weather_postgres.py
[2026-08-30T13:50:03.947+0000] {processor.py:925} INFO - DAG(s) 'etl_weather_postgres_dag' retrieved from /opt/airflow/dags/05_etl_weather_postgres.py
[2026-08-30T13:50:03.985+0000] {logging_mixin.py:190} INFO - [2026-08-30T13:50:03.985+0000] {dag.py:3239} INFO - Sync 1 DAGs
[2026-08-30T13:50:04.005+0000] {logging_mixin.py:190} INFO - [2026-08-30T13:50:04.005+0000] {dag.py:4180} INFO - Setting next_dagrun for etl_weather_postgres_dag to None, run_after=None
[2026-08-30T13:50:04.029+0000] {processor.py:208} INFO - Processing /opt/airflow/dags/05_etl_weather_postgres.py took 0.177 seconds
[2026-08-30T13:50:34.774+0000] {processor.py:186} INFO - Started process (PID=904) to work on /opt/airflow/dags/05_etl_weather_postgres.py
[2026-08-30T13:50:34.775+0000] {processor.py:914} INFO - Processing file /opt/airflow/dags/05_etl_weather_postgres.py for tasks to queue
[2026-08-30T13:50:34.779+0000] {logging_mixin.py:190} INFO - [2026-08-30T13:50:34.778+0000] {dagbag.py:588} INFO - Filling up the DagBag from /opt/airflow/dags/05_etl_weather_postgres.py
[2026-08-30T13:50:34.803+0000] {processor.py:925} INFO - DAG(s) 'etl_weather_postgres_dag' retrieved from /opt/airflow/dags/05_etl_weather_postgres.py
[2026-08-30T13:50:34.847+0000] {logging_mixin.py:190} INFO - [2026-08-30T13:50:34.847+0000] {dag.py:3239} INFO - Sync 1 DAGs
[2026-08-30T13:50:34.868+0000] {logging_mixin.py:190} INFO - [2026-08-30T13:50:34.868+0000] {dag.py:4180} INFO - Setting next_dagrun for etl_weather_postgres_dag to None, run_after=None
[2026-08-30T13:50:34.890+0000] {processor.py:208} INFO - Processing /opt/airflow/dags/05_etl_weather_postgres.py took 0.124 seconds
[2026-08-30T13:51:05.543+0000] {processor.py:186} INFO - Started process (PID=916) to work on /opt/airflow/dags/05_etl_weather_postgres.py
[2026-08-30T13:51:05.546+0000] {processor.py:914} INFO - Processing file /opt/airflow/dags/05_etl_weather_postgres.py for tasks to queue
[2026-08-30T13:51:05.550+0000] {logging_mixin.py:190} INFO - [2026-08-30T13:51:05.550+0000] {dagbag.py:588} INFO - Filling up the DagBag from /opt/airflow/dags/05_etl_weather_postgres.py
[2026-08-30T13:51:05.566+0000] {processor.py:925} INFO - DAG(s) 'etl_weather_postgres_dag' retrieved from /opt/airflow/dags/05_etl_weather_postgres.py
[2026-08-30T13:51:05.610+0000] {logging_mixin.py:190} INFO - [2026-08-30T13:51:05.610+0000] {dag.py:3239} INFO - Sync 1 DAGs
[2026-08-30T13:51:05.628+0000] {logging_mixin.py:190} INFO - [2026-08-30T13:51:05.628+0000] {dag.py:4180} INFO - Setting next_dagrun for etl_weather_postgres_dag to None, run_after=None
[2026-08-30T13:51:05.644+0000] {processor.py:208} INFO - Processing /opt/airflow/dags/05_etl_weather_postgres.py took 0.109 seconds
[2026-08-30T13:51:36.385+0000] {processor.py:186} INFO - Started process (PID=928) to work on /opt/airflow/dags/05_etl_weather_postgres.py
[2026-08-30T13:51:36.386+0000] {processor.py:914} INFO - Processing file /opt/airflow/dags/05_etl_weather_postgres.py for tasks to queue
[2026-08-30T13:51:36.390+0000] {logging_mixin.py:190} INFO - [2026-08-30T13:51:36.389+0000] {dagbag.py:588} INFO - Filling up the DagBag from /opt/airflow/dags/05_etl_weather_postgres.py
[2026-08-30T13:51:36.416+0000] {processor.py:925} INFO - DAG(s) 'etl_weather_postgres_dag' retrieved from /opt/airflow/dags/05_etl_weather_postgres.py
[2026-08-30T13:51:36.456+0000] {logging_mixin.py:190} INFO - [2026-08-30T13:51:36.456+0000] {dag.py:3239} INFO - Sync 1 DAGs
[2026-08-30T13:51:36.473+0000] {logging_mixin.py:190} INFO - [2026-08-30T13:51:36.473+0000] {dag.py:4180} INFO - Setting next_dagrun for etl_weather_postgres_dag to None, run_after=None
[2026-08-30T13:51:36.492+0000] {processor.py:208} INFO - Processing /opt/airflow/dags/05_etl_weather_postgres.py took 0.119 seconds
[2026-08-30T13:52:07.062+0000] {processor.py:186} INFO - Started process (PID=940) to work on /opt/airflow/dags/05_etl_weather_postgres.py
[2026-08-30T13:52:07.063+0000] {processor.py:914} INFO - Processing file /opt/airflow/dags/05_etl_weather_postgres.py for tasks to queue
[2026-08-30T13:52:07.066+0000] {logging_mixin.py:190} INFO - [2026-08-30T13:52:07.065+0000] {dagbag.py:588} INFO - Filling up the DagBag from /opt/airflow/dags/05_etl_weather_postgres.py
[2026-08-30T13:52:07.087+0000] {processor.py:925} INFO - DAG(s) 'etl_weather_postgres_dag' retrieved from /opt/airflow/dags/05_etl_weather_postgres.py
[2026-08-30T13:52:07.127+0000] {logging_mixin.py:190} INFO - [2026-08-30T13:52:07.127+0000] {dag.py:3239} INFO - Sync 1 DAGs
[2026-08-30T13:52:07.141+0000] {logging_mixin.py:190} INFO - [2026-08-30T13:52:07.141+0000] {dag.py:4180} INFO - Setting next_dagrun for etl_weather_postgres_dag to None, run_after=None
[2026-08-30T13:52:07.160+0000] {processor.py:208} INFO - Processing /opt/airflow/dags/05_etl_weather_postgres.py took 0.109 seconds
[2026-08-30T13:52:37.829+0000] {processor.py:186} INFO - Started process (PID=952) to work on /opt/airflow/dags/05_etl_weather_postgres.py
[2026-08-30T13:52:37.831+0000] {processor.py:914} INFO - Processing file /opt/airflow/dags/05_etl_weather_postgres.py for tasks to queue
[2026-08-30T13:52:37.841+0000] {logging_mixin.py:190} INFO - [2026-08-30T13:52:37.841+0000] {dagbag.py:588} INFO - Filling up the DagBag from /opt/airflow/dags/05_etl_weather_postgres.py
[2026-08-30T13:52:37.862+0000] {processor.py:925} INFO - DAG(s) 'etl_weather_postgres_dag' retrieved from /opt/airflow/dags/05_etl_weather_postgres.py
[2026-08-30T13:52:37.900+0000] {logging_mixin.py:190} INFO - [2026-08-30T13:52:37.900+0000] {dag.py:3239} INFO - Sync 1 DAGs
[2026-08-30T13:52:37.915+0000] {logging_mixin.py:190} INFO - [2026-08-30T13:52:37.915+0000] {dag.py:4180} INFO - Setting next_dagrun for etl_weather_postgres_dag to None, run_after=None
[2026-08-30T13:52:37.933+0000] {processor.py:208} INFO - Processing /opt/airflow/dags/05_etl_weather_postgres.py took 0.124 seconds
[2026-08-30T13:53:08.571+0000] {processor.py:186} INFO - Started process (PID=964) to work on /opt/airflow/dags/05_etl_weather_postgres.py
[2026-08-30T13:53:08.572+0000] {processor.py:914} INFO - Processing file /opt/airflow/dags/05_etl_weather_postgres.py for tasks to queue
[2026-08-30T13:53:08.576+0000] {logging_mixin.py:190} INFO - [2026-08-30T13:53:08.576+0000] {dagbag.py:588} INFO - Filling up the DagBag from /opt/airflow/dags/05_etl_weather_postgres.py
[2026-08-30T13:53:08.596+0000] {processor.py:925} INFO - DAG(s) 'etl_weather_postgres_dag' retrieved from /opt/airflow/dags/05_etl_weather_postgres.py
[2026-08-30T13:53:08.640+0000] {logging_mixin.py:190} INFO - [2026-08-30T13:53:08.640+0000] {dag.py:3239} INFO - Sync 1 DAGs
[2026-08-30T13:53:08.661+0000] {logging_mixin.py:190} INFO - [2026-08-30T13:53:08.661+0000] {dag.py:4180} INFO - Setting next_dagrun for etl_weather_postgres_dag to None, run_after=None
[2026-08-30T13:53:08.683+0000] {processor.py:208} INFO - Processing /opt/airflow/dags/05_etl_weather_postgres.py took 0.120 seconds
[2026-08-30T13:53:39.304+0000] {processor.py:186} INFO - Started process (PID=976) to work on /opt/airflow/dags/05_etl_weather_postgres.py
[2026-08-30T13:53:39.306+0000] {processor.py:914} INFO - Processing file /opt/airflow/dags/05_etl_weather_postgres.py for tasks to queue
[2026-08-30T13:53:39.311+0000] {logging_mixin.py:190} INFO - [2026-08-30T13:53:39.311+0000] {dagbag.py:588} INFO - Filling up the DagBag from /opt/airflow/dags/05_etl_weather_postgres.py
[2026-08-30T13:53:39.334+0000] {processor.py:925} INFO - DAG(s) 'etl_weather_postgres_dag' retrieved from /opt/airflow/dags/05_etl_weather_postgres.py
[2026-08-30T13:53:39.386+0000] {logging_mixin.py:190} INFO - [2026-08-30T13:53:39.386+0000] {dag.py:3239} INFO - Sync 1 DAGs
[2026-08-30T13:53:39.403+0000] {logging_mixin.py:190} INFO - [2026-08-30T13:53:39.403+0000] {dag.py:4180} INFO - Setting next_dagrun for etl_weather_postgres_dag to None, run_after=None
[2026-08-30T13:53:39.428+0000] {processor.py:208} INFO - Processing /opt/airflow/dags/05_etl_weather_postgres.py took 0.135 seconds
[2026-08-30T13:54:10.079+0000] {processor.py:186} INFO - Started process (PID=988) to work on /opt/airflow/dags/05_etl_weather_postgres.py
[2026-08-30T13:54:10.084+0000] {processor.py:914} INFO - Processing file /opt/airflow/dags/05_etl_weather_postgres.py for tasks to queue
[2026-08-30T13:54:10.090+0000] {logging_mixin.py:190} INFO - [2026-08-30T13:54:10.089+0000] {dagbag.py:588} INFO - Filling up the DagBag from /opt/airflow/dags/05_etl_weather_postgres.py
[2026-08-30T13:54:10.119+0000] {processor.py:925} INFO - DAG(s) 'etl_weather_postgres_dag' retrieved from /opt/airflow/dags/05_etl_weather_postgres.py
[2026-08-30T13:54:10.167+0000] {logging_mixin.py:190} INFO - [2026-08-30T13:54:10.166+0000] {dag.py:3239} INFO - Sync 1 DAGs
[2026-08-30T13:54:10.185+0000] {logging_mixin.py:190} INFO - [2026-08-30T13:54:10.184+0000] {dag.py:4180} INFO - Setting next_dagrun for etl_weather_postgres_dag to None, run_after=None
[2026-08-30T13:54:10.203+0000] {processor.py:208} INFO - Processing /opt/airflow/dags/05_etl_weather_postgres.py took 0.133 seconds
[2026-08-30T13:54:40.829+0000] {processor.py:186} INFO - Started process (PID=1000) to work on /opt/airflow/dags/05_etl_weather_postgres.py
[2026-08-30T13:54:40.831+0000] {processor.py:914} INFO - Processing file /opt/airflow/dags/05_etl_weather_postgres.py for tasks to queue
[2026-08-30T13:54:40.836+0000] {logging_mixin.py:190} INFO - [2026-08-30T13:54:40.835+0000] {dagbag.py:588} INFO - Filling up the DagBag from /opt/airflow/dags/05_etl_weather_postgres.py
[2026-08-30T13:54:40.868+0000] {processor.py:925} INFO - DAG(s) 'etl_weather_postgres_dag' retrieved from /opt/airflow/dags/05_etl_weather_postgres.py
[2026-08-30T13:54:40.910+0000] {logging_mixin.py:190} INFO - [2026-08-30T13:54:40.910+0000] {dag.py:3239} INFO - Sync 1 DAGs
[2026-08-30T13:54:40.932+0000] {logging_mixin.py:190} INFO - [2026-08-30T13:54:40.932+0000] {dag.py:4180} INFO - Setting next_dagrun for etl_weather_postgres_dag to None, run_after=None
[2026-08-30T13:54:40.953+0000] {processor.py:208} INFO - Processing /opt/airflow/dags/05_etl_weather_postgres.py took 0.133 seconds
[2026-08-30T13:55:11.645+0000] {processor.py:186} INFO - Started process (PID=1012) to work on /opt/airflow/dags/05_etl_weather_postgres.py
[2026-08-30T13:55:11.647+0000] {processor.py:914} INFO - Processing file /opt/airflow/dags/05_etl_weather_postgres.py for tasks to queue
[2026-08-30T13:55:11.653+0000] {logging_mixin.py:190} INFO - [2026-08-30T13:55:11.653+0000] {dagbag.py:588} INFO - Filling up the DagBag from /opt/airflow/dags/05_etl_weather_postgres.py
[2026-08-30T13:55:11.670+0000] {processor.py:925} INFO - DAG(s) 'etl_weather_postgres_dag' retrieved from /opt/airflow/dags/05_etl_weather_postgres.py
[2026-08-30T13:55:11.709+0000] {logging_mixin.py:190} INFO - [2026-08-30T13:55:11.709+0000] {dag.py:3239} INFO - Sync 1 DAGs
[2026-08-30T13:55:11.726+0000] {logging_mixin.py:190} INFO - [2026-08-30T13:55:11.726+0000] {dag.py:4180} INFO - Setting next_dagrun for etl_weather_postgres_dag to None, run_after=None
[2026-08-30T13:55:11.744+0000] {processor.py:208} INFO - Processing /opt/airflow/dags/05_etl_weather_postgres.py took 0.111 seconds
[2026-08-30T13:55:42.516+0000] {processor.py:186} INFO - Started process (PID=1024) to work on /opt/airflow/dags/05_etl_weather_postgres.py
[2026-08-30T13:55:42.518+0000] {processor.py:914} INFO - Processing file /opt/airflow/dags/05_etl_weather_postgres.py for tasks to queue
[2026-08-30T13:55:42.526+0000] {logging_mixin.py:190} INFO - [2026-08-30T13:55:42.526+0000] {dagbag.py:588} INFO - Filling up the DagBag from /opt/airflow/dags/05_etl_weather_postgres.py
[2026-08-30T13:55:42.546+0000] {processor.py:925} INFO - DAG(s) 'etl_weather_postgres_dag' retrieved from /opt/airflow/dags/05_etl_weather_postgres.py
[2026-08-30T13:55:42.585+0000] {logging_mixin.py:190} INFO - [2026-08-30T13:55:42.585+0000] {dag.py:3239} INFO - Sync 1 DAGs
[2026-08-30T13:55:42.604+0000] {logging_mixin.py:190} INFO - [2026-08-30T13:55:42.604+0000] {dag.py:4180} INFO - Setting next_dagrun for etl_weather_postgres_dag to None, run_after=None
[2026-08-30T13:55:42.628+0000] {processor.py:208} INFO - Processing /opt/airflow/dags/05_etl_weather_postgres.py took 0.125 seconds
[2026-08-30T13:56:13.247+0000] {processor.py:186} INFO - Started process (PID=1036) to work on /opt/airflow/dags/05_etl_weather_postgres.py
[2026-08-30T13:56:13.249+0000] {processor.py:914} INFO - Processing file /opt/airflow/dags/05_etl_weather_postgres.py for tasks to queue
[2026-08-30T13:56:13.259+0000] {logging_mixin.py:190} INFO - [2026-08-30T13:56:13.258+0000] {dagbag.py:588} INFO - Filling up the DagBag from /opt/airflow/dags/05_etl_weather_postgres.py
[2026-08-30T13:56:13.287+0000] {processor.py:925} INFO - DAG(s) 'etl_weather_postgres_dag' retrieved from /opt/airflow/dags/05_etl_weather_postgres.py
[2026-08-30T13:56:13.336+0000] {logging_mixin.py:190} INFO - [2026-08-30T13:56:13.336+0000] {dag.py:3239} INFO - Sync 1 DAGs
[2026-08-30T13:56:13.357+0000] {logging_mixin.py:190} INFO - [2026-08-30T13:56:13.357+0000] {dag.py:4180} INFO - Setting next_dagrun for etl_weather_postgres_dag to None, run_after=None
[2026-08-30T13:56:13.379+0000] {processor.py:208} INFO - Processing /opt/airflow/dags/05_etl_weather_postgres.py took 0.142 seconds
[2026-08-30T13:56:44.074+0000] {processor.py:186} INFO - Started process (PID=1048) to work on /opt/airflow/dags/05_etl_weather_postgres.py
[2026-08-30T13:56:44.079+0000] {processor.py:914} INFO - Processing file /opt/airflow/dags/05_etl_weather_postgres.py for tasks to queue
[2026-08-30T13:56:44.085+0000] {logging_mixin.py:190} INFO - [2026-08-30T13:56:44.084+0000] {dagbag.py:588} INFO - Filling up the DagBag from /opt/airflow/dags/05_etl_weather_postgres.py
[2026-08-30T13:56:44.117+0000] {processor.py:925} INFO - DAG(s) 'etl_weather_postgres_dag' retrieved from /opt/airflow/dags/05_etl_weather_postgres.py
[2026-08-30T13:56:44.167+0000] {logging_mixin.py:190} INFO - [2026-08-30T13:56:44.167+0000] {dag.py:3239} INFO - Sync 1 DAGs
[2026-08-30T13:56:44.191+0000] {logging_mixin.py:190} INFO - [2026-08-30T13:56:44.191+0000] {dag.py:4180} INFO - Setting next_dagrun for etl_weather_postgres_dag to None, run_after=None
[2026-08-30T13:56:44.210+0000] {processor.py:208} INFO - Processing /opt/airflow/dags/05_etl_weather_postgres.py took 0.149 seconds
[2026-08-30T13:57:14.849+0000] {processor.py:186} INFO - Started process (PID=1060) to work on /opt/airflow/dags/05_etl_weather_postgres.py
[2026-08-30T13:57:14.853+0000] {processor.py:914} INFO - Processing file /opt/airflow/dags/05_etl_weather_postgres.py for tasks to queue
[2026-08-30T13:57:14.863+0000] {logging_mixin.py:190} INFO - [2026-08-30T13:57:14.859+0000] {dagbag.py:588} INFO - Filling up the DagBag from /opt/airflow/dags/05_etl_weather_postgres.py
[2026-08-30T13:57:14.887+0000] {processor.py:925} INFO - DAG(s) 'etl_weather_postgres_dag' retrieved from /opt/airflow/dags/05_etl_weather_postgres.py
[2026-08-30T13:57:14.935+0000] {logging_mixin.py:190} INFO - [2026-08-30T13:57:14.935+0000] {dag.py:3239} INFO - Sync 1 DAGs
[2026-08-30T13:57:14.956+0000] {logging_mixin.py:190} INFO - [2026-08-30T13:57:14.956+0000] {dag.py:4180} INFO - Setting next_dagrun for etl_weather_postgres_dag to None, run_after=None
[2026-08-30T13:57:14.980+0000] {processor.py:208} INFO - Processing /opt/airflow/dags/05_etl_weather_postgres.py took 0.148 seconds
[2026-08-30T13:57:45.639+0000] {processor.py:186} INFO - Started process (PID=1072) to work on /opt/airflow/dags/05_etl_weather_postgres.py
[2026-08-30T13:57:45.640+0000] {processor.py:914} INFO - Processing file /opt/airflow/dags/05_etl_weather_postgres.py for tasks to queue
[2026-08-30T13:57:45.650+0000] {logging_mixin.py:190} INFO - [2026-08-30T13:57:45.650+0000] {dagbag.py:588} INFO - Filling up the DagBag from /opt/airflow/dags/05_etl_weather_postgres.py
[2026-08-30T13:57:45.678+0000] {processor.py:925} INFO - DAG(s) 'etl_weather_postgres_dag' retrieved from /opt/airflow/dags/05_etl_weather_postgres.py
[2026-08-30T13:57:45.727+0000] {logging_mixin.py:190} INFO - [2026-08-30T13:57:45.727+0000] {dag.py:3239} INFO - Sync 1 DAGs
[2026-08-30T13:57:45.749+0000] {logging_mixin.py:190} INFO - [2026-08-30T13:57:45.748+0000] {dag.py:4180} INFO - Setting next_dagrun for etl_weather_postgres_dag to None, run_after=None
[2026-08-30T13:57:45.771+0000] {processor.py:208} INFO - Processing /opt/airflow/dags/05_etl_weather_postgres.py took 0.149 seconds
[2026-08-30T13:58:16.379+0000] {processor.py:186} INFO - Started process (PID=1084) to work on /opt/airflow/dags/05_etl_weather_postgres.py
[2026-08-30T13:58:16.383+0000] {processor.py:914} INFO - Processing file /opt/airflow/dags/05_etl_weather_postgres.py for tasks to queue
[2026-08-30T13:58:16.387+0000] {logging_mixin.py:190} INFO - [2026-08-30T13:58:16.387+0000] {dagbag.py:588} INFO - Filling up the DagBag from /opt/airflow/dags/05_etl_weather_postgres.py
[2026-08-30T13:58:16.409+0000] {processor.py:925} INFO - DAG(s) 'etl_weather_postgres_dag' retrieved from /opt/airflow/dags/05_etl_weather_postgres.py
[2026-08-30T13:58:16.473+0000] {logging_mixin.py:190} INFO - [2026-08-30T13:58:16.473+0000] {dag.py:3239} INFO - Sync 1 DAGs
[2026-08-30T13:58:16.491+0000] {logging_mixin.py:190} INFO - [2026-08-30T13:58:16.491+0000] {dag.py:4180} INFO - Setting next_dagrun for etl_weather_postgres_dag to None, run_after=None
[2026-08-30T13:58:16.512+0000] {processor.py:208} INFO - Processing /opt/airflow/dags/05_etl_weather_postgres.py took 0.142 seconds
[2026-08-30T13:58:47.226+0000] {processor.py:186} INFO - Started process (PID=1096) to work on /opt/airflow/dags/05_etl_weather_postgres.py
[2026-08-30T13:58:47.229+0000] {processor.py:914} INFO - Processing file /opt/airflow/dags/05_etl_weather_postgres.py for tasks to queue
[2026-08-30T13:58:47.235+0000] {logging_mixin.py:190} INFO - [2026-08-30T13:58:47.233+0000] {dagbag.py:588} INFO - Filling up the DagBag from /opt/airflow/dags/05_etl_weather_postgres.py
[2026-08-30T13:58:47.265+0000] {processor.py:925} INFO - DAG(s) 'etl_weather_postgres_dag' retrieved from /opt/airflow/dags/05_etl_weather_postgres.py
[2026-08-30T13:58:47.306+0000] {logging_mixin.py:190} INFO - [2026-08-30T13:58:47.306+0000] {dag.py:3239} INFO - Sync 1 DAGs
[2026-08-30T13:58:47.323+0000] {logging_mixin.py:190} INFO - [2026-08-30T13:58:47.323+0000] {dag.py:4180} INFO - Setting next_dagrun for etl_weather_postgres_dag to None, run_after=None
[2026-08-30T13:58:47.342+0000] {processor.py:208} INFO - Processing /opt/airflow/dags/05_etl_weather_postgres.py took 0.126 seconds
[2026-08-30T13:59:18.101+0000] {processor.py:186} INFO - Started process (PID=1114) to work on /opt/airflow/dags/05_etl_weather_postgres.py
[2026-08-30T13:59:18.103+0000] {processor.py:914} INFO - Processing file /opt/airflow/dags/05_etl_weather_postgres.py for tasks to queue
[2026-08-30T13:59:18.107+0000] {logging_mixin.py:190} INFO - [2026-08-30T13:59:18.107+0000] {dagbag.py:588} INFO - Filling up the DagBag from /opt/airflow/dags/05_etl_weather_postgres.py
[2026-08-30T13:59:18.129+0000] {processor.py:925} INFO - DAG(s) 'etl_weather_postgres_dag' retrieved from /opt/airflow/dags/05_etl_weather_postgres.py
[2026-08-30T13:59:18.169+0000] {logging_mixin.py:190} INFO - [2026-08-30T13:59:18.169+0000] {dag.py:3239} INFO - Sync 1 DAGs
[2026-08-30T13:59:18.183+0000] {logging_mixin.py:190} INFO - [2026-08-30T13:59:18.183+0000] {dag.py:4180} INFO - Setting next_dagrun for etl_weather_postgres_dag to None, run_after=None
[2026-08-30T13:59:18.204+0000] {processor.py:208} INFO - Processing /opt/airflow/dags/05_etl_weather_postgres.py took 0.117 seconds
[2026-08-30T13:59:48.837+0000] {processor.py:186} INFO - Started process (PID=1126) to work on /opt/airflow/dags/05_etl_weather_postgres.py
[2026-08-30T13:59:48.840+0000] {processor.py:914} INFO - Processing file /opt/airflow/dags/05_etl_weather_postgres.py for tasks to queue
[2026-08-30T13:59:48.844+0000] {logging_mixin.py:190} INFO - [2026-08-30T13:59:48.844+0000] {dagbag.py:588} INFO - Filling up the DagBag from /opt/airflow/dags/05_etl_weather_postgres.py
[2026-08-30T13:59:48.877+0000] {processor.py:925} INFO - DAG(s) 'etl_weather_postgres_dag' retrieved from /opt/airflow/dags/05_etl_weather_postgres.py
[2026-08-30T13:59:48.918+0000] {logging_mixin.py:190} INFO - [2026-08-30T13:59:48.917+0000] {dag.py:3239} INFO - Sync 1 DAGs
[2026-08-30T13:59:48.940+0000] {logging_mixin.py:190} INFO - [2026-08-30T13:59:48.940+0000] {dag.py:4180} INFO - Setting next_dagrun for etl_weather_postgres_dag to None, run_after=None
[2026-08-30T13:59:48.958+0000] {processor.py:208} INFO - Processing /opt/airflow/dags/05_etl_weather_postgres.py took 0.131 seconds
[2026-08-30T14:00:19.577+0000] {processor.py:186} INFO - Started process (PID=1138) to work on /opt/airflow/dags/05_etl_weather_postgres.py
[2026-08-30T14:00:19.579+0000] {processor.py:914} INFO - Processing file /opt/airflow/dags/05_etl_weather_postgres.py for tasks to queue
[2026-08-30T14:00:19.587+0000] {logging_mixin.py:190} INFO - [2026-08-30T14:00:19.584+0000] {dagbag.py:588} INFO - Filling up the DagBag from /opt/airflow/dags/05_etl_weather_postgres.py
[2026-08-30T14:00:19.611+0000] {processor.py:925} INFO - DAG(s) 'etl_weather_postgres_dag' retrieved from /opt/airflow/dags/05_etl_weather_postgres.py
[2026-08-30T14:00:19.657+0000] {logging_mixin.py:190} INFO - [2026-08-30T14:00:19.657+0000] {dag.py:3239} INFO - Sync 1 DAGs
[2026-08-30T14:00:19.670+0000] {logging_mixin.py:190} INFO - [2026-08-30T14:00:19.670+0000] {dag.py:4180} INFO - Setting next_dagrun for etl_weather_postgres_dag to None, run_after=None
[2026-08-30T14:00:19.689+0000] {processor.py:208} INFO - Processing /opt/airflow/dags/05_etl_weather_postgres.py took 0.118 seconds
[2026-08-30T14:00:50.276+0000] {processor.py:186} INFO - Started process (PID=1150) to work on /opt/airflow/dags/05_etl_weather_postgres.py
[2026-08-30T14:00:50.278+0000] {processor.py:914} INFO - Processing file /opt/airflow/dags/05_etl_weather_postgres.py for tasks to queue
[2026-08-30T14:00:50.286+0000] {logging_mixin.py:190} INFO - [2026-08-30T14:00:50.285+0000] {dagbag.py:588} INFO - Filling up the DagBag from /opt/airflow/dags/05_etl_weather_postgres.py
[2026-08-30T14:00:50.308+0000] {processor.py:925} INFO - DAG(s) 'etl_weather_postgres_dag' retrieved from /opt/airflow/dags/05_etl_weather_postgres.py
[2026-08-30T14:00:50.342+0000] {logging_mixin.py:190} INFO - [2026-08-30T14:00:50.342+0000] {dag.py:3239} INFO - Sync 1 DAGs
[2026-08-30T14:00:50.357+0000] {logging_mixin.py:190} INFO - [2026-08-30T14:00:50.357+0000] {dag.py:4180} INFO - Setting next_dagrun for etl_weather_postgres_dag to None, run_after=None
[2026-08-30T14:00:50.372+0000] {processor.py:208} INFO - Processing /opt/airflow/dags/05_etl_weather_postgres.py took 0.111 seconds
[2026-08-30T14:01:21.094+0000] {processor.py:186} INFO - Started process (PID=1162) to work on /opt/airflow/dags/05_etl_weather_postgres.py
[2026-08-30T14:01:21.097+0000] {processor.py:914} INFO - Processing file /opt/airflow/dags/05_etl_weather_postgres.py for tasks to queue
[2026-08-30T14:01:21.100+0000] {logging_mixin.py:190} INFO - [2026-08-30T14:01:21.100+0000] {dagbag.py:588} INFO - Filling up the DagBag from /opt/airflow/dags/05_etl_weather_postgres.py
[2026-08-30T14:01:21.120+0000] {processor.py:925} INFO - DAG(s) 'etl_weather_postgres_dag' retrieved from /opt/airflow/dags/05_etl_weather_postgres.py
[2026-08-30T14:01:21.150+0000] {logging_mixin.py:190} INFO - [2026-08-30T14:01:21.149+0000] {dag.py:3239} INFO - Sync 1 DAGs
[2026-08-30T14:01:21.164+0000] {logging_mixin.py:190} INFO - [2026-08-30T14:01:21.164+0000] {dag.py:4180} INFO - Setting next_dagrun for etl_weather_postgres_dag to None, run_after=None
[2026-08-30T14:01:21.182+0000] {processor.py:208} INFO - Processing /opt/airflow/dags/05_etl_weather_postgres.py took 0.093 seconds
[2026-08-30T14:01:52.068+0000] {processor.py:186} INFO - Started process (PID=1174) to work on /opt/airflow/dags/05_etl_weather_postgres.py
[2026-08-30T14:01:52.070+0000] {processor.py:914} INFO - Processing file /opt/airflow/dags/05_etl_weather_postgres.py for tasks to queue
[2026-08-30T14:01:52.075+0000] {logging_mixin.py:190} INFO - [2026-08-30T14:01:52.074+0000] {dagbag.py:588} INFO - Filling up the DagBag from /opt/airflow/dags/05_etl_weather_postgres.py
[2026-08-30T14:01:52.107+0000] {processor.py:925} INFO - DAG(s) 'etl_weather_postgres_dag' retrieved from /opt/airflow/dags/05_etl_weather_postgres.py
[2026-08-30T14:01:52.178+0000] {logging_mixin.py:190} INFO - [2026-08-30T14:01:52.177+0000] {dag.py:3239} INFO - Sync 1 DAGs
[2026-08-30T14:01:52.203+0000] {logging_mixin.py:190} INFO - [2026-08-30T14:01:52.202+0000] {dag.py:4180} INFO - Setting next_dagrun for etl_weather_postgres_dag to None, run_after=None
[2026-08-30T14:01:52.228+0000] {processor.py:208} INFO - Processing /opt/airflow/dags/05_etl_weather_postgres.py took 0.173 seconds
[2026-08-30T14:02:22.956+0000] {processor.py:186} INFO - Started process (PID=1186) to work on /opt/airflow/dags/05_etl_weather_postgres.py
[2026-08-30T14:02:22.957+0000] {processor.py:914} INFO - Processing file /opt/airflow/dags/05_etl_weather_postgres.py for tasks to queue
[2026-08-30T14:02:22.961+0000] {logging_mixin.py:190} INFO - [2026-08-30T14:02:22.960+0000] {dagbag.py:588} INFO - Filling up the DagBag from /opt/airflow/dags/05_etl_weather_postgres.py
[2026-08-30T14:02:22.977+0000] {processor.py:925} INFO - DAG(s) 'etl_weather_postgres_dag' retrieved from /opt/airflow/dags/05_etl_weather_postgres.py
[2026-08-30T14:02:23.025+0000] {logging_mixin.py:190} INFO - [2026-08-30T14:02:23.025+0000] {dag.py:3239} INFO - Sync 1 DAGs
[2026-08-30T14:02:23.037+0000] {logging_mixin.py:190} INFO - [2026-08-30T14:02:23.037+0000] {dag.py:4180} INFO - Setting next_dagrun for etl_weather_postgres_dag to None, run_after=None
[2026-08-30T14:02:23.051+0000] {processor.py:208} INFO - Processing /opt/airflow/dags/05_etl_weather_postgres.py took 0.113 seconds
[2026-08-30T14:02:53.630+0000] {processor.py:186} INFO - Started process (PID=1198) to work on /opt/airflow/dags/05_etl_weather_postgres.py
[2026-08-30T14:02:53.631+0000] {processor.py:914} INFO - Processing file /opt/airflow/dags/05_etl_weather_postgres.py for tasks to queue
[2026-08-30T14:02:53.635+0000] {logging_mixin.py:190} INFO - [2026-08-30T14:02:53.635+0000] {dagbag.py:588} INFO - Filling up the DagBag from /opt/airflow/dags/05_etl_weather_postgres.py
[2026-08-30T14:02:53.654+0000] {processor.py:925} INFO - DAG(s) 'etl_weather_postgres_dag' retrieved from /opt/airflow/dags/05_etl_weather_postgres.py
[2026-08-30T14:02:53.686+0000] {logging_mixin.py:190} INFO - [2026-08-30T14:02:53.686+0000] {dag.py:3239} INFO - Sync 1 DAGs
[2026-08-30T14:02:53.707+0000] {logging_mixin.py:190} INFO - [2026-08-30T14:02:53.707+0000] {dag.py:4180} INFO - Setting next_dagrun for etl_weather_postgres_dag to None, run_after=None
[2026-08-30T14:02:53.726+0000] {processor.py:208} INFO - Processing /opt/airflow/dags/05_etl_weather_postgres.py took 0.104 seconds
[2026-08-30T14:03:24.369+0000] {processor.py:186} INFO - Started process (PID=1210) to work on /opt/airflow/dags/05_etl_weather_postgres.py
[2026-08-30T14:03:24.371+0000] {processor.py:914} INFO - Processing file /opt/airflow/dags/05_etl_weather_postgres.py for tasks to queue
[2026-08-30T14:03:24.378+0000] {logging_mixin.py:190} INFO - [2026-08-30T14:03:24.377+0000] {dagbag.py:588} INFO - Filling up the DagBag from /opt/airflow/dags/05_etl_weather_postgres.py
[2026-08-30T14:03:24.402+0000] {processor.py:925} INFO - DAG(s) 'etl_weather_postgres_dag' retrieved from /opt/airflow/dags/05_etl_weather_postgres.py
[2026-08-30T14:03:24.452+0000] {logging_mixin.py:190} INFO - [2026-08-30T14:03:24.452+0000] {dag.py:3239} INFO - Sync 1 DAGs
[2026-08-30T14:03:24.472+0000] {logging_mixin.py:190} INFO - [2026-08-30T14:03:24.471+0000] {dag.py:4180} INFO - Setting next_dagrun for etl_weather_postgres_dag to None, run_after=None
[2026-08-30T14:03:24.496+0000] {processor.py:208} INFO - Processing /opt/airflow/dags/05_etl_weather_postgres.py took 0.136 seconds
[2026-08-30T14:03:55.106+0000] {processor.py:186} INFO - Started process (PID=1222) to work on /opt/airflow/dags/05_etl_weather_postgres.py
[2026-08-30T14:03:55.108+0000] {processor.py:914} INFO - Processing file /opt/airflow/dags/05_etl_weather_postgres.py for tasks to queue
[2026-08-30T14:03:55.111+0000] {logging_mixin.py:190} INFO - [2026-08-30T14:03:55.110+0000] {dagbag.py:588} INFO - Filling up the DagBag from /opt/airflow/dags/05_etl_weather_postgres.py
[2026-08-30T14:03:55.131+0000] {processor.py:925} INFO - DAG(s) 'etl_weather_postgres_dag' retrieved from /opt/airflow/dags/05_etl_weather_postgres.py
[2026-08-30T14:03:55.158+0000] {logging_mixin.py:190} INFO - [2026-08-30T14:03:55.158+0000] {dag.py:3239} INFO - Sync 1 DAGs
[2026-08-30T14:03:55.170+0000] {logging_mixin.py:190} INFO - [2026-08-30T14:03:55.170+0000] {dag.py:4180} INFO - Setting next_dagrun for etl_weather_postgres_dag to None, run_after=None
[2026-08-30T14:03:55.185+0000] {processor.py:208} INFO - Processing /opt/airflow/dags/05_etl_weather_postgres.py took 0.085 seconds
[2026-08-30T14:04:25.791+0000] {processor.py:186} INFO - Started process (PID=1234) to work on /opt/airflow/dags/05_etl_weather_postgres.py
[2026-08-30T14:04:25.792+0000] {processor.py:914} INFO - Processing file /opt/airflow/dags/05_etl_weather_postgres.py for tasks to queue
[2026-08-30T14:04:25.796+0000] {logging_mixin.py:190} INFO - [2026-08-30T14:04:25.795+0000] {dagbag.py:588} INFO - Filling up the DagBag from /opt/airflow/dags/05_etl_weather_postgres.py
[2026-08-30T14:04:25.818+0000] {processor.py:925} INFO - DAG(s) 'etl_weather_postgres_dag' retrieved from /opt/airflow/dags/05_etl_weather_postgres.py
[2026-08-30T14:04:25.855+0000] {logging_mixin.py:190} INFO - [2026-08-30T14:04:25.855+0000] {dag.py:3239} INFO - Sync 1 DAGs
[2026-08-30T14:04:25.867+0000] {logging_mixin.py:190} INFO - [2026-08-30T14:04:25.867+0000] {dag.py:4180} INFO - Setting next_dagrun for etl_weather_postgres_dag to None, run_after=None
[2026-08-30T14:04:25.882+0000] {processor.py:208} INFO - Processing /opt/airflow/dags/05_etl_weather_postgres.py took 0.101 seconds
[2026-08-30T14:04:56.524+0000] {processor.py:186} INFO - Started process (PID=1246) to work on /opt/airflow/dags/05_etl_weather_postgres.py
[2026-08-30T14:04:56.526+0000] {processor.py:914} INFO - Processing file /opt/airflow/dags/05_etl_weather_postgres.py for tasks to queue
[2026-08-30T14:04:56.531+0000] {logging_mixin.py:190} INFO - [2026-08-30T14:04:56.530+0000] {dagbag.py:588} INFO - Filling up the DagBag from /opt/airflow/dags/05_etl_weather_postgres.py
[2026-08-30T14:04:56.559+0000] {processor.py:925} INFO - DAG(s) 'etl_weather_postgres_dag' retrieved from /opt/airflow/dags/05_etl_weather_postgres.py
[2026-08-30T14:04:56.601+0000] {logging_mixin.py:190} INFO - [2026-08-30T14:04:56.601+0000] {dag.py:3239} INFO - Sync 1 DAGs
[2026-08-30T14:04:56.620+0000] {logging_mixin.py:190} INFO - [2026-08-30T14:04:56.620+0000] {dag.py:4180} INFO - Setting next_dagrun for etl_weather_postgres_dag to None, run_after=None
[2026-08-30T14:04:56.638+0000] {processor.py:208} INFO - Processing /opt/airflow/dags/05_etl_weather_postgres.py took 0.127 seconds
[2026-08-30T14:05:27.293+0000] {processor.py:186} INFO - Started process (PID=1258) to work on /opt/airflow/dags/05_etl_weather_postgres.py
[2026-08-30T14:05:27.295+0000] {processor.py:914} INFO - Processing file /opt/airflow/dags/05_etl_weather_postgres.py for tasks to queue
[2026-08-30T14:05:27.306+0000] {logging_mixin.py:190} INFO - [2026-08-30T14:05:27.305+0000] {dagbag.py:588} INFO - Filling up the DagBag from /opt/airflow/dags/05_etl_weather_postgres.py
[2026-08-30T14:05:27.343+0000] {processor.py:925} INFO - DAG(s) 'etl_weather_postgres_dag' retrieved from /opt/airflow/dags/05_etl_weather_postgres.py
[2026-08-30T14:05:27.409+0000] {logging_mixin.py:190} INFO - [2026-08-30T14:05:27.409+0000] {dag.py:3239} INFO - Sync 1 DAGs
[2026-08-30T14:05:27.428+0000] {logging_mixin.py:190} INFO - [2026-08-30T14:05:27.428+0000] {dag.py:4180} INFO - Setting next_dagrun for etl_weather_postgres_dag to None, run_after=None
[2026-08-30T14:05:27.451+0000] {processor.py:208} INFO - Processing /opt/airflow/dags/05_etl_weather_postgres.py took 0.175 seconds
[2026-08-30T14:05:58.191+0000] {processor.py:186} INFO - Started process (PID=1270) to work on /opt/airflow/dags/05_etl_weather_postgres.py
[2026-08-30T14:05:58.193+0000] {processor.py:914} INFO - Processing file /opt/airflow/dags/05_etl_weather_postgres.py for tasks to queue
[2026-08-30T14:05:58.200+0000] {logging_mixin.py:190} INFO - [2026-08-30T14:05:58.200+0000] {dagbag.py:588} INFO - Filling up the DagBag from /opt/airflow/dags/05_etl_weather_postgres.py
[2026-08-30T14:05:58.227+0000] {processor.py:925} INFO - DAG(s) 'etl_weather_postgres_dag' retrieved from /opt/airflow/dags/05_etl_weather_postgres.py
[2026-08-30T14:05:58.274+0000] {logging_mixin.py:190} INFO - [2026-08-30T14:05:58.274+0000] {dag.py:3239} INFO - Sync 1 DAGs
[2026-08-30T14:05:58.291+0000] {logging_mixin.py:190} INFO - [2026-08-30T14:05:58.291+0000] {dag.py:4180} INFO - Setting next_dagrun for etl_weather_postgres_dag to None, run_after=None
[2026-08-30T14:05:58.306+0000] {processor.py:208} INFO - Processing /opt/airflow/dags/05_etl_weather_postgres.py took 0.127 seconds
[2026-08-30T14:06:28.993+0000] {processor.py:186} INFO - Started process (PID=1282) to work on /opt/airflow/dags/05_etl_weather_postgres.py
[2026-08-30T14:06:28.996+0000] {processor.py:914} INFO - Processing file /opt/airflow/dags/05_etl_weather_postgres.py for tasks to queue
[2026-08-30T14:06:28.999+0000] {logging_mixin.py:190} INFO - [2026-08-30T14:06:28.998+0000] {dagbag.py:588} INFO - Filling up the DagBag from /opt/airflow/dags/05_etl_weather_postgres.py
[2026-08-30T14:06:29.030+0000] {processor.py:925} INFO - DAG(s) 'etl_weather_postgres_dag' retrieved from /opt/airflow/dags/05_etl_weather_postgres.py
[2026-08-30T14:06:29.082+0000] {logging_mixin.py:190} INFO - [2026-08-30T14:06:29.081+0000] {dag.py:3239} INFO - Sync 1 DAGs
[2026-08-30T14:06:29.101+0000] {logging_mixin.py:190} INFO - [2026-08-30T14:06:29.101+0000] {dag.py:4180} INFO - Setting next_dagrun for etl_weather_postgres_dag to None, run_after=None
[2026-08-30T14:06:29.124+0000] {processor.py:208} INFO - Processing /opt/airflow/dags/05_etl_weather_postgres.py took 0.142 seconds
[2026-08-30T14:06:59.797+0000] {processor.py:186} INFO - Started process (PID=1294) to work on /opt/airflow/dags/05_etl_weather_postgres.py
[2026-08-30T14:06:59.799+0000] {processor.py:914} INFO - Processing file /opt/airflow/dags/05_etl_weather_postgres.py for tasks to queue
[2026-08-30T14:06:59.803+0000] {logging_mixin.py:190} INFO - [2026-08-30T14:06:59.802+0000] {dagbag.py:588} INFO - Filling up the DagBag from /opt/airflow/dags/05_etl_weather_postgres.py
[2026-08-30T14:06:59.836+0000] {processor.py:925} INFO - DAG(s) 'etl_weather_postgres_dag' retrieved from /opt/airflow/dags/05_etl_weather_postgres.py
[2026-08-30T14:06:59.891+0000] {logging_mixin.py:190} INFO - [2026-08-30T14:06:59.890+0000] {dag.py:3239} INFO - Sync 1 DAGs
[2026-08-30T14:06:59.914+0000] {logging_mixin.py:190} INFO - [2026-08-30T14:06:59.913+0000] {dag.py:4180} INFO - Setting next_dagrun for etl_weather_postgres_dag to None, run_after=None
[2026-08-30T14:06:59.934+0000] {processor.py:208} INFO - Processing /opt/airflow/dags/05_etl_weather_postgres.py took 0.150 seconds
[2026-08-30T14:07:30.590+0000] {processor.py:186} INFO - Started process (PID=1306) to work on /opt/airflow/dags/05_etl_weather_postgres.py
[2026-08-30T14:07:30.591+0000] {processor.py:914} INFO - Processing file /opt/airflow/dags/05_etl_weather_postgres.py for tasks to queue
[2026-08-30T14:07:30.596+0000] {logging_mixin.py:190} INFO - [2026-08-30T14:07:30.595+0000] {dagbag.py:588} INFO - Filling up the DagBag from /opt/airflow/dags/05_etl_weather_postgres.py
[2026-08-30T14:07:30.620+0000] {processor.py:925} INFO - DAG(s) 'etl_weather_postgres_dag' retrieved from /opt/airflow/dags/05_etl_weather_postgres.py
[2026-08-30T14:07:30.670+0000] {logging_mixin.py:190} INFO - [2026-08-30T14:07:30.669+0000] {dag.py:3239} INFO - Sync 1 DAGs
[2026-08-30T14:07:30.691+0000] {logging_mixin.py:190} INFO - [2026-08-30T14:07:30.691+0000] {dag.py:4180} INFO - Setting next_dagrun for etl_weather_postgres_dag to None, run_after=None
[2026-08-30T14:07:30.722+0000] {processor.py:208} INFO - Processing /opt/airflow/dags/05_etl_weather_postgres.py took 0.141 seconds
[2026-08-30T14:08:01.358+0000] {processor.py:186} INFO - Started process (PID=1318) to work on /opt/airflow/dags/05_etl_weather_postgres.py
[2026-08-30T14:08:01.363+0000] {processor.py:914} INFO - Processing file /opt/airflow/dags/05_etl_weather_postgres.py for tasks to queue
[2026-08-30T14:08:01.366+0000] {logging_mixin.py:190} INFO - [2026-08-30T14:08:01.366+0000] {dagbag.py:588} INFO - Filling up the DagBag from /opt/airflow/dags/05_etl_weather_postgres.py
[2026-08-30T14:08:01.398+0000] {processor.py:925} INFO - DAG(s) 'etl_weather_postgres_dag' retrieved from /opt/airflow/dags/05_etl_weather_postgres.py
[2026-08-30T14:08:01.446+0000] {logging_mixin.py:190} INFO - [2026-08-30T14:08:01.446+0000] {dag.py:3239} INFO - Sync 1 DAGs
[2026-08-30T14:08:01.464+0000] {logging_mixin.py:190} INFO - [2026-08-30T14:08:01.464+0000] {dag.py:4180} INFO - Setting next_dagrun for etl_weather_postgres_dag to None, run_after=None
[2026-08-30T14:08:01.483+0000] {processor.py:208} INFO - Processing /opt/airflow/dags/05_etl_weather_postgres.py took 0.138 seconds
[2026-08-30T14:08:32.080+0000] {processor.py:186} INFO - Started process (PID=1329) to work on /opt/airflow/dags/05_etl_weather_postgres.py
[2026-08-30T14:08:32.082+0000] {processor.py:914} INFO - Processing file /opt/airflow/dags/05_etl_weather_postgres.py for tasks to queue
[2026-08-30T14:08:32.085+0000] {logging_mixin.py:190} INFO - [2026-08-30T14:08:32.084+0000] {dagbag.py:588} INFO - Filling up the DagBag from /opt/airflow/dags/05_etl_weather_postgres.py
[2026-08-30T14:08:32.114+0000] {processor.py:925} INFO - DAG(s) 'etl_weather_postgres_dag' retrieved from /opt/airflow/dags/05_etl_weather_postgres.py
[2026-08-30T14:08:32.166+0000] {logging_mixin.py:190} INFO - [2026-08-30T14:08:32.165+0000] {dag.py:3239} INFO - Sync 1 DAGs
[2026-08-30T14:08:32.191+0000] {logging_mixin.py:190} INFO - [2026-08-30T14:08:32.191+0000] {dag.py:4180} INFO - Setting next_dagrun for etl_weather_postgres_dag to None, run_after=None
[2026-08-30T14:08:32.214+0000] {processor.py:208} INFO - Processing /opt/airflow/dags/05_etl_weather_postgres.py took 0.145 seconds
[2026-08-30T14:09:02.874+0000] {processor.py:186} INFO - Started process (PID=1341) to work on /opt/airflow/dags/05_etl_weather_postgres.py
[2026-08-30T14:09:02.879+0000] {processor.py:914} INFO - Processing file /opt/airflow/dags/05_etl_weather_postgres.py for tasks to queue
[2026-08-30T14:09:02.883+0000] {logging_mixin.py:190} INFO - [2026-08-30T14:09:02.882+0000] {dagbag.py:588} INFO - Filling up the DagBag from /opt/airflow/dags/05_etl_weather_postgres.py
[2026-08-30T14:09:02.909+0000] {processor.py:925} INFO - DAG(s) 'etl_weather_postgres_dag' retrieved from /opt/airflow/dags/05_etl_weather_postgres.py
[2026-08-30T14:09:02.949+0000] {logging_mixin.py:190} INFO - [2026-08-30T14:09:02.948+0000] {dag.py:3239} INFO - Sync 1 DAGs
[2026-08-30T14:09:02.968+0000] {logging_mixin.py:190} INFO - [2026-08-30T14:09:02.968+0000] {dag.py:4180} INFO - Setting next_dagrun for etl_weather_postgres_dag to None, run_after=None
[2026-08-30T14:09:02.985+0000] {processor.py:208} INFO - Processing /opt/airflow/dags/05_etl_weather_postgres.py took 0.123 seconds
[2026-08-30T14:09:33.610+0000] {processor.py:186} INFO - Started process (PID=1353) to work on /opt/airflow/dags/05_etl_weather_postgres.py
[2026-08-30T14:09:33.612+0000] {processor.py:914} INFO - Processing file /opt/airflow/dags/05_etl_weather_postgres.py for tasks to queue
[2026-08-30T14:09:33.619+0000] {logging_mixin.py:190} INFO - [2026-08-30T14:09:33.618+0000] {dagbag.py:588} INFO - Filling up the DagBag from /opt/airflow/dags/05_etl_weather_postgres.py
[2026-08-30T14:09:33.645+0000] {processor.py:925} INFO - DAG(s) 'etl_weather_postgres_dag' retrieved from /opt/airflow/dags/05_etl_weather_postgres.py
[2026-08-30T14:09:33.687+0000] {logging_mixin.py:190} INFO - [2026-08-30T14:09:33.687+0000] {dag.py:3239} INFO - Sync 1 DAGs
[2026-08-30T14:09:33.701+0000] {logging_mixin.py:190} INFO - [2026-08-30T14:09:33.701+0000] {dag.py:4180} INFO - Setting next_dagrun for etl_weather_postgres_dag to None, run_after=None
[2026-08-30T14:09:33.719+0000] {processor.py:208} INFO - Processing /opt/airflow/dags/05_etl_weather_postgres.py took 0.124 seconds
[2026-08-30T14:10:04.333+0000] {processor.py:186} INFO - Started process (PID=1365) to work on /opt/airflow/dags/05_etl_weather_postgres.py
[2026-08-30T14:10:04.335+0000] {processor.py:914} INFO - Processing file /opt/airflow/dags/05_etl_weather_postgres.py for tasks to queue
[2026-08-30T14:10:04.337+0000] {logging_mixin.py:190} INFO - [2026-08-30T14:10:04.337+0000] {dagbag.py:588} INFO - Filling up the DagBag from /opt/airflow/dags/05_etl_weather_postgres.py
[2026-08-30T14:10:04.362+0000] {processor.py:925} INFO - DAG(s) 'etl_weather_postgres_dag' retrieved from /opt/airflow/dags/05_etl_weather_postgres.py
[2026-08-30T14:10:04.418+0000] {logging_mixin.py:190} INFO - [2026-08-30T14:10:04.418+0000] {dag.py:3239} INFO - Sync 1 DAGs
[2026-08-30T14:10:04.435+0000] {logging_mixin.py:190} INFO - [2026-08-30T14:10:04.435+0000] {dag.py:4180} INFO - Setting next_dagrun for etl_weather_postgres_dag to None, run_after=None
[2026-08-30T14:10:04.459+0000] {processor.py:208} INFO - Processing /opt/airflow/dags/05_etl_weather_postgres.py took 0.137 seconds
[2026-08-30T14:10:35.100+0000] {processor.py:186} INFO - Started process (PID=1377) to work on /opt/airflow/dags/05_etl_weather_postgres.py
[2026-08-30T14:10:35.102+0000] {processor.py:914} INFO - Processing file /opt/airflow/dags/05_etl_weather_postgres.py for tasks to queue
[2026-08-30T14:10:35.110+0000] {logging_mixin.py:190} INFO - [2026-08-30T14:10:35.110+0000] {dagbag.py:588} INFO - Filling up the DagBag from /opt/airflow/dags/05_etl_weather_postgres.py
[2026-08-30T14:10:35.132+0000] {processor.py:925} INFO - DAG(s) 'etl_weather_postgres_dag' retrieved from /opt/airflow/dags/05_etl_weather_postgres.py
[2026-08-30T14:10:35.176+0000] {logging_mixin.py:190} INFO - [2026-08-30T14:10:35.176+0000] {dag.py:3239} INFO - Sync 1 DAGs
[2026-08-30T14:10:35.193+0000] {logging_mixin.py:190} INFO - [2026-08-30T14:10:35.193+0000] {dag.py:4180} INFO - Setting next_dagrun for etl_weather_postgres_dag to None, run_after=None
[2026-08-30T14:10:35.208+0000] {processor.py:208} INFO - Processing /opt/airflow/dags/05_etl_weather_postgres.py took 0.124 seconds
[2026-08-30T14:11:05.871+0000] {processor.py:186} INFO - Started process (PID=1389) to work on /opt/airflow/dags/05_etl_weather_postgres.py
[2026-08-30T14:11:05.872+0000] {processor.py:914} INFO - Processing file /opt/airflow/dags/05_etl_weather_postgres.py for tasks to queue
[2026-08-30T14:11:05.875+0000] {logging_mixin.py:190} INFO - [2026-08-30T14:11:05.875+0000] {dagbag.py:588} INFO - Filling up the DagBag from /opt/airflow/dags/05_etl_weather_postgres.py
[2026-08-30T14:11:05.896+0000] {processor.py:925} INFO - DAG(s) 'etl_weather_postgres_dag' retrieved from /opt/airflow/dags/05_etl_weather_postgres.py
[2026-08-30T14:11:05.945+0000] {logging_mixin.py:190} INFO - [2026-08-30T14:11:05.945+0000] {dag.py:3239} INFO - Sync 1 DAGs
[2026-08-30T14:11:05.963+0000] {logging_mixin.py:190} INFO - [2026-08-30T14:11:05.963+0000] {dag.py:4180} INFO - Setting next_dagrun for etl_weather_postgres_dag to None, run_after=None
[2026-08-30T14:11:05.984+0000] {processor.py:208} INFO - Processing /opt/airflow/dags/05_etl_weather_postgres.py took 0.133 seconds
[2026-08-30T14:11:36.728+0000] {processor.py:186} INFO - Started process (PID=1401) to work on /opt/airflow/dags/05_etl_weather_postgres.py
[2026-08-30T14:11:36.730+0000] {processor.py:914} INFO - Processing file /opt/airflow/dags/05_etl_weather_postgres.py for tasks to queue
[2026-08-30T14:11:36.736+0000] {logging_mixin.py:190} INFO - [2026-08-30T14:11:36.734+0000] {dagbag.py:588} INFO - Filling up the DagBag from /opt/airflow/dags/05_etl_weather_postgres.py
[2026-08-30T14:11:36.762+0000] {processor.py:925} INFO - DAG(s) 'etl_weather_postgres_dag' retrieved from /opt/airflow/dags/05_etl_weather_postgres.py
[2026-08-30T14:11:36.807+0000] {logging_mixin.py:190} INFO - [2026-08-30T14:11:36.807+0000] {dag.py:3239} INFO - Sync 1 DAGs
[2026-08-30T14:11:36.827+0000] {logging_mixin.py:190} INFO - [2026-08-30T14:11:36.827+0000] {dag.py:4180} INFO - Setting next_dagrun for etl_weather_postgres_dag to None, run_after=None
[2026-08-30T14:11:36.848+0000] {processor.py:208} INFO - Processing /opt/airflow/dags/05_etl_weather_postgres.py took 0.132 seconds
[2026-08-30T14:12:07.469+0000] {processor.py:186} INFO - Started process (PID=1413) to work on /opt/airflow/dags/05_etl_weather_postgres.py
[2026-08-30T14:12:07.470+0000] {processor.py:914} INFO - Processing file /opt/airflow/dags/05_etl_weather_postgres.py for tasks to queue
[2026-08-30T14:12:07.474+0000] {logging_mixin.py:190} INFO - [2026-08-30T14:12:07.474+0000] {dagbag.py:588} INFO - Filling up the DagBag from /opt/airflow/dags/05_etl_weather_postgres.py
[2026-08-30T14:12:07.500+0000] {processor.py:925} INFO - DAG(s) 'etl_weather_postgres_dag' retrieved from /opt/airflow/dags/05_etl_weather_postgres.py
[2026-08-30T14:12:07.547+0000] {logging_mixin.py:190} INFO - [2026-08-30T14:12:07.547+0000] {dag.py:3239} INFO - Sync 1 DAGs
[2026-08-30T14:12:07.571+0000] {logging_mixin.py:190} INFO - [2026-08-30T14:12:07.571+0000] {dag.py:4180} INFO - Setting next_dagrun for etl_weather_postgres_dag to None, run_after=None
[2026-08-30T14:12:07.593+0000] {processor.py:208} INFO - Processing /opt/airflow/dags/05_etl_weather_postgres.py took 0.130 seconds
[2026-08-30T14:12:38.216+0000] {processor.py:186} INFO - Started process (PID=1425) to work on /opt/airflow/dags/05_etl_weather_postgres.py
[2026-08-30T14:12:38.218+0000] {processor.py:914} INFO - Processing file /opt/airflow/dags/05_etl_weather_postgres.py for tasks to queue
[2026-08-30T14:12:38.222+0000] {logging_mixin.py:190} INFO - [2026-08-30T14:12:38.222+0000] {dagbag.py:588} INFO - Filling up the DagBag from /opt/airflow/dags/05_etl_weather_postgres.py
[2026-08-30T14:12:38.245+0000] {processor.py:925} INFO - DAG(s) 'etl_weather_postgres_dag' retrieved from /opt/airflow/dags/05_etl_weather_postgres.py
[2026-08-30T14:12:38.294+0000] {logging_mixin.py:190} INFO - [2026-08-30T14:12:38.293+0000] {dag.py:3239} INFO - Sync 1 DAGs
[2026-08-30T14:12:38.310+0000] {logging_mixin.py:190} INFO - [2026-08-30T14:12:38.310+0000] {dag.py:4180} INFO - Setting next_dagrun for etl_weather_postgres_dag to None, run_after=None
[2026-08-30T14:12:38.331+0000] {processor.py:208} INFO - Processing /opt/airflow/dags/05_etl_weather_postgres.py took 0.125 seconds
[2026-08-30T14:13:08.954+0000] {processor.py:186} INFO - Started process (PID=1437) to work on /opt/airflow/dags/05_etl_weather_postgres.py
[2026-08-30T14:13:08.956+0000] {processor.py:914} INFO - Processing file /opt/airflow/dags/05_etl_weather_postgres.py for tasks to queue
[2026-08-30T14:13:08.962+0000] {logging_mixin.py:190} INFO - [2026-08-30T14:13:08.962+0000] {dagbag.py:588} INFO - Filling up the DagBag from /opt/airflow/dags/05_etl_weather_postgres.py
[2026-08-30T14:13:08.989+0000] {processor.py:925} INFO - DAG(s) 'etl_weather_postgres_dag' retrieved from /opt/airflow/dags/05_etl_weather_postgres.py
[2026-08-30T14:13:09.022+0000] {logging_mixin.py:190} INFO - [2026-08-30T14:13:09.021+0000] {dag.py:3239} INFO - Sync 1 DAGs
[2026-08-30T14:13:09.034+0000] {logging_mixin.py:190} INFO - [2026-08-30T14:13:09.034+0000] {dag.py:4180} INFO - Setting next_dagrun for etl_weather_postgres_dag to None, run_after=None
[2026-08-30T14:13:09.050+0000] {processor.py:208} INFO - Processing /opt/airflow/dags/05_etl_weather_postgres.py took 0.103 seconds
[2026-08-30T14:13:39.637+0000] {processor.py:186} INFO - Started process (PID=1449) to work on /opt/airflow/dags/05_etl_weather_postgres.py
[2026-08-30T14:13:39.639+0000] {processor.py:914} INFO - Processing file /opt/airflow/dags/05_etl_weather_postgres.py for tasks to queue
[2026-08-30T14:13:39.656+0000] {logging_mixin.py:190} INFO - [2026-08-30T14:13:39.654+0000] {dagbag.py:588} INFO - Filling up the DagBag from /opt/airflow/dags/05_etl_weather_postgres.py
[2026-08-30T14:13:39.687+0000] {processor.py:925} INFO - DAG(s) 'etl_weather_postgres_dag' retrieved from /opt/airflow/dags/05_etl_weather_postgres.py
[2026-08-30T14:13:39.716+0000] {logging_mixin.py:190} INFO - [2026-08-30T14:13:39.716+0000] {dag.py:3239} INFO - Sync 1 DAGs
[2026-08-30T14:13:39.730+0000] {logging_mixin.py:190} INFO - [2026-08-30T14:13:39.730+0000] {dag.py:4180} INFO - Setting next_dagrun for etl_weather_postgres_dag to None, run_after=None
[2026-08-30T14:13:39.747+0000] {processor.py:208} INFO - Processing /opt/airflow/dags/05_etl_weather_postgres.py took 0.119 seconds
[2026-08-30T14:14:10.348+0000] {processor.py:186} INFO - Started process (PID=1461) to work on /opt/airflow/dags/05_etl_weather_postgres.py
[2026-08-30T14:14:10.350+0000] {processor.py:914} INFO - Processing file /opt/airflow/dags/05_etl_weather_postgres.py for tasks to queue
[2026-08-30T14:14:10.356+0000] {logging_mixin.py:190} INFO - [2026-08-30T14:14:10.356+0000] {dagbag.py:588} INFO - Filling up the DagBag from /opt/airflow/dags/05_etl_weather_postgres.py
[2026-08-30T14:14:10.375+0000] {processor.py:925} INFO - DAG(s) 'etl_weather_postgres_dag' retrieved from /opt/airflow/dags/05_etl_weather_postgres.py
[2026-08-30T14:14:10.421+0000] {logging_mixin.py:190} INFO - [2026-08-30T14:14:10.421+0000] {dag.py:3239} INFO - Sync 1 DAGs
[2026-08-30T14:14:10.438+0000] {logging_mixin.py:190} INFO - [2026-08-30T14:14:10.438+0000] {dag.py:4180} INFO - Setting next_dagrun for etl_weather_postgres_dag to None, run_after=None
[2026-08-30T14:14:10.458+0000] {processor.py:208} INFO - Processing /opt/airflow/dags/05_etl_weather_postgres.py took 0.124 seconds
[2026-08-30T14:14:41.096+0000] {processor.py:186} INFO - Started process (PID=1474) to work on /opt/airflow/dags/05_etl_weather_postgres.py
[2026-08-30T14:14:41.098+0000] {processor.py:914} INFO - Processing file /opt/airflow/dags/05_etl_weather_postgres.py for tasks to queue
[2026-08-30T14:14:41.101+0000] {logging_mixin.py:190} INFO - [2026-08-30T14:14:41.101+0000] {dagbag.py:588} INFO - Filling up the DagBag from /opt/airflow/dags/05_etl_weather_postgres.py
[2026-08-30T14:14:41.122+0000] {processor.py:925} INFO - DAG(s) 'etl_weather_postgres_dag' retrieved from /opt/airflow/dags/05_etl_weather_postgres.py
[2026-08-30T14:14:41.158+0000] {logging_mixin.py:190} INFO - [2026-08-30T14:14:41.158+0000] {dag.py:3239} INFO - Sync 1 DAGs
[2026-08-30T14:14:41.176+0000] {logging_mixin.py:190} INFO - [2026-08-30T14:14:41.176+0000] {dag.py:4180} INFO - Setting next_dagrun for etl_weather_postgres_dag to None, run_after=None
[2026-08-30T14:14:41.198+0000] {processor.py:208} INFO - Processing /opt/airflow/dags/05_etl_weather_postgres.py took 0.112 seconds
[2026-08-30T14:15:11.828+0000] {processor.py:186} INFO - Started process (PID=1486) to work on /opt/airflow/dags/05_etl_weather_postgres.py
[2026-08-30T14:15:11.829+0000] {processor.py:914} INFO - Processing file /opt/airflow/dags/05_etl_weather_postgres.py for tasks to queue
[2026-08-30T14:15:11.832+0000] {logging_mixin.py:190} INFO - [2026-08-30T14:15:11.831+0000] {dagbag.py:588} INFO - Filling up the DagBag from /opt/airflow/dags/05_etl_weather_postgres.py
[2026-08-30T14:15:11.854+0000] {processor.py:925} INFO - DAG(s) 'etl_weather_postgres_dag' retrieved from /opt/airflow/dags/05_etl_weather_postgres.py
[2026-08-30T14:15:11.896+0000] {logging_mixin.py:190} INFO - [2026-08-30T14:15:11.896+0000] {dag.py:3239} INFO - Sync 1 DAGs
[2026-08-30T14:15:11.912+0000] {logging_mixin.py:190} INFO - [2026-08-30T14:15:11.912+0000] {dag.py:4180} INFO - Setting next_dagrun for etl_weather_postgres_dag to None, run_after=None
[2026-08-30T14:15:11.932+0000] {processor.py:208} INFO - Processing /opt/airflow/dags/05_etl_weather_postgres.py took 0.112 seconds
[2026-08-30T14:15:42.625+0000] {processor.py:186} INFO - Started process (PID=1498) to work on /opt/airflow/dags/05_etl_weather_postgres.py
[2026-08-30T14:15:42.627+0000] {processor.py:914} INFO - Processing file /opt/airflow/dags/05_etl_weather_postgres.py for tasks to queue
[2026-08-30T14:15:42.628+0000] {logging_mixin.py:190} INFO - [2026-08-30T14:15:42.628+0000] {dagbag.py:588} INFO - Filling up the DagBag from /opt/airflow/dags/05_etl_weather_postgres.py
[2026-08-30T14:15:42.652+0000] {processor.py:925} INFO - DAG(s) 'etl_weather_postgres_dag' retrieved from /opt/airflow/dags/05_etl_weather_postgres.py
[2026-08-30T14:15:42.687+0000] {logging_mixin.py:190} INFO - [2026-08-30T14:15:42.687+0000] {dag.py:3239} INFO - Sync 1 DAGs
[2026-08-30T14:15:42.705+0000] {logging_mixin.py:190} INFO - [2026-08-30T14:15:42.705+0000] {dag.py:4180} INFO - Setting next_dagrun for etl_weather_postgres_dag to None, run_after=None
[2026-08-30T14:15:42.722+0000] {processor.py:208} INFO - Processing /opt/airflow/dags/05_etl_weather_postgres.py took 0.106 seconds
[2026-08-30T14:16:13.360+0000] {processor.py:186} INFO - Started process (PID=1510) to work on /opt/airflow/dags/05_etl_weather_postgres.py
[2026-08-30T14:16:13.361+0000] {processor.py:914} INFO - Processing file /opt/airflow/dags/05_etl_weather_postgres.py for tasks to queue
[2026-08-30T14:16:13.364+0000] {logging_mixin.py:190} INFO - [2026-08-30T14:16:13.364+0000] {dagbag.py:588} INFO - Filling up the DagBag from /opt/airflow/dags/05_etl_weather_postgres.py
[2026-08-30T14:16:13.383+0000] {processor.py:925} INFO - DAG(s) 'etl_weather_postgres_dag' retrieved from /opt/airflow/dags/05_etl_weather_postgres.py
[2026-08-30T14:16:13.424+0000] {logging_mixin.py:190} INFO - [2026-08-30T14:16:13.424+0000] {dag.py:3239} INFO - Sync 1 DAGs
[2026-08-30T14:16:13.437+0000] {logging_mixin.py:190} INFO - [2026-08-30T14:16:13.437+0000] {dag.py:4180} INFO - Setting next_dagrun for etl_weather_postgres_dag to None, run_after=None
[2026-08-30T14:16:13.459+0000] {processor.py:208} INFO - Processing /opt/airflow/dags/05_etl_weather_postgres.py took 0.114 seconds
[2026-08-30T14:16:44.140+0000] {processor.py:186} INFO - Started process (PID=1521) to work on /opt/airflow/dags/05_etl_weather_postgres.py
[2026-08-30T14:16:44.142+0000] {processor.py:914} INFO - Processing file /opt/airflow/dags/05_etl_weather_postgres.py for tasks to queue
[2026-08-30T14:16:44.146+0000] {logging_mixin.py:190} INFO - [2026-08-30T14:16:44.146+0000] {dagbag.py:588} INFO - Filling up the DagBag from /opt/airflow/dags/05_etl_weather_postgres.py
[2026-08-30T14:16:44.175+0000] {processor.py:925} INFO - DAG(s) 'etl_weather_postgres_dag' retrieved from /opt/airflow/dags/05_etl_weather_postgres.py
[2026-08-30T14:16:44.222+0000] {logging_mixin.py:190} INFO - [2026-08-30T14:16:44.221+0000] {dag.py:3239} INFO - Sync 1 DAGs
[2026-08-30T14:16:44.240+0000] {logging_mixin.py:190} INFO - [2026-08-30T14:16:44.240+0000] {dag.py:4180} INFO - Setting next_dagrun for etl_weather_postgres_dag to None, run_after=None
[2026-08-30T14:16:44.260+0000] {processor.py:208} INFO - Processing /opt/airflow/dags/05_etl_weather_postgres.py took 0.128 seconds
[2026-08-30T14:17:14.976+0000] {processor.py:186} INFO - Started process (PID=1533) to work on /opt/airflow/dags/05_etl_weather_postgres.py
[2026-08-30T14:17:14.978+0000] {processor.py:914} INFO - Processing file /opt/airflow/dags/05_etl_weather_postgres.py for tasks to queue
[2026-08-30T14:17:14.982+0000] {logging_mixin.py:190} INFO - [2026-08-30T14:17:14.982+0000] {dagbag.py:588} INFO - Filling up the DagBag from /opt/airflow/dags/05_etl_weather_postgres.py
[2026-08-30T14:17:15.015+0000] {processor.py:925} INFO - DAG(s) 'etl_weather_postgres_dag' retrieved from /opt/airflow/dags/05_etl_weather_postgres.py
[2026-08-30T14:17:15.072+0000] {logging_mixin.py:190} INFO - [2026-08-30T14:17:15.072+0000] {dag.py:3239} INFO - Sync 1 DAGs
[2026-08-30T14:17:15.101+0000] {logging_mixin.py:190} INFO - [2026-08-30T14:17:15.101+0000] {dag.py:4180} INFO - Setting next_dagrun for etl_weather_postgres_dag to None, run_after=None
[2026-08-30T14:17:15.121+0000] {processor.py:208} INFO - Processing /opt/airflow/dags/05_etl_weather_postgres.py took 0.155 seconds
[2026-08-30T14:17:45.867+0000] {processor.py:186} INFO - Started process (PID=1545) to work on /opt/airflow/dags/05_etl_weather_postgres.py
[2026-08-30T14:17:45.869+0000] {processor.py:914} INFO - Processing file /opt/airflow/dags/05_etl_weather_postgres.py for tasks to queue
[2026-08-30T14:17:45.872+0000] {logging_mixin.py:190} INFO - [2026-08-30T14:17:45.872+0000] {dagbag.py:588} INFO - Filling up the DagBag from /opt/airflow/dags/05_etl_weather_postgres.py
[2026-08-30T14:17:45.893+0000] {processor.py:925} INFO - DAG(s) 'etl_weather_postgres_dag' retrieved from /opt/airflow/dags/05_etl_weather_postgres.py
[2026-08-30T14:17:45.925+0000] {logging_mixin.py:190} INFO - [2026-08-30T14:17:45.925+0000] {dag.py:3239} INFO - Sync 1 DAGs
[2026-08-30T14:17:45.941+0000] {logging_mixin.py:190} INFO - [2026-08-30T14:17:45.941+0000] {dag.py:4180} INFO - Setting next_dagrun for etl_weather_postgres_dag to None, run_after=None
[2026-08-30T14:17:45.955+0000] {processor.py:208} INFO - Processing /opt/airflow/dags/05_etl_weather_postgres.py took 0.103 seconds
[2026-08-30T14:18:16.572+0000] {processor.py:186} INFO - Started process (PID=1557) to work on /opt/airflow/dags/05_etl_weather_postgres.py
[2026-08-30T14:18:16.574+0000] {processor.py:914} INFO - Processing file /opt/airflow/dags/05_etl_weather_postgres.py for tasks to queue
[2026-08-30T14:18:16.579+0000] {logging_mixin.py:190} INFO - [2026-08-30T14:18:16.578+0000] {dagbag.py:588} INFO - Filling up the DagBag from /opt/airflow/dags/05_etl_weather_postgres.py
[2026-08-30T14:18:16.607+0000] {processor.py:925} INFO - DAG(s) 'etl_weather_postgres_dag' retrieved from /opt/airflow/dags/05_etl_weather_postgres.py
[2026-08-30T14:18:16.645+0000] {logging_mixin.py:190} INFO - [2026-08-30T14:18:16.645+0000] {dag.py:3239} INFO - Sync 1 DAGs
[2026-08-30T14:18:16.660+0000] {logging_mixin.py:190} INFO - [2026-08-30T14:18:16.659+0000] {dag.py:4180} INFO - Setting next_dagrun for etl_weather_postgres_dag to None, run_after=None
[2026-08-30T14:18:16.677+0000] {processor.py:208} INFO - Processing /opt/airflow/dags/05_etl_weather_postgres.py took 0.113 seconds
[2026-08-30T14:18:47.352+0000] {processor.py:186} INFO - Started process (PID=1569) to work on /opt/airflow/dags/05_etl_weather_postgres.py
[2026-08-30T14:18:47.353+0000] {processor.py:914} INFO - Processing file /opt/airflow/dags/05_etl_weather_postgres.py for tasks to queue
[2026-08-30T14:18:47.357+0000] {logging_mixin.py:190} INFO - [2026-08-30T14:18:47.356+0000] {dagbag.py:588} INFO - Filling up the DagBag from /opt/airflow/dags/05_etl_weather_postgres.py
[2026-08-30T14:18:47.380+0000] {processor.py:925} INFO - DAG(s) 'etl_weather_postgres_dag' retrieved from /opt/airflow/dags/05_etl_weather_postgres.py
[2026-08-30T14:18:47.411+0000] {logging_mixin.py:190} INFO - [2026-08-30T14:18:47.410+0000] {dag.py:3239} INFO - Sync 1 DAGs
[2026-08-30T14:18:47.425+0000] {logging_mixin.py:190} INFO - [2026-08-30T14:18:47.425+0000] {dag.py:4180} INFO - Setting next_dagrun for etl_weather_postgres_dag to None, run_after=None
[2026-08-30T14:18:47.441+0000] {processor.py:208} INFO - Processing /opt/airflow/dags/05_etl_weather_postgres.py took 0.095 seconds
[2026-08-30T14:19:18.074+0000] {processor.py:186} INFO - Started process (PID=1581) to work on /opt/airflow/dags/05_etl_weather_postgres.py
[2026-08-30T14:19:18.075+0000] {processor.py:914} INFO - Processing file /opt/airflow/dags/05_etl_weather_postgres.py for tasks to queue
[2026-08-30T14:19:18.077+0000] {logging_mixin.py:190} INFO - [2026-08-30T14:19:18.077+0000] {dagbag.py:588} INFO - Filling up the DagBag from /opt/airflow/dags/05_etl_weather_postgres.py
[2026-08-30T14:19:18.128+0000] {processor.py:925} INFO - DAG(s) 'etl_weather_postgres_dag' retrieved from /opt/airflow/dags/05_etl_weather_postgres.py
[2026-08-30T14:19:18.172+0000] {logging_mixin.py:190} INFO - [2026-08-30T14:19:18.172+0000] {dag.py:3239} INFO - Sync 1 DAGs
[2026-08-30T14:19:18.186+0000] {logging_mixin.py:190} INFO - [2026-08-30T14:19:18.185+0000] {dag.py:4180} INFO - Setting next_dagrun for etl_weather_postgres_dag to None, run_after=None
[2026-08-30T14:19:18.201+0000] {processor.py:208} INFO - Processing /opt/airflow/dags/05_etl_weather_postgres.py took 0.138 seconds
[2026-08-30T14:19:48.980+0000] {processor.py:186} INFO - Started process (PID=1593) to work on /opt/airflow/dags/05_etl_weather_postgres.py
[2026-08-30T14:19:48.982+0000] {processor.py:914} INFO - Processing file /opt/airflow/dags/05_etl_weather_postgres.py for tasks to queue
[2026-08-30T14:19:48.987+0000] {logging_mixin.py:190} INFO - [2026-08-30T14:19:48.986+0000] {dagbag.py:588} INFO - Filling up the DagBag from /opt/airflow/dags/05_etl_weather_postgres.py
[2026-08-30T14:19:49.020+0000] {processor.py:925} INFO - DAG(s) 'etl_weather_postgres_dag' retrieved from /opt/airflow/dags/05_etl_weather_postgres.py
[2026-08-30T14:19:49.072+0000] {logging_mixin.py:190} INFO - [2026-08-30T14:19:49.072+0000] {dag.py:3239} INFO - Sync 1 DAGs
[2026-08-30T14:19:49.089+0000] {logging_mixin.py:190} INFO - [2026-08-30T14:19:49.089+0000] {dag.py:4180} INFO - Setting next_dagrun for etl_weather_postgres_dag to None, run_after=None
[2026-08-30T14:19:49.108+0000] {processor.py:208} INFO - Processing /opt/airflow/dags/05_etl_weather_postgres.py took 0.147 seconds
[2026-08-30T14:20:19.816+0000] {processor.py:186} INFO - Started process (PID=1605) to work on /opt/airflow/dags/05_etl_weather_postgres.py
[2026-08-30T14:20:19.818+0000] {processor.py:914} INFO - Processing file /opt/airflow/dags/05_etl_weather_postgres.py for tasks to queue
[2026-08-30T14:20:19.825+0000] {logging_mixin.py:190} INFO - [2026-08-30T14:20:19.824+0000] {dagbag.py:588} INFO - Filling up the DagBag from /opt/airflow/dags/05_etl_weather_postgres.py
[2026-08-30T14:20:19.844+0000] {processor.py:925} INFO - DAG(s) 'etl_weather_postgres_dag' retrieved from /opt/airflow/dags/05_etl_weather_postgres.py
[2026-08-30T14:20:19.889+0000] {logging_mixin.py:190} INFO - [2026-08-30T14:20:19.889+0000] {dag.py:3239} INFO - Sync 1 DAGs
[2026-08-30T14:20:19.906+0000] {logging_mixin.py:190} INFO - [2026-08-30T14:20:19.906+0000] {dag.py:4180} INFO - Setting next_dagrun for etl_weather_postgres_dag to None, run_after=None
[2026-08-30T14:20:19.924+0000] {processor.py:208} INFO - Processing /opt/airflow/dags/05_etl_weather_postgres.py took 0.119 seconds
[2026-08-30T14:20:50.695+0000] {processor.py:186} INFO - Started process (PID=1617) to work on /opt/airflow/dags/05_etl_weather_postgres.py
[2026-08-30T14:20:50.696+0000] {processor.py:914} INFO - Processing file /opt/airflow/dags/05_etl_weather_postgres.py for tasks to queue
[2026-08-30T14:20:50.705+0000] {logging_mixin.py:190} INFO - [2026-08-30T14:20:50.705+0000] {dagbag.py:588} INFO - Filling up the DagBag from /opt/airflow/dags/05_etl_weather_postgres.py
[2026-08-30T14:20:50.736+0000] {processor.py:925} INFO - DAG(s) 'etl_weather_postgres_dag' retrieved from /opt/airflow/dags/05_etl_weather_postgres.py
[2026-08-30T14:20:50.788+0000] {logging_mixin.py:190} INFO - [2026-08-30T14:20:50.788+0000] {dag.py:3239} INFO - Sync 1 DAGs
[2026-08-30T14:20:50.822+0000] {logging_mixin.py:190} INFO - [2026-08-30T14:20:50.822+0000] {dag.py:4180} INFO - Setting next_dagrun for etl_weather_postgres_dag to None, run_after=None
[2026-08-30T14:20:50.847+0000] {processor.py:208} INFO - Processing /opt/airflow/dags/05_etl_weather_postgres.py took 0.166 seconds
[2026-08-30T14:21:21.562+0000] {processor.py:186} INFO - Started process (PID=1629) to work on /opt/airflow/dags/05_etl_weather_postgres.py
[2026-08-30T14:21:21.565+0000] {processor.py:914} INFO - Processing file /opt/airflow/dags/05_etl_weather_postgres.py for tasks to queue
[2026-08-30T14:21:21.569+0000] {logging_mixin.py:190} INFO - [2026-08-30T14:21:21.569+0000] {dagbag.py:588} INFO - Filling up the DagBag from /opt/airflow/dags/05_etl_weather_postgres.py
[2026-08-30T14:21:21.587+0000] {processor.py:925} INFO - DAG(s) 'etl_weather_postgres_dag' retrieved from /opt/airflow/dags/05_etl_weather_postgres.py
[2026-08-30T14:21:21.613+0000] {logging_mixin.py:190} INFO - [2026-08-30T14:21:21.613+0000] {dag.py:3239} INFO - Sync 1 DAGs
[2026-08-30T14:21:21.625+0000] {logging_mixin.py:190} INFO - [2026-08-30T14:21:21.624+0000] {dag.py:4180} INFO - Setting next_dagrun for etl_weather_postgres_dag to None, run_after=None
[2026-08-30T14:21:21.638+0000] {processor.py:208} INFO - Processing /opt/airflow/dags/05_etl_weather_postgres.py took 0.082 seconds
[2026-08-30T14:21:52.246+0000] {processor.py:186} INFO - Started process (PID=1641) to work on /opt/airflow/dags/05_etl_weather_postgres.py
[2026-08-30T14:21:52.248+0000] {processor.py:914} INFO - Processing file /opt/airflow/dags/05_etl_weather_postgres.py for tasks to queue
[2026-08-30T14:21:52.255+0000] {logging_mixin.py:190} INFO - [2026-08-30T14:21:52.255+0000] {dagbag.py:588} INFO - Filling up the DagBag from /opt/airflow/dags/05_etl_weather_postgres.py
[2026-08-30T14:21:52.279+0000] {processor.py:925} INFO - DAG(s) 'etl_weather_postgres_dag' retrieved from /opt/airflow/dags/05_etl_weather_postgres.py
[2026-08-30T14:21:52.321+0000] {logging_mixin.py:190} INFO - [2026-08-30T14:21:52.320+0000] {dag.py:3239} INFO - Sync 1 DAGs
[2026-08-30T14:21:52.334+0000] {logging_mixin.py:190} INFO - [2026-08-30T14:21:52.334+0000] {dag.py:4180} INFO - Setting next_dagrun for etl_weather_postgres_dag to None, run_after=None
[2026-08-30T14:21:52.349+0000] {processor.py:208} INFO - Processing /opt/airflow/dags/05_etl_weather_postgres.py took 0.110 seconds
[2026-08-30T14:22:22.984+0000] {processor.py:186} INFO - Started process (PID=1659) to work on /opt/airflow/dags/05_etl_weather_postgres.py
[2026-08-30T14:22:22.986+0000] {processor.py:914} INFO - Processing file /opt/airflow/dags/05_etl_weather_postgres.py for tasks to queue
[2026-08-30T14:22:22.988+0000] {logging_mixin.py:190} INFO - [2026-08-30T14:22:22.988+0000] {dagbag.py:588} INFO - Filling up the DagBag from /opt/airflow/dags/05_etl_weather_postgres.py
[2026-08-30T14:22:23.008+0000] {processor.py:925} INFO - DAG(s) 'etl_weather_postgres_dag' retrieved from /opt/airflow/dags/05_etl_weather_postgres.py
[2026-08-30T14:22:23.054+0000] {logging_mixin.py:190} INFO - [2026-08-30T14:22:23.054+0000] {dag.py:3239} INFO - Sync 1 DAGs
[2026-08-30T14:22:23.071+0000] {logging_mixin.py:190} INFO - [2026-08-30T14:22:23.071+0000] {dag.py:4180} INFO - Setting next_dagrun for etl_weather_postgres_dag to None, run_after=None
[2026-08-30T14:22:23.087+0000] {processor.py:208} INFO - Processing /opt/airflow/dags/05_etl_weather_postgres.py took 0.111 seconds
[2026-08-30T14:22:53.792+0000] {processor.py:186} INFO - Started process (PID=1671) to work on /opt/airflow/dags/05_etl_weather_postgres.py
[2026-08-30T14:22:53.794+0000] {processor.py:914} INFO - Processing file /opt/airflow/dags/05_etl_weather_postgres.py for tasks to queue
[2026-08-30T14:22:53.801+0000] {logging_mixin.py:190} INFO - [2026-08-30T14:22:53.801+0000] {dagbag.py:588} INFO - Filling up the DagBag from /opt/airflow/dags/05_etl_weather_postgres.py
[2026-08-30T14:22:53.826+0000] {processor.py:925} INFO - DAG(s) 'etl_weather_postgres_dag' retrieved from /opt/airflow/dags/05_etl_weather_postgres.py
[2026-08-30T14:22:53.870+0000] {logging_mixin.py:190} INFO - [2026-08-30T14:22:53.870+0000] {dag.py:3239} INFO - Sync 1 DAGs
[2026-08-30T14:22:53.891+0000] {logging_mixin.py:190} INFO - [2026-08-30T14:22:53.891+0000] {dag.py:4180} INFO - Setting next_dagrun for etl_weather_postgres_dag to None, run_after=None
[2026-08-30T14:22:53.917+0000] {processor.py:208} INFO - Processing /opt/airflow/dags/05_etl_weather_postgres.py took 0.135 seconds
[2026-08-30T14:23:24.609+0000] {processor.py:186} INFO - Started process (PID=1683) to work on /opt/airflow/dags/05_etl_weather_postgres.py
[2026-08-30T14:23:24.612+0000] {processor.py:914} INFO - Processing file /opt/airflow/dags/05_etl_weather_postgres.py for tasks to queue
[2026-08-30T14:23:24.620+0000] {logging_mixin.py:190} INFO - [2026-08-30T14:23:24.620+0000] {dagbag.py:588} INFO - Filling up the DagBag from /opt/airflow/dags/05_etl_weather_postgres.py
[2026-08-30T14:23:24.641+0000] {processor.py:925} INFO - DAG(s) 'etl_weather_postgres_dag' retrieved from /opt/airflow/dags/05_etl_weather_postgres.py
[2026-08-30T14:23:24.686+0000] {logging_mixin.py:190} INFO - [2026-08-30T14:23:24.685+0000] {dag.py:3239} INFO - Sync 1 DAGs
[2026-08-30T14:23:24.704+0000] {logging_mixin.py:190} INFO - [2026-08-30T14:23:24.704+0000] {dag.py:4180} INFO - Setting next_dagrun for etl_weather_postgres_dag to None, run_after=None
[2026-08-30T14:23:24.726+0000] {processor.py:208} INFO - Processing /opt/airflow/dags/05_etl_weather_postgres.py took 0.132 seconds
[2026-08-30T14:23:55.406+0000] {processor.py:186} INFO - Started process (PID=1695) to work on /opt/airflow/dags/05_etl_weather_postgres.py
[2026-08-30T14:23:55.410+0000] {processor.py:914} INFO - Processing file /opt/airflow/dags/05_etl_weather_postgres.py for tasks to queue
[2026-08-30T14:23:55.416+0000] {logging_mixin.py:190} INFO - [2026-08-30T14:23:55.416+0000] {dagbag.py:588} INFO - Filling up the DagBag from /opt/airflow/dags/05_etl_weather_postgres.py
[2026-08-30T14:23:55.439+0000] {processor.py:925} INFO - DAG(s) 'etl_weather_postgres_dag' retrieved from /opt/airflow/dags/05_etl_weather_postgres.py
[2026-08-30T14:23:55.482+0000] {logging_mixin.py:190} INFO - [2026-08-30T14:23:55.482+0000] {dag.py:3239} INFO - Sync 1 DAGs
[2026-08-30T14:23:55.500+0000] {logging_mixin.py:190} INFO - [2026-08-30T14:23:55.500+0000] {dag.py:4180} INFO - Setting next_dagrun for etl_weather_postgres_dag to None, run_after=None
[2026-08-30T14:23:55.516+0000] {processor.py:208} INFO - Processing /opt/airflow/dags/05_etl_weather_postgres.py took 0.122 seconds
[2026-08-30T14:24:26.133+0000] {processor.py:186} INFO - Started process (PID=1707) to work on /opt/airflow/dags/05_etl_weather_postgres.py
[2026-08-30T14:24:26.136+0000] {processor.py:914} INFO - Processing file /opt/airflow/dags/05_etl_weather_postgres.py for tasks to queue
[2026-08-30T14:24:26.143+0000] {logging_mixin.py:190} INFO - [2026-08-30T14:24:26.143+0000] {dagbag.py:588} INFO - Filling up the DagBag from /opt/airflow/dags/05_etl_weather_postgres.py
[2026-08-30T14:24:26.174+0000] {processor.py:925} INFO - DAG(s) 'etl_weather_postgres_dag' retrieved from /opt/airflow/dags/05_etl_weather_postgres.py
[2026-08-30T14:24:26.224+0000] {logging_mixin.py:190} INFO - [2026-08-30T14:24:26.224+0000] {dag.py:3239} INFO - Sync 1 DAGs
[2026-08-30T14:24:26.240+0000] {logging_mixin.py:190} INFO - [2026-08-30T14:24:26.240+0000] {dag.py:4180} INFO - Setting next_dagrun for etl_weather_postgres_dag to None, run_after=None
[2026-08-30T14:24:26.285+0000] {processor.py:208} INFO - Processing /opt/airflow/dags/05_etl_weather_postgres.py took 0.163 seconds
[2026-08-30T14:24:56.954+0000] {processor.py:186} INFO - Started process (PID=1719) to work on /opt/airflow/dags/05_etl_weather_postgres.py
[2026-08-30T14:24:56.956+0000] {processor.py:914} INFO - Processing file /opt/airflow/dags/05_etl_weather_postgres.py for tasks to queue
[2026-08-30T14:24:56.960+0000] {logging_mixin.py:190} INFO - [2026-08-30T14:24:56.960+0000] {dagbag.py:588} INFO - Filling up the DagBag from /opt/airflow/dags/05_etl_weather_postgres.py
[2026-08-30T14:24:56.985+0000] {processor.py:925} INFO - DAG(s) 'etl_weather_postgres_dag' retrieved from /opt/airflow/dags/05_etl_weather_postgres.py
[2026-08-30T14:24:57.030+0000] {logging_mixin.py:190} INFO - [2026-08-30T14:24:57.029+0000] {dag.py:3239} INFO - Sync 1 DAGs
[2026-08-30T14:24:57.047+0000] {logging_mixin.py:190} INFO - [2026-08-30T14:24:57.047+0000] {dag.py:4180} INFO - Setting next_dagrun for etl_weather_postgres_dag to None, run_after=None
[2026-08-30T14:24:57.067+0000] {processor.py:208} INFO - Processing /opt/airflow/dags/05_etl_weather_postgres.py took 0.139 seconds
[2026-08-30T14:25:27.728+0000] {processor.py:186} INFO - Started process (PID=1731) to work on /opt/airflow/dags/05_etl_weather_postgres.py
[2026-08-30T14:25:27.731+0000] {processor.py:914} INFO - Processing file /opt/airflow/dags/05_etl_weather_postgres.py for tasks to queue
[2026-08-30T14:25:27.733+0000] {logging_mixin.py:190} INFO - [2026-08-30T14:25:27.733+0000] {dagbag.py:588} INFO - Filling up the DagBag from /opt/airflow/dags/05_etl_weather_postgres.py
[2026-08-30T14:25:27.755+0000] {processor.py:925} INFO - DAG(s) 'etl_weather_postgres_dag' retrieved from /opt/airflow/dags/05_etl_weather_postgres.py
[2026-08-30T14:25:27.804+0000] {logging_mixin.py:190} INFO - [2026-08-30T14:25:27.803+0000] {dag.py:3239} INFO - Sync 1 DAGs
[2026-08-30T14:25:27.823+0000] {logging_mixin.py:190} INFO - [2026-08-30T14:25:27.823+0000] {dag.py:4180} INFO - Setting next_dagrun for etl_weather_postgres_dag to None, run_after=None
[2026-08-30T14:25:27.844+0000] {processor.py:208} INFO - Processing /opt/airflow/dags/05_etl_weather_postgres.py took 0.126 seconds
[2026-08-30T14:25:58.522+0000] {processor.py:186} INFO - Started process (PID=1743) to work on /opt/airflow/dags/05_etl_weather_postgres.py
[2026-08-30T14:25:58.524+0000] {processor.py:914} INFO - Processing file /opt/airflow/dags/05_etl_weather_postgres.py for tasks to queue
[2026-08-30T14:25:58.534+0000] {logging_mixin.py:190} INFO - [2026-08-30T14:25:58.533+0000] {dagbag.py:588} INFO - Filling up the DagBag from /opt/airflow/dags/05_etl_weather_postgres.py
[2026-08-30T14:25:58.557+0000] {processor.py:925} INFO - DAG(s) 'etl_weather_postgres_dag' retrieved from /opt/airflow/dags/05_etl_weather_postgres.py
[2026-08-30T14:25:58.607+0000] {logging_mixin.py:190} INFO - [2026-08-30T14:25:58.607+0000] {dag.py:3239} INFO - Sync 1 DAGs
[2026-08-30T14:25:58.625+0000] {logging_mixin.py:190} INFO - [2026-08-30T14:25:58.625+0000] {dag.py:4180} INFO - Setting next_dagrun for etl_weather_postgres_dag to None, run_after=None
[2026-08-30T14:25:58.642+0000] {processor.py:208} INFO - Processing /opt/airflow/dags/05_etl_weather_postgres.py took 0.133 seconds
[2026-08-30T14:26:29.375+0000] {processor.py:186} INFO - Started process (PID=1755) to work on /opt/airflow/dags/05_etl_weather_postgres.py
[2026-08-30T14:26:29.378+0000] {processor.py:914} INFO - Processing file /opt/airflow/dags/05_etl_weather_postgres.py for tasks to queue
[2026-08-30T14:26:29.387+0000] {logging_mixin.py:190} INFO - [2026-08-30T14:26:29.385+0000] {dagbag.py:588} INFO - Filling up the DagBag from /opt/airflow/dags/05_etl_weather_postgres.py
[2026-08-30T14:26:29.422+0000] {processor.py:925} INFO - DAG(s) 'etl_weather_postgres_dag' retrieved from /opt/airflow/dags/05_etl_weather_postgres.py
[2026-08-30T14:26:29.484+0000] {logging_mixin.py:190} INFO - [2026-08-30T14:26:29.483+0000] {dag.py:3239} INFO - Sync 1 DAGs
[2026-08-30T14:26:29.502+0000] {logging_mixin.py:190} INFO - [2026-08-30T14:26:29.502+0000] {dag.py:4180} INFO - Setting next_dagrun for etl_weather_postgres_dag to None, run_after=None
[2026-08-30T14:26:29.522+0000] {processor.py:208} INFO - Processing /opt/airflow/dags/05_etl_weather_postgres.py took 0.169 seconds
[2026-08-30T14:27:00.286+0000] {processor.py:186} INFO - Started process (PID=1767) to work on /opt/airflow/dags/05_etl_weather_postgres.py
[2026-08-30T14:27:00.289+0000] {processor.py:914} INFO - Processing file /opt/airflow/dags/05_etl_weather_postgres.py for tasks to queue
[2026-08-30T14:27:00.296+0000] {logging_mixin.py:190} INFO - [2026-08-30T14:27:00.296+0000] {dagbag.py:588} INFO - Filling up the DagBag from /opt/airflow/dags/05_etl_weather_postgres.py
[2026-08-30T14:27:00.328+0000] {processor.py:925} INFO - DAG(s) 'etl_weather_postgres_dag' retrieved from /opt/airflow/dags/05_etl_weather_postgres.py
[2026-08-30T14:27:00.381+0000] {logging_mixin.py:190} INFO - [2026-08-30T14:27:00.381+0000] {dag.py:3239} INFO - Sync 1 DAGs
[2026-08-30T14:27:00.396+0000] {logging_mixin.py:190} INFO - [2026-08-30T14:27:00.396+0000] {dag.py:4180} INFO - Setting next_dagrun for etl_weather_postgres_dag to None, run_after=None
[2026-08-30T14:27:00.418+0000] {processor.py:208} INFO - Processing /opt/airflow/dags/05_etl_weather_postgres.py took 0.146 seconds
[2026-08-30T14:27:31.112+0000] {processor.py:186} INFO - Started process (PID=1779) to work on /opt/airflow/dags/05_etl_weather_postgres.py
[2026-08-30T14:27:31.116+0000] {processor.py:914} INFO - Processing file /opt/airflow/dags/05_etl_weather_postgres.py for tasks to queue
[2026-08-30T14:27:31.125+0000] {logging_mixin.py:190} INFO - [2026-08-30T14:27:31.124+0000] {dagbag.py:588} INFO - Filling up the DagBag from /opt/airflow/dags/05_etl_weather_postgres.py
[2026-08-30T14:27:31.152+0000] {processor.py:925} INFO - DAG(s) 'etl_weather_postgres_dag' retrieved from /opt/airflow/dags/05_etl_weather_postgres.py
[2026-08-30T14:27:31.193+0000] {logging_mixin.py:190} INFO - [2026-08-30T14:27:31.193+0000] {dag.py:3239} INFO - Sync 1 DAGs
[2026-08-30T14:27:31.210+0000] {logging_mixin.py:190} INFO - [2026-08-30T14:27:31.209+0000] {dag.py:4180} INFO - Setting next_dagrun for etl_weather_postgres_dag to None, run_after=None
[2026-08-30T14:27:31.228+0000] {processor.py:208} INFO - Processing /opt/airflow/dags/05_etl_weather_postgres.py took 0.130 seconds
[2026-08-30T14:28:01.849+0000] {processor.py:186} INFO - Started process (PID=1791) to work on /opt/airflow/dags/05_etl_weather_postgres.py
[2026-08-30T14:28:01.853+0000] {processor.py:914} INFO - Processing file /opt/airflow/dags/05_etl_weather_postgres.py for tasks to queue
[2026-08-30T14:28:01.855+0000] {logging_mixin.py:190} INFO - [2026-08-30T14:28:01.855+0000] {dagbag.py:588} INFO - Filling up the DagBag from /opt/airflow/dags/05_etl_weather_postgres.py
[2026-08-30T14:28:01.877+0000] {processor.py:925} INFO - DAG(s) 'etl_weather_postgres_dag' retrieved from /opt/airflow/dags/05_etl_weather_postgres.py
[2026-08-30T14:28:01.910+0000] {logging_mixin.py:190} INFO - [2026-08-30T14:28:01.910+0000] {dag.py:3239} INFO - Sync 1 DAGs
[2026-08-30T14:28:01.925+0000] {logging_mixin.py:190} INFO - [2026-08-30T14:28:01.925+0000] {dag.py:4180} INFO - Setting next_dagrun for etl_weather_postgres_dag to None, run_after=None
[2026-08-30T14:28:01.942+0000] {processor.py:208} INFO - Processing /opt/airflow/dags/05_etl_weather_postgres.py took 0.101 seconds
[2026-08-30T14:28:32.578+0000] {processor.py:186} INFO - Started process (PID=1803) to work on /opt/airflow/dags/05_etl_weather_postgres.py
[2026-08-30T14:28:32.580+0000] {processor.py:914} INFO - Processing file /opt/airflow/dags/05_etl_weather_postgres.py for tasks to queue
[2026-08-30T14:28:32.586+0000] {logging_mixin.py:190} INFO - [2026-08-30T14:28:32.585+0000] {dagbag.py:588} INFO - Filling up the DagBag from /opt/airflow/dags/05_etl_weather_postgres.py
[2026-08-30T14:28:32.619+0000] {processor.py:925} INFO - DAG(s) 'etl_weather_postgres_dag' retrieved from /opt/airflow/dags/05_etl_weather_postgres.py
[2026-08-30T14:28:32.667+0000] {logging_mixin.py:190} INFO - [2026-08-30T14:28:32.667+0000] {dag.py:3239} INFO - Sync 1 DAGs
[2026-08-30T14:28:32.679+0000] {logging_mixin.py:190} INFO - [2026-08-30T14:28:32.679+0000] {dag.py:4180} INFO - Setting next_dagrun for etl_weather_postgres_dag to None, run_after=None
[2026-08-30T14:28:32.697+0000] {processor.py:208} INFO - Processing /opt/airflow/dags/05_etl_weather_postgres.py took 0.129 seconds
[2026-08-30T14:29:03.475+0000] {processor.py:186} INFO - Started process (PID=1815) to work on /opt/airflow/dags/05_etl_weather_postgres.py
[2026-08-30T14:29:03.477+0000] {processor.py:914} INFO - Processing file /opt/airflow/dags/05_etl_weather_postgres.py for tasks to queue
[2026-08-30T14:29:03.482+0000] {logging_mixin.py:190} INFO - [2026-08-30T14:29:03.481+0000] {dagbag.py:588} INFO - Filling up the DagBag from /opt/airflow/dags/05_etl_weather_postgres.py
[2026-08-30T14:29:03.512+0000] {processor.py:925} INFO - DAG(s) 'etl_weather_postgres_dag' retrieved from /opt/airflow/dags/05_etl_weather_postgres.py
[2026-08-30T14:29:03.561+0000] {logging_mixin.py:190} INFO - [2026-08-30T14:29:03.561+0000] {dag.py:3239} INFO - Sync 1 DAGs
[2026-08-30T14:29:03.579+0000] {logging_mixin.py:190} INFO - [2026-08-30T14:29:03.579+0000] {dag.py:4180} INFO - Setting next_dagrun for etl_weather_postgres_dag to None, run_after=None
[2026-08-30T14:29:03.598+0000] {processor.py:208} INFO - Processing /opt/airflow/dags/05_etl_weather_postgres.py took 0.138 seconds
[2026-08-30T14:29:34.232+0000] {processor.py:186} INFO - Started process (PID=1827) to work on /opt/airflow/dags/05_etl_weather_postgres.py
[2026-08-30T14:29:34.234+0000] {processor.py:914} INFO - Processing file /opt/airflow/dags/05_etl_weather_postgres.py for tasks to queue
[2026-08-30T14:29:34.239+0000] {logging_mixin.py:190} INFO - [2026-08-30T14:29:34.239+0000] {dagbag.py:588} INFO - Filling up the DagBag from /opt/airflow/dags/05_etl_weather_postgres.py
[2026-08-30T14:29:34.255+0000] {processor.py:925} INFO - DAG(s) 'etl_weather_postgres_dag' retrieved from /opt/airflow/dags/05_etl_weather_postgres.py
[2026-08-30T14:29:34.294+0000] {logging_mixin.py:190} INFO - [2026-08-30T14:29:34.294+0000] {dag.py:3239} INFO - Sync 1 DAGs
[2026-08-30T14:29:34.307+0000] {logging_mixin.py:190} INFO - [2026-08-30T14:29:34.307+0000] {dag.py:4180} INFO - Setting next_dagrun for etl_weather_postgres_dag to None, run_after=None
[2026-08-30T14:29:34.325+0000] {processor.py:208} INFO - Processing /opt/airflow/dags/05_etl_weather_postgres.py took 0.100 seconds
[2026-08-30T14:30:05.082+0000] {processor.py:186} INFO - Started process (PID=1839) to work on /opt/airflow/dags/05_etl_weather_postgres.py
[2026-08-30T14:30:05.083+0000] {processor.py:914} INFO - Processing file /opt/airflow/dags/05_etl_weather_postgres.py for tasks to queue
[2026-08-30T14:30:05.088+0000] {logging_mixin.py:190} INFO - [2026-08-30T14:30:05.087+0000] {dagbag.py:588} INFO - Filling up the DagBag from /opt/airflow/dags/05_etl_weather_postgres.py
[2026-08-30T14:30:05.110+0000] {processor.py:925} INFO - DAG(s) 'etl_weather_postgres_dag' retrieved from /opt/airflow/dags/05_etl_weather_postgres.py
[2026-08-30T14:30:05.170+0000] {logging_mixin.py:190} INFO - [2026-08-30T14:30:05.169+0000] {dag.py:3239} INFO - Sync 1 DAGs
[2026-08-30T14:30:05.205+0000] {logging_mixin.py:190} INFO - [2026-08-30T14:30:05.204+0000] {dag.py:4180} INFO - Setting next_dagrun for etl_weather_postgres_dag to None, run_after=None
[2026-08-30T14:30:05.234+0000] {processor.py:208} INFO - Processing /opt/airflow/dags/05_etl_weather_postgres.py took 0.168 seconds
[2026-08-30T14:30:35.885+0000] {processor.py:186} INFO - Started process (PID=1851) to work on /opt/airflow/dags/05_etl_weather_postgres.py
[2026-08-30T14:30:35.887+0000] {processor.py:914} INFO - Processing file /opt/airflow/dags/05_etl_weather_postgres.py for tasks to queue
[2026-08-30T14:30:35.892+0000] {logging_mixin.py:190} INFO - [2026-08-30T14:30:35.892+0000] {dagbag.py:588} INFO - Filling up the DagBag from /opt/airflow/dags/05_etl_weather_postgres.py
[2026-08-30T14:30:35.922+0000] {processor.py:925} INFO - DAG(s) 'etl_weather_postgres_dag' retrieved from /opt/airflow/dags/05_etl_weather_postgres.py
[2026-08-30T14:30:35.964+0000] {logging_mixin.py:190} INFO - [2026-08-30T14:30:35.963+0000] {dag.py:3239} INFO - Sync 1 DAGs
[2026-08-30T14:30:35.984+0000] {logging_mixin.py:190} INFO - [2026-08-30T14:30:35.983+0000] {dag.py:4180} INFO - Setting next_dagrun for etl_weather_postgres_dag to None, run_after=None
[2026-08-30T14:30:36.005+0000] {processor.py:208} INFO - Processing /opt/airflow/dags/05_etl_weather_postgres.py took 0.141 seconds
[2026-08-30T14:31:06.588+0000] {processor.py:186} INFO - Started process (PID=1862) to work on /opt/airflow/dags/05_etl_weather_postgres.py
[2026-08-30T14:31:06.591+0000] {processor.py:914} INFO - Processing file /opt/airflow/dags/05_etl_weather_postgres.py for tasks to queue
[2026-08-30T14:31:06.594+0000] {logging_mixin.py:190} INFO - [2026-08-30T14:31:06.593+0000] {dagbag.py:588} INFO - Filling up the DagBag from /opt/airflow/dags/05_etl_weather_postgres.py
[2026-08-30T14:31:06.622+0000] {processor.py:925} INFO - DAG(s) 'etl_weather_postgres_dag' retrieved from /opt/airflow/dags/05_etl_weather_postgres.py
[2026-08-30T14:31:06.662+0000] {logging_mixin.py:190} INFO - [2026-08-30T14:31:06.662+0000] {dag.py:3239} INFO - Sync 1 DAGs
[2026-08-30T14:31:06.681+0000] {logging_mixin.py:190} INFO - [2026-08-30T14:31:06.681+0000] {dag.py:4180} INFO - Setting next_dagrun for etl_weather_postgres_dag to None, run_after=None
[2026-08-30T14:31:06.697+0000] {processor.py:208} INFO - Processing /opt/airflow/dags/05_etl_weather_postgres.py took 0.126 seconds
[2026-08-30T14:31:37.399+0000] {processor.py:186} INFO - Started process (PID=1874) to work on /opt/airflow/dags/05_etl_weather_postgres.py
[2026-08-30T14:31:37.400+0000] {processor.py:914} INFO - Processing file /opt/airflow/dags/05_etl_weather_postgres.py for tasks to queue
[2026-08-30T14:31:37.403+0000] {logging_mixin.py:190} INFO - [2026-08-30T14:31:37.402+0000] {dagbag.py:588} INFO - Filling up the DagBag from /opt/airflow/dags/05_etl_weather_postgres.py
[2026-08-30T14:31:37.433+0000] {processor.py:925} INFO - DAG(s) 'etl_weather_postgres_dag' retrieved from /opt/airflow/dags/05_etl_weather_postgres.py
[2026-08-30T14:31:37.471+0000] {logging_mixin.py:190} INFO - [2026-08-30T14:31:37.471+0000] {dag.py:3239} INFO - Sync 1 DAGs
[2026-08-30T14:31:37.493+0000] {logging_mixin.py:190} INFO - [2026-08-30T14:31:37.493+0000] {dag.py:4180} INFO - Setting next_dagrun for etl_weather_postgres_dag to None, run_after=None
[2026-08-30T14:31:37.510+0000] {processor.py:208} INFO - Processing /opt/airflow/dags/05_etl_weather_postgres.py took 0.129 seconds
[2026-08-30T14:32:08.375+0000] {processor.py:186} INFO - Started process (PID=1886) to work on /opt/airflow/dags/05_etl_weather_postgres.py
[2026-08-30T14:32:08.378+0000] {processor.py:914} INFO - Processing file /opt/airflow/dags/05_etl_weather_postgres.py for tasks to queue
[2026-08-30T14:32:08.382+0000] {logging_mixin.py:190} INFO - [2026-08-30T14:32:08.381+0000] {dagbag.py:588} INFO - Filling up the DagBag from /opt/airflow/dags/05_etl_weather_postgres.py
[2026-08-30T14:32:08.416+0000] {processor.py:925} INFO - DAG(s) 'etl_weather_postgres_dag' retrieved from /opt/airflow/dags/05_etl_weather_postgres.py
[2026-08-30T14:32:08.470+0000] {logging_mixin.py:190} INFO - [2026-08-30T14:32:08.470+0000] {dag.py:3239} INFO - Sync 1 DAGs
[2026-08-30T14:32:08.494+0000] {logging_mixin.py:190} INFO - [2026-08-30T14:32:08.493+0000] {dag.py:4180} INFO - Setting next_dagrun for etl_weather_postgres_dag to None, run_after=None
[2026-08-30T14:32:08.516+0000] {processor.py:208} INFO - Processing /opt/airflow/dags/05_etl_weather_postgres.py took 0.167 seconds
[2026-08-30T14:32:39.268+0000] {processor.py:186} INFO - Started process (PID=1898) to work on /opt/airflow/dags/05_etl_weather_postgres.py
[2026-08-30T14:32:39.271+0000] {processor.py:914} INFO - Processing file /opt/airflow/dags/05_etl_weather_postgres.py for tasks to queue
[2026-08-30T14:32:39.273+0000] {logging_mixin.py:190} INFO - [2026-08-30T14:32:39.272+0000] {dagbag.py:588} INFO - Filling up the DagBag from /opt/airflow/dags/05_etl_weather_postgres.py
[2026-08-30T14:32:39.298+0000] {processor.py:925} INFO - DAG(s) 'etl_weather_postgres_dag' retrieved from /opt/airflow/dags/05_etl_weather_postgres.py
[2026-08-30T14:32:39.335+0000] {logging_mixin.py:190} INFO - [2026-08-30T14:32:39.335+0000] {dag.py:3239} INFO - Sync 1 DAGs
[2026-08-30T14:32:39.355+0000] {logging_mixin.py:190} INFO - [2026-08-30T14:32:39.355+0000] {dag.py:4180} INFO - Setting next_dagrun for etl_weather_postgres_dag to None, run_after=None
[2026-08-30T14:32:39.372+0000] {processor.py:208} INFO - Processing /opt/airflow/dags/05_etl_weather_postgres.py took 0.123 seconds
[2026-08-30T14:33:10.099+0000] {processor.py:186} INFO - Started process (PID=1910) to work on /opt/airflow/dags/05_etl_weather_postgres.py
[2026-08-30T14:33:10.102+0000] {processor.py:914} INFO - Processing file /opt/airflow/dags/05_etl_weather_postgres.py for tasks to queue
[2026-08-30T14:33:10.105+0000] {logging_mixin.py:190} INFO - [2026-08-30T14:33:10.104+0000] {dagbag.py:588} INFO - Filling up the DagBag from /opt/airflow/dags/05_etl_weather_postgres.py
[2026-08-30T14:33:10.143+0000] {processor.py:925} INFO - DAG(s) 'etl_weather_postgres_dag' retrieved from /opt/airflow/dags/05_etl_weather_postgres.py
[2026-08-30T14:33:10.191+0000] {logging_mixin.py:190} INFO - [2026-08-30T14:33:10.191+0000] {dag.py:3239} INFO - Sync 1 DAGs
[2026-08-30T14:33:10.210+0000] {logging_mixin.py:190} INFO - [2026-08-30T14:33:10.210+0000] {dag.py:4180} INFO - Setting next_dagrun for etl_weather_postgres_dag to None, run_after=None
[2026-08-30T14:33:10.231+0000] {processor.py:208} INFO - Processing /opt/airflow/dags/05_etl_weather_postgres.py took 0.160 seconds
[2026-08-30T14:33:41.049+0000] {processor.py:186} INFO - Started process (PID=1923) to work on /opt/airflow/dags/05_etl_weather_postgres.py
[2026-08-30T14:33:41.052+0000] {processor.py:914} INFO - Processing file /opt/airflow/dags/05_etl_weather_postgres.py for tasks to queue
[2026-08-30T14:33:41.053+0000] {logging_mixin.py:190} INFO - [2026-08-30T14:33:41.053+0000] {dagbag.py:588} INFO - Filling up the DagBag from /opt/airflow/dags/05_etl_weather_postgres.py
[2026-08-30T14:33:41.071+0000] {processor.py:925} INFO - DAG(s) 'etl_weather_postgres_dag' retrieved from /opt/airflow/dags/05_etl_weather_postgres.py
[2026-08-30T14:33:41.102+0000] {logging_mixin.py:190} INFO - [2026-08-30T14:33:41.101+0000] {dag.py:3239} INFO - Sync 1 DAGs
[2026-08-30T14:33:41.114+0000] {logging_mixin.py:190} INFO - [2026-08-30T14:33:41.113+0000] {dag.py:4180} INFO - Setting next_dagrun for etl_weather_postgres_dag to None, run_after=None
[2026-08-30T14:33:41.129+0000] {processor.py:208} INFO - Processing /opt/airflow/dags/05_etl_weather_postgres.py took 0.091 seconds
[2026-08-30T14:34:11.695+0000] {processor.py:186} INFO - Started process (PID=1935) to work on /opt/airflow/dags/05_etl_weather_postgres.py
[2026-08-30T14:34:11.697+0000] {processor.py:914} INFO - Processing file /opt/airflow/dags/05_etl_weather_postgres.py for tasks to queue
[2026-08-30T14:34:11.699+0000] {logging_mixin.py:190} INFO - [2026-08-30T14:34:11.698+0000] {dagbag.py:588} INFO - Filling up the DagBag from /opt/airflow/dags/05_etl_weather_postgres.py
[2026-08-30T14:34:11.722+0000] {processor.py:925} INFO - DAG(s) 'etl_weather_postgres_dag' retrieved from /opt/airflow/dags/05_etl_weather_postgres.py
[2026-08-30T14:34:11.763+0000] {logging_mixin.py:190} INFO - [2026-08-30T14:34:11.763+0000] {dag.py:3239} INFO - Sync 1 DAGs
[2026-08-30T14:34:11.776+0000] {logging_mixin.py:190} INFO - [2026-08-30T14:34:11.776+0000] {dag.py:4180} INFO - Setting next_dagrun for etl_weather_postgres_dag to None, run_after=None
[2026-08-30T14:34:11.795+0000] {processor.py:208} INFO - Processing /opt/airflow/dags/05_etl_weather_postgres.py took 0.115 seconds
[2026-08-30T14:34:42.526+0000] {processor.py:186} INFO - Started process (PID=1947) to work on /opt/airflow/dags/05_etl_weather_postgres.py
[2026-08-30T14:34:42.529+0000] {processor.py:914} INFO - Processing file /opt/airflow/dags/05_etl_weather_postgres.py for tasks to queue
[2026-08-30T14:34:42.532+0000] {logging_mixin.py:190} INFO - [2026-08-30T14:34:42.532+0000] {dagbag.py:588} INFO - Filling up the DagBag from /opt/airflow/dags/05_etl_weather_postgres.py
[2026-08-30T14:34:42.555+0000] {processor.py:925} INFO - DAG(s) 'etl_weather_postgres_dag' retrieved from /opt/airflow/dags/05_etl_weather_postgres.py
[2026-08-30T14:34:42.590+0000] {logging_mixin.py:190} INFO - [2026-08-30T14:34:42.589+0000] {dag.py:3239} INFO - Sync 1 DAGs
[2026-08-30T14:34:42.603+0000] {logging_mixin.py:190} INFO - [2026-08-30T14:34:42.603+0000] {dag.py:4180} INFO - Setting next_dagrun for etl_weather_postgres_dag to None, run_after=None
[2026-08-30T14:34:42.618+0000] {processor.py:208} INFO - Processing /opt/airflow/dags/05_etl_weather_postgres.py took 0.104 seconds
[2026-08-30T14:35:13.273+0000] {processor.py:186} INFO - Started process (PID=1959) to work on /opt/airflow/dags/05_etl_weather_postgres.py
[2026-08-30T14:35:13.275+0000] {processor.py:914} INFO - Processing file /opt/airflow/dags/05_etl_weather_postgres.py for tasks to queue
[2026-08-30T14:35:13.277+0000] {logging_mixin.py:190} INFO - [2026-08-30T14:35:13.276+0000] {dagbag.py:588} INFO - Filling up the DagBag from /opt/airflow/dags/05_etl_weather_postgres.py
[2026-08-30T14:35:13.303+0000] {processor.py:925} INFO - DAG(s) 'etl_weather_postgres_dag' retrieved from /opt/airflow/dags/05_etl_weather_postgres.py
[2026-08-30T14:35:13.358+0000] {logging_mixin.py:190} INFO - [2026-08-30T14:35:13.357+0000] {dag.py:3239} INFO - Sync 1 DAGs
[2026-08-30T14:35:13.375+0000] {logging_mixin.py:190} INFO - [2026-08-30T14:35:13.375+0000] {dag.py:4180} INFO - Setting next_dagrun for etl_weather_postgres_dag to None, run_after=None
[2026-08-30T14:35:13.391+0000] {processor.py:208} INFO - Processing /opt/airflow/dags/05_etl_weather_postgres.py took 0.132 seconds
[2026-08-30T14:35:44.000+0000] {processor.py:186} INFO - Started process (PID=1971) to work on /opt/airflow/dags/05_etl_weather_postgres.py
[2026-08-30T14:35:44.003+0000] {processor.py:914} INFO - Processing file /opt/airflow/dags/05_etl_weather_postgres.py for tasks to queue
[2026-08-30T14:35:44.007+0000] {logging_mixin.py:190} INFO - [2026-08-30T14:35:44.006+0000] {dagbag.py:588} INFO - Filling up the DagBag from /opt/airflow/dags/05_etl_weather_postgres.py
[2026-08-30T14:35:44.037+0000] {processor.py:925} INFO - DAG(s) 'etl_weather_postgres_dag' retrieved from /opt/airflow/dags/05_etl_weather_postgres.py
[2026-08-30T14:35:44.087+0000] {logging_mixin.py:190} INFO - [2026-08-30T14:35:44.087+0000] {dag.py:3239} INFO - Sync 1 DAGs
[2026-08-30T14:35:44.111+0000] {logging_mixin.py:190} INFO - [2026-08-30T14:35:44.111+0000] {dag.py:4180} INFO - Setting next_dagrun for etl_weather_postgres_dag to None, run_after=None
[2026-08-30T14:35:44.126+0000] {processor.py:208} INFO - Processing /opt/airflow/dags/05_etl_weather_postgres.py took 0.145 seconds
[2026-08-30T14:36:14.729+0000] {processor.py:186} INFO - Started process (PID=1983) to work on /opt/airflow/dags/05_etl_weather_postgres.py
[2026-08-30T14:36:14.731+0000] {processor.py:914} INFO - Processing file /opt/airflow/dags/05_etl_weather_postgres.py for tasks to queue
[2026-08-30T14:36:14.734+0000] {logging_mixin.py:190} INFO - [2026-08-30T14:36:14.733+0000] {dagbag.py:588} INFO - Filling up the DagBag from /opt/airflow/dags/05_etl_weather_postgres.py
[2026-08-30T14:36:14.761+0000] {processor.py:925} INFO - DAG(s) 'etl_weather_postgres_dag' retrieved from /opt/airflow/dags/05_etl_weather_postgres.py
[2026-08-30T14:36:14.791+0000] {logging_mixin.py:190} INFO - [2026-08-30T14:36:14.791+0000] {dag.py:3239} INFO - Sync 1 DAGs
[2026-08-30T14:36:14.803+0000] {logging_mixin.py:190} INFO - [2026-08-30T14:36:14.803+0000] {dag.py:4180} INFO - Setting next_dagrun for etl_weather_postgres_dag to None, run_after=None
[2026-08-30T14:36:14.816+0000] {processor.py:208} INFO - Processing /opt/airflow/dags/05_etl_weather_postgres.py took 0.105 seconds
[2026-08-30T14:36:45.532+0000] {processor.py:186} INFO - Started process (PID=1995) to work on /opt/airflow/dags/05_etl_weather_postgres.py
[2026-08-30T14:36:45.536+0000] {processor.py:914} INFO - Processing file /opt/airflow/dags/05_etl_weather_postgres.py for tasks to queue
[2026-08-30T14:36:45.542+0000] {logging_mixin.py:190} INFO - [2026-08-30T14:36:45.540+0000] {dagbag.py:588} INFO - Filling up the DagBag from /opt/airflow/dags/05_etl_weather_postgres.py
[2026-08-30T14:36:45.578+0000] {processor.py:925} INFO - DAG(s) 'etl_weather_postgres_dag' retrieved from /opt/airflow/dags/05_etl_weather_postgres.py
[2026-08-30T14:36:45.620+0000] {logging_mixin.py:190} INFO - [2026-08-30T14:36:45.620+0000] {dag.py:3239} INFO - Sync 1 DAGs
[2026-08-30T14:36:45.646+0000] {logging_mixin.py:190} INFO - [2026-08-30T14:36:45.646+0000] {dag.py:4180} INFO - Setting next_dagrun for etl_weather_postgres_dag to None, run_after=None
[2026-08-30T14:36:45.664+0000] {processor.py:208} INFO - Processing /opt/airflow/dags/05_etl_weather_postgres.py took 0.172 seconds
[2026-08-30T14:37:16.207+0000] {processor.py:186} INFO - Started process (PID=2007) to work on /opt/airflow/dags/05_etl_weather_postgres.py
[2026-08-30T14:37:16.210+0000] {processor.py:914} INFO - Processing file /opt/airflow/dags/05_etl_weather_postgres.py for tasks to queue
[2026-08-30T14:37:16.216+0000] {logging_mixin.py:190} INFO - [2026-08-30T14:37:16.214+0000] {dagbag.py:588} INFO - Filling up the DagBag from /opt/airflow/dags/05_etl_weather_postgres.py
[2026-08-30T14:37:16.244+0000] {processor.py:925} INFO - DAG(s) 'etl_weather_postgres_dag' retrieved from /opt/airflow/dags/05_etl_weather_postgres.py
[2026-08-30T14:37:16.294+0000] {logging_mixin.py:190} INFO - [2026-08-30T14:37:16.293+0000] {dag.py:3239} INFO - Sync 1 DAGs
[2026-08-30T14:37:16.311+0000] {logging_mixin.py:190} INFO - [2026-08-30T14:37:16.310+0000] {dag.py:4180} INFO - Setting next_dagrun for etl_weather_postgres_dag to None, run_after=None
[2026-08-30T14:37:16.338+0000] {processor.py:208} INFO - Processing /opt/airflow/dags/05_etl_weather_postgres.py took 0.146 seconds
[2026-08-30T14:37:46.972+0000] {processor.py:186} INFO - Started process (PID=2019) to work on /opt/airflow/dags/05_etl_weather_postgres.py
[2026-08-30T14:37:46.975+0000] {processor.py:914} INFO - Processing file /opt/airflow/dags/05_etl_weather_postgres.py for tasks to queue
[2026-08-30T14:37:46.977+0000] {logging_mixin.py:190} INFO - [2026-08-30T14:37:46.977+0000] {dagbag.py:588} INFO - Filling up the DagBag from /opt/airflow/dags/05_etl_weather_postgres.py
[2026-08-30T14:37:47.008+0000] {processor.py:925} INFO - DAG(s) 'etl_weather_postgres_dag' retrieved from /opt/airflow/dags/05_etl_weather_postgres.py
[2026-08-30T14:37:47.053+0000] {logging_mixin.py:190} INFO - [2026-08-30T14:37:47.053+0000] {dag.py:3239} INFO - Sync 1 DAGs
[2026-08-30T14:37:47.068+0000] {logging_mixin.py:190} INFO - [2026-08-30T14:37:47.068+0000] {dag.py:4180} INFO - Setting next_dagrun for etl_weather_postgres_dag to None, run_after=None
[2026-08-30T14:37:47.085+0000] {processor.py:208} INFO - Processing /opt/airflow/dags/05_etl_weather_postgres.py took 0.128 seconds
[2026-08-30T14:38:17.615+0000] {processor.py:186} INFO - Started process (PID=2031) to work on /opt/airflow/dags/05_etl_weather_postgres.py
[2026-08-30T14:38:17.617+0000] {processor.py:914} INFO - Processing file /opt/airflow/dags/05_etl_weather_postgres.py for tasks to queue
[2026-08-30T14:38:17.619+0000] {logging_mixin.py:190} INFO - [2026-08-30T14:38:17.618+0000] {dagbag.py:588} INFO - Filling up the DagBag from /opt/airflow/dags/05_etl_weather_postgres.py
[2026-08-30T14:38:17.641+0000] {processor.py:925} INFO - DAG(s) 'etl_weather_postgres_dag' retrieved from /opt/airflow/dags/05_etl_weather_postgres.py
[2026-08-30T14:38:17.678+0000] {logging_mixin.py:190} INFO - [2026-08-30T14:38:17.678+0000] {dag.py:3239} INFO - Sync 1 DAGs
[2026-08-30T14:38:17.692+0000] {logging_mixin.py:190} INFO - [2026-08-30T14:38:17.692+0000] {dag.py:4180} INFO - Setting next_dagrun for etl_weather_postgres_dag to None, run_after=None
[2026-08-30T14:38:17.709+0000] {processor.py:208} INFO - Processing /opt/airflow/dags/05_etl_weather_postgres.py took 0.112 seconds
[2026-08-30T14:38:48.432+0000] {processor.py:186} INFO - Started process (PID=2043) to work on /opt/airflow/dags/05_etl_weather_postgres.py
[2026-08-30T14:38:48.437+0000] {processor.py:914} INFO - Processing file /opt/airflow/dags/05_etl_weather_postgres.py for tasks to queue
[2026-08-30T14:38:48.445+0000] {logging_mixin.py:190} INFO - [2026-08-30T14:38:48.442+0000] {dagbag.py:588} INFO - Filling up the DagBag from /opt/airflow/dags/05_etl_weather_postgres.py
[2026-08-30T14:38:48.477+0000] {processor.py:925} INFO - DAG(s) 'etl_weather_postgres_dag' retrieved from /opt/airflow/dags/05_etl_weather_postgres.py
[2026-08-30T14:38:48.527+0000] {logging_mixin.py:190} INFO - [2026-08-30T14:38:48.527+0000] {dag.py:3239} INFO - Sync 1 DAGs
[2026-08-30T14:38:48.550+0000] {logging_mixin.py:190} INFO - [2026-08-30T14:38:48.550+0000] {dag.py:4180} INFO - Setting next_dagrun for etl_weather_postgres_dag to None, run_after=None
[2026-08-30T14:38:48.567+0000] {processor.py:208} INFO - Processing /opt/airflow/dags/05_etl_weather_postgres.py took 0.158 seconds
[2026-08-30T14:39:18.812+0000] {processor.py:186} INFO - Started process (PID=2055) to work on /opt/airflow/dags/05_etl_weather_postgres.py
[2026-08-30T14:39:18.814+0000] {processor.py:914} INFO - Processing file /opt/airflow/dags/05_etl_weather_postgres.py for tasks to queue
[2026-08-30T14:39:18.818+0000] {logging_mixin.py:190} INFO - [2026-08-30T14:39:18.818+0000] {dagbag.py:588} INFO - Filling up the DagBag from /opt/airflow/dags/05_etl_weather_postgres.py
[2026-08-30T14:39:18.862+0000] {processor.py:925} INFO - DAG(s) 'etl_weather_postgres_dag' retrieved from /opt/airflow/dags/05_etl_weather_postgres.py
[2026-08-30T14:39:18.932+0000] {logging_mixin.py:190} INFO - [2026-08-30T14:39:18.931+0000] {dag.py:3239} INFO - Sync 1 DAGs
[2026-08-30T14:39:18.960+0000] {logging_mixin.py:190} INFO - [2026-08-30T14:39:18.960+0000] {dag.py:4180} INFO - Setting next_dagrun for etl_weather_postgres_dag to None, run_after=None
[2026-08-30T14:39:18.987+0000] {processor.py:208} INFO - Processing /opt/airflow/dags/05_etl_weather_postgres.py took 0.195 seconds
[2026-08-30T14:39:49.737+0000] {processor.py:186} INFO - Started process (PID=2067) to work on /opt/airflow/dags/05_etl_weather_postgres.py
[2026-08-30T14:39:49.740+0000] {processor.py:914} INFO - Processing file /opt/airflow/dags/05_etl_weather_postgres.py for tasks to queue
[2026-08-30T14:39:49.743+0000] {logging_mixin.py:190} INFO - [2026-08-30T14:39:49.742+0000] {dagbag.py:588} INFO - Filling up the DagBag from /opt/airflow/dags/05_etl_weather_postgres.py
[2026-08-30T14:39:49.777+0000] {processor.py:925} INFO - DAG(s) 'etl_weather_postgres_dag' retrieved from /opt/airflow/dags/05_etl_weather_postgres.py
[2026-08-30T14:39:49.823+0000] {logging_mixin.py:190} INFO - [2026-08-30T14:39:49.822+0000] {dag.py:3239} INFO - Sync 1 DAGs
[2026-08-30T14:39:49.842+0000] {logging_mixin.py:190} INFO - [2026-08-30T14:39:49.842+0000] {dag.py:4180} INFO - Setting next_dagrun for etl_weather_postgres_dag to None, run_after=None
[2026-08-30T14:39:49.858+0000] {processor.py:208} INFO - Processing /opt/airflow/dags/05_etl_weather_postgres.py took 0.150 seconds
[2026-08-30T14:40:20.556+0000] {processor.py:186} INFO - Started process (PID=2079) to work on /opt/airflow/dags/05_etl_weather_postgres.py
[2026-08-30T14:40:20.559+0000] {processor.py:914} INFO - Processing file /opt/airflow/dags/05_etl_weather_postgres.py for tasks to queue
[2026-08-30T14:40:20.560+0000] {logging_mixin.py:190} INFO - [2026-08-30T14:40:20.560+0000] {dagbag.py:588} INFO - Filling up the DagBag from /opt/airflow/dags/05_etl_weather_postgres.py
[2026-08-30T14:40:20.590+0000] {processor.py:925} INFO - DAG(s) 'etl_weather_postgres_dag' retrieved from /opt/airflow/dags/05_etl_weather_postgres.py
[2026-08-30T14:40:20.633+0000] {logging_mixin.py:190} INFO - [2026-08-30T14:40:20.633+0000] {dag.py:3239} INFO - Sync 1 DAGs
[2026-08-30T14:40:20.655+0000] {logging_mixin.py:190} INFO - [2026-08-30T14:40:20.655+0000] {dag.py:4180} INFO - Setting next_dagrun for etl_weather_postgres_dag to None, run_after=None
[2026-08-30T14:40:20.678+0000] {processor.py:208} INFO - Processing /opt/airflow/dags/05_etl_weather_postgres.py took 0.146 seconds
[2026-08-30T14:40:51.412+0000] {processor.py:186} INFO - Started process (PID=2091) to work on /opt/airflow/dags/05_etl_weather_postgres.py
[2026-08-30T14:40:51.416+0000] {processor.py:914} INFO - Processing file /opt/airflow/dags/05_etl_weather_postgres.py for tasks to queue
[2026-08-30T14:40:51.418+0000] {logging_mixin.py:190} INFO - [2026-08-30T14:40:51.417+0000] {dagbag.py:588} INFO - Filling up the DagBag from /opt/airflow/dags/05_etl_weather_postgres.py
[2026-08-30T14:40:51.449+0000] {processor.py:925} INFO - DAG(s) 'etl_weather_postgres_dag' retrieved from /opt/airflow/dags/05_etl_weather_postgres.py
[2026-08-30T14:40:51.496+0000] {logging_mixin.py:190} INFO - [2026-08-30T14:40:51.496+0000] {dag.py:3239} INFO - Sync 1 DAGs
[2026-08-30T14:40:51.514+0000] {logging_mixin.py:190} INFO - [2026-08-30T14:40:51.514+0000] {dag.py:4180} INFO - Setting next_dagrun for etl_weather_postgres_dag to None, run_after=None
[2026-08-30T14:40:51.531+0000] {processor.py:208} INFO - Processing /opt/airflow/dags/05_etl_weather_postgres.py took 0.135 seconds
[2026-08-30T14:41:22.229+0000] {processor.py:186} INFO - Started process (PID=2103) to work on /opt/airflow/dags/05_etl_weather_postgres.py
[2026-08-30T14:41:22.232+0000] {processor.py:914} INFO - Processing file /opt/airflow/dags/05_etl_weather_postgres.py for tasks to queue
[2026-08-30T14:41:22.235+0000] {logging_mixin.py:190} INFO - [2026-08-30T14:41:22.235+0000] {dagbag.py:588} INFO - Filling up the DagBag from /opt/airflow/dags/05_etl_weather_postgres.py
[2026-08-30T14:41:22.258+0000] {processor.py:925} INFO - DAG(s) 'etl_weather_postgres_dag' retrieved from /opt/airflow/dags/05_etl_weather_postgres.py
[2026-08-30T14:41:22.307+0000] {logging_mixin.py:190} INFO - [2026-08-30T14:41:22.307+0000] {dag.py:3239} INFO - Sync 1 DAGs
[2026-08-30T14:41:22.337+0000] {logging_mixin.py:190} INFO - [2026-08-30T14:41:22.337+0000] {dag.py:4180} INFO - Setting next_dagrun for etl_weather_postgres_dag to None, run_after=None
[2026-08-30T14:41:22.354+0000] {processor.py:208} INFO - Processing /opt/airflow/dags/05_etl_weather_postgres.py took 0.153 seconds
[2026-08-30T14:41:53.114+0000] {processor.py:186} INFO - Started process (PID=2115) to work on /opt/airflow/dags/05_etl_weather_postgres.py
[2026-08-30T14:41:53.121+0000] {processor.py:914} INFO - Processing file /opt/airflow/dags/05_etl_weather_postgres.py for tasks to queue
[2026-08-30T14:41:53.122+0000] {logging_mixin.py:190} INFO - [2026-08-30T14:41:53.122+0000] {dagbag.py:588} INFO - Filling up the DagBag from /opt/airflow/dags/05_etl_weather_postgres.py
[2026-08-30T14:41:53.150+0000] {processor.py:925} INFO - DAG(s) 'etl_weather_postgres_dag' retrieved from /opt/airflow/dags/05_etl_weather_postgres.py
[2026-08-30T14:41:53.203+0000] {logging_mixin.py:190} INFO - [2026-08-30T14:41:53.203+0000] {dag.py:3239} INFO - Sync 1 DAGs
[2026-08-30T14:41:53.249+0000] {logging_mixin.py:190} INFO - [2026-08-30T14:41:53.249+0000] {dag.py:4180} INFO - Setting next_dagrun for etl_weather_postgres_dag to None, run_after=None
[2026-08-30T14:41:53.269+0000] {processor.py:208} INFO - Processing /opt/airflow/dags/05_etl_weather_postgres.py took 0.175 seconds
[2026-08-30T14:42:24.091+0000] {processor.py:186} INFO - Started process (PID=2128) to work on /opt/airflow/dags/05_etl_weather_postgres.py
[2026-08-30T14:42:24.093+0000] {processor.py:914} INFO - Processing file /opt/airflow/dags/05_etl_weather_postgres.py for tasks to queue
[2026-08-30T14:42:24.094+0000] {logging_mixin.py:190} INFO - [2026-08-30T14:42:24.093+0000] {dagbag.py:588} INFO - Filling up the DagBag from /opt/airflow/dags/05_etl_weather_postgres.py
[2026-08-30T14:42:24.110+0000] {processor.py:925} INFO - DAG(s) 'etl_weather_postgres_dag' retrieved from /opt/airflow/dags/05_etl_weather_postgres.py
[2026-08-30T14:42:24.142+0000] {logging_mixin.py:190} INFO - [2026-08-30T14:42:24.142+0000] {dag.py:3239} INFO - Sync 1 DAGs
[2026-08-30T14:42:24.184+0000] {logging_mixin.py:190} INFO - [2026-08-30T14:42:24.183+0000] {dag.py:4180} INFO - Setting next_dagrun for etl_weather_postgres_dag to None, run_after=None
[2026-08-30T14:42:24.249+0000] {processor.py:208} INFO - Processing /opt/airflow/dags/05_etl_weather_postgres.py took 0.166 seconds
[2026-08-30T14:42:54.368+0000] {processor.py:186} INFO - Started process (PID=2140) to work on /opt/airflow/dags/05_etl_weather_postgres.py
[2026-08-30T14:42:54.370+0000] {processor.py:914} INFO - Processing file /opt/airflow/dags/05_etl_weather_postgres.py for tasks to queue
[2026-08-30T14:42:54.372+0000] {logging_mixin.py:190} INFO - [2026-08-30T14:42:54.371+0000] {dagbag.py:588} INFO - Filling up the DagBag from /opt/airflow/dags/05_etl_weather_postgres.py
[2026-08-30T14:42:54.403+0000] {processor.py:925} INFO - DAG(s) 'etl_weather_postgres_dag' retrieved from /opt/airflow/dags/05_etl_weather_postgres.py
[2026-08-30T14:42:54.450+0000] {logging_mixin.py:190} INFO - [2026-08-30T14:42:54.450+0000] {dag.py:3239} INFO - Sync 1 DAGs
[2026-08-30T14:42:54.471+0000] {logging_mixin.py:190} INFO - [2026-08-30T14:42:54.471+0000] {dag.py:4180} INFO - Setting next_dagrun for etl_weather_postgres_dag to None, run_after=None
[2026-08-30T14:42:54.490+0000] {processor.py:208} INFO - Processing /opt/airflow/dags/05_etl_weather_postgres.py took 0.138 seconds
[2026-08-30T14:43:25.082+0000] {processor.py:186} INFO - Started process (PID=2152) to work on /opt/airflow/dags/05_etl_weather_postgres.py
[2026-08-30T14:43:25.086+0000] {processor.py:914} INFO - Processing file /opt/airflow/dags/05_etl_weather_postgres.py for tasks to queue
[2026-08-30T14:43:25.088+0000] {logging_mixin.py:190} INFO - [2026-08-30T14:43:25.087+0000] {dagbag.py:588} INFO - Filling up the DagBag from /opt/airflow/dags/05_etl_weather_postgres.py
[2026-08-30T14:43:25.112+0000] {processor.py:925} INFO - DAG(s) 'etl_weather_postgres_dag' retrieved from /opt/airflow/dags/05_etl_weather_postgres.py
[2026-08-30T14:43:25.171+0000] {logging_mixin.py:190} INFO - [2026-08-30T14:43:25.171+0000] {dag.py:3239} INFO - Sync 1 DAGs
[2026-08-30T14:43:25.189+0000] {logging_mixin.py:190} INFO - [2026-08-30T14:43:25.189+0000] {dag.py:4180} INFO - Setting next_dagrun for etl_weather_postgres_dag to None, run_after=None
[2026-08-30T14:43:25.208+0000] {processor.py:208} INFO - Processing /opt/airflow/dags/05_etl_weather_postgres.py took 0.144 seconds
[2026-08-30T14:43:55.919+0000] {processor.py:186} INFO - Started process (PID=2164) to work on /opt/airflow/dags/05_etl_weather_postgres.py
[2026-08-30T14:43:55.921+0000] {processor.py:914} INFO - Processing file /opt/airflow/dags/05_etl_weather_postgres.py for tasks to queue
[2026-08-30T14:43:55.923+0000] {logging_mixin.py:190} INFO - [2026-08-30T14:43:55.923+0000] {dagbag.py:588} INFO - Filling up the DagBag from /opt/airflow/dags/05_etl_weather_postgres.py
[2026-08-30T14:43:55.952+0000] {processor.py:925} INFO - DAG(s) 'etl_weather_postgres_dag' retrieved from /opt/airflow/dags/05_etl_weather_postgres.py
[2026-08-30T14:43:56.011+0000] {logging_mixin.py:190} INFO - [2026-08-30T14:43:56.011+0000] {dag.py:3239} INFO - Sync 1 DAGs
[2026-08-30T14:43:56.036+0000] {logging_mixin.py:190} INFO - [2026-08-30T14:43:56.036+0000] {dag.py:4180} INFO - Setting next_dagrun for etl_weather_postgres_dag to None, run_after=None
[2026-08-30T14:43:56.056+0000] {processor.py:208} INFO - Processing /opt/airflow/dags/05_etl_weather_postgres.py took 0.165 seconds
[2026-08-30T14:44:26.774+0000] {processor.py:186} INFO - Started process (PID=2176) to work on /opt/airflow/dags/05_etl_weather_postgres.py
[2026-08-30T14:44:26.779+0000] {processor.py:914} INFO - Processing file /opt/airflow/dags/05_etl_weather_postgres.py for tasks to queue
[2026-08-30T14:44:26.782+0000] {logging_mixin.py:190} INFO - [2026-08-30T14:44:26.781+0000] {dagbag.py:588} INFO - Filling up the DagBag from /opt/airflow/dags/05_etl_weather_postgres.py
[2026-08-30T14:44:26.824+0000] {processor.py:925} INFO - DAG(s) 'etl_weather_postgres_dag' retrieved from /opt/airflow/dags/05_etl_weather_postgres.py
[2026-08-30T14:44:26.870+0000] {logging_mixin.py:190} INFO - [2026-08-30T14:44:26.870+0000] {dag.py:3239} INFO - Sync 1 DAGs
[2026-08-30T14:44:26.890+0000] {logging_mixin.py:190} INFO - [2026-08-30T14:44:26.889+0000] {dag.py:4180} INFO - Setting next_dagrun for etl_weather_postgres_dag to None, run_after=None
[2026-08-30T14:44:26.909+0000] {processor.py:208} INFO - Processing /opt/airflow/dags/05_etl_weather_postgres.py took 0.162 seconds
[2026-08-30T14:44:57.564+0000] {processor.py:186} INFO - Started process (PID=2188) to work on /opt/airflow/dags/05_etl_weather_postgres.py
[2026-08-30T14:44:57.567+0000] {processor.py:914} INFO - Processing file /opt/airflow/dags/05_etl_weather_postgres.py for tasks to queue
[2026-08-30T14:44:57.572+0000] {logging_mixin.py:190} INFO - [2026-08-30T14:44:57.572+0000] {dagbag.py:588} INFO - Filling up the DagBag from /opt/airflow/dags/05_etl_weather_postgres.py
[2026-08-30T14:44:57.602+0000] {processor.py:925} INFO - DAG(s) 'etl_weather_postgres_dag' retrieved from /opt/airflow/dags/05_etl_weather_postgres.py
[2026-08-30T14:44:57.669+0000] {logging_mixin.py:190} INFO - [2026-08-30T14:44:57.669+0000] {dag.py:3239} INFO - Sync 1 DAGs
[2026-08-30T14:44:57.703+0000] {logging_mixin.py:190} INFO - [2026-08-30T14:44:57.703+0000] {dag.py:4180} INFO - Setting next_dagrun for etl_weather_postgres_dag to None, run_after=None
[2026-08-30T14:44:57.729+0000] {processor.py:208} INFO - Processing /opt/airflow/dags/05_etl_weather_postgres.py took 0.185 seconds
[2026-08-30T14:45:28.297+0000] {processor.py:186} INFO - Started process (PID=2206) to work on /opt/airflow/dags/05_etl_weather_postgres.py
[2026-08-30T14:45:28.300+0000] {processor.py:914} INFO - Processing file /opt/airflow/dags/05_etl_weather_postgres.py for tasks to queue
[2026-08-30T14:45:28.302+0000] {logging_mixin.py:190} INFO - [2026-08-30T14:45:28.301+0000] {dagbag.py:588} INFO - Filling up the DagBag from /opt/airflow/dags/05_etl_weather_postgres.py
[2026-08-30T14:45:28.331+0000] {processor.py:925} INFO - DAG(s) 'etl_weather_postgres_dag' retrieved from /opt/airflow/dags/05_etl_weather_postgres.py
[2026-08-30T14:45:28.392+0000] {logging_mixin.py:190} INFO - [2026-08-30T14:45:28.392+0000] {dag.py:3239} INFO - Sync 1 DAGs
[2026-08-30T14:45:28.413+0000] {logging_mixin.py:190} INFO - [2026-08-30T14:45:28.412+0000] {dag.py:4180} INFO - Setting next_dagrun for etl_weather_postgres_dag to None, run_after=None
[2026-08-30T14:45:28.434+0000] {processor.py:208} INFO - Processing /opt/airflow/dags/05_etl_weather_postgres.py took 0.163 seconds
[2026-08-30T14:45:59.086+0000] {processor.py:186} INFO - Started process (PID=2218) to work on /opt/airflow/dags/05_etl_weather_postgres.py
[2026-08-30T14:45:59.088+0000] {processor.py:914} INFO - Processing file /opt/airflow/dags/05_etl_weather_postgres.py for tasks to queue
[2026-08-30T14:45:59.090+0000] {logging_mixin.py:190} INFO - [2026-08-30T14:45:59.090+0000] {dagbag.py:588} INFO - Filling up the DagBag from /opt/airflow/dags/05_etl_weather_postgres.py
[2026-08-30T14:45:59.113+0000] {processor.py:925} INFO - DAG(s) 'etl_weather_postgres_dag' retrieved from /opt/airflow/dags/05_etl_weather_postgres.py
[2026-08-30T14:45:59.155+0000] {logging_mixin.py:190} INFO - [2026-08-30T14:45:59.155+0000] {dag.py:3239} INFO - Sync 1 DAGs
[2026-08-30T14:45:59.177+0000] {logging_mixin.py:190} INFO - [2026-08-30T14:45:59.177+0000] {dag.py:4180} INFO - Setting next_dagrun for etl_weather_postgres_dag to None, run_after=None
[2026-08-30T14:45:59.192+0000] {processor.py:208} INFO - Processing /opt/airflow/dags/05_etl_weather_postgres.py took 0.123 seconds
[2026-08-30T14:46:29.856+0000] {processor.py:186} INFO - Started process (PID=2230) to work on /opt/airflow/dags/05_etl_weather_postgres.py
[2026-08-30T14:46:29.859+0000] {processor.py:914} INFO - Processing file /opt/airflow/dags/05_etl_weather_postgres.py for tasks to queue
[2026-08-30T14:46:29.860+0000] {logging_mixin.py:190} INFO - [2026-08-30T14:46:29.860+0000] {dagbag.py:588} INFO - Filling up the DagBag from /opt/airflow/dags/05_etl_weather_postgres.py
[2026-08-30T14:46:29.887+0000] {processor.py:925} INFO - DAG(s) 'etl_weather_postgres_dag' retrieved from /opt/airflow/dags/05_etl_weather_postgres.py
[2026-08-30T14:46:29.926+0000] {logging_mixin.py:190} INFO - [2026-08-30T14:46:29.926+0000] {dag.py:3239} INFO - Sync 1 DAGs
[2026-08-30T14:46:29.970+0000] {logging_mixin.py:190} INFO - [2026-08-30T14:46:29.969+0000] {dag.py:4180} INFO - Setting next_dagrun for etl_weather_postgres_dag to None, run_after=None
[2026-08-30T14:46:29.995+0000] {processor.py:208} INFO - Processing /opt/airflow/dags/05_etl_weather_postgres.py took 0.153 seconds
[2026-08-30T14:47:00.608+0000] {processor.py:186} INFO - Started process (PID=2242) to work on /opt/airflow/dags/05_etl_weather_postgres.py
[2026-08-30T14:47:00.619+0000] {processor.py:914} INFO - Processing file /opt/airflow/dags/05_etl_weather_postgres.py for tasks to queue
[2026-08-30T14:47:00.623+0000] {logging_mixin.py:190} INFO - [2026-08-30T14:47:00.622+0000] {dagbag.py:588} INFO - Filling up the DagBag from /opt/airflow/dags/05_etl_weather_postgres.py
[2026-08-30T14:47:00.668+0000] {processor.py:925} INFO - DAG(s) 'etl_weather_postgres_dag' retrieved from /opt/airflow/dags/05_etl_weather_postgres.py
[2026-08-30T14:47:00.728+0000] {logging_mixin.py:190} INFO - [2026-08-30T14:47:00.728+0000] {dag.py:3239} INFO - Sync 1 DAGs
[2026-08-30T14:47:00.759+0000] {logging_mixin.py:190} INFO - [2026-08-30T14:47:00.759+0000] {dag.py:4180} INFO - Setting next_dagrun for etl_weather_postgres_dag to None, run_after=None
[2026-08-30T14:47:00.784+0000] {processor.py:208} INFO - Processing /opt/airflow/dags/05_etl_weather_postgres.py took 0.194 seconds
[2026-08-30T14:47:31.476+0000] {processor.py:186} INFO - Started process (PID=2255) to work on /opt/airflow/dags/05_etl_weather_postgres.py
[2026-08-30T14:47:31.478+0000] {processor.py:914} INFO - Processing file /opt/airflow/dags/05_etl_weather_postgres.py for tasks to queue
[2026-08-30T14:47:31.480+0000] {logging_mixin.py:190} INFO - [2026-08-30T14:47:31.479+0000] {dagbag.py:588} INFO - Filling up the DagBag from /opt/airflow/dags/05_etl_weather_postgres.py
[2026-08-30T14:47:31.501+0000] {processor.py:925} INFO - DAG(s) 'etl_weather_postgres_dag' retrieved from /opt/airflow/dags/05_etl_weather_postgres.py
[2026-08-30T14:47:31.538+0000] {logging_mixin.py:190} INFO - [2026-08-30T14:47:31.538+0000] {dag.py:3239} INFO - Sync 1 DAGs
[2026-08-30T14:47:31.556+0000] {logging_mixin.py:190} INFO - [2026-08-30T14:47:31.556+0000] {dag.py:4180} INFO - Setting next_dagrun for etl_weather_postgres_dag to None, run_after=None
[2026-08-30T14:47:31.579+0000] {processor.py:208} INFO - Processing /opt/airflow/dags/05_etl_weather_postgres.py took 0.116 seconds
[2026-08-30T14:48:02.201+0000] {processor.py:186} INFO - Started process (PID=2267) to work on /opt/airflow/dags/05_etl_weather_postgres.py
[2026-08-30T14:48:02.202+0000] {processor.py:914} INFO - Processing file /opt/airflow/dags/05_etl_weather_postgres.py for tasks to queue
[2026-08-30T14:48:02.204+0000] {logging_mixin.py:190} INFO - [2026-08-30T14:48:02.203+0000] {dagbag.py:588} INFO - Filling up the DagBag from /opt/airflow/dags/05_etl_weather_postgres.py
[2026-08-30T14:48:02.236+0000] {processor.py:925} INFO - DAG(s) 'etl_weather_postgres_dag' retrieved from /opt/airflow/dags/05_etl_weather_postgres.py
[2026-08-30T14:48:02.288+0000] {logging_mixin.py:190} INFO - [2026-08-30T14:48:02.288+0000] {dag.py:3239} INFO - Sync 1 DAGs
[2026-08-30T14:48:02.311+0000] {logging_mixin.py:190} INFO - [2026-08-30T14:48:02.311+0000] {dag.py:4180} INFO - Setting next_dagrun for etl_weather_postgres_dag to None, run_after=None
[2026-08-30T14:48:02.330+0000] {processor.py:208} INFO - Processing /opt/airflow/dags/05_etl_weather_postgres.py took 0.146 seconds
[2026-08-30T14:48:33.004+0000] {processor.py:186} INFO - Started process (PID=2279) to work on /opt/airflow/dags/05_etl_weather_postgres.py
[2026-08-30T14:48:33.006+0000] {processor.py:914} INFO - Processing file /opt/airflow/dags/05_etl_weather_postgres.py for tasks to queue
[2026-08-30T14:48:33.009+0000] {logging_mixin.py:190} INFO - [2026-08-30T14:48:33.009+0000] {dagbag.py:588} INFO - Filling up the DagBag from /opt/airflow/dags/05_etl_weather_postgres.py
[2026-08-30T14:48:33.034+0000] {processor.py:925} INFO - DAG(s) 'etl_weather_postgres_dag' retrieved from /opt/airflow/dags/05_etl_weather_postgres.py
[2026-08-30T14:48:33.090+0000] {logging_mixin.py:190} INFO - [2026-08-30T14:48:33.090+0000] {dag.py:3239} INFO - Sync 1 DAGs
[2026-08-30T14:48:33.116+0000] {logging_mixin.py:190} INFO - [2026-08-30T14:48:33.116+0000] {dag.py:4180} INFO - Setting next_dagrun for etl_weather_postgres_dag to None, run_after=None
[2026-08-30T14:48:33.136+0000] {processor.py:208} INFO - Processing /opt/airflow/dags/05_etl_weather_postgres.py took 0.149 seconds
[2026-08-30T14:49:03.730+0000] {processor.py:186} INFO - Started process (PID=2291) to work on /opt/airflow/dags/05_etl_weather_postgres.py
[2026-08-30T14:49:03.735+0000] {processor.py:914} INFO - Processing file /opt/airflow/dags/05_etl_weather_postgres.py for tasks to queue
[2026-08-30T14:49:03.737+0000] {logging_mixin.py:190} INFO - [2026-08-30T14:49:03.736+0000] {dagbag.py:588} INFO - Filling up the DagBag from /opt/airflow/dags/05_etl_weather_postgres.py
[2026-08-30T14:49:03.767+0000] {processor.py:925} INFO - DAG(s) 'etl_weather_postgres_dag' retrieved from /opt/airflow/dags/05_etl_weather_postgres.py
[2026-08-30T14:49:03.824+0000] {logging_mixin.py:190} INFO - [2026-08-30T14:49:03.824+0000] {dag.py:3239} INFO - Sync 1 DAGs
[2026-08-30T14:49:03.844+0000] {logging_mixin.py:190} INFO - [2026-08-30T14:49:03.844+0000] {dag.py:4180} INFO - Setting next_dagrun for etl_weather_postgres_dag to None, run_after=None
[2026-08-30T14:49:03.857+0000] {processor.py:208} INFO - Processing /opt/airflow/dags/05_etl_weather_postgres.py took 0.146 seconds
[2026-08-30T14:49:34.555+0000] {processor.py:186} INFO - Started process (PID=2303) to work on /opt/airflow/dags/05_etl_weather_postgres.py
[2026-08-30T14:49:34.559+0000] {processor.py:914} INFO - Processing file /opt/airflow/dags/05_etl_weather_postgres.py for tasks to queue
[2026-08-30T14:49:34.561+0000] {logging_mixin.py:190} INFO - [2026-08-30T14:49:34.560+0000] {dagbag.py:588} INFO - Filling up the DagBag from /opt/airflow/dags/05_etl_weather_postgres.py
[2026-08-30T14:49:34.580+0000] {processor.py:925} INFO - DAG(s) 'etl_weather_postgres_dag' retrieved from /opt/airflow/dags/05_etl_weather_postgres.py
[2026-08-30T14:49:34.620+0000] {logging_mixin.py:190} INFO - [2026-08-30T14:49:34.620+0000] {dag.py:3239} INFO - Sync 1 DAGs
[2026-08-30T14:49:34.640+0000] {logging_mixin.py:190} INFO - [2026-08-30T14:49:34.640+0000] {dag.py:4180} INFO - Setting next_dagrun for etl_weather_postgres_dag to None, run_after=None
[2026-08-30T14:49:34.656+0000] {processor.py:208} INFO - Processing /opt/airflow/dags/05_etl_weather_postgres.py took 0.115 seconds
[2026-08-30T14:50:05.391+0000] {processor.py:186} INFO - Started process (PID=2315) to work on /opt/airflow/dags/05_etl_weather_postgres.py
[2026-08-30T14:50:05.393+0000] {processor.py:914} INFO - Processing file /opt/airflow/dags/05_etl_weather_postgres.py for tasks to queue
[2026-08-30T14:50:05.395+0000] {logging_mixin.py:190} INFO - [2026-08-30T14:50:05.395+0000] {dagbag.py:588} INFO - Filling up the DagBag from /opt/airflow/dags/05_etl_weather_postgres.py
[2026-08-30T14:50:05.422+0000] {processor.py:925} INFO - DAG(s) 'etl_weather_postgres_dag' retrieved from /opt/airflow/dags/05_etl_weather_postgres.py
[2026-08-30T14:50:05.463+0000] {logging_mixin.py:190} INFO - [2026-08-30T14:50:05.463+0000] {dag.py:3239} INFO - Sync 1 DAGs
[2026-08-30T14:50:05.490+0000] {logging_mixin.py:190} INFO - [2026-08-30T14:50:05.490+0000] {dag.py:4180} INFO - Setting next_dagrun for etl_weather_postgres_dag to None, run_after=None
[2026-08-30T14:50:05.510+0000] {processor.py:208} INFO - Processing /opt/airflow/dags/05_etl_weather_postgres.py took 0.133 seconds
[2026-08-30T14:50:36.199+0000] {processor.py:186} INFO - Started process (PID=2327) to work on /opt/airflow/dags/05_etl_weather_postgres.py
[2026-08-30T14:50:36.203+0000] {processor.py:914} INFO - Processing file /opt/airflow/dags/05_etl_weather_postgres.py for tasks to queue
[2026-08-30T14:50:36.207+0000] {logging_mixin.py:190} INFO - [2026-08-30T14:50:36.206+0000] {dagbag.py:588} INFO - Filling up the DagBag from /opt/airflow/dags/05_etl_weather_postgres.py
[2026-08-30T14:50:36.240+0000] {processor.py:925} INFO - DAG(s) 'etl_weather_postgres_dag' retrieved from /opt/airflow/dags/05_etl_weather_postgres.py
[2026-08-30T14:50:36.280+0000] {logging_mixin.py:190} INFO - [2026-08-30T14:50:36.280+0000] {dag.py:3239} INFO - Sync 1 DAGs
[2026-08-30T14:50:36.295+0000] {logging_mixin.py:190} INFO - [2026-08-30T14:50:36.295+0000] {dag.py:4180} INFO - Setting next_dagrun for etl_weather_postgres_dag to None, run_after=None
[2026-08-30T14:50:36.317+0000] {processor.py:208} INFO - Processing /opt/airflow/dags/05_etl_weather_postgres.py took 0.133 seconds
[2026-08-30T14:51:07.063+0000] {processor.py:186} INFO - Started process (PID=2339) to work on /opt/airflow/dags/05_etl_weather_postgres.py
[2026-08-30T14:51:07.066+0000] {processor.py:914} INFO - Processing file /opt/airflow/dags/05_etl_weather_postgres.py for tasks to queue
[2026-08-30T14:51:07.069+0000] {logging_mixin.py:190} INFO - [2026-08-30T14:51:07.068+0000] {dagbag.py:588} INFO - Filling up the DagBag from /opt/airflow/dags/05_etl_weather_postgres.py
[2026-08-30T14:51:07.099+0000] {processor.py:925} INFO - DAG(s) 'etl_weather_postgres_dag' retrieved from /opt/airflow/dags/05_etl_weather_postgres.py
[2026-08-30T14:51:07.141+0000] {logging_mixin.py:190} INFO - [2026-08-30T14:51:07.141+0000] {dag.py:3239} INFO - Sync 1 DAGs
[2026-08-30T14:51:07.160+0000] {logging_mixin.py:190} INFO - [2026-08-30T14:51:07.160+0000] {dag.py:4180} INFO - Setting next_dagrun for etl_weather_postgres_dag to None, run_after=None
[2026-08-30T14:51:07.180+0000] {processor.py:208} INFO - Processing /opt/airflow/dags/05_etl_weather_postgres.py took 0.139 seconds
[2026-08-30T14:51:37.865+0000] {processor.py:186} INFO - Started process (PID=2351) to work on /opt/airflow/dags/05_etl_weather_postgres.py
[2026-08-30T14:51:37.868+0000] {processor.py:914} INFO - Processing file /opt/airflow/dags/05_etl_weather_postgres.py for tasks to queue
[2026-08-30T14:51:37.870+0000] {logging_mixin.py:190} INFO - [2026-08-30T14:51:37.869+0000] {dagbag.py:588} INFO - Filling up the DagBag from /opt/airflow/dags/05_etl_weather_postgres.py
[2026-08-30T14:51:37.899+0000] {processor.py:925} INFO - DAG(s) 'etl_weather_postgres_dag' retrieved from /opt/airflow/dags/05_etl_weather_postgres.py
[2026-08-30T14:51:37.944+0000] {logging_mixin.py:190} INFO - [2026-08-30T14:51:37.944+0000] {dag.py:3239} INFO - Sync 1 DAGs
[2026-08-30T14:51:37.972+0000] {logging_mixin.py:190} INFO - [2026-08-30T14:51:37.972+0000] {dag.py:4180} INFO - Setting next_dagrun for etl_weather_postgres_dag to None, run_after=None
[2026-08-30T14:51:37.990+0000] {processor.py:208} INFO - Processing /opt/airflow/dags/05_etl_weather_postgres.py took 0.138 seconds
[2026-08-30T14:52:08.630+0000] {processor.py:186} INFO - Started process (PID=2363) to work on /opt/airflow/dags/05_etl_weather_postgres.py
[2026-08-30T14:52:08.634+0000] {processor.py:914} INFO - Processing file /opt/airflow/dags/05_etl_weather_postgres.py for tasks to queue
[2026-08-30T14:52:08.636+0000] {logging_mixin.py:190} INFO - [2026-08-30T14:52:08.635+0000] {dagbag.py:588} INFO - Filling up the DagBag from /opt/airflow/dags/05_etl_weather_postgres.py
[2026-08-30T14:52:08.666+0000] {processor.py:925} INFO - DAG(s) 'etl_weather_postgres_dag' retrieved from /opt/airflow/dags/05_etl_weather_postgres.py
[2026-08-30T14:52:08.720+0000] {logging_mixin.py:190} INFO - [2026-08-30T14:52:08.720+0000] {dag.py:3239} INFO - Sync 1 DAGs
[2026-08-30T14:52:08.738+0000] {logging_mixin.py:190} INFO - [2026-08-30T14:52:08.738+0000] {dag.py:4180} INFO - Setting next_dagrun for etl_weather_postgres_dag to None, run_after=None
[2026-08-30T14:52:08.755+0000] {processor.py:208} INFO - Processing /opt/airflow/dags/05_etl_weather_postgres.py took 0.146 seconds
[2026-08-30T14:52:39.588+0000] {processor.py:186} INFO - Started process (PID=2375) to work on /opt/airflow/dags/05_etl_weather_postgres.py
[2026-08-30T14:52:39.590+0000] {processor.py:914} INFO - Processing file /opt/airflow/dags/05_etl_weather_postgres.py for tasks to queue
[2026-08-30T14:52:39.592+0000] {logging_mixin.py:190} INFO - [2026-08-30T14:52:39.591+0000] {dagbag.py:588} INFO - Filling up the DagBag from /opt/airflow/dags/05_etl_weather_postgres.py
[2026-08-30T14:52:39.620+0000] {processor.py:925} INFO - DAG(s) 'etl_weather_postgres_dag' retrieved from /opt/airflow/dags/05_etl_weather_postgres.py
[2026-08-30T14:52:39.672+0000] {logging_mixin.py:190} INFO - [2026-08-30T14:52:39.672+0000] {dag.py:3239} INFO - Sync 1 DAGs
[2026-08-30T14:52:39.699+0000] {logging_mixin.py:190} INFO - [2026-08-30T14:52:39.699+0000] {dag.py:4180} INFO - Setting next_dagrun for etl_weather_postgres_dag to None, run_after=None
[2026-08-30T14:52:39.727+0000] {processor.py:208} INFO - Processing /opt/airflow/dags/05_etl_weather_postgres.py took 0.163 seconds
[2026-08-30T14:53:10.362+0000] {processor.py:186} INFO - Started process (PID=2387) to work on /opt/airflow/dags/05_etl_weather_postgres.py
[2026-08-30T14:53:10.364+0000] {processor.py:914} INFO - Processing file /opt/airflow/dags/05_etl_weather_postgres.py for tasks to queue
[2026-08-30T14:53:10.366+0000] {logging_mixin.py:190} INFO - [2026-08-30T14:53:10.365+0000] {dagbag.py:588} INFO - Filling up the DagBag from /opt/airflow/dags/05_etl_weather_postgres.py
[2026-08-30T14:53:10.389+0000] {processor.py:925} INFO - DAG(s) 'etl_weather_postgres_dag' retrieved from /opt/airflow/dags/05_etl_weather_postgres.py
[2026-08-30T14:53:10.426+0000] {logging_mixin.py:190} INFO - [2026-08-30T14:53:10.426+0000] {dag.py:3239} INFO - Sync 1 DAGs
[2026-08-30T14:53:10.438+0000] {logging_mixin.py:190} INFO - [2026-08-30T14:53:10.438+0000] {dag.py:4180} INFO - Setting next_dagrun for etl_weather_postgres_dag to None, run_after=None
[2026-08-30T14:53:10.453+0000] {processor.py:208} INFO - Processing /opt/airflow/dags/05_etl_weather_postgres.py took 0.104 seconds
[2026-08-30T14:53:41.104+0000] {processor.py:186} INFO - Started process (PID=2399) to work on /opt/airflow/dags/05_etl_weather_postgres.py
[2026-08-30T14:53:41.110+0000] {processor.py:914} INFO - Processing file /opt/airflow/dags/05_etl_weather_postgres.py for tasks to queue
[2026-08-30T14:53:41.114+0000] {logging_mixin.py:190} INFO - [2026-08-30T14:53:41.113+0000] {dagbag.py:588} INFO - Filling up the DagBag from /opt/airflow/dags/05_etl_weather_postgres.py
[2026-08-30T14:53:41.147+0000] {processor.py:925} INFO - DAG(s) 'etl_weather_postgres_dag' retrieved from /opt/airflow/dags/05_etl_weather_postgres.py
[2026-08-30T14:53:41.184+0000] {logging_mixin.py:190} INFO - [2026-08-30T14:53:41.184+0000] {dag.py:3239} INFO - Sync 1 DAGs
[2026-08-30T14:53:41.198+0000] {logging_mixin.py:190} INFO - [2026-08-30T14:53:41.198+0000] {dag.py:4180} INFO - Setting next_dagrun for etl_weather_postgres_dag to None, run_after=None
[2026-08-30T14:53:41.212+0000] {processor.py:208} INFO - Processing /opt/airflow/dags/05_etl_weather_postgres.py took 0.126 seconds
[2026-08-30T14:54:11.807+0000] {processor.py:186} INFO - Started process (PID=2411) to work on /opt/airflow/dags/05_etl_weather_postgres.py
[2026-08-30T14:54:11.811+0000] {processor.py:914} INFO - Processing file /opt/airflow/dags/05_etl_weather_postgres.py for tasks to queue
[2026-08-30T14:54:11.813+0000] {logging_mixin.py:190} INFO - [2026-08-30T14:54:11.812+0000] {dagbag.py:588} INFO - Filling up the DagBag from /opt/airflow/dags/05_etl_weather_postgres.py
[2026-08-30T14:54:11.831+0000] {processor.py:925} INFO - DAG(s) 'etl_weather_postgres_dag' retrieved from /opt/airflow/dags/05_etl_weather_postgres.py
[2026-08-30T14:54:11.860+0000] {logging_mixin.py:190} INFO - [2026-08-30T14:54:11.860+0000] {dag.py:3239} INFO - Sync 1 DAGs
[2026-08-30T14:54:11.873+0000] {logging_mixin.py:190} INFO - [2026-08-30T14:54:11.873+0000] {dag.py:4180} INFO - Setting next_dagrun for etl_weather_postgres_dag to None, run_after=None
[2026-08-30T14:54:11.886+0000] {processor.py:208} INFO - Processing /opt/airflow/dags/05_etl_weather_postgres.py took 0.092 seconds
[2026-08-30T14:54:42.453+0000] {processor.py:186} INFO - Started process (PID=2424) to work on /opt/airflow/dags/05_etl_weather_postgres.py
[2026-08-30T14:54:42.455+0000] {processor.py:914} INFO - Processing file /opt/airflow/dags/05_etl_weather_postgres.py for tasks to queue
[2026-08-30T14:54:42.458+0000] {logging_mixin.py:190} INFO - [2026-08-30T14:54:42.458+0000] {dagbag.py:588} INFO - Filling up the DagBag from /opt/airflow/dags/05_etl_weather_postgres.py
[2026-08-30T14:54:42.483+0000] {processor.py:925} INFO - DAG(s) 'etl_weather_postgres_dag' retrieved from /opt/airflow/dags/05_etl_weather_postgres.py
[2026-08-30T14:54:42.524+0000] {logging_mixin.py:190} INFO - [2026-08-30T14:54:42.524+0000] {dag.py:3239} INFO - Sync 1 DAGs
[2026-08-30T14:54:42.549+0000] {logging_mixin.py:190} INFO - [2026-08-30T14:54:42.549+0000] {dag.py:4180} INFO - Setting next_dagrun for etl_weather_postgres_dag to None, run_after=None
[2026-08-30T14:54:42.567+0000] {processor.py:208} INFO - Processing /opt/airflow/dags/05_etl_weather_postgres.py took 0.123 seconds
[2026-08-30T14:55:13.198+0000] {processor.py:186} INFO - Started process (PID=2436) to work on /opt/airflow/dags/05_etl_weather_postgres.py
[2026-08-30T14:55:13.201+0000] {processor.py:914} INFO - Processing file /opt/airflow/dags/05_etl_weather_postgres.py for tasks to queue
[2026-08-30T14:55:13.204+0000] {logging_mixin.py:190} INFO - [2026-08-30T14:55:13.203+0000] {dagbag.py:588} INFO - Filling up the DagBag from /opt/airflow/dags/05_etl_weather_postgres.py
[2026-08-30T14:55:13.242+0000] {processor.py:925} INFO - DAG(s) 'etl_weather_postgres_dag' retrieved from /opt/airflow/dags/05_etl_weather_postgres.py
[2026-08-30T14:55:13.293+0000] {logging_mixin.py:190} INFO - [2026-08-30T14:55:13.293+0000] {dag.py:3239} INFO - Sync 1 DAGs
[2026-08-30T14:55:13.311+0000] {logging_mixin.py:190} INFO - [2026-08-30T14:55:13.310+0000] {dag.py:4180} INFO - Setting next_dagrun for etl_weather_postgres_dag to None, run_after=None
[2026-08-30T14:55:13.331+0000] {processor.py:208} INFO - Processing /opt/airflow/dags/05_etl_weather_postgres.py took 0.151 seconds
[2026-08-30T14:55:43.978+0000] {processor.py:186} INFO - Started process (PID=2448) to work on /opt/airflow/dags/05_etl_weather_postgres.py
[2026-08-30T14:55:43.981+0000] {processor.py:914} INFO - Processing file /opt/airflow/dags/05_etl_weather_postgres.py for tasks to queue
[2026-08-30T14:55:43.985+0000] {logging_mixin.py:190} INFO - [2026-08-30T14:55:43.982+0000] {dagbag.py:588} INFO - Filling up the DagBag from /opt/airflow/dags/05_etl_weather_postgres.py
[2026-08-30T14:55:44.020+0000] {processor.py:925} INFO - DAG(s) 'etl_weather_postgres_dag' retrieved from /opt/airflow/dags/05_etl_weather_postgres.py
[2026-08-30T14:55:44.072+0000] {logging_mixin.py:190} INFO - [2026-08-30T14:55:44.072+0000] {dag.py:3239} INFO - Sync 1 DAGs
[2026-08-30T14:55:44.100+0000] {logging_mixin.py:190} INFO - [2026-08-30T14:55:44.100+0000] {dag.py:4180} INFO - Setting next_dagrun for etl_weather_postgres_dag to None, run_after=None
[2026-08-30T14:55:44.120+0000] {processor.py:208} INFO - Processing /opt/airflow/dags/05_etl_weather_postgres.py took 0.155 seconds
[2026-08-30T14:56:14.798+0000] {processor.py:186} INFO - Started process (PID=2460) to work on /opt/airflow/dags/05_etl_weather_postgres.py
[2026-08-30T14:56:14.800+0000] {processor.py:914} INFO - Processing file /opt/airflow/dags/05_etl_weather_postgres.py for tasks to queue
[2026-08-30T14:56:14.802+0000] {logging_mixin.py:190} INFO - [2026-08-30T14:56:14.801+0000] {dagbag.py:588} INFO - Filling up the DagBag from /opt/airflow/dags/05_etl_weather_postgres.py
[2026-08-30T14:56:14.827+0000] {processor.py:925} INFO - DAG(s) 'etl_weather_postgres_dag' retrieved from /opt/airflow/dags/05_etl_weather_postgres.py
[2026-08-30T14:56:14.863+0000] {logging_mixin.py:190} INFO - [2026-08-30T14:56:14.863+0000] {dag.py:3239} INFO - Sync 1 DAGs
[2026-08-30T14:56:14.884+0000] {logging_mixin.py:190} INFO - [2026-08-30T14:56:14.882+0000] {dag.py:4180} INFO - Setting next_dagrun for etl_weather_postgres_dag to None, run_after=None
[2026-08-30T14:56:14.902+0000] {processor.py:208} INFO - Processing /opt/airflow/dags/05_etl_weather_postgres.py took 0.121 seconds
[2026-08-30T14:56:45.645+0000] {processor.py:186} INFO - Started process (PID=2472) to work on /opt/airflow/dags/05_etl_weather_postgres.py
[2026-08-30T14:56:45.648+0000] {processor.py:914} INFO - Processing file /opt/airflow/dags/05_etl_weather_postgres.py for tasks to queue
[2026-08-30T14:56:45.651+0000] {logging_mixin.py:190} INFO - [2026-08-30T14:56:45.650+0000] {dagbag.py:588} INFO - Filling up the DagBag from /opt/airflow/dags/05_etl_weather_postgres.py
[2026-08-30T14:56:45.678+0000] {processor.py:925} INFO - DAG(s) 'etl_weather_postgres_dag' retrieved from /opt/airflow/dags/05_etl_weather_postgres.py
[2026-08-30T14:56:45.714+0000] {logging_mixin.py:190} INFO - [2026-08-30T14:56:45.714+0000] {dag.py:3239} INFO - Sync 1 DAGs
[2026-08-30T14:56:45.731+0000] {logging_mixin.py:190} INFO - [2026-08-30T14:56:45.731+0000] {dag.py:4180} INFO - Setting next_dagrun for etl_weather_postgres_dag to None, run_after=None
[2026-08-30T14:56:45.750+0000] {processor.py:208} INFO - Processing /opt/airflow/dags/05_etl_weather_postgres.py took 0.136 seconds
[2026-08-30T14:57:16.529+0000] {processor.py:186} INFO - Started process (PID=2484) to work on /opt/airflow/dags/05_etl_weather_postgres.py
[2026-08-30T14:57:16.539+0000] {processor.py:914} INFO - Processing file /opt/airflow/dags/05_etl_weather_postgres.py for tasks to queue
[2026-08-30T14:57:16.544+0000] {logging_mixin.py:190} INFO - [2026-08-30T14:57:16.543+0000] {dagbag.py:588} INFO - Filling up the DagBag from /opt/airflow/dags/05_etl_weather_postgres.py
[2026-08-30T14:57:16.576+0000] {processor.py:925} INFO - DAG(s) 'etl_weather_postgres_dag' retrieved from /opt/airflow/dags/05_etl_weather_postgres.py
[2026-08-30T14:57:16.664+0000] {logging_mixin.py:190} INFO - [2026-08-30T14:57:16.664+0000] {dag.py:3239} INFO - Sync 1 DAGs
[2026-08-30T14:57:16.685+0000] {logging_mixin.py:190} INFO - [2026-08-30T14:57:16.685+0000] {dag.py:4180} INFO - Setting next_dagrun for etl_weather_postgres_dag to None, run_after=None
[2026-08-30T14:57:16.705+0000] {processor.py:208} INFO - Processing /opt/airflow/dags/05_etl_weather_postgres.py took 0.210 seconds
[2026-08-30T14:57:47.391+0000] {processor.py:186} INFO - Started process (PID=2496) to work on /opt/airflow/dags/05_etl_weather_postgres.py
[2026-08-30T14:57:47.394+0000] {processor.py:914} INFO - Processing file /opt/airflow/dags/05_etl_weather_postgres.py for tasks to queue
[2026-08-30T14:57:47.398+0000] {logging_mixin.py:190} INFO - [2026-08-30T14:57:47.397+0000] {dagbag.py:588} INFO - Filling up the DagBag from /opt/airflow/dags/05_etl_weather_postgres.py
[2026-08-30T14:57:47.419+0000] {processor.py:925} INFO - DAG(s) 'etl_weather_postgres_dag' retrieved from /opt/airflow/dags/05_etl_weather_postgres.py
[2026-08-30T14:57:47.462+0000] {logging_mixin.py:190} INFO - [2026-08-30T14:57:47.461+0000] {dag.py:3239} INFO - Sync 1 DAGs
[2026-08-30T14:57:47.481+0000] {logging_mixin.py:190} INFO - [2026-08-30T14:57:47.481+0000] {dag.py:4180} INFO - Setting next_dagrun for etl_weather_postgres_dag to None, run_after=None
[2026-08-30T14:57:47.499+0000] {processor.py:208} INFO - Processing /opt/airflow/dags/05_etl_weather_postgres.py took 0.133 seconds
[2026-08-30T14:58:18.212+0000] {processor.py:186} INFO - Started process (PID=2508) to work on /opt/airflow/dags/05_etl_weather_postgres.py
[2026-08-30T14:58:18.215+0000] {processor.py:914} INFO - Processing file /opt/airflow/dags/05_etl_weather_postgres.py for tasks to queue
[2026-08-30T14:58:18.218+0000] {logging_mixin.py:190} INFO - [2026-08-30T14:58:18.217+0000] {dagbag.py:588} INFO - Filling up the DagBag from /opt/airflow/dags/05_etl_weather_postgres.py
[2026-08-30T14:58:18.246+0000] {processor.py:925} INFO - DAG(s) 'etl_weather_postgres_dag' retrieved from /opt/airflow/dags/05_etl_weather_postgres.py
[2026-08-30T14:58:18.294+0000] {logging_mixin.py:190} INFO - [2026-08-30T14:58:18.293+0000] {dag.py:3239} INFO - Sync 1 DAGs
[2026-08-30T14:58:18.318+0000] {logging_mixin.py:190} INFO - [2026-08-30T14:58:18.318+0000] {dag.py:4180} INFO - Setting next_dagrun for etl_weather_postgres_dag to None, run_after=None
[2026-08-30T14:58:18.335+0000] {processor.py:208} INFO - Processing /opt/airflow/dags/05_etl_weather_postgres.py took 0.154 seconds
[2026-08-30T14:58:49.004+0000] {processor.py:186} INFO - Started process (PID=2521) to work on /opt/airflow/dags/05_etl_weather_postgres.py
[2026-08-30T14:58:49.011+0000] {processor.py:914} INFO - Processing file /opt/airflow/dags/05_etl_weather_postgres.py for tasks to queue
[2026-08-30T14:58:49.013+0000] {logging_mixin.py:190} INFO - [2026-08-30T14:58:49.013+0000] {dagbag.py:588} INFO - Filling up the DagBag from /opt/airflow/dags/05_etl_weather_postgres.py
[2026-08-30T14:58:49.066+0000] {processor.py:925} INFO - DAG(s) 'etl_weather_postgres_dag' retrieved from /opt/airflow/dags/05_etl_weather_postgres.py
[2026-08-30T14:58:49.129+0000] {logging_mixin.py:190} INFO - [2026-08-30T14:58:49.129+0000] {dag.py:3239} INFO - Sync 1 DAGs
[2026-08-30T14:58:49.151+0000] {logging_mixin.py:190} INFO - [2026-08-30T14:58:49.151+0000] {dag.py:4180} INFO - Setting next_dagrun for etl_weather_postgres_dag to None, run_after=None
[2026-08-30T14:58:49.181+0000] {processor.py:208} INFO - Processing /opt/airflow/dags/05_etl_weather_postgres.py took 0.216 seconds
[2026-08-30T14:59:19.929+0000] {processor.py:186} INFO - Started process (PID=2533) to work on /opt/airflow/dags/05_etl_weather_postgres.py
[2026-08-30T14:59:19.932+0000] {processor.py:914} INFO - Processing file /opt/airflow/dags/05_etl_weather_postgres.py for tasks to queue
[2026-08-30T14:59:19.935+0000] {logging_mixin.py:190} INFO - [2026-08-30T14:59:19.934+0000] {dagbag.py:588} INFO - Filling up the DagBag from /opt/airflow/dags/05_etl_weather_postgres.py
[2026-08-30T14:59:19.970+0000] {processor.py:925} INFO - DAG(s) 'etl_weather_postgres_dag' retrieved from /opt/airflow/dags/05_etl_weather_postgres.py
[2026-08-30T14:59:20.109+0000] {logging_mixin.py:190} INFO - [2026-08-30T14:59:20.109+0000] {dag.py:3239} INFO - Sync 1 DAGs
[2026-08-30T14:59:20.142+0000] {logging_mixin.py:190} INFO - [2026-08-30T14:59:20.142+0000] {dag.py:4180} INFO - Setting next_dagrun for etl_weather_postgres_dag to None, run_after=None
[2026-08-30T14:59:20.167+0000] {processor.py:208} INFO - Processing /opt/airflow/dags/05_etl_weather_postgres.py took 0.283 seconds
[2026-08-30T14:59:51.127+0000] {processor.py:186} INFO - Started process (PID=2545) to work on /opt/airflow/dags/05_etl_weather_postgres.py
[2026-08-30T14:59:51.129+0000] {processor.py:914} INFO - Processing file /opt/airflow/dags/05_etl_weather_postgres.py for tasks to queue
[2026-08-30T14:59:51.132+0000] {logging_mixin.py:190} INFO - [2026-08-30T14:59:51.132+0000] {dagbag.py:588} INFO - Filling up the DagBag from /opt/airflow/dags/05_etl_weather_postgres.py
[2026-08-30T14:59:51.152+0000] {processor.py:925} INFO - DAG(s) 'etl_weather_postgres_dag' retrieved from /opt/airflow/dags/05_etl_weather_postgres.py
[2026-08-30T14:59:51.189+0000] {logging_mixin.py:190} INFO - [2026-08-30T14:59:51.188+0000] {dag.py:3239} INFO - Sync 1 DAGs
[2026-08-30T14:59:51.203+0000] {logging_mixin.py:190} INFO - [2026-08-30T14:59:51.203+0000] {dag.py:4180} INFO - Setting next_dagrun for etl_weather_postgres_dag to None, run_after=None
[2026-08-30T14:59:51.216+0000] {processor.py:208} INFO - Processing /opt/airflow/dags/05_etl_weather_postgres.py took 0.109 seconds
[2026-08-30T15:00:21.847+0000] {processor.py:186} INFO - Started process (PID=2557) to work on /opt/airflow/dags/05_etl_weather_postgres.py
[2026-08-30T15:00:21.851+0000] {processor.py:914} INFO - Processing file /opt/airflow/dags/05_etl_weather_postgres.py for tasks to queue
[2026-08-30T15:00:21.852+0000] {logging_mixin.py:190} INFO - [2026-08-30T15:00:21.852+0000] {dagbag.py:588} INFO - Filling up the DagBag from /opt/airflow/dags/05_etl_weather_postgres.py
[2026-08-30T15:00:21.876+0000] {processor.py:925} INFO - DAG(s) 'etl_weather_postgres_dag' retrieved from /opt/airflow/dags/05_etl_weather_postgres.py
[2026-08-30T15:00:21.905+0000] {logging_mixin.py:190} INFO - [2026-08-30T15:00:21.905+0000] {dag.py:3239} INFO - Sync 1 DAGs
[2026-08-30T15:00:21.922+0000] {logging_mixin.py:190} INFO - [2026-08-30T15:00:21.921+0000] {dag.py:4180} INFO - Setting next_dagrun for etl_weather_postgres_dag to None, run_after=None
[2026-08-30T15:00:21.935+0000] {processor.py:208} INFO - Processing /opt/airflow/dags/05_etl_weather_postgres.py took 0.104 seconds
[2026-08-30T15:00:52.588+0000] {processor.py:186} INFO - Started process (PID=2569) to work on /opt/airflow/dags/05_etl_weather_postgres.py
[2026-08-30T15:00:52.590+0000] {processor.py:914} INFO - Processing file /opt/airflow/dags/05_etl_weather_postgres.py for tasks to queue
[2026-08-30T15:00:52.592+0000] {logging_mixin.py:190} INFO - [2026-08-30T15:00:52.592+0000] {dagbag.py:588} INFO - Filling up the DagBag from /opt/airflow/dags/05_etl_weather_postgres.py
[2026-08-30T15:00:52.628+0000] {processor.py:925} INFO - DAG(s) 'etl_weather_postgres_dag' retrieved from /opt/airflow/dags/05_etl_weather_postgres.py
[2026-08-30T15:00:52.674+0000] {logging_mixin.py:190} INFO - [2026-08-30T15:00:52.674+0000] {dag.py:3239} INFO - Sync 1 DAGs
[2026-08-30T15:00:52.690+0000] {logging_mixin.py:190} INFO - [2026-08-30T15:00:52.690+0000] {dag.py:4180} INFO - Setting next_dagrun for etl_weather_postgres_dag to None, run_after=None
[2026-08-30T15:00:52.717+0000] {processor.py:208} INFO - Processing /opt/airflow/dags/05_etl_weather_postgres.py took 0.148 seconds
[2026-08-30T15:01:23.431+0000] {processor.py:186} INFO - Started process (PID=2581) to work on /opt/airflow/dags/05_etl_weather_postgres.py
[2026-08-30T15:01:23.433+0000] {processor.py:914} INFO - Processing file /opt/airflow/dags/05_etl_weather_postgres.py for tasks to queue
[2026-08-30T15:01:23.436+0000] {logging_mixin.py:190} INFO - [2026-08-30T15:01:23.435+0000] {dagbag.py:588} INFO - Filling up the DagBag from /opt/airflow/dags/05_etl_weather_postgres.py
[2026-08-30T15:01:23.465+0000] {processor.py:925} INFO - DAG(s) 'etl_weather_postgres_dag' retrieved from /opt/airflow/dags/05_etl_weather_postgres.py
[2026-08-30T15:01:23.518+0000] {logging_mixin.py:190} INFO - [2026-08-30T15:01:23.517+0000] {dag.py:3239} INFO - Sync 1 DAGs
[2026-08-30T15:01:23.541+0000] {logging_mixin.py:190} INFO - [2026-08-30T15:01:23.541+0000] {dag.py:4180} INFO - Setting next_dagrun for etl_weather_postgres_dag to None, run_after=None
[2026-08-30T15:01:23.559+0000] {processor.py:208} INFO - Processing /opt/airflow/dags/05_etl_weather_postgres.py took 0.143 seconds
[2026-08-30T15:01:54.191+0000] {processor.py:186} INFO - Started process (PID=2593) to work on /opt/airflow/dags/05_etl_weather_postgres.py
[2026-08-30T15:01:54.194+0000] {processor.py:914} INFO - Processing file /opt/airflow/dags/05_etl_weather_postgres.py for tasks to queue
[2026-08-30T15:01:54.196+0000] {logging_mixin.py:190} INFO - [2026-08-30T15:01:54.195+0000] {dagbag.py:588} INFO - Filling up the DagBag from /opt/airflow/dags/05_etl_weather_postgres.py
[2026-08-30T15:01:54.228+0000] {processor.py:925} INFO - DAG(s) 'etl_weather_postgres_dag' retrieved from /opt/airflow/dags/05_etl_weather_postgres.py
[2026-08-30T15:01:54.275+0000] {logging_mixin.py:190} INFO - [2026-08-30T15:01:54.275+0000] {dag.py:3239} INFO - Sync 1 DAGs
[2026-08-30T15:01:54.297+0000] {logging_mixin.py:190} INFO - [2026-08-30T15:01:54.296+0000] {dag.py:4180} INFO - Setting next_dagrun for etl_weather_postgres_dag to None, run_after=None
[2026-08-30T15:01:54.321+0000] {processor.py:208} INFO - Processing /opt/airflow/dags/05_etl_weather_postgres.py took 0.149 seconds
[2026-08-30T15:02:25.117+0000] {processor.py:186} INFO - Started process (PID=2605) to work on /opt/airflow/dags/05_etl_weather_postgres.py
[2026-08-30T15:02:25.123+0000] {processor.py:914} INFO - Processing file /opt/airflow/dags/05_etl_weather_postgres.py for tasks to queue
[2026-08-30T15:02:25.126+0000] {logging_mixin.py:190} INFO - [2026-08-30T15:02:25.125+0000] {dagbag.py:588} INFO - Filling up the DagBag from /opt/airflow/dags/05_etl_weather_postgres.py
[2026-08-30T15:02:25.149+0000] {processor.py:925} INFO - DAG(s) 'etl_weather_postgres_dag' retrieved from /opt/airflow/dags/05_etl_weather_postgres.py
[2026-08-30T15:02:25.189+0000] {logging_mixin.py:190} INFO - [2026-08-30T15:02:25.189+0000] {dag.py:3239} INFO - Sync 1 DAGs
[2026-08-30T15:02:25.207+0000] {logging_mixin.py:190} INFO - [2026-08-30T15:02:25.207+0000] {dag.py:4180} INFO - Setting next_dagrun for etl_weather_postgres_dag to None, run_after=None
[2026-08-30T15:02:25.229+0000] {processor.py:208} INFO - Processing /opt/airflow/dags/05_etl_weather_postgres.py took 0.130 seconds
[2026-08-30T15:02:55.852+0000] {processor.py:186} INFO - Started process (PID=2617) to work on /opt/airflow/dags/05_etl_weather_postgres.py
[2026-08-30T15:02:55.855+0000] {processor.py:914} INFO - Processing file /opt/airflow/dags/05_etl_weather_postgres.py for tasks to queue
[2026-08-30T15:02:55.858+0000] {logging_mixin.py:190} INFO - [2026-08-30T15:02:55.858+0000] {dagbag.py:588} INFO - Filling up the DagBag from /opt/airflow/dags/05_etl_weather_postgres.py
[2026-08-30T15:02:55.882+0000] {processor.py:925} INFO - DAG(s) 'etl_weather_postgres_dag' retrieved from /opt/airflow/dags/05_etl_weather_postgres.py
[2026-08-30T15:02:55.924+0000] {logging_mixin.py:190} INFO - [2026-08-30T15:02:55.923+0000] {dag.py:3239} INFO - Sync 1 DAGs
[2026-08-30T15:02:55.946+0000] {logging_mixin.py:190} INFO - [2026-08-30T15:02:55.946+0000] {dag.py:4180} INFO - Setting next_dagrun for etl_weather_postgres_dag to None, run_after=None
[2026-08-30T15:02:55.965+0000] {processor.py:208} INFO - Processing /opt/airflow/dags/05_etl_weather_postgres.py took 0.135 seconds
[2026-08-30T15:03:26.576+0000] {processor.py:186} INFO - Started process (PID=2629) to work on /opt/airflow/dags/05_etl_weather_postgres.py
[2026-08-30T15:03:26.580+0000] {processor.py:914} INFO - Processing file /opt/airflow/dags/05_etl_weather_postgres.py for tasks to queue
[2026-08-30T15:03:26.585+0000] {logging_mixin.py:190} INFO - [2026-08-30T15:03:26.584+0000] {dagbag.py:588} INFO - Filling up the DagBag from /opt/airflow/dags/05_etl_weather_postgres.py
[2026-08-30T15:03:26.619+0000] {processor.py:925} INFO - DAG(s) 'etl_weather_postgres_dag' retrieved from /opt/airflow/dags/05_etl_weather_postgres.py
[2026-08-30T15:03:26.678+0000] {logging_mixin.py:190} INFO - [2026-08-30T15:03:26.678+0000] {dag.py:3239} INFO - Sync 1 DAGs
[2026-08-30T15:03:26.721+0000] {logging_mixin.py:190} INFO - [2026-08-30T15:03:26.721+0000] {dag.py:4180} INFO - Setting next_dagrun for etl_weather_postgres_dag to None, run_after=None
[2026-08-30T15:03:26.745+0000] {processor.py:208} INFO - Processing /opt/airflow/dags/05_etl_weather_postgres.py took 0.183 seconds
[2026-08-30T15:03:57.372+0000] {processor.py:186} INFO - Started process (PID=2641) to work on /opt/airflow/dags/05_etl_weather_postgres.py
[2026-08-30T15:03:57.375+0000] {processor.py:914} INFO - Processing file /opt/airflow/dags/05_etl_weather_postgres.py for tasks to queue
[2026-08-30T15:03:57.378+0000] {logging_mixin.py:190} INFO - [2026-08-30T15:03:57.377+0000] {dagbag.py:588} INFO - Filling up the DagBag from /opt/airflow/dags/05_etl_weather_postgres.py
[2026-08-30T15:03:57.411+0000] {processor.py:925} INFO - DAG(s) 'etl_weather_postgres_dag' retrieved from /opt/airflow/dags/05_etl_weather_postgres.py
[2026-08-30T15:03:57.456+0000] {logging_mixin.py:190} INFO - [2026-08-30T15:03:57.456+0000] {dag.py:3239} INFO - Sync 1 DAGs
[2026-08-30T15:03:57.487+0000] {logging_mixin.py:190} INFO - [2026-08-30T15:03:57.486+0000] {dag.py:4180} INFO - Setting next_dagrun for etl_weather_postgres_dag to None, run_after=None
[2026-08-30T15:03:57.509+0000] {processor.py:208} INFO - Processing /opt/airflow/dags/05_etl_weather_postgres.py took 0.152 seconds
[2026-08-30T15:04:28.135+0000] {processor.py:186} INFO - Started process (PID=2653) to work on /opt/airflow/dags/05_etl_weather_postgres.py
[2026-08-30T15:04:28.138+0000] {processor.py:914} INFO - Processing file /opt/airflow/dags/05_etl_weather_postgres.py for tasks to queue
[2026-08-30T15:04:28.140+0000] {logging_mixin.py:190} INFO - [2026-08-30T15:04:28.139+0000] {dagbag.py:588} INFO - Filling up the DagBag from /opt/airflow/dags/05_etl_weather_postgres.py
[2026-08-30T15:04:28.173+0000] {processor.py:925} INFO - DAG(s) 'etl_weather_postgres_dag' retrieved from /opt/airflow/dags/05_etl_weather_postgres.py
[2026-08-30T15:04:28.219+0000] {logging_mixin.py:190} INFO - [2026-08-30T15:04:28.219+0000] {dag.py:3239} INFO - Sync 1 DAGs
[2026-08-30T15:04:28.251+0000] {logging_mixin.py:190} INFO - [2026-08-30T15:04:28.251+0000] {dag.py:4180} INFO - Setting next_dagrun for etl_weather_postgres_dag to None, run_after=None
[2026-08-30T15:04:28.270+0000] {processor.py:208} INFO - Processing /opt/airflow/dags/05_etl_weather_postgres.py took 0.153 seconds
[2026-08-30T15:04:59.030+0000] {processor.py:186} INFO - Started process (PID=2665) to work on /opt/airflow/dags/05_etl_weather_postgres.py
[2026-08-30T15:04:59.032+0000] {processor.py:914} INFO - Processing file /opt/airflow/dags/05_etl_weather_postgres.py for tasks to queue
[2026-08-30T15:04:59.034+0000] {logging_mixin.py:190} INFO - [2026-08-30T15:04:59.033+0000] {dagbag.py:588} INFO - Filling up the DagBag from /opt/airflow/dags/05_etl_weather_postgres.py
[2026-08-30T15:04:59.065+0000] {processor.py:925} INFO - DAG(s) 'etl_weather_postgres_dag' retrieved from /opt/airflow/dags/05_etl_weather_postgres.py
[2026-08-30T15:04:59.125+0000] {logging_mixin.py:190} INFO - [2026-08-30T15:04:59.125+0000] {dag.py:3239} INFO - Sync 1 DAGs
[2026-08-30T15:04:59.154+0000] {logging_mixin.py:190} INFO - [2026-08-30T15:04:59.154+0000] {dag.py:4180} INFO - Setting next_dagrun for etl_weather_postgres_dag to None, run_after=None
[2026-08-30T15:04:59.175+0000] {processor.py:208} INFO - Processing /opt/airflow/dags/05_etl_weather_postgres.py took 0.164 seconds
[2026-08-30T15:05:29.867+0000] {processor.py:186} INFO - Started process (PID=2677) to work on /opt/airflow/dags/05_etl_weather_postgres.py
[2026-08-30T15:05:29.870+0000] {processor.py:914} INFO - Processing file /opt/airflow/dags/05_etl_weather_postgres.py for tasks to queue
[2026-08-30T15:05:29.871+0000] {logging_mixin.py:190} INFO - [2026-08-30T15:05:29.871+0000] {dagbag.py:588} INFO - Filling up the DagBag from /opt/airflow/dags/05_etl_weather_postgres.py
[2026-08-30T15:05:29.905+0000] {processor.py:925} INFO - DAG(s) 'etl_weather_postgres_dag' retrieved from /opt/airflow/dags/05_etl_weather_postgres.py
[2026-08-30T15:05:29.955+0000] {logging_mixin.py:190} INFO - [2026-08-30T15:05:29.955+0000] {dag.py:3239} INFO - Sync 1 DAGs
[2026-08-30T15:05:29.978+0000] {logging_mixin.py:190} INFO - [2026-08-30T15:05:29.978+0000] {dag.py:4180} INFO - Setting next_dagrun for etl_weather_postgres_dag to None, run_after=None
[2026-08-30T15:05:29.999+0000] {processor.py:208} INFO - Processing /opt/airflow/dags/05_etl_weather_postgres.py took 0.159 seconds
[2026-08-30T15:06:00.710+0000] {processor.py:186} INFO - Started process (PID=2689) to work on /opt/airflow/dags/05_etl_weather_postgres.py
[2026-08-30T15:06:00.715+0000] {processor.py:914} INFO - Processing file /opt/airflow/dags/05_etl_weather_postgres.py for tasks to queue
[2026-08-30T15:06:00.721+0000] {logging_mixin.py:190} INFO - [2026-08-30T15:06:00.721+0000] {dagbag.py:588} INFO - Filling up the DagBag from /opt/airflow/dags/05_etl_weather_postgres.py
[2026-08-30T15:06:00.753+0000] {processor.py:925} INFO - DAG(s) 'etl_weather_postgres_dag' retrieved from /opt/airflow/dags/05_etl_weather_postgres.py
[2026-08-30T15:06:00.790+0000] {logging_mixin.py:190} INFO - [2026-08-30T15:06:00.790+0000] {dag.py:3239} INFO - Sync 1 DAGs
[2026-08-30T15:06:00.807+0000] {logging_mixin.py:190} INFO - [2026-08-30T15:06:00.807+0000] {dag.py:4180} INFO - Setting next_dagrun for etl_weather_postgres_dag to None, run_after=None
[2026-08-30T15:06:00.824+0000] {processor.py:208} INFO - Processing /opt/airflow/dags/05_etl_weather_postgres.py took 0.137 seconds
[2026-08-30T15:06:31.618+0000] {processor.py:186} INFO - Started process (PID=2701) to work on /opt/airflow/dags/05_etl_weather_postgres.py
[2026-08-30T15:06:31.620+0000] {processor.py:914} INFO - Processing file /opt/airflow/dags/05_etl_weather_postgres.py for tasks to queue
[2026-08-30T15:06:31.622+0000] {logging_mixin.py:190} INFO - [2026-08-30T15:06:31.621+0000] {dagbag.py:588} INFO - Filling up the DagBag from /opt/airflow/dags/05_etl_weather_postgres.py
[2026-08-30T15:06:31.647+0000] {processor.py:925} INFO - DAG(s) 'etl_weather_postgres_dag' retrieved from /opt/airflow/dags/05_etl_weather_postgres.py
[2026-08-30T15:06:31.698+0000] {logging_mixin.py:190} INFO - [2026-08-30T15:06:31.698+0000] {dag.py:3239} INFO - Sync 1 DAGs
[2026-08-30T15:06:31.718+0000] {logging_mixin.py:190} INFO - [2026-08-30T15:06:31.718+0000] {dag.py:4180} INFO - Setting next_dagrun for etl_weather_postgres_dag to None, run_after=None
[2026-08-30T15:06:31.739+0000] {processor.py:208} INFO - Processing /opt/airflow/dags/05_etl_weather_postgres.py took 0.140 seconds
[2026-08-30T15:07:02.472+0000] {processor.py:186} INFO - Started process (PID=2719) to work on /opt/airflow/dags/05_etl_weather_postgres.py
[2026-08-30T15:07:02.475+0000] {processor.py:914} INFO - Processing file /opt/airflow/dags/05_etl_weather_postgres.py for tasks to queue
[2026-08-30T15:07:02.476+0000] {logging_mixin.py:190} INFO - [2026-08-30T15:07:02.476+0000] {dagbag.py:588} INFO - Filling up the DagBag from /opt/airflow/dags/05_etl_weather_postgres.py
[2026-08-30T15:07:02.502+0000] {processor.py:925} INFO - DAG(s) 'etl_weather_postgres_dag' retrieved from /opt/airflow/dags/05_etl_weather_postgres.py
[2026-08-30T15:07:02.537+0000] {logging_mixin.py:190} INFO - [2026-08-30T15:07:02.536+0000] {dag.py:3239} INFO - Sync 1 DAGs
[2026-08-30T15:07:02.554+0000] {logging_mixin.py:190} INFO - [2026-08-30T15:07:02.554+0000] {dag.py:4180} INFO - Setting next_dagrun for etl_weather_postgres_dag to None, run_after=None
[2026-08-30T15:07:02.570+0000] {processor.py:208} INFO - Processing /opt/airflow/dags/05_etl_weather_postgres.py took 0.112 seconds
[2026-08-30T15:07:33.342+0000] {processor.py:186} INFO - Started process (PID=2731) to work on /opt/airflow/dags/05_etl_weather_postgres.py
[2026-08-30T15:07:33.344+0000] {processor.py:914} INFO - Processing file /opt/airflow/dags/05_etl_weather_postgres.py for tasks to queue
[2026-08-30T15:07:33.348+0000] {logging_mixin.py:190} INFO - [2026-08-30T15:07:33.347+0000] {dagbag.py:588} INFO - Filling up the DagBag from /opt/airflow/dags/05_etl_weather_postgres.py
[2026-08-30T15:07:33.382+0000] {processor.py:925} INFO - DAG(s) 'etl_weather_postgres_dag' retrieved from /opt/airflow/dags/05_etl_weather_postgres.py
[2026-08-30T15:07:33.449+0000] {logging_mixin.py:190} INFO - [2026-08-30T15:07:33.449+0000] {dag.py:3239} INFO - Sync 1 DAGs
[2026-08-30T15:07:33.471+0000] {logging_mixin.py:190} INFO - [2026-08-30T15:07:33.471+0000] {dag.py:4180} INFO - Setting next_dagrun for etl_weather_postgres_dag to None, run_after=None
[2026-08-30T15:07:33.497+0000] {processor.py:208} INFO - Processing /opt/airflow/dags/05_etl_weather_postgres.py took 0.173 seconds
[2026-08-30T15:08:04.185+0000] {processor.py:186} INFO - Started process (PID=2743) to work on /opt/airflow/dags/05_etl_weather_postgres.py
[2026-08-30T15:08:04.190+0000] {processor.py:914} INFO - Processing file /opt/airflow/dags/05_etl_weather_postgres.py for tasks to queue
[2026-08-30T15:08:04.192+0000] {logging_mixin.py:190} INFO - [2026-08-30T15:08:04.191+0000] {dagbag.py:588} INFO - Filling up the DagBag from /opt/airflow/dags/05_etl_weather_postgres.py
[2026-08-30T15:08:04.224+0000] {processor.py:925} INFO - DAG(s) 'etl_weather_postgres_dag' retrieved from /opt/airflow/dags/05_etl_weather_postgres.py
[2026-08-30T15:08:04.283+0000] {logging_mixin.py:190} INFO - [2026-08-30T15:08:04.283+0000] {dag.py:3239} INFO - Sync 1 DAGs
[2026-08-30T15:08:04.305+0000] {logging_mixin.py:190} INFO - [2026-08-30T15:08:04.305+0000] {dag.py:4180} INFO - Setting next_dagrun for etl_weather_postgres_dag to None, run_after=None
[2026-08-30T15:08:04.322+0000] {processor.py:208} INFO - Processing /opt/airflow/dags/05_etl_weather_postgres.py took 0.156 seconds
[2026-08-30T15:10:41.521+0000] {processor.py:186} INFO - Started process (PID=90) to work on /opt/airflow/dags/05_etl_weather_postgres.py
[2026-08-30T15:10:41.524+0000] {processor.py:914} INFO - Processing file /opt/airflow/dags/05_etl_weather_postgres.py for tasks to queue
[2026-08-30T15:10:41.529+0000] {logging_mixin.py:190} INFO - [2026-08-30T15:10:41.528+0000] {dagbag.py:588} INFO - Filling up the DagBag from /opt/airflow/dags/05_etl_weather_postgres.py
[2026-08-30T15:10:41.557+0000] {processor.py:925} INFO - DAG(s) 'etl_weather_postgres_dag' retrieved from /opt/airflow/dags/05_etl_weather_postgres.py
[2026-08-30T15:10:41.596+0000] {logging_mixin.py:190} INFO - [2026-08-30T15:10:41.596+0000] {dag.py:3239} INFO - Sync 1 DAGs
[2026-08-30T15:10:41.623+0000] {logging_mixin.py:190} INFO - [2026-08-30T15:10:41.623+0000] {dag.py:4180} INFO - Setting next_dagrun for etl_weather_postgres_dag to None, run_after=None
[2026-08-30T15:10:41.655+0000] {processor.py:208} INFO - Processing /opt/airflow/dags/05_etl_weather_postgres.py took 0.147 seconds
[2026-08-30T15:11:12.731+0000] {processor.py:186} INFO - Started process (PID=102) to work on /opt/airflow/dags/05_etl_weather_postgres.py
[2026-08-30T15:11:12.733+0000] {processor.py:914} INFO - Processing file /opt/airflow/dags/05_etl_weather_postgres.py for tasks to queue
[2026-08-30T15:11:12.738+0000] {logging_mixin.py:190} INFO - [2026-08-30T15:11:12.737+0000] {dagbag.py:588} INFO - Filling up the DagBag from /opt/airflow/dags/05_etl_weather_postgres.py
[2026-08-30T15:11:12.767+0000] {processor.py:925} INFO - DAG(s) 'etl_weather_postgres_dag' retrieved from /opt/airflow/dags/05_etl_weather_postgres.py
[2026-08-30T15:11:12.810+0000] {logging_mixin.py:190} INFO - [2026-08-30T15:11:12.809+0000] {dag.py:3239} INFO - Sync 1 DAGs
[2026-08-30T15:11:12.827+0000] {logging_mixin.py:190} INFO - [2026-08-30T15:11:12.827+0000] {dag.py:4180} INFO - Setting next_dagrun for etl_weather_postgres_dag to None, run_after=None
[2026-08-30T15:11:12.841+0000] {processor.py:208} INFO - Processing /opt/airflow/dags/05_etl_weather_postgres.py took 0.119 seconds
[2026-08-30T15:11:43.502+0000] {processor.py:186} INFO - Started process (PID=114) to work on /opt/airflow/dags/05_etl_weather_postgres.py
[2026-08-30T15:11:43.503+0000] {processor.py:914} INFO - Processing file /opt/airflow/dags/05_etl_weather_postgres.py for tasks to queue
[2026-08-30T15:11:43.507+0000] {logging_mixin.py:190} INFO - [2026-08-30T15:11:43.506+0000] {dagbag.py:588} INFO - Filling up the DagBag from /opt/airflow/dags/05_etl_weather_postgres.py
[2026-08-30T15:11:43.526+0000] {processor.py:925} INFO - DAG(s) 'etl_weather_postgres_dag' retrieved from /opt/airflow/dags/05_etl_weather_postgres.py
[2026-08-30T15:11:43.573+0000] {logging_mixin.py:190} INFO - [2026-08-30T15:11:43.573+0000] {dag.py:3239} INFO - Sync 1 DAGs
[2026-08-30T15:11:43.591+0000] {logging_mixin.py:190} INFO - [2026-08-30T15:11:43.590+0000] {dag.py:4180} INFO - Setting next_dagrun for etl_weather_postgres_dag to None, run_after=None
[2026-08-30T15:11:43.609+0000] {processor.py:208} INFO - Processing /opt/airflow/dags/05_etl_weather_postgres.py took 0.119 seconds
[2026-08-30T15:12:14.356+0000] {processor.py:186} INFO - Started process (PID=126) to work on /opt/airflow/dags/05_etl_weather_postgres.py
[2026-08-30T15:12:14.358+0000] {processor.py:914} INFO - Processing file /opt/airflow/dags/05_etl_weather_postgres.py for tasks to queue
[2026-08-30T15:12:14.368+0000] {logging_mixin.py:190} INFO - [2026-08-30T15:12:14.366+0000] {dagbag.py:588} INFO - Filling up the DagBag from /opt/airflow/dags/05_etl_weather_postgres.py
[2026-08-30T15:12:14.408+0000] {processor.py:925} INFO - DAG(s) 'etl_weather_postgres_dag' retrieved from /opt/airflow/dags/05_etl_weather_postgres.py
[2026-08-30T15:12:14.496+0000] {logging_mixin.py:190} INFO - [2026-08-30T15:12:14.496+0000] {dag.py:3239} INFO - Sync 1 DAGs
[2026-08-30T15:12:14.514+0000] {logging_mixin.py:190} INFO - [2026-08-30T15:12:14.514+0000] {dag.py:4180} INFO - Setting next_dagrun for etl_weather_postgres_dag to None, run_after=None
[2026-08-30T15:12:14.533+0000] {processor.py:208} INFO - Processing /opt/airflow/dags/05_etl_weather_postgres.py took 0.200 seconds
[2026-08-30T15:14:24.451+0000] {processor.py:186} INFO - Started process (PID=89) to work on /opt/airflow/dags/05_etl_weather_postgres.py
[2026-08-30T15:14:24.453+0000] {processor.py:914} INFO - Processing file /opt/airflow/dags/05_etl_weather_postgres.py for tasks to queue
[2026-08-30T15:14:24.457+0000] {logging_mixin.py:190} INFO - [2026-08-30T15:14:24.457+0000] {dagbag.py:588} INFO - Filling up the DagBag from /opt/airflow/dags/05_etl_weather_postgres.py
[2026-08-30T15:14:24.485+0000] {processor.py:925} INFO - DAG(s) 'etl_weather_postgres_dag' retrieved from /opt/airflow/dags/05_etl_weather_postgres.py
[2026-08-30T15:14:24.533+0000] {logging_mixin.py:190} INFO - [2026-08-30T15:14:24.533+0000] {dag.py:3239} INFO - Sync 1 DAGs
[2026-08-30T15:14:24.552+0000] {logging_mixin.py:190} INFO - [2026-08-30T15:14:24.551+0000] {dag.py:4180} INFO - Setting next_dagrun for etl_weather_postgres_dag to None, run_after=None
[2026-08-30T15:14:24.586+0000] {processor.py:208} INFO - Processing /opt/airflow/dags/05_etl_weather_postgres.py took 0.144 seconds
[2026-08-30T15:14:55.466+0000] {processor.py:186} INFO - Started process (PID=101) to work on /opt/airflow/dags/05_etl_weather_postgres.py
[2026-08-30T15:14:55.467+0000] {processor.py:914} INFO - Processing file /opt/airflow/dags/05_etl_weather_postgres.py for tasks to queue
[2026-08-30T15:14:55.471+0000] {logging_mixin.py:190} INFO - [2026-08-30T15:14:55.470+0000] {dagbag.py:588} INFO - Filling up the DagBag from /opt/airflow/dags/05_etl_weather_postgres.py
[2026-08-30T15:14:55.501+0000] {processor.py:925} INFO - DAG(s) 'etl_weather_postgres_dag' retrieved from /opt/airflow/dags/05_etl_weather_postgres.py
[2026-08-30T15:14:55.552+0000] {logging_mixin.py:190} INFO - [2026-08-30T15:14:55.552+0000] {dag.py:3239} INFO - Sync 1 DAGs
[2026-08-30T15:14:55.566+0000] {logging_mixin.py:190} INFO - [2026-08-30T15:14:55.566+0000] {dag.py:4180} INFO - Setting next_dagrun for etl_weather_postgres_dag to None, run_after=None
[2026-08-30T15:14:55.584+0000] {processor.py:208} INFO - Processing /opt/airflow/dags/05_etl_weather_postgres.py took 0.127 seconds
[2026-08-30T15:15:26.176+0000] {processor.py:186} INFO - Started process (PID=113) to work on /opt/airflow/dags/05_etl_weather_postgres.py
[2026-08-30T15:15:26.177+0000] {processor.py:914} INFO - Processing file /opt/airflow/dags/05_etl_weather_postgres.py for tasks to queue
[2026-08-30T15:15:26.183+0000] {logging_mixin.py:190} INFO - [2026-08-30T15:15:26.182+0000] {dagbag.py:588} INFO - Filling up the DagBag from /opt/airflow/dags/05_etl_weather_postgres.py
[2026-08-30T15:15:26.201+0000] {processor.py:925} INFO - DAG(s) 'etl_weather_postgres_dag' retrieved from /opt/airflow/dags/05_etl_weather_postgres.py
[2026-08-30T15:15:26.236+0000] {logging_mixin.py:190} INFO - [2026-08-30T15:15:26.236+0000] {dag.py:3239} INFO - Sync 1 DAGs
[2026-08-30T15:15:26.250+0000] {logging_mixin.py:190} INFO - [2026-08-30T15:15:26.250+0000] {dag.py:4180} INFO - Setting next_dagrun for etl_weather_postgres_dag to None, run_after=None
[2026-08-30T15:15:26.266+0000] {processor.py:208} INFO - Processing /opt/airflow/dags/05_etl_weather_postgres.py took 0.098 seconds
[2026-08-30T15:15:56.900+0000] {processor.py:186} INFO - Started process (PID=125) to work on /opt/airflow/dags/05_etl_weather_postgres.py
[2026-08-30T15:15:56.902+0000] {processor.py:914} INFO - Processing file /opt/airflow/dags/05_etl_weather_postgres.py for tasks to queue
[2026-08-30T15:15:56.905+0000] {logging_mixin.py:190} INFO - [2026-08-30T15:15:56.905+0000] {dagbag.py:588} INFO - Filling up the DagBag from /opt/airflow/dags/05_etl_weather_postgres.py
[2026-08-30T15:15:56.929+0000] {processor.py:925} INFO - DAG(s) 'etl_weather_postgres_dag' retrieved from /opt/airflow/dags/05_etl_weather_postgres.py
[2026-08-30T15:15:57.006+0000] {logging_mixin.py:190} INFO - [2026-08-30T15:15:57.006+0000] {dag.py:3239} INFO - Sync 1 DAGs
[2026-08-30T15:15:57.034+0000] {logging_mixin.py:190} INFO - [2026-08-30T15:15:57.034+0000] {dag.py:4180} INFO - Setting next_dagrun for etl_weather_postgres_dag to None, run_after=None
[2026-08-30T15:15:57.067+0000] {processor.py:208} INFO - Processing /opt/airflow/dags/05_etl_weather_postgres.py took 0.175 seconds
[2026-08-30T15:16:27.927+0000] {processor.py:186} INFO - Started process (PID=137) to work on /opt/airflow/dags/05_etl_weather_postgres.py
[2026-08-30T15:16:27.929+0000] {processor.py:914} INFO - Processing file /opt/airflow/dags/05_etl_weather_postgres.py for tasks to queue
[2026-08-30T15:16:27.934+0000] {logging_mixin.py:190} INFO - [2026-08-30T15:16:27.933+0000] {dagbag.py:588} INFO - Filling up the DagBag from /opt/airflow/dags/05_etl_weather_postgres.py
[2026-08-30T15:16:27.976+0000] {processor.py:925} INFO - DAG(s) 'etl_weather_postgres_dag' retrieved from /opt/airflow/dags/05_etl_weather_postgres.py
[2026-08-30T15:16:28.031+0000] {logging_mixin.py:190} INFO - [2026-08-30T15:16:28.031+0000] {dag.py:3239} INFO - Sync 1 DAGs
[2026-08-30T15:16:28.050+0000] {logging_mixin.py:190} INFO - [2026-08-30T15:16:28.050+0000] {dag.py:4180} INFO - Setting next_dagrun for etl_weather_postgres_dag to None, run_after=None
[2026-08-30T15:16:28.073+0000] {processor.py:208} INFO - Processing /opt/airflow/dags/05_etl_weather_postgres.py took 0.161 seconds
[2026-08-30T15:16:58.803+0000] {processor.py:186} INFO - Started process (PID=149) to work on /opt/airflow/dags/05_etl_weather_postgres.py
[2026-08-30T15:16:58.804+0000] {processor.py:914} INFO - Processing file /opt/airflow/dags/05_etl_weather_postgres.py for tasks to queue
[2026-08-30T15:16:58.809+0000] {logging_mixin.py:190} INFO - [2026-08-30T15:16:58.808+0000] {dagbag.py:588} INFO - Filling up the DagBag from /opt/airflow/dags/05_etl_weather_postgres.py
[2026-08-30T15:16:58.842+0000] {processor.py:925} INFO - DAG(s) 'etl_weather_postgres_dag' retrieved from /opt/airflow/dags/05_etl_weather_postgres.py
[2026-08-30T15:16:59.391+0000] {logging_mixin.py:190} INFO - [2026-08-30T15:16:59.391+0000] {dag.py:3239} INFO - Sync 1 DAGs
[2026-08-30T15:16:59.403+0000] {logging_mixin.py:190} INFO - [2026-08-30T15:16:59.403+0000] {dag.py:4180} INFO - Setting next_dagrun for etl_weather_postgres_dag to None, run_after=None
[2026-08-30T15:16:59.451+0000] {processor.py:208} INFO - Processing /opt/airflow/dags/05_etl_weather_postgres.py took 0.660 seconds
[2026-08-30T15:17:30.579+0000] {processor.py:186} INFO - Started process (PID=161) to work on /opt/airflow/dags/05_etl_weather_postgres.py
[2026-08-30T15:17:30.581+0000] {processor.py:914} INFO - Processing file /opt/airflow/dags/05_etl_weather_postgres.py for tasks to queue
[2026-08-30T15:17:30.588+0000] {logging_mixin.py:190} INFO - [2026-08-30T15:17:30.588+0000] {dagbag.py:588} INFO - Filling up the DagBag from /opt/airflow/dags/05_etl_weather_postgres.py
[2026-08-30T15:17:30.606+0000] {processor.py:925} INFO - DAG(s) 'etl_weather_postgres_dag' retrieved from /opt/airflow/dags/05_etl_weather_postgres.py
[2026-08-30T15:17:30.632+0000] {logging_mixin.py:190} INFO - [2026-08-30T15:17:30.632+0000] {dag.py:3239} INFO - Sync 1 DAGs
[2026-08-30T15:17:30.643+0000] {logging_mixin.py:190} INFO - [2026-08-30T15:17:30.642+0000] {dag.py:4180} INFO - Setting next_dagrun for etl_weather_postgres_dag to None, run_after=None
[2026-08-30T15:17:30.654+0000] {processor.py:208} INFO - Processing /opt/airflow/dags/05_etl_weather_postgres.py took 0.080 seconds
[2026-08-30T15:18:01.309+0000] {processor.py:186} INFO - Started process (PID=173) to work on /opt/airflow/dags/05_etl_weather_postgres.py
[2026-08-30T15:18:01.310+0000] {processor.py:914} INFO - Processing file /opt/airflow/dags/05_etl_weather_postgres.py for tasks to queue
[2026-08-30T15:18:01.314+0000] {logging_mixin.py:190} INFO - [2026-08-30T15:18:01.314+0000] {dagbag.py:588} INFO - Filling up the DagBag from /opt/airflow/dags/05_etl_weather_postgres.py
[2026-08-30T15:18:01.337+0000] {processor.py:925} INFO - DAG(s) 'etl_weather_postgres_dag' retrieved from /opt/airflow/dags/05_etl_weather_postgres.py
[2026-08-30T15:18:01.389+0000] {logging_mixin.py:190} INFO - [2026-08-30T15:18:01.389+0000] {dag.py:3239} INFO - Sync 1 DAGs
[2026-08-30T15:18:01.414+0000] {logging_mixin.py:190} INFO - [2026-08-30T15:18:01.414+0000] {dag.py:4180} INFO - Setting next_dagrun for etl_weather_postgres_dag to None, run_after=None
[2026-08-30T15:18:01.433+0000] {processor.py:208} INFO - Processing /opt/airflow/dags/05_etl_weather_postgres.py took 0.131 seconds
[2026-08-30T15:18:32.455+0000] {processor.py:186} INFO - Started process (PID=185) to work on /opt/airflow/dags/05_etl_weather_postgres.py
[2026-08-30T15:18:32.460+0000] {processor.py:914} INFO - Processing file /opt/airflow/dags/05_etl_weather_postgres.py for tasks to queue
[2026-08-30T15:18:32.464+0000] {logging_mixin.py:190} INFO - [2026-08-30T15:18:32.464+0000] {dagbag.py:588} INFO - Filling up the DagBag from /opt/airflow/dags/05_etl_weather_postgres.py
[2026-08-30T15:18:32.498+0000] {processor.py:925} INFO - DAG(s) 'etl_weather_postgres_dag' retrieved from /opt/airflow/dags/05_etl_weather_postgres.py
[2026-08-30T15:18:32.552+0000] {logging_mixin.py:190} INFO - [2026-08-30T15:18:32.552+0000] {dag.py:3239} INFO - Sync 1 DAGs
[2026-08-30T15:18:32.581+0000] {logging_mixin.py:190} INFO - [2026-08-30T15:18:32.581+0000] {dag.py:4180} INFO - Setting next_dagrun for etl_weather_postgres_dag to None, run_after=None
[2026-08-30T15:18:32.602+0000] {processor.py:208} INFO - Processing /opt/airflow/dags/05_etl_weather_postgres.py took 0.153 seconds
[2026-08-30T15:19:03.436+0000] {processor.py:186} INFO - Started process (PID=197) to work on /opt/airflow/dags/05_etl_weather_postgres.py
[2026-08-30T15:19:03.438+0000] {processor.py:914} INFO - Processing file /opt/airflow/dags/05_etl_weather_postgres.py for tasks to queue
[2026-08-30T15:19:03.445+0000] {logging_mixin.py:190} INFO - [2026-08-30T15:19:03.444+0000] {dagbag.py:588} INFO - Filling up the DagBag from /opt/airflow/dags/05_etl_weather_postgres.py
[2026-08-30T15:19:03.476+0000] {processor.py:925} INFO - DAG(s) 'etl_weather_postgres_dag' retrieved from /opt/airflow/dags/05_etl_weather_postgres.py
[2026-08-30T15:19:03.526+0000] {logging_mixin.py:190} INFO - [2026-08-30T15:19:03.526+0000] {dag.py:3239} INFO - Sync 1 DAGs
[2026-08-30T15:19:03.552+0000] {logging_mixin.py:190} INFO - [2026-08-30T15:19:03.551+0000] {dag.py:4180} INFO - Setting next_dagrun for etl_weather_postgres_dag to None, run_after=None
[2026-08-30T15:19:03.570+0000] {processor.py:208} INFO - Processing /opt/airflow/dags/05_etl_weather_postgres.py took 0.144 seconds
[2026-08-30T15:19:34.298+0000] {processor.py:186} INFO - Started process (PID=209) to work on /opt/airflow/dags/05_etl_weather_postgres.py
[2026-08-30T15:19:34.300+0000] {processor.py:914} INFO - Processing file /opt/airflow/dags/05_etl_weather_postgres.py for tasks to queue
[2026-08-30T15:19:34.308+0000] {logging_mixin.py:190} INFO - [2026-08-30T15:19:34.308+0000] {dagbag.py:588} INFO - Filling up the DagBag from /opt/airflow/dags/05_etl_weather_postgres.py
[2026-08-30T15:19:34.335+0000] {processor.py:925} INFO - DAG(s) 'etl_weather_postgres_dag' retrieved from /opt/airflow/dags/05_etl_weather_postgres.py
[2026-08-30T15:19:34.384+0000] {logging_mixin.py:190} INFO - [2026-08-30T15:19:34.383+0000] {dag.py:3239} INFO - Sync 1 DAGs
[2026-08-30T15:19:34.405+0000] {logging_mixin.py:190} INFO - [2026-08-30T15:19:34.405+0000] {dag.py:4180} INFO - Setting next_dagrun for etl_weather_postgres_dag to None, run_after=None
[2026-08-30T15:19:34.420+0000] {processor.py:208} INFO - Processing /opt/airflow/dags/05_etl_weather_postgres.py took 0.133 seconds
[2026-08-30T15:20:05.182+0000] {processor.py:186} INFO - Started process (PID=221) to work on /opt/airflow/dags/05_etl_weather_postgres.py
[2026-08-30T15:20:05.186+0000] {processor.py:914} INFO - Processing file /opt/airflow/dags/05_etl_weather_postgres.py for tasks to queue
[2026-08-30T15:20:05.190+0000] {logging_mixin.py:190} INFO - [2026-08-30T15:20:05.190+0000] {dagbag.py:588} INFO - Filling up the DagBag from /opt/airflow/dags/05_etl_weather_postgres.py
[2026-08-30T15:20:05.217+0000] {processor.py:925} INFO - DAG(s) 'etl_weather_postgres_dag' retrieved from /opt/airflow/dags/05_etl_weather_postgres.py
[2026-08-30T15:20:05.258+0000] {logging_mixin.py:190} INFO - [2026-08-30T15:20:05.258+0000] {dag.py:3239} INFO - Sync 1 DAGs
[2026-08-30T15:20:05.275+0000] {logging_mixin.py:190} INFO - [2026-08-30T15:20:05.275+0000] {dag.py:4180} INFO - Setting next_dagrun for etl_weather_postgres_dag to None, run_after=None
[2026-08-30T15:20:05.298+0000] {processor.py:208} INFO - Processing /opt/airflow/dags/05_etl_weather_postgres.py took 0.132 seconds
[2026-08-30T15:20:36.070+0000] {processor.py:186} INFO - Started process (PID=233) to work on /opt/airflow/dags/05_etl_weather_postgres.py
[2026-08-30T15:20:36.072+0000] {processor.py:914} INFO - Processing file /opt/airflow/dags/05_etl_weather_postgres.py for tasks to queue
[2026-08-30T15:20:36.078+0000] {logging_mixin.py:190} INFO - [2026-08-30T15:20:36.077+0000] {dagbag.py:588} INFO - Filling up the DagBag from /opt/airflow/dags/05_etl_weather_postgres.py
[2026-08-30T15:20:36.102+0000] {processor.py:925} INFO - DAG(s) 'etl_weather_postgres_dag' retrieved from /opt/airflow/dags/05_etl_weather_postgres.py
[2026-08-30T15:20:36.166+0000] {logging_mixin.py:190} INFO - [2026-08-30T15:20:36.165+0000] {dag.py:3239} INFO - Sync 1 DAGs
[2026-08-30T15:20:36.185+0000] {logging_mixin.py:190} INFO - [2026-08-30T15:20:36.184+0000] {dag.py:4180} INFO - Setting next_dagrun for etl_weather_postgres_dag to None, run_after=None
[2026-08-30T15:20:36.203+0000] {processor.py:208} INFO - Processing /opt/airflow/dags/05_etl_weather_postgres.py took 0.144 seconds
[2026-08-30T15:21:06.906+0000] {processor.py:186} INFO - Started process (PID=245) to work on /opt/airflow/dags/05_etl_weather_postgres.py
[2026-08-30T15:21:06.907+0000] {processor.py:914} INFO - Processing file /opt/airflow/dags/05_etl_weather_postgres.py for tasks to queue
[2026-08-30T15:21:06.911+0000] {logging_mixin.py:190} INFO - [2026-08-30T15:21:06.911+0000] {dagbag.py:588} INFO - Filling up the DagBag from /opt/airflow/dags/05_etl_weather_postgres.py
[2026-08-30T15:21:06.936+0000] {processor.py:925} INFO - DAG(s) 'etl_weather_postgres_dag' retrieved from /opt/airflow/dags/05_etl_weather_postgres.py
[2026-08-30T15:21:06.992+0000] {logging_mixin.py:190} INFO - [2026-08-30T15:21:06.991+0000] {dag.py:3239} INFO - Sync 1 DAGs
[2026-08-30T15:21:07.014+0000] {logging_mixin.py:190} INFO - [2026-08-30T15:21:07.014+0000] {dag.py:4180} INFO - Setting next_dagrun for etl_weather_postgres_dag to None, run_after=None
[2026-08-30T15:21:07.033+0000] {processor.py:208} INFO - Processing /opt/airflow/dags/05_etl_weather_postgres.py took 0.141 seconds
[2026-08-30T15:21:37.813+0000] {processor.py:186} INFO - Started process (PID=257) to work on /opt/airflow/dags/05_etl_weather_postgres.py
[2026-08-30T15:21:37.815+0000] {processor.py:914} INFO - Processing file /opt/airflow/dags/05_etl_weather_postgres.py for tasks to queue
[2026-08-30T15:21:37.818+0000] {logging_mixin.py:190} INFO - [2026-08-30T15:21:37.817+0000] {dagbag.py:588} INFO - Filling up the DagBag from /opt/airflow/dags/05_etl_weather_postgres.py
[2026-08-30T15:21:37.845+0000] {processor.py:925} INFO - DAG(s) 'etl_weather_postgres_dag' retrieved from /opt/airflow/dags/05_etl_weather_postgres.py
[2026-08-30T15:21:37.885+0000] {logging_mixin.py:190} INFO - [2026-08-30T15:21:37.885+0000] {dag.py:3239} INFO - Sync 1 DAGs
[2026-08-30T15:21:37.908+0000] {logging_mixin.py:190} INFO - [2026-08-30T15:21:37.907+0000] {dag.py:4180} INFO - Setting next_dagrun for etl_weather_postgres_dag to None, run_after=None
[2026-08-30T15:21:37.926+0000] {processor.py:208} INFO - Processing /opt/airflow/dags/05_etl_weather_postgres.py took 0.126 seconds
[2026-08-30T15:22:08.541+0000] {processor.py:186} INFO - Started process (PID=269) to work on /opt/airflow/dags/05_etl_weather_postgres.py
[2026-08-30T15:22:08.543+0000] {processor.py:914} INFO - Processing file /opt/airflow/dags/05_etl_weather_postgres.py for tasks to queue
[2026-08-30T15:22:08.552+0000] {logging_mixin.py:190} INFO - [2026-08-30T15:22:08.551+0000] {dagbag.py:588} INFO - Filling up the DagBag from /opt/airflow/dags/05_etl_weather_postgres.py
[2026-08-30T15:22:08.576+0000] {processor.py:925} INFO - DAG(s) 'etl_weather_postgres_dag' retrieved from /opt/airflow/dags/05_etl_weather_postgres.py
[2026-08-30T15:22:08.623+0000] {logging_mixin.py:190} INFO - [2026-08-30T15:22:08.623+0000] {dag.py:3239} INFO - Sync 1 DAGs
[2026-08-30T15:22:08.636+0000] {logging_mixin.py:190} INFO - [2026-08-30T15:22:08.636+0000] {dag.py:4180} INFO - Setting next_dagrun for etl_weather_postgres_dag to None, run_after=None
[2026-08-30T15:22:08.664+0000] {processor.py:208} INFO - Processing /opt/airflow/dags/05_etl_weather_postgres.py took 0.137 seconds
[2026-08-30T15:22:39.366+0000] {processor.py:186} INFO - Started process (PID=281) to work on /opt/airflow/dags/05_etl_weather_postgres.py
[2026-08-30T15:22:39.367+0000] {processor.py:914} INFO - Processing file /opt/airflow/dags/05_etl_weather_postgres.py for tasks to queue
[2026-08-30T15:22:39.373+0000] {logging_mixin.py:190} INFO - [2026-08-30T15:22:39.371+0000] {dagbag.py:588} INFO - Filling up the DagBag from /opt/airflow/dags/05_etl_weather_postgres.py
[2026-08-30T15:22:39.404+0000] {processor.py:925} INFO - DAG(s) 'etl_weather_postgres_dag' retrieved from /opt/airflow/dags/05_etl_weather_postgres.py
[2026-08-30T15:22:39.452+0000] {logging_mixin.py:190} INFO - [2026-08-30T15:22:39.452+0000] {dag.py:3239} INFO - Sync 1 DAGs
[2026-08-30T15:22:39.477+0000] {logging_mixin.py:190} INFO - [2026-08-30T15:22:39.477+0000] {dag.py:4180} INFO - Setting next_dagrun for etl_weather_postgres_dag to None, run_after=None
[2026-08-30T15:22:39.494+0000] {processor.py:208} INFO - Processing /opt/airflow/dags/05_etl_weather_postgres.py took 0.135 seconds
[2026-08-30T15:23:10.138+0000] {processor.py:186} INFO - Started process (PID=293) to work on /opt/airflow/dags/05_etl_weather_postgres.py
[2026-08-30T15:23:10.140+0000] {processor.py:914} INFO - Processing file /opt/airflow/dags/05_etl_weather_postgres.py for tasks to queue
[2026-08-30T15:23:10.143+0000] {logging_mixin.py:190} INFO - [2026-08-30T15:23:10.142+0000] {dagbag.py:588} INFO - Filling up the DagBag from /opt/airflow/dags/05_etl_weather_postgres.py
[2026-08-30T15:23:10.167+0000] {processor.py:925} INFO - DAG(s) 'etl_weather_postgres_dag' retrieved from /opt/airflow/dags/05_etl_weather_postgres.py
[2026-08-30T15:23:10.212+0000] {logging_mixin.py:190} INFO - [2026-08-30T15:23:10.211+0000] {dag.py:3239} INFO - Sync 1 DAGs
[2026-08-30T15:23:10.226+0000] {logging_mixin.py:190} INFO - [2026-08-30T15:23:10.226+0000] {dag.py:4180} INFO - Setting next_dagrun for etl_weather_postgres_dag to None, run_after=None
[2026-08-30T15:23:10.242+0000] {processor.py:208} INFO - Processing /opt/airflow/dags/05_etl_weather_postgres.py took 0.114 seconds
[2026-08-30T15:23:40.932+0000] {processor.py:186} INFO - Started process (PID=305) to work on /opt/airflow/dags/05_etl_weather_postgres.py
[2026-08-30T15:23:40.934+0000] {processor.py:914} INFO - Processing file /opt/airflow/dags/05_etl_weather_postgres.py for tasks to queue
[2026-08-30T15:23:40.942+0000] {logging_mixin.py:190} INFO - [2026-08-30T15:23:40.942+0000] {dagbag.py:588} INFO - Filling up the DagBag from /opt/airflow/dags/05_etl_weather_postgres.py
[2026-08-30T15:23:40.962+0000] {processor.py:925} INFO - DAG(s) 'etl_weather_postgres_dag' retrieved from /opt/airflow/dags/05_etl_weather_postgres.py
[2026-08-30T15:23:41.003+0000] {logging_mixin.py:190} INFO - [2026-08-30T15:23:41.003+0000] {dag.py:3239} INFO - Sync 1 DAGs
[2026-08-30T15:23:41.016+0000] {logging_mixin.py:190} INFO - [2026-08-30T15:23:41.016+0000] {dag.py:4180} INFO - Setting next_dagrun for etl_weather_postgres_dag to None, run_after=None
[2026-08-30T15:23:41.033+0000] {processor.py:208} INFO - Processing /opt/airflow/dags/05_etl_weather_postgres.py took 0.114 seconds
[2026-08-30T15:24:11.752+0000] {processor.py:186} INFO - Started process (PID=317) to work on /opt/airflow/dags/05_etl_weather_postgres.py
[2026-08-30T15:24:11.754+0000] {processor.py:914} INFO - Processing file /opt/airflow/dags/05_etl_weather_postgres.py for tasks to queue
[2026-08-30T15:24:11.757+0000] {logging_mixin.py:190} INFO - [2026-08-30T15:24:11.757+0000] {dagbag.py:588} INFO - Filling up the DagBag from /opt/airflow/dags/05_etl_weather_postgres.py
[2026-08-30T15:24:11.776+0000] {processor.py:925} INFO - DAG(s) 'etl_weather_postgres_dag' retrieved from /opt/airflow/dags/05_etl_weather_postgres.py
[2026-08-30T15:24:11.815+0000] {logging_mixin.py:190} INFO - [2026-08-30T15:24:11.815+0000] {dag.py:3239} INFO - Sync 1 DAGs
[2026-08-30T15:24:11.832+0000] {logging_mixin.py:190} INFO - [2026-08-30T15:24:11.832+0000] {dag.py:4180} INFO - Setting next_dagrun for etl_weather_postgres_dag to None, run_after=None
[2026-08-30T15:24:11.847+0000] {processor.py:208} INFO - Processing /opt/airflow/dags/05_etl_weather_postgres.py took 0.107 seconds
[2026-08-30T15:24:42.818+0000] {processor.py:186} INFO - Started process (PID=329) to work on /opt/airflow/dags/05_etl_weather_postgres.py
[2026-08-30T15:24:42.823+0000] {processor.py:914} INFO - Processing file /opt/airflow/dags/05_etl_weather_postgres.py for tasks to queue
[2026-08-30T15:24:42.827+0000] {logging_mixin.py:190} INFO - [2026-08-30T15:24:42.826+0000] {dagbag.py:588} INFO - Filling up the DagBag from /opt/airflow/dags/05_etl_weather_postgres.py
[2026-08-30T15:24:42.864+0000] {processor.py:925} INFO - DAG(s) 'etl_weather_postgres_dag' retrieved from /opt/airflow/dags/05_etl_weather_postgres.py
[2026-08-30T15:24:42.912+0000] {logging_mixin.py:190} INFO - [2026-08-30T15:24:42.912+0000] {dag.py:3239} INFO - Sync 1 DAGs
[2026-08-30T15:24:42.932+0000] {logging_mixin.py:190} INFO - [2026-08-30T15:24:42.932+0000] {dag.py:4180} INFO - Setting next_dagrun for etl_weather_postgres_dag to None, run_after=None
[2026-08-30T15:24:42.958+0000] {processor.py:208} INFO - Processing /opt/airflow/dags/05_etl_weather_postgres.py took 0.150 seconds
[2026-08-30T15:25:13.617+0000] {processor.py:186} INFO - Started process (PID=341) to work on /opt/airflow/dags/05_etl_weather_postgres.py
[2026-08-30T15:25:13.619+0000] {processor.py:914} INFO - Processing file /opt/airflow/dags/05_etl_weather_postgres.py for tasks to queue
[2026-08-30T15:25:13.626+0000] {logging_mixin.py:190} INFO - [2026-08-30T15:25:13.626+0000] {dagbag.py:588} INFO - Filling up the DagBag from /opt/airflow/dags/05_etl_weather_postgres.py
[2026-08-30T15:25:13.652+0000] {processor.py:925} INFO - DAG(s) 'etl_weather_postgres_dag' retrieved from /opt/airflow/dags/05_etl_weather_postgres.py
[2026-08-30T15:25:13.695+0000] {logging_mixin.py:190} INFO - [2026-08-30T15:25:13.694+0000] {dag.py:3239} INFO - Sync 1 DAGs
[2026-08-30T15:25:13.712+0000] {logging_mixin.py:190} INFO - [2026-08-30T15:25:13.712+0000] {dag.py:4180} INFO - Setting next_dagrun for etl_weather_postgres_dag to None, run_after=None
[2026-08-30T15:25:13.728+0000] {processor.py:208} INFO - Processing /opt/airflow/dags/05_etl_weather_postgres.py took 0.127 seconds
[2026-08-30T15:25:44.411+0000] {processor.py:186} INFO - Started process (PID=353) to work on /opt/airflow/dags/05_etl_weather_postgres.py
[2026-08-30T15:25:44.414+0000] {processor.py:914} INFO - Processing file /opt/airflow/dags/05_etl_weather_postgres.py for tasks to queue
[2026-08-30T15:25:44.420+0000] {logging_mixin.py:190} INFO - [2026-08-30T15:25:44.419+0000] {dagbag.py:588} INFO - Filling up the DagBag from /opt/airflow/dags/05_etl_weather_postgres.py
[2026-08-30T15:25:44.455+0000] {processor.py:925} INFO - DAG(s) 'etl_weather_postgres_dag' retrieved from /opt/airflow/dags/05_etl_weather_postgres.py
[2026-08-30T15:25:44.499+0000] {logging_mixin.py:190} INFO - [2026-08-30T15:25:44.499+0000] {dag.py:3239} INFO - Sync 1 DAGs
[2026-08-30T15:25:44.521+0000] {logging_mixin.py:190} INFO - [2026-08-30T15:25:44.521+0000] {dag.py:4180} INFO - Setting next_dagrun for etl_weather_postgres_dag to None, run_after=None
[2026-08-30T15:25:44.543+0000] {processor.py:208} INFO - Processing /opt/airflow/dags/05_etl_weather_postgres.py took 0.139 seconds
[2026-08-30T15:26:15.136+0000] {processor.py:186} INFO - Started process (PID=365) to work on /opt/airflow/dags/05_etl_weather_postgres.py
[2026-08-30T15:26:15.138+0000] {processor.py:914} INFO - Processing file /opt/airflow/dags/05_etl_weather_postgres.py for tasks to queue
[2026-08-30T15:26:15.144+0000] {logging_mixin.py:190} INFO - [2026-08-30T15:26:15.143+0000] {dagbag.py:588} INFO - Filling up the DagBag from /opt/airflow/dags/05_etl_weather_postgres.py
[2026-08-30T15:26:15.174+0000] {processor.py:925} INFO - DAG(s) 'etl_weather_postgres_dag' retrieved from /opt/airflow/dags/05_etl_weather_postgres.py
[2026-08-30T15:26:15.219+0000] {logging_mixin.py:190} INFO - [2026-08-30T15:26:15.218+0000] {dag.py:3239} INFO - Sync 1 DAGs
[2026-08-30T15:26:15.238+0000] {logging_mixin.py:190} INFO - [2026-08-30T15:26:15.237+0000] {dag.py:4180} INFO - Setting next_dagrun for etl_weather_postgres_dag to None, run_after=None
[2026-08-30T15:26:15.256+0000] {processor.py:208} INFO - Processing /opt/airflow/dags/05_etl_weather_postgres.py took 0.131 seconds
[2026-08-30T15:26:45.995+0000] {processor.py:186} INFO - Started process (PID=377) to work on /opt/airflow/dags/05_etl_weather_postgres.py
[2026-08-30T15:26:45.998+0000] {processor.py:914} INFO - Processing file /opt/airflow/dags/05_etl_weather_postgres.py for tasks to queue
[2026-08-30T15:26:46.004+0000] {logging_mixin.py:190} INFO - [2026-08-30T15:26:46.003+0000] {dagbag.py:588} INFO - Filling up the DagBag from /opt/airflow/dags/05_etl_weather_postgres.py
[2026-08-30T15:26:46.034+0000] {processor.py:925} INFO - DAG(s) 'etl_weather_postgres_dag' retrieved from /opt/airflow/dags/05_etl_weather_postgres.py
[2026-08-30T15:26:46.092+0000] {logging_mixin.py:190} INFO - [2026-08-30T15:26:46.092+0000] {dag.py:3239} INFO - Sync 1 DAGs
[2026-08-30T15:26:46.117+0000] {logging_mixin.py:190} INFO - [2026-08-30T15:26:46.117+0000] {dag.py:4180} INFO - Setting next_dagrun for etl_weather_postgres_dag to None, run_after=None
[2026-08-30T15:26:46.133+0000] {processor.py:208} INFO - Processing /opt/airflow/dags/05_etl_weather_postgres.py took 0.167 seconds
[2026-08-30T15:27:16.879+0000] {processor.py:186} INFO - Started process (PID=389) to work on /opt/airflow/dags/05_etl_weather_postgres.py
[2026-08-30T15:27:16.882+0000] {processor.py:914} INFO - Processing file /opt/airflow/dags/05_etl_weather_postgres.py for tasks to queue
[2026-08-30T15:27:16.890+0000] {logging_mixin.py:190} INFO - [2026-08-30T15:27:16.890+0000] {dagbag.py:588} INFO - Filling up the DagBag from /opt/airflow/dags/05_etl_weather_postgres.py
[2026-08-30T15:27:16.916+0000] {processor.py:925} INFO - DAG(s) 'etl_weather_postgres_dag' retrieved from /opt/airflow/dags/05_etl_weather_postgres.py
[2026-08-30T15:27:16.954+0000] {logging_mixin.py:190} INFO - [2026-08-30T15:27:16.954+0000] {dag.py:3239} INFO - Sync 1 DAGs
[2026-08-30T15:27:16.973+0000] {logging_mixin.py:190} INFO - [2026-08-30T15:27:16.973+0000] {dag.py:4180} INFO - Setting next_dagrun for etl_weather_postgres_dag to None, run_after=None
[2026-08-30T15:27:16.999+0000] {processor.py:208} INFO - Processing /opt/airflow/dags/05_etl_weather_postgres.py took 0.139 seconds
[2026-08-30T15:27:47.886+0000] {processor.py:186} INFO - Started process (PID=401) to work on /opt/airflow/dags/05_etl_weather_postgres.py
[2026-08-30T15:27:47.889+0000] {processor.py:914} INFO - Processing file /opt/airflow/dags/05_etl_weather_postgres.py for tasks to queue
[2026-08-30T15:27:47.895+0000] {logging_mixin.py:190} INFO - [2026-08-30T15:27:47.894+0000] {dagbag.py:588} INFO - Filling up the DagBag from /opt/airflow/dags/05_etl_weather_postgres.py
[2026-08-30T15:27:47.921+0000] {processor.py:925} INFO - DAG(s) 'etl_weather_postgres_dag' retrieved from /opt/airflow/dags/05_etl_weather_postgres.py
[2026-08-30T15:27:47.968+0000] {logging_mixin.py:190} INFO - [2026-08-30T15:27:47.968+0000] {dag.py:3239} INFO - Sync 1 DAGs
[2026-08-30T15:27:47.997+0000] {logging_mixin.py:190} INFO - [2026-08-30T15:27:47.997+0000] {dag.py:4180} INFO - Setting next_dagrun for etl_weather_postgres_dag to None, run_after=None
[2026-08-30T15:27:48.015+0000] {processor.py:208} INFO - Processing /opt/airflow/dags/05_etl_weather_postgres.py took 0.148 seconds
[2026-08-30T15:28:18.714+0000] {processor.py:186} INFO - Started process (PID=413) to work on /opt/airflow/dags/05_etl_weather_postgres.py
[2026-08-30T15:28:18.715+0000] {processor.py:914} INFO - Processing file /opt/airflow/dags/05_etl_weather_postgres.py for tasks to queue
[2026-08-30T15:28:18.719+0000] {logging_mixin.py:190} INFO - [2026-08-30T15:28:18.719+0000] {dagbag.py:588} INFO - Filling up the DagBag from /opt/airflow/dags/05_etl_weather_postgres.py
[2026-08-30T15:28:18.741+0000] {processor.py:925} INFO - DAG(s) 'etl_weather_postgres_dag' retrieved from /opt/airflow/dags/05_etl_weather_postgres.py
[2026-08-30T15:28:18.793+0000] {logging_mixin.py:190} INFO - [2026-08-30T15:28:18.793+0000] {dag.py:3239} INFO - Sync 1 DAGs
[2026-08-30T15:28:18.812+0000] {logging_mixin.py:190} INFO - [2026-08-30T15:28:18.812+0000] {dag.py:4180} INFO - Setting next_dagrun for etl_weather_postgres_dag to None, run_after=None
[2026-08-30T15:28:18.834+0000] {processor.py:208} INFO - Processing /opt/airflow/dags/05_etl_weather_postgres.py took 0.138 seconds
[2026-08-30T15:28:49.495+0000] {processor.py:186} INFO - Started process (PID=425) to work on /opt/airflow/dags/05_etl_weather_postgres.py
[2026-08-30T15:28:49.498+0000] {processor.py:914} INFO - Processing file /opt/airflow/dags/05_etl_weather_postgres.py for tasks to queue
[2026-08-30T15:28:49.501+0000] {logging_mixin.py:190} INFO - [2026-08-30T15:28:49.501+0000] {dagbag.py:588} INFO - Filling up the DagBag from /opt/airflow/dags/05_etl_weather_postgres.py
[2026-08-30T15:28:49.531+0000] {processor.py:925} INFO - DAG(s) 'etl_weather_postgres_dag' retrieved from /opt/airflow/dags/05_etl_weather_postgres.py
[2026-08-30T15:28:49.567+0000] {logging_mixin.py:190} INFO - [2026-08-30T15:28:49.567+0000] {dag.py:3239} INFO - Sync 1 DAGs
[2026-08-30T15:28:49.580+0000] {logging_mixin.py:190} INFO - [2026-08-30T15:28:49.579+0000] {dag.py:4180} INFO - Setting next_dagrun for etl_weather_postgres_dag to None, run_after=None
[2026-08-30T15:28:49.598+0000] {processor.py:208} INFO - Processing /opt/airflow/dags/05_etl_weather_postgres.py took 0.122 seconds
[2026-08-30T15:29:20.260+0000] {processor.py:186} INFO - Started process (PID=437) to work on /opt/airflow/dags/05_etl_weather_postgres.py
[2026-08-30T15:29:20.262+0000] {processor.py:914} INFO - Processing file /opt/airflow/dags/05_etl_weather_postgres.py for tasks to queue
[2026-08-30T15:29:20.268+0000] {logging_mixin.py:190} INFO - [2026-08-30T15:29:20.267+0000] {dagbag.py:588} INFO - Filling up the DagBag from /opt/airflow/dags/05_etl_weather_postgres.py
[2026-08-30T15:29:20.296+0000] {processor.py:925} INFO - DAG(s) 'etl_weather_postgres_dag' retrieved from /opt/airflow/dags/05_etl_weather_postgres.py
[2026-08-30T15:29:20.343+0000] {logging_mixin.py:190} INFO - [2026-08-30T15:29:20.343+0000] {dag.py:3239} INFO - Sync 1 DAGs
[2026-08-30T15:29:20.360+0000] {logging_mixin.py:190} INFO - [2026-08-30T15:29:20.360+0000] {dag.py:4180} INFO - Setting next_dagrun for etl_weather_postgres_dag to None, run_after=None
[2026-08-30T15:29:20.380+0000] {processor.py:208} INFO - Processing /opt/airflow/dags/05_etl_weather_postgres.py took 0.137 seconds
[2026-08-30T15:29:51.037+0000] {processor.py:186} INFO - Started process (PID=450) to work on /opt/airflow/dags/05_etl_weather_postgres.py
[2026-08-30T15:29:51.040+0000] {processor.py:914} INFO - Processing file /opt/airflow/dags/05_etl_weather_postgres.py for tasks to queue
[2026-08-30T15:29:51.045+0000] {logging_mixin.py:190} INFO - [2026-08-30T15:29:51.044+0000] {dagbag.py:588} INFO - Filling up the DagBag from /opt/airflow/dags/05_etl_weather_postgres.py
[2026-08-30T15:29:51.072+0000] {processor.py:925} INFO - DAG(s) 'etl_weather_postgres_dag' retrieved from /opt/airflow/dags/05_etl_weather_postgres.py
[2026-08-30T15:29:51.106+0000] {logging_mixin.py:190} INFO - [2026-08-30T15:29:51.106+0000] {dag.py:3239} INFO - Sync 1 DAGs
[2026-08-30T15:29:51.123+0000] {logging_mixin.py:190} INFO - [2026-08-30T15:29:51.123+0000] {dag.py:4180} INFO - Setting next_dagrun for etl_weather_postgres_dag to None, run_after=None
[2026-08-30T15:29:51.141+0000] {processor.py:208} INFO - Processing /opt/airflow/dags/05_etl_weather_postgres.py took 0.114 seconds
[2026-08-30T15:30:21.757+0000] {processor.py:186} INFO - Started process (PID=462) to work on /opt/airflow/dags/05_etl_weather_postgres.py
[2026-08-30T15:30:21.758+0000] {processor.py:914} INFO - Processing file /opt/airflow/dags/05_etl_weather_postgres.py for tasks to queue
[2026-08-30T15:30:21.763+0000] {logging_mixin.py:190} INFO - [2026-08-30T15:30:21.762+0000] {dagbag.py:588} INFO - Filling up the DagBag from /opt/airflow/dags/05_etl_weather_postgres.py
[2026-08-30T15:30:21.789+0000] {processor.py:925} INFO - DAG(s) 'etl_weather_postgres_dag' retrieved from /opt/airflow/dags/05_etl_weather_postgres.py
[2026-08-30T15:30:21.830+0000] {logging_mixin.py:190} INFO - [2026-08-30T15:30:21.829+0000] {dag.py:3239} INFO - Sync 1 DAGs
[2026-08-30T15:30:21.852+0000] {logging_mixin.py:190} INFO - [2026-08-30T15:30:21.852+0000] {dag.py:4180} INFO - Setting next_dagrun for etl_weather_postgres_dag to None, run_after=None
[2026-08-30T15:30:21.880+0000] {processor.py:208} INFO - Processing /opt/airflow/dags/05_etl_weather_postgres.py took 0.139 seconds
[2026-08-30T15:30:52.702+0000] {processor.py:186} INFO - Started process (PID=474) to work on /opt/airflow/dags/05_etl_weather_postgres.py
[2026-08-30T15:30:52.703+0000] {processor.py:914} INFO - Processing file /opt/airflow/dags/05_etl_weather_postgres.py for tasks to queue
[2026-08-30T15:30:52.710+0000] {logging_mixin.py:190} INFO - [2026-08-30T15:30:52.709+0000] {dagbag.py:588} INFO - Filling up the DagBag from /opt/airflow/dags/05_etl_weather_postgres.py
[2026-08-30T15:30:52.729+0000] {processor.py:925} INFO - DAG(s) 'etl_weather_postgres_dag' retrieved from /opt/airflow/dags/05_etl_weather_postgres.py
[2026-08-30T15:30:52.775+0000] {logging_mixin.py:190} INFO - [2026-08-30T15:30:52.775+0000] {dag.py:3239} INFO - Sync 1 DAGs
[2026-08-30T15:30:52.795+0000] {logging_mixin.py:190} INFO - [2026-08-30T15:30:52.795+0000] {dag.py:4180} INFO - Setting next_dagrun for etl_weather_postgres_dag to None, run_after=None
[2026-08-30T15:30:52.817+0000] {processor.py:208} INFO - Processing /opt/airflow/dags/05_etl_weather_postgres.py took 0.129 seconds
[2026-08-30T15:31:23.721+0000] {processor.py:186} INFO - Started process (PID=492) to work on /opt/airflow/dags/05_etl_weather_postgres.py
[2026-08-30T15:31:23.722+0000] {processor.py:914} INFO - Processing file /opt/airflow/dags/05_etl_weather_postgres.py for tasks to queue
[2026-08-30T15:31:23.730+0000] {logging_mixin.py:190} INFO - [2026-08-30T15:31:23.729+0000] {dagbag.py:588} INFO - Filling up the DagBag from /opt/airflow/dags/05_etl_weather_postgres.py
[2026-08-30T15:31:23.756+0000] {processor.py:925} INFO - DAG(s) 'etl_weather_postgres_dag' retrieved from /opt/airflow/dags/05_etl_weather_postgres.py
[2026-08-30T15:31:23.821+0000] {logging_mixin.py:190} INFO - [2026-08-30T15:31:23.821+0000] {dag.py:3239} INFO - Sync 1 DAGs
[2026-08-30T15:31:23.843+0000] {logging_mixin.py:190} INFO - [2026-08-30T15:31:23.843+0000] {dag.py:4180} INFO - Setting next_dagrun for etl_weather_postgres_dag to None, run_after=None
[2026-08-30T15:31:23.858+0000] {processor.py:208} INFO - Processing /opt/airflow/dags/05_etl_weather_postgres.py took 0.153 seconds
[2026-08-30T15:31:54.617+0000] {processor.py:186} INFO - Started process (PID=504) to work on /opt/airflow/dags/05_etl_weather_postgres.py
[2026-08-30T15:31:54.620+0000] {processor.py:914} INFO - Processing file /opt/airflow/dags/05_etl_weather_postgres.py for tasks to queue
[2026-08-30T15:31:54.624+0000] {logging_mixin.py:190} INFO - [2026-08-30T15:31:54.624+0000] {dagbag.py:588} INFO - Filling up the DagBag from /opt/airflow/dags/05_etl_weather_postgres.py
[2026-08-30T15:31:54.653+0000] {processor.py:925} INFO - DAG(s) 'etl_weather_postgres_dag' retrieved from /opt/airflow/dags/05_etl_weather_postgres.py
[2026-08-30T15:31:54.694+0000] {logging_mixin.py:190} INFO - [2026-08-30T15:31:54.694+0000] {dag.py:3239} INFO - Sync 1 DAGs
[2026-08-30T15:31:54.708+0000] {logging_mixin.py:190} INFO - [2026-08-30T15:31:54.708+0000] {dag.py:4180} INFO - Setting next_dagrun for etl_weather_postgres_dag to None, run_after=None
[2026-08-30T15:31:54.729+0000] {processor.py:208} INFO - Processing /opt/airflow/dags/05_etl_weather_postgres.py took 0.125 seconds
[2026-08-30T15:32:25.495+0000] {processor.py:186} INFO - Started process (PID=515) to work on /opt/airflow/dags/05_etl_weather_postgres.py
[2026-08-30T15:32:25.497+0000] {processor.py:914} INFO - Processing file /opt/airflow/dags/05_etl_weather_postgres.py for tasks to queue
[2026-08-30T15:32:25.500+0000] {logging_mixin.py:190} INFO - [2026-08-30T15:32:25.500+0000] {dagbag.py:588} INFO - Filling up the DagBag from /opt/airflow/dags/05_etl_weather_postgres.py
[2026-08-30T15:32:25.559+0000] {processor.py:925} INFO - DAG(s) 'etl_weather_postgres_dag' retrieved from /opt/airflow/dags/05_etl_weather_postgres.py
[2026-08-30T15:32:25.650+0000] {logging_mixin.py:190} INFO - [2026-08-30T15:32:25.650+0000] {dag.py:3239} INFO - Sync 1 DAGs
[2026-08-30T15:32:25.672+0000] {logging_mixin.py:190} INFO - [2026-08-30T15:32:25.672+0000] {dag.py:4180} INFO - Setting next_dagrun for etl_weather_postgres_dag to None, run_after=None
[2026-08-30T15:32:25.696+0000] {processor.py:208} INFO - Processing /opt/airflow/dags/05_etl_weather_postgres.py took 0.213 seconds
[2026-08-30T15:32:56.464+0000] {processor.py:186} INFO - Started process (PID=527) to work on /opt/airflow/dags/05_etl_weather_postgres.py
[2026-08-30T15:32:56.466+0000] {processor.py:914} INFO - Processing file /opt/airflow/dags/05_etl_weather_postgres.py for tasks to queue
[2026-08-30T15:32:56.470+0000] {logging_mixin.py:190} INFO - [2026-08-30T15:32:56.469+0000] {dagbag.py:588} INFO - Filling up the DagBag from /opt/airflow/dags/05_etl_weather_postgres.py
[2026-08-30T15:32:56.495+0000] {processor.py:925} INFO - DAG(s) 'etl_weather_postgres_dag' retrieved from /opt/airflow/dags/05_etl_weather_postgres.py
[2026-08-30T15:32:56.560+0000] {logging_mixin.py:190} INFO - [2026-08-30T15:32:56.560+0000] {dag.py:3239} INFO - Sync 1 DAGs
[2026-08-30T15:32:56.577+0000] {logging_mixin.py:190} INFO - [2026-08-30T15:32:56.576+0000] {dag.py:4180} INFO - Setting next_dagrun for etl_weather_postgres_dag to None, run_after=None
[2026-08-30T15:32:56.595+0000] {processor.py:208} INFO - Processing /opt/airflow/dags/05_etl_weather_postgres.py took 0.141 seconds
[2026-08-30T15:33:27.302+0000] {processor.py:186} INFO - Started process (PID=539) to work on /opt/airflow/dags/05_etl_weather_postgres.py
[2026-08-30T15:33:27.306+0000] {processor.py:914} INFO - Processing file /opt/airflow/dags/05_etl_weather_postgres.py for tasks to queue
[2026-08-30T15:33:27.315+0000] {logging_mixin.py:190} INFO - [2026-08-30T15:33:27.314+0000] {dagbag.py:588} INFO - Filling up the DagBag from /opt/airflow/dags/05_etl_weather_postgres.py
[2026-08-30T15:33:27.358+0000] {processor.py:925} INFO - DAG(s) 'etl_weather_postgres_dag' retrieved from /opt/airflow/dags/05_etl_weather_postgres.py
[2026-08-30T15:33:27.417+0000] {logging_mixin.py:190} INFO - [2026-08-30T15:33:27.416+0000] {dag.py:3239} INFO - Sync 1 DAGs
[2026-08-30T15:33:27.435+0000] {logging_mixin.py:190} INFO - [2026-08-30T15:33:27.435+0000] {dag.py:4180} INFO - Setting next_dagrun for etl_weather_postgres_dag to None, run_after=None
[2026-08-30T15:33:27.460+0000] {processor.py:208} INFO - Processing /opt/airflow/dags/05_etl_weather_postgres.py took 0.170 seconds
[2026-08-30T15:33:58.152+0000] {processor.py:186} INFO - Started process (PID=551) to work on /opt/airflow/dags/05_etl_weather_postgres.py
[2026-08-30T15:33:58.154+0000] {processor.py:914} INFO - Processing file /opt/airflow/dags/05_etl_weather_postgres.py for tasks to queue
[2026-08-30T15:33:58.163+0000] {logging_mixin.py:190} INFO - [2026-08-30T15:33:58.163+0000] {dagbag.py:588} INFO - Filling up the DagBag from /opt/airflow/dags/05_etl_weather_postgres.py
[2026-08-30T15:33:58.187+0000] {processor.py:925} INFO - DAG(s) 'etl_weather_postgres_dag' retrieved from /opt/airflow/dags/05_etl_weather_postgres.py
[2026-08-30T15:33:58.244+0000] {logging_mixin.py:190} INFO - [2026-08-30T15:33:58.244+0000] {dag.py:3239} INFO - Sync 1 DAGs
[2026-08-30T15:33:58.258+0000] {logging_mixin.py:190} INFO - [2026-08-30T15:33:58.258+0000] {dag.py:4180} INFO - Setting next_dagrun for etl_weather_postgres_dag to None, run_after=None
[2026-08-30T15:33:58.276+0000] {processor.py:208} INFO - Processing /opt/airflow/dags/05_etl_weather_postgres.py took 0.140 seconds
[2026-08-30T15:34:28.999+0000] {processor.py:186} INFO - Started process (PID=563) to work on /opt/airflow/dags/05_etl_weather_postgres.py
[2026-08-30T15:34:29.001+0000] {processor.py:914} INFO - Processing file /opt/airflow/dags/05_etl_weather_postgres.py for tasks to queue
[2026-08-30T15:34:29.005+0000] {logging_mixin.py:190} INFO - [2026-08-30T15:34:29.004+0000] {dagbag.py:588} INFO - Filling up the DagBag from /opt/airflow/dags/05_etl_weather_postgres.py
[2026-08-30T15:34:29.036+0000] {processor.py:925} INFO - DAG(s) 'etl_weather_postgres_dag' retrieved from /opt/airflow/dags/05_etl_weather_postgres.py
[2026-08-30T15:34:29.071+0000] {logging_mixin.py:190} INFO - [2026-08-30T15:34:29.071+0000] {dag.py:3239} INFO - Sync 1 DAGs
[2026-08-30T15:34:29.085+0000] {logging_mixin.py:190} INFO - [2026-08-30T15:34:29.085+0000] {dag.py:4180} INFO - Setting next_dagrun for etl_weather_postgres_dag to None, run_after=None
[2026-08-30T15:34:29.101+0000] {processor.py:208} INFO - Processing /opt/airflow/dags/05_etl_weather_postgres.py took 0.113 seconds
[2026-08-30T15:34:59.842+0000] {processor.py:186} INFO - Started process (PID=575) to work on /opt/airflow/dags/05_etl_weather_postgres.py
[2026-08-30T15:34:59.844+0000] {processor.py:914} INFO - Processing file /opt/airflow/dags/05_etl_weather_postgres.py for tasks to queue
[2026-08-30T15:34:59.850+0000] {logging_mixin.py:190} INFO - [2026-08-30T15:34:59.849+0000] {dagbag.py:588} INFO - Filling up the DagBag from /opt/airflow/dags/05_etl_weather_postgres.py
[2026-08-30T15:34:59.881+0000] {processor.py:925} INFO - DAG(s) 'etl_weather_postgres_dag' retrieved from /opt/airflow/dags/05_etl_weather_postgres.py
[2026-08-30T15:34:59.915+0000] {logging_mixin.py:190} INFO - [2026-08-30T15:34:59.915+0000] {dag.py:3239} INFO - Sync 1 DAGs
[2026-08-30T15:34:59.931+0000] {logging_mixin.py:190} INFO - [2026-08-30T15:34:59.931+0000] {dag.py:4180} INFO - Setting next_dagrun for etl_weather_postgres_dag to None, run_after=None
[2026-08-30T15:34:59.948+0000] {processor.py:208} INFO - Processing /opt/airflow/dags/05_etl_weather_postgres.py took 0.120 seconds
[2026-08-30T15:35:30.593+0000] {processor.py:186} INFO - Started process (PID=588) to work on /opt/airflow/dags/05_etl_weather_postgres.py
[2026-08-30T15:35:30.595+0000] {processor.py:914} INFO - Processing file /opt/airflow/dags/05_etl_weather_postgres.py for tasks to queue
[2026-08-30T15:35:30.598+0000] {logging_mixin.py:190} INFO - [2026-08-30T15:35:30.598+0000] {dagbag.py:588} INFO - Filling up the DagBag from /opt/airflow/dags/05_etl_weather_postgres.py
[2026-08-30T15:35:30.617+0000] {processor.py:925} INFO - DAG(s) 'etl_weather_postgres_dag' retrieved from /opt/airflow/dags/05_etl_weather_postgres.py
[2026-08-30T15:35:30.652+0000] {logging_mixin.py:190} INFO - [2026-08-30T15:35:30.652+0000] {dag.py:3239} INFO - Sync 1 DAGs
[2026-08-30T15:35:30.667+0000] {logging_mixin.py:190} INFO - [2026-08-30T15:35:30.667+0000] {dag.py:4180} INFO - Setting next_dagrun for etl_weather_postgres_dag to None, run_after=None
[2026-08-30T15:35:30.685+0000] {processor.py:208} INFO - Processing /opt/airflow/dags/05_etl_weather_postgres.py took 0.100 seconds
[2026-08-30T15:36:01.417+0000] {processor.py:186} INFO - Started process (PID=600) to work on /opt/airflow/dags/05_etl_weather_postgres.py
[2026-08-30T15:36:01.420+0000] {processor.py:914} INFO - Processing file /opt/airflow/dags/05_etl_weather_postgres.py for tasks to queue
[2026-08-30T15:36:01.431+0000] {logging_mixin.py:190} INFO - [2026-08-30T15:36:01.430+0000] {dagbag.py:588} INFO - Filling up the DagBag from /opt/airflow/dags/05_etl_weather_postgres.py
[2026-08-30T15:36:01.453+0000] {processor.py:925} INFO - DAG(s) 'etl_weather_postgres_dag' retrieved from /opt/airflow/dags/05_etl_weather_postgres.py
[2026-08-30T15:36:01.493+0000] {logging_mixin.py:190} INFO - [2026-08-30T15:36:01.493+0000] {dag.py:3239} INFO - Sync 1 DAGs
[2026-08-30T15:36:01.513+0000] {logging_mixin.py:190} INFO - [2026-08-30T15:36:01.511+0000] {dag.py:4180} INFO - Setting next_dagrun for etl_weather_postgres_dag to None, run_after=None
[2026-08-30T15:36:01.528+0000] {processor.py:208} INFO - Processing /opt/airflow/dags/05_etl_weather_postgres.py took 0.127 seconds
[2026-08-30T15:36:32.235+0000] {processor.py:186} INFO - Started process (PID=612) to work on /opt/airflow/dags/05_etl_weather_postgres.py
[2026-08-30T15:36:32.238+0000] {processor.py:914} INFO - Processing file /opt/airflow/dags/05_etl_weather_postgres.py for tasks to queue
[2026-08-30T15:36:32.245+0000] {logging_mixin.py:190} INFO - [2026-08-30T15:36:32.245+0000] {dagbag.py:588} INFO - Filling up the DagBag from /opt/airflow/dags/05_etl_weather_postgres.py
[2026-08-30T15:36:32.270+0000] {processor.py:925} INFO - DAG(s) 'etl_weather_postgres_dag' retrieved from /opt/airflow/dags/05_etl_weather_postgres.py
[2026-08-30T15:36:32.317+0000] {logging_mixin.py:190} INFO - [2026-08-30T15:36:32.317+0000] {dag.py:3239} INFO - Sync 1 DAGs
[2026-08-30T15:36:32.334+0000] {logging_mixin.py:190} INFO - [2026-08-30T15:36:32.334+0000] {dag.py:4180} INFO - Setting next_dagrun for etl_weather_postgres_dag to None, run_after=None
[2026-08-30T15:36:32.347+0000] {processor.py:208} INFO - Processing /opt/airflow/dags/05_etl_weather_postgres.py took 0.123 seconds
[2026-08-30T15:37:03.060+0000] {processor.py:186} INFO - Started process (PID=624) to work on /opt/airflow/dags/05_etl_weather_postgres.py
[2026-08-30T15:37:03.064+0000] {processor.py:914} INFO - Processing file /opt/airflow/dags/05_etl_weather_postgres.py for tasks to queue
[2026-08-30T15:37:03.070+0000] {logging_mixin.py:190} INFO - [2026-08-30T15:37:03.070+0000] {dagbag.py:588} INFO - Filling up the DagBag from /opt/airflow/dags/05_etl_weather_postgres.py
[2026-08-30T15:37:03.097+0000] {processor.py:925} INFO - DAG(s) 'etl_weather_postgres_dag' retrieved from /opt/airflow/dags/05_etl_weather_postgres.py
[2026-08-30T15:37:03.148+0000] {logging_mixin.py:190} INFO - [2026-08-30T15:37:03.147+0000] {dag.py:3239} INFO - Sync 1 DAGs
[2026-08-30T15:37:03.167+0000] {logging_mixin.py:190} INFO - [2026-08-30T15:37:03.167+0000] {dag.py:4180} INFO - Setting next_dagrun for etl_weather_postgres_dag to None, run_after=None
[2026-08-30T15:37:03.190+0000] {processor.py:208} INFO - Processing /opt/airflow/dags/05_etl_weather_postgres.py took 0.151 seconds
[2026-08-30T15:37:33.962+0000] {processor.py:186} INFO - Started process (PID=636) to work on /opt/airflow/dags/05_etl_weather_postgres.py
[2026-08-30T15:37:33.964+0000] {processor.py:914} INFO - Processing file /opt/airflow/dags/05_etl_weather_postgres.py for tasks to queue
[2026-08-30T15:37:33.974+0000] {logging_mixin.py:190} INFO - [2026-08-30T15:37:33.974+0000] {dagbag.py:588} INFO - Filling up the DagBag from /opt/airflow/dags/05_etl_weather_postgres.py
[2026-08-30T15:37:34.003+0000] {processor.py:925} INFO - DAG(s) 'etl_weather_postgres_dag' retrieved from /opt/airflow/dags/05_etl_weather_postgres.py
[2026-08-30T15:37:34.046+0000] {logging_mixin.py:190} INFO - [2026-08-30T15:37:34.046+0000] {dag.py:3239} INFO - Sync 1 DAGs
[2026-08-30T15:37:34.066+0000] {logging_mixin.py:190} INFO - [2026-08-30T15:37:34.066+0000] {dag.py:4180} INFO - Setting next_dagrun for etl_weather_postgres_dag to None, run_after=None
[2026-08-30T15:37:34.091+0000] {processor.py:208} INFO - Processing /opt/airflow/dags/05_etl_weather_postgres.py took 0.142 seconds
[2026-08-30T15:38:04.798+0000] {processor.py:186} INFO - Started process (PID=648) to work on /opt/airflow/dags/05_etl_weather_postgres.py
[2026-08-30T15:38:04.800+0000] {processor.py:914} INFO - Processing file /opt/airflow/dags/05_etl_weather_postgres.py for tasks to queue
[2026-08-30T15:38:04.807+0000] {logging_mixin.py:190} INFO - [2026-08-30T15:38:04.806+0000] {dagbag.py:588} INFO - Filling up the DagBag from /opt/airflow/dags/05_etl_weather_postgres.py
[2026-08-30T15:38:04.837+0000] {processor.py:925} INFO - DAG(s) 'etl_weather_postgres_dag' retrieved from /opt/airflow/dags/05_etl_weather_postgres.py
[2026-08-30T15:38:04.879+0000] {logging_mixin.py:190} INFO - [2026-08-30T15:38:04.879+0000] {dag.py:3239} INFO - Sync 1 DAGs
[2026-08-30T15:38:04.894+0000] {logging_mixin.py:190} INFO - [2026-08-30T15:38:04.894+0000] {dag.py:4180} INFO - Setting next_dagrun for etl_weather_postgres_dag to None, run_after=None
[2026-08-30T15:38:04.909+0000] {processor.py:208} INFO - Processing /opt/airflow/dags/05_etl_weather_postgres.py took 0.126 seconds
[2026-08-30T15:38:35.616+0000] {processor.py:186} INFO - Started process (PID=660) to work on /opt/airflow/dags/05_etl_weather_postgres.py
[2026-08-30T15:38:35.617+0000] {processor.py:914} INFO - Processing file /opt/airflow/dags/05_etl_weather_postgres.py for tasks to queue
[2026-08-30T15:38:35.621+0000] {logging_mixin.py:190} INFO - [2026-08-30T15:38:35.621+0000] {dagbag.py:588} INFO - Filling up the DagBag from /opt/airflow/dags/05_etl_weather_postgres.py
[2026-08-30T15:38:35.641+0000] {processor.py:925} INFO - DAG(s) 'etl_weather_postgres_dag' retrieved from /opt/airflow/dags/05_etl_weather_postgres.py
[2026-08-30T15:38:35.691+0000] {logging_mixin.py:190} INFO - [2026-08-30T15:38:35.691+0000] {dag.py:3239} INFO - Sync 1 DAGs
[2026-08-30T15:38:35.704+0000] {logging_mixin.py:190} INFO - [2026-08-30T15:38:35.704+0000] {dag.py:4180} INFO - Setting next_dagrun for etl_weather_postgres_dag to None, run_after=None
[2026-08-30T15:38:35.725+0000] {processor.py:208} INFO - Processing /opt/airflow/dags/05_etl_weather_postgres.py took 0.120 seconds
[2026-08-30T15:39:06.368+0000] {processor.py:186} INFO - Started process (PID=672) to work on /opt/airflow/dags/05_etl_weather_postgres.py
[2026-08-30T15:39:06.371+0000] {processor.py:914} INFO - Processing file /opt/airflow/dags/05_etl_weather_postgres.py for tasks to queue
[2026-08-30T15:39:06.375+0000] {logging_mixin.py:190} INFO - [2026-08-30T15:39:06.375+0000] {dagbag.py:588} INFO - Filling up the DagBag from /opt/airflow/dags/05_etl_weather_postgres.py
[2026-08-30T15:39:06.407+0000] {processor.py:925} INFO - DAG(s) 'etl_weather_postgres_dag' retrieved from /opt/airflow/dags/05_etl_weather_postgres.py
[2026-08-30T15:39:06.461+0000] {logging_mixin.py:190} INFO - [2026-08-30T15:39:06.460+0000] {dag.py:3239} INFO - Sync 1 DAGs
[2026-08-30T15:39:06.482+0000] {logging_mixin.py:190} INFO - [2026-08-30T15:39:06.482+0000] {dag.py:4180} INFO - Setting next_dagrun for etl_weather_postgres_dag to None, run_after=None
[2026-08-30T15:39:06.504+0000] {processor.py:208} INFO - Processing /opt/airflow/dags/05_etl_weather_postgres.py took 0.148 seconds
[2026-08-30T15:39:37.293+0000] {processor.py:186} INFO - Started process (PID=684) to work on /opt/airflow/dags/05_etl_weather_postgres.py
[2026-08-30T15:39:37.300+0000] {processor.py:914} INFO - Processing file /opt/airflow/dags/05_etl_weather_postgres.py for tasks to queue
[2026-08-30T15:39:37.305+0000] {logging_mixin.py:190} INFO - [2026-08-30T15:39:37.304+0000] {dagbag.py:588} INFO - Filling up the DagBag from /opt/airflow/dags/05_etl_weather_postgres.py
[2026-08-30T15:39:37.334+0000] {processor.py:925} INFO - DAG(s) 'etl_weather_postgres_dag' retrieved from /opt/airflow/dags/05_etl_weather_postgres.py
[2026-08-30T15:39:37.380+0000] {logging_mixin.py:190} INFO - [2026-08-30T15:39:37.379+0000] {dag.py:3239} INFO - Sync 1 DAGs
[2026-08-30T15:39:37.400+0000] {logging_mixin.py:190} INFO - [2026-08-30T15:39:37.400+0000] {dag.py:4180} INFO - Setting next_dagrun for etl_weather_postgres_dag to None, run_after=None
[2026-08-30T15:39:37.417+0000] {processor.py:208} INFO - Processing /opt/airflow/dags/05_etl_weather_postgres.py took 0.136 seconds
[2026-08-30T15:40:08.100+0000] {processor.py:186} INFO - Started process (PID=696) to work on /opt/airflow/dags/05_etl_weather_postgres.py
[2026-08-30T15:40:08.104+0000] {processor.py:914} INFO - Processing file /opt/airflow/dags/05_etl_weather_postgres.py for tasks to queue
[2026-08-30T15:40:08.109+0000] {logging_mixin.py:190} INFO - [2026-08-30T15:40:08.109+0000] {dagbag.py:588} INFO - Filling up the DagBag from /opt/airflow/dags/05_etl_weather_postgres.py
[2026-08-30T15:40:08.138+0000] {processor.py:925} INFO - DAG(s) 'etl_weather_postgres_dag' retrieved from /opt/airflow/dags/05_etl_weather_postgres.py
[2026-08-30T15:40:08.188+0000] {logging_mixin.py:190} INFO - [2026-08-30T15:40:08.188+0000] {dag.py:3239} INFO - Sync 1 DAGs
[2026-08-30T15:40:08.206+0000] {logging_mixin.py:190} INFO - [2026-08-30T15:40:08.206+0000] {dag.py:4180} INFO - Setting next_dagrun for etl_weather_postgres_dag to None, run_after=None
[2026-08-30T15:40:08.223+0000] {processor.py:208} INFO - Processing /opt/airflow/dags/05_etl_weather_postgres.py took 0.137 seconds
[2026-08-30T15:40:38.865+0000] {processor.py:186} INFO - Started process (PID=708) to work on /opt/airflow/dags/05_etl_weather_postgres.py
[2026-08-30T15:40:38.867+0000] {processor.py:914} INFO - Processing file /opt/airflow/dags/05_etl_weather_postgres.py for tasks to queue
[2026-08-30T15:40:38.872+0000] {logging_mixin.py:190} INFO - [2026-08-30T15:40:38.872+0000] {dagbag.py:588} INFO - Filling up the DagBag from /opt/airflow/dags/05_etl_weather_postgres.py
[2026-08-30T15:40:38.902+0000] {processor.py:925} INFO - DAG(s) 'etl_weather_postgres_dag' retrieved from /opt/airflow/dags/05_etl_weather_postgres.py
[2026-08-30T15:40:38.950+0000] {logging_mixin.py:190} INFO - [2026-08-30T15:40:38.950+0000] {dag.py:3239} INFO - Sync 1 DAGs
[2026-08-30T15:40:38.974+0000] {logging_mixin.py:190} INFO - [2026-08-30T15:40:38.974+0000] {dag.py:4180} INFO - Setting next_dagrun for etl_weather_postgres_dag to None, run_after=None
[2026-08-30T15:40:38.993+0000] {processor.py:208} INFO - Processing /opt/airflow/dags/05_etl_weather_postgres.py took 0.139 seconds
[2026-08-30T15:41:09.624+0000] {processor.py:186} INFO - Started process (PID=720) to work on /opt/airflow/dags/05_etl_weather_postgres.py
[2026-08-30T15:41:09.626+0000] {processor.py:914} INFO - Processing file /opt/airflow/dags/05_etl_weather_postgres.py for tasks to queue
[2026-08-30T15:41:09.630+0000] {logging_mixin.py:190} INFO - [2026-08-30T15:41:09.630+0000] {dagbag.py:588} INFO - Filling up the DagBag from /opt/airflow/dags/05_etl_weather_postgres.py
[2026-08-30T15:41:09.664+0000] {processor.py:925} INFO - DAG(s) 'etl_weather_postgres_dag' retrieved from /opt/airflow/dags/05_etl_weather_postgres.py
[2026-08-30T15:41:09.711+0000] {logging_mixin.py:190} INFO - [2026-08-30T15:41:09.711+0000] {dag.py:3239} INFO - Sync 1 DAGs
[2026-08-30T15:41:09.730+0000] {logging_mixin.py:190} INFO - [2026-08-30T15:41:09.730+0000] {dag.py:4180} INFO - Setting next_dagrun for etl_weather_postgres_dag to None, run_after=None
[2026-08-30T15:41:09.746+0000] {processor.py:208} INFO - Processing /opt/airflow/dags/05_etl_weather_postgres.py took 0.136 seconds
[2026-08-30T15:41:40.447+0000] {processor.py:186} INFO - Started process (PID=732) to work on /opt/airflow/dags/05_etl_weather_postgres.py
[2026-08-30T15:41:40.449+0000] {processor.py:914} INFO - Processing file /opt/airflow/dags/05_etl_weather_postgres.py for tasks to queue
[2026-08-30T15:41:40.456+0000] {logging_mixin.py:190} INFO - [2026-08-30T15:41:40.456+0000] {dagbag.py:588} INFO - Filling up the DagBag from /opt/airflow/dags/05_etl_weather_postgres.py
[2026-08-30T15:41:40.477+0000] {processor.py:925} INFO - DAG(s) 'etl_weather_postgres_dag' retrieved from /opt/airflow/dags/05_etl_weather_postgres.py
[2026-08-30T15:41:40.517+0000] {logging_mixin.py:190} INFO - [2026-08-30T15:41:40.517+0000] {dag.py:3239} INFO - Sync 1 DAGs
[2026-08-30T15:41:40.531+0000] {logging_mixin.py:190} INFO - [2026-08-30T15:41:40.531+0000] {dag.py:4180} INFO - Setting next_dagrun for etl_weather_postgres_dag to None, run_after=None
[2026-08-30T15:41:40.549+0000] {processor.py:208} INFO - Processing /opt/airflow/dags/05_etl_weather_postgres.py took 0.114 seconds
[2026-08-30T15:42:11.192+0000] {processor.py:186} INFO - Started process (PID=744) to work on /opt/airflow/dags/05_etl_weather_postgres.py
[2026-08-30T15:42:11.194+0000] {processor.py:914} INFO - Processing file /opt/airflow/dags/05_etl_weather_postgres.py for tasks to queue
[2026-08-30T15:42:11.197+0000] {logging_mixin.py:190} INFO - [2026-08-30T15:42:11.197+0000] {dagbag.py:588} INFO - Filling up the DagBag from /opt/airflow/dags/05_etl_weather_postgres.py
[2026-08-30T15:42:11.226+0000] {processor.py:925} INFO - DAG(s) 'etl_weather_postgres_dag' retrieved from /opt/airflow/dags/05_etl_weather_postgres.py
[2026-08-30T15:42:11.278+0000] {logging_mixin.py:190} INFO - [2026-08-30T15:42:11.278+0000] {dag.py:3239} INFO - Sync 1 DAGs
[2026-08-30T15:42:11.294+0000] {logging_mixin.py:190} INFO - [2026-08-30T15:42:11.294+0000] {dag.py:4180} INFO - Setting next_dagrun for etl_weather_postgres_dag to None, run_after=None
[2026-08-30T15:42:11.309+0000] {processor.py:208} INFO - Processing /opt/airflow/dags/05_etl_weather_postgres.py took 0.131 seconds
[2026-08-30T15:42:41.947+0000] {processor.py:186} INFO - Started process (PID=756) to work on /opt/airflow/dags/05_etl_weather_postgres.py
[2026-08-30T15:42:41.949+0000] {processor.py:914} INFO - Processing file /opt/airflow/dags/05_etl_weather_postgres.py for tasks to queue
[2026-08-30T15:42:41.953+0000] {logging_mixin.py:190} INFO - [2026-08-30T15:42:41.953+0000] {dagbag.py:588} INFO - Filling up the DagBag from /opt/airflow/dags/05_etl_weather_postgres.py
[2026-08-30T15:42:41.978+0000] {processor.py:925} INFO - DAG(s) 'etl_weather_postgres_dag' retrieved from /opt/airflow/dags/05_etl_weather_postgres.py
[2026-08-30T15:42:42.027+0000] {logging_mixin.py:190} INFO - [2026-08-30T15:42:42.026+0000] {dag.py:3239} INFO - Sync 1 DAGs
[2026-08-30T15:42:42.044+0000] {logging_mixin.py:190} INFO - [2026-08-30T15:42:42.044+0000] {dag.py:4180} INFO - Setting next_dagrun for etl_weather_postgres_dag to None, run_after=None
[2026-08-30T15:42:42.060+0000] {processor.py:208} INFO - Processing /opt/airflow/dags/05_etl_weather_postgres.py took 0.126 seconds
[2026-08-30T15:43:12.793+0000] {processor.py:186} INFO - Started process (PID=768) to work on /opt/airflow/dags/05_etl_weather_postgres.py
[2026-08-30T15:43:12.796+0000] {processor.py:914} INFO - Processing file /opt/airflow/dags/05_etl_weather_postgres.py for tasks to queue
[2026-08-30T15:43:12.802+0000] {logging_mixin.py:190} INFO - [2026-08-30T15:43:12.802+0000] {dagbag.py:588} INFO - Filling up the DagBag from /opt/airflow/dags/05_etl_weather_postgres.py
[2026-08-30T15:43:12.833+0000] {processor.py:925} INFO - DAG(s) 'etl_weather_postgres_dag' retrieved from /opt/airflow/dags/05_etl_weather_postgres.py
[2026-08-30T15:43:12.882+0000] {logging_mixin.py:190} INFO - [2026-08-30T15:43:12.882+0000] {dag.py:3239} INFO - Sync 1 DAGs
[2026-08-30T15:43:12.904+0000] {logging_mixin.py:190} INFO - [2026-08-30T15:43:12.904+0000] {dag.py:4180} INFO - Setting next_dagrun for etl_weather_postgres_dag to None, run_after=None
[2026-08-30T15:43:12.926+0000] {processor.py:208} INFO - Processing /opt/airflow/dags/05_etl_weather_postgres.py took 0.144 seconds
[2026-08-30T15:43:43.709+0000] {processor.py:186} INFO - Started process (PID=780) to work on /opt/airflow/dags/05_etl_weather_postgres.py
[2026-08-30T15:43:43.711+0000] {processor.py:914} INFO - Processing file /opt/airflow/dags/05_etl_weather_postgres.py for tasks to queue
[2026-08-30T15:43:43.716+0000] {logging_mixin.py:190} INFO - [2026-08-30T15:43:43.716+0000] {dagbag.py:588} INFO - Filling up the DagBag from /opt/airflow/dags/05_etl_weather_postgres.py
[2026-08-30T15:43:43.734+0000] {processor.py:925} INFO - DAG(s) 'etl_weather_postgres_dag' retrieved from /opt/airflow/dags/05_etl_weather_postgres.py
[2026-08-30T15:43:43.768+0000] {logging_mixin.py:190} INFO - [2026-08-30T15:43:43.767+0000] {dag.py:3239} INFO - Sync 1 DAGs
[2026-08-30T15:43:43.781+0000] {logging_mixin.py:190} INFO - [2026-08-30T15:43:43.780+0000] {dag.py:4180} INFO - Setting next_dagrun for etl_weather_postgres_dag to None, run_after=None
[2026-08-30T15:43:43.797+0000] {processor.py:208} INFO - Processing /opt/airflow/dags/05_etl_weather_postgres.py took 0.096 seconds
[2026-08-30T15:44:14.460+0000] {processor.py:186} INFO - Started process (PID=792) to work on /opt/airflow/dags/05_etl_weather_postgres.py
[2026-08-30T15:44:14.462+0000] {processor.py:914} INFO - Processing file /opt/airflow/dags/05_etl_weather_postgres.py for tasks to queue
[2026-08-30T15:44:14.467+0000] {logging_mixin.py:190} INFO - [2026-08-30T15:44:14.466+0000] {dagbag.py:588} INFO - Filling up the DagBag from /opt/airflow/dags/05_etl_weather_postgres.py
[2026-08-30T15:44:14.493+0000] {processor.py:925} INFO - DAG(s) 'etl_weather_postgres_dag' retrieved from /opt/airflow/dags/05_etl_weather_postgres.py
[2026-08-30T15:44:14.527+0000] {logging_mixin.py:190} INFO - [2026-08-30T15:44:14.527+0000] {dag.py:3239} INFO - Sync 1 DAGs
[2026-08-30T15:44:14.545+0000] {logging_mixin.py:190} INFO - [2026-08-30T15:44:14.545+0000] {dag.py:4180} INFO - Setting next_dagrun for etl_weather_postgres_dag to None, run_after=None
[2026-08-30T15:44:14.560+0000] {processor.py:208} INFO - Processing /opt/airflow/dags/05_etl_weather_postgres.py took 0.114 seconds
[2026-08-30T15:44:45.311+0000] {processor.py:186} INFO - Started process (PID=804) to work on /opt/airflow/dags/05_etl_weather_postgres.py
[2026-08-30T15:44:45.312+0000] {processor.py:914} INFO - Processing file /opt/airflow/dags/05_etl_weather_postgres.py for tasks to queue
[2026-08-30T15:44:45.317+0000] {logging_mixin.py:190} INFO - [2026-08-30T15:44:45.316+0000] {dagbag.py:588} INFO - Filling up the DagBag from /opt/airflow/dags/05_etl_weather_postgres.py
[2026-08-30T15:44:45.342+0000] {processor.py:925} INFO - DAG(s) 'etl_weather_postgres_dag' retrieved from /opt/airflow/dags/05_etl_weather_postgres.py
[2026-08-30T15:44:45.375+0000] {logging_mixin.py:190} INFO - [2026-08-30T15:44:45.375+0000] {dag.py:3239} INFO - Sync 1 DAGs
[2026-08-30T15:44:45.386+0000] {logging_mixin.py:190} INFO - [2026-08-30T15:44:45.386+0000] {dag.py:4180} INFO - Setting next_dagrun for etl_weather_postgres_dag to None, run_after=None
[2026-08-30T15:44:45.404+0000] {processor.py:208} INFO - Processing /opt/airflow/dags/05_etl_weather_postgres.py took 0.102 seconds
[2026-08-30T15:45:16.082+0000] {processor.py:186} INFO - Started process (PID=817) to work on /opt/airflow/dags/05_etl_weather_postgres.py
[2026-08-30T15:45:16.085+0000] {processor.py:914} INFO - Processing file /opt/airflow/dags/05_etl_weather_postgres.py for tasks to queue
[2026-08-30T15:45:16.091+0000] {logging_mixin.py:190} INFO - [2026-08-30T15:45:16.091+0000] {dagbag.py:588} INFO - Filling up the DagBag from /opt/airflow/dags/05_etl_weather_postgres.py
[2026-08-30T15:45:16.122+0000] {processor.py:925} INFO - DAG(s) 'etl_weather_postgres_dag' retrieved from /opt/airflow/dags/05_etl_weather_postgres.py
[2026-08-30T15:45:16.159+0000] {logging_mixin.py:190} INFO - [2026-08-30T15:45:16.159+0000] {dag.py:3239} INFO - Sync 1 DAGs
[2026-08-30T15:45:16.175+0000] {logging_mixin.py:190} INFO - [2026-08-30T15:45:16.174+0000] {dag.py:4180} INFO - Setting next_dagrun for etl_weather_postgres_dag to None, run_after=None
[2026-08-30T15:45:16.192+0000] {processor.py:208} INFO - Processing /opt/airflow/dags/05_etl_weather_postgres.py took 0.119 seconds
[2026-08-30T15:45:46.838+0000] {processor.py:186} INFO - Started process (PID=829) to work on /opt/airflow/dags/05_etl_weather_postgres.py
[2026-08-30T15:45:46.839+0000] {processor.py:914} INFO - Processing file /opt/airflow/dags/05_etl_weather_postgres.py for tasks to queue
[2026-08-30T15:45:46.841+0000] {logging_mixin.py:190} INFO - [2026-08-30T15:45:46.841+0000] {dagbag.py:588} INFO - Filling up the DagBag from /opt/airflow/dags/05_etl_weather_postgres.py
[2026-08-30T15:45:46.857+0000] {processor.py:925} INFO - DAG(s) 'etl_weather_postgres_dag' retrieved from /opt/airflow/dags/05_etl_weather_postgres.py
[2026-08-30T15:45:46.886+0000] {logging_mixin.py:190} INFO - [2026-08-30T15:45:46.886+0000] {dag.py:3239} INFO - Sync 1 DAGs
[2026-08-30T15:45:46.898+0000] {logging_mixin.py:190} INFO - [2026-08-30T15:45:46.897+0000] {dag.py:4180} INFO - Setting next_dagrun for etl_weather_postgres_dag to None, run_after=None
[2026-08-30T15:45:46.921+0000] {processor.py:208} INFO - Processing /opt/airflow/dags/05_etl_weather_postgres.py took 0.087 seconds
[2026-08-30T15:46:17.746+0000] {processor.py:186} INFO - Started process (PID=841) to work on /opt/airflow/dags/05_etl_weather_postgres.py
[2026-08-30T15:46:17.747+0000] {processor.py:914} INFO - Processing file /opt/airflow/dags/05_etl_weather_postgres.py for tasks to queue
[2026-08-30T15:46:17.750+0000] {logging_mixin.py:190} INFO - [2026-08-30T15:46:17.750+0000] {dagbag.py:588} INFO - Filling up the DagBag from /opt/airflow/dags/05_etl_weather_postgres.py
[2026-08-30T15:46:17.767+0000] {processor.py:925} INFO - DAG(s) 'etl_weather_postgres_dag' retrieved from /opt/airflow/dags/05_etl_weather_postgres.py
[2026-08-30T15:46:17.808+0000] {logging_mixin.py:190} INFO - [2026-08-30T15:46:17.808+0000] {dag.py:3239} INFO - Sync 1 DAGs
[2026-08-30T15:46:17.824+0000] {logging_mixin.py:190} INFO - [2026-08-30T15:46:17.824+0000] {dag.py:4180} INFO - Setting next_dagrun for etl_weather_postgres_dag to None, run_after=None
[2026-08-30T15:46:17.847+0000] {processor.py:208} INFO - Processing /opt/airflow/dags/05_etl_weather_postgres.py took 0.107 seconds
[2026-08-30T15:46:48.582+0000] {processor.py:186} INFO - Started process (PID=853) to work on /opt/airflow/dags/05_etl_weather_postgres.py
[2026-08-30T15:46:48.585+0000] {processor.py:914} INFO - Processing file /opt/airflow/dags/05_etl_weather_postgres.py for tasks to queue
[2026-08-30T15:46:48.589+0000] {logging_mixin.py:190} INFO - [2026-08-30T15:46:48.588+0000] {dagbag.py:588} INFO - Filling up the DagBag from /opt/airflow/dags/05_etl_weather_postgres.py
[2026-08-30T15:46:48.623+0000] {processor.py:925} INFO - DAG(s) 'etl_weather_postgres_dag' retrieved from /opt/airflow/dags/05_etl_weather_postgres.py
[2026-08-30T15:46:48.669+0000] {logging_mixin.py:190} INFO - [2026-08-30T15:46:48.669+0000] {dag.py:3239} INFO - Sync 1 DAGs
[2026-08-30T15:46:48.692+0000] {logging_mixin.py:190} INFO - [2026-08-30T15:46:48.692+0000] {dag.py:4180} INFO - Setting next_dagrun for etl_weather_postgres_dag to None, run_after=None
[2026-08-30T15:46:48.714+0000] {processor.py:208} INFO - Processing /opt/airflow/dags/05_etl_weather_postgres.py took 0.144 seconds
[2026-08-30T15:47:19.562+0000] {processor.py:186} INFO - Started process (PID=865) to work on /opt/airflow/dags/05_etl_weather_postgres.py
[2026-08-30T15:47:19.565+0000] {processor.py:914} INFO - Processing file /opt/airflow/dags/05_etl_weather_postgres.py for tasks to queue
[2026-08-30T15:47:19.569+0000] {logging_mixin.py:190} INFO - [2026-08-30T15:47:19.569+0000] {dagbag.py:588} INFO - Filling up the DagBag from /opt/airflow/dags/05_etl_weather_postgres.py
[2026-08-30T15:47:19.589+0000] {processor.py:925} INFO - DAG(s) 'etl_weather_postgres_dag' retrieved from /opt/airflow/dags/05_etl_weather_postgres.py
[2026-08-30T15:47:19.637+0000] {logging_mixin.py:190} INFO - [2026-08-30T15:47:19.637+0000] {dag.py:3239} INFO - Sync 1 DAGs
[2026-08-30T15:47:19.654+0000] {logging_mixin.py:190} INFO - [2026-08-30T15:47:19.653+0000] {dag.py:4180} INFO - Setting next_dagrun for etl_weather_postgres_dag to None, run_after=None
[2026-08-30T15:47:19.669+0000] {processor.py:208} INFO - Processing /opt/airflow/dags/05_etl_weather_postgres.py took 0.118 seconds
[2026-08-30T15:47:50.487+0000] {processor.py:186} INFO - Started process (PID=877) to work on /opt/airflow/dags/05_etl_weather_postgres.py
[2026-08-30T15:47:50.490+0000] {processor.py:914} INFO - Processing file /opt/airflow/dags/05_etl_weather_postgres.py for tasks to queue
[2026-08-30T15:47:50.498+0000] {logging_mixin.py:190} INFO - [2026-08-30T15:47:50.498+0000] {dagbag.py:588} INFO - Filling up the DagBag from /opt/airflow/dags/05_etl_weather_postgres.py
[2026-08-30T15:47:50.530+0000] {processor.py:925} INFO - DAG(s) 'etl_weather_postgres_dag' retrieved from /opt/airflow/dags/05_etl_weather_postgres.py
[2026-08-30T15:47:50.579+0000] {logging_mixin.py:190} INFO - [2026-08-30T15:47:50.579+0000] {dag.py:3239} INFO - Sync 1 DAGs
[2026-08-30T15:47:50.599+0000] {logging_mixin.py:190} INFO - [2026-08-30T15:47:50.598+0000] {dag.py:4180} INFO - Setting next_dagrun for etl_weather_postgres_dag to None, run_after=None
[2026-08-30T15:47:50.622+0000] {processor.py:208} INFO - Processing /opt/airflow/dags/05_etl_weather_postgres.py took 0.147 seconds
[2026-08-30T15:48:21.291+0000] {processor.py:186} INFO - Started process (PID=889) to work on /opt/airflow/dags/05_etl_weather_postgres.py
[2026-08-30T15:48:21.292+0000] {processor.py:914} INFO - Processing file /opt/airflow/dags/05_etl_weather_postgres.py for tasks to queue
[2026-08-30T15:48:21.298+0000] {logging_mixin.py:190} INFO - [2026-08-30T15:48:21.298+0000] {dagbag.py:588} INFO - Filling up the DagBag from /opt/airflow/dags/05_etl_weather_postgres.py
[2026-08-30T15:48:21.320+0000] {processor.py:925} INFO - DAG(s) 'etl_weather_postgres_dag' retrieved from /opt/airflow/dags/05_etl_weather_postgres.py
[2026-08-30T15:48:21.365+0000] {logging_mixin.py:190} INFO - [2026-08-30T15:48:21.365+0000] {dag.py:3239} INFO - Sync 1 DAGs
[2026-08-30T15:48:21.384+0000] {logging_mixin.py:190} INFO - [2026-08-30T15:48:21.384+0000] {dag.py:4180} INFO - Setting next_dagrun for etl_weather_postgres_dag to None, run_after=None
[2026-08-30T15:48:21.400+0000] {processor.py:208} INFO - Processing /opt/airflow/dags/05_etl_weather_postgres.py took 0.124 seconds
[2026-08-30T15:48:52.127+0000] {processor.py:186} INFO - Started process (PID=901) to work on /opt/airflow/dags/05_etl_weather_postgres.py
[2026-08-30T15:48:52.128+0000] {processor.py:914} INFO - Processing file /opt/airflow/dags/05_etl_weather_postgres.py for tasks to queue
[2026-08-30T15:48:52.131+0000] {logging_mixin.py:190} INFO - [2026-08-30T15:48:52.131+0000] {dagbag.py:588} INFO - Filling up the DagBag from /opt/airflow/dags/05_etl_weather_postgres.py
[2026-08-30T15:48:52.160+0000] {processor.py:925} INFO - DAG(s) 'etl_weather_postgres_dag' retrieved from /opt/airflow/dags/05_etl_weather_postgres.py
[2026-08-30T15:48:52.207+0000] {logging_mixin.py:190} INFO - [2026-08-30T15:48:52.207+0000] {dag.py:3239} INFO - Sync 1 DAGs
[2026-08-30T15:48:52.227+0000] {logging_mixin.py:190} INFO - [2026-08-30T15:48:52.227+0000] {dag.py:4180} INFO - Setting next_dagrun for etl_weather_postgres_dag to None, run_after=None
[2026-08-30T15:48:52.246+0000] {processor.py:208} INFO - Processing /opt/airflow/dags/05_etl_weather_postgres.py took 0.134 seconds
[2026-08-30T15:49:22.961+0000] {processor.py:186} INFO - Started process (PID=913) to work on /opt/airflow/dags/05_etl_weather_postgres.py
[2026-08-30T15:49:22.963+0000] {processor.py:914} INFO - Processing file /opt/airflow/dags/05_etl_weather_postgres.py for tasks to queue
[2026-08-30T15:49:22.967+0000] {logging_mixin.py:190} INFO - [2026-08-30T15:49:22.966+0000] {dagbag.py:588} INFO - Filling up the DagBag from /opt/airflow/dags/05_etl_weather_postgres.py
[2026-08-30T15:49:22.997+0000] {processor.py:925} INFO - DAG(s) 'etl_weather_postgres_dag' retrieved from /opt/airflow/dags/05_etl_weather_postgres.py
[2026-08-30T15:49:23.062+0000] {logging_mixin.py:190} INFO - [2026-08-30T15:49:23.062+0000] {dag.py:3239} INFO - Sync 1 DAGs
[2026-08-30T15:49:23.082+0000] {logging_mixin.py:190} INFO - [2026-08-30T15:49:23.082+0000] {dag.py:4180} INFO - Setting next_dagrun for etl_weather_postgres_dag to None, run_after=None
[2026-08-30T15:49:23.100+0000] {processor.py:208} INFO - Processing /opt/airflow/dags/05_etl_weather_postgres.py took 0.158 seconds
[2026-08-30T15:49:53.931+0000] {processor.py:186} INFO - Started process (PID=925) to work on /opt/airflow/dags/05_etl_weather_postgres.py
[2026-08-30T15:49:53.934+0000] {processor.py:914} INFO - Processing file /opt/airflow/dags/05_etl_weather_postgres.py for tasks to queue
[2026-08-30T15:49:53.945+0000] {logging_mixin.py:190} INFO - [2026-08-30T15:49:53.944+0000] {dagbag.py:588} INFO - Filling up the DagBag from /opt/airflow/dags/05_etl_weather_postgres.py
[2026-08-30T15:49:53.966+0000] {processor.py:925} INFO - DAG(s) 'etl_weather_postgres_dag' retrieved from /opt/airflow/dags/05_etl_weather_postgres.py
[2026-08-30T15:49:54.004+0000] {logging_mixin.py:190} INFO - [2026-08-30T15:49:54.004+0000] {dag.py:3239} INFO - Sync 1 DAGs
[2026-08-30T15:49:54.018+0000] {logging_mixin.py:190} INFO - [2026-08-30T15:49:54.018+0000] {dag.py:4180} INFO - Setting next_dagrun for etl_weather_postgres_dag to None, run_after=None
[2026-08-30T15:49:54.033+0000] {processor.py:208} INFO - Processing /opt/airflow/dags/05_etl_weather_postgres.py took 0.116 seconds
[2026-08-30T15:50:24.683+0000] {processor.py:186} INFO - Started process (PID=937) to work on /opt/airflow/dags/05_etl_weather_postgres.py
[2026-08-30T15:50:24.686+0000] {processor.py:914} INFO - Processing file /opt/airflow/dags/05_etl_weather_postgres.py for tasks to queue
[2026-08-30T15:50:24.690+0000] {logging_mixin.py:190} INFO - [2026-08-30T15:50:24.690+0000] {dagbag.py:588} INFO - Filling up the DagBag from /opt/airflow/dags/05_etl_weather_postgres.py
[2026-08-30T15:50:24.721+0000] {processor.py:925} INFO - DAG(s) 'etl_weather_postgres_dag' retrieved from /opt/airflow/dags/05_etl_weather_postgres.py
[2026-08-30T15:50:24.780+0000] {logging_mixin.py:190} INFO - [2026-08-30T15:50:24.780+0000] {dag.py:3239} INFO - Sync 1 DAGs
[2026-08-30T15:50:24.803+0000] {logging_mixin.py:190} INFO - [2026-08-30T15:50:24.803+0000] {dag.py:4180} INFO - Setting next_dagrun for etl_weather_postgres_dag to None, run_after=None
[2026-08-30T15:50:24.826+0000] {processor.py:208} INFO - Processing /opt/airflow/dags/05_etl_weather_postgres.py took 0.157 seconds
[2026-08-30T15:50:55.471+0000] {processor.py:186} INFO - Started process (PID=949) to work on /opt/airflow/dags/05_etl_weather_postgres.py
[2026-08-30T15:50:55.474+0000] {processor.py:914} INFO - Processing file /opt/airflow/dags/05_etl_weather_postgres.py for tasks to queue
[2026-08-30T15:50:55.483+0000] {logging_mixin.py:190} INFO - [2026-08-30T15:50:55.482+0000] {dagbag.py:588} INFO - Filling up the DagBag from /opt/airflow/dags/05_etl_weather_postgres.py
[2026-08-30T15:50:55.512+0000] {processor.py:925} INFO - DAG(s) 'etl_weather_postgres_dag' retrieved from /opt/airflow/dags/05_etl_weather_postgres.py
[2026-08-30T15:50:55.564+0000] {logging_mixin.py:190} INFO - [2026-08-30T15:50:55.563+0000] {dag.py:3239} INFO - Sync 1 DAGs
[2026-08-30T15:50:55.584+0000] {logging_mixin.py:190} INFO - [2026-08-30T15:50:55.584+0000] {dag.py:4180} INFO - Setting next_dagrun for etl_weather_postgres_dag to None, run_after=None
[2026-08-30T15:50:55.645+0000] {processor.py:208} INFO - Processing /opt/airflow/dags/05_etl_weather_postgres.py took 0.201 seconds
[2026-08-30T15:51:26.360+0000] {processor.py:186} INFO - Started process (PID=961) to work on /opt/airflow/dags/05_etl_weather_postgres.py
[2026-08-30T15:51:26.362+0000] {processor.py:914} INFO - Processing file /opt/airflow/dags/05_etl_weather_postgres.py for tasks to queue
[2026-08-30T15:51:26.372+0000] {logging_mixin.py:190} INFO - [2026-08-30T15:51:26.371+0000] {dagbag.py:588} INFO - Filling up the DagBag from /opt/airflow/dags/05_etl_weather_postgres.py
[2026-08-30T15:51:26.401+0000] {processor.py:925} INFO - DAG(s) 'etl_weather_postgres_dag' retrieved from /opt/airflow/dags/05_etl_weather_postgres.py
[2026-08-30T15:51:26.466+0000] {logging_mixin.py:190} INFO - [2026-08-30T15:51:26.466+0000] {dag.py:3239} INFO - Sync 1 DAGs
[2026-08-30T15:51:26.486+0000] {logging_mixin.py:190} INFO - [2026-08-30T15:51:26.486+0000] {dag.py:4180} INFO - Setting next_dagrun for etl_weather_postgres_dag to None, run_after=None
[2026-08-30T15:51:26.506+0000] {processor.py:208} INFO - Processing /opt/airflow/dags/05_etl_weather_postgres.py took 0.163 seconds
[2026-08-30T15:51:57.244+0000] {processor.py:186} INFO - Started process (PID=973) to work on /opt/airflow/dags/05_etl_weather_postgres.py
[2026-08-30T15:51:57.246+0000] {processor.py:914} INFO - Processing file /opt/airflow/dags/05_etl_weather_postgres.py for tasks to queue
[2026-08-30T15:51:57.254+0000] {logging_mixin.py:190} INFO - [2026-08-30T15:51:57.253+0000] {dagbag.py:588} INFO - Filling up the DagBag from /opt/airflow/dags/05_etl_weather_postgres.py
[2026-08-30T15:51:57.288+0000] {processor.py:925} INFO - DAG(s) 'etl_weather_postgres_dag' retrieved from /opt/airflow/dags/05_etl_weather_postgres.py
[2026-08-30T15:51:57.337+0000] {logging_mixin.py:190} INFO - [2026-08-30T15:51:57.337+0000] {dag.py:3239} INFO - Sync 1 DAGs
[2026-08-30T15:51:57.356+0000] {logging_mixin.py:190} INFO - [2026-08-30T15:51:57.356+0000] {dag.py:4180} INFO - Setting next_dagrun for etl_weather_postgres_dag to None, run_after=None
[2026-08-30T15:51:57.374+0000] {processor.py:208} INFO - Processing /opt/airflow/dags/05_etl_weather_postgres.py took 0.143 seconds
[2026-08-30T15:52:28.205+0000] {processor.py:186} INFO - Started process (PID=991) to work on /opt/airflow/dags/05_etl_weather_postgres.py
[2026-08-30T15:52:28.206+0000] {processor.py:914} INFO - Processing file /opt/airflow/dags/05_etl_weather_postgres.py for tasks to queue
[2026-08-30T15:52:28.208+0000] {logging_mixin.py:190} INFO - [2026-08-30T15:52:28.208+0000] {dagbag.py:588} INFO - Filling up the DagBag from /opt/airflow/dags/05_etl_weather_postgres.py
[2026-08-30T15:52:28.227+0000] {processor.py:925} INFO - DAG(s) 'etl_weather_postgres_dag' retrieved from /opt/airflow/dags/05_etl_weather_postgres.py
[2026-08-30T15:52:28.275+0000] {logging_mixin.py:190} INFO - [2026-08-30T15:52:28.275+0000] {dag.py:3239} INFO - Sync 1 DAGs
[2026-08-30T15:52:28.288+0000] {logging_mixin.py:190} INFO - [2026-08-30T15:52:28.288+0000] {dag.py:4180} INFO - Setting next_dagrun for etl_weather_postgres_dag to None, run_after=None
[2026-08-30T15:52:28.310+0000] {processor.py:208} INFO - Processing /opt/airflow/dags/05_etl_weather_postgres.py took 0.132 seconds
[2026-08-30T15:52:59.038+0000] {processor.py:186} INFO - Started process (PID=1002) to work on /opt/airflow/dags/05_etl_weather_postgres.py
[2026-08-30T15:52:59.041+0000] {processor.py:914} INFO - Processing file /opt/airflow/dags/05_etl_weather_postgres.py for tasks to queue
[2026-08-30T15:52:59.047+0000] {logging_mixin.py:190} INFO - [2026-08-30T15:52:59.046+0000] {dagbag.py:588} INFO - Filling up the DagBag from /opt/airflow/dags/05_etl_weather_postgres.py
[2026-08-30T15:52:59.073+0000] {processor.py:925} INFO - DAG(s) 'etl_weather_postgres_dag' retrieved from /opt/airflow/dags/05_etl_weather_postgres.py
[2026-08-30T15:52:59.114+0000] {logging_mixin.py:190} INFO - [2026-08-30T15:52:59.114+0000] {dag.py:3239} INFO - Sync 1 DAGs
[2026-08-30T15:52:59.129+0000] {logging_mixin.py:190} INFO - [2026-08-30T15:52:59.129+0000] {dag.py:4180} INFO - Setting next_dagrun for etl_weather_postgres_dag to None, run_after=None
[2026-08-30T15:52:59.143+0000] {processor.py:208} INFO - Processing /opt/airflow/dags/05_etl_weather_postgres.py took 0.117 seconds
[2026-08-30T15:53:29.834+0000] {processor.py:186} INFO - Started process (PID=1013) to work on /opt/airflow/dags/05_etl_weather_postgres.py
[2026-08-30T15:53:29.837+0000] {processor.py:914} INFO - Processing file /opt/airflow/dags/05_etl_weather_postgres.py for tasks to queue
[2026-08-30T15:53:29.842+0000] {logging_mixin.py:190} INFO - [2026-08-30T15:53:29.841+0000] {dagbag.py:588} INFO - Filling up the DagBag from /opt/airflow/dags/05_etl_weather_postgres.py
[2026-08-30T15:53:29.865+0000] {processor.py:925} INFO - DAG(s) 'etl_weather_postgres_dag' retrieved from /opt/airflow/dags/05_etl_weather_postgres.py
[2026-08-30T15:53:29.898+0000] {logging_mixin.py:190} INFO - [2026-08-30T15:53:29.898+0000] {dag.py:3239} INFO - Sync 1 DAGs
[2026-08-30T15:53:29.909+0000] {logging_mixin.py:190} INFO - [2026-08-30T15:53:29.909+0000] {dag.py:4180} INFO - Setting next_dagrun for etl_weather_postgres_dag to None, run_after=None
[2026-08-30T15:53:29.929+0000] {processor.py:208} INFO - Processing /opt/airflow/dags/05_etl_weather_postgres.py took 0.111 seconds
[2026-08-30T15:54:00.683+0000] {processor.py:186} INFO - Started process (PID=1025) to work on /opt/airflow/dags/05_etl_weather_postgres.py
[2026-08-30T15:54:00.689+0000] {processor.py:914} INFO - Processing file /opt/airflow/dags/05_etl_weather_postgres.py for tasks to queue
[2026-08-30T15:54:00.696+0000] {logging_mixin.py:190} INFO - [2026-08-30T15:54:00.696+0000] {dagbag.py:588} INFO - Filling up the DagBag from /opt/airflow/dags/05_etl_weather_postgres.py
[2026-08-30T15:54:00.718+0000] {processor.py:925} INFO - DAG(s) 'etl_weather_postgres_dag' retrieved from /opt/airflow/dags/05_etl_weather_postgres.py
[2026-08-30T15:54:00.753+0000] {logging_mixin.py:190} INFO - [2026-08-30T15:54:00.753+0000] {dag.py:3239} INFO - Sync 1 DAGs
[2026-08-30T15:54:00.766+0000] {logging_mixin.py:190} INFO - [2026-08-30T15:54:00.766+0000] {dag.py:4180} INFO - Setting next_dagrun for etl_weather_postgres_dag to None, run_after=None
[2026-08-30T15:54:00.781+0000] {processor.py:208} INFO - Processing /opt/airflow/dags/05_etl_weather_postgres.py took 0.113 seconds
[2026-08-30T15:54:31.483+0000] {processor.py:186} INFO - Started process (PID=1037) to work on /opt/airflow/dags/05_etl_weather_postgres.py
[2026-08-30T15:54:31.485+0000] {processor.py:914} INFO - Processing file /opt/airflow/dags/05_etl_weather_postgres.py for tasks to queue
[2026-08-30T15:54:31.492+0000] {logging_mixin.py:190} INFO - [2026-08-30T15:54:31.492+0000] {dagbag.py:588} INFO - Filling up the DagBag from /opt/airflow/dags/05_etl_weather_postgres.py
[2026-08-30T15:54:31.513+0000] {processor.py:925} INFO - DAG(s) 'etl_weather_postgres_dag' retrieved from /opt/airflow/dags/05_etl_weather_postgres.py
[2026-08-30T15:54:31.553+0000] {logging_mixin.py:190} INFO - [2026-08-30T15:54:31.553+0000] {dag.py:3239} INFO - Sync 1 DAGs
[2026-08-30T15:54:31.566+0000] {logging_mixin.py:190} INFO - [2026-08-30T15:54:31.566+0000] {dag.py:4180} INFO - Setting next_dagrun for etl_weather_postgres_dag to None, run_after=None
[2026-08-30T15:54:31.583+0000] {processor.py:208} INFO - Processing /opt/airflow/dags/05_etl_weather_postgres.py took 0.118 seconds
[2026-08-30T15:55:02.335+0000] {processor.py:186} INFO - Started process (PID=1049) to work on /opt/airflow/dags/05_etl_weather_postgres.py
[2026-08-30T15:55:02.337+0000] {processor.py:914} INFO - Processing file /opt/airflow/dags/05_etl_weather_postgres.py for tasks to queue
[2026-08-30T15:55:02.342+0000] {logging_mixin.py:190} INFO - [2026-08-30T15:55:02.342+0000] {dagbag.py:588} INFO - Filling up the DagBag from /opt/airflow/dags/05_etl_weather_postgres.py
[2026-08-30T15:55:02.366+0000] {processor.py:925} INFO - DAG(s) 'etl_weather_postgres_dag' retrieved from /opt/airflow/dags/05_etl_weather_postgres.py
[2026-08-30T15:55:02.399+0000] {logging_mixin.py:190} INFO - [2026-08-30T15:55:02.399+0000] {dag.py:3239} INFO - Sync 1 DAGs
[2026-08-30T15:55:02.415+0000] {logging_mixin.py:190} INFO - [2026-08-30T15:55:02.415+0000] {dag.py:4180} INFO - Setting next_dagrun for etl_weather_postgres_dag to None, run_after=None
[2026-08-30T15:55:02.433+0000] {processor.py:208} INFO - Processing /opt/airflow/dags/05_etl_weather_postgres.py took 0.115 seconds
[2026-08-30T15:55:33.178+0000] {processor.py:186} INFO - Started process (PID=1062) to work on /opt/airflow/dags/05_etl_weather_postgres.py
[2026-08-30T15:55:33.186+0000] {processor.py:914} INFO - Processing file /opt/airflow/dags/05_etl_weather_postgres.py for tasks to queue
[2026-08-30T15:55:33.189+0000] {logging_mixin.py:190} INFO - [2026-08-30T15:55:33.188+0000] {dagbag.py:588} INFO - Filling up the DagBag from /opt/airflow/dags/05_etl_weather_postgres.py
[2026-08-30T15:55:33.216+0000] {processor.py:925} INFO - DAG(s) 'etl_weather_postgres_dag' retrieved from /opt/airflow/dags/05_etl_weather_postgres.py
[2026-08-30T15:55:33.266+0000] {logging_mixin.py:190} INFO - [2026-08-30T15:55:33.266+0000] {dag.py:3239} INFO - Sync 1 DAGs
[2026-08-30T15:55:33.283+0000] {logging_mixin.py:190} INFO - [2026-08-30T15:55:33.283+0000] {dag.py:4180} INFO - Setting next_dagrun for etl_weather_postgres_dag to None, run_after=None
[2026-08-30T15:55:33.301+0000] {processor.py:208} INFO - Processing /opt/airflow/dags/05_etl_weather_postgres.py took 0.134 seconds
[2026-08-30T15:56:04.074+0000] {processor.py:186} INFO - Started process (PID=1075) to work on /opt/airflow/dags/05_etl_weather_postgres.py
[2026-08-30T15:56:04.076+0000] {processor.py:914} INFO - Processing file /opt/airflow/dags/05_etl_weather_postgres.py for tasks to queue
[2026-08-30T15:56:04.084+0000] {logging_mixin.py:190} INFO - [2026-08-30T15:56:04.082+0000] {dagbag.py:588} INFO - Filling up the DagBag from /opt/airflow/dags/05_etl_weather_postgres.py
[2026-08-30T15:56:04.114+0000] {processor.py:925} INFO - DAG(s) 'etl_weather_postgres_dag' retrieved from /opt/airflow/dags/05_etl_weather_postgres.py
[2026-08-30T15:56:04.158+0000] {logging_mixin.py:190} INFO - [2026-08-30T15:56:04.158+0000] {dag.py:3239} INFO - Sync 1 DAGs
[2026-08-30T15:56:04.175+0000] {logging_mixin.py:190} INFO - [2026-08-30T15:56:04.175+0000] {dag.py:4180} INFO - Setting next_dagrun for etl_weather_postgres_dag to None, run_after=None
[2026-08-30T15:56:04.193+0000] {processor.py:208} INFO - Processing /opt/airflow/dags/05_etl_weather_postgres.py took 0.125 seconds
[2026-08-30T15:56:34.936+0000] {processor.py:186} INFO - Started process (PID=1087) to work on /opt/airflow/dags/05_etl_weather_postgres.py
[2026-08-30T15:56:34.938+0000] {processor.py:914} INFO - Processing file /opt/airflow/dags/05_etl_weather_postgres.py for tasks to queue
[2026-08-30T15:56:34.941+0000] {logging_mixin.py:190} INFO - [2026-08-30T15:56:34.941+0000] {dagbag.py:588} INFO - Filling up the DagBag from /opt/airflow/dags/05_etl_weather_postgres.py
[2026-08-30T15:56:34.965+0000] {processor.py:925} INFO - DAG(s) 'etl_weather_postgres_dag' retrieved from /opt/airflow/dags/05_etl_weather_postgres.py
[2026-08-30T15:56:35.006+0000] {logging_mixin.py:190} INFO - [2026-08-30T15:56:35.005+0000] {dag.py:3239} INFO - Sync 1 DAGs
[2026-08-30T15:56:35.019+0000] {logging_mixin.py:190} INFO - [2026-08-30T15:56:35.019+0000] {dag.py:4180} INFO - Setting next_dagrun for etl_weather_postgres_dag to None, run_after=None
[2026-08-30T15:56:35.034+0000] {processor.py:208} INFO - Processing /opt/airflow/dags/05_etl_weather_postgres.py took 0.107 seconds
[2026-08-30T15:57:05.765+0000] {processor.py:186} INFO - Started process (PID=1099) to work on /opt/airflow/dags/05_etl_weather_postgres.py
[2026-08-30T15:57:05.768+0000] {processor.py:914} INFO - Processing file /opt/airflow/dags/05_etl_weather_postgres.py for tasks to queue
[2026-08-30T15:57:05.773+0000] {logging_mixin.py:190} INFO - [2026-08-30T15:57:05.772+0000] {dagbag.py:588} INFO - Filling up the DagBag from /opt/airflow/dags/05_etl_weather_postgres.py
[2026-08-30T15:57:05.793+0000] {processor.py:925} INFO - DAG(s) 'etl_weather_postgres_dag' retrieved from /opt/airflow/dags/05_etl_weather_postgres.py
[2026-08-30T15:57:05.830+0000] {logging_mixin.py:190} INFO - [2026-08-30T15:57:05.830+0000] {dag.py:3239} INFO - Sync 1 DAGs
[2026-08-30T15:57:05.846+0000] {logging_mixin.py:190} INFO - [2026-08-30T15:57:05.846+0000] {dag.py:4180} INFO - Setting next_dagrun for etl_weather_postgres_dag to None, run_after=None
[2026-08-30T15:57:05.861+0000] {processor.py:208} INFO - Processing /opt/airflow/dags/05_etl_weather_postgres.py took 0.109 seconds
[2026-08-30T15:57:36.576+0000] {processor.py:186} INFO - Started process (PID=1111) to work on /opt/airflow/dags/05_etl_weather_postgres.py
[2026-08-30T15:57:36.580+0000] {processor.py:914} INFO - Processing file /opt/airflow/dags/05_etl_weather_postgres.py for tasks to queue
[2026-08-30T15:57:36.585+0000] {logging_mixin.py:190} INFO - [2026-08-30T15:57:36.584+0000] {dagbag.py:588} INFO - Filling up the DagBag from /opt/airflow/dags/05_etl_weather_postgres.py
[2026-08-30T15:57:36.608+0000] {processor.py:925} INFO - DAG(s) 'etl_weather_postgres_dag' retrieved from /opt/airflow/dags/05_etl_weather_postgres.py
[2026-08-30T15:57:36.676+0000] {logging_mixin.py:190} INFO - [2026-08-30T15:57:36.676+0000] {dag.py:3239} INFO - Sync 1 DAGs
[2026-08-30T15:57:36.695+0000] {logging_mixin.py:190} INFO - [2026-08-30T15:57:36.695+0000] {dag.py:4180} INFO - Setting next_dagrun for etl_weather_postgres_dag to None, run_after=None
[2026-08-30T15:57:36.711+0000] {processor.py:208} INFO - Processing /opt/airflow/dags/05_etl_weather_postgres.py took 0.147 seconds
[2026-08-30T15:58:07.474+0000] {processor.py:186} INFO - Started process (PID=1123) to work on /opt/airflow/dags/05_etl_weather_postgres.py
[2026-08-30T15:58:07.477+0000] {processor.py:914} INFO - Processing file /opt/airflow/dags/05_etl_weather_postgres.py for tasks to queue
[2026-08-30T15:58:07.485+0000] {logging_mixin.py:190} INFO - [2026-08-30T15:58:07.484+0000] {dagbag.py:588} INFO - Filling up the DagBag from /opt/airflow/dags/05_etl_weather_postgres.py
[2026-08-30T15:58:07.509+0000] {processor.py:925} INFO - DAG(s) 'etl_weather_postgres_dag' retrieved from /opt/airflow/dags/05_etl_weather_postgres.py
[2026-08-30T15:58:07.572+0000] {logging_mixin.py:190} INFO - [2026-08-30T15:58:07.572+0000] {dag.py:3239} INFO - Sync 1 DAGs
[2026-08-30T15:58:07.589+0000] {logging_mixin.py:190} INFO - [2026-08-30T15:58:07.589+0000] {dag.py:4180} INFO - Setting next_dagrun for etl_weather_postgres_dag to None, run_after=None
[2026-08-30T15:58:07.609+0000] {processor.py:208} INFO - Processing /opt/airflow/dags/05_etl_weather_postgres.py took 0.146 seconds
[2026-08-30T15:58:38.405+0000] {processor.py:186} INFO - Started process (PID=1135) to work on /opt/airflow/dags/05_etl_weather_postgres.py
[2026-08-30T15:58:38.407+0000] {processor.py:914} INFO - Processing file /opt/airflow/dags/05_etl_weather_postgres.py for tasks to queue
[2026-08-30T15:58:38.410+0000] {logging_mixin.py:190} INFO - [2026-08-30T15:58:38.409+0000] {dagbag.py:588} INFO - Filling up the DagBag from /opt/airflow/dags/05_etl_weather_postgres.py
[2026-08-30T15:58:38.436+0000] {processor.py:925} INFO - DAG(s) 'etl_weather_postgres_dag' retrieved from /opt/airflow/dags/05_etl_weather_postgres.py
[2026-08-30T15:58:38.510+0000] {logging_mixin.py:190} INFO - [2026-08-30T15:58:38.509+0000] {dag.py:3239} INFO - Sync 1 DAGs
[2026-08-30T15:58:38.531+0000] {logging_mixin.py:190} INFO - [2026-08-30T15:58:38.531+0000] {dag.py:4180} INFO - Setting next_dagrun for etl_weather_postgres_dag to None, run_after=None
[2026-08-30T15:58:38.550+0000] {processor.py:208} INFO - Processing /opt/airflow/dags/05_etl_weather_postgres.py took 0.159 seconds
[2026-08-30T15:59:09.230+0000] {processor.py:186} INFO - Started process (PID=1147) to work on /opt/airflow/dags/05_etl_weather_postgres.py
[2026-08-30T15:59:09.232+0000] {processor.py:914} INFO - Processing file /opt/airflow/dags/05_etl_weather_postgres.py for tasks to queue
[2026-08-30T15:59:09.242+0000] {logging_mixin.py:190} INFO - [2026-08-30T15:59:09.241+0000] {dagbag.py:588} INFO - Filling up the DagBag from /opt/airflow/dags/05_etl_weather_postgres.py
[2026-08-30T15:59:09.279+0000] {processor.py:925} INFO - DAG(s) 'etl_weather_postgres_dag' retrieved from /opt/airflow/dags/05_etl_weather_postgres.py
[2026-08-30T15:59:09.325+0000] {logging_mixin.py:190} INFO - [2026-08-30T15:59:09.325+0000] {dag.py:3239} INFO - Sync 1 DAGs
[2026-08-30T15:59:09.347+0000] {logging_mixin.py:190} INFO - [2026-08-30T15:59:09.346+0000] {dag.py:4180} INFO - Setting next_dagrun for etl_weather_postgres_dag to None, run_after=None
[2026-08-30T15:59:09.363+0000] {processor.py:208} INFO - Processing /opt/airflow/dags/05_etl_weather_postgres.py took 0.142 seconds
[2026-08-30T15:59:40.092+0000] {processor.py:186} INFO - Started process (PID=1159) to work on /opt/airflow/dags/05_etl_weather_postgres.py
[2026-08-30T15:59:40.094+0000] {processor.py:914} INFO - Processing file /opt/airflow/dags/05_etl_weather_postgres.py for tasks to queue
[2026-08-30T15:59:40.098+0000] {logging_mixin.py:190} INFO - [2026-08-30T15:59:40.098+0000] {dagbag.py:588} INFO - Filling up the DagBag from /opt/airflow/dags/05_etl_weather_postgres.py
[2026-08-30T15:59:40.121+0000] {processor.py:925} INFO - DAG(s) 'etl_weather_postgres_dag' retrieved from /opt/airflow/dags/05_etl_weather_postgres.py
[2026-08-30T15:59:40.167+0000] {logging_mixin.py:190} INFO - [2026-08-30T15:59:40.167+0000] {dag.py:3239} INFO - Sync 1 DAGs
[2026-08-30T15:59:40.190+0000] {logging_mixin.py:190} INFO - [2026-08-30T15:59:40.190+0000] {dag.py:4180} INFO - Setting next_dagrun for etl_weather_postgres_dag to None, run_after=None
[2026-08-30T15:59:40.208+0000] {processor.py:208} INFO - Processing /opt/airflow/dags/05_etl_weather_postgres.py took 0.132 seconds
[2026-08-30T16:00:10.865+0000] {processor.py:186} INFO - Started process (PID=1171) to work on /opt/airflow/dags/05_etl_weather_postgres.py
[2026-08-30T16:00:10.867+0000] {processor.py:914} INFO - Processing file /opt/airflow/dags/05_etl_weather_postgres.py for tasks to queue
[2026-08-30T16:00:10.870+0000] {logging_mixin.py:190} INFO - [2026-08-30T16:00:10.870+0000] {dagbag.py:588} INFO - Filling up the DagBag from /opt/airflow/dags/05_etl_weather_postgres.py
[2026-08-30T16:00:10.890+0000] {processor.py:925} INFO - DAG(s) 'etl_weather_postgres_dag' retrieved from /opt/airflow/dags/05_etl_weather_postgres.py
[2026-08-30T16:00:10.932+0000] {logging_mixin.py:190} INFO - [2026-08-30T16:00:10.932+0000] {dag.py:3239} INFO - Sync 1 DAGs
[2026-08-30T16:00:10.952+0000] {logging_mixin.py:190} INFO - [2026-08-30T16:00:10.952+0000] {dag.py:4180} INFO - Setting next_dagrun for etl_weather_postgres_dag to None, run_after=None
[2026-08-30T16:00:10.968+0000] {processor.py:208} INFO - Processing /opt/airflow/dags/05_etl_weather_postgres.py took 0.111 seconds
[2026-08-30T16:00:41.640+0000] {processor.py:186} INFO - Started process (PID=1183) to work on /opt/airflow/dags/05_etl_weather_postgres.py
[2026-08-30T16:00:41.642+0000] {processor.py:914} INFO - Processing file /opt/airflow/dags/05_etl_weather_postgres.py for tasks to queue
[2026-08-30T16:00:41.644+0000] {logging_mixin.py:190} INFO - [2026-08-30T16:00:41.643+0000] {dagbag.py:588} INFO - Filling up the DagBag from /opt/airflow/dags/05_etl_weather_postgres.py
[2026-08-30T16:00:41.662+0000] {processor.py:925} INFO - DAG(s) 'etl_weather_postgres_dag' retrieved from /opt/airflow/dags/05_etl_weather_postgres.py
[2026-08-30T16:00:41.692+0000] {logging_mixin.py:190} INFO - [2026-08-30T16:00:41.692+0000] {dag.py:3239} INFO - Sync 1 DAGs
[2026-08-30T16:00:41.704+0000] {logging_mixin.py:190} INFO - [2026-08-30T16:00:41.704+0000] {dag.py:4180} INFO - Setting next_dagrun for etl_weather_postgres_dag to None, run_after=None
[2026-08-30T16:00:41.720+0000] {processor.py:208} INFO - Processing /opt/airflow/dags/05_etl_weather_postgres.py took 0.087 seconds
[2026-08-30T16:01:12.415+0000] {processor.py:186} INFO - Started process (PID=1195) to work on /opt/airflow/dags/05_etl_weather_postgres.py
[2026-08-30T16:01:12.416+0000] {processor.py:914} INFO - Processing file /opt/airflow/dags/05_etl_weather_postgres.py for tasks to queue
[2026-08-30T16:01:12.418+0000] {logging_mixin.py:190} INFO - [2026-08-30T16:01:12.418+0000] {dagbag.py:588} INFO - Filling up the DagBag from /opt/airflow/dags/05_etl_weather_postgres.py
[2026-08-30T16:01:12.453+0000] {processor.py:925} INFO - DAG(s) 'etl_weather_postgres_dag' retrieved from /opt/airflow/dags/05_etl_weather_postgres.py
[2026-08-30T16:01:12.514+0000] {logging_mixin.py:190} INFO - [2026-08-30T16:01:12.514+0000] {dag.py:3239} INFO - Sync 1 DAGs
[2026-08-30T16:01:12.536+0000] {logging_mixin.py:190} INFO - [2026-08-30T16:01:12.536+0000] {dag.py:4180} INFO - Setting next_dagrun for etl_weather_postgres_dag to None, run_after=None
[2026-08-30T16:01:12.558+0000] {processor.py:208} INFO - Processing /opt/airflow/dags/05_etl_weather_postgres.py took 0.153 seconds
[2026-08-30T16:01:43.154+0000] {processor.py:186} INFO - Started process (PID=1207) to work on /opt/airflow/dags/05_etl_weather_postgres.py
[2026-08-30T16:01:43.155+0000] {processor.py:914} INFO - Processing file /opt/airflow/dags/05_etl_weather_postgres.py for tasks to queue
[2026-08-30T16:01:43.157+0000] {logging_mixin.py:190} INFO - [2026-08-30T16:01:43.157+0000] {dagbag.py:588} INFO - Filling up the DagBag from /opt/airflow/dags/05_etl_weather_postgres.py
[2026-08-30T16:01:43.177+0000] {processor.py:925} INFO - DAG(s) 'etl_weather_postgres_dag' retrieved from /opt/airflow/dags/05_etl_weather_postgres.py
[2026-08-30T16:01:43.212+0000] {logging_mixin.py:190} INFO - [2026-08-30T16:01:43.212+0000] {dag.py:3239} INFO - Sync 1 DAGs
[2026-08-30T16:01:43.225+0000] {logging_mixin.py:190} INFO - [2026-08-30T16:01:43.225+0000] {dag.py:4180} INFO - Setting next_dagrun for etl_weather_postgres_dag to None, run_after=None
[2026-08-30T16:01:43.241+0000] {processor.py:208} INFO - Processing /opt/airflow/dags/05_etl_weather_postgres.py took 0.100 seconds
[2026-08-30T16:02:14.022+0000] {processor.py:186} INFO - Started process (PID=1219) to work on /opt/airflow/dags/05_etl_weather_postgres.py
[2026-08-30T16:02:14.026+0000] {processor.py:914} INFO - Processing file /opt/airflow/dags/05_etl_weather_postgres.py for tasks to queue
[2026-08-30T16:02:14.034+0000] {logging_mixin.py:190} INFO - [2026-08-30T16:02:14.033+0000] {dagbag.py:588} INFO - Filling up the DagBag from /opt/airflow/dags/05_etl_weather_postgres.py
[2026-08-30T16:02:14.080+0000] {processor.py:925} INFO - DAG(s) 'etl_weather_postgres_dag' retrieved from /opt/airflow/dags/05_etl_weather_postgres.py
[2026-08-30T16:02:14.168+0000] {logging_mixin.py:190} INFO - [2026-08-30T16:02:14.167+0000] {dag.py:3239} INFO - Sync 1 DAGs
[2026-08-30T16:02:14.195+0000] {logging_mixin.py:190} INFO - [2026-08-30T16:02:14.195+0000] {dag.py:4180} INFO - Setting next_dagrun for etl_weather_postgres_dag to None, run_after=None
[2026-08-30T16:02:14.233+0000] {processor.py:208} INFO - Processing /opt/airflow/dags/05_etl_weather_postgres.py took 0.239 seconds
[2026-08-30T16:02:44.732+0000] {processor.py:186} INFO - Started process (PID=1231) to work on /opt/airflow/dags/05_etl_weather_postgres.py
[2026-08-30T16:02:44.733+0000] {processor.py:914} INFO - Processing file /opt/airflow/dags/05_etl_weather_postgres.py for tasks to queue
[2026-08-30T16:02:44.738+0000] {logging_mixin.py:190} INFO - [2026-08-30T16:02:44.738+0000] {dagbag.py:588} INFO - Filling up the DagBag from /opt/airflow/dags/05_etl_weather_postgres.py
[2026-08-30T16:02:44.768+0000] {processor.py:925} INFO - DAG(s) 'etl_weather_postgres_dag' retrieved from /opt/airflow/dags/05_etl_weather_postgres.py
[2026-08-30T16:02:44.808+0000] {logging_mixin.py:190} INFO - [2026-08-30T16:02:44.808+0000] {dag.py:3239} INFO - Sync 1 DAGs
[2026-08-30T16:02:44.831+0000] {logging_mixin.py:190} INFO - [2026-08-30T16:02:44.831+0000] {dag.py:4180} INFO - Setting next_dagrun for etl_weather_postgres_dag to None, run_after=None
[2026-08-30T16:02:44.852+0000] {processor.py:208} INFO - Processing /opt/airflow/dags/05_etl_weather_postgres.py took 0.134 seconds
[2026-08-30T16:03:15.664+0000] {processor.py:186} INFO - Started process (PID=1243) to work on /opt/airflow/dags/05_etl_weather_postgres.py
[2026-08-30T16:03:15.667+0000] {processor.py:914} INFO - Processing file /opt/airflow/dags/05_etl_weather_postgres.py for tasks to queue
[2026-08-30T16:03:15.674+0000] {logging_mixin.py:190} INFO - [2026-08-30T16:03:15.673+0000] {dagbag.py:588} INFO - Filling up the DagBag from /opt/airflow/dags/05_etl_weather_postgres.py
[2026-08-30T16:03:15.698+0000] {processor.py:925} INFO - DAG(s) 'etl_weather_postgres_dag' retrieved from /opt/airflow/dags/05_etl_weather_postgres.py
[2026-08-30T16:03:15.739+0000] {logging_mixin.py:190} INFO - [2026-08-30T16:03:15.739+0000] {dag.py:3239} INFO - Sync 1 DAGs
[2026-08-30T16:03:15.756+0000] {logging_mixin.py:190} INFO - [2026-08-30T16:03:15.756+0000] {dag.py:4180} INFO - Setting next_dagrun for etl_weather_postgres_dag to None, run_after=None
[2026-08-30T16:03:15.802+0000] {processor.py:208} INFO - Processing /opt/airflow/dags/05_etl_weather_postgres.py took 0.158 seconds
[2026-08-30T16:03:46.540+0000] {processor.py:186} INFO - Started process (PID=1255) to work on /opt/airflow/dags/05_etl_weather_postgres.py
[2026-08-30T16:03:46.542+0000] {processor.py:914} INFO - Processing file /opt/airflow/dags/05_etl_weather_postgres.py for tasks to queue
[2026-08-30T16:03:46.545+0000] {logging_mixin.py:190} INFO - [2026-08-30T16:03:46.545+0000] {dagbag.py:588} INFO - Filling up the DagBag from /opt/airflow/dags/05_etl_weather_postgres.py
[2026-08-30T16:03:46.568+0000] {processor.py:925} INFO - DAG(s) 'etl_weather_postgres_dag' retrieved from /opt/airflow/dags/05_etl_weather_postgres.py
[2026-08-30T16:03:46.611+0000] {logging_mixin.py:190} INFO - [2026-08-30T16:03:46.611+0000] {dag.py:3239} INFO - Sync 1 DAGs
[2026-08-30T16:03:46.634+0000] {logging_mixin.py:190} INFO - [2026-08-30T16:03:46.634+0000] {dag.py:4180} INFO - Setting next_dagrun for etl_weather_postgres_dag to None, run_after=None
[2026-08-30T16:03:46.654+0000] {processor.py:208} INFO - Processing /opt/airflow/dags/05_etl_weather_postgres.py took 0.128 seconds
[2026-08-30T16:04:17.474+0000] {processor.py:186} INFO - Started process (PID=1267) to work on /opt/airflow/dags/05_etl_weather_postgres.py
[2026-08-30T16:04:17.476+0000] {processor.py:914} INFO - Processing file /opt/airflow/dags/05_etl_weather_postgres.py for tasks to queue
[2026-08-30T16:04:17.481+0000] {logging_mixin.py:190} INFO - [2026-08-30T16:04:17.480+0000] {dagbag.py:588} INFO - Filling up the DagBag from /opt/airflow/dags/05_etl_weather_postgres.py
[2026-08-30T16:04:17.513+0000] {processor.py:925} INFO - DAG(s) 'etl_weather_postgres_dag' retrieved from /opt/airflow/dags/05_etl_weather_postgres.py
[2026-08-30T16:04:17.566+0000] {logging_mixin.py:190} INFO - [2026-08-30T16:04:17.566+0000] {dag.py:3239} INFO - Sync 1 DAGs
[2026-08-30T16:04:17.587+0000] {logging_mixin.py:190} INFO - [2026-08-30T16:04:17.587+0000] {dag.py:4180} INFO - Setting next_dagrun for etl_weather_postgres_dag to None, run_after=None
[2026-08-30T16:04:17.606+0000] {processor.py:208} INFO - Processing /opt/airflow/dags/05_etl_weather_postgres.py took 0.151 seconds
[2026-08-30T16:04:48.450+0000] {processor.py:186} INFO - Started process (PID=1279) to work on /opt/airflow/dags/05_etl_weather_postgres.py
[2026-08-30T16:04:48.453+0000] {processor.py:914} INFO - Processing file /opt/airflow/dags/05_etl_weather_postgres.py for tasks to queue
[2026-08-30T16:04:48.456+0000] {logging_mixin.py:190} INFO - [2026-08-30T16:04:48.456+0000] {dagbag.py:588} INFO - Filling up the DagBag from /opt/airflow/dags/05_etl_weather_postgres.py
[2026-08-30T16:04:48.488+0000] {processor.py:925} INFO - DAG(s) 'etl_weather_postgres_dag' retrieved from /opt/airflow/dags/05_etl_weather_postgres.py
[2026-08-30T16:04:48.543+0000] {logging_mixin.py:190} INFO - [2026-08-30T16:04:48.542+0000] {dag.py:3239} INFO - Sync 1 DAGs
[2026-08-30T16:04:48.562+0000] {logging_mixin.py:190} INFO - [2026-08-30T16:04:48.561+0000] {dag.py:4180} INFO - Setting next_dagrun for etl_weather_postgres_dag to None, run_after=None
[2026-08-30T16:04:48.579+0000] {processor.py:208} INFO - Processing /opt/airflow/dags/05_etl_weather_postgres.py took 0.140 seconds
[2026-08-30T16:05:19.301+0000] {processor.py:186} INFO - Started process (PID=1291) to work on /opt/airflow/dags/05_etl_weather_postgres.py
[2026-08-30T16:05:19.303+0000] {processor.py:914} INFO - Processing file /opt/airflow/dags/05_etl_weather_postgres.py for tasks to queue
[2026-08-30T16:05:19.309+0000] {logging_mixin.py:190} INFO - [2026-08-30T16:05:19.308+0000] {dagbag.py:588} INFO - Filling up the DagBag from /opt/airflow/dags/05_etl_weather_postgres.py
[2026-08-30T16:05:19.337+0000] {processor.py:925} INFO - DAG(s) 'etl_weather_postgres_dag' retrieved from /opt/airflow/dags/05_etl_weather_postgres.py
[2026-08-30T16:05:19.386+0000] {logging_mixin.py:190} INFO - [2026-08-30T16:05:19.386+0000] {dag.py:3239} INFO - Sync 1 DAGs
[2026-08-30T16:05:19.404+0000] {logging_mixin.py:190} INFO - [2026-08-30T16:05:19.404+0000] {dag.py:4180} INFO - Setting next_dagrun for etl_weather_postgres_dag to None, run_after=None
[2026-08-30T16:05:19.423+0000] {processor.py:208} INFO - Processing /opt/airflow/dags/05_etl_weather_postgres.py took 0.136 seconds
[2026-08-30T16:05:50.209+0000] {processor.py:186} INFO - Started process (PID=1304) to work on /opt/airflow/dags/05_etl_weather_postgres.py
[2026-08-30T16:05:50.211+0000] {processor.py:914} INFO - Processing file /opt/airflow/dags/05_etl_weather_postgres.py for tasks to queue
[2026-08-30T16:05:50.215+0000] {logging_mixin.py:190} INFO - [2026-08-30T16:05:50.214+0000] {dagbag.py:588} INFO - Filling up the DagBag from /opt/airflow/dags/05_etl_weather_postgres.py
[2026-08-30T16:05:50.237+0000] {processor.py:925} INFO - DAG(s) 'etl_weather_postgres_dag' retrieved from /opt/airflow/dags/05_etl_weather_postgres.py
[2026-08-30T16:05:50.288+0000] {logging_mixin.py:190} INFO - [2026-08-30T16:05:50.288+0000] {dag.py:3239} INFO - Sync 1 DAGs
[2026-08-30T16:05:50.307+0000] {logging_mixin.py:190} INFO - [2026-08-30T16:05:50.306+0000] {dag.py:4180} INFO - Setting next_dagrun for etl_weather_postgres_dag to None, run_after=None
[2026-08-30T16:05:50.330+0000] {processor.py:208} INFO - Processing /opt/airflow/dags/05_etl_weather_postgres.py took 0.132 seconds
[2026-08-30T16:06:21.132+0000] {processor.py:186} INFO - Started process (PID=1316) to work on /opt/airflow/dags/05_etl_weather_postgres.py
[2026-08-30T16:06:21.134+0000] {processor.py:914} INFO - Processing file /opt/airflow/dags/05_etl_weather_postgres.py for tasks to queue
[2026-08-30T16:06:21.140+0000] {logging_mixin.py:190} INFO - [2026-08-30T16:06:21.140+0000] {dagbag.py:588} INFO - Filling up the DagBag from /opt/airflow/dags/05_etl_weather_postgres.py
[2026-08-30T16:06:21.163+0000] {processor.py:925} INFO - DAG(s) 'etl_weather_postgres_dag' retrieved from /opt/airflow/dags/05_etl_weather_postgres.py
[2026-08-30T16:06:21.211+0000] {logging_mixin.py:190} INFO - [2026-08-30T16:06:21.211+0000] {dag.py:3239} INFO - Sync 1 DAGs
[2026-08-30T16:06:21.226+0000] {logging_mixin.py:190} INFO - [2026-08-30T16:06:21.226+0000] {dag.py:4180} INFO - Setting next_dagrun for etl_weather_postgres_dag to None, run_after=None
[2026-08-30T16:06:21.246+0000] {processor.py:208} INFO - Processing /opt/airflow/dags/05_etl_weather_postgres.py took 0.129 seconds
[2026-08-30T16:06:51.945+0000] {processor.py:186} INFO - Started process (PID=1328) to work on /opt/airflow/dags/05_etl_weather_postgres.py
[2026-08-30T16:06:51.949+0000] {processor.py:914} INFO - Processing file /opt/airflow/dags/05_etl_weather_postgres.py for tasks to queue
[2026-08-30T16:06:51.955+0000] {logging_mixin.py:190} INFO - [2026-08-30T16:06:51.955+0000] {dagbag.py:588} INFO - Filling up the DagBag from /opt/airflow/dags/05_etl_weather_postgres.py
[2026-08-30T16:06:51.996+0000] {processor.py:925} INFO - DAG(s) 'etl_weather_postgres_dag' retrieved from /opt/airflow/dags/05_etl_weather_postgres.py
[2026-08-30T16:06:52.074+0000] {logging_mixin.py:190} INFO - [2026-08-30T16:06:52.074+0000] {dag.py:3239} INFO - Sync 1 DAGs
[2026-08-30T16:06:52.095+0000] {logging_mixin.py:190} INFO - [2026-08-30T16:06:52.095+0000] {dag.py:4180} INFO - Setting next_dagrun for etl_weather_postgres_dag to None, run_after=None
[2026-08-30T16:06:52.113+0000] {processor.py:208} INFO - Processing /opt/airflow/dags/05_etl_weather_postgres.py took 0.182 seconds
[2026-08-30T16:07:22.864+0000] {processor.py:186} INFO - Started process (PID=1340) to work on /opt/airflow/dags/05_etl_weather_postgres.py
[2026-08-30T16:07:22.868+0000] {processor.py:914} INFO - Processing file /opt/airflow/dags/05_etl_weather_postgres.py for tasks to queue
[2026-08-30T16:07:22.873+0000] {logging_mixin.py:190} INFO - [2026-08-30T16:07:22.873+0000] {dagbag.py:588} INFO - Filling up the DagBag from /opt/airflow/dags/05_etl_weather_postgres.py
[2026-08-30T16:07:22.906+0000] {processor.py:925} INFO - DAG(s) 'etl_weather_postgres_dag' retrieved from /opt/airflow/dags/05_etl_weather_postgres.py
[2026-08-30T16:07:22.954+0000] {logging_mixin.py:190} INFO - [2026-08-30T16:07:22.954+0000] {dag.py:3239} INFO - Sync 1 DAGs
[2026-08-30T16:07:22.970+0000] {logging_mixin.py:190} INFO - [2026-08-30T16:07:22.970+0000] {dag.py:4180} INFO - Setting next_dagrun for etl_weather_postgres_dag to None, run_after=None
[2026-08-30T16:07:22.992+0000] {processor.py:208} INFO - Processing /opt/airflow/dags/05_etl_weather_postgres.py took 0.139 seconds
[2026-08-30T16:07:53.600+0000] {processor.py:186} INFO - Started process (PID=1352) to work on /opt/airflow/dags/05_etl_weather_postgres.py
[2026-08-30T16:07:53.605+0000] {processor.py:914} INFO - Processing file /opt/airflow/dags/05_etl_weather_postgres.py for tasks to queue
[2026-08-30T16:07:53.623+0000] {logging_mixin.py:190} INFO - [2026-08-30T16:07:53.618+0000] {dagbag.py:588} INFO - Filling up the DagBag from /opt/airflow/dags/05_etl_weather_postgres.py
[2026-08-30T16:07:53.685+0000] {processor.py:925} INFO - DAG(s) 'etl_weather_postgres_dag' retrieved from /opt/airflow/dags/05_etl_weather_postgres.py
[2026-08-30T16:07:53.745+0000] {logging_mixin.py:190} INFO - [2026-08-30T16:07:53.744+0000] {dag.py:3239} INFO - Sync 1 DAGs
[2026-08-30T16:07:53.765+0000] {logging_mixin.py:190} INFO - [2026-08-30T16:07:53.764+0000] {dag.py:4180} INFO - Setting next_dagrun for etl_weather_postgres_dag to None, run_after=None
[2026-08-30T16:07:53.781+0000] {processor.py:208} INFO - Processing /opt/airflow/dags/05_etl_weather_postgres.py took 0.202 seconds
[2026-08-30T16:08:24.511+0000] {processor.py:186} INFO - Started process (PID=1364) to work on /opt/airflow/dags/05_etl_weather_postgres.py
[2026-08-30T16:08:24.515+0000] {processor.py:914} INFO - Processing file /opt/airflow/dags/05_etl_weather_postgres.py for tasks to queue
[2026-08-30T16:08:24.518+0000] {logging_mixin.py:190} INFO - [2026-08-30T16:08:24.517+0000] {dagbag.py:588} INFO - Filling up the DagBag from /opt/airflow/dags/05_etl_weather_postgres.py
[2026-08-30T16:08:24.546+0000] {processor.py:925} INFO - DAG(s) 'etl_weather_postgres_dag' retrieved from /opt/airflow/dags/05_etl_weather_postgres.py
[2026-08-30T16:08:24.595+0000] {logging_mixin.py:190} INFO - [2026-08-30T16:08:24.594+0000] {dag.py:3239} INFO - Sync 1 DAGs
[2026-08-30T16:08:24.614+0000] {logging_mixin.py:190} INFO - [2026-08-30T16:08:24.614+0000] {dag.py:4180} INFO - Setting next_dagrun for etl_weather_postgres_dag to None, run_after=None
[2026-08-30T16:08:24.635+0000] {processor.py:208} INFO - Processing /opt/airflow/dags/05_etl_weather_postgres.py took 0.133 seconds
[2026-08-30T16:08:55.364+0000] {processor.py:186} INFO - Started process (PID=1376) to work on /opt/airflow/dags/05_etl_weather_postgres.py
[2026-08-30T16:08:55.366+0000] {processor.py:914} INFO - Processing file /opt/airflow/dags/05_etl_weather_postgres.py for tasks to queue
[2026-08-30T16:08:55.373+0000] {logging_mixin.py:190} INFO - [2026-08-30T16:08:55.372+0000] {dagbag.py:588} INFO - Filling up the DagBag from /opt/airflow/dags/05_etl_weather_postgres.py
[2026-08-30T16:08:55.391+0000] {processor.py:925} INFO - DAG(s) 'etl_weather_postgres_dag' retrieved from /opt/airflow/dags/05_etl_weather_postgres.py
[2026-08-30T16:08:55.429+0000] {logging_mixin.py:190} INFO - [2026-08-30T16:08:55.429+0000] {dag.py:3239} INFO - Sync 1 DAGs
[2026-08-30T16:08:55.447+0000] {logging_mixin.py:190} INFO - [2026-08-30T16:08:55.447+0000] {dag.py:4180} INFO - Setting next_dagrun for etl_weather_postgres_dag to None, run_after=None
[2026-08-30T16:08:55.464+0000] {processor.py:208} INFO - Processing /opt/airflow/dags/05_etl_weather_postgres.py took 0.110 seconds
[2026-08-30T16:09:26.140+0000] {processor.py:186} INFO - Started process (PID=1388) to work on /opt/airflow/dags/05_etl_weather_postgres.py
[2026-08-30T16:09:26.142+0000] {processor.py:914} INFO - Processing file /opt/airflow/dags/05_etl_weather_postgres.py for tasks to queue
[2026-08-30T16:09:26.146+0000] {logging_mixin.py:190} INFO - [2026-08-30T16:09:26.145+0000] {dagbag.py:588} INFO - Filling up the DagBag from /opt/airflow/dags/05_etl_weather_postgres.py
[2026-08-30T16:09:26.170+0000] {processor.py:925} INFO - DAG(s) 'etl_weather_postgres_dag' retrieved from /opt/airflow/dags/05_etl_weather_postgres.py
[2026-08-30T16:09:26.210+0000] {logging_mixin.py:190} INFO - [2026-08-30T16:09:26.210+0000] {dag.py:3239} INFO - Sync 1 DAGs
[2026-08-30T16:09:26.234+0000] {logging_mixin.py:190} INFO - [2026-08-30T16:09:26.233+0000] {dag.py:4180} INFO - Setting next_dagrun for etl_weather_postgres_dag to None, run_after=None
[2026-08-30T16:09:26.259+0000] {processor.py:208} INFO - Processing /opt/airflow/dags/05_etl_weather_postgres.py took 0.133 seconds
[2026-08-30T16:09:57.053+0000] {processor.py:186} INFO - Started process (PID=1400) to work on /opt/airflow/dags/05_etl_weather_postgres.py
[2026-08-30T16:09:57.054+0000] {processor.py:914} INFO - Processing file /opt/airflow/dags/05_etl_weather_postgres.py for tasks to queue
[2026-08-30T16:09:57.061+0000] {logging_mixin.py:190} INFO - [2026-08-30T16:09:57.060+0000] {dagbag.py:588} INFO - Filling up the DagBag from /opt/airflow/dags/05_etl_weather_postgres.py
[2026-08-30T16:09:57.090+0000] {processor.py:925} INFO - DAG(s) 'etl_weather_postgres_dag' retrieved from /opt/airflow/dags/05_etl_weather_postgres.py
[2026-08-30T16:09:57.142+0000] {logging_mixin.py:190} INFO - [2026-08-30T16:09:57.142+0000] {dag.py:3239} INFO - Sync 1 DAGs
[2026-08-30T16:09:57.159+0000] {logging_mixin.py:190} INFO - [2026-08-30T16:09:57.159+0000] {dag.py:4180} INFO - Setting next_dagrun for etl_weather_postgres_dag to None, run_after=None
[2026-08-30T16:09:57.177+0000] {processor.py:208} INFO - Processing /opt/airflow/dags/05_etl_weather_postgres.py took 0.137 seconds
[2026-08-30T16:10:27.892+0000] {processor.py:186} INFO - Started process (PID=1412) to work on /opt/airflow/dags/05_etl_weather_postgres.py
[2026-08-30T16:10:27.894+0000] {processor.py:914} INFO - Processing file /opt/airflow/dags/05_etl_weather_postgres.py for tasks to queue
[2026-08-30T16:10:27.902+0000] {logging_mixin.py:190} INFO - [2026-08-30T16:10:27.901+0000] {dagbag.py:588} INFO - Filling up the DagBag from /opt/airflow/dags/05_etl_weather_postgres.py
[2026-08-30T16:10:27.928+0000] {processor.py:925} INFO - DAG(s) 'etl_weather_postgres_dag' retrieved from /opt/airflow/dags/05_etl_weather_postgres.py
[2026-08-30T16:10:27.983+0000] {logging_mixin.py:190} INFO - [2026-08-30T16:10:27.983+0000] {dag.py:3239} INFO - Sync 1 DAGs
[2026-08-30T16:10:28.018+0000] {logging_mixin.py:190} INFO - [2026-08-30T16:10:28.018+0000] {dag.py:4180} INFO - Setting next_dagrun for etl_weather_postgres_dag to None, run_after=None
[2026-08-30T16:10:28.040+0000] {processor.py:208} INFO - Processing /opt/airflow/dags/05_etl_weather_postgres.py took 0.162 seconds
[2026-08-30T16:10:58.783+0000] {processor.py:186} INFO - Started process (PID=1424) to work on /opt/airflow/dags/05_etl_weather_postgres.py
[2026-08-30T16:10:58.789+0000] {processor.py:914} INFO - Processing file /opt/airflow/dags/05_etl_weather_postgres.py for tasks to queue
[2026-08-30T16:10:58.793+0000] {logging_mixin.py:190} INFO - [2026-08-30T16:10:58.792+0000] {dagbag.py:588} INFO - Filling up the DagBag from /opt/airflow/dags/05_etl_weather_postgres.py
[2026-08-30T16:10:58.822+0000] {processor.py:925} INFO - DAG(s) 'etl_weather_postgres_dag' retrieved from /opt/airflow/dags/05_etl_weather_postgres.py
[2026-08-30T16:10:58.871+0000] {logging_mixin.py:190} INFO - [2026-08-30T16:10:58.871+0000] {dag.py:3239} INFO - Sync 1 DAGs
[2026-08-30T16:10:58.887+0000] {logging_mixin.py:190} INFO - [2026-08-30T16:10:58.887+0000] {dag.py:4180} INFO - Setting next_dagrun for etl_weather_postgres_dag to None, run_after=None
[2026-08-30T16:10:58.910+0000] {processor.py:208} INFO - Processing /opt/airflow/dags/05_etl_weather_postgres.py took 0.147 seconds
[2026-08-30T16:11:29.610+0000] {processor.py:186} INFO - Started process (PID=1436) to work on /opt/airflow/dags/05_etl_weather_postgres.py
[2026-08-30T16:11:29.612+0000] {processor.py:914} INFO - Processing file /opt/airflow/dags/05_etl_weather_postgres.py for tasks to queue
[2026-08-30T16:11:29.616+0000] {logging_mixin.py:190} INFO - [2026-08-30T16:11:29.616+0000] {dagbag.py:588} INFO - Filling up the DagBag from /opt/airflow/dags/05_etl_weather_postgres.py
[2026-08-30T16:11:29.642+0000] {processor.py:925} INFO - DAG(s) 'etl_weather_postgres_dag' retrieved from /opt/airflow/dags/05_etl_weather_postgres.py
[2026-08-30T16:11:29.683+0000] {logging_mixin.py:190} INFO - [2026-08-30T16:11:29.682+0000] {dag.py:3239} INFO - Sync 1 DAGs
[2026-08-30T16:11:29.697+0000] {logging_mixin.py:190} INFO - [2026-08-30T16:11:29.697+0000] {dag.py:4180} INFO - Setting next_dagrun for etl_weather_postgres_dag to None, run_after=None
[2026-08-30T16:11:29.713+0000] {processor.py:208} INFO - Processing /opt/airflow/dags/05_etl_weather_postgres.py took 0.116 seconds
[2026-08-30T16:12:00.475+0000] {processor.py:186} INFO - Started process (PID=1448) to work on /opt/airflow/dags/05_etl_weather_postgres.py
[2026-08-30T16:12:00.478+0000] {processor.py:914} INFO - Processing file /opt/airflow/dags/05_etl_weather_postgres.py for tasks to queue
[2026-08-30T16:12:00.487+0000] {logging_mixin.py:190} INFO - [2026-08-30T16:12:00.486+0000] {dagbag.py:588} INFO - Filling up the DagBag from /opt/airflow/dags/05_etl_weather_postgres.py
[2026-08-30T16:12:00.514+0000] {processor.py:925} INFO - DAG(s) 'etl_weather_postgres_dag' retrieved from /opt/airflow/dags/05_etl_weather_postgres.py
[2026-08-30T16:12:00.552+0000] {logging_mixin.py:190} INFO - [2026-08-30T16:12:00.551+0000] {dag.py:3239} INFO - Sync 1 DAGs
[2026-08-30T16:12:00.571+0000] {logging_mixin.py:190} INFO - [2026-08-30T16:12:00.570+0000] {dag.py:4180} INFO - Setting next_dagrun for etl_weather_postgres_dag to None, run_after=None
[2026-08-30T16:12:00.900+0000] {processor.py:208} INFO - Processing /opt/airflow/dags/05_etl_weather_postgres.py took 0.442 seconds
[2026-08-30T16:12:31.729+0000] {processor.py:186} INFO - Started process (PID=1460) to work on /opt/airflow/dags/05_etl_weather_postgres.py
[2026-08-30T16:12:31.734+0000] {processor.py:914} INFO - Processing file /opt/airflow/dags/05_etl_weather_postgres.py for tasks to queue
[2026-08-30T16:12:31.737+0000] {logging_mixin.py:190} INFO - [2026-08-30T16:12:31.737+0000] {dagbag.py:588} INFO - Filling up the DagBag from /opt/airflow/dags/05_etl_weather_postgres.py
[2026-08-30T16:12:31.754+0000] {processor.py:925} INFO - DAG(s) 'etl_weather_postgres_dag' retrieved from /opt/airflow/dags/05_etl_weather_postgres.py
[2026-08-30T16:12:31.780+0000] {logging_mixin.py:190} INFO - [2026-08-30T16:12:31.780+0000] {dag.py:3239} INFO - Sync 1 DAGs
[2026-08-30T16:12:31.791+0000] {logging_mixin.py:190} INFO - [2026-08-30T16:12:31.791+0000] {dag.py:4180} INFO - Setting next_dagrun for etl_weather_postgres_dag to None, run_after=None
[2026-08-30T16:12:31.805+0000] {processor.py:208} INFO - Processing /opt/airflow/dags/05_etl_weather_postgres.py took 0.093 seconds
[2026-08-30T16:13:02.466+0000] {processor.py:186} INFO - Started process (PID=1472) to work on /opt/airflow/dags/05_etl_weather_postgres.py
[2026-08-30T16:13:02.467+0000] {processor.py:914} INFO - Processing file /opt/airflow/dags/05_etl_weather_postgres.py for tasks to queue
[2026-08-30T16:13:02.470+0000] {logging_mixin.py:190} INFO - [2026-08-30T16:13:02.470+0000] {dagbag.py:588} INFO - Filling up the DagBag from /opt/airflow/dags/05_etl_weather_postgres.py
[2026-08-30T16:13:02.489+0000] {processor.py:925} INFO - DAG(s) 'etl_weather_postgres_dag' retrieved from /opt/airflow/dags/05_etl_weather_postgres.py
[2026-08-30T16:13:02.528+0000] {logging_mixin.py:190} INFO - [2026-08-30T16:13:02.528+0000] {dag.py:3239} INFO - Sync 1 DAGs
[2026-08-30T16:13:02.540+0000] {logging_mixin.py:190} INFO - [2026-08-30T16:13:02.540+0000] {dag.py:4180} INFO - Setting next_dagrun for etl_weather_postgres_dag to None, run_after=None
[2026-08-30T16:13:02.567+0000] {processor.py:208} INFO - Processing /opt/airflow/dags/05_etl_weather_postgres.py took 0.110 seconds
[2026-08-30T16:13:33.215+0000] {processor.py:186} INFO - Started process (PID=1490) to work on /opt/airflow/dags/05_etl_weather_postgres.py
[2026-08-30T16:13:33.218+0000] {processor.py:914} INFO - Processing file /opt/airflow/dags/05_etl_weather_postgres.py for tasks to queue
[2026-08-30T16:13:33.222+0000] {logging_mixin.py:190} INFO - [2026-08-30T16:13:33.221+0000] {dagbag.py:588} INFO - Filling up the DagBag from /opt/airflow/dags/05_etl_weather_postgres.py
[2026-08-30T16:13:33.236+0000] {processor.py:925} INFO - DAG(s) 'etl_weather_postgres_dag' retrieved from /opt/airflow/dags/05_etl_weather_postgres.py
[2026-08-30T16:13:33.282+0000] {logging_mixin.py:190} INFO - [2026-08-30T16:13:33.282+0000] {dag.py:3239} INFO - Sync 1 DAGs
[2026-08-30T16:13:33.297+0000] {logging_mixin.py:190} INFO - [2026-08-30T16:13:33.297+0000] {dag.py:4180} INFO - Setting next_dagrun for etl_weather_postgres_dag to None, run_after=None
[2026-08-30T16:13:33.577+0000] {processor.py:208} INFO - Processing /opt/airflow/dags/05_etl_weather_postgres.py took 0.373 seconds
[2026-08-30T16:14:04.011+0000] {processor.py:186} INFO - Started process (PID=1502) to work on /opt/airflow/dags/05_etl_weather_postgres.py
[2026-08-30T16:14:04.013+0000] {processor.py:914} INFO - Processing file /opt/airflow/dags/05_etl_weather_postgres.py for tasks to queue
[2026-08-30T16:14:04.016+0000] {logging_mixin.py:190} INFO - [2026-08-30T16:14:04.016+0000] {dagbag.py:588} INFO - Filling up the DagBag from /opt/airflow/dags/05_etl_weather_postgres.py
[2026-08-30T16:14:04.035+0000] {processor.py:925} INFO - DAG(s) 'etl_weather_postgres_dag' retrieved from /opt/airflow/dags/05_etl_weather_postgres.py
[2026-08-30T16:14:04.211+0000] {logging_mixin.py:190} INFO - [2026-08-30T16:14:04.211+0000] {dag.py:3239} INFO - Sync 1 DAGs
[2026-08-30T16:14:04.221+0000] {logging_mixin.py:190} INFO - [2026-08-30T16:14:04.221+0000] {dag.py:4180} INFO - Setting next_dagrun for etl_weather_postgres_dag to None, run_after=None
[2026-08-30T16:14:04.235+0000] {processor.py:208} INFO - Processing /opt/airflow/dags/05_etl_weather_postgres.py took 0.239 seconds
[2026-08-30T16:14:34.797+0000] {processor.py:186} INFO - Started process (PID=1515) to work on /opt/airflow/dags/05_etl_weather_postgres.py
[2026-08-30T16:14:34.799+0000] {processor.py:914} INFO - Processing file /opt/airflow/dags/05_etl_weather_postgres.py for tasks to queue
[2026-08-30T16:14:34.802+0000] {logging_mixin.py:190} INFO - [2026-08-30T16:14:34.801+0000] {dagbag.py:588} INFO - Filling up the DagBag from /opt/airflow/dags/05_etl_weather_postgres.py
[2026-08-30T16:14:34.813+0000] {processor.py:925} INFO - DAG(s) 'etl_weather_postgres_dag' retrieved from /opt/airflow/dags/05_etl_weather_postgres.py
[2026-08-30T16:14:34.844+0000] {logging_mixin.py:190} INFO - [2026-08-30T16:14:34.843+0000] {dag.py:3239} INFO - Sync 1 DAGs
[2026-08-30T16:14:34.852+0000] {logging_mixin.py:190} INFO - [2026-08-30T16:14:34.852+0000] {dag.py:4180} INFO - Setting next_dagrun for etl_weather_postgres_dag to None, run_after=None
[2026-08-30T16:14:34.867+0000] {processor.py:208} INFO - Processing /opt/airflow/dags/05_etl_weather_postgres.py took 0.076 seconds
[2026-08-30T16:15:05.579+0000] {processor.py:186} INFO - Started process (PID=1527) to work on /opt/airflow/dags/05_etl_weather_postgres.py
[2026-08-30T16:15:05.581+0000] {processor.py:914} INFO - Processing file /opt/airflow/dags/05_etl_weather_postgres.py for tasks to queue
[2026-08-30T16:15:05.585+0000] {logging_mixin.py:190} INFO - [2026-08-30T16:15:05.584+0000] {dagbag.py:588} INFO - Filling up the DagBag from /opt/airflow/dags/05_etl_weather_postgres.py
[2026-08-30T16:15:05.599+0000] {processor.py:925} INFO - DAG(s) 'etl_weather_postgres_dag' retrieved from /opt/airflow/dags/05_etl_weather_postgres.py
[2026-08-30T16:15:05.631+0000] {logging_mixin.py:190} INFO - [2026-08-30T16:15:05.631+0000] {dag.py:3239} INFO - Sync 1 DAGs
[2026-08-30T16:15:05.642+0000] {logging_mixin.py:190} INFO - [2026-08-30T16:15:05.642+0000] {dag.py:4180} INFO - Setting next_dagrun for etl_weather_postgres_dag to None, run_after=None
[2026-08-30T16:15:05.656+0000] {processor.py:208} INFO - Processing /opt/airflow/dags/05_etl_weather_postgres.py took 0.091 seconds
[2026-08-30T16:15:36.312+0000] {processor.py:186} INFO - Started process (PID=1539) to work on /opt/airflow/dags/05_etl_weather_postgres.py
[2026-08-30T16:15:36.313+0000] {processor.py:914} INFO - Processing file /opt/airflow/dags/05_etl_weather_postgres.py for tasks to queue
[2026-08-30T16:15:36.317+0000] {logging_mixin.py:190} INFO - [2026-08-30T16:15:36.316+0000] {dagbag.py:588} INFO - Filling up the DagBag from /opt/airflow/dags/05_etl_weather_postgres.py
[2026-08-30T16:15:36.332+0000] {processor.py:925} INFO - DAG(s) 'etl_weather_postgres_dag' retrieved from /opt/airflow/dags/05_etl_weather_postgres.py
[2026-08-30T16:15:36.373+0000] {logging_mixin.py:190} INFO - [2026-08-30T16:15:36.373+0000] {dag.py:3239} INFO - Sync 1 DAGs
[2026-08-30T16:15:36.385+0000] {logging_mixin.py:190} INFO - [2026-08-30T16:15:36.385+0000] {dag.py:4180} INFO - Setting next_dagrun for etl_weather_postgres_dag to None, run_after=None
[2026-08-30T16:15:36.407+0000] {processor.py:208} INFO - Processing /opt/airflow/dags/05_etl_weather_postgres.py took 0.109 seconds
[2026-08-30T16:16:07.031+0000] {processor.py:186} INFO - Started process (PID=1551) to work on /opt/airflow/dags/05_etl_weather_postgres.py
[2026-08-30T16:16:07.033+0000] {processor.py:914} INFO - Processing file /opt/airflow/dags/05_etl_weather_postgres.py for tasks to queue
[2026-08-30T16:16:07.036+0000] {logging_mixin.py:190} INFO - [2026-08-30T16:16:07.035+0000] {dagbag.py:588} INFO - Filling up the DagBag from /opt/airflow/dags/05_etl_weather_postgres.py
[2026-08-30T16:16:07.049+0000] {processor.py:925} INFO - DAG(s) 'etl_weather_postgres_dag' retrieved from /opt/airflow/dags/05_etl_weather_postgres.py
[2026-08-30T16:16:07.075+0000] {logging_mixin.py:190} INFO - [2026-08-30T16:16:07.075+0000] {dag.py:3239} INFO - Sync 1 DAGs
[2026-08-30T16:16:07.087+0000] {logging_mixin.py:190} INFO - [2026-08-30T16:16:07.087+0000] {dag.py:4180} INFO - Setting next_dagrun for etl_weather_postgres_dag to None, run_after=None
[2026-08-30T16:16:07.102+0000] {processor.py:208} INFO - Processing /opt/airflow/dags/05_etl_weather_postgres.py took 0.078 seconds
[2026-08-30T16:16:37.902+0000] {processor.py:186} INFO - Started process (PID=1563) to work on /opt/airflow/dags/05_etl_weather_postgres.py
[2026-08-30T16:16:37.904+0000] {processor.py:914} INFO - Processing file /opt/airflow/dags/05_etl_weather_postgres.py for tasks to queue
[2026-08-30T16:16:37.906+0000] {logging_mixin.py:190} INFO - [2026-08-30T16:16:37.905+0000] {dagbag.py:588} INFO - Filling up the DagBag from /opt/airflow/dags/05_etl_weather_postgres.py
[2026-08-30T16:16:37.918+0000] {processor.py:925} INFO - DAG(s) 'etl_weather_postgres_dag' retrieved from /opt/airflow/dags/05_etl_weather_postgres.py
[2026-08-30T16:16:37.945+0000] {logging_mixin.py:190} INFO - [2026-08-30T16:16:37.945+0000] {dag.py:3239} INFO - Sync 1 DAGs
[2026-08-30T16:16:37.959+0000] {logging_mixin.py:190} INFO - [2026-08-30T16:16:37.959+0000] {dag.py:4180} INFO - Setting next_dagrun for etl_weather_postgres_dag to None, run_after=None
[2026-08-30T16:16:37.980+0000] {processor.py:208} INFO - Processing /opt/airflow/dags/05_etl_weather_postgres.py took 0.086 seconds
[2026-08-30T16:17:08.696+0000] {processor.py:186} INFO - Started process (PID=1575) to work on /opt/airflow/dags/05_etl_weather_postgres.py
[2026-08-30T16:17:08.698+0000] {processor.py:914} INFO - Processing file /opt/airflow/dags/05_etl_weather_postgres.py for tasks to queue
[2026-08-30T16:17:08.702+0000] {logging_mixin.py:190} INFO - [2026-08-30T16:17:08.702+0000] {dagbag.py:588} INFO - Filling up the DagBag from /opt/airflow/dags/05_etl_weather_postgres.py
[2026-08-30T16:17:08.715+0000] {processor.py:925} INFO - DAG(s) 'etl_weather_postgres_dag' retrieved from /opt/airflow/dags/05_etl_weather_postgres.py
[2026-08-30T16:17:08.751+0000] {logging_mixin.py:190} INFO - [2026-08-30T16:17:08.751+0000] {dag.py:3239} INFO - Sync 1 DAGs
[2026-08-30T16:17:08.768+0000] {logging_mixin.py:190} INFO - [2026-08-30T16:17:08.768+0000] {dag.py:4180} INFO - Setting next_dagrun for etl_weather_postgres_dag to None, run_after=None
[2026-08-30T16:17:08.786+0000] {processor.py:208} INFO - Processing /opt/airflow/dags/05_etl_weather_postgres.py took 0.110 seconds
[2026-08-30T16:17:39.507+0000] {processor.py:186} INFO - Started process (PID=1587) to work on /opt/airflow/dags/05_etl_weather_postgres.py
[2026-08-30T16:17:39.510+0000] {processor.py:914} INFO - Processing file /opt/airflow/dags/05_etl_weather_postgres.py for tasks to queue
[2026-08-30T16:17:39.512+0000] {logging_mixin.py:190} INFO - [2026-08-30T16:17:39.512+0000] {dagbag.py:588} INFO - Filling up the DagBag from /opt/airflow/dags/05_etl_weather_postgres.py
[2026-08-30T16:17:39.533+0000] {processor.py:925} INFO - DAG(s) 'etl_weather_postgres_dag' retrieved from /opt/airflow/dags/05_etl_weather_postgres.py
[2026-08-30T16:17:39.567+0000] {logging_mixin.py:190} INFO - [2026-08-30T16:17:39.567+0000] {dag.py:3239} INFO - Sync 1 DAGs
[2026-08-30T16:17:39.589+0000] {logging_mixin.py:190} INFO - [2026-08-30T16:17:39.588+0000] {dag.py:4180} INFO - Setting next_dagrun for etl_weather_postgres_dag to None, run_after=None
[2026-08-30T16:17:39.607+0000] {processor.py:208} INFO - Processing /opt/airflow/dags/05_etl_weather_postgres.py took 0.126 seconds
[2026-08-30T16:18:10.397+0000] {processor.py:186} INFO - Started process (PID=1599) to work on /opt/airflow/dags/05_etl_weather_postgres.py
[2026-08-30T16:18:10.401+0000] {processor.py:914} INFO - Processing file /opt/airflow/dags/05_etl_weather_postgres.py for tasks to queue
[2026-08-30T16:18:10.404+0000] {logging_mixin.py:190} INFO - [2026-08-30T16:18:10.403+0000] {dagbag.py:588} INFO - Filling up the DagBag from /opt/airflow/dags/05_etl_weather_postgres.py
[2026-08-30T16:18:10.417+0000] {processor.py:925} INFO - DAG(s) 'etl_weather_postgres_dag' retrieved from /opt/airflow/dags/05_etl_weather_postgres.py
[2026-08-30T16:18:10.448+0000] {logging_mixin.py:190} INFO - [2026-08-30T16:18:10.448+0000] {dag.py:3239} INFO - Sync 1 DAGs
[2026-08-30T16:18:10.458+0000] {logging_mixin.py:190} INFO - [2026-08-30T16:18:10.458+0000] {dag.py:4180} INFO - Setting next_dagrun for etl_weather_postgres_dag to None, run_after=None
[2026-08-30T16:18:10.478+0000] {processor.py:208} INFO - Processing /opt/airflow/dags/05_etl_weather_postgres.py took 0.098 seconds
[2026-08-30T16:18:41.098+0000] {processor.py:186} INFO - Started process (PID=1611) to work on /opt/airflow/dags/05_etl_weather_postgres.py
[2026-08-30T16:18:41.101+0000] {processor.py:914} INFO - Processing file /opt/airflow/dags/05_etl_weather_postgres.py for tasks to queue
[2026-08-30T16:18:41.104+0000] {logging_mixin.py:190} INFO - [2026-08-30T16:18:41.103+0000] {dagbag.py:588} INFO - Filling up the DagBag from /opt/airflow/dags/05_etl_weather_postgres.py
[2026-08-30T16:18:41.120+0000] {processor.py:925} INFO - DAG(s) 'etl_weather_postgres_dag' retrieved from /opt/airflow/dags/05_etl_weather_postgres.py
[2026-08-30T16:18:41.147+0000] {logging_mixin.py:190} INFO - [2026-08-30T16:18:41.147+0000] {dag.py:3239} INFO - Sync 1 DAGs
[2026-08-30T16:18:41.158+0000] {logging_mixin.py:190} INFO - [2026-08-30T16:18:41.158+0000] {dag.py:4180} INFO - Setting next_dagrun for etl_weather_postgres_dag to None, run_after=None
[2026-08-30T16:18:41.178+0000] {processor.py:208} INFO - Processing /opt/airflow/dags/05_etl_weather_postgres.py took 0.095 seconds
[2026-08-30T16:19:11.901+0000] {processor.py:186} INFO - Started process (PID=1623) to work on /opt/airflow/dags/05_etl_weather_postgres.py
[2026-08-30T16:19:11.904+0000] {processor.py:914} INFO - Processing file /opt/airflow/dags/05_etl_weather_postgres.py for tasks to queue
[2026-08-30T16:19:11.908+0000] {logging_mixin.py:190} INFO - [2026-08-30T16:19:11.908+0000] {dagbag.py:588} INFO - Filling up the DagBag from /opt/airflow/dags/05_etl_weather_postgres.py
[2026-08-30T16:19:11.925+0000] {processor.py:925} INFO - DAG(s) 'etl_weather_postgres_dag' retrieved from /opt/airflow/dags/05_etl_weather_postgres.py
[2026-08-30T16:19:11.961+0000] {logging_mixin.py:190} INFO - [2026-08-30T16:19:11.961+0000] {dag.py:3239} INFO - Sync 1 DAGs
[2026-08-30T16:19:11.985+0000] {logging_mixin.py:190} INFO - [2026-08-30T16:19:11.984+0000] {dag.py:4180} INFO - Setting next_dagrun for etl_weather_postgres_dag to None, run_after=None
[2026-08-30T16:19:12.033+0000] {processor.py:208} INFO - Processing /opt/airflow/dags/05_etl_weather_postgres.py took 0.150 seconds
[2026-08-30T16:19:42.899+0000] {processor.py:186} INFO - Started process (PID=1635) to work on /opt/airflow/dags/05_etl_weather_postgres.py
[2026-08-30T16:19:42.905+0000] {processor.py:914} INFO - Processing file /opt/airflow/dags/05_etl_weather_postgres.py for tasks to queue
[2026-08-30T16:19:42.907+0000] {logging_mixin.py:190} INFO - [2026-08-30T16:19:42.907+0000] {dagbag.py:588} INFO - Filling up the DagBag from /opt/airflow/dags/05_etl_weather_postgres.py
[2026-08-30T16:19:42.919+0000] {processor.py:925} INFO - DAG(s) 'etl_weather_postgres_dag' retrieved from /opt/airflow/dags/05_etl_weather_postgres.py
[2026-08-30T16:19:42.950+0000] {logging_mixin.py:190} INFO - [2026-08-30T16:19:42.950+0000] {dag.py:3239} INFO - Sync 1 DAGs
[2026-08-30T16:19:42.966+0000] {logging_mixin.py:190} INFO - [2026-08-30T16:19:42.966+0000] {dag.py:4180} INFO - Setting next_dagrun for etl_weather_postgres_dag to None, run_after=None
[2026-08-30T16:19:42.983+0000] {processor.py:208} INFO - Processing /opt/airflow/dags/05_etl_weather_postgres.py took 0.103 seconds
[2026-08-30T16:20:13.666+0000] {processor.py:186} INFO - Started process (PID=1647) to work on /opt/airflow/dags/05_etl_weather_postgres.py
[2026-08-30T16:20:13.667+0000] {processor.py:914} INFO - Processing file /opt/airflow/dags/05_etl_weather_postgres.py for tasks to queue
[2026-08-30T16:20:13.672+0000] {logging_mixin.py:190} INFO - [2026-08-30T16:20:13.671+0000] {dagbag.py:588} INFO - Filling up the DagBag from /opt/airflow/dags/05_etl_weather_postgres.py
[2026-08-30T16:20:13.703+0000] {processor.py:925} INFO - DAG(s) 'etl_weather_postgres_dag' retrieved from /opt/airflow/dags/05_etl_weather_postgres.py
[2026-08-30T16:20:13.773+0000] {logging_mixin.py:190} INFO - [2026-08-30T16:20:13.773+0000] {dag.py:3239} INFO - Sync 1 DAGs
[2026-08-30T16:20:13.790+0000] {logging_mixin.py:190} INFO - [2026-08-30T16:20:13.789+0000] {dag.py:4180} INFO - Setting next_dagrun for etl_weather_postgres_dag to None, run_after=None
[2026-08-30T16:20:13.810+0000] {processor.py:208} INFO - Processing /opt/airflow/dags/05_etl_weather_postgres.py took 0.155 seconds
[2026-08-30T16:20:44.561+0000] {processor.py:186} INFO - Started process (PID=1659) to work on /opt/airflow/dags/05_etl_weather_postgres.py
[2026-08-30T16:20:44.563+0000] {processor.py:914} INFO - Processing file /opt/airflow/dags/05_etl_weather_postgres.py for tasks to queue
[2026-08-30T16:20:44.565+0000] {logging_mixin.py:190} INFO - [2026-08-30T16:20:44.565+0000] {dagbag.py:588} INFO - Filling up the DagBag from /opt/airflow/dags/05_etl_weather_postgres.py
[2026-08-30T16:20:44.583+0000] {processor.py:925} INFO - DAG(s) 'etl_weather_postgres_dag' retrieved from /opt/airflow/dags/05_etl_weather_postgres.py
[2026-08-30T16:20:44.617+0000] {logging_mixin.py:190} INFO - [2026-08-30T16:20:44.617+0000] {dag.py:3239} INFO - Sync 1 DAGs
[2026-08-30T16:20:44.633+0000] {logging_mixin.py:190} INFO - [2026-08-30T16:20:44.633+0000] {dag.py:4180} INFO - Setting next_dagrun for etl_weather_postgres_dag to None, run_after=None
[2026-08-30T16:20:44.652+0000] {processor.py:208} INFO - Processing /opt/airflow/dags/05_etl_weather_postgres.py took 0.107 seconds
[2026-08-30T16:21:15.236+0000] {processor.py:186} INFO - Started process (PID=1671) to work on /opt/airflow/dags/05_etl_weather_postgres.py
[2026-08-30T16:21:15.238+0000] {processor.py:914} INFO - Processing file /opt/airflow/dags/05_etl_weather_postgres.py for tasks to queue
[2026-08-30T16:21:15.241+0000] {logging_mixin.py:190} INFO - [2026-08-30T16:21:15.241+0000] {dagbag.py:588} INFO - Filling up the DagBag from /opt/airflow/dags/05_etl_weather_postgres.py
[2026-08-30T16:21:15.252+0000] {processor.py:925} INFO - DAG(s) 'etl_weather_postgres_dag' retrieved from /opt/airflow/dags/05_etl_weather_postgres.py
[2026-08-30T16:21:15.284+0000] {logging_mixin.py:190} INFO - [2026-08-30T16:21:15.284+0000] {dag.py:3239} INFO - Sync 1 DAGs
[2026-08-30T16:21:15.295+0000] {logging_mixin.py:190} INFO - [2026-08-30T16:21:15.295+0000] {dag.py:4180} INFO - Setting next_dagrun for etl_weather_postgres_dag to None, run_after=None
[2026-08-30T16:21:15.313+0000] {processor.py:208} INFO - Processing /opt/airflow/dags/05_etl_weather_postgres.py took 0.090 seconds
[2026-08-30T16:21:45.977+0000] {processor.py:186} INFO - Started process (PID=1683) to work on /opt/airflow/dags/05_etl_weather_postgres.py
[2026-08-30T16:21:45.978+0000] {processor.py:914} INFO - Processing file /opt/airflow/dags/05_etl_weather_postgres.py for tasks to queue
[2026-08-30T16:21:45.980+0000] {logging_mixin.py:190} INFO - [2026-08-30T16:21:45.980+0000] {dagbag.py:588} INFO - Filling up the DagBag from /opt/airflow/dags/05_etl_weather_postgres.py
[2026-08-30T16:21:45.996+0000] {processor.py:925} INFO - DAG(s) 'etl_weather_postgres_dag' retrieved from /opt/airflow/dags/05_etl_weather_postgres.py
[2026-08-30T16:21:46.025+0000] {logging_mixin.py:190} INFO - [2026-08-30T16:21:46.025+0000] {dag.py:3239} INFO - Sync 1 DAGs
[2026-08-30T16:21:46.039+0000] {logging_mixin.py:190} INFO - [2026-08-30T16:21:46.039+0000] {dag.py:4180} INFO - Setting next_dagrun for etl_weather_postgres_dag to None, run_after=None
[2026-08-30T16:21:46.054+0000] {processor.py:208} INFO - Processing /opt/airflow/dags/05_etl_weather_postgres.py took 0.088 seconds
[2026-08-30T16:22:16.671+0000] {processor.py:186} INFO - Started process (PID=1695) to work on /opt/airflow/dags/05_etl_weather_postgres.py
[2026-08-30T16:22:16.675+0000] {processor.py:914} INFO - Processing file /opt/airflow/dags/05_etl_weather_postgres.py for tasks to queue
[2026-08-30T16:22:16.678+0000] {logging_mixin.py:190} INFO - [2026-08-30T16:22:16.677+0000] {dagbag.py:588} INFO - Filling up the DagBag from /opt/airflow/dags/05_etl_weather_postgres.py
[2026-08-30T16:22:16.697+0000] {processor.py:925} INFO - DAG(s) 'etl_weather_postgres_dag' retrieved from /opt/airflow/dags/05_etl_weather_postgres.py
[2026-08-30T16:22:16.730+0000] {logging_mixin.py:190} INFO - [2026-08-30T16:22:16.729+0000] {dag.py:3239} INFO - Sync 1 DAGs
[2026-08-30T16:22:16.741+0000] {logging_mixin.py:190} INFO - [2026-08-30T16:22:16.741+0000] {dag.py:4180} INFO - Setting next_dagrun for etl_weather_postgres_dag to None, run_after=None
[2026-08-30T16:22:16.764+0000] {processor.py:208} INFO - Processing /opt/airflow/dags/05_etl_weather_postgres.py took 0.110 seconds
[2026-08-30T16:22:47.365+0000] {processor.py:186} INFO - Started process (PID=1707) to work on /opt/airflow/dags/05_etl_weather_postgres.py
[2026-08-30T16:22:47.367+0000] {processor.py:914} INFO - Processing file /opt/airflow/dags/05_etl_weather_postgres.py for tasks to queue
[2026-08-30T16:22:47.369+0000] {logging_mixin.py:190} INFO - [2026-08-30T16:22:47.369+0000] {dagbag.py:588} INFO - Filling up the DagBag from /opt/airflow/dags/05_etl_weather_postgres.py
[2026-08-30T16:22:47.382+0000] {processor.py:925} INFO - DAG(s) 'etl_weather_postgres_dag' retrieved from /opt/airflow/dags/05_etl_weather_postgres.py
[2026-08-30T16:22:47.414+0000] {logging_mixin.py:190} INFO - [2026-08-30T16:22:47.414+0000] {dag.py:3239} INFO - Sync 1 DAGs
[2026-08-30T16:22:47.422+0000] {logging_mixin.py:190} INFO - [2026-08-30T16:22:47.422+0000] {dag.py:4180} INFO - Setting next_dagrun for etl_weather_postgres_dag to None, run_after=None
[2026-08-30T16:22:47.438+0000] {processor.py:208} INFO - Processing /opt/airflow/dags/05_etl_weather_postgres.py took 0.087 seconds
[2026-08-30T16:23:18.117+0000] {processor.py:186} INFO - Started process (PID=1719) to work on /opt/airflow/dags/05_etl_weather_postgres.py
[2026-08-30T16:23:18.119+0000] {processor.py:914} INFO - Processing file /opt/airflow/dags/05_etl_weather_postgres.py for tasks to queue
[2026-08-30T16:23:18.122+0000] {logging_mixin.py:190} INFO - [2026-08-30T16:23:18.121+0000] {dagbag.py:588} INFO - Filling up the DagBag from /opt/airflow/dags/05_etl_weather_postgres.py
[2026-08-30T16:23:18.137+0000] {processor.py:925} INFO - DAG(s) 'etl_weather_postgres_dag' retrieved from /opt/airflow/dags/05_etl_weather_postgres.py
[2026-08-30T16:23:18.172+0000] {logging_mixin.py:190} INFO - [2026-08-30T16:23:18.172+0000] {dag.py:3239} INFO - Sync 1 DAGs
[2026-08-30T16:23:18.185+0000] {logging_mixin.py:190} INFO - [2026-08-30T16:23:18.184+0000] {dag.py:4180} INFO - Setting next_dagrun for etl_weather_postgres_dag to None, run_after=None
[2026-08-30T16:23:18.201+0000] {processor.py:208} INFO - Processing /opt/airflow/dags/05_etl_weather_postgres.py took 0.099 seconds
[2026-08-30T16:23:48.997+0000] {processor.py:186} INFO - Started process (PID=1731) to work on /opt/airflow/dags/05_etl_weather_postgres.py
[2026-08-30T16:23:48.998+0000] {processor.py:914} INFO - Processing file /opt/airflow/dags/05_etl_weather_postgres.py for tasks to queue
[2026-08-30T16:23:49.001+0000] {logging_mixin.py:190} INFO - [2026-08-30T16:23:49.001+0000] {dagbag.py:588} INFO - Filling up the DagBag from /opt/airflow/dags/05_etl_weather_postgres.py
[2026-08-30T16:23:49.018+0000] {processor.py:925} INFO - DAG(s) 'etl_weather_postgres_dag' retrieved from /opt/airflow/dags/05_etl_weather_postgres.py
[2026-08-30T16:23:49.049+0000] {logging_mixin.py:190} INFO - [2026-08-30T16:23:49.049+0000] {dag.py:3239} INFO - Sync 1 DAGs
[2026-08-30T16:23:49.064+0000] {logging_mixin.py:190} INFO - [2026-08-30T16:23:49.064+0000] {dag.py:4180} INFO - Setting next_dagrun for etl_weather_postgres_dag to None, run_after=None
[2026-08-30T16:23:49.087+0000] {processor.py:208} INFO - Processing /opt/airflow/dags/05_etl_weather_postgres.py took 0.099 seconds
[2026-08-30T16:24:19.751+0000] {processor.py:186} INFO - Started process (PID=1743) to work on /opt/airflow/dags/05_etl_weather_postgres.py
[2026-08-30T16:24:19.752+0000] {processor.py:914} INFO - Processing file /opt/airflow/dags/05_etl_weather_postgres.py for tasks to queue
[2026-08-30T16:24:19.755+0000] {logging_mixin.py:190} INFO - [2026-08-30T16:24:19.755+0000] {dagbag.py:588} INFO - Filling up the DagBag from /opt/airflow/dags/05_etl_weather_postgres.py
[2026-08-30T16:24:19.768+0000] {processor.py:925} INFO - DAG(s) 'etl_weather_postgres_dag' retrieved from /opt/airflow/dags/05_etl_weather_postgres.py
[2026-08-30T16:24:19.798+0000] {logging_mixin.py:190} INFO - [2026-08-30T16:24:19.797+0000] {dag.py:3239} INFO - Sync 1 DAGs
[2026-08-30T16:24:19.810+0000] {logging_mixin.py:190} INFO - [2026-08-30T16:24:19.810+0000] {dag.py:4180} INFO - Setting next_dagrun for etl_weather_postgres_dag to None, run_after=None
[2026-08-30T16:24:19.828+0000] {processor.py:208} INFO - Processing /opt/airflow/dags/05_etl_weather_postgres.py took 0.091 seconds
[2026-08-30T16:24:50.566+0000] {processor.py:186} INFO - Started process (PID=1755) to work on /opt/airflow/dags/05_etl_weather_postgres.py
[2026-08-30T16:24:50.568+0000] {processor.py:914} INFO - Processing file /opt/airflow/dags/05_etl_weather_postgres.py for tasks to queue
[2026-08-30T16:24:50.572+0000] {logging_mixin.py:190} INFO - [2026-08-30T16:24:50.571+0000] {dagbag.py:588} INFO - Filling up the DagBag from /opt/airflow/dags/05_etl_weather_postgres.py
[2026-08-30T16:24:50.593+0000] {processor.py:925} INFO - DAG(s) 'etl_weather_postgres_dag' retrieved from /opt/airflow/dags/05_etl_weather_postgres.py
[2026-08-30T16:24:50.625+0000] {logging_mixin.py:190} INFO - [2026-08-30T16:24:50.625+0000] {dag.py:3239} INFO - Sync 1 DAGs
[2026-08-30T16:24:50.647+0000] {logging_mixin.py:190} INFO - [2026-08-30T16:24:50.647+0000] {dag.py:4180} INFO - Setting next_dagrun for etl_weather_postgres_dag to None, run_after=None
[2026-08-30T16:24:50.666+0000] {processor.py:208} INFO - Processing /opt/airflow/dags/05_etl_weather_postgres.py took 0.108 seconds
[2026-08-30T16:25:21.328+0000] {processor.py:186} INFO - Started process (PID=1767) to work on /opt/airflow/dags/05_etl_weather_postgres.py
[2026-08-30T16:25:21.330+0000] {processor.py:914} INFO - Processing file /opt/airflow/dags/05_etl_weather_postgres.py for tasks to queue
[2026-08-30T16:25:21.332+0000] {logging_mixin.py:190} INFO - [2026-08-30T16:25:21.332+0000] {dagbag.py:588} INFO - Filling up the DagBag from /opt/airflow/dags/05_etl_weather_postgres.py
[2026-08-30T16:25:21.346+0000] {processor.py:925} INFO - DAG(s) 'etl_weather_postgres_dag' retrieved from /opt/airflow/dags/05_etl_weather_postgres.py
[2026-08-30T16:25:21.376+0000] {logging_mixin.py:190} INFO - [2026-08-30T16:25:21.376+0000] {dag.py:3239} INFO - Sync 1 DAGs
[2026-08-30T16:25:21.387+0000] {logging_mixin.py:190} INFO - [2026-08-30T16:25:21.386+0000] {dag.py:4180} INFO - Setting next_dagrun for etl_weather_postgres_dag to None, run_after=None
[2026-08-30T16:25:21.406+0000] {processor.py:208} INFO - Processing /opt/airflow/dags/05_etl_weather_postgres.py took 0.093 seconds
[2026-08-30T16:25:51.977+0000] {processor.py:186} INFO - Started process (PID=1779) to work on /opt/airflow/dags/05_etl_weather_postgres.py
[2026-08-30T16:25:51.980+0000] {processor.py:914} INFO - Processing file /opt/airflow/dags/05_etl_weather_postgres.py for tasks to queue
[2026-08-30T16:25:51.984+0000] {logging_mixin.py:190} INFO - [2026-08-30T16:25:51.983+0000] {dagbag.py:588} INFO - Filling up the DagBag from /opt/airflow/dags/05_etl_weather_postgres.py
[2026-08-30T16:25:51.998+0000] {processor.py:925} INFO - DAG(s) 'etl_weather_postgres_dag' retrieved from /opt/airflow/dags/05_etl_weather_postgres.py
[2026-08-30T16:25:52.027+0000] {logging_mixin.py:190} INFO - [2026-08-30T16:25:52.026+0000] {dag.py:3239} INFO - Sync 1 DAGs
[2026-08-30T16:25:52.051+0000] {logging_mixin.py:190} INFO - [2026-08-30T16:25:52.051+0000] {dag.py:4180} INFO - Setting next_dagrun for etl_weather_postgres_dag to None, run_after=None
[2026-08-30T16:25:52.077+0000] {processor.py:208} INFO - Processing /opt/airflow/dags/05_etl_weather_postgres.py took 0.116 seconds
[2026-08-30T16:26:22.733+0000] {processor.py:186} INFO - Started process (PID=1791) to work on /opt/airflow/dags/05_etl_weather_postgres.py
[2026-08-30T16:26:22.736+0000] {processor.py:914} INFO - Processing file /opt/airflow/dags/05_etl_weather_postgres.py for tasks to queue
[2026-08-30T16:26:22.738+0000] {logging_mixin.py:190} INFO - [2026-08-30T16:26:22.738+0000] {dagbag.py:588} INFO - Filling up the DagBag from /opt/airflow/dags/05_etl_weather_postgres.py
[2026-08-30T16:26:22.754+0000] {processor.py:925} INFO - DAG(s) 'etl_weather_postgres_dag' retrieved from /opt/airflow/dags/05_etl_weather_postgres.py
[2026-08-30T16:26:22.792+0000] {logging_mixin.py:190} INFO - [2026-08-30T16:26:22.792+0000] {dag.py:3239} INFO - Sync 1 DAGs
[2026-08-30T16:26:22.807+0000] {logging_mixin.py:190} INFO - [2026-08-30T16:26:22.807+0000] {dag.py:4180} INFO - Setting next_dagrun for etl_weather_postgres_dag to None, run_after=None
[2026-08-30T16:26:22.825+0000] {processor.py:208} INFO - Processing /opt/airflow/dags/05_etl_weather_postgres.py took 0.102 seconds
[2026-08-30T16:26:53.437+0000] {processor.py:186} INFO - Started process (PID=1803) to work on /opt/airflow/dags/05_etl_weather_postgres.py
[2026-08-30T16:26:53.439+0000] {processor.py:914} INFO - Processing file /opt/airflow/dags/05_etl_weather_postgres.py for tasks to queue
[2026-08-30T16:26:53.442+0000] {logging_mixin.py:190} INFO - [2026-08-30T16:26:53.441+0000] {dagbag.py:588} INFO - Filling up the DagBag from /opt/airflow/dags/05_etl_weather_postgres.py
[2026-08-30T16:26:53.457+0000] {processor.py:925} INFO - DAG(s) 'etl_weather_postgres_dag' retrieved from /opt/airflow/dags/05_etl_weather_postgres.py
[2026-08-30T16:26:53.486+0000] {logging_mixin.py:190} INFO - [2026-08-30T16:26:53.486+0000] {dag.py:3239} INFO - Sync 1 DAGs
[2026-08-30T16:26:53.496+0000] {logging_mixin.py:190} INFO - [2026-08-30T16:26:53.496+0000] {dag.py:4180} INFO - Setting next_dagrun for etl_weather_postgres_dag to None, run_after=None
[2026-08-30T16:26:53.511+0000] {processor.py:208} INFO - Processing /opt/airflow/dags/05_etl_weather_postgres.py took 0.087 seconds
[2026-08-30T16:27:24.229+0000] {processor.py:186} INFO - Started process (PID=1815) to work on /opt/airflow/dags/05_etl_weather_postgres.py
[2026-08-30T16:27:24.231+0000] {processor.py:914} INFO - Processing file /opt/airflow/dags/05_etl_weather_postgres.py for tasks to queue
[2026-08-30T16:27:24.232+0000] {logging_mixin.py:190} INFO - [2026-08-30T16:27:24.232+0000] {dagbag.py:588} INFO - Filling up the DagBag from /opt/airflow/dags/05_etl_weather_postgres.py
[2026-08-30T16:27:24.247+0000] {processor.py:925} INFO - DAG(s) 'etl_weather_postgres_dag' retrieved from /opt/airflow/dags/05_etl_weather_postgres.py
[2026-08-30T16:27:24.285+0000] {logging_mixin.py:190} INFO - [2026-08-30T16:27:24.285+0000] {dag.py:3239} INFO - Sync 1 DAGs
[2026-08-30T16:27:24.309+0000] {logging_mixin.py:190} INFO - [2026-08-30T16:27:24.309+0000] {dag.py:4180} INFO - Setting next_dagrun for etl_weather_postgres_dag to None, run_after=None
[2026-08-30T16:27:24.333+0000] {processor.py:208} INFO - Processing /opt/airflow/dags/05_etl_weather_postgres.py took 0.113 seconds
[2026-08-30T16:27:55.011+0000] {processor.py:186} INFO - Started process (PID=1826) to work on /opt/airflow/dags/05_etl_weather_postgres.py
[2026-08-30T16:27:55.013+0000] {processor.py:914} INFO - Processing file /opt/airflow/dags/05_etl_weather_postgres.py for tasks to queue
[2026-08-30T16:27:55.015+0000] {logging_mixin.py:190} INFO - [2026-08-30T16:27:55.015+0000] {dagbag.py:588} INFO - Filling up the DagBag from /opt/airflow/dags/05_etl_weather_postgres.py
[2026-08-30T16:27:55.027+0000] {processor.py:925} INFO - DAG(s) 'etl_weather_postgres_dag' retrieved from /opt/airflow/dags/05_etl_weather_postgres.py
[2026-08-30T16:27:55.058+0000] {logging_mixin.py:190} INFO - [2026-08-30T16:27:55.058+0000] {dag.py:3239} INFO - Sync 1 DAGs
[2026-08-30T16:27:55.068+0000] {logging_mixin.py:190} INFO - [2026-08-30T16:27:55.068+0000] {dag.py:4180} INFO - Setting next_dagrun for etl_weather_postgres_dag to None, run_after=None
[2026-08-30T16:27:55.085+0000] {processor.py:208} INFO - Processing /opt/airflow/dags/05_etl_weather_postgres.py took 0.086 seconds
[2026-08-30T16:28:25.778+0000] {processor.py:186} INFO - Started process (PID=1838) to work on /opt/airflow/dags/05_etl_weather_postgres.py
[2026-08-30T16:28:25.779+0000] {processor.py:914} INFO - Processing file /opt/airflow/dags/05_etl_weather_postgres.py for tasks to queue
[2026-08-30T16:28:25.782+0000] {logging_mixin.py:190} INFO - [2026-08-30T16:28:25.782+0000] {dagbag.py:588} INFO - Filling up the DagBag from /opt/airflow/dags/05_etl_weather_postgres.py
[2026-08-30T16:28:25.801+0000] {processor.py:925} INFO - DAG(s) 'etl_weather_postgres_dag' retrieved from /opt/airflow/dags/05_etl_weather_postgres.py
[2026-08-30T16:28:25.832+0000] {logging_mixin.py:190} INFO - [2026-08-30T16:28:25.831+0000] {dag.py:3239} INFO - Sync 1 DAGs
[2026-08-30T16:28:25.848+0000] {logging_mixin.py:190} INFO - [2026-08-30T16:28:25.848+0000] {dag.py:4180} INFO - Setting next_dagrun for etl_weather_postgres_dag to None, run_after=None
[2026-08-30T16:28:25.870+0000] {processor.py:208} INFO - Processing /opt/airflow/dags/05_etl_weather_postgres.py took 0.107 seconds
[2026-08-30T16:28:56.662+0000] {processor.py:186} INFO - Started process (PID=1850) to work on /opt/airflow/dags/05_etl_weather_postgres.py
[2026-08-30T16:28:56.664+0000] {processor.py:914} INFO - Processing file /opt/airflow/dags/05_etl_weather_postgres.py for tasks to queue
[2026-08-30T16:28:56.668+0000] {logging_mixin.py:190} INFO - [2026-08-30T16:28:56.667+0000] {dagbag.py:588} INFO - Filling up the DagBag from /opt/airflow/dags/05_etl_weather_postgres.py
[2026-08-30T16:28:56.684+0000] {processor.py:925} INFO - DAG(s) 'etl_weather_postgres_dag' retrieved from /opt/airflow/dags/05_etl_weather_postgres.py
[2026-08-30T16:28:56.719+0000] {logging_mixin.py:190} INFO - [2026-08-30T16:28:56.719+0000] {dag.py:3239} INFO - Sync 1 DAGs
[2026-08-30T16:28:56.735+0000] {logging_mixin.py:190} INFO - [2026-08-30T16:28:56.735+0000] {dag.py:4180} INFO - Setting next_dagrun for etl_weather_postgres_dag to None, run_after=None
[2026-08-30T16:28:56.752+0000] {processor.py:208} INFO - Processing /opt/airflow/dags/05_etl_weather_postgres.py took 0.101 seconds
[2026-08-30T16:29:27.448+0000] {processor.py:186} INFO - Started process (PID=1862) to work on /opt/airflow/dags/05_etl_weather_postgres.py
[2026-08-30T16:29:27.451+0000] {processor.py:914} INFO - Processing file /opt/airflow/dags/05_etl_weather_postgres.py for tasks to queue
[2026-08-30T16:29:27.453+0000] {logging_mixin.py:190} INFO - [2026-08-30T16:29:27.453+0000] {dagbag.py:588} INFO - Filling up the DagBag from /opt/airflow/dags/05_etl_weather_postgres.py
[2026-08-30T16:29:27.473+0000] {processor.py:925} INFO - DAG(s) 'etl_weather_postgres_dag' retrieved from /opt/airflow/dags/05_etl_weather_postgres.py
[2026-08-30T16:29:27.509+0000] {logging_mixin.py:190} INFO - [2026-08-30T16:29:27.509+0000] {dag.py:3239} INFO - Sync 1 DAGs
[2026-08-30T16:29:27.524+0000] {logging_mixin.py:190} INFO - [2026-08-30T16:29:27.524+0000] {dag.py:4180} INFO - Setting next_dagrun for etl_weather_postgres_dag to None, run_after=None
[2026-08-30T16:29:27.540+0000] {processor.py:208} INFO - Processing /opt/airflow/dags/05_etl_weather_postgres.py took 0.099 seconds
[2026-08-30T16:29:58.152+0000] {processor.py:186} INFO - Started process (PID=1874) to work on /opt/airflow/dags/05_etl_weather_postgres.py
[2026-08-30T16:29:58.153+0000] {processor.py:914} INFO - Processing file /opt/airflow/dags/05_etl_weather_postgres.py for tasks to queue
[2026-08-30T16:29:58.155+0000] {logging_mixin.py:190} INFO - [2026-08-30T16:29:58.155+0000] {dagbag.py:588} INFO - Filling up the DagBag from /opt/airflow/dags/05_etl_weather_postgres.py
[2026-08-30T16:29:58.164+0000] {processor.py:925} INFO - DAG(s) 'etl_weather_postgres_dag' retrieved from /opt/airflow/dags/05_etl_weather_postgres.py
[2026-08-30T16:29:58.191+0000] {logging_mixin.py:190} INFO - [2026-08-30T16:29:58.191+0000] {dag.py:3239} INFO - Sync 1 DAGs
[2026-08-30T16:29:58.206+0000] {logging_mixin.py:190} INFO - [2026-08-30T16:29:58.206+0000] {dag.py:4180} INFO - Setting next_dagrun for etl_weather_postgres_dag to None, run_after=None
[2026-08-30T16:29:58.224+0000] {processor.py:208} INFO - Processing /opt/airflow/dags/05_etl_weather_postgres.py took 0.078 seconds
[2026-08-30T16:30:28.881+0000] {processor.py:186} INFO - Started process (PID=1886) to work on /opt/airflow/dags/05_etl_weather_postgres.py
[2026-08-30T16:30:28.883+0000] {processor.py:914} INFO - Processing file /opt/airflow/dags/05_etl_weather_postgres.py for tasks to queue
[2026-08-30T16:30:28.884+0000] {logging_mixin.py:190} INFO - [2026-08-30T16:30:28.884+0000] {dagbag.py:588} INFO - Filling up the DagBag from /opt/airflow/dags/05_etl_weather_postgres.py
[2026-08-30T16:30:28.897+0000] {processor.py:925} INFO - DAG(s) 'etl_weather_postgres_dag' retrieved from /opt/airflow/dags/05_etl_weather_postgres.py
[2026-08-30T16:30:28.925+0000] {logging_mixin.py:190} INFO - [2026-08-30T16:30:28.925+0000] {dag.py:3239} INFO - Sync 1 DAGs
[2026-08-30T16:30:28.937+0000] {logging_mixin.py:190} INFO - [2026-08-30T16:30:28.937+0000] {dag.py:4180} INFO - Setting next_dagrun for etl_weather_postgres_dag to None, run_after=None
[2026-08-30T16:30:28.952+0000] {processor.py:208} INFO - Processing /opt/airflow/dags/05_etl_weather_postgres.py took 0.081 seconds
[2026-08-30T16:30:59.525+0000] {processor.py:186} INFO - Started process (PID=1898) to work on /opt/airflow/dags/05_etl_weather_postgres.py
[2026-08-30T16:30:59.527+0000] {processor.py:914} INFO - Processing file /opt/airflow/dags/05_etl_weather_postgres.py for tasks to queue
[2026-08-30T16:30:59.531+0000] {logging_mixin.py:190} INFO - [2026-08-30T16:30:59.530+0000] {dagbag.py:588} INFO - Filling up the DagBag from /opt/airflow/dags/05_etl_weather_postgres.py
[2026-08-30T16:30:59.543+0000] {processor.py:925} INFO - DAG(s) 'etl_weather_postgres_dag' retrieved from /opt/airflow/dags/05_etl_weather_postgres.py
[2026-08-30T16:30:59.576+0000] {logging_mixin.py:190} INFO - [2026-08-30T16:30:59.576+0000] {dag.py:3239} INFO - Sync 1 DAGs
[2026-08-30T16:30:59.585+0000] {logging_mixin.py:190} INFO - [2026-08-30T16:30:59.585+0000] {dag.py:4180} INFO - Setting next_dagrun for etl_weather_postgres_dag to None, run_after=None
[2026-08-30T16:30:59.601+0000] {processor.py:208} INFO - Processing /opt/airflow/dags/05_etl_weather_postgres.py took 0.085 seconds
[2026-08-30T16:31:30.239+0000] {processor.py:186} INFO - Started process (PID=1910) to work on /opt/airflow/dags/05_etl_weather_postgres.py
[2026-08-30T16:31:30.241+0000] {processor.py:914} INFO - Processing file /opt/airflow/dags/05_etl_weather_postgres.py for tasks to queue
[2026-08-30T16:31:30.243+0000] {logging_mixin.py:190} INFO - [2026-08-30T16:31:30.243+0000] {dagbag.py:588} INFO - Filling up the DagBag from /opt/airflow/dags/05_etl_weather_postgres.py
[2026-08-30T16:31:30.263+0000] {processor.py:925} INFO - DAG(s) 'etl_weather_postgres_dag' retrieved from /opt/airflow/dags/05_etl_weather_postgres.py
[2026-08-30T16:31:30.295+0000] {logging_mixin.py:190} INFO - [2026-08-30T16:31:30.295+0000] {dag.py:3239} INFO - Sync 1 DAGs
[2026-08-30T16:31:30.307+0000] {logging_mixin.py:190} INFO - [2026-08-30T16:31:30.307+0000] {dag.py:4180} INFO - Setting next_dagrun for etl_weather_postgres_dag to None, run_after=None
[2026-08-30T16:31:30.322+0000] {processor.py:208} INFO - Processing /opt/airflow/dags/05_etl_weather_postgres.py took 0.099 seconds
[2026-08-30T16:32:01.133+0000] {processor.py:186} INFO - Started process (PID=1922) to work on /opt/airflow/dags/05_etl_weather_postgres.py
[2026-08-30T16:32:01.135+0000] {processor.py:914} INFO - Processing file /opt/airflow/dags/05_etl_weather_postgres.py for tasks to queue
[2026-08-30T16:32:01.138+0000] {logging_mixin.py:190} INFO - [2026-08-30T16:32:01.138+0000] {dagbag.py:588} INFO - Filling up the DagBag from /opt/airflow/dags/05_etl_weather_postgres.py
[2026-08-30T16:32:01.168+0000] {processor.py:925} INFO - DAG(s) 'etl_weather_postgres_dag' retrieved from /opt/airflow/dags/05_etl_weather_postgres.py
[2026-08-30T16:32:01.199+0000] {logging_mixin.py:190} INFO - [2026-08-30T16:32:01.199+0000] {dag.py:3239} INFO - Sync 1 DAGs
[2026-08-30T16:32:01.219+0000] {logging_mixin.py:190} INFO - [2026-08-30T16:32:01.219+0000] {dag.py:4180} INFO - Setting next_dagrun for etl_weather_postgres_dag to None, run_after=None
[2026-08-30T16:32:01.234+0000] {processor.py:208} INFO - Processing /opt/airflow/dags/05_etl_weather_postgres.py took 0.111 seconds
[2026-08-30T16:32:31.986+0000] {processor.py:186} INFO - Started process (PID=1934) to work on /opt/airflow/dags/05_etl_weather_postgres.py
[2026-08-30T16:32:31.989+0000] {processor.py:914} INFO - Processing file /opt/airflow/dags/05_etl_weather_postgres.py for tasks to queue
[2026-08-30T16:32:31.992+0000] {logging_mixin.py:190} INFO - [2026-08-30T16:32:31.992+0000] {dagbag.py:588} INFO - Filling up the DagBag from /opt/airflow/dags/05_etl_weather_postgres.py
[2026-08-30T16:32:32.008+0000] {processor.py:925} INFO - DAG(s) 'etl_weather_postgres_dag' retrieved from /opt/airflow/dags/05_etl_weather_postgres.py
[2026-08-30T16:32:32.052+0000] {logging_mixin.py:190} INFO - [2026-08-30T16:32:32.052+0000] {dag.py:3239} INFO - Sync 1 DAGs
[2026-08-30T16:32:32.065+0000] {logging_mixin.py:190} INFO - [2026-08-30T16:32:32.065+0000] {dag.py:4180} INFO - Setting next_dagrun for etl_weather_postgres_dag to None, run_after=None
[2026-08-30T16:32:32.087+0000] {processor.py:208} INFO - Processing /opt/airflow/dags/05_etl_weather_postgres.py took 0.120 seconds
[2026-08-30T16:33:02.771+0000] {processor.py:186} INFO - Started process (PID=1946) to work on /opt/airflow/dags/05_etl_weather_postgres.py
[2026-08-30T16:33:02.774+0000] {processor.py:914} INFO - Processing file /opt/airflow/dags/05_etl_weather_postgres.py for tasks to queue
[2026-08-30T16:33:02.776+0000] {logging_mixin.py:190} INFO - [2026-08-30T16:33:02.776+0000] {dagbag.py:588} INFO - Filling up the DagBag from /opt/airflow/dags/05_etl_weather_postgres.py
[2026-08-30T16:33:02.790+0000] {processor.py:925} INFO - DAG(s) 'etl_weather_postgres_dag' retrieved from /opt/airflow/dags/05_etl_weather_postgres.py
[2026-08-30T16:33:02.825+0000] {logging_mixin.py:190} INFO - [2026-08-30T16:33:02.825+0000] {dag.py:3239} INFO - Sync 1 DAGs
[2026-08-30T16:33:02.842+0000] {logging_mixin.py:190} INFO - [2026-08-30T16:33:02.841+0000] {dag.py:4180} INFO - Setting next_dagrun for etl_weather_postgres_dag to None, run_after=None
[2026-08-30T16:33:02.857+0000] {processor.py:208} INFO - Processing /opt/airflow/dags/05_etl_weather_postgres.py took 0.105 seconds
[2026-08-30T16:33:33.523+0000] {processor.py:186} INFO - Started process (PID=1958) to work on /opt/airflow/dags/05_etl_weather_postgres.py
[2026-08-30T16:33:33.526+0000] {processor.py:914} INFO - Processing file /opt/airflow/dags/05_etl_weather_postgres.py for tasks to queue
[2026-08-30T16:33:33.529+0000] {logging_mixin.py:190} INFO - [2026-08-30T16:33:33.528+0000] {dagbag.py:588} INFO - Filling up the DagBag from /opt/airflow/dags/05_etl_weather_postgres.py
[2026-08-30T16:33:33.541+0000] {processor.py:925} INFO - DAG(s) 'etl_weather_postgres_dag' retrieved from /opt/airflow/dags/05_etl_weather_postgres.py
[2026-08-30T16:33:33.592+0000] {logging_mixin.py:190} INFO - [2026-08-30T16:33:33.591+0000] {dag.py:3239} INFO - Sync 1 DAGs
[2026-08-30T16:33:33.605+0000] {logging_mixin.py:190} INFO - [2026-08-30T16:33:33.605+0000] {dag.py:4180} INFO - Setting next_dagrun for etl_weather_postgres_dag to None, run_after=None
[2026-08-30T16:33:33.622+0000] {processor.py:208} INFO - Processing /opt/airflow/dags/05_etl_weather_postgres.py took 0.108 seconds
[2026-08-30T16:34:04.327+0000] {processor.py:186} INFO - Started process (PID=1970) to work on /opt/airflow/dags/05_etl_weather_postgres.py
[2026-08-30T16:34:04.329+0000] {processor.py:914} INFO - Processing file /opt/airflow/dags/05_etl_weather_postgres.py for tasks to queue
[2026-08-30T16:34:04.331+0000] {logging_mixin.py:190} INFO - [2026-08-30T16:34:04.331+0000] {dagbag.py:588} INFO - Filling up the DagBag from /opt/airflow/dags/05_etl_weather_postgres.py
[2026-08-30T16:34:04.343+0000] {processor.py:925} INFO - DAG(s) 'etl_weather_postgres_dag' retrieved from /opt/airflow/dags/05_etl_weather_postgres.py
[2026-08-30T16:34:04.372+0000] {logging_mixin.py:190} INFO - [2026-08-30T16:34:04.372+0000] {dag.py:3239} INFO - Sync 1 DAGs
[2026-08-30T16:34:04.380+0000] {logging_mixin.py:190} INFO - [2026-08-30T16:34:04.380+0000] {dag.py:4180} INFO - Setting next_dagrun for etl_weather_postgres_dag to None, run_after=None
[2026-08-30T16:34:04.397+0000] {processor.py:208} INFO - Processing /opt/airflow/dags/05_etl_weather_postgres.py took 0.087 seconds
[2026-08-30T16:34:35.123+0000] {processor.py:186} INFO - Started process (PID=1983) to work on /opt/airflow/dags/05_etl_weather_postgres.py
[2026-08-30T16:34:35.125+0000] {processor.py:914} INFO - Processing file /opt/airflow/dags/05_etl_weather_postgres.py for tasks to queue
[2026-08-30T16:34:35.128+0000] {logging_mixin.py:190} INFO - [2026-08-30T16:34:35.128+0000] {dagbag.py:588} INFO - Filling up the DagBag from /opt/airflow/dags/05_etl_weather_postgres.py
[2026-08-30T16:34:35.148+0000] {processor.py:925} INFO - DAG(s) 'etl_weather_postgres_dag' retrieved from /opt/airflow/dags/05_etl_weather_postgres.py
[2026-08-30T16:34:35.180+0000] {logging_mixin.py:190} INFO - [2026-08-30T16:34:35.180+0000] {dag.py:3239} INFO - Sync 1 DAGs
[2026-08-30T16:34:35.190+0000] {logging_mixin.py:190} INFO - [2026-08-30T16:34:35.190+0000] {dag.py:4180} INFO - Setting next_dagrun for etl_weather_postgres_dag to None, run_after=None
[2026-08-30T16:34:35.210+0000] {processor.py:208} INFO - Processing /opt/airflow/dags/05_etl_weather_postgres.py took 0.099 seconds
[2026-08-30T16:35:05.407+0000] {processor.py:186} INFO - Started process (PID=1996) to work on /opt/airflow/dags/05_etl_weather_postgres.py
[2026-08-30T16:35:05.408+0000] {processor.py:914} INFO - Processing file /opt/airflow/dags/05_etl_weather_postgres.py for tasks to queue
[2026-08-30T16:35:05.410+0000] {logging_mixin.py:190} INFO - [2026-08-30T16:35:05.410+0000] {dagbag.py:588} INFO - Filling up the DagBag from /opt/airflow/dags/05_etl_weather_postgres.py
[2026-08-30T16:35:05.419+0000] {processor.py:925} INFO - DAG(s) 'etl_weather_postgres_dag' retrieved from /opt/airflow/dags/05_etl_weather_postgres.py
[2026-08-30T16:35:05.443+0000] {logging_mixin.py:190} INFO - [2026-08-30T16:35:05.443+0000] {dag.py:3239} INFO - Sync 1 DAGs
[2026-08-30T16:35:05.454+0000] {logging_mixin.py:190} INFO - [2026-08-30T16:35:05.454+0000] {dag.py:4180} INFO - Setting next_dagrun for etl_weather_postgres_dag to None, run_after=None
[2026-08-30T16:35:05.471+0000] {processor.py:208} INFO - Processing /opt/airflow/dags/05_etl_weather_postgres.py took 0.069 seconds
[2026-08-30T16:35:36.457+0000] {processor.py:186} INFO - Started process (PID=2009) to work on /opt/airflow/dags/05_etl_weather_postgres.py
[2026-08-30T16:35:36.458+0000] {processor.py:914} INFO - Processing file /opt/airflow/dags/05_etl_weather_postgres.py for tasks to queue
[2026-08-30T16:35:36.460+0000] {logging_mixin.py:190} INFO - [2026-08-30T16:35:36.460+0000] {dagbag.py:588} INFO - Filling up the DagBag from /opt/airflow/dags/05_etl_weather_postgres.py
[2026-08-30T16:35:36.468+0000] {processor.py:925} INFO - DAG(s) 'etl_weather_postgres_dag' retrieved from /opt/airflow/dags/05_etl_weather_postgres.py
[2026-08-30T16:35:36.487+0000] {logging_mixin.py:190} INFO - [2026-08-30T16:35:36.487+0000] {dag.py:3239} INFO - Sync 1 DAGs
[2026-08-30T16:35:36.496+0000] {logging_mixin.py:190} INFO - [2026-08-30T16:35:36.496+0000] {dag.py:4180} INFO - Setting next_dagrun for etl_weather_postgres_dag to None, run_after=None
[2026-08-30T16:35:36.511+0000] {processor.py:208} INFO - Processing /opt/airflow/dags/05_etl_weather_postgres.py took 0.058 seconds
[2026-08-30T16:36:07.801+0000] {processor.py:186} INFO - Started process (PID=2028) to work on /opt/airflow/dags/05_etl_weather_postgres.py
[2026-08-30T16:36:07.802+0000] {processor.py:914} INFO - Processing file /opt/airflow/dags/05_etl_weather_postgres.py for tasks to queue
[2026-08-30T16:36:07.804+0000] {logging_mixin.py:190} INFO - [2026-08-30T16:36:07.804+0000] {dagbag.py:588} INFO - Filling up the DagBag from /opt/airflow/dags/05_etl_weather_postgres.py
[2026-08-30T16:36:07.813+0000] {processor.py:925} INFO - DAG(s) 'etl_weather_postgres_dag' retrieved from /opt/airflow/dags/05_etl_weather_postgres.py
[2026-08-30T16:36:07.837+0000] {logging_mixin.py:190} INFO - [2026-08-30T16:36:07.837+0000] {dag.py:3239} INFO - Sync 1 DAGs
[2026-08-30T16:36:07.847+0000] {logging_mixin.py:190} INFO - [2026-08-30T16:36:07.846+0000] {dag.py:4180} INFO - Setting next_dagrun for etl_weather_postgres_dag to None, run_after=None
[2026-08-30T16:36:07.857+0000] {processor.py:208} INFO - Processing /opt/airflow/dags/05_etl_weather_postgres.py took 0.065 seconds
[2026-08-30T16:36:38.365+0000] {processor.py:186} INFO - Started process (PID=2041) to work on /opt/airflow/dags/05_etl_weather_postgres.py
[2026-08-30T16:36:38.367+0000] {processor.py:914} INFO - Processing file /opt/airflow/dags/05_etl_weather_postgres.py for tasks to queue
[2026-08-30T16:36:38.368+0000] {logging_mixin.py:190} INFO - [2026-08-30T16:36:38.368+0000] {dagbag.py:588} INFO - Filling up the DagBag from /opt/airflow/dags/05_etl_weather_postgres.py
[2026-08-30T16:36:38.378+0000] {processor.py:925} INFO - DAG(s) 'etl_weather_postgres_dag' retrieved from /opt/airflow/dags/05_etl_weather_postgres.py
[2026-08-30T16:36:38.399+0000] {logging_mixin.py:190} INFO - [2026-08-30T16:36:38.399+0000] {dag.py:3239} INFO - Sync 1 DAGs
[2026-08-30T16:36:38.408+0000] {logging_mixin.py:190} INFO - [2026-08-30T16:36:38.408+0000] {dag.py:4180} INFO - Setting next_dagrun for etl_weather_postgres_dag to None, run_after=None
[2026-08-30T16:36:38.418+0000] {processor.py:208} INFO - Processing /opt/airflow/dags/05_etl_weather_postgres.py took 0.068 seconds
[2026-08-30T16:37:09.436+0000] {processor.py:186} INFO - Started process (PID=2054) to work on /opt/airflow/dags/05_etl_weather_postgres.py
[2026-08-30T16:37:09.440+0000] {processor.py:914} INFO - Processing file /opt/airflow/dags/05_etl_weather_postgres.py for tasks to queue
[2026-08-30T16:37:09.442+0000] {logging_mixin.py:190} INFO - [2026-08-30T16:37:09.442+0000] {dagbag.py:588} INFO - Filling up the DagBag from /opt/airflow/dags/05_etl_weather_postgres.py
[2026-08-30T16:37:09.451+0000] {processor.py:925} INFO - DAG(s) 'etl_weather_postgres_dag' retrieved from /opt/airflow/dags/05_etl_weather_postgres.py
[2026-08-30T16:37:09.474+0000] {logging_mixin.py:190} INFO - [2026-08-30T16:37:09.474+0000] {dag.py:3239} INFO - Sync 1 DAGs
[2026-08-30T16:37:09.482+0000] {logging_mixin.py:190} INFO - [2026-08-30T16:37:09.481+0000] {dag.py:4180} INFO - Setting next_dagrun for etl_weather_postgres_dag to None, run_after=None
[2026-08-30T16:37:09.491+0000] {processor.py:208} INFO - Processing /opt/airflow/dags/05_etl_weather_postgres.py took 0.060 seconds
[2026-08-30T16:37:40.503+0000] {processor.py:186} INFO - Started process (PID=2067) to work on /opt/airflow/dags/05_etl_weather_postgres.py
[2026-08-30T16:37:40.504+0000] {processor.py:914} INFO - Processing file /opt/airflow/dags/05_etl_weather_postgres.py for tasks to queue
[2026-08-30T16:37:40.506+0000] {logging_mixin.py:190} INFO - [2026-08-30T16:37:40.505+0000] {dagbag.py:588} INFO - Filling up the DagBag from /opt/airflow/dags/05_etl_weather_postgres.py
[2026-08-30T16:37:40.514+0000] {processor.py:925} INFO - DAG(s) 'etl_weather_postgres_dag' retrieved from /opt/airflow/dags/05_etl_weather_postgres.py
[2026-08-30T16:37:40.535+0000] {logging_mixin.py:190} INFO - [2026-08-30T16:37:40.534+0000] {dag.py:3239} INFO - Sync 1 DAGs
[2026-08-30T16:37:40.545+0000] {logging_mixin.py:190} INFO - [2026-08-30T16:37:40.544+0000] {dag.py:4180} INFO - Setting next_dagrun for etl_weather_postgres_dag to None, run_after=None
[2026-08-30T16:37:40.558+0000] {processor.py:208} INFO - Processing /opt/airflow/dags/05_etl_weather_postgres.py took 0.065 seconds
[2026-08-30T16:38:11.511+0000] {processor.py:186} INFO - Started process (PID=2080) to work on /opt/airflow/dags/05_etl_weather_postgres.py
[2026-08-30T16:38:11.513+0000] {processor.py:914} INFO - Processing file /opt/airflow/dags/05_etl_weather_postgres.py for tasks to queue
[2026-08-30T16:38:11.515+0000] {logging_mixin.py:190} INFO - [2026-08-30T16:38:11.514+0000] {dagbag.py:588} INFO - Filling up the DagBag from /opt/airflow/dags/05_etl_weather_postgres.py
[2026-08-30T16:38:11.524+0000] {processor.py:925} INFO - DAG(s) 'etl_weather_postgres_dag' retrieved from /opt/airflow/dags/05_etl_weather_postgres.py
[2026-08-30T16:38:11.547+0000] {logging_mixin.py:190} INFO - [2026-08-30T16:38:11.547+0000] {dag.py:3239} INFO - Sync 1 DAGs
[2026-08-30T16:38:11.554+0000] {logging_mixin.py:190} INFO - [2026-08-30T16:38:11.554+0000] {dag.py:4180} INFO - Setting next_dagrun for etl_weather_postgres_dag to None, run_after=None
[2026-08-30T16:38:11.563+0000] {processor.py:208} INFO - Processing /opt/airflow/dags/05_etl_weather_postgres.py took 0.062 seconds
[2026-08-30T16:38:42.428+0000] {processor.py:186} INFO - Started process (PID=2093) to work on /opt/airflow/dags/05_etl_weather_postgres.py
[2026-08-30T16:38:42.429+0000] {processor.py:914} INFO - Processing file /opt/airflow/dags/05_etl_weather_postgres.py for tasks to queue
[2026-08-30T16:38:42.430+0000] {logging_mixin.py:190} INFO - [2026-08-30T16:38:42.430+0000] {dagbag.py:588} INFO - Filling up the DagBag from /opt/airflow/dags/05_etl_weather_postgres.py
[2026-08-30T16:38:42.439+0000] {processor.py:925} INFO - DAG(s) 'etl_weather_postgres_dag' retrieved from /opt/airflow/dags/05_etl_weather_postgres.py
[2026-08-30T16:38:42.467+0000] {logging_mixin.py:190} INFO - [2026-08-30T16:38:42.466+0000] {dag.py:3239} INFO - Sync 1 DAGs
[2026-08-30T16:38:42.476+0000] {logging_mixin.py:190} INFO - [2026-08-30T16:38:42.476+0000] {dag.py:4180} INFO - Setting next_dagrun for etl_weather_postgres_dag to None, run_after=None
[2026-08-30T16:38:42.485+0000] {processor.py:208} INFO - Processing /opt/airflow/dags/05_etl_weather_postgres.py took 0.070 seconds
[2026-08-30T16:39:13.478+0000] {processor.py:186} INFO - Started process (PID=2106) to work on /opt/airflow/dags/05_etl_weather_postgres.py
[2026-08-30T16:39:13.480+0000] {processor.py:914} INFO - Processing file /opt/airflow/dags/05_etl_weather_postgres.py for tasks to queue
[2026-08-30T16:39:13.481+0000] {logging_mixin.py:190} INFO - [2026-08-30T16:39:13.481+0000] {dagbag.py:588} INFO - Filling up the DagBag from /opt/airflow/dags/05_etl_weather_postgres.py
[2026-08-30T16:39:13.489+0000] {processor.py:925} INFO - DAG(s) 'etl_weather_postgres_dag' retrieved from /opt/airflow/dags/05_etl_weather_postgres.py
[2026-08-30T16:39:13.508+0000] {logging_mixin.py:190} INFO - [2026-08-30T16:39:13.508+0000] {dag.py:3239} INFO - Sync 1 DAGs
[2026-08-30T16:39:13.516+0000] {logging_mixin.py:190} INFO - [2026-08-30T16:39:13.516+0000] {dag.py:4180} INFO - Setting next_dagrun for etl_weather_postgres_dag to None, run_after=None
[2026-08-30T16:39:13.525+0000] {processor.py:208} INFO - Processing /opt/airflow/dags/05_etl_weather_postgres.py took 0.057 seconds
[2026-08-30T16:39:44.686+0000] {processor.py:186} INFO - Started process (PID=2119) to work on /opt/airflow/dags/05_etl_weather_postgres.py
[2026-08-30T16:39:44.688+0000] {processor.py:914} INFO - Processing file /opt/airflow/dags/05_etl_weather_postgres.py for tasks to queue
[2026-08-30T16:39:44.690+0000] {logging_mixin.py:190} INFO - [2026-08-30T16:39:44.689+0000] {dagbag.py:588} INFO - Filling up the DagBag from /opt/airflow/dags/05_etl_weather_postgres.py
[2026-08-30T16:39:44.698+0000] {processor.py:925} INFO - DAG(s) 'etl_weather_postgres_dag' retrieved from /opt/airflow/dags/05_etl_weather_postgres.py
[2026-08-30T16:39:44.719+0000] {logging_mixin.py:190} INFO - [2026-08-30T16:39:44.719+0000] {dag.py:3239} INFO - Sync 1 DAGs
[2026-08-30T16:39:44.728+0000] {logging_mixin.py:190} INFO - [2026-08-30T16:39:44.728+0000] {dag.py:4180} INFO - Setting next_dagrun for etl_weather_postgres_dag to None, run_after=None
[2026-08-30T16:39:44.742+0000] {processor.py:208} INFO - Processing /opt/airflow/dags/05_etl_weather_postgres.py took 0.060 seconds
[2026-08-30T16:40:15.823+0000] {processor.py:186} INFO - Started process (PID=2132) to work on /opt/airflow/dags/05_etl_weather_postgres.py
[2026-08-30T16:40:15.824+0000] {processor.py:914} INFO - Processing file /opt/airflow/dags/05_etl_weather_postgres.py for tasks to queue
[2026-08-30T16:40:15.826+0000] {logging_mixin.py:190} INFO - [2026-08-30T16:40:15.826+0000] {dagbag.py:588} INFO - Filling up the DagBag from /opt/airflow/dags/05_etl_weather_postgres.py
[2026-08-30T16:40:15.833+0000] {processor.py:925} INFO - DAG(s) 'etl_weather_postgres_dag' retrieved from /opt/airflow/dags/05_etl_weather_postgres.py
[2026-08-30T16:40:15.855+0000] {logging_mixin.py:190} INFO - [2026-08-30T16:40:15.855+0000] {dag.py:3239} INFO - Sync 1 DAGs
[2026-08-30T16:40:15.864+0000] {logging_mixin.py:190} INFO - [2026-08-30T16:40:15.864+0000] {dag.py:4180} INFO - Setting next_dagrun for etl_weather_postgres_dag to None, run_after=None
[2026-08-30T16:40:15.873+0000] {processor.py:208} INFO - Processing /opt/airflow/dags/05_etl_weather_postgres.py took 0.062 seconds
[2026-08-30T16:40:46.985+0000] {processor.py:186} INFO - Started process (PID=2145) to work on /opt/airflow/dags/05_etl_weather_postgres.py
[2026-08-30T16:40:46.986+0000] {processor.py:914} INFO - Processing file /opt/airflow/dags/05_etl_weather_postgres.py for tasks to queue
[2026-08-30T16:40:46.988+0000] {logging_mixin.py:190} INFO - [2026-08-30T16:40:46.988+0000] {dagbag.py:588} INFO - Filling up the DagBag from /opt/airflow/dags/05_etl_weather_postgres.py
[2026-08-30T16:40:46.998+0000] {processor.py:925} INFO - DAG(s) 'etl_weather_postgres_dag' retrieved from /opt/airflow/dags/05_etl_weather_postgres.py
[2026-08-30T16:40:47.022+0000] {logging_mixin.py:190} INFO - [2026-08-30T16:40:47.022+0000] {dag.py:3239} INFO - Sync 1 DAGs
[2026-08-30T16:40:47.031+0000] {logging_mixin.py:190} INFO - [2026-08-30T16:40:47.031+0000] {dag.py:4180} INFO - Setting next_dagrun for etl_weather_postgres_dag to None, run_after=None
[2026-08-30T16:40:47.040+0000] {processor.py:208} INFO - Processing /opt/airflow/dags/05_etl_weather_postgres.py took 0.069 seconds
[2026-08-30T16:41:18.004+0000] {processor.py:186} INFO - Started process (PID=2158) to work on /opt/airflow/dags/05_etl_weather_postgres.py
[2026-08-30T16:41:18.005+0000] {processor.py:914} INFO - Processing file /opt/airflow/dags/05_etl_weather_postgres.py for tasks to queue
[2026-08-30T16:41:18.007+0000] {logging_mixin.py:190} INFO - [2026-08-30T16:41:18.007+0000] {dagbag.py:588} INFO - Filling up the DagBag from /opt/airflow/dags/05_etl_weather_postgres.py
[2026-08-30T16:41:18.016+0000] {processor.py:925} INFO - DAG(s) 'etl_weather_postgres_dag' retrieved from /opt/airflow/dags/05_etl_weather_postgres.py
[2026-08-30T16:41:18.055+0000] {logging_mixin.py:190} INFO - [2026-08-30T16:41:18.055+0000] {dag.py:3239} INFO - Sync 1 DAGs
[2026-08-30T16:41:18.066+0000] {logging_mixin.py:190} INFO - [2026-08-30T16:41:18.066+0000] {dag.py:4180} INFO - Setting next_dagrun for etl_weather_postgres_dag to None, run_after=None
[2026-08-30T16:41:18.076+0000] {processor.py:208} INFO - Processing /opt/airflow/dags/05_etl_weather_postgres.py took 0.079 seconds
[2026-08-30T16:41:49.164+0000] {processor.py:186} INFO - Started process (PID=2170) to work on /opt/airflow/dags/05_etl_weather_postgres.py
[2026-08-30T16:41:49.165+0000] {processor.py:914} INFO - Processing file /opt/airflow/dags/05_etl_weather_postgres.py for tasks to queue
[2026-08-30T16:41:49.168+0000] {logging_mixin.py:190} INFO - [2026-08-30T16:41:49.168+0000] {dagbag.py:588} INFO - Filling up the DagBag from /opt/airflow/dags/05_etl_weather_postgres.py
[2026-08-30T16:41:49.178+0000] {processor.py:925} INFO - DAG(s) 'etl_weather_postgres_dag' retrieved from /opt/airflow/dags/05_etl_weather_postgres.py
[2026-08-30T16:41:49.208+0000] {logging_mixin.py:190} INFO - [2026-08-30T16:41:49.208+0000] {dag.py:3239} INFO - Sync 1 DAGs
[2026-08-30T16:41:49.216+0000] {logging_mixin.py:190} INFO - [2026-08-30T16:41:49.216+0000] {dag.py:4180} INFO - Setting next_dagrun for etl_weather_postgres_dag to None, run_after=None
[2026-08-30T16:41:49.228+0000] {processor.py:208} INFO - Processing /opt/airflow/dags/05_etl_weather_postgres.py took 0.074 seconds
[2026-08-30T16:42:20.265+0000] {processor.py:186} INFO - Started process (PID=2183) to work on /opt/airflow/dags/05_etl_weather_postgres.py
[2026-08-30T16:42:20.267+0000] {processor.py:914} INFO - Processing file /opt/airflow/dags/05_etl_weather_postgres.py for tasks to queue
[2026-08-30T16:42:20.270+0000] {logging_mixin.py:190} INFO - [2026-08-30T16:42:20.270+0000] {dagbag.py:588} INFO - Filling up the DagBag from /opt/airflow/dags/05_etl_weather_postgres.py
[2026-08-30T16:42:20.278+0000] {processor.py:925} INFO - DAG(s) 'etl_weather_postgres_dag' retrieved from /opt/airflow/dags/05_etl_weather_postgres.py
[2026-08-30T16:42:20.302+0000] {logging_mixin.py:190} INFO - [2026-08-30T16:42:20.302+0000] {dag.py:3239} INFO - Sync 1 DAGs
[2026-08-30T16:42:20.311+0000] {logging_mixin.py:190} INFO - [2026-08-30T16:42:20.311+0000] {dag.py:4180} INFO - Setting next_dagrun for etl_weather_postgres_dag to None, run_after=None
[2026-08-30T16:42:20.320+0000] {processor.py:208} INFO - Processing /opt/airflow/dags/05_etl_weather_postgres.py took 0.068 seconds
[2026-08-30T16:42:51.226+0000] {processor.py:186} INFO - Started process (PID=2196) to work on /opt/airflow/dags/05_etl_weather_postgres.py
[2026-08-30T16:42:51.227+0000] {processor.py:914} INFO - Processing file /opt/airflow/dags/05_etl_weather_postgres.py for tasks to queue
[2026-08-30T16:42:51.229+0000] {logging_mixin.py:190} INFO - [2026-08-30T16:42:51.229+0000] {dagbag.py:588} INFO - Filling up the DagBag from /opt/airflow/dags/05_etl_weather_postgres.py
[2026-08-30T16:42:51.240+0000] {processor.py:925} INFO - DAG(s) 'etl_weather_postgres_dag' retrieved from /opt/airflow/dags/05_etl_weather_postgres.py
[2026-08-30T16:42:51.264+0000] {logging_mixin.py:190} INFO - [2026-08-30T16:42:51.263+0000] {dag.py:3239} INFO - Sync 1 DAGs
[2026-08-30T16:42:51.275+0000] {logging_mixin.py:190} INFO - [2026-08-30T16:42:51.275+0000] {dag.py:4180} INFO - Setting next_dagrun for etl_weather_postgres_dag to None, run_after=None
[2026-08-30T16:42:51.286+0000] {processor.py:208} INFO - Processing /opt/airflow/dags/05_etl_weather_postgres.py took 0.067 seconds
[2026-08-30T16:43:22.329+0000] {processor.py:186} INFO - Started process (PID=2209) to work on /opt/airflow/dags/05_etl_weather_postgres.py
[2026-08-30T16:43:22.330+0000] {processor.py:914} INFO - Processing file /opt/airflow/dags/05_etl_weather_postgres.py for tasks to queue
[2026-08-30T16:43:22.332+0000] {logging_mixin.py:190} INFO - [2026-08-30T16:43:22.331+0000] {dagbag.py:588} INFO - Filling up the DagBag from /opt/airflow/dags/05_etl_weather_postgres.py
[2026-08-30T16:43:22.341+0000] {processor.py:925} INFO - DAG(s) 'etl_weather_postgres_dag' retrieved from /opt/airflow/dags/05_etl_weather_postgres.py
[2026-08-30T16:43:22.363+0000] {logging_mixin.py:190} INFO - [2026-08-30T16:43:22.363+0000] {dag.py:3239} INFO - Sync 1 DAGs
[2026-08-30T16:43:22.372+0000] {logging_mixin.py:190} INFO - [2026-08-30T16:43:22.371+0000] {dag.py:4180} INFO - Setting next_dagrun for etl_weather_postgres_dag to None, run_after=None
[2026-08-30T16:43:22.388+0000] {processor.py:208} INFO - Processing /opt/airflow/dags/05_etl_weather_postgres.py took 0.064 seconds
[2026-08-30T16:43:53.406+0000] {processor.py:186} INFO - Started process (PID=2222) to work on /opt/airflow/dags/05_etl_weather_postgres.py
[2026-08-30T16:43:53.408+0000] {processor.py:914} INFO - Processing file /opt/airflow/dags/05_etl_weather_postgres.py for tasks to queue
[2026-08-30T16:43:53.412+0000] {logging_mixin.py:190} INFO - [2026-08-30T16:43:53.411+0000] {dagbag.py:588} INFO - Filling up the DagBag from /opt/airflow/dags/05_etl_weather_postgres.py
[2026-08-30T16:43:53.424+0000] {processor.py:925} INFO - DAG(s) 'etl_weather_postgres_dag' retrieved from /opt/airflow/dags/05_etl_weather_postgres.py
[2026-08-30T16:43:53.444+0000] {logging_mixin.py:190} INFO - [2026-08-30T16:43:53.444+0000] {dag.py:3239} INFO - Sync 1 DAGs
[2026-08-30T16:43:53.454+0000] {logging_mixin.py:190} INFO - [2026-08-30T16:43:53.453+0000] {dag.py:4180} INFO - Setting next_dagrun for etl_weather_postgres_dag to None, run_after=None
[2026-08-30T16:43:53.463+0000] {processor.py:208} INFO - Processing /opt/airflow/dags/05_etl_weather_postgres.py took 0.065 seconds
[2026-08-30T16:44:24.444+0000] {processor.py:186} INFO - Started process (PID=2235) to work on /opt/airflow/dags/05_etl_weather_postgres.py
[2026-08-30T16:44:24.446+0000] {processor.py:914} INFO - Processing file /opt/airflow/dags/05_etl_weather_postgres.py for tasks to queue
[2026-08-30T16:44:24.450+0000] {logging_mixin.py:190} INFO - [2026-08-30T16:44:24.449+0000] {dagbag.py:588} INFO - Filling up the DagBag from /opt/airflow/dags/05_etl_weather_postgres.py
[2026-08-30T16:44:24.466+0000] {processor.py:925} INFO - DAG(s) 'etl_weather_postgres_dag' retrieved from /opt/airflow/dags/05_etl_weather_postgres.py
[2026-08-30T16:44:24.490+0000] {logging_mixin.py:190} INFO - [2026-08-30T16:44:24.490+0000] {dag.py:3239} INFO - Sync 1 DAGs
[2026-08-30T16:44:24.499+0000] {logging_mixin.py:190} INFO - [2026-08-30T16:44:24.499+0000] {dag.py:4180} INFO - Setting next_dagrun for etl_weather_postgres_dag to None, run_after=None
[2026-08-30T16:44:24.509+0000] {processor.py:208} INFO - Processing /opt/airflow/dags/05_etl_weather_postgres.py took 0.077 seconds
[2026-08-30T16:44:55.605+0000] {processor.py:186} INFO - Started process (PID=2248) to work on /opt/airflow/dags/05_etl_weather_postgres.py
[2026-08-30T16:44:55.613+0000] {processor.py:914} INFO - Processing file /opt/airflow/dags/05_etl_weather_postgres.py for tasks to queue
[2026-08-30T16:44:55.615+0000] {logging_mixin.py:190} INFO - [2026-08-30T16:44:55.615+0000] {dagbag.py:588} INFO - Filling up the DagBag from /opt/airflow/dags/05_etl_weather_postgres.py
[2026-08-30T16:44:55.625+0000] {processor.py:925} INFO - DAG(s) 'etl_weather_postgres_dag' retrieved from /opt/airflow/dags/05_etl_weather_postgres.py
[2026-08-30T16:44:55.647+0000] {logging_mixin.py:190} INFO - [2026-08-30T16:44:55.647+0000] {dag.py:3239} INFO - Sync 1 DAGs
[2026-08-30T16:44:55.655+0000] {logging_mixin.py:190} INFO - [2026-08-30T16:44:55.655+0000] {dag.py:4180} INFO - Setting next_dagrun for etl_weather_postgres_dag to None, run_after=None
[2026-08-30T16:44:55.663+0000] {processor.py:208} INFO - Processing /opt/airflow/dags/05_etl_weather_postgres.py took 0.071 seconds
[2026-08-30T16:45:25.794+0000] {processor.py:186} INFO - Started process (PID=2260) to work on /opt/airflow/dags/05_etl_weather_postgres.py
[2026-08-30T16:45:25.797+0000] {processor.py:914} INFO - Processing file /opt/airflow/dags/05_etl_weather_postgres.py for tasks to queue
[2026-08-30T16:45:25.802+0000] {logging_mixin.py:190} INFO - [2026-08-30T16:45:25.801+0000] {dagbag.py:588} INFO - Filling up the DagBag from /opt/airflow/dags/05_etl_weather_postgres.py
[2026-08-30T16:45:25.820+0000] {processor.py:925} INFO - DAG(s) 'etl_weather_postgres_dag' retrieved from /opt/airflow/dags/05_etl_weather_postgres.py
[2026-08-30T16:45:25.876+0000] {logging_mixin.py:190} INFO - [2026-08-30T16:45:25.876+0000] {dag.py:3239} INFO - Sync 1 DAGs
[2026-08-30T16:45:25.896+0000] {logging_mixin.py:190} INFO - [2026-08-30T16:45:25.896+0000] {dag.py:4180} INFO - Setting next_dagrun for etl_weather_postgres_dag to None, run_after=None
[2026-08-30T16:45:25.911+0000] {processor.py:208} INFO - Processing /opt/airflow/dags/05_etl_weather_postgres.py took 0.131 seconds
[2026-08-30T16:45:56.126+0000] {processor.py:186} INFO - Started process (PID=2273) to work on /opt/airflow/dags/05_etl_weather_postgres.py
[2026-08-30T16:45:56.127+0000] {processor.py:914} INFO - Processing file /opt/airflow/dags/05_etl_weather_postgres.py for tasks to queue
[2026-08-30T16:45:56.130+0000] {logging_mixin.py:190} INFO - [2026-08-30T16:45:56.129+0000] {dagbag.py:588} INFO - Filling up the DagBag from /opt/airflow/dags/05_etl_weather_postgres.py
[2026-08-30T16:45:56.149+0000] {processor.py:925} INFO - DAG(s) 'etl_weather_postgres_dag' retrieved from /opt/airflow/dags/05_etl_weather_postgres.py
[2026-08-30T16:45:56.193+0000] {logging_mixin.py:190} INFO - [2026-08-30T16:45:56.193+0000] {dag.py:3239} INFO - Sync 1 DAGs
[2026-08-30T16:45:56.219+0000] {logging_mixin.py:190} INFO - [2026-08-30T16:45:56.219+0000] {dag.py:4180} INFO - Setting next_dagrun for etl_weather_postgres_dag to None, run_after=None
[2026-08-30T16:45:56.271+0000] {processor.py:208} INFO - Processing /opt/airflow/dags/05_etl_weather_postgres.py took 0.158 seconds
[2026-08-30T16:47:33.966+0000] {processor.py:186} INFO - Started process (PID=90) to work on /opt/airflow/dags/05_etl_weather_postgres.py
[2026-08-30T16:47:33.969+0000] {processor.py:914} INFO - Processing file /opt/airflow/dags/05_etl_weather_postgres.py for tasks to queue
[2026-08-30T16:47:33.977+0000] {logging_mixin.py:190} INFO - [2026-08-30T16:47:33.977+0000] {dagbag.py:588} INFO - Filling up the DagBag from /opt/airflow/dags/05_etl_weather_postgres.py
[2026-08-30T16:47:33.994+0000] {processor.py:925} INFO - DAG(s) 'etl_weather_postgres_dag' retrieved from /opt/airflow/dags/05_etl_weather_postgres.py
[2026-08-30T16:47:34.050+0000] {logging_mixin.py:190} INFO - [2026-08-30T16:47:34.049+0000] {dag.py:3239} INFO - Sync 1 DAGs
[2026-08-30T16:47:34.073+0000] {logging_mixin.py:190} INFO - [2026-08-30T16:47:34.073+0000] {dag.py:4180} INFO - Setting next_dagrun for etl_weather_postgres_dag to None, run_after=None
[2026-08-30T16:47:34.103+0000] {processor.py:208} INFO - Processing /opt/airflow/dags/05_etl_weather_postgres.py took 0.150 seconds
[2026-08-30T16:48:04.218+0000] {processor.py:186} INFO - Started process (PID=102) to work on /opt/airflow/dags/05_etl_weather_postgres.py
[2026-08-30T16:48:04.220+0000] {processor.py:914} INFO - Processing file /opt/airflow/dags/05_etl_weather_postgres.py for tasks to queue
[2026-08-30T16:48:04.223+0000] {logging_mixin.py:190} INFO - [2026-08-30T16:48:04.223+0000] {dagbag.py:588} INFO - Filling up the DagBag from /opt/airflow/dags/05_etl_weather_postgres.py
[2026-08-30T16:48:04.249+0000] {processor.py:925} INFO - DAG(s) 'etl_weather_postgres_dag' retrieved from /opt/airflow/dags/05_etl_weather_postgres.py
[2026-08-30T16:48:04.288+0000] {logging_mixin.py:190} INFO - [2026-08-30T16:48:04.288+0000] {dag.py:3239} INFO - Sync 1 DAGs
[2026-08-30T16:48:04.306+0000] {logging_mixin.py:190} INFO - [2026-08-30T16:48:04.306+0000] {dag.py:4180} INFO - Setting next_dagrun for etl_weather_postgres_dag to None, run_after=None
[2026-08-30T16:48:04.329+0000] {processor.py:208} INFO - Processing /opt/airflow/dags/05_etl_weather_postgres.py took 0.116 seconds
[2026-08-30T16:48:35.156+0000] {processor.py:186} INFO - Started process (PID=115) to work on /opt/airflow/dags/05_etl_weather_postgres.py
[2026-08-30T16:48:35.158+0000] {processor.py:914} INFO - Processing file /opt/airflow/dags/05_etl_weather_postgres.py for tasks to queue
[2026-08-30T16:48:35.162+0000] {logging_mixin.py:190} INFO - [2026-08-30T16:48:35.161+0000] {dagbag.py:588} INFO - Filling up the DagBag from /opt/airflow/dags/05_etl_weather_postgres.py
[2026-08-30T16:48:35.193+0000] {processor.py:925} INFO - DAG(s) 'etl_weather_postgres_dag' retrieved from /opt/airflow/dags/05_etl_weather_postgres.py
[2026-08-30T16:48:35.254+0000] {logging_mixin.py:190} INFO - [2026-08-30T16:48:35.254+0000] {dag.py:3239} INFO - Sync 1 DAGs
[2026-08-30T16:48:35.280+0000] {logging_mixin.py:190} INFO - [2026-08-30T16:48:35.279+0000] {dag.py:4180} INFO - Setting next_dagrun for etl_weather_postgres_dag to None, run_after=None
[2026-08-30T16:48:35.311+0000] {processor.py:208} INFO - Processing /opt/airflow/dags/05_etl_weather_postgres.py took 0.179 seconds
[2026-08-30T16:49:06.103+0000] {processor.py:186} INFO - Started process (PID=128) to work on /opt/airflow/dags/05_etl_weather_postgres.py
[2026-08-30T16:49:06.104+0000] {processor.py:914} INFO - Processing file /opt/airflow/dags/05_etl_weather_postgres.py for tasks to queue
[2026-08-30T16:49:06.108+0000] {logging_mixin.py:190} INFO - [2026-08-30T16:49:06.107+0000] {dagbag.py:588} INFO - Filling up the DagBag from /opt/airflow/dags/05_etl_weather_postgres.py
[2026-08-30T16:49:06.133+0000] {processor.py:925} INFO - DAG(s) 'etl_weather_postgres_dag' retrieved from /opt/airflow/dags/05_etl_weather_postgres.py
[2026-08-30T16:49:06.193+0000] {logging_mixin.py:190} INFO - [2026-08-30T16:49:06.193+0000] {dag.py:3239} INFO - Sync 1 DAGs
[2026-08-30T16:49:06.218+0000] {logging_mixin.py:190} INFO - [2026-08-30T16:49:06.218+0000] {dag.py:4180} INFO - Setting next_dagrun for etl_weather_postgres_dag to None, run_after=None
[2026-08-30T16:49:06.242+0000] {processor.py:208} INFO - Processing /opt/airflow/dags/05_etl_weather_postgres.py took 0.147 seconds
[2026-08-30T16:49:37.167+0000] {processor.py:186} INFO - Started process (PID=141) to work on /opt/airflow/dags/05_etl_weather_postgres.py
[2026-08-30T16:49:37.169+0000] {processor.py:914} INFO - Processing file /opt/airflow/dags/05_etl_weather_postgres.py for tasks to queue
[2026-08-30T16:49:37.175+0000] {logging_mixin.py:190} INFO - [2026-08-30T16:49:37.174+0000] {dagbag.py:588} INFO - Filling up the DagBag from /opt/airflow/dags/05_etl_weather_postgres.py
[2026-08-30T16:49:37.280+0000] {processor.py:925} INFO - DAG(s) 'etl_weather_postgres_dag' retrieved from /opt/airflow/dags/05_etl_weather_postgres.py
[2026-08-30T16:49:37.343+0000] {logging_mixin.py:190} INFO - [2026-08-30T16:49:37.342+0000] {dag.py:3239} INFO - Sync 1 DAGs
[2026-08-30T16:49:37.370+0000] {logging_mixin.py:190} INFO - [2026-08-30T16:49:37.369+0000] {dag.py:4180} INFO - Setting next_dagrun for etl_weather_postgres_dag to None, run_after=None
[2026-08-30T16:49:37.394+0000] {processor.py:208} INFO - Processing /opt/airflow/dags/05_etl_weather_postgres.py took 0.244 seconds
[2026-08-30T16:50:07.834+0000] {processor.py:186} INFO - Started process (PID=154) to work on /opt/airflow/dags/05_etl_weather_postgres.py
[2026-08-30T16:50:07.854+0000] {processor.py:914} INFO - Processing file /opt/airflow/dags/05_etl_weather_postgres.py for tasks to queue
[2026-08-30T16:50:07.866+0000] {logging_mixin.py:190} INFO - [2026-08-30T16:50:07.865+0000] {dagbag.py:588} INFO - Filling up the DagBag from /opt/airflow/dags/05_etl_weather_postgres.py
[2026-08-30T16:50:07.898+0000] {processor.py:925} INFO - DAG(s) 'etl_weather_postgres_dag' retrieved from /opt/airflow/dags/05_etl_weather_postgres.py
[2026-08-30T16:50:08.445+0000] {logging_mixin.py:190} INFO - [2026-08-30T16:50:08.444+0000] {dag.py:3239} INFO - Sync 1 DAGs
[2026-08-30T16:50:08.476+0000] {logging_mixin.py:190} INFO - [2026-08-30T16:50:08.475+0000] {dag.py:4180} INFO - Setting next_dagrun for etl_weather_postgres_dag to None, run_after=None
[2026-08-30T16:50:08.542+0000] {processor.py:208} INFO - Processing /opt/airflow/dags/05_etl_weather_postgres.py took 0.743 seconds
[2026-08-30T16:50:39.830+0000] {processor.py:186} INFO - Started process (PID=167) to work on /opt/airflow/dags/05_etl_weather_postgres.py
[2026-08-30T16:50:39.831+0000] {processor.py:914} INFO - Processing file /opt/airflow/dags/05_etl_weather_postgres.py for tasks to queue
[2026-08-30T16:50:39.833+0000] {logging_mixin.py:190} INFO - [2026-08-30T16:50:39.833+0000] {dagbag.py:588} INFO - Filling up the DagBag from /opt/airflow/dags/05_etl_weather_postgres.py
[2026-08-30T16:50:39.855+0000] {processor.py:925} INFO - DAG(s) 'etl_weather_postgres_dag' retrieved from /opt/airflow/dags/05_etl_weather_postgres.py
[2026-08-30T16:50:39.892+0000] {logging_mixin.py:190} INFO - [2026-08-30T16:50:39.892+0000] {dag.py:3239} INFO - Sync 1 DAGs
[2026-08-30T16:50:39.904+0000] {logging_mixin.py:190} INFO - [2026-08-30T16:50:39.904+0000] {dag.py:4180} INFO - Setting next_dagrun for etl_weather_postgres_dag to None, run_after=None
[2026-08-30T16:50:39.928+0000] {processor.py:208} INFO - Processing /opt/airflow/dags/05_etl_weather_postgres.py took 0.110 seconds
[2026-08-30T16:51:10.290+0000] {processor.py:186} INFO - Started process (PID=180) to work on /opt/airflow/dags/05_etl_weather_postgres.py
[2026-08-30T16:51:10.296+0000] {processor.py:914} INFO - Processing file /opt/airflow/dags/05_etl_weather_postgres.py for tasks to queue
[2026-08-30T16:51:10.302+0000] {logging_mixin.py:190} INFO - [2026-08-30T16:51:10.301+0000] {dagbag.py:588} INFO - Filling up the DagBag from /opt/airflow/dags/05_etl_weather_postgres.py
[2026-08-30T16:51:10.336+0000] {processor.py:925} INFO - DAG(s) 'etl_weather_postgres_dag' retrieved from /opt/airflow/dags/05_etl_weather_postgres.py
[2026-08-30T16:51:10.388+0000] {logging_mixin.py:190} INFO - [2026-08-30T16:51:10.387+0000] {dag.py:3239} INFO - Sync 1 DAGs
[2026-08-30T16:51:10.403+0000] {logging_mixin.py:190} INFO - [2026-08-30T16:51:10.403+0000] {dag.py:4180} INFO - Setting next_dagrun for etl_weather_postgres_dag to None, run_after=None
[2026-08-30T16:51:10.426+0000] {processor.py:208} INFO - Processing /opt/airflow/dags/05_etl_weather_postgres.py took 0.149 seconds
[2026-08-30T16:51:40.656+0000] {processor.py:186} INFO - Started process (PID=193) to work on /opt/airflow/dags/05_etl_weather_postgres.py
[2026-08-30T16:51:40.658+0000] {processor.py:914} INFO - Processing file /opt/airflow/dags/05_etl_weather_postgres.py for tasks to queue
[2026-08-30T16:51:40.668+0000] {logging_mixin.py:190} INFO - [2026-08-30T16:51:40.667+0000] {dagbag.py:588} INFO - Filling up the DagBag from /opt/airflow/dags/05_etl_weather_postgres.py
[2026-08-30T16:51:40.687+0000] {processor.py:925} INFO - DAG(s) 'etl_weather_postgres_dag' retrieved from /opt/airflow/dags/05_etl_weather_postgres.py
[2026-08-30T16:51:40.746+0000] {logging_mixin.py:190} INFO - [2026-08-30T16:51:40.746+0000] {dag.py:3239} INFO - Sync 1 DAGs
[2026-08-30T16:51:40.766+0000] {logging_mixin.py:190} INFO - [2026-08-30T16:51:40.765+0000] {dag.py:4180} INFO - Setting next_dagrun for etl_weather_postgres_dag to None, run_after=None
[2026-08-30T16:51:40.787+0000] {processor.py:208} INFO - Processing /opt/airflow/dags/05_etl_weather_postgres.py took 0.146 seconds
[2026-08-30T16:52:10.977+0000] {processor.py:186} INFO - Started process (PID=206) to work on /opt/airflow/dags/05_etl_weather_postgres.py
[2026-08-30T16:52:10.984+0000] {processor.py:914} INFO - Processing file /opt/airflow/dags/05_etl_weather_postgres.py for tasks to queue
[2026-08-30T16:52:11.003+0000] {logging_mixin.py:190} INFO - [2026-08-30T16:52:11.001+0000] {dagbag.py:588} INFO - Filling up the DagBag from /opt/airflow/dags/05_etl_weather_postgres.py
[2026-08-30T16:52:11.061+0000] {processor.py:925} INFO - DAG(s) 'etl_weather_postgres_dag' retrieved from /opt/airflow/dags/05_etl_weather_postgres.py
[2026-08-30T16:52:11.140+0000] {logging_mixin.py:190} INFO - [2026-08-30T16:52:11.140+0000] {dag.py:3239} INFO - Sync 1 DAGs
[2026-08-30T16:52:11.169+0000] {logging_mixin.py:190} INFO - [2026-08-30T16:52:11.169+0000] {dag.py:4180} INFO - Setting next_dagrun for etl_weather_postgres_dag to None, run_after=None
[2026-08-30T16:52:11.266+0000] {processor.py:208} INFO - Processing /opt/airflow/dags/05_etl_weather_postgres.py took 0.305 seconds
[2026-08-30T16:52:41.845+0000] {processor.py:186} INFO - Started process (PID=219) to work on /opt/airflow/dags/05_etl_weather_postgres.py
[2026-08-30T16:52:41.848+0000] {processor.py:914} INFO - Processing file /opt/airflow/dags/05_etl_weather_postgres.py for tasks to queue
[2026-08-30T16:52:41.852+0000] {logging_mixin.py:190} INFO - [2026-08-30T16:52:41.851+0000] {dagbag.py:588} INFO - Filling up the DagBag from /opt/airflow/dags/05_etl_weather_postgres.py
[2026-08-30T16:52:41.878+0000] {processor.py:925} INFO - DAG(s) 'etl_weather_postgres_dag' retrieved from /opt/airflow/dags/05_etl_weather_postgres.py
[2026-08-30T16:52:41.936+0000] {logging_mixin.py:190} INFO - [2026-08-30T16:52:41.936+0000] {dag.py:3239} INFO - Sync 1 DAGs
[2026-08-30T16:52:41.960+0000] {logging_mixin.py:190} INFO - [2026-08-30T16:52:41.960+0000] {dag.py:4180} INFO - Setting next_dagrun for etl_weather_postgres_dag to None, run_after=None
[2026-08-30T16:52:41.986+0000] {processor.py:208} INFO - Processing /opt/airflow/dags/05_etl_weather_postgres.py took 0.159 seconds
[2026-08-30T16:53:12.171+0000] {processor.py:186} INFO - Started process (PID=232) to work on /opt/airflow/dags/05_etl_weather_postgres.py
[2026-08-30T16:53:12.172+0000] {processor.py:914} INFO - Processing file /opt/airflow/dags/05_etl_weather_postgres.py for tasks to queue
[2026-08-30T16:53:12.185+0000] {logging_mixin.py:190} INFO - [2026-08-30T16:53:12.185+0000] {dagbag.py:588} INFO - Filling up the DagBag from /opt/airflow/dags/05_etl_weather_postgres.py
[2026-08-30T16:53:12.232+0000] {processor.py:925} INFO - DAG(s) 'etl_weather_postgres_dag' retrieved from /opt/airflow/dags/05_etl_weather_postgres.py
[2026-08-30T16:53:12.294+0000] {logging_mixin.py:190} INFO - [2026-08-30T16:53:12.294+0000] {dag.py:3239} INFO - Sync 1 DAGs
[2026-08-30T16:53:12.317+0000] {logging_mixin.py:190} INFO - [2026-08-30T16:53:12.317+0000] {dag.py:4180} INFO - Setting next_dagrun for etl_weather_postgres_dag to None, run_after=None
[2026-08-30T16:53:12.343+0000] {processor.py:208} INFO - Processing /opt/airflow/dags/05_etl_weather_postgres.py took 0.188 seconds
[2026-08-30T16:53:43.310+0000] {processor.py:186} INFO - Started process (PID=245) to work on /opt/airflow/dags/05_etl_weather_postgres.py
[2026-08-30T16:53:43.311+0000] {processor.py:914} INFO - Processing file /opt/airflow/dags/05_etl_weather_postgres.py for tasks to queue
[2026-08-30T16:53:43.318+0000] {logging_mixin.py:190} INFO - [2026-08-30T16:53:43.317+0000] {dagbag.py:588} INFO - Filling up the DagBag from /opt/airflow/dags/05_etl_weather_postgres.py
[2026-08-30T16:53:43.343+0000] {processor.py:925} INFO - DAG(s) 'etl_weather_postgres_dag' retrieved from /opt/airflow/dags/05_etl_weather_postgres.py
[2026-08-30T16:53:43.392+0000] {logging_mixin.py:190} INFO - [2026-08-30T16:53:43.392+0000] {dag.py:3239} INFO - Sync 1 DAGs
[2026-08-30T16:53:43.412+0000] {logging_mixin.py:190} INFO - [2026-08-30T16:53:43.412+0000] {dag.py:4180} INFO - Setting next_dagrun for etl_weather_postgres_dag to None, run_after=None
[2026-08-30T16:53:43.435+0000] {processor.py:208} INFO - Processing /opt/airflow/dags/05_etl_weather_postgres.py took 0.140 seconds
[2026-08-30T16:54:13.611+0000] {processor.py:186} INFO - Started process (PID=259) to work on /opt/airflow/dags/05_etl_weather_postgres.py
[2026-08-30T16:54:13.613+0000] {processor.py:914} INFO - Processing file /opt/airflow/dags/05_etl_weather_postgres.py for tasks to queue
[2026-08-30T16:54:13.618+0000] {logging_mixin.py:190} INFO - [2026-08-30T16:54:13.617+0000] {dagbag.py:588} INFO - Filling up the DagBag from /opt/airflow/dags/05_etl_weather_postgres.py
[2026-08-30T16:54:13.638+0000] {processor.py:925} INFO - DAG(s) 'etl_weather_postgres_dag' retrieved from /opt/airflow/dags/05_etl_weather_postgres.py
[2026-08-30T16:54:13.683+0000] {logging_mixin.py:190} INFO - [2026-08-30T16:54:13.683+0000] {dag.py:3239} INFO - Sync 1 DAGs
[2026-08-30T16:54:13.701+0000] {logging_mixin.py:190} INFO - [2026-08-30T16:54:13.701+0000] {dag.py:4180} INFO - Setting next_dagrun for etl_weather_postgres_dag to None, run_after=None
[2026-08-30T16:54:13.719+0000] {processor.py:208} INFO - Processing /opt/airflow/dags/05_etl_weather_postgres.py took 0.123 seconds
[2026-08-30T16:54:43.935+0000] {processor.py:186} INFO - Started process (PID=272) to work on /opt/airflow/dags/05_etl_weather_postgres.py
[2026-08-30T16:54:43.937+0000] {processor.py:914} INFO - Processing file /opt/airflow/dags/05_etl_weather_postgres.py for tasks to queue
[2026-08-30T16:54:43.943+0000] {logging_mixin.py:190} INFO - [2026-08-30T16:54:43.942+0000] {dagbag.py:588} INFO - Filling up the DagBag from /opt/airflow/dags/05_etl_weather_postgres.py
[2026-08-30T16:54:43.967+0000] {processor.py:925} INFO - DAG(s) 'etl_weather_postgres_dag' retrieved from /opt/airflow/dags/05_etl_weather_postgres.py
[2026-08-30T16:54:44.037+0000] {logging_mixin.py:190} INFO - [2026-08-30T16:54:44.037+0000] {dag.py:3239} INFO - Sync 1 DAGs
[2026-08-30T16:54:44.061+0000] {logging_mixin.py:190} INFO - [2026-08-30T16:54:44.061+0000] {dag.py:4180} INFO - Setting next_dagrun for etl_weather_postgres_dag to None, run_after=None
[2026-08-30T16:54:44.079+0000] {processor.py:208} INFO - Processing /opt/airflow/dags/05_etl_weather_postgres.py took 0.160 seconds
[2026-08-30T16:55:14.689+0000] {processor.py:186} INFO - Started process (PID=285) to work on /opt/airflow/dags/05_etl_weather_postgres.py
[2026-08-30T16:55:14.693+0000] {processor.py:914} INFO - Processing file /opt/airflow/dags/05_etl_weather_postgres.py for tasks to queue
[2026-08-30T16:55:14.702+0000] {logging_mixin.py:190} INFO - [2026-08-30T16:55:14.699+0000] {dagbag.py:588} INFO - Filling up the DagBag from /opt/airflow/dags/05_etl_weather_postgres.py
[2026-08-30T16:55:14.751+0000] {processor.py:925} INFO - DAG(s) 'etl_weather_postgres_dag' retrieved from /opt/airflow/dags/05_etl_weather_postgres.py
[2026-08-30T16:55:14.829+0000] {logging_mixin.py:190} INFO - [2026-08-30T16:55:14.828+0000] {dag.py:3239} INFO - Sync 1 DAGs
[2026-08-30T16:55:14.851+0000] {logging_mixin.py:190} INFO - [2026-08-30T16:55:14.851+0000] {dag.py:4180} INFO - Setting next_dagrun for etl_weather_postgres_dag to None, run_after=None
[2026-08-30T16:55:14.870+0000] {processor.py:208} INFO - Processing /opt/airflow/dags/05_etl_weather_postgres.py took 0.201 seconds
[2026-08-30T16:55:45.207+0000] {processor.py:186} INFO - Started process (PID=298) to work on /opt/airflow/dags/05_etl_weather_postgres.py
[2026-08-30T16:55:45.208+0000] {processor.py:914} INFO - Processing file /opt/airflow/dags/05_etl_weather_postgres.py for tasks to queue
[2026-08-30T16:55:45.214+0000] {logging_mixin.py:190} INFO - [2026-08-30T16:55:45.213+0000] {dagbag.py:588} INFO - Filling up the DagBag from /opt/airflow/dags/05_etl_weather_postgres.py
[2026-08-30T16:55:45.237+0000] {processor.py:925} INFO - DAG(s) 'etl_weather_postgres_dag' retrieved from /opt/airflow/dags/05_etl_weather_postgres.py
[2026-08-30T16:55:45.308+0000] {logging_mixin.py:190} INFO - [2026-08-30T16:55:45.308+0000] {dag.py:3239} INFO - Sync 1 DAGs
[2026-08-30T16:55:45.327+0000] {logging_mixin.py:190} INFO - [2026-08-30T16:55:45.327+0000] {dag.py:4180} INFO - Setting next_dagrun for etl_weather_postgres_dag to None, run_after=None
[2026-08-30T16:55:45.350+0000] {processor.py:208} INFO - Processing /opt/airflow/dags/05_etl_weather_postgres.py took 0.155 seconds
[2026-08-30T18:09:20.330+0000] {processor.py:186} INFO - Started process (PID=91) to work on /opt/airflow/dags/05_etl_weather_postgres.py
[2026-08-30T18:09:20.333+0000] {processor.py:914} INFO - Processing file /opt/airflow/dags/05_etl_weather_postgres.py for tasks to queue
[2026-08-30T18:09:20.339+0000] {logging_mixin.py:190} INFO - [2026-08-30T18:09:20.339+0000] {dagbag.py:588} INFO - Filling up the DagBag from /opt/airflow/dags/05_etl_weather_postgres.py
[2026-08-30T18:09:20.367+0000] {processor.py:925} INFO - DAG(s) 'etl_weather_postgres_dag' retrieved from /opt/airflow/dags/05_etl_weather_postgres.py
[2026-08-30T18:09:20.410+0000] {logging_mixin.py:190} INFO - [2026-08-30T18:09:20.410+0000] {dag.py:3239} INFO - Sync 1 DAGs
[2026-08-30T18:09:20.429+0000] {logging_mixin.py:190} INFO - [2026-08-30T18:09:20.429+0000] {dag.py:4180} INFO - Setting next_dagrun for etl_weather_postgres_dag to None, run_after=None
[2026-08-30T18:09:20.462+0000] {processor.py:208} INFO - Processing /opt/airflow/dags/05_etl_weather_postgres.py took 0.140 seconds
[2026-08-30T18:09:50.542+0000] {processor.py:186} INFO - Started process (PID=103) to work on /opt/airflow/dags/05_etl_weather_postgres.py
[2026-08-30T18:09:50.543+0000] {processor.py:914} INFO - Processing file /opt/airflow/dags/05_etl_weather_postgres.py for tasks to queue
[2026-08-30T18:09:50.547+0000] {logging_mixin.py:190} INFO - [2026-08-30T18:09:50.546+0000] {dagbag.py:588} INFO - Filling up the DagBag from /opt/airflow/dags/05_etl_weather_postgres.py
[2026-08-30T18:09:50.574+0000] {processor.py:925} INFO - DAG(s) 'etl_weather_postgres_dag' retrieved from /opt/airflow/dags/05_etl_weather_postgres.py
[2026-08-30T18:09:50.627+0000] {logging_mixin.py:190} INFO - [2026-08-30T18:09:50.627+0000] {dag.py:3239} INFO - Sync 1 DAGs
[2026-08-30T18:09:50.647+0000] {logging_mixin.py:190} INFO - [2026-08-30T18:09:50.646+0000] {dag.py:4180} INFO - Setting next_dagrun for etl_weather_postgres_dag to None, run_after=None
[2026-08-30T18:09:50.697+0000] {processor.py:208} INFO - Processing /opt/airflow/dags/05_etl_weather_postgres.py took 0.162 seconds
[2026-08-30T18:10:21.108+0000] {processor.py:186} INFO - Started process (PID=116) to work on /opt/airflow/dags/05_etl_weather_postgres.py
[2026-08-30T18:10:21.109+0000] {processor.py:914} INFO - Processing file /opt/airflow/dags/05_etl_weather_postgres.py for tasks to queue
[2026-08-30T18:10:21.113+0000] {logging_mixin.py:190} INFO - [2026-08-30T18:10:21.112+0000] {dagbag.py:588} INFO - Filling up the DagBag from /opt/airflow/dags/05_etl_weather_postgres.py
[2026-08-30T18:10:21.134+0000] {processor.py:925} INFO - DAG(s) 'etl_weather_postgres_dag' retrieved from /opt/airflow/dags/05_etl_weather_postgres.py
[2026-08-30T18:10:21.171+0000] {logging_mixin.py:190} INFO - [2026-08-30T18:10:21.171+0000] {dag.py:3239} INFO - Sync 1 DAGs
[2026-08-30T18:10:21.189+0000] {logging_mixin.py:190} INFO - [2026-08-30T18:10:21.189+0000] {dag.py:4180} INFO - Setting next_dagrun for etl_weather_postgres_dag to None, run_after=None
[2026-08-30T18:10:21.204+0000] {processor.py:208} INFO - Processing /opt/airflow/dags/05_etl_weather_postgres.py took 0.102 seconds
[2026-08-30T18:10:51.849+0000] {processor.py:186} INFO - Started process (PID=129) to work on /opt/airflow/dags/05_etl_weather_postgres.py
[2026-08-30T18:10:51.850+0000] {processor.py:914} INFO - Processing file /opt/airflow/dags/05_etl_weather_postgres.py for tasks to queue
[2026-08-30T18:10:51.855+0000] {logging_mixin.py:190} INFO - [2026-08-30T18:10:51.854+0000] {dagbag.py:588} INFO - Filling up the DagBag from /opt/airflow/dags/05_etl_weather_postgres.py
[2026-08-30T18:10:51.881+0000] {processor.py:925} INFO - DAG(s) 'etl_weather_postgres_dag' retrieved from /opt/airflow/dags/05_etl_weather_postgres.py
[2026-08-30T18:10:51.941+0000] {logging_mixin.py:190} INFO - [2026-08-30T18:10:51.941+0000] {dag.py:3239} INFO - Sync 1 DAGs
[2026-08-30T18:10:51.961+0000] {logging_mixin.py:190} INFO - [2026-08-30T18:10:51.961+0000] {dag.py:4180} INFO - Setting next_dagrun for etl_weather_postgres_dag to None, run_after=None
[2026-08-30T18:10:51.978+0000] {processor.py:208} INFO - Processing /opt/airflow/dags/05_etl_weather_postgres.py took 0.142 seconds
[2026-08-30T18:11:22.184+0000] {processor.py:186} INFO - Started process (PID=142) to work on /opt/airflow/dags/05_etl_weather_postgres.py
[2026-08-30T18:11:22.185+0000] {processor.py:914} INFO - Processing file /opt/airflow/dags/05_etl_weather_postgres.py for tasks to queue
[2026-08-30T18:11:22.187+0000] {logging_mixin.py:190} INFO - [2026-08-30T18:11:22.187+0000] {dagbag.py:588} INFO - Filling up the DagBag from /opt/airflow/dags/05_etl_weather_postgres.py
[2026-08-30T18:11:22.213+0000] {processor.py:925} INFO - DAG(s) 'etl_weather_postgres_dag' retrieved from /opt/airflow/dags/05_etl_weather_postgres.py
[2026-08-30T18:11:22.265+0000] {logging_mixin.py:190} INFO - [2026-08-30T18:11:22.265+0000] {dag.py:3239} INFO - Sync 1 DAGs
[2026-08-30T18:11:22.278+0000] {logging_mixin.py:190} INFO - [2026-08-30T18:11:22.278+0000] {dag.py:4180} INFO - Setting next_dagrun for etl_weather_postgres_dag to None, run_after=None
[2026-08-30T18:11:22.299+0000] {processor.py:208} INFO - Processing /opt/airflow/dags/05_etl_weather_postgres.py took 0.124 seconds
[2026-08-30T18:11:52.849+0000] {processor.py:186} INFO - Started process (PID=155) to work on /opt/airflow/dags/05_etl_weather_postgres.py
[2026-08-30T18:11:52.853+0000] {processor.py:914} INFO - Processing file /opt/airflow/dags/05_etl_weather_postgres.py for tasks to queue
[2026-08-30T18:11:52.855+0000] {logging_mixin.py:190} INFO - [2026-08-30T18:11:52.855+0000] {dagbag.py:588} INFO - Filling up the DagBag from /opt/airflow/dags/05_etl_weather_postgres.py
[2026-08-30T18:11:52.883+0000] {processor.py:925} INFO - DAG(s) 'etl_weather_postgres_dag' retrieved from /opt/airflow/dags/05_etl_weather_postgres.py
[2026-08-30T18:11:53.199+0000] {logging_mixin.py:190} INFO - [2026-08-30T18:11:53.199+0000] {dag.py:3239} INFO - Sync 1 DAGs
[2026-08-30T18:11:53.215+0000] {logging_mixin.py:190} INFO - [2026-08-30T18:11:53.215+0000] {dag.py:4180} INFO - Setting next_dagrun for etl_weather_postgres_dag to None, run_after=None
[2026-08-30T18:11:53.231+0000] {processor.py:208} INFO - Processing /opt/airflow/dags/05_etl_weather_postgres.py took 0.393 seconds
[2026-08-30T18:12:23.870+0000] {processor.py:186} INFO - Started process (PID=168) to work on /opt/airflow/dags/05_etl_weather_postgres.py
[2026-08-30T18:12:23.878+0000] {processor.py:914} INFO - Processing file /opt/airflow/dags/05_etl_weather_postgres.py for tasks to queue
[2026-08-30T18:12:23.882+0000] {logging_mixin.py:190} INFO - [2026-08-30T18:12:23.882+0000] {dagbag.py:588} INFO - Filling up the DagBag from /opt/airflow/dags/05_etl_weather_postgres.py
[2026-08-30T18:12:23.900+0000] {processor.py:925} INFO - DAG(s) 'etl_weather_postgres_dag' retrieved from /opt/airflow/dags/05_etl_weather_postgres.py
[2026-08-30T18:12:23.931+0000] {logging_mixin.py:190} INFO - [2026-08-30T18:12:23.931+0000] {dag.py:3239} INFO - Sync 1 DAGs
[2026-08-30T18:12:23.939+0000] {logging_mixin.py:190} INFO - [2026-08-30T18:12:23.939+0000] {dag.py:4180} INFO - Setting next_dagrun for etl_weather_postgres_dag to None, run_after=None
[2026-08-30T18:12:23.954+0000] {processor.py:208} INFO - Processing /opt/airflow/dags/05_etl_weather_postgres.py took 0.092 seconds
[2026-08-30T18:12:54.149+0000] {processor.py:186} INFO - Started process (PID=181) to work on /opt/airflow/dags/05_etl_weather_postgres.py
[2026-08-30T18:12:54.150+0000] {processor.py:914} INFO - Processing file /opt/airflow/dags/05_etl_weather_postgres.py for tasks to queue
[2026-08-30T18:12:54.152+0000] {logging_mixin.py:190} INFO - [2026-08-30T18:12:54.151+0000] {dagbag.py:588} INFO - Filling up the DagBag from /opt/airflow/dags/05_etl_weather_postgres.py
[2026-08-30T18:12:54.163+0000] {processor.py:925} INFO - DAG(s) 'etl_weather_postgres_dag' retrieved from /opt/airflow/dags/05_etl_weather_postgres.py
[2026-08-30T18:12:54.203+0000] {logging_mixin.py:190} INFO - [2026-08-30T18:12:54.202+0000] {dag.py:3239} INFO - Sync 1 DAGs
[2026-08-30T18:12:54.215+0000] {logging_mixin.py:190} INFO - [2026-08-30T18:12:54.215+0000] {dag.py:4180} INFO - Setting next_dagrun for etl_weather_postgres_dag to None, run_after=None
[2026-08-30T18:12:54.231+0000] {processor.py:208} INFO - Processing /opt/airflow/dags/05_etl_weather_postgres.py took 0.088 seconds
[2026-08-30T18:13:24.436+0000] {processor.py:186} INFO - Started process (PID=194) to work on /opt/airflow/dags/05_etl_weather_postgres.py
[2026-08-30T18:13:24.438+0000] {processor.py:914} INFO - Processing file /opt/airflow/dags/05_etl_weather_postgres.py for tasks to queue
[2026-08-30T18:13:24.441+0000] {logging_mixin.py:190} INFO - [2026-08-30T18:13:24.440+0000] {dagbag.py:588} INFO - Filling up the DagBag from /opt/airflow/dags/05_etl_weather_postgres.py
[2026-08-30T18:13:24.463+0000] {processor.py:925} INFO - DAG(s) 'etl_weather_postgres_dag' retrieved from /opt/airflow/dags/05_etl_weather_postgres.py
[2026-08-30T18:13:24.507+0000] {logging_mixin.py:190} INFO - [2026-08-30T18:13:24.506+0000] {dag.py:3239} INFO - Sync 1 DAGs
[2026-08-30T18:13:24.526+0000] {logging_mixin.py:190} INFO - [2026-08-30T18:13:24.526+0000] {dag.py:4180} INFO - Setting next_dagrun for etl_weather_postgres_dag to None, run_after=None
[2026-08-30T18:13:24.545+0000] {processor.py:208} INFO - Processing /opt/airflow/dags/05_etl_weather_postgres.py took 0.120 seconds
[2026-08-30T18:13:55.250+0000] {processor.py:186} INFO - Started process (PID=207) to work on /opt/airflow/dags/05_etl_weather_postgres.py
[2026-08-30T18:13:55.252+0000] {processor.py:914} INFO - Processing file /opt/airflow/dags/05_etl_weather_postgres.py for tasks to queue
[2026-08-30T18:13:55.259+0000] {logging_mixin.py:190} INFO - [2026-08-30T18:13:55.259+0000] {dagbag.py:588} INFO - Filling up the DagBag from /opt/airflow/dags/05_etl_weather_postgres.py
[2026-08-30T18:13:55.288+0000] {processor.py:925} INFO - DAG(s) 'etl_weather_postgres_dag' retrieved from /opt/airflow/dags/05_etl_weather_postgres.py
[2026-08-30T18:13:55.358+0000] {logging_mixin.py:190} INFO - [2026-08-30T18:13:55.358+0000] {dag.py:3239} INFO - Sync 1 DAGs
[2026-08-30T18:13:55.397+0000] {logging_mixin.py:190} INFO - [2026-08-30T18:13:55.397+0000] {dag.py:4180} INFO - Setting next_dagrun for etl_weather_postgres_dag to None, run_after=None
[2026-08-30T18:13:55.443+0000] {processor.py:208} INFO - Processing /opt/airflow/dags/05_etl_weather_postgres.py took 0.201 seconds
[2026-08-30T18:14:25.758+0000] {processor.py:186} INFO - Started process (PID=220) to work on /opt/airflow/dags/05_etl_weather_postgres.py
[2026-08-30T18:14:25.759+0000] {processor.py:914} INFO - Processing file /opt/airflow/dags/05_etl_weather_postgres.py for tasks to queue
[2026-08-30T18:14:25.774+0000] {logging_mixin.py:190} INFO - [2026-08-30T18:14:25.771+0000] {dagbag.py:588} INFO - Filling up the DagBag from /opt/airflow/dags/05_etl_weather_postgres.py
[2026-08-30T18:14:25.827+0000] {processor.py:925} INFO - DAG(s) 'etl_weather_postgres_dag' retrieved from /opt/airflow/dags/05_etl_weather_postgres.py
[2026-08-30T18:14:25.974+0000] {logging_mixin.py:190} INFO - [2026-08-30T18:14:25.974+0000] {dag.py:3239} INFO - Sync 1 DAGs
[2026-08-30T18:14:25.994+0000] {logging_mixin.py:190} INFO - [2026-08-30T18:14:25.994+0000] {dag.py:4180} INFO - Setting next_dagrun for etl_weather_postgres_dag to None, run_after=None
[2026-08-30T18:14:26.026+0000] {processor.py:208} INFO - Processing /opt/airflow/dags/05_etl_weather_postgres.py took 0.283 seconds
[2026-08-30T18:14:56.759+0000] {processor.py:186} INFO - Started process (PID=233) to work on /opt/airflow/dags/05_etl_weather_postgres.py
[2026-08-30T18:14:56.761+0000] {processor.py:914} INFO - Processing file /opt/airflow/dags/05_etl_weather_postgres.py for tasks to queue
[2026-08-30T18:14:56.764+0000] {logging_mixin.py:190} INFO - [2026-08-30T18:14:56.764+0000] {dagbag.py:588} INFO - Filling up the DagBag from /opt/airflow/dags/05_etl_weather_postgres.py
[2026-08-30T18:14:56.787+0000] {processor.py:925} INFO - DAG(s) 'etl_weather_postgres_dag' retrieved from /opt/airflow/dags/05_etl_weather_postgres.py
[2026-08-30T18:14:56.828+0000] {logging_mixin.py:190} INFO - [2026-08-30T18:14:56.828+0000] {dag.py:3239} INFO - Sync 1 DAGs
[2026-08-30T18:14:56.838+0000] {logging_mixin.py:190} INFO - [2026-08-30T18:14:56.838+0000] {dag.py:4180} INFO - Setting next_dagrun for etl_weather_postgres_dag to None, run_after=None
[2026-08-30T18:14:56.853+0000] {processor.py:208} INFO - Processing /opt/airflow/dags/05_etl_weather_postgres.py took 0.103 seconds
[2026-08-30T18:15:27.399+0000] {processor.py:186} INFO - Started process (PID=246) to work on /opt/airflow/dags/05_etl_weather_postgres.py
[2026-08-30T18:15:27.401+0000] {processor.py:914} INFO - Processing file /opt/airflow/dags/05_etl_weather_postgres.py for tasks to queue
[2026-08-30T18:15:27.404+0000] {logging_mixin.py:190} INFO - [2026-08-30T18:15:27.404+0000] {dagbag.py:588} INFO - Filling up the DagBag from /opt/airflow/dags/05_etl_weather_postgres.py
[2026-08-30T18:15:27.424+0000] {processor.py:925} INFO - DAG(s) 'etl_weather_postgres_dag' retrieved from /opt/airflow/dags/05_etl_weather_postgres.py
[2026-08-30T18:15:27.453+0000] {logging_mixin.py:190} INFO - [2026-08-30T18:15:27.453+0000] {dag.py:3239} INFO - Sync 1 DAGs
[2026-08-30T18:15:27.474+0000] {logging_mixin.py:190} INFO - [2026-08-30T18:15:27.474+0000] {dag.py:4180} INFO - Setting next_dagrun for etl_weather_postgres_dag to None, run_after=None
[2026-08-30T18:15:27.492+0000] {processor.py:208} INFO - Processing /opt/airflow/dags/05_etl_weather_postgres.py took 0.100 seconds
[2026-08-30T18:15:58.002+0000] {processor.py:186} INFO - Started process (PID=259) to work on /opt/airflow/dags/05_etl_weather_postgres.py
[2026-08-30T18:15:58.004+0000] {processor.py:914} INFO - Processing file /opt/airflow/dags/05_etl_weather_postgres.py for tasks to queue
[2026-08-30T18:15:58.006+0000] {logging_mixin.py:190} INFO - [2026-08-30T18:15:58.006+0000] {dagbag.py:588} INFO - Filling up the DagBag from /opt/airflow/dags/05_etl_weather_postgres.py
[2026-08-30T18:15:58.022+0000] {processor.py:925} INFO - DAG(s) 'etl_weather_postgres_dag' retrieved from /opt/airflow/dags/05_etl_weather_postgres.py
[2026-08-30T18:15:58.056+0000] {logging_mixin.py:190} INFO - [2026-08-30T18:15:58.055+0000] {dag.py:3239} INFO - Sync 1 DAGs
[2026-08-30T18:15:58.068+0000] {logging_mixin.py:190} INFO - [2026-08-30T18:15:58.067+0000] {dag.py:4180} INFO - Setting next_dagrun for etl_weather_postgres_dag to None, run_after=None
[2026-08-30T18:15:58.080+0000] {processor.py:208} INFO - Processing /opt/airflow/dags/05_etl_weather_postgres.py took 0.085 seconds
[2026-08-30T18:16:28.640+0000] {processor.py:186} INFO - Started process (PID=272) to work on /opt/airflow/dags/05_etl_weather_postgres.py
[2026-08-30T18:16:28.642+0000] {processor.py:914} INFO - Processing file /opt/airflow/dags/05_etl_weather_postgres.py for tasks to queue
[2026-08-30T18:16:28.645+0000] {logging_mixin.py:190} INFO - [2026-08-30T18:16:28.645+0000] {dagbag.py:588} INFO - Filling up the DagBag from /opt/airflow/dags/05_etl_weather_postgres.py
[2026-08-30T18:16:28.668+0000] {processor.py:925} INFO - DAG(s) 'etl_weather_postgres_dag' retrieved from /opt/airflow/dags/05_etl_weather_postgres.py
[2026-08-30T18:16:28.703+0000] {logging_mixin.py:190} INFO - [2026-08-30T18:16:28.703+0000] {dag.py:3239} INFO - Sync 1 DAGs
[2026-08-30T18:16:28.718+0000] {logging_mixin.py:190} INFO - [2026-08-30T18:16:28.718+0000] {dag.py:4180} INFO - Setting next_dagrun for etl_weather_postgres_dag to None, run_after=None
[2026-08-30T18:16:28.741+0000] {processor.py:208} INFO - Processing /opt/airflow/dags/05_etl_weather_postgres.py took 0.111 seconds
[2026-08-30T18:16:59.295+0000] {processor.py:186} INFO - Started process (PID=285) to work on /opt/airflow/dags/05_etl_weather_postgres.py
[2026-08-30T18:16:59.296+0000] {processor.py:914} INFO - Processing file /opt/airflow/dags/05_etl_weather_postgres.py for tasks to queue
[2026-08-30T18:16:59.301+0000] {logging_mixin.py:190} INFO - [2026-08-30T18:16:59.300+0000] {dagbag.py:588} INFO - Filling up the DagBag from /opt/airflow/dags/05_etl_weather_postgres.py
[2026-08-30T18:16:59.320+0000] {processor.py:925} INFO - DAG(s) 'etl_weather_postgres_dag' retrieved from /opt/airflow/dags/05_etl_weather_postgres.py
[2026-08-30T18:16:59.360+0000] {logging_mixin.py:190} INFO - [2026-08-30T18:16:59.360+0000] {dag.py:3239} INFO - Sync 1 DAGs
[2026-08-30T18:16:59.376+0000] {logging_mixin.py:190} INFO - [2026-08-30T18:16:59.375+0000] {dag.py:4180} INFO - Setting next_dagrun for etl_weather_postgres_dag to None, run_after=None
[2026-08-30T18:16:59.394+0000] {processor.py:208} INFO - Processing /opt/airflow/dags/05_etl_weather_postgres.py took 0.107 seconds
[2026-08-30T18:17:30.000+0000] {processor.py:186} INFO - Started process (PID=298) to work on /opt/airflow/dags/05_etl_weather_postgres.py
[2026-08-30T18:17:30.001+0000] {processor.py:914} INFO - Processing file /opt/airflow/dags/05_etl_weather_postgres.py for tasks to queue
[2026-08-30T18:17:30.005+0000] {logging_mixin.py:190} INFO - [2026-08-30T18:17:30.005+0000] {dagbag.py:588} INFO - Filling up the DagBag from /opt/airflow/dags/05_etl_weather_postgres.py
[2026-08-30T18:17:30.021+0000] {processor.py:925} INFO - DAG(s) 'etl_weather_postgres_dag' retrieved from /opt/airflow/dags/05_etl_weather_postgres.py
[2026-08-30T18:17:30.055+0000] {logging_mixin.py:190} INFO - [2026-08-30T18:17:30.055+0000] {dag.py:3239} INFO - Sync 1 DAGs
[2026-08-30T18:17:30.071+0000] {logging_mixin.py:190} INFO - [2026-08-30T18:17:30.071+0000] {dag.py:4180} INFO - Setting next_dagrun for etl_weather_postgres_dag to None, run_after=None
[2026-08-30T18:17:30.092+0000] {processor.py:208} INFO - Processing /opt/airflow/dags/05_etl_weather_postgres.py took 0.099 seconds
[2026-08-30T18:18:00.659+0000] {processor.py:186} INFO - Started process (PID=311) to work on /opt/airflow/dags/05_etl_weather_postgres.py
[2026-08-30T18:18:00.660+0000] {processor.py:914} INFO - Processing file /opt/airflow/dags/05_etl_weather_postgres.py for tasks to queue
[2026-08-30T18:18:00.664+0000] {logging_mixin.py:190} INFO - [2026-08-30T18:18:00.663+0000] {dagbag.py:588} INFO - Filling up the DagBag from /opt/airflow/dags/05_etl_weather_postgres.py
[2026-08-30T18:18:00.679+0000] {processor.py:925} INFO - DAG(s) 'etl_weather_postgres_dag' retrieved from /opt/airflow/dags/05_etl_weather_postgres.py
[2026-08-30T18:18:00.711+0000] {logging_mixin.py:190} INFO - [2026-08-30T18:18:00.711+0000] {dag.py:3239} INFO - Sync 1 DAGs
[2026-08-30T18:18:00.728+0000] {logging_mixin.py:190} INFO - [2026-08-30T18:18:00.727+0000] {dag.py:4180} INFO - Setting next_dagrun for etl_weather_postgres_dag to None, run_after=None
[2026-08-30T18:18:00.757+0000] {processor.py:208} INFO - Processing /opt/airflow/dags/05_etl_weather_postgres.py took 0.104 seconds
[2026-08-30T18:18:31.391+0000] {processor.py:186} INFO - Started process (PID=324) to work on /opt/airflow/dags/05_etl_weather_postgres.py
[2026-08-30T18:18:31.392+0000] {processor.py:914} INFO - Processing file /opt/airflow/dags/05_etl_weather_postgres.py for tasks to queue
[2026-08-30T18:18:31.395+0000] {logging_mixin.py:190} INFO - [2026-08-30T18:18:31.395+0000] {dagbag.py:588} INFO - Filling up the DagBag from /opt/airflow/dags/05_etl_weather_postgres.py
[2026-08-30T18:18:31.425+0000] {processor.py:925} INFO - DAG(s) 'etl_weather_postgres_dag' retrieved from /opt/airflow/dags/05_etl_weather_postgres.py
[2026-08-30T18:18:31.464+0000] {logging_mixin.py:190} INFO - [2026-08-30T18:18:31.464+0000] {dag.py:3239} INFO - Sync 1 DAGs
[2026-08-30T18:18:31.485+0000] {logging_mixin.py:190} INFO - [2026-08-30T18:18:31.485+0000] {dag.py:4180} INFO - Setting next_dagrun for etl_weather_postgres_dag to None, run_after=None
[2026-08-30T18:18:31.506+0000] {processor.py:208} INFO - Processing /opt/airflow/dags/05_etl_weather_postgres.py took 0.126 seconds
[2026-08-30T18:19:02.348+0000] {processor.py:186} INFO - Started process (PID=337) to work on /opt/airflow/dags/05_etl_weather_postgres.py
[2026-08-30T18:19:02.350+0000] {processor.py:914} INFO - Processing file /opt/airflow/dags/05_etl_weather_postgres.py for tasks to queue
[2026-08-30T18:19:02.363+0000] {logging_mixin.py:190} INFO - [2026-08-30T18:19:02.362+0000] {dagbag.py:588} INFO - Filling up the DagBag from /opt/airflow/dags/05_etl_weather_postgres.py
[2026-08-30T18:19:02.396+0000] {processor.py:925} INFO - DAG(s) 'etl_weather_postgres_dag' retrieved from /opt/airflow/dags/05_etl_weather_postgres.py
[2026-08-30T18:19:02.476+0000] {logging_mixin.py:190} INFO - [2026-08-30T18:19:02.475+0000] {dag.py:3239} INFO - Sync 1 DAGs
[2026-08-30T18:19:02.513+0000] {logging_mixin.py:190} INFO - [2026-08-30T18:19:02.512+0000] {dag.py:4180} INFO - Setting next_dagrun for etl_weather_postgres_dag to None, run_after=None
[2026-08-30T18:19:02.568+0000] {processor.py:208} INFO - Processing /opt/airflow/dags/05_etl_weather_postgres.py took 0.230 seconds
[2026-08-30T18:19:32.810+0000] {processor.py:186} INFO - Started process (PID=350) to work on /opt/airflow/dags/05_etl_weather_postgres.py
[2026-08-30T18:19:32.812+0000] {processor.py:914} INFO - Processing file /opt/airflow/dags/05_etl_weather_postgres.py for tasks to queue
[2026-08-30T18:19:32.815+0000] {logging_mixin.py:190} INFO - [2026-08-30T18:19:32.815+0000] {dagbag.py:588} INFO - Filling up the DagBag from /opt/airflow/dags/05_etl_weather_postgres.py
[2026-08-30T18:19:32.848+0000] {processor.py:925} INFO - DAG(s) 'etl_weather_postgres_dag' retrieved from /opt/airflow/dags/05_etl_weather_postgres.py
[2026-08-30T18:19:32.909+0000] {logging_mixin.py:190} INFO - [2026-08-30T18:19:32.907+0000] {dag.py:3239} INFO - Sync 1 DAGs
[2026-08-30T18:19:32.925+0000] {logging_mixin.py:190} INFO - [2026-08-30T18:19:32.924+0000] {dag.py:4180} INFO - Setting next_dagrun for etl_weather_postgres_dag to None, run_after=None
[2026-08-30T18:19:32.952+0000] {processor.py:208} INFO - Processing /opt/airflow/dags/05_etl_weather_postgres.py took 0.159 seconds
[2026-08-30T18:20:03.391+0000] {processor.py:186} INFO - Started process (PID=363) to work on /opt/airflow/dags/05_etl_weather_postgres.py
[2026-08-30T18:20:03.394+0000] {processor.py:914} INFO - Processing file /opt/airflow/dags/05_etl_weather_postgres.py for tasks to queue
[2026-08-30T18:20:03.402+0000] {logging_mixin.py:190} INFO - [2026-08-30T18:20:03.402+0000] {dagbag.py:588} INFO - Filling up the DagBag from /opt/airflow/dags/05_etl_weather_postgres.py
[2026-08-30T18:20:03.426+0000] {processor.py:925} INFO - DAG(s) 'etl_weather_postgres_dag' retrieved from /opt/airflow/dags/05_etl_weather_postgres.py
[2026-08-30T18:20:03.471+0000] {logging_mixin.py:190} INFO - [2026-08-30T18:20:03.470+0000] {dag.py:3239} INFO - Sync 1 DAGs
[2026-08-30T18:20:03.497+0000] {logging_mixin.py:190} INFO - [2026-08-30T18:20:03.497+0000] {dag.py:4180} INFO - Setting next_dagrun for etl_weather_postgres_dag to None, run_after=None
[2026-08-30T18:20:03.537+0000] {processor.py:208} INFO - Processing /opt/airflow/dags/05_etl_weather_postgres.py took 0.157 seconds
[2026-08-30T18:20:33.723+0000] {processor.py:186} INFO - Started process (PID=376) to work on /opt/airflow/dags/05_etl_weather_postgres.py
[2026-08-30T18:20:33.724+0000] {processor.py:914} INFO - Processing file /opt/airflow/dags/05_etl_weather_postgres.py for tasks to queue
[2026-08-30T18:20:33.727+0000] {logging_mixin.py:190} INFO - [2026-08-30T18:20:33.727+0000] {dagbag.py:588} INFO - Filling up the DagBag from /opt/airflow/dags/05_etl_weather_postgres.py
[2026-08-30T18:20:33.751+0000] {processor.py:925} INFO - DAG(s) 'etl_weather_postgres_dag' retrieved from /opt/airflow/dags/05_etl_weather_postgres.py
[2026-08-30T18:20:33.805+0000] {logging_mixin.py:190} INFO - [2026-08-30T18:20:33.805+0000] {dag.py:3239} INFO - Sync 1 DAGs
[2026-08-30T18:20:33.825+0000] {logging_mixin.py:190} INFO - [2026-08-30T18:20:33.825+0000] {dag.py:4180} INFO - Setting next_dagrun for etl_weather_postgres_dag to None, run_after=None
[2026-08-30T18:20:33.853+0000] {processor.py:208} INFO - Processing /opt/airflow/dags/05_etl_weather_postgres.py took 0.136 seconds
[2026-08-30T18:21:04.104+0000] {processor.py:186} INFO - Started process (PID=389) to work on /opt/airflow/dags/05_etl_weather_postgres.py
[2026-08-30T18:21:04.106+0000] {processor.py:914} INFO - Processing file /opt/airflow/dags/05_etl_weather_postgres.py for tasks to queue
[2026-08-30T18:21:04.113+0000] {logging_mixin.py:190} INFO - [2026-08-30T18:21:04.113+0000] {dagbag.py:588} INFO - Filling up the DagBag from /opt/airflow/dags/05_etl_weather_postgres.py
[2026-08-30T18:21:04.139+0000] {processor.py:925} INFO - DAG(s) 'etl_weather_postgres_dag' retrieved from /opt/airflow/dags/05_etl_weather_postgres.py
[2026-08-30T18:21:04.189+0000] {logging_mixin.py:190} INFO - [2026-08-30T18:21:04.189+0000] {dag.py:3239} INFO - Sync 1 DAGs
[2026-08-30T18:21:04.227+0000] {logging_mixin.py:190} INFO - [2026-08-30T18:21:04.227+0000] {dag.py:4180} INFO - Setting next_dagrun for etl_weather_postgres_dag to None, run_after=None
[2026-08-30T18:21:04.249+0000] {processor.py:208} INFO - Processing /opt/airflow/dags/05_etl_weather_postgres.py took 0.159 seconds
[2026-08-30T18:21:35.058+0000] {processor.py:186} INFO - Started process (PID=402) to work on /opt/airflow/dags/05_etl_weather_postgres.py
[2026-08-30T18:21:35.060+0000] {processor.py:914} INFO - Processing file /opt/airflow/dags/05_etl_weather_postgres.py for tasks to queue
[2026-08-30T18:21:35.067+0000] {logging_mixin.py:190} INFO - [2026-08-30T18:21:35.067+0000] {dagbag.py:588} INFO - Filling up the DagBag from /opt/airflow/dags/05_etl_weather_postgres.py
[2026-08-30T18:21:35.091+0000] {processor.py:925} INFO - DAG(s) 'etl_weather_postgres_dag' retrieved from /opt/airflow/dags/05_etl_weather_postgres.py
[2026-08-30T18:21:35.154+0000] {logging_mixin.py:190} INFO - [2026-08-30T18:21:35.153+0000] {dag.py:3239} INFO - Sync 1 DAGs
[2026-08-30T18:21:35.179+0000] {logging_mixin.py:190} INFO - [2026-08-30T18:21:35.179+0000] {dag.py:4180} INFO - Setting next_dagrun for etl_weather_postgres_dag to None, run_after=None
[2026-08-30T18:21:35.201+0000] {processor.py:208} INFO - Processing /opt/airflow/dags/05_etl_weather_postgres.py took 0.156 seconds
[2026-08-30T18:22:05.732+0000] {processor.py:186} INFO - Started process (PID=415) to work on /opt/airflow/dags/05_etl_weather_postgres.py
[2026-08-30T18:22:05.734+0000] {processor.py:914} INFO - Processing file /opt/airflow/dags/05_etl_weather_postgres.py for tasks to queue
[2026-08-30T18:22:05.737+0000] {logging_mixin.py:190} INFO - [2026-08-30T18:22:05.736+0000] {dagbag.py:588} INFO - Filling up the DagBag from /opt/airflow/dags/05_etl_weather_postgres.py
[2026-08-30T18:22:05.761+0000] {processor.py:925} INFO - DAG(s) 'etl_weather_postgres_dag' retrieved from /opt/airflow/dags/05_etl_weather_postgres.py
[2026-08-30T18:22:05.811+0000] {logging_mixin.py:190} INFO - [2026-08-30T18:22:05.811+0000] {dag.py:3239} INFO - Sync 1 DAGs
[2026-08-30T18:22:05.836+0000] {logging_mixin.py:190} INFO - [2026-08-30T18:22:05.836+0000] {dag.py:4180} INFO - Setting next_dagrun for etl_weather_postgres_dag to None, run_after=None
[2026-08-30T18:22:05.858+0000] {processor.py:208} INFO - Processing /opt/airflow/dags/05_etl_weather_postgres.py took 0.134 seconds
[2026-08-30T18:22:36.296+0000] {processor.py:186} INFO - Started process (PID=428) to work on /opt/airflow/dags/05_etl_weather_postgres.py
[2026-08-30T18:22:36.298+0000] {processor.py:914} INFO - Processing file /opt/airflow/dags/05_etl_weather_postgres.py for tasks to queue
[2026-08-30T18:22:36.305+0000] {logging_mixin.py:190} INFO - [2026-08-30T18:22:36.305+0000] {dagbag.py:588} INFO - Filling up the DagBag from /opt/airflow/dags/05_etl_weather_postgres.py
[2026-08-30T18:22:36.329+0000] {processor.py:925} INFO - DAG(s) 'etl_weather_postgres_dag' retrieved from /opt/airflow/dags/05_etl_weather_postgres.py
[2026-08-30T18:22:36.379+0000] {logging_mixin.py:190} INFO - [2026-08-30T18:22:36.379+0000] {dag.py:3239} INFO - Sync 1 DAGs
[2026-08-30T18:22:36.398+0000] {logging_mixin.py:190} INFO - [2026-08-30T18:22:36.398+0000] {dag.py:4180} INFO - Setting next_dagrun for etl_weather_postgres_dag to None, run_after=None
[2026-08-30T18:22:36.421+0000] {processor.py:208} INFO - Processing /opt/airflow/dags/05_etl_weather_postgres.py took 0.135 seconds
[2026-08-30T18:24:41.926+0000] {processor.py:186} INFO - Started process (PID=92) to work on /opt/airflow/dags/05_etl_weather_postgres.py
[2026-08-30T18:24:41.933+0000] {processor.py:914} INFO - Processing file /opt/airflow/dags/05_etl_weather_postgres.py for tasks to queue
[2026-08-30T18:24:41.946+0000] {logging_mixin.py:190} INFO - [2026-08-30T18:24:41.942+0000] {dagbag.py:588} INFO - Filling up the DagBag from /opt/airflow/dags/05_etl_weather_postgres.py
[2026-08-30T18:24:42.004+0000] {processor.py:925} INFO - DAG(s) 'etl_weather_postgres_dag' retrieved from /opt/airflow/dags/05_etl_weather_postgres.py
[2026-08-30T18:24:42.101+0000] {logging_mixin.py:190} INFO - [2026-08-30T18:24:42.101+0000] {dag.py:3239} INFO - Sync 1 DAGs
[2026-08-30T18:24:42.124+0000] {logging_mixin.py:190} INFO - [2026-08-30T18:24:42.124+0000] {dag.py:4180} INFO - Setting next_dagrun for etl_weather_postgres_dag to None, run_after=None
[2026-08-30T18:24:42.156+0000] {processor.py:208} INFO - Processing /opt/airflow/dags/05_etl_weather_postgres.py took 0.250 seconds
[2026-08-30T18:25:12.474+0000] {processor.py:186} INFO - Started process (PID=104) to work on /opt/airflow/dags/05_etl_weather_postgres.py
[2026-08-30T18:25:12.475+0000] {processor.py:914} INFO - Processing file /opt/airflow/dags/05_etl_weather_postgres.py for tasks to queue
[2026-08-30T18:25:12.481+0000] {logging_mixin.py:190} INFO - [2026-08-30T18:25:12.479+0000] {dagbag.py:588} INFO - Filling up the DagBag from /opt/airflow/dags/05_etl_weather_postgres.py
[2026-08-30T18:25:12.510+0000] {processor.py:925} INFO - DAG(s) 'etl_weather_postgres_dag' retrieved from /opt/airflow/dags/05_etl_weather_postgres.py
[2026-08-30T18:25:12.559+0000] {logging_mixin.py:190} INFO - [2026-08-30T18:25:12.559+0000] {dag.py:3239} INFO - Sync 1 DAGs
[2026-08-30T18:25:12.576+0000] {logging_mixin.py:190} INFO - [2026-08-30T18:25:12.576+0000] {dag.py:4180} INFO - Setting next_dagrun for etl_weather_postgres_dag to None, run_after=None
[2026-08-30T18:25:12.598+0000] {processor.py:208} INFO - Processing /opt/airflow/dags/05_etl_weather_postgres.py took 0.133 seconds
[2026-08-30T18:25:43.156+0000] {processor.py:186} INFO - Started process (PID=117) to work on /opt/airflow/dags/05_etl_weather_postgres.py
[2026-08-30T18:25:43.158+0000] {processor.py:914} INFO - Processing file /opt/airflow/dags/05_etl_weather_postgres.py for tasks to queue
[2026-08-30T18:25:43.182+0000] {logging_mixin.py:190} INFO - [2026-08-30T18:25:43.180+0000] {dagbag.py:588} INFO - Filling up the DagBag from /opt/airflow/dags/05_etl_weather_postgres.py
[2026-08-30T18:25:43.257+0000] {processor.py:925} INFO - DAG(s) 'etl_weather_postgres_dag' retrieved from /opt/airflow/dags/05_etl_weather_postgres.py
[2026-08-30T18:25:43.373+0000] {logging_mixin.py:190} INFO - [2026-08-30T18:25:43.373+0000] {dag.py:3239} INFO - Sync 1 DAGs
[2026-08-30T18:25:43.467+0000] {logging_mixin.py:190} INFO - [2026-08-30T18:25:43.466+0000] {dag.py:4180} INFO - Setting next_dagrun for etl_weather_postgres_dag to None, run_after=None
[2026-08-30T18:25:43.550+0000] {processor.py:208} INFO - Processing /opt/airflow/dags/05_etl_weather_postgres.py took 0.425 seconds
[2026-08-30T18:26:13.806+0000] {processor.py:186} INFO - Started process (PID=130) to work on /opt/airflow/dags/05_etl_weather_postgres.py
[2026-08-30T18:26:13.807+0000] {processor.py:914} INFO - Processing file /opt/airflow/dags/05_etl_weather_postgres.py for tasks to queue
[2026-08-30T18:26:13.808+0000] {logging_mixin.py:190} INFO - [2026-08-30T18:26:13.808+0000] {dagbag.py:588} INFO - Filling up the DagBag from /opt/airflow/dags/05_etl_weather_postgres.py
[2026-08-30T18:26:13.817+0000] {processor.py:925} INFO - DAG(s) 'etl_weather_postgres_dag' retrieved from /opt/airflow/dags/05_etl_weather_postgres.py
[2026-08-30T18:26:13.844+0000] {logging_mixin.py:190} INFO - [2026-08-30T18:26:13.843+0000] {dag.py:3239} INFO - Sync 1 DAGs
[2026-08-30T18:26:13.852+0000] {logging_mixin.py:190} INFO - [2026-08-30T18:26:13.852+0000] {dag.py:4180} INFO - Setting next_dagrun for etl_weather_postgres_dag to None, run_after=None
[2026-08-30T18:26:13.869+0000] {processor.py:208} INFO - Processing /opt/airflow/dags/05_etl_weather_postgres.py took 0.068 seconds
[2026-08-30T18:26:44.232+0000] {processor.py:186} INFO - Started process (PID=143) to work on /opt/airflow/dags/05_etl_weather_postgres.py
[2026-08-30T18:26:44.234+0000] {processor.py:914} INFO - Processing file /opt/airflow/dags/05_etl_weather_postgres.py for tasks to queue
[2026-08-30T18:26:44.236+0000] {logging_mixin.py:190} INFO - [2026-08-30T18:26:44.236+0000] {dagbag.py:588} INFO - Filling up the DagBag from /opt/airflow/dags/05_etl_weather_postgres.py
[2026-08-30T18:26:44.254+0000] {processor.py:925} INFO - DAG(s) 'etl_weather_postgres_dag' retrieved from /opt/airflow/dags/05_etl_weather_postgres.py
[2026-08-30T18:26:44.299+0000] {logging_mixin.py:190} INFO - [2026-08-30T18:26:44.299+0000] {dag.py:3239} INFO - Sync 1 DAGs
[2026-08-30T18:26:44.315+0000] {logging_mixin.py:190} INFO - [2026-08-30T18:26:44.315+0000] {dag.py:4180} INFO - Setting next_dagrun for etl_weather_postgres_dag to None, run_after=None
[2026-08-30T18:26:44.332+0000] {processor.py:208} INFO - Processing /opt/airflow/dags/05_etl_weather_postgres.py took 0.110 seconds
[2026-08-30T18:27:14.560+0000] {processor.py:186} INFO - Started process (PID=156) to work on /opt/airflow/dags/05_etl_weather_postgres.py
[2026-08-30T18:27:14.562+0000] {processor.py:914} INFO - Processing file /opt/airflow/dags/05_etl_weather_postgres.py for tasks to queue
[2026-08-30T18:27:14.565+0000] {logging_mixin.py:190} INFO - [2026-08-30T18:27:14.565+0000] {dagbag.py:588} INFO - Filling up the DagBag from /opt/airflow/dags/05_etl_weather_postgres.py
[2026-08-30T18:27:14.584+0000] {processor.py:925} INFO - DAG(s) 'etl_weather_postgres_dag' retrieved from /opt/airflow/dags/05_etl_weather_postgres.py
[2026-08-30T18:27:15.068+0000] {logging_mixin.py:190} INFO - [2026-08-30T18:27:15.068+0000] {dag.py:3239} INFO - Sync 1 DAGs
[2026-08-30T18:27:15.078+0000] {logging_mixin.py:190} INFO - [2026-08-30T18:27:15.078+0000] {dag.py:4180} INFO - Setting next_dagrun for etl_weather_postgres_dag to None, run_after=None
[2026-08-30T18:27:15.120+0000] {processor.py:208} INFO - Processing /opt/airflow/dags/05_etl_weather_postgres.py took 0.571 seconds
[2026-08-30T18:27:45.830+0000] {processor.py:186} INFO - Started process (PID=169) to work on /opt/airflow/dags/05_etl_weather_postgres.py
[2026-08-30T18:27:45.833+0000] {processor.py:914} INFO - Processing file /opt/airflow/dags/05_etl_weather_postgres.py for tasks to queue
[2026-08-30T18:27:45.841+0000] {logging_mixin.py:190} INFO - [2026-08-30T18:27:45.841+0000] {dagbag.py:588} INFO - Filling up the DagBag from /opt/airflow/dags/05_etl_weather_postgres.py
[2026-08-30T18:27:45.896+0000] {processor.py:925} INFO - DAG(s) 'etl_weather_postgres_dag' retrieved from /opt/airflow/dags/05_etl_weather_postgres.py
[2026-08-30T18:27:45.933+0000] {logging_mixin.py:190} INFO - [2026-08-30T18:27:45.933+0000] {dag.py:3239} INFO - Sync 1 DAGs
[2026-08-30T18:27:45.943+0000] {logging_mixin.py:190} INFO - [2026-08-30T18:27:45.943+0000] {dag.py:4180} INFO - Setting next_dagrun for etl_weather_postgres_dag to None, run_after=None
[2026-08-30T18:27:45.952+0000] {processor.py:208} INFO - Processing /opt/airflow/dags/05_etl_weather_postgres.py took 0.137 seconds
[2026-08-30T18:28:16.163+0000] {processor.py:186} INFO - Started process (PID=182) to work on /opt/airflow/dags/05_etl_weather_postgres.py
[2026-08-30T18:28:16.165+0000] {processor.py:914} INFO - Processing file /opt/airflow/dags/05_etl_weather_postgres.py for tasks to queue
[2026-08-30T18:28:16.170+0000] {logging_mixin.py:190} INFO - [2026-08-30T18:28:16.169+0000] {dagbag.py:588} INFO - Filling up the DagBag from /opt/airflow/dags/05_etl_weather_postgres.py
[2026-08-30T18:28:16.194+0000] {processor.py:925} INFO - DAG(s) 'etl_weather_postgres_dag' retrieved from /opt/airflow/dags/05_etl_weather_postgres.py
[2026-08-30T18:28:16.226+0000] {logging_mixin.py:190} INFO - [2026-08-30T18:28:16.226+0000] {dag.py:3239} INFO - Sync 1 DAGs
[2026-08-30T18:28:16.242+0000] {logging_mixin.py:190} INFO - [2026-08-30T18:28:16.242+0000] {dag.py:4180} INFO - Setting next_dagrun for etl_weather_postgres_dag to None, run_after=None
[2026-08-30T18:28:16.259+0000] {processor.py:208} INFO - Processing /opt/airflow/dags/05_etl_weather_postgres.py took 0.107 seconds
[2026-08-30T18:28:46.934+0000] {processor.py:186} INFO - Started process (PID=195) to work on /opt/airflow/dags/05_etl_weather_postgres.py
[2026-08-30T18:28:46.937+0000] {processor.py:914} INFO - Processing file /opt/airflow/dags/05_etl_weather_postgres.py for tasks to queue
[2026-08-30T18:28:46.965+0000] {logging_mixin.py:190} INFO - [2026-08-30T18:28:46.963+0000] {dagbag.py:588} INFO - Filling up the DagBag from /opt/airflow/dags/05_etl_weather_postgres.py
[2026-08-30T18:28:46.994+0000] {processor.py:925} INFO - DAG(s) 'etl_weather_postgres_dag' retrieved from /opt/airflow/dags/05_etl_weather_postgres.py
[2026-08-30T18:28:47.059+0000] {logging_mixin.py:190} INFO - [2026-08-30T18:28:47.059+0000] {dag.py:3239} INFO - Sync 1 DAGs
[2026-08-30T18:28:47.077+0000] {logging_mixin.py:190} INFO - [2026-08-30T18:28:47.077+0000] {dag.py:4180} INFO - Setting next_dagrun for etl_weather_postgres_dag to None, run_after=None
[2026-08-30T18:28:47.101+0000] {processor.py:208} INFO - Processing /opt/airflow/dags/05_etl_weather_postgres.py took 0.174 seconds
[2026-08-30T18:29:17.184+0000] {processor.py:186} INFO - Started process (PID=207) to work on /opt/airflow/dags/05_etl_weather_postgres.py
[2026-08-30T18:29:17.188+0000] {processor.py:914} INFO - Processing file /opt/airflow/dags/05_etl_weather_postgres.py for tasks to queue
[2026-08-30T18:29:17.195+0000] {logging_mixin.py:190} INFO - [2026-08-30T18:29:17.195+0000] {dagbag.py:588} INFO - Filling up the DagBag from /opt/airflow/dags/05_etl_weather_postgres.py
[2026-08-30T18:29:17.231+0000] {processor.py:925} INFO - DAG(s) 'etl_weather_postgres_dag' retrieved from /opt/airflow/dags/05_etl_weather_postgres.py
[2026-08-30T18:29:17.277+0000] {logging_mixin.py:190} INFO - [2026-08-30T18:29:17.276+0000] {dag.py:3239} INFO - Sync 1 DAGs
[2026-08-30T18:29:17.293+0000] {logging_mixin.py:190} INFO - [2026-08-30T18:29:17.293+0000] {dag.py:4180} INFO - Setting next_dagrun for etl_weather_postgres_dag to None, run_after=None
[2026-08-30T18:29:17.306+0000] {processor.py:208} INFO - Processing /opt/airflow/dags/05_etl_weather_postgres.py took 0.140 seconds
[2026-08-30T18:29:47.744+0000] {processor.py:186} INFO - Started process (PID=221) to work on /opt/airflow/dags/05_etl_weather_postgres.py
[2026-08-30T18:29:47.746+0000] {processor.py:914} INFO - Processing file /opt/airflow/dags/05_etl_weather_postgres.py for tasks to queue
[2026-08-30T18:29:47.757+0000] {logging_mixin.py:190} INFO - [2026-08-30T18:29:47.756+0000] {dagbag.py:588} INFO - Filling up the DagBag from /opt/airflow/dags/05_etl_weather_postgres.py
[2026-08-30T18:29:47.791+0000] {processor.py:925} INFO - DAG(s) 'etl_weather_postgres_dag' retrieved from /opt/airflow/dags/05_etl_weather_postgres.py
[2026-08-30T18:29:47.857+0000] {logging_mixin.py:190} INFO - [2026-08-30T18:29:47.856+0000] {dag.py:3239} INFO - Sync 1 DAGs
[2026-08-30T18:29:47.874+0000] {logging_mixin.py:190} INFO - [2026-08-30T18:29:47.874+0000] {dag.py:4180} INFO - Setting next_dagrun for etl_weather_postgres_dag to None, run_after=None
[2026-08-30T18:29:47.897+0000] {processor.py:208} INFO - Processing /opt/airflow/dags/05_etl_weather_postgres.py took 0.159 seconds
[2026-08-30T18:30:18.094+0000] {processor.py:186} INFO - Started process (PID=234) to work on /opt/airflow/dags/05_etl_weather_postgres.py
[2026-08-30T18:30:18.095+0000] {processor.py:914} INFO - Processing file /opt/airflow/dags/05_etl_weather_postgres.py for tasks to queue
[2026-08-30T18:30:18.103+0000] {logging_mixin.py:190} INFO - [2026-08-30T18:30:18.102+0000] {dagbag.py:588} INFO - Filling up the DagBag from /opt/airflow/dags/05_etl_weather_postgres.py
[2026-08-30T18:30:18.146+0000] {processor.py:925} INFO - DAG(s) 'etl_weather_postgres_dag' retrieved from /opt/airflow/dags/05_etl_weather_postgres.py
[2026-08-30T18:30:18.227+0000] {logging_mixin.py:190} INFO - [2026-08-30T18:30:18.227+0000] {dag.py:3239} INFO - Sync 1 DAGs
[2026-08-30T18:30:18.250+0000] {logging_mixin.py:190} INFO - [2026-08-30T18:30:18.250+0000] {dag.py:4180} INFO - Setting next_dagrun for etl_weather_postgres_dag to None, run_after=None
[2026-08-30T18:30:18.272+0000] {processor.py:208} INFO - Processing /opt/airflow/dags/05_etl_weather_postgres.py took 0.216 seconds
[2026-08-30T18:30:48.541+0000] {processor.py:186} INFO - Started process (PID=246) to work on /opt/airflow/dags/05_etl_weather_postgres.py
[2026-08-30T18:30:48.543+0000] {processor.py:914} INFO - Processing file /opt/airflow/dags/05_etl_weather_postgres.py for tasks to queue
[2026-08-30T18:30:48.548+0000] {logging_mixin.py:190} INFO - [2026-08-30T18:30:48.547+0000] {dagbag.py:588} INFO - Filling up the DagBag from /opt/airflow/dags/05_etl_weather_postgres.py
[2026-08-30T18:30:48.577+0000] {processor.py:925} INFO - DAG(s) 'etl_weather_postgres_dag' retrieved from /opt/airflow/dags/05_etl_weather_postgres.py
[2026-08-30T18:30:48.633+0000] {logging_mixin.py:190} INFO - [2026-08-30T18:30:48.632+0000] {dag.py:3239} INFO - Sync 1 DAGs
[2026-08-30T18:30:48.655+0000] {logging_mixin.py:190} INFO - [2026-08-30T18:30:48.654+0000] {dag.py:4180} INFO - Setting next_dagrun for etl_weather_postgres_dag to None, run_after=None
[2026-08-30T18:30:48.675+0000] {processor.py:208} INFO - Processing /opt/airflow/dags/05_etl_weather_postgres.py took 0.155 seconds
[2026-08-30T18:31:19.390+0000] {processor.py:186} INFO - Started process (PID=259) to work on /opt/airflow/dags/05_etl_weather_postgres.py
[2026-08-30T18:31:19.393+0000] {processor.py:914} INFO - Processing file /opt/airflow/dags/05_etl_weather_postgres.py for tasks to queue
[2026-08-30T18:31:19.402+0000] {logging_mixin.py:190} INFO - [2026-08-30T18:31:19.402+0000] {dagbag.py:588} INFO - Filling up the DagBag from /opt/airflow/dags/05_etl_weather_postgres.py
[2026-08-30T18:31:19.434+0000] {processor.py:925} INFO - DAG(s) 'etl_weather_postgres_dag' retrieved from /opt/airflow/dags/05_etl_weather_postgres.py
[2026-08-30T18:31:19.483+0000] {logging_mixin.py:190} INFO - [2026-08-30T18:31:19.483+0000] {dag.py:3239} INFO - Sync 1 DAGs
[2026-08-30T18:31:19.506+0000] {logging_mixin.py:190} INFO - [2026-08-30T18:31:19.506+0000] {dag.py:4180} INFO - Setting next_dagrun for etl_weather_postgres_dag to None, run_after=None
[2026-08-30T18:31:19.524+0000] {processor.py:208} INFO - Processing /opt/airflow/dags/05_etl_weather_postgres.py took 0.147 seconds
[2026-08-30T18:31:50.172+0000] {processor.py:186} INFO - Started process (PID=272) to work on /opt/airflow/dags/05_etl_weather_postgres.py
[2026-08-30T18:31:50.174+0000] {processor.py:914} INFO - Processing file /opt/airflow/dags/05_etl_weather_postgres.py for tasks to queue
[2026-08-30T18:31:50.180+0000] {logging_mixin.py:190} INFO - [2026-08-30T18:31:50.179+0000] {dagbag.py:588} INFO - Filling up the DagBag from /opt/airflow/dags/05_etl_weather_postgres.py
[2026-08-30T18:31:50.203+0000] {processor.py:925} INFO - DAG(s) 'etl_weather_postgres_dag' retrieved from /opt/airflow/dags/05_etl_weather_postgres.py
[2026-08-30T18:31:50.257+0000] {logging_mixin.py:190} INFO - [2026-08-30T18:31:50.257+0000] {dag.py:3239} INFO - Sync 1 DAGs
[2026-08-30T18:31:50.282+0000] {logging_mixin.py:190} INFO - [2026-08-30T18:31:50.282+0000] {dag.py:4180} INFO - Setting next_dagrun for etl_weather_postgres_dag to None, run_after=None
[2026-08-30T18:31:50.304+0000] {processor.py:208} INFO - Processing /opt/airflow/dags/05_etl_weather_postgres.py took 0.145 seconds
[2026-08-30T18:32:20.398+0000] {processor.py:186} INFO - Started process (PID=285) to work on /opt/airflow/dags/05_etl_weather_postgres.py
[2026-08-30T18:32:20.400+0000] {processor.py:914} INFO - Processing file /opt/airflow/dags/05_etl_weather_postgres.py for tasks to queue
[2026-08-30T18:32:20.404+0000] {logging_mixin.py:190} INFO - [2026-08-30T18:32:20.403+0000] {dagbag.py:588} INFO - Filling up the DagBag from /opt/airflow/dags/05_etl_weather_postgres.py
[2026-08-30T18:32:20.428+0000] {processor.py:925} INFO - DAG(s) 'etl_weather_postgres_dag' retrieved from /opt/airflow/dags/05_etl_weather_postgres.py
[2026-08-30T18:32:20.470+0000] {logging_mixin.py:190} INFO - [2026-08-30T18:32:20.470+0000] {dag.py:3239} INFO - Sync 1 DAGs
[2026-08-30T18:32:20.488+0000] {logging_mixin.py:190} INFO - [2026-08-30T18:32:20.488+0000] {dag.py:4180} INFO - Setting next_dagrun for etl_weather_postgres_dag to None, run_after=None
[2026-08-30T18:32:20.505+0000] {processor.py:208} INFO - Processing /opt/airflow/dags/05_etl_weather_postgres.py took 0.118 seconds
[2026-08-30T18:47:36.511+0000] {processor.py:186} INFO - Started process (PID=298) to work on /opt/airflow/dags/05_etl_weather_postgres.py
[2026-08-30T18:47:36.513+0000] {processor.py:914} INFO - Processing file /opt/airflow/dags/05_etl_weather_postgres.py for tasks to queue
[2026-08-30T18:47:36.515+0000] {logging_mixin.py:190} INFO - [2026-08-30T18:47:36.515+0000] {dagbag.py:588} INFO - Filling up the DagBag from /opt/airflow/dags/05_etl_weather_postgres.py
[2026-08-30T18:47:36.532+0000] {processor.py:925} INFO - DAG(s) 'etl_weather_postgres_dag' retrieved from /opt/airflow/dags/05_etl_weather_postgres.py
[2026-08-30T18:47:36.571+0000] {logging_mixin.py:190} INFO - [2026-08-30T18:47:36.571+0000] {dag.py:3239} INFO - Sync 1 DAGs
[2026-08-30T18:47:36.583+0000] {logging_mixin.py:190} INFO - [2026-08-30T18:47:36.583+0000] {dag.py:4180} INFO - Setting next_dagrun for etl_weather_postgres_dag to None, run_after=None
[2026-08-30T18:47:36.597+0000] {processor.py:208} INFO - Processing /opt/airflow/dags/05_etl_weather_postgres.py took 0.098 seconds
[2026-08-30T18:48:06.857+0000] {processor.py:186} INFO - Started process (PID=310) to work on /opt/airflow/dags/05_etl_weather_postgres.py
[2026-08-30T18:48:06.859+0000] {processor.py:914} INFO - Processing file /opt/airflow/dags/05_etl_weather_postgres.py for tasks to queue
[2026-08-30T18:48:06.864+0000] {logging_mixin.py:190} INFO - [2026-08-30T18:48:06.864+0000] {dagbag.py:588} INFO - Filling up the DagBag from /opt/airflow/dags/05_etl_weather_postgres.py
[2026-08-30T18:48:06.893+0000] {processor.py:925} INFO - DAG(s) 'etl_weather_postgres_dag' retrieved from /opt/airflow/dags/05_etl_weather_postgres.py
[2026-08-30T18:48:06.948+0000] {logging_mixin.py:190} INFO - [2026-08-30T18:48:06.947+0000] {dag.py:3239} INFO - Sync 1 DAGs
[2026-08-30T18:48:06.968+0000] {logging_mixin.py:190} INFO - [2026-08-30T18:48:06.968+0000] {dag.py:4180} INFO - Setting next_dagrun for etl_weather_postgres_dag to None, run_after=None
[2026-08-30T18:48:06.990+0000] {processor.py:208} INFO - Processing /opt/airflow/dags/05_etl_weather_postgres.py took 0.147 seconds
[2026-08-30T19:03:34.258+0000] {processor.py:186} INFO - Started process (PID=324) to work on /opt/airflow/dags/05_etl_weather_postgres.py
[2026-08-30T19:03:34.259+0000] {processor.py:914} INFO - Processing file /opt/airflow/dags/05_etl_weather_postgres.py for tasks to queue
[2026-08-30T19:03:34.261+0000] {logging_mixin.py:190} INFO - [2026-08-30T19:03:34.261+0000] {dagbag.py:588} INFO - Filling up the DagBag from /opt/airflow/dags/05_etl_weather_postgres.py
[2026-08-30T19:03:34.269+0000] {processor.py:925} INFO - DAG(s) 'etl_weather_postgres_dag' retrieved from /opt/airflow/dags/05_etl_weather_postgres.py
[2026-08-30T19:03:34.290+0000] {logging_mixin.py:190} INFO - [2026-08-30T19:03:34.290+0000] {dag.py:3239} INFO - Sync 1 DAGs
[2026-08-30T19:03:34.300+0000] {logging_mixin.py:190} INFO - [2026-08-30T19:03:34.299+0000] {dag.py:4180} INFO - Setting next_dagrun for etl_weather_postgres_dag to None, run_after=None
[2026-08-30T19:03:34.311+0000] {processor.py:208} INFO - Processing /opt/airflow/dags/05_etl_weather_postgres.py took 0.060 seconds
[2026-08-30T19:04:05.421+0000] {processor.py:186} INFO - Started process (PID=337) to work on /opt/airflow/dags/05_etl_weather_postgres.py
[2026-08-30T19:04:05.422+0000] {processor.py:914} INFO - Processing file /opt/airflow/dags/05_etl_weather_postgres.py for tasks to queue
[2026-08-30T19:04:05.424+0000] {logging_mixin.py:190} INFO - [2026-08-30T19:04:05.423+0000] {dagbag.py:588} INFO - Filling up the DagBag from /opt/airflow/dags/05_etl_weather_postgres.py
[2026-08-30T19:04:05.432+0000] {processor.py:925} INFO - DAG(s) 'etl_weather_postgres_dag' retrieved from /opt/airflow/dags/05_etl_weather_postgres.py
[2026-08-30T19:04:05.456+0000] {logging_mixin.py:190} INFO - [2026-08-30T19:04:05.456+0000] {dag.py:3239} INFO - Sync 1 DAGs
[2026-08-30T19:04:05.465+0000] {logging_mixin.py:190} INFO - [2026-08-30T19:04:05.465+0000] {dag.py:4180} INFO - Setting next_dagrun for etl_weather_postgres_dag to None, run_after=None
[2026-08-30T19:04:05.475+0000] {processor.py:208} INFO - Processing /opt/airflow/dags/05_etl_weather_postgres.py took 0.067 seconds
[2026-08-30T19:04:36.566+0000] {processor.py:186} INFO - Started process (PID=350) to work on /opt/airflow/dags/05_etl_weather_postgres.py
[2026-08-30T19:04:36.567+0000] {processor.py:914} INFO - Processing file /opt/airflow/dags/05_etl_weather_postgres.py for tasks to queue
[2026-08-30T19:04:36.569+0000] {logging_mixin.py:190} INFO - [2026-08-30T19:04:36.569+0000] {dagbag.py:588} INFO - Filling up the DagBag from /opt/airflow/dags/05_etl_weather_postgres.py
[2026-08-30T19:04:36.577+0000] {processor.py:925} INFO - DAG(s) 'etl_weather_postgres_dag' retrieved from /opt/airflow/dags/05_etl_weather_postgres.py
[2026-08-30T19:04:36.601+0000] {logging_mixin.py:190} INFO - [2026-08-30T19:04:36.601+0000] {dag.py:3239} INFO - Sync 1 DAGs
[2026-08-30T19:04:36.610+0000] {logging_mixin.py:190} INFO - [2026-08-30T19:04:36.609+0000] {dag.py:4180} INFO - Setting next_dagrun for etl_weather_postgres_dag to None, run_after=None
[2026-08-30T19:04:36.619+0000] {processor.py:208} INFO - Processing /opt/airflow/dags/05_etl_weather_postgres.py took 0.064 seconds
[2026-08-30T19:11:33.820+0000] {processor.py:186} INFO - Started process (PID=363) to work on /opt/airflow/dags/05_etl_weather_postgres.py
[2026-08-30T19:11:33.821+0000] {processor.py:914} INFO - Processing file /opt/airflow/dags/05_etl_weather_postgres.py for tasks to queue
[2026-08-30T19:11:33.823+0000] {logging_mixin.py:190} INFO - [2026-08-30T19:11:33.823+0000] {dagbag.py:588} INFO - Filling up the DagBag from /opt/airflow/dags/05_etl_weather_postgres.py
[2026-08-30T19:11:33.831+0000] {processor.py:925} INFO - DAG(s) 'etl_weather_postgres_dag' retrieved from /opt/airflow/dags/05_etl_weather_postgres.py
[2026-08-30T19:11:33.853+0000] {logging_mixin.py:190} INFO - [2026-08-30T19:11:33.853+0000] {dag.py:3239} INFO - Sync 1 DAGs
[2026-08-30T19:11:33.862+0000] {logging_mixin.py:190} INFO - [2026-08-30T19:11:33.862+0000] {dag.py:4180} INFO - Setting next_dagrun for etl_weather_postgres_dag to None, run_after=None
[2026-08-30T19:11:33.873+0000] {processor.py:208} INFO - Processing /opt/airflow/dags/05_etl_weather_postgres.py took 0.064 seconds
[2026-08-30T19:26:36.358+0000] {processor.py:186} INFO - Started process (PID=376) to work on /opt/airflow/dags/05_etl_weather_postgres.py
[2026-08-30T19:26:36.360+0000] {processor.py:914} INFO - Processing file /opt/airflow/dags/05_etl_weather_postgres.py for tasks to queue
[2026-08-30T19:26:36.361+0000] {logging_mixin.py:190} INFO - [2026-08-30T19:26:36.361+0000] {dagbag.py:588} INFO - Filling up the DagBag from /opt/airflow/dags/05_etl_weather_postgres.py
[2026-08-30T19:26:36.370+0000] {processor.py:925} INFO - DAG(s) 'etl_weather_postgres_dag' retrieved from /opt/airflow/dags/05_etl_weather_postgres.py
[2026-08-30T19:26:36.389+0000] {logging_mixin.py:190} INFO - [2026-08-30T19:26:36.389+0000] {dag.py:3239} INFO - Sync 1 DAGs
[2026-08-30T19:26:36.397+0000] {logging_mixin.py:190} INFO - [2026-08-30T19:26:36.396+0000] {dag.py:4180} INFO - Setting next_dagrun for etl_weather_postgres_dag to None, run_after=None
[2026-08-30T19:26:36.407+0000] {processor.py:208} INFO - Processing /opt/airflow/dags/05_etl_weather_postgres.py took 0.061 seconds
[2026-08-30T19:27:07.469+0000] {processor.py:186} INFO - Started process (PID=389) to work on /opt/airflow/dags/05_etl_weather_postgres.py
[2026-08-30T19:27:07.470+0000] {processor.py:914} INFO - Processing file /opt/airflow/dags/05_etl_weather_postgres.py for tasks to queue
[2026-08-30T19:27:07.472+0000] {logging_mixin.py:190} INFO - [2026-08-30T19:27:07.472+0000] {dagbag.py:588} INFO - Filling up the DagBag from /opt/airflow/dags/05_etl_weather_postgres.py
[2026-08-30T19:27:07.480+0000] {processor.py:925} INFO - DAG(s) 'etl_weather_postgres_dag' retrieved from /opt/airflow/dags/05_etl_weather_postgres.py
[2026-08-30T19:27:07.498+0000] {logging_mixin.py:190} INFO - [2026-08-30T19:27:07.498+0000] {dag.py:3239} INFO - Sync 1 DAGs
[2026-08-30T19:27:07.507+0000] {logging_mixin.py:190} INFO - [2026-08-30T19:27:07.506+0000] {dag.py:4180} INFO - Setting next_dagrun for etl_weather_postgres_dag to None, run_after=None
[2026-08-30T19:27:07.517+0000] {processor.py:208} INFO - Processing /opt/airflow/dags/05_etl_weather_postgres.py took 0.055 seconds
[2026-08-30T19:27:38.461+0000] {processor.py:186} INFO - Started process (PID=402) to work on /opt/airflow/dags/05_etl_weather_postgres.py
[2026-08-30T19:27:38.462+0000] {processor.py:914} INFO - Processing file /opt/airflow/dags/05_etl_weather_postgres.py for tasks to queue
[2026-08-30T19:27:38.463+0000] {logging_mixin.py:190} INFO - [2026-08-30T19:27:38.463+0000] {dagbag.py:588} INFO - Filling up the DagBag from /opt/airflow/dags/05_etl_weather_postgres.py
[2026-08-30T19:27:38.471+0000] {processor.py:925} INFO - DAG(s) 'etl_weather_postgres_dag' retrieved from /opt/airflow/dags/05_etl_weather_postgres.py
[2026-08-30T19:27:38.493+0000] {logging_mixin.py:190} INFO - [2026-08-30T19:27:38.493+0000] {dag.py:3239} INFO - Sync 1 DAGs
[2026-08-30T19:27:38.501+0000] {logging_mixin.py:190} INFO - [2026-08-30T19:27:38.500+0000] {dag.py:4180} INFO - Setting next_dagrun for etl_weather_postgres_dag to None, run_after=None
[2026-08-30T19:27:38.510+0000] {processor.py:208} INFO - Processing /opt/airflow/dags/05_etl_weather_postgres.py took 0.056 seconds
[2026-08-30T19:28:09.520+0000] {processor.py:186} INFO - Started process (PID=415) to work on /opt/airflow/dags/05_etl_weather_postgres.py
[2026-08-30T19:28:09.521+0000] {processor.py:914} INFO - Processing file /opt/airflow/dags/05_etl_weather_postgres.py for tasks to queue
[2026-08-30T19:28:09.523+0000] {logging_mixin.py:190} INFO - [2026-08-30T19:28:09.522+0000] {dagbag.py:588} INFO - Filling up the DagBag from /opt/airflow/dags/05_etl_weather_postgres.py
[2026-08-30T19:28:09.531+0000] {processor.py:925} INFO - DAG(s) 'etl_weather_postgres_dag' retrieved from /opt/airflow/dags/05_etl_weather_postgres.py
[2026-08-30T19:28:09.552+0000] {logging_mixin.py:190} INFO - [2026-08-30T19:28:09.552+0000] {dag.py:3239} INFO - Sync 1 DAGs
[2026-08-30T19:28:09.560+0000] {logging_mixin.py:190} INFO - [2026-08-30T19:28:09.560+0000] {dag.py:4180} INFO - Setting next_dagrun for etl_weather_postgres_dag to None, run_after=None
[2026-08-30T19:28:09.571+0000] {processor.py:208} INFO - Processing /opt/airflow/dags/05_etl_weather_postgres.py took 0.058 seconds
[2026-08-30T19:29:36.484+0000] {processor.py:186} INFO - Started process (PID=428) to work on /opt/airflow/dags/05_etl_weather_postgres.py
[2026-08-30T19:29:36.485+0000] {processor.py:914} INFO - Processing file /opt/airflow/dags/05_etl_weather_postgres.py for tasks to queue
[2026-08-30T19:29:36.487+0000] {logging_mixin.py:190} INFO - [2026-08-30T19:29:36.487+0000] {dagbag.py:588} INFO - Filling up the DagBag from /opt/airflow/dags/05_etl_weather_postgres.py
[2026-08-30T19:29:36.497+0000] {processor.py:925} INFO - DAG(s) 'etl_weather_postgres_dag' retrieved from /opt/airflow/dags/05_etl_weather_postgres.py
[2026-08-30T19:29:36.518+0000] {logging_mixin.py:190} INFO - [2026-08-30T19:29:36.518+0000] {dag.py:3239} INFO - Sync 1 DAGs
[2026-08-30T19:29:36.526+0000] {logging_mixin.py:190} INFO - [2026-08-30T19:29:36.526+0000] {dag.py:4180} INFO - Setting next_dagrun for etl_weather_postgres_dag to None, run_after=None
[2026-08-30T19:29:36.536+0000] {processor.py:208} INFO - Processing /opt/airflow/dags/05_etl_weather_postgres.py took 0.061 seconds
[2026-08-30T19:30:07.403+0000] {processor.py:186} INFO - Started process (PID=441) to work on /opt/airflow/dags/05_etl_weather_postgres.py
[2026-08-30T19:30:07.404+0000] {processor.py:914} INFO - Processing file /opt/airflow/dags/05_etl_weather_postgres.py for tasks to queue
[2026-08-30T19:30:07.406+0000] {logging_mixin.py:190} INFO - [2026-08-30T19:30:07.405+0000] {dagbag.py:588} INFO - Filling up the DagBag from /opt/airflow/dags/05_etl_weather_postgres.py
[2026-08-30T19:30:07.414+0000] {processor.py:925} INFO - DAG(s) 'etl_weather_postgres_dag' retrieved from /opt/airflow/dags/05_etl_weather_postgres.py
[2026-08-30T19:30:07.436+0000] {logging_mixin.py:190} INFO - [2026-08-30T19:30:07.436+0000] {dag.py:3239} INFO - Sync 1 DAGs
[2026-08-30T19:30:07.443+0000] {logging_mixin.py:190} INFO - [2026-08-30T19:30:07.443+0000] {dag.py:4180} INFO - Setting next_dagrun for etl_weather_postgres_dag to None, run_after=None
[2026-08-30T19:30:07.453+0000] {processor.py:208} INFO - Processing /opt/airflow/dags/05_etl_weather_postgres.py took 0.055 seconds
[2026-08-30T19:30:38.336+0000] {processor.py:186} INFO - Started process (PID=454) to work on /opt/airflow/dags/05_etl_weather_postgres.py
[2026-08-30T19:30:38.337+0000] {processor.py:914} INFO - Processing file /opt/airflow/dags/05_etl_weather_postgres.py for tasks to queue
[2026-08-30T19:30:38.338+0000] {logging_mixin.py:190} INFO - [2026-08-30T19:30:38.338+0000] {dagbag.py:588} INFO - Filling up the DagBag from /opt/airflow/dags/05_etl_weather_postgres.py
[2026-08-30T19:30:38.346+0000] {processor.py:925} INFO - DAG(s) 'etl_weather_postgres_dag' retrieved from /opt/airflow/dags/05_etl_weather_postgres.py
[2026-08-30T19:30:38.363+0000] {logging_mixin.py:190} INFO - [2026-08-30T19:30:38.363+0000] {dag.py:3239} INFO - Sync 1 DAGs
[2026-08-30T19:30:38.370+0000] {logging_mixin.py:190} INFO - [2026-08-30T19:30:38.370+0000] {dag.py:4180} INFO - Setting next_dagrun for etl_weather_postgres_dag to None, run_after=None
[2026-08-30T19:30:38.380+0000] {processor.py:208} INFO - Processing /opt/airflow/dags/05_etl_weather_postgres.py took 0.050 seconds
[2026-08-30T19:31:09.253+0000] {processor.py:186} INFO - Started process (PID=467) to work on /opt/airflow/dags/05_etl_weather_postgres.py
[2026-08-30T19:31:09.253+0000] {processor.py:914} INFO - Processing file /opt/airflow/dags/05_etl_weather_postgres.py for tasks to queue
[2026-08-30T19:31:09.255+0000] {logging_mixin.py:190} INFO - [2026-08-30T19:31:09.255+0000] {dagbag.py:588} INFO - Filling up the DagBag from /opt/airflow/dags/05_etl_weather_postgres.py
[2026-08-30T19:31:09.264+0000] {processor.py:925} INFO - DAG(s) 'etl_weather_postgres_dag' retrieved from /opt/airflow/dags/05_etl_weather_postgres.py
[2026-08-30T19:31:09.284+0000] {logging_mixin.py:190} INFO - [2026-08-30T19:31:09.284+0000] {dag.py:3239} INFO - Sync 1 DAGs
[2026-08-30T19:31:09.293+0000] {logging_mixin.py:190} INFO - [2026-08-30T19:31:09.293+0000] {dag.py:4180} INFO - Setting next_dagrun for etl_weather_postgres_dag to None, run_after=None
[2026-08-30T19:31:09.305+0000] {processor.py:208} INFO - Processing /opt/airflow/dags/05_etl_weather_postgres.py took 0.057 seconds
[2026-08-30T19:47:59.196+0000] {processor.py:186} INFO - Started process (PID=480) to work on /opt/airflow/dags/05_etl_weather_postgres.py
[2026-08-30T19:47:59.197+0000] {processor.py:914} INFO - Processing file /opt/airflow/dags/05_etl_weather_postgres.py for tasks to queue
[2026-08-30T19:47:59.199+0000] {logging_mixin.py:190} INFO - [2026-08-30T19:47:59.199+0000] {dagbag.py:588} INFO - Filling up the DagBag from /opt/airflow/dags/05_etl_weather_postgres.py
[2026-08-30T19:47:59.210+0000] {processor.py:925} INFO - DAG(s) 'etl_weather_postgres_dag' retrieved from /opt/airflow/dags/05_etl_weather_postgres.py
[2026-08-30T19:47:59.231+0000] {logging_mixin.py:190} INFO - [2026-08-30T19:47:59.231+0000] {dag.py:3239} INFO - Sync 1 DAGs
[2026-08-30T19:47:59.241+0000] {logging_mixin.py:190} INFO - [2026-08-30T19:47:59.241+0000] {dag.py:4180} INFO - Setting next_dagrun for etl_weather_postgres_dag to None, run_after=None
[2026-08-30T19:47:59.250+0000] {processor.py:208} INFO - Processing /opt/airflow/dags/05_etl_weather_postgres.py took 0.059 seconds
[2026-08-30T19:48:30.075+0000] {processor.py:186} INFO - Started process (PID=493) to work on /opt/airflow/dags/05_etl_weather_postgres.py
[2026-08-30T19:48:30.076+0000] {processor.py:914} INFO - Processing file /opt/airflow/dags/05_etl_weather_postgres.py for tasks to queue
[2026-08-30T19:48:30.078+0000] {logging_mixin.py:190} INFO - [2026-08-30T19:48:30.077+0000] {dagbag.py:588} INFO - Filling up the DagBag from /opt/airflow/dags/05_etl_weather_postgres.py
[2026-08-30T19:48:30.085+0000] {processor.py:925} INFO - DAG(s) 'etl_weather_postgres_dag' retrieved from /opt/airflow/dags/05_etl_weather_postgres.py
[2026-08-30T19:48:30.102+0000] {logging_mixin.py:190} INFO - [2026-08-30T19:48:30.102+0000] {dag.py:3239} INFO - Sync 1 DAGs
[2026-08-30T19:48:30.110+0000] {logging_mixin.py:190} INFO - [2026-08-30T19:48:30.110+0000] {dag.py:4180} INFO - Setting next_dagrun for etl_weather_postgres_dag to None, run_after=None
[2026-08-30T19:48:30.119+0000] {processor.py:208} INFO - Processing /opt/airflow/dags/05_etl_weather_postgres.py took 0.050 seconds
[2026-08-30T20:04:26.438+0000] {processor.py:186} INFO - Started process (PID=506) to work on /opt/airflow/dags/05_etl_weather_postgres.py
[2026-08-30T20:04:26.439+0000] {processor.py:914} INFO - Processing file /opt/airflow/dags/05_etl_weather_postgres.py for tasks to queue
[2026-08-30T20:04:26.442+0000] {logging_mixin.py:190} INFO - [2026-08-30T20:04:26.441+0000] {dagbag.py:588} INFO - Filling up the DagBag from /opt/airflow/dags/05_etl_weather_postgres.py
[2026-08-30T20:04:26.457+0000] {processor.py:925} INFO - DAG(s) 'etl_weather_postgres_dag' retrieved from /opt/airflow/dags/05_etl_weather_postgres.py
[2026-08-30T20:04:26.484+0000] {logging_mixin.py:190} INFO - [2026-08-30T20:04:26.484+0000] {dag.py:3239} INFO - Sync 1 DAGs
[2026-08-30T20:04:26.499+0000] {logging_mixin.py:190} INFO - [2026-08-30T20:04:26.499+0000] {dag.py:4180} INFO - Setting next_dagrun for etl_weather_postgres_dag to None, run_after=None
[2026-08-30T20:04:26.516+0000] {processor.py:208} INFO - Processing /opt/airflow/dags/05_etl_weather_postgres.py took 0.084 seconds
[2026-08-30T20:04:57.526+0000] {processor.py:186} INFO - Started process (PID=519) to work on /opt/airflow/dags/05_etl_weather_postgres.py
[2026-08-30T20:04:57.527+0000] {processor.py:914} INFO - Processing file /opt/airflow/dags/05_etl_weather_postgres.py for tasks to queue
[2026-08-30T20:04:57.529+0000] {logging_mixin.py:190} INFO - [2026-08-30T20:04:57.528+0000] {dagbag.py:588} INFO - Filling up the DagBag from /opt/airflow/dags/05_etl_weather_postgres.py
[2026-08-30T20:04:57.537+0000] {processor.py:925} INFO - DAG(s) 'etl_weather_postgres_dag' retrieved from /opt/airflow/dags/05_etl_weather_postgres.py
[2026-08-30T20:04:57.557+0000] {logging_mixin.py:190} INFO - [2026-08-30T20:04:57.557+0000] {dag.py:3239} INFO - Sync 1 DAGs
[2026-08-30T20:04:57.566+0000] {logging_mixin.py:190} INFO - [2026-08-30T20:04:57.565+0000] {dag.py:4180} INFO - Setting next_dagrun for etl_weather_postgres_dag to None, run_after=None
[2026-08-30T20:04:57.579+0000] {processor.py:208} INFO - Processing /opt/airflow/dags/05_etl_weather_postgres.py took 0.061 seconds
[2026-08-30T20:21:56.783+0000] {processor.py:186} INFO - Started process (PID=532) to work on /opt/airflow/dags/05_etl_weather_postgres.py
[2026-08-30T20:21:56.785+0000] {processor.py:914} INFO - Processing file /opt/airflow/dags/05_etl_weather_postgres.py for tasks to queue
[2026-08-30T20:21:56.787+0000] {logging_mixin.py:190} INFO - [2026-08-30T20:21:56.786+0000] {dagbag.py:588} INFO - Filling up the DagBag from /opt/airflow/dags/05_etl_weather_postgres.py
[2026-08-30T20:21:56.794+0000] {processor.py:925} INFO - DAG(s) 'etl_weather_postgres_dag' retrieved from /opt/airflow/dags/05_etl_weather_postgres.py
[2026-08-30T20:21:56.820+0000] {logging_mixin.py:190} INFO - [2026-08-30T20:21:56.819+0000] {dag.py:3239} INFO - Sync 1 DAGs
[2026-08-30T20:21:56.828+0000] {logging_mixin.py:190} INFO - [2026-08-30T20:21:56.827+0000] {dag.py:4180} INFO - Setting next_dagrun for etl_weather_postgres_dag to None, run_after=None
[2026-08-30T20:21:56.837+0000] {processor.py:208} INFO - Processing /opt/airflow/dags/05_etl_weather_postgres.py took 0.064 seconds
[2026-08-30T20:22:27.926+0000] {processor.py:186} INFO - Started process (PID=545) to work on /opt/airflow/dags/05_etl_weather_postgres.py
[2026-08-30T20:22:27.927+0000] {processor.py:914} INFO - Processing file /opt/airflow/dags/05_etl_weather_postgres.py for tasks to queue
[2026-08-30T20:22:27.929+0000] {logging_mixin.py:190} INFO - [2026-08-30T20:22:27.929+0000] {dagbag.py:588} INFO - Filling up the DagBag from /opt/airflow/dags/05_etl_weather_postgres.py
[2026-08-30T20:22:27.938+0000] {processor.py:925} INFO - DAG(s) 'etl_weather_postgres_dag' retrieved from /opt/airflow/dags/05_etl_weather_postgres.py
[2026-08-30T20:22:27.958+0000] {logging_mixin.py:190} INFO - [2026-08-30T20:22:27.958+0000] {dag.py:3239} INFO - Sync 1 DAGs
[2026-08-30T20:22:27.967+0000] {logging_mixin.py:190} INFO - [2026-08-30T20:22:27.967+0000] {dag.py:4180} INFO - Setting next_dagrun for etl_weather_postgres_dag to None, run_after=None
[2026-08-30T20:22:27.976+0000] {processor.py:208} INFO - Processing /opt/airflow/dags/05_etl_weather_postgres.py took 0.057 seconds
[2026-08-30T20:33:54.964+0000] {processor.py:186} INFO - Started process (PID=558) to work on /opt/airflow/dags/05_etl_weather_postgres.py
[2026-08-30T20:33:54.965+0000] {processor.py:914} INFO - Processing file /opt/airflow/dags/05_etl_weather_postgres.py for tasks to queue
[2026-08-30T20:33:54.967+0000] {logging_mixin.py:190} INFO - [2026-08-30T20:33:54.966+0000] {dagbag.py:588} INFO - Filling up the DagBag from /opt/airflow/dags/05_etl_weather_postgres.py
[2026-08-30T20:33:54.975+0000] {processor.py:925} INFO - DAG(s) 'etl_weather_postgres_dag' retrieved from /opt/airflow/dags/05_etl_weather_postgres.py
[2026-08-30T20:33:54.996+0000] {logging_mixin.py:190} INFO - [2026-08-30T20:33:54.996+0000] {dag.py:3239} INFO - Sync 1 DAGs
[2026-08-30T20:33:55.004+0000] {logging_mixin.py:190} INFO - [2026-08-30T20:33:55.004+0000] {dag.py:4180} INFO - Setting next_dagrun for etl_weather_postgres_dag to None, run_after=None
[2026-08-30T20:33:55.015+0000] {processor.py:208} INFO - Processing /opt/airflow/dags/05_etl_weather_postgres.py took 0.065 seconds
[2026-08-30T20:34:25.991+0000] {processor.py:186} INFO - Started process (PID=571) to work on /opt/airflow/dags/05_etl_weather_postgres.py
[2026-08-30T20:34:25.992+0000] {processor.py:914} INFO - Processing file /opt/airflow/dags/05_etl_weather_postgres.py for tasks to queue
[2026-08-30T20:34:25.994+0000] {logging_mixin.py:190} INFO - [2026-08-30T20:34:25.994+0000] {dagbag.py:588} INFO - Filling up the DagBag from /opt/airflow/dags/05_etl_weather_postgres.py
[2026-08-30T20:34:26.002+0000] {processor.py:925} INFO - DAG(s) 'etl_weather_postgres_dag' retrieved from /opt/airflow/dags/05_etl_weather_postgres.py
[2026-08-30T20:34:26.025+0000] {logging_mixin.py:190} INFO - [2026-08-30T20:34:26.025+0000] {dag.py:3239} INFO - Sync 1 DAGs
[2026-08-30T20:34:26.034+0000] {logging_mixin.py:190} INFO - [2026-08-30T20:34:26.034+0000] {dag.py:4180} INFO - Setting next_dagrun for etl_weather_postgres_dag to None, run_after=None
[2026-08-30T20:34:26.044+0000] {processor.py:208} INFO - Processing /opt/airflow/dags/05_etl_weather_postgres.py took 0.061 seconds
