[2026-09-07T05:34:51.181+0000] {processor.py:186} INFO - Started process (PID=100) to work on /opt/airflow/dags/ml_04_steam_discount_prediction.py
[2026-09-07T05:34:51.182+0000] {processor.py:914} INFO - Processing file /opt/airflow/dags/ml_04_steam_discount_prediction.py for tasks to queue
[2026-09-07T05:34:51.184+0000] {logging_mixin.py:190} INFO - [2026-09-07T05:34:51.184+0000] {dagbag.py:588} INFO - Filling up the DagBag from /opt/airflow/dags/ml_04_steam_discount_prediction.py
[2026-09-07T05:34:56.840+0000] {processor.py:925} INFO - DAG(s) 'steam_discount_prediction_dag' retrieved from /opt/airflow/dags/ml_04_steam_discount_prediction.py
[2026-09-07T05:34:56.895+0000] {logging_mixin.py:190} INFO - [2026-09-07T05:34:56.894+0000] {dag.py:3239} INFO - Sync 1 DAGs
[2026-09-07T05:34:56.935+0000] {logging_mixin.py:190} INFO - [2026-09-07T05:34:56.934+0000] {dag.py:4180} INFO - Setting next_dagrun for steam_discount_prediction_dag to 2026-09-07 00:00:00+00:00, run_after=2026-09-08 00:00:00+00:00
[2026-09-07T05:34:56.978+0000] {processor.py:208} INFO - Processing /opt/airflow/dags/ml_04_steam_discount_prediction.py took 5.806 seconds
[2026-09-07T05:37:03.133+0000] {processor.py:186} INFO - Started process (PID=101) to work on /opt/airflow/dags/ml_04_steam_discount_prediction.py
[2026-09-07T05:37:03.134+0000] {processor.py:914} INFO - Processing file /opt/airflow/dags/ml_04_steam_discount_prediction.py for tasks to queue
[2026-09-07T05:37:03.136+0000] {logging_mixin.py:190} INFO - [2026-09-07T05:37:03.136+0000] {dagbag.py:588} INFO - Filling up the DagBag from /opt/airflow/dags/ml_04_steam_discount_prediction.py
[2026-09-07T05:37:05.950+0000] {processor.py:925} INFO - DAG(s) 'steam_discount_prediction_dag' retrieved from /opt/airflow/dags/ml_04_steam_discount_prediction.py
[2026-09-07T05:37:05.972+0000] {logging_mixin.py:190} INFO - [2026-09-07T05:37:05.972+0000] {dag.py:3239} INFO - Sync 1 DAGs
[2026-09-07T05:37:05.989+0000] {logging_mixin.py:190} INFO - [2026-09-07T05:37:05.989+0000] {dag.py:4180} INFO - Setting next_dagrun for steam_discount_prediction_dag to 2026-09-07 00:00:00+00:00, run_after=2026-09-08 00:00:00+00:00
[2026-09-07T05:37:06.007+0000] {processor.py:208} INFO - Processing /opt/airflow/dags/ml_04_steam_discount_prediction.py took 2.882 seconds
[2026-09-07T05:37:36.557+0000] {processor.py:186} INFO - Started process (PID=137) to work on /opt/airflow/dags/ml_04_steam_discount_prediction.py
[2026-09-07T05:37:36.558+0000] {processor.py:914} INFO - Processing file /opt/airflow/dags/ml_04_steam_discount_prediction.py for tasks to queue
[2026-09-07T05:37:36.559+0000] {logging_mixin.py:190} INFO - [2026-09-07T05:37:36.559+0000] {dagbag.py:588} INFO - Filling up the DagBag from /opt/airflow/dags/ml_04_steam_discount_prediction.py
[2026-09-07T05:37:38.248+0000] {processor.py:925} INFO - DAG(s) 'steam_discount_prediction_dag' retrieved from /opt/airflow/dags/ml_04_steam_discount_prediction.py
[2026-09-07T05:37:38.280+0000] {logging_mixin.py:190} INFO - [2026-09-07T05:37:38.279+0000] {dag.py:3239} INFO - Sync 1 DAGs
[2026-09-07T05:37:38.306+0000] {logging_mixin.py:190} INFO - [2026-09-07T05:37:38.306+0000] {dag.py:4180} INFO - Setting next_dagrun for steam_discount_prediction_dag to 2026-09-07 00:00:00+00:00, run_after=2026-09-08 00:00:00+00:00
[2026-09-07T05:37:38.327+0000] {processor.py:208} INFO - Processing /opt/airflow/dags/ml_04_steam_discount_prediction.py took 1.778 seconds
[2026-09-07T05:38:08.635+0000] {processor.py:186} INFO - Started process (PID=173) to work on /opt/airflow/dags/ml_04_steam_discount_prediction.py
[2026-09-07T05:38:08.636+0000] {processor.py:914} INFO - Processing file /opt/airflow/dags/ml_04_steam_discount_prediction.py for tasks to queue
[2026-09-07T05:38:08.638+0000] {logging_mixin.py:190} INFO - [2026-09-07T05:38:08.638+0000] {dagbag.py:588} INFO - Filling up the DagBag from /opt/airflow/dags/ml_04_steam_discount_prediction.py
[2026-09-07T05:38:10.055+0000] {processor.py:925} INFO - DAG(s) 'steam_discount_prediction_dag' retrieved from /opt/airflow/dags/ml_04_steam_discount_prediction.py
[2026-09-07T05:38:10.081+0000] {logging_mixin.py:190} INFO - [2026-09-07T05:38:10.080+0000] {dag.py:3239} INFO - Sync 1 DAGs
[2026-09-07T05:38:10.099+0000] {logging_mixin.py:190} INFO - [2026-09-07T05:38:10.099+0000] {dag.py:4180} INFO - Setting next_dagrun for steam_discount_prediction_dag to 2026-09-07 00:00:00+00:00, run_after=2026-09-08 00:00:00+00:00
[2026-09-07T05:38:10.157+0000] {processor.py:208} INFO - Processing /opt/airflow/dags/ml_04_steam_discount_prediction.py took 1.533 seconds
[2026-09-07T05:38:40.274+0000] {processor.py:186} INFO - Started process (PID=204) to work on /opt/airflow/dags/ml_04_steam_discount_prediction.py
[2026-09-07T05:38:40.275+0000] {processor.py:914} INFO - Processing file /opt/airflow/dags/ml_04_steam_discount_prediction.py for tasks to queue
[2026-09-07T05:38:40.277+0000] {logging_mixin.py:190} INFO - [2026-09-07T05:38:40.277+0000] {dagbag.py:588} INFO - Filling up the DagBag from /opt/airflow/dags/ml_04_steam_discount_prediction.py
[2026-09-07T05:38:41.522+0000] {processor.py:925} INFO - DAG(s) 'steam_discount_prediction_dag' retrieved from /opt/airflow/dags/ml_04_steam_discount_prediction.py
[2026-09-07T05:38:41.553+0000] {logging_mixin.py:190} INFO - [2026-09-07T05:38:41.553+0000] {dag.py:3239} INFO - Sync 1 DAGs
[2026-09-07T05:38:41.577+0000] {logging_mixin.py:190} INFO - [2026-09-07T05:38:41.577+0000] {dag.py:4180} INFO - Setting next_dagrun for steam_discount_prediction_dag to 2026-09-07 00:00:00+00:00, run_after=2026-09-08 00:00:00+00:00
[2026-09-07T05:38:41.602+0000] {processor.py:208} INFO - Processing /opt/airflow/dags/ml_04_steam_discount_prediction.py took 1.335 seconds
[2026-09-07T05:39:11.727+0000] {processor.py:186} INFO - Started process (PID=235) to work on /opt/airflow/dags/ml_04_steam_discount_prediction.py
[2026-09-07T05:39:11.728+0000] {processor.py:914} INFO - Processing file /opt/airflow/dags/ml_04_steam_discount_prediction.py for tasks to queue
[2026-09-07T05:39:11.729+0000] {logging_mixin.py:190} INFO - [2026-09-07T05:39:11.729+0000] {dagbag.py:588} INFO - Filling up the DagBag from /opt/airflow/dags/ml_04_steam_discount_prediction.py
[2026-09-07T05:39:13.106+0000] {processor.py:925} INFO - DAG(s) 'steam_discount_prediction_dag' retrieved from /opt/airflow/dags/ml_04_steam_discount_prediction.py
[2026-09-07T05:39:13.127+0000] {logging_mixin.py:190} INFO - [2026-09-07T05:39:13.126+0000] {dag.py:3239} INFO - Sync 1 DAGs
[2026-09-07T05:39:13.143+0000] {logging_mixin.py:190} INFO - [2026-09-07T05:39:13.143+0000] {dag.py:4180} INFO - Setting next_dagrun for steam_discount_prediction_dag to 2026-09-07 00:00:00+00:00, run_after=2026-09-08 00:00:00+00:00
[2026-09-07T05:39:13.162+0000] {processor.py:208} INFO - Processing /opt/airflow/dags/ml_04_steam_discount_prediction.py took 1.444 seconds
[2026-09-07T05:39:43.372+0000] {processor.py:186} INFO - Started process (PID=266) to work on /opt/airflow/dags/ml_04_steam_discount_prediction.py
[2026-09-07T05:39:43.373+0000] {processor.py:914} INFO - Processing file /opt/airflow/dags/ml_04_steam_discount_prediction.py for tasks to queue
[2026-09-07T05:39:43.375+0000] {logging_mixin.py:190} INFO - [2026-09-07T05:39:43.374+0000] {dagbag.py:588} INFO - Filling up the DagBag from /opt/airflow/dags/ml_04_steam_discount_prediction.py
[2026-09-07T05:39:45.110+0000] {processor.py:925} INFO - DAG(s) 'steam_discount_prediction_dag' retrieved from /opt/airflow/dags/ml_04_steam_discount_prediction.py
[2026-09-07T05:39:45.140+0000] {logging_mixin.py:190} INFO - [2026-09-07T05:39:45.139+0000] {dag.py:3239} INFO - Sync 1 DAGs
[2026-09-07T05:39:45.164+0000] {logging_mixin.py:190} INFO - [2026-09-07T05:39:45.163+0000] {dag.py:4180} INFO - Setting next_dagrun for steam_discount_prediction_dag to 2026-09-07 00:00:00+00:00, run_after=2026-09-08 00:00:00+00:00
[2026-09-07T05:39:45.188+0000] {processor.py:208} INFO - Processing /opt/airflow/dags/ml_04_steam_discount_prediction.py took 1.826 seconds
[2026-09-07T05:40:15.271+0000] {processor.py:186} INFO - Started process (PID=301) to work on /opt/airflow/dags/ml_04_steam_discount_prediction.py
[2026-09-07T05:40:15.273+0000] {processor.py:914} INFO - Processing file /opt/airflow/dags/ml_04_steam_discount_prediction.py for tasks to queue
[2026-09-07T05:40:15.277+0000] {logging_mixin.py:190} INFO - [2026-09-07T05:40:15.276+0000] {dagbag.py:588} INFO - Filling up the DagBag from /opt/airflow/dags/ml_04_steam_discount_prediction.py
[2026-09-07T05:40:16.760+0000] {processor.py:925} INFO - DAG(s) 'steam_discount_prediction_dag' retrieved from /opt/airflow/dags/ml_04_steam_discount_prediction.py
[2026-09-07T05:40:16.797+0000] {logging_mixin.py:190} INFO - [2026-09-07T05:40:16.797+0000] {dag.py:3239} INFO - Sync 1 DAGs
[2026-09-07T05:40:16.825+0000] {logging_mixin.py:190} INFO - [2026-09-07T05:40:16.825+0000] {dag.py:4180} INFO - Setting next_dagrun for steam_discount_prediction_dag to 2026-09-07 00:00:00+00:00, run_after=2026-09-08 00:00:00+00:00
[2026-09-07T05:40:16.854+0000] {processor.py:208} INFO - Processing /opt/airflow/dags/ml_04_steam_discount_prediction.py took 1.604 seconds
[2026-09-07T05:40:47.004+0000] {processor.py:186} INFO - Started process (PID=341) to work on /opt/airflow/dags/ml_04_steam_discount_prediction.py
[2026-09-07T05:40:47.005+0000] {processor.py:914} INFO - Processing file /opt/airflow/dags/ml_04_steam_discount_prediction.py for tasks to queue
[2026-09-07T05:40:47.006+0000] {logging_mixin.py:190} INFO - [2026-09-07T05:40:47.005+0000] {dagbag.py:588} INFO - Filling up the DagBag from /opt/airflow/dags/ml_04_steam_discount_prediction.py
[2026-09-07T05:40:48.318+0000] {processor.py:925} INFO - DAG(s) 'steam_discount_prediction_dag' retrieved from /opt/airflow/dags/ml_04_steam_discount_prediction.py
[2026-09-07T05:40:48.344+0000] {logging_mixin.py:190} INFO - [2026-09-07T05:40:48.343+0000] {dag.py:3239} INFO - Sync 1 DAGs
[2026-09-07T05:40:48.365+0000] {logging_mixin.py:190} INFO - [2026-09-07T05:40:48.364+0000] {dag.py:4180} INFO - Setting next_dagrun for steam_discount_prediction_dag to 2026-09-07 00:00:00+00:00, run_after=2026-09-08 00:00:00+00:00
[2026-09-07T05:40:48.385+0000] {processor.py:208} INFO - Processing /opt/airflow/dags/ml_04_steam_discount_prediction.py took 1.387 seconds
[2026-09-07T05:41:19.266+0000] {processor.py:186} INFO - Started process (PID=372) to work on /opt/airflow/dags/ml_04_steam_discount_prediction.py
[2026-09-07T05:41:19.267+0000] {processor.py:914} INFO - Processing file /opt/airflow/dags/ml_04_steam_discount_prediction.py for tasks to queue
[2026-09-07T05:41:19.268+0000] {logging_mixin.py:190} INFO - [2026-09-07T05:41:19.268+0000] {dagbag.py:588} INFO - Filling up the DagBag from /opt/airflow/dags/ml_04_steam_discount_prediction.py
[2026-09-07T05:41:20.716+0000] {processor.py:925} INFO - DAG(s) 'steam_discount_prediction_dag' retrieved from /opt/airflow/dags/ml_04_steam_discount_prediction.py
[2026-09-07T05:41:20.750+0000] {logging_mixin.py:190} INFO - [2026-09-07T05:41:20.749+0000] {dag.py:3239} INFO - Sync 1 DAGs
[2026-09-07T05:41:20.779+0000] {logging_mixin.py:190} INFO - [2026-09-07T05:41:20.779+0000] {dag.py:4180} INFO - Setting next_dagrun for steam_discount_prediction_dag to 2026-09-07 00:00:00+00:00, run_after=2026-09-08 00:00:00+00:00
[2026-09-07T05:41:20.802+0000] {processor.py:208} INFO - Processing /opt/airflow/dags/ml_04_steam_discount_prediction.py took 1.543 seconds
[2026-09-07T05:41:51.425+0000] {processor.py:186} INFO - Started process (PID=404) to work on /opt/airflow/dags/ml_04_steam_discount_prediction.py
[2026-09-07T05:41:51.427+0000] {processor.py:914} INFO - Processing file /opt/airflow/dags/ml_04_steam_discount_prediction.py for tasks to queue
[2026-09-07T05:41:51.428+0000] {logging_mixin.py:190} INFO - [2026-09-07T05:41:51.428+0000] {dagbag.py:588} INFO - Filling up the DagBag from /opt/airflow/dags/ml_04_steam_discount_prediction.py
[2026-09-07T05:41:53.183+0000] {processor.py:925} INFO - DAG(s) 'steam_discount_prediction_dag' retrieved from /opt/airflow/dags/ml_04_steam_discount_prediction.py
[2026-09-07T05:41:53.232+0000] {logging_mixin.py:190} INFO - [2026-09-07T05:41:53.231+0000] {dag.py:3239} INFO - Sync 1 DAGs
[2026-09-07T05:41:53.263+0000] {logging_mixin.py:190} INFO - [2026-09-07T05:41:53.262+0000] {dag.py:4180} INFO - Setting next_dagrun for steam_discount_prediction_dag to 2026-09-07 00:00:00+00:00, run_after=2026-09-08 00:00:00+00:00
[2026-09-07T05:41:53.295+0000] {processor.py:208} INFO - Processing /opt/airflow/dags/ml_04_steam_discount_prediction.py took 1.877 seconds
[2026-09-07T05:42:23.989+0000] {processor.py:186} INFO - Started process (PID=436) to work on /opt/airflow/dags/ml_04_steam_discount_prediction.py
[2026-09-07T05:42:23.989+0000] {processor.py:914} INFO - Processing file /opt/airflow/dags/ml_04_steam_discount_prediction.py for tasks to queue
[2026-09-07T05:42:23.991+0000] {logging_mixin.py:190} INFO - [2026-09-07T05:42:23.991+0000] {dagbag.py:588} INFO - Filling up the DagBag from /opt/airflow/dags/ml_04_steam_discount_prediction.py
[2026-09-07T05:42:25.764+0000] {processor.py:925} INFO - DAG(s) 'steam_discount_prediction_dag' retrieved from /opt/airflow/dags/ml_04_steam_discount_prediction.py
[2026-09-07T05:42:25.791+0000] {logging_mixin.py:190} INFO - [2026-09-07T05:42:25.791+0000] {dag.py:3239} INFO - Sync 1 DAGs
[2026-09-07T05:42:25.814+0000] {logging_mixin.py:190} INFO - [2026-09-07T05:42:25.814+0000] {dag.py:4180} INFO - Setting next_dagrun for steam_discount_prediction_dag to 2026-09-07 00:00:00+00:00, run_after=2026-09-08 00:00:00+00:00
[2026-09-07T05:42:25.833+0000] {processor.py:208} INFO - Processing /opt/airflow/dags/ml_04_steam_discount_prediction.py took 1.850 seconds
[2026-09-07T05:42:56.711+0000] {processor.py:186} INFO - Started process (PID=467) to work on /opt/airflow/dags/ml_04_steam_discount_prediction.py
[2026-09-07T05:42:56.712+0000] {processor.py:914} INFO - Processing file /opt/airflow/dags/ml_04_steam_discount_prediction.py for tasks to queue
[2026-09-07T05:42:56.714+0000] {logging_mixin.py:190} INFO - [2026-09-07T05:42:56.713+0000] {dagbag.py:588} INFO - Filling up the DagBag from /opt/airflow/dags/ml_04_steam_discount_prediction.py
[2026-09-07T05:42:58.100+0000] {processor.py:925} INFO - DAG(s) 'steam_discount_prediction_dag' retrieved from /opt/airflow/dags/ml_04_steam_discount_prediction.py
[2026-09-07T05:42:58.124+0000] {logging_mixin.py:190} INFO - [2026-09-07T05:42:58.123+0000] {dag.py:3239} INFO - Sync 1 DAGs
[2026-09-07T05:42:58.144+0000] {logging_mixin.py:190} INFO - [2026-09-07T05:42:58.144+0000] {dag.py:4180} INFO - Setting next_dagrun for steam_discount_prediction_dag to 2026-09-07 00:00:00+00:00, run_after=2026-09-08 00:00:00+00:00
[2026-09-07T05:42:58.162+0000] {processor.py:208} INFO - Processing /opt/airflow/dags/ml_04_steam_discount_prediction.py took 1.458 seconds
[2026-09-07T05:43:28.751+0000] {processor.py:186} INFO - Started process (PID=512) to work on /opt/airflow/dags/ml_04_steam_discount_prediction.py
[2026-09-07T05:43:28.751+0000] {processor.py:914} INFO - Processing file /opt/airflow/dags/ml_04_steam_discount_prediction.py for tasks to queue
[2026-09-07T05:43:28.753+0000] {logging_mixin.py:190} INFO - [2026-09-07T05:43:28.752+0000] {dagbag.py:588} INFO - Filling up the DagBag from /opt/airflow/dags/ml_04_steam_discount_prediction.py
[2026-09-07T05:43:30.037+0000] {processor.py:925} INFO - DAG(s) 'steam_discount_prediction_dag' retrieved from /opt/airflow/dags/ml_04_steam_discount_prediction.py
[2026-09-07T05:43:30.065+0000] {logging_mixin.py:190} INFO - [2026-09-07T05:43:30.064+0000] {dag.py:3239} INFO - Sync 1 DAGs
[2026-09-07T05:43:30.085+0000] {logging_mixin.py:190} INFO - [2026-09-07T05:43:30.085+0000] {dag.py:4180} INFO - Setting next_dagrun for steam_discount_prediction_dag to 2026-09-07 00:00:00+00:00, run_after=2026-09-08 00:00:00+00:00
[2026-09-07T05:43:30.106+0000] {processor.py:208} INFO - Processing /opt/airflow/dags/ml_04_steam_discount_prediction.py took 1.361 seconds
[2026-09-07T05:44:01.044+0000] {processor.py:186} INFO - Started process (PID=543) to work on /opt/airflow/dags/ml_04_steam_discount_prediction.py
[2026-09-07T05:44:01.045+0000] {processor.py:914} INFO - Processing file /opt/airflow/dags/ml_04_steam_discount_prediction.py for tasks to queue
[2026-09-07T05:44:01.047+0000] {logging_mixin.py:190} INFO - [2026-09-07T05:44:01.046+0000] {dagbag.py:588} INFO - Filling up the DagBag from /opt/airflow/dags/ml_04_steam_discount_prediction.py
[2026-09-07T05:44:02.393+0000] {processor.py:925} INFO - DAG(s) 'steam_discount_prediction_dag' retrieved from /opt/airflow/dags/ml_04_steam_discount_prediction.py
[2026-09-07T05:44:02.418+0000] {logging_mixin.py:190} INFO - [2026-09-07T05:44:02.417+0000] {dag.py:3239} INFO - Sync 1 DAGs
[2026-09-07T05:44:02.442+0000] {logging_mixin.py:190} INFO - [2026-09-07T05:44:02.442+0000] {dag.py:4180} INFO - Setting next_dagrun for steam_discount_prediction_dag to 2026-09-07 00:00:00+00:00, run_after=2026-09-08 00:00:00+00:00
[2026-09-07T05:44:02.496+0000] {processor.py:208} INFO - Processing /opt/airflow/dags/ml_04_steam_discount_prediction.py took 1.460 seconds
[2026-09-07T05:44:33.361+0000] {processor.py:186} INFO - Started process (PID=574) to work on /opt/airflow/dags/ml_04_steam_discount_prediction.py
[2026-09-07T05:44:33.362+0000] {processor.py:914} INFO - Processing file /opt/airflow/dags/ml_04_steam_discount_prediction.py for tasks to queue
[2026-09-07T05:44:33.364+0000] {logging_mixin.py:190} INFO - [2026-09-07T05:44:33.364+0000] {dagbag.py:588} INFO - Filling up the DagBag from /opt/airflow/dags/ml_04_steam_discount_prediction.py
[2026-09-07T05:44:34.712+0000] {processor.py:925} INFO - DAG(s) 'steam_discount_prediction_dag' retrieved from /opt/airflow/dags/ml_04_steam_discount_prediction.py
[2026-09-07T05:44:34.734+0000] {logging_mixin.py:190} INFO - [2026-09-07T05:44:34.734+0000] {dag.py:3239} INFO - Sync 1 DAGs
[2026-09-07T05:44:34.752+0000] {logging_mixin.py:190} INFO - [2026-09-07T05:44:34.751+0000] {dag.py:4180} INFO - Setting next_dagrun for steam_discount_prediction_dag to 2026-09-07 00:00:00+00:00, run_after=2026-09-08 00:00:00+00:00
[2026-09-07T05:44:34.770+0000] {processor.py:208} INFO - Processing /opt/airflow/dags/ml_04_steam_discount_prediction.py took 1.418 seconds
[2026-09-07T05:45:05.759+0000] {processor.py:186} INFO - Started process (PID=605) to work on /opt/airflow/dags/ml_04_steam_discount_prediction.py
[2026-09-07T05:45:05.760+0000] {processor.py:914} INFO - Processing file /opt/airflow/dags/ml_04_steam_discount_prediction.py for tasks to queue
[2026-09-07T05:45:05.761+0000] {logging_mixin.py:190} INFO - [2026-09-07T05:45:05.761+0000] {dagbag.py:588} INFO - Filling up the DagBag from /opt/airflow/dags/ml_04_steam_discount_prediction.py
[2026-09-07T05:45:07.019+0000] {processor.py:925} INFO - DAG(s) 'steam_discount_prediction_dag' retrieved from /opt/airflow/dags/ml_04_steam_discount_prediction.py
[2026-09-07T05:45:07.042+0000] {logging_mixin.py:190} INFO - [2026-09-07T05:45:07.042+0000] {dag.py:3239} INFO - Sync 1 DAGs
[2026-09-07T05:45:07.065+0000] {logging_mixin.py:190} INFO - [2026-09-07T05:45:07.065+0000] {dag.py:4180} INFO - Setting next_dagrun for steam_discount_prediction_dag to 2026-09-07 00:00:00+00:00, run_after=2026-09-08 00:00:00+00:00
[2026-09-07T05:45:07.083+0000] {processor.py:208} INFO - Processing /opt/airflow/dags/ml_04_steam_discount_prediction.py took 1.330 seconds
[2026-09-07T05:45:37.980+0000] {processor.py:186} INFO - Started process (PID=636) to work on /opt/airflow/dags/ml_04_steam_discount_prediction.py
[2026-09-07T05:45:37.980+0000] {processor.py:914} INFO - Processing file /opt/airflow/dags/ml_04_steam_discount_prediction.py for tasks to queue
[2026-09-07T05:45:37.982+0000] {logging_mixin.py:190} INFO - [2026-09-07T05:45:37.981+0000] {dagbag.py:588} INFO - Filling up the DagBag from /opt/airflow/dags/ml_04_steam_discount_prediction.py
[2026-09-07T05:45:39.228+0000] {processor.py:925} INFO - DAG(s) 'steam_discount_prediction_dag' retrieved from /opt/airflow/dags/ml_04_steam_discount_prediction.py
[2026-09-07T05:45:39.252+0000] {logging_mixin.py:190} INFO - [2026-09-07T05:45:39.251+0000] {dag.py:3239} INFO - Sync 1 DAGs
[2026-09-07T05:45:39.272+0000] {logging_mixin.py:190} INFO - [2026-09-07T05:45:39.272+0000] {dag.py:4180} INFO - Setting next_dagrun for steam_discount_prediction_dag to 2026-09-07 00:00:00+00:00, run_after=2026-09-08 00:00:00+00:00
[2026-09-07T05:45:39.290+0000] {processor.py:208} INFO - Processing /opt/airflow/dags/ml_04_steam_discount_prediction.py took 1.317 seconds
[2026-09-07T05:46:10.257+0000] {processor.py:186} INFO - Started process (PID=667) to work on /opt/airflow/dags/ml_04_steam_discount_prediction.py
[2026-09-07T05:46:10.258+0000] {processor.py:914} INFO - Processing file /opt/airflow/dags/ml_04_steam_discount_prediction.py for tasks to queue
[2026-09-07T05:46:10.259+0000] {logging_mixin.py:190} INFO - [2026-09-07T05:46:10.259+0000] {dagbag.py:588} INFO - Filling up the DagBag from /opt/airflow/dags/ml_04_steam_discount_prediction.py
[2026-09-07T05:46:11.633+0000] {processor.py:925} INFO - DAG(s) 'steam_discount_prediction_dag' retrieved from /opt/airflow/dags/ml_04_steam_discount_prediction.py
[2026-09-07T05:46:11.657+0000] {logging_mixin.py:190} INFO - [2026-09-07T05:46:11.656+0000] {dag.py:3239} INFO - Sync 1 DAGs
[2026-09-07T05:46:11.676+0000] {logging_mixin.py:190} INFO - [2026-09-07T05:46:11.675+0000] {dag.py:4180} INFO - Setting next_dagrun for steam_discount_prediction_dag to 2026-09-07 00:00:00+00:00, run_after=2026-09-08 00:00:00+00:00
[2026-09-07T05:46:11.694+0000] {processor.py:208} INFO - Processing /opt/airflow/dags/ml_04_steam_discount_prediction.py took 1.443 seconds
[2026-09-07T05:46:42.110+0000] {processor.py:186} INFO - Started process (PID=699) to work on /opt/airflow/dags/ml_04_steam_discount_prediction.py
[2026-09-07T05:46:42.111+0000] {processor.py:914} INFO - Processing file /opt/airflow/dags/ml_04_steam_discount_prediction.py for tasks to queue
[2026-09-07T05:46:42.113+0000] {logging_mixin.py:190} INFO - [2026-09-07T05:46:42.113+0000] {dagbag.py:588} INFO - Filling up the DagBag from /opt/airflow/dags/ml_04_steam_discount_prediction.py
[2026-09-07T05:46:43.532+0000] {processor.py:925} INFO - DAG(s) 'steam_discount_prediction_dag' retrieved from /opt/airflow/dags/ml_04_steam_discount_prediction.py
[2026-09-07T05:46:43.557+0000] {logging_mixin.py:190} INFO - [2026-09-07T05:46:43.557+0000] {dag.py:3239} INFO - Sync 1 DAGs
[2026-09-07T05:46:43.576+0000] {logging_mixin.py:190} INFO - [2026-09-07T05:46:43.576+0000] {dag.py:4180} INFO - Setting next_dagrun for steam_discount_prediction_dag to 2026-09-07 00:00:00+00:00, run_after=2026-09-08 00:00:00+00:00
[2026-09-07T05:46:43.593+0000] {processor.py:208} INFO - Processing /opt/airflow/dags/ml_04_steam_discount_prediction.py took 1.489 seconds
[2026-09-07T05:47:14.158+0000] {processor.py:186} INFO - Started process (PID=731) to work on /opt/airflow/dags/ml_04_steam_discount_prediction.py
[2026-09-07T05:47:14.159+0000] {processor.py:914} INFO - Processing file /opt/airflow/dags/ml_04_steam_discount_prediction.py for tasks to queue
[2026-09-07T05:47:14.161+0000] {logging_mixin.py:190} INFO - [2026-09-07T05:47:14.160+0000] {dagbag.py:588} INFO - Filling up the DagBag from /opt/airflow/dags/ml_04_steam_discount_prediction.py
[2026-09-07T05:47:15.574+0000] {processor.py:925} INFO - DAG(s) 'steam_discount_prediction_dag' retrieved from /opt/airflow/dags/ml_04_steam_discount_prediction.py
[2026-09-07T05:47:15.603+0000] {logging_mixin.py:190} INFO - [2026-09-07T05:47:15.602+0000] {dag.py:3239} INFO - Sync 1 DAGs
[2026-09-07T05:47:15.632+0000] {logging_mixin.py:190} INFO - [2026-09-07T05:47:15.632+0000] {dag.py:4180} INFO - Setting next_dagrun for steam_discount_prediction_dag to 2026-09-07 00:00:00+00:00, run_after=2026-09-08 00:00:00+00:00
[2026-09-07T05:47:15.661+0000] {processor.py:208} INFO - Processing /opt/airflow/dags/ml_04_steam_discount_prediction.py took 1.510 seconds
[2026-09-07T05:47:46.631+0000] {processor.py:186} INFO - Started process (PID=762) to work on /opt/airflow/dags/ml_04_steam_discount_prediction.py
[2026-09-07T05:47:46.632+0000] {processor.py:914} INFO - Processing file /opt/airflow/dags/ml_04_steam_discount_prediction.py for tasks to queue
[2026-09-07T05:47:46.633+0000] {logging_mixin.py:190} INFO - [2026-09-07T05:47:46.633+0000] {dagbag.py:588} INFO - Filling up the DagBag from /opt/airflow/dags/ml_04_steam_discount_prediction.py
[2026-09-07T05:47:47.878+0000] {processor.py:925} INFO - DAG(s) 'steam_discount_prediction_dag' retrieved from /opt/airflow/dags/ml_04_steam_discount_prediction.py
[2026-09-07T05:47:47.899+0000] {logging_mixin.py:190} INFO - [2026-09-07T05:47:47.898+0000] {dag.py:3239} INFO - Sync 1 DAGs
[2026-09-07T05:47:47.916+0000] {logging_mixin.py:190} INFO - [2026-09-07T05:47:47.916+0000] {dag.py:4180} INFO - Setting next_dagrun for steam_discount_prediction_dag to 2026-09-07 00:00:00+00:00, run_after=2026-09-08 00:00:00+00:00
[2026-09-07T05:47:47.931+0000] {processor.py:208} INFO - Processing /opt/airflow/dags/ml_04_steam_discount_prediction.py took 1.306 seconds
[2026-09-07T05:48:18.164+0000] {processor.py:186} INFO - Started process (PID=793) to work on /opt/airflow/dags/ml_04_steam_discount_prediction.py
[2026-09-07T05:48:18.165+0000] {processor.py:914} INFO - Processing file /opt/airflow/dags/ml_04_steam_discount_prediction.py for tasks to queue
[2026-09-07T05:48:18.166+0000] {logging_mixin.py:190} INFO - [2026-09-07T05:48:18.166+0000] {dagbag.py:588} INFO - Filling up the DagBag from /opt/airflow/dags/ml_04_steam_discount_prediction.py
[2026-09-07T05:48:19.426+0000] {processor.py:925} INFO - DAG(s) 'steam_discount_prediction_dag' retrieved from /opt/airflow/dags/ml_04_steam_discount_prediction.py
[2026-09-07T05:48:19.451+0000] {logging_mixin.py:190} INFO - [2026-09-07T05:48:19.450+0000] {dag.py:3239} INFO - Sync 1 DAGs
[2026-09-07T05:48:19.468+0000] {logging_mixin.py:190} INFO - [2026-09-07T05:48:19.468+0000] {dag.py:4180} INFO - Setting next_dagrun for steam_discount_prediction_dag to 2026-09-07 00:00:00+00:00, run_after=2026-09-08 00:00:00+00:00
[2026-09-07T05:48:19.485+0000] {processor.py:208} INFO - Processing /opt/airflow/dags/ml_04_steam_discount_prediction.py took 1.327 seconds
[2026-09-07T05:48:49.642+0000] {processor.py:186} INFO - Started process (PID=824) to work on /opt/airflow/dags/ml_04_steam_discount_prediction.py
[2026-09-07T05:48:49.643+0000] {processor.py:914} INFO - Processing file /opt/airflow/dags/ml_04_steam_discount_prediction.py for tasks to queue
[2026-09-07T05:48:49.645+0000] {logging_mixin.py:190} INFO - [2026-09-07T05:48:49.645+0000] {dagbag.py:588} INFO - Filling up the DagBag from /opt/airflow/dags/ml_04_steam_discount_prediction.py
[2026-09-07T05:48:51.308+0000] {processor.py:925} INFO - DAG(s) 'steam_discount_prediction_dag' retrieved from /opt/airflow/dags/ml_04_steam_discount_prediction.py
[2026-09-07T05:48:51.341+0000] {logging_mixin.py:190} INFO - [2026-09-07T05:48:51.340+0000] {dag.py:3239} INFO - Sync 1 DAGs
[2026-09-07T05:48:51.364+0000] {logging_mixin.py:190} INFO - [2026-09-07T05:48:51.363+0000] {dag.py:4180} INFO - Setting next_dagrun for steam_discount_prediction_dag to 2026-09-07 00:00:00+00:00, run_after=2026-09-08 00:00:00+00:00
[2026-09-07T05:48:51.388+0000] {processor.py:208} INFO - Processing /opt/airflow/dags/ml_04_steam_discount_prediction.py took 1.755 seconds
[2026-09-07T05:49:21.861+0000] {processor.py:186} INFO - Started process (PID=855) to work on /opt/airflow/dags/ml_04_steam_discount_prediction.py
[2026-09-07T05:49:21.862+0000] {processor.py:914} INFO - Processing file /opt/airflow/dags/ml_04_steam_discount_prediction.py for tasks to queue
[2026-09-07T05:49:21.864+0000] {logging_mixin.py:190} INFO - [2026-09-07T05:49:21.863+0000] {dagbag.py:588} INFO - Filling up the DagBag from /opt/airflow/dags/ml_04_steam_discount_prediction.py
[2026-09-07T05:49:23.576+0000] {processor.py:925} INFO - DAG(s) 'steam_discount_prediction_dag' retrieved from /opt/airflow/dags/ml_04_steam_discount_prediction.py
[2026-09-07T05:49:23.599+0000] {logging_mixin.py:190} INFO - [2026-09-07T05:49:23.598+0000] {dag.py:3239} INFO - Sync 1 DAGs
[2026-09-07T05:49:23.616+0000] {logging_mixin.py:190} INFO - [2026-09-07T05:49:23.616+0000] {dag.py:4180} INFO - Setting next_dagrun for steam_discount_prediction_dag to 2026-09-07 00:00:00+00:00, run_after=2026-09-08 00:00:00+00:00
[2026-09-07T05:49:23.635+0000] {processor.py:208} INFO - Processing /opt/airflow/dags/ml_04_steam_discount_prediction.py took 1.782 seconds
[2026-09-07T05:49:53.819+0000] {processor.py:186} INFO - Started process (PID=886) to work on /opt/airflow/dags/ml_04_steam_discount_prediction.py
[2026-09-07T05:49:53.819+0000] {processor.py:914} INFO - Processing file /opt/airflow/dags/ml_04_steam_discount_prediction.py for tasks to queue
[2026-09-07T05:49:53.820+0000] {logging_mixin.py:190} INFO - [2026-09-07T05:49:53.820+0000] {dagbag.py:588} INFO - Filling up the DagBag from /opt/airflow/dags/ml_04_steam_discount_prediction.py
[2026-09-07T05:49:54.965+0000] {processor.py:925} INFO - DAG(s) 'steam_discount_prediction_dag' retrieved from /opt/airflow/dags/ml_04_steam_discount_prediction.py
[2026-09-07T05:49:54.989+0000] {logging_mixin.py:190} INFO - [2026-09-07T05:49:54.988+0000] {dag.py:3239} INFO - Sync 1 DAGs
[2026-09-07T05:49:55.006+0000] {logging_mixin.py:190} INFO - [2026-09-07T05:49:55.006+0000] {dag.py:4180} INFO - Setting next_dagrun for steam_discount_prediction_dag to 2026-09-07 00:00:00+00:00, run_after=2026-09-08 00:00:00+00:00
[2026-09-07T05:49:55.022+0000] {processor.py:208} INFO - Processing /opt/airflow/dags/ml_04_steam_discount_prediction.py took 1.208 seconds
[2026-09-07T05:50:25.099+0000] {processor.py:186} INFO - Started process (PID=917) to work on /opt/airflow/dags/ml_04_steam_discount_prediction.py
[2026-09-07T05:50:25.099+0000] {processor.py:914} INFO - Processing file /opt/airflow/dags/ml_04_steam_discount_prediction.py for tasks to queue
[2026-09-07T05:50:25.101+0000] {logging_mixin.py:190} INFO - [2026-09-07T05:50:25.101+0000] {dagbag.py:588} INFO - Filling up the DagBag from /opt/airflow/dags/ml_04_steam_discount_prediction.py
[2026-09-07T05:50:26.589+0000] {processor.py:925} INFO - DAG(s) 'steam_discount_prediction_dag' retrieved from /opt/airflow/dags/ml_04_steam_discount_prediction.py
[2026-09-07T05:50:26.617+0000] {logging_mixin.py:190} INFO - [2026-09-07T05:50:26.616+0000] {dag.py:3239} INFO - Sync 1 DAGs
[2026-09-07T05:50:26.636+0000] {logging_mixin.py:190} INFO - [2026-09-07T05:50:26.636+0000] {dag.py:4180} INFO - Setting next_dagrun for steam_discount_prediction_dag to 2026-09-07 00:00:00+00:00, run_after=2026-09-08 00:00:00+00:00
[2026-09-07T05:50:26.654+0000] {processor.py:208} INFO - Processing /opt/airflow/dags/ml_04_steam_discount_prediction.py took 1.561 seconds
[2026-09-07T05:50:57.214+0000] {processor.py:186} INFO - Started process (PID=948) to work on /opt/airflow/dags/ml_04_steam_discount_prediction.py
[2026-09-07T05:50:57.214+0000] {processor.py:914} INFO - Processing file /opt/airflow/dags/ml_04_steam_discount_prediction.py for tasks to queue
[2026-09-07T05:50:57.215+0000] {logging_mixin.py:190} INFO - [2026-09-07T05:50:57.215+0000] {dagbag.py:588} INFO - Filling up the DagBag from /opt/airflow/dags/ml_04_steam_discount_prediction.py
[2026-09-07T05:50:58.432+0000] {processor.py:925} INFO - DAG(s) 'steam_discount_prediction_dag' retrieved from /opt/airflow/dags/ml_04_steam_discount_prediction.py
[2026-09-07T05:50:58.455+0000] {logging_mixin.py:190} INFO - [2026-09-07T05:50:58.455+0000] {dag.py:3239} INFO - Sync 1 DAGs
[2026-09-07T05:50:58.472+0000] {logging_mixin.py:190} INFO - [2026-09-07T05:50:58.472+0000] {dag.py:4180} INFO - Setting next_dagrun for steam_discount_prediction_dag to 2026-09-07 00:00:00+00:00, run_after=2026-09-08 00:00:00+00:00
[2026-09-07T05:50:58.487+0000] {processor.py:208} INFO - Processing /opt/airflow/dags/ml_04_steam_discount_prediction.py took 1.279 seconds
[2026-09-07T05:51:28.732+0000] {processor.py:186} INFO - Started process (PID=985) to work on /opt/airflow/dags/ml_04_steam_discount_prediction.py
[2026-09-07T05:51:28.733+0000] {processor.py:914} INFO - Processing file /opt/airflow/dags/ml_04_steam_discount_prediction.py for tasks to queue
[2026-09-07T05:51:28.734+0000] {logging_mixin.py:190} INFO - [2026-09-07T05:51:28.734+0000] {dagbag.py:588} INFO - Filling up the DagBag from /opt/airflow/dags/ml_04_steam_discount_prediction.py
[2026-09-07T05:51:30.252+0000] {processor.py:925} INFO - DAG(s) 'steam_discount_prediction_dag' retrieved from /opt/airflow/dags/ml_04_steam_discount_prediction.py
[2026-09-07T05:51:30.281+0000] {logging_mixin.py:190} INFO - [2026-09-07T05:51:30.280+0000] {dag.py:3239} INFO - Sync 1 DAGs
[2026-09-07T05:51:30.302+0000] {logging_mixin.py:190} INFO - [2026-09-07T05:51:30.302+0000] {dag.py:4180} INFO - Setting next_dagrun for steam_discount_prediction_dag to 2026-09-07 00:00:00+00:00, run_after=2026-09-08 00:00:00+00:00
[2026-09-07T05:51:30.325+0000] {processor.py:208} INFO - Processing /opt/airflow/dags/ml_04_steam_discount_prediction.py took 1.599 seconds
[2026-09-07T05:52:00.560+0000] {processor.py:186} INFO - Started process (PID=1016) to work on /opt/airflow/dags/ml_04_steam_discount_prediction.py
[2026-09-07T05:52:00.560+0000] {processor.py:914} INFO - Processing file /opt/airflow/dags/ml_04_steam_discount_prediction.py for tasks to queue
[2026-09-07T05:52:00.562+0000] {logging_mixin.py:190} INFO - [2026-09-07T05:52:00.562+0000] {dagbag.py:588} INFO - Filling up the DagBag from /opt/airflow/dags/ml_04_steam_discount_prediction.py
[2026-09-07T05:52:02.313+0000] {processor.py:925} INFO - DAG(s) 'steam_discount_prediction_dag' retrieved from /opt/airflow/dags/ml_04_steam_discount_prediction.py
[2026-09-07T05:52:02.346+0000] {logging_mixin.py:190} INFO - [2026-09-07T05:52:02.345+0000] {dag.py:3239} INFO - Sync 1 DAGs
[2026-09-07T05:52:02.368+0000] {logging_mixin.py:190} INFO - [2026-09-07T05:52:02.368+0000] {dag.py:4180} INFO - Setting next_dagrun for steam_discount_prediction_dag to 2026-09-07 00:00:00+00:00, run_after=2026-09-08 00:00:00+00:00
[2026-09-07T05:52:02.393+0000] {processor.py:208} INFO - Processing /opt/airflow/dags/ml_04_steam_discount_prediction.py took 1.839 seconds
[2026-09-07T05:52:33.080+0000] {processor.py:186} INFO - Started process (PID=1051) to work on /opt/airflow/dags/ml_04_steam_discount_prediction.py
[2026-09-07T05:52:33.083+0000] {processor.py:914} INFO - Processing file /opt/airflow/dags/ml_04_steam_discount_prediction.py for tasks to queue
[2026-09-07T05:52:33.092+0000] {logging_mixin.py:190} INFO - [2026-09-07T05:52:33.092+0000] {dagbag.py:588} INFO - Filling up the DagBag from /opt/airflow/dags/ml_04_steam_discount_prediction.py
[2026-09-07T05:52:34.958+0000] {processor.py:925} INFO - DAG(s) 'steam_discount_prediction_dag' retrieved from /opt/airflow/dags/ml_04_steam_discount_prediction.py
[2026-09-07T05:52:34.987+0000] {logging_mixin.py:190} INFO - [2026-09-07T05:52:34.986+0000] {dag.py:3239} INFO - Sync 1 DAGs
[2026-09-07T05:52:35.026+0000] {logging_mixin.py:190} INFO - [2026-09-07T05:52:35.025+0000] {dag.py:4180} INFO - Setting next_dagrun for steam_discount_prediction_dag to 2026-09-07 00:00:00+00:00, run_after=2026-09-08 00:00:00+00:00
[2026-09-07T05:52:35.056+0000] {processor.py:208} INFO - Processing /opt/airflow/dags/ml_04_steam_discount_prediction.py took 1.984 seconds
[2026-09-07T05:53:05.845+0000] {processor.py:186} INFO - Started process (PID=1088) to work on /opt/airflow/dags/ml_04_steam_discount_prediction.py
[2026-09-07T05:53:05.846+0000] {processor.py:914} INFO - Processing file /opt/airflow/dags/ml_04_steam_discount_prediction.py for tasks to queue
[2026-09-07T05:53:05.847+0000] {logging_mixin.py:190} INFO - [2026-09-07T05:53:05.847+0000] {dagbag.py:588} INFO - Filling up the DagBag from /opt/airflow/dags/ml_04_steam_discount_prediction.py
[2026-09-07T05:53:07.281+0000] {processor.py:925} INFO - DAG(s) 'steam_discount_prediction_dag' retrieved from /opt/airflow/dags/ml_04_steam_discount_prediction.py
[2026-09-07T05:53:07.312+0000] {logging_mixin.py:190} INFO - [2026-09-07T05:53:07.311+0000] {dag.py:3239} INFO - Sync 1 DAGs
[2026-09-07T05:53:07.337+0000] {logging_mixin.py:190} INFO - [2026-09-07T05:53:07.336+0000] {dag.py:4180} INFO - Setting next_dagrun for steam_discount_prediction_dag to 2026-09-07 00:00:00+00:00, run_after=2026-09-08 00:00:00+00:00
[2026-09-07T05:53:07.357+0000] {processor.py:208} INFO - Processing /opt/airflow/dags/ml_04_steam_discount_prediction.py took 1.519 seconds
[2026-09-07T05:53:37.460+0000] {processor.py:186} INFO - Started process (PID=1119) to work on /opt/airflow/dags/ml_04_steam_discount_prediction.py
[2026-09-07T05:53:37.461+0000] {processor.py:914} INFO - Processing file /opt/airflow/dags/ml_04_steam_discount_prediction.py for tasks to queue
[2026-09-07T05:53:37.462+0000] {logging_mixin.py:190} INFO - [2026-09-07T05:53:37.462+0000] {dagbag.py:588} INFO - Filling up the DagBag from /opt/airflow/dags/ml_04_steam_discount_prediction.py
[2026-09-07T05:53:38.684+0000] {processor.py:925} INFO - DAG(s) 'steam_discount_prediction_dag' retrieved from /opt/airflow/dags/ml_04_steam_discount_prediction.py
[2026-09-07T05:53:38.712+0000] {logging_mixin.py:190} INFO - [2026-09-07T05:53:38.711+0000] {dag.py:3239} INFO - Sync 1 DAGs
[2026-09-07T05:53:38.738+0000] {logging_mixin.py:190} INFO - [2026-09-07T05:53:38.738+0000] {dag.py:4180} INFO - Setting next_dagrun for steam_discount_prediction_dag to 2026-09-07 00:00:00+00:00, run_after=2026-09-08 00:00:00+00:00
[2026-09-07T05:53:38.763+0000] {processor.py:208} INFO - Processing /opt/airflow/dags/ml_04_steam_discount_prediction.py took 1.309 seconds
[2026-09-07T05:54:08.874+0000] {processor.py:186} INFO - Started process (PID=1150) to work on /opt/airflow/dags/ml_04_steam_discount_prediction.py
[2026-09-07T05:54:08.875+0000] {processor.py:914} INFO - Processing file /opt/airflow/dags/ml_04_steam_discount_prediction.py for tasks to queue
[2026-09-07T05:54:08.876+0000] {logging_mixin.py:190} INFO - [2026-09-07T05:54:08.876+0000] {dagbag.py:588} INFO - Filling up the DagBag from /opt/airflow/dags/ml_04_steam_discount_prediction.py
[2026-09-07T05:54:10.040+0000] {processor.py:925} INFO - DAG(s) 'steam_discount_prediction_dag' retrieved from /opt/airflow/dags/ml_04_steam_discount_prediction.py
[2026-09-07T05:54:10.062+0000] {logging_mixin.py:190} INFO - [2026-09-07T05:54:10.062+0000] {dag.py:3239} INFO - Sync 1 DAGs
[2026-09-07T05:54:10.079+0000] {logging_mixin.py:190} INFO - [2026-09-07T05:54:10.079+0000] {dag.py:4180} INFO - Setting next_dagrun for steam_discount_prediction_dag to 2026-09-07 00:00:00+00:00, run_after=2026-09-08 00:00:00+00:00
[2026-09-07T05:54:10.094+0000] {processor.py:208} INFO - Processing /opt/airflow/dags/ml_04_steam_discount_prediction.py took 1.227 seconds
[2026-09-07T05:54:40.795+0000] {processor.py:186} INFO - Started process (PID=1181) to work on /opt/airflow/dags/ml_04_steam_discount_prediction.py
[2026-09-07T05:54:40.795+0000] {processor.py:914} INFO - Processing file /opt/airflow/dags/ml_04_steam_discount_prediction.py for tasks to queue
[2026-09-07T05:54:40.797+0000] {logging_mixin.py:190} INFO - [2026-09-07T05:54:40.797+0000] {dagbag.py:588} INFO - Filling up the DagBag from /opt/airflow/dags/ml_04_steam_discount_prediction.py
[2026-09-07T05:54:42.185+0000] {processor.py:925} INFO - DAG(s) 'steam_discount_prediction_dag' retrieved from /opt/airflow/dags/ml_04_steam_discount_prediction.py
[2026-09-07T05:54:42.211+0000] {logging_mixin.py:190} INFO - [2026-09-07T05:54:42.209+0000] {dag.py:3239} INFO - Sync 1 DAGs
[2026-09-07T05:54:42.231+0000] {logging_mixin.py:190} INFO - [2026-09-07T05:54:42.230+0000] {dag.py:4180} INFO - Setting next_dagrun for steam_discount_prediction_dag to 2026-09-07 00:00:00+00:00, run_after=2026-09-08 00:00:00+00:00
[2026-09-07T05:54:42.249+0000] {processor.py:208} INFO - Processing /opt/airflow/dags/ml_04_steam_discount_prediction.py took 1.460 seconds
[2026-09-07T05:55:12.828+0000] {processor.py:186} INFO - Started process (PID=1212) to work on /opt/airflow/dags/ml_04_steam_discount_prediction.py
[2026-09-07T05:55:12.829+0000] {processor.py:914} INFO - Processing file /opt/airflow/dags/ml_04_steam_discount_prediction.py for tasks to queue
[2026-09-07T05:55:12.831+0000] {logging_mixin.py:190} INFO - [2026-09-07T05:55:12.830+0000] {dagbag.py:588} INFO - Filling up the DagBag from /opt/airflow/dags/ml_04_steam_discount_prediction.py
[2026-09-07T05:55:14.277+0000] {processor.py:925} INFO - DAG(s) 'steam_discount_prediction_dag' retrieved from /opt/airflow/dags/ml_04_steam_discount_prediction.py
[2026-09-07T05:55:14.302+0000] {logging_mixin.py:190} INFO - [2026-09-07T05:55:14.301+0000] {dag.py:3239} INFO - Sync 1 DAGs
[2026-09-07T05:55:14.322+0000] {logging_mixin.py:190} INFO - [2026-09-07T05:55:14.322+0000] {dag.py:4180} INFO - Setting next_dagrun for steam_discount_prediction_dag to 2026-09-07 00:00:00+00:00, run_after=2026-09-08 00:00:00+00:00
[2026-09-07T05:55:14.340+0000] {processor.py:208} INFO - Processing /opt/airflow/dags/ml_04_steam_discount_prediction.py took 1.518 seconds
[2026-09-07T05:55:44.505+0000] {processor.py:186} INFO - Started process (PID=1243) to work on /opt/airflow/dags/ml_04_steam_discount_prediction.py
[2026-09-07T05:55:44.506+0000] {processor.py:914} INFO - Processing file /opt/airflow/dags/ml_04_steam_discount_prediction.py for tasks to queue
[2026-09-07T05:55:44.507+0000] {logging_mixin.py:190} INFO - [2026-09-07T05:55:44.507+0000] {dagbag.py:588} INFO - Filling up the DagBag from /opt/airflow/dags/ml_04_steam_discount_prediction.py
[2026-09-07T05:55:45.704+0000] {processor.py:925} INFO - DAG(s) 'steam_discount_prediction_dag' retrieved from /opt/airflow/dags/ml_04_steam_discount_prediction.py
[2026-09-07T05:55:45.839+0000] {logging_mixin.py:190} INFO - [2026-09-07T05:55:45.838+0000] {dag.py:3239} INFO - Sync 1 DAGs
[2026-09-07T05:55:45.855+0000] {logging_mixin.py:190} INFO - [2026-09-07T05:55:45.855+0000] {dag.py:4180} INFO - Setting next_dagrun for steam_discount_prediction_dag to 2026-09-07 00:00:00+00:00, run_after=2026-09-08 00:00:00+00:00
[2026-09-07T05:55:45.871+0000] {processor.py:208} INFO - Processing /opt/airflow/dags/ml_04_steam_discount_prediction.py took 1.373 seconds
[2026-09-07T05:56:16.354+0000] {processor.py:186} INFO - Started process (PID=1274) to work on /opt/airflow/dags/ml_04_steam_discount_prediction.py
[2026-09-07T05:56:16.355+0000] {processor.py:914} INFO - Processing file /opt/airflow/dags/ml_04_steam_discount_prediction.py for tasks to queue
[2026-09-07T05:56:16.357+0000] {logging_mixin.py:190} INFO - [2026-09-07T05:56:16.356+0000] {dagbag.py:588} INFO - Filling up the DagBag from /opt/airflow/dags/ml_04_steam_discount_prediction.py
[2026-09-07T05:56:17.689+0000] {processor.py:925} INFO - DAG(s) 'steam_discount_prediction_dag' retrieved from /opt/airflow/dags/ml_04_steam_discount_prediction.py
[2026-09-07T05:56:17.711+0000] {logging_mixin.py:190} INFO - [2026-09-07T05:56:17.710+0000] {dag.py:3239} INFO - Sync 1 DAGs
[2026-09-07T05:56:17.729+0000] {logging_mixin.py:190} INFO - [2026-09-07T05:56:17.729+0000] {dag.py:4180} INFO - Setting next_dagrun for steam_discount_prediction_dag to 2026-09-07 00:00:00+00:00, run_after=2026-09-08 00:00:00+00:00
[2026-09-07T05:56:17.745+0000] {processor.py:208} INFO - Processing /opt/airflow/dags/ml_04_steam_discount_prediction.py took 1.397 seconds
[2026-09-07T05:56:48.374+0000] {processor.py:186} INFO - Started process (PID=1305) to work on /opt/airflow/dags/ml_04_steam_discount_prediction.py
[2026-09-07T05:56:48.375+0000] {processor.py:914} INFO - Processing file /opt/airflow/dags/ml_04_steam_discount_prediction.py for tasks to queue
[2026-09-07T05:56:48.376+0000] {logging_mixin.py:190} INFO - [2026-09-07T05:56:48.376+0000] {dagbag.py:588} INFO - Filling up the DagBag from /opt/airflow/dags/ml_04_steam_discount_prediction.py
[2026-09-07T05:56:50.322+0000] {processor.py:925} INFO - DAG(s) 'steam_discount_prediction_dag' retrieved from /opt/airflow/dags/ml_04_steam_discount_prediction.py
[2026-09-07T05:56:50.348+0000] {logging_mixin.py:190} INFO - [2026-09-07T05:56:50.347+0000] {dag.py:3239} INFO - Sync 1 DAGs
[2026-09-07T05:56:50.370+0000] {logging_mixin.py:190} INFO - [2026-09-07T05:56:50.370+0000] {dag.py:4180} INFO - Setting next_dagrun for steam_discount_prediction_dag to 2026-09-07 00:00:00+00:00, run_after=2026-09-08 00:00:00+00:00
[2026-09-07T05:56:50.394+0000] {processor.py:208} INFO - Processing /opt/airflow/dags/ml_04_steam_discount_prediction.py took 2.026 seconds
[2026-09-07T05:57:20.517+0000] {processor.py:186} INFO - Started process (PID=1336) to work on /opt/airflow/dags/ml_04_steam_discount_prediction.py
[2026-09-07T05:57:20.518+0000] {processor.py:914} INFO - Processing file /opt/airflow/dags/ml_04_steam_discount_prediction.py for tasks to queue
[2026-09-07T05:57:20.519+0000] {logging_mixin.py:190} INFO - [2026-09-07T05:57:20.519+0000] {dagbag.py:588} INFO - Filling up the DagBag from /opt/airflow/dags/ml_04_steam_discount_prediction.py
[2026-09-07T05:57:22.300+0000] {processor.py:925} INFO - DAG(s) 'steam_discount_prediction_dag' retrieved from /opt/airflow/dags/ml_04_steam_discount_prediction.py
[2026-09-07T05:57:22.327+0000] {logging_mixin.py:190} INFO - [2026-09-07T05:57:22.326+0000] {dag.py:3239} INFO - Sync 1 DAGs
[2026-09-07T05:57:22.352+0000] {logging_mixin.py:190} INFO - [2026-09-07T05:57:22.351+0000] {dag.py:4180} INFO - Setting next_dagrun for steam_discount_prediction_dag to 2026-09-07 00:00:00+00:00, run_after=2026-09-08 00:00:00+00:00
[2026-09-07T05:57:22.371+0000] {processor.py:208} INFO - Processing /opt/airflow/dags/ml_04_steam_discount_prediction.py took 1.863 seconds
[2026-09-07T05:57:52.951+0000] {processor.py:186} INFO - Started process (PID=1368) to work on /opt/airflow/dags/ml_04_steam_discount_prediction.py
[2026-09-07T05:57:52.952+0000] {processor.py:914} INFO - Processing file /opt/airflow/dags/ml_04_steam_discount_prediction.py for tasks to queue
[2026-09-07T05:57:52.954+0000] {logging_mixin.py:190} INFO - [2026-09-07T05:57:52.953+0000] {dagbag.py:588} INFO - Filling up the DagBag from /opt/airflow/dags/ml_04_steam_discount_prediction.py
[2026-09-07T05:57:55.122+0000] {processor.py:925} INFO - DAG(s) 'steam_discount_prediction_dag' retrieved from /opt/airflow/dags/ml_04_steam_discount_prediction.py
[2026-09-07T05:57:55.146+0000] {logging_mixin.py:190} INFO - [2026-09-07T05:57:55.145+0000] {dag.py:3239} INFO - Sync 1 DAGs
[2026-09-07T05:57:55.166+0000] {logging_mixin.py:190} INFO - [2026-09-07T05:57:55.165+0000] {dag.py:4180} INFO - Setting next_dagrun for steam_discount_prediction_dag to 2026-09-07 00:00:00+00:00, run_after=2026-09-08 00:00:00+00:00
[2026-09-07T05:57:55.183+0000] {processor.py:208} INFO - Processing /opt/airflow/dags/ml_04_steam_discount_prediction.py took 2.240 seconds
[2026-09-07T05:58:25.790+0000] {processor.py:186} INFO - Started process (PID=1399) to work on /opt/airflow/dags/ml_04_steam_discount_prediction.py
[2026-09-07T05:58:25.791+0000] {processor.py:914} INFO - Processing file /opt/airflow/dags/ml_04_steam_discount_prediction.py for tasks to queue
[2026-09-07T05:58:25.793+0000] {logging_mixin.py:190} INFO - [2026-09-07T05:58:25.792+0000] {dagbag.py:588} INFO - Filling up the DagBag from /opt/airflow/dags/ml_04_steam_discount_prediction.py
[2026-09-07T05:58:27.227+0000] {processor.py:925} INFO - DAG(s) 'steam_discount_prediction_dag' retrieved from /opt/airflow/dags/ml_04_steam_discount_prediction.py
[2026-09-07T05:58:27.254+0000] {logging_mixin.py:190} INFO - [2026-09-07T05:58:27.253+0000] {dag.py:3239} INFO - Sync 1 DAGs
[2026-09-07T05:58:27.280+0000] {logging_mixin.py:190} INFO - [2026-09-07T05:58:27.280+0000] {dag.py:4180} INFO - Setting next_dagrun for steam_discount_prediction_dag to 2026-09-07 00:00:00+00:00, run_after=2026-09-08 00:00:00+00:00
[2026-09-07T05:58:27.297+0000] {processor.py:208} INFO - Processing /opt/airflow/dags/ml_04_steam_discount_prediction.py took 1.515 seconds
[2026-09-07T05:58:57.669+0000] {processor.py:186} INFO - Started process (PID=1430) to work on /opt/airflow/dags/ml_04_steam_discount_prediction.py
[2026-09-07T05:58:57.670+0000] {processor.py:914} INFO - Processing file /opt/airflow/dags/ml_04_steam_discount_prediction.py for tasks to queue
[2026-09-07T05:58:57.671+0000] {logging_mixin.py:190} INFO - [2026-09-07T05:58:57.671+0000] {dagbag.py:588} INFO - Filling up the DagBag from /opt/airflow/dags/ml_04_steam_discount_prediction.py
[2026-09-07T05:58:59.117+0000] {processor.py:925} INFO - DAG(s) 'steam_discount_prediction_dag' retrieved from /opt/airflow/dags/ml_04_steam_discount_prediction.py
[2026-09-07T05:58:59.142+0000] {logging_mixin.py:190} INFO - [2026-09-07T05:58:59.141+0000] {dag.py:3239} INFO - Sync 1 DAGs
[2026-09-07T05:58:59.169+0000] {logging_mixin.py:190} INFO - [2026-09-07T05:58:59.169+0000] {dag.py:4180} INFO - Setting next_dagrun for steam_discount_prediction_dag to 2026-09-07 00:00:00+00:00, run_after=2026-09-08 00:00:00+00:00
[2026-09-07T05:58:59.190+0000] {processor.py:208} INFO - Processing /opt/airflow/dags/ml_04_steam_discount_prediction.py took 1.527 seconds
[2026-09-07T05:59:30.053+0000] {processor.py:186} INFO - Started process (PID=1467) to work on /opt/airflow/dags/ml_04_steam_discount_prediction.py
[2026-09-07T05:59:30.054+0000] {processor.py:914} INFO - Processing file /opt/airflow/dags/ml_04_steam_discount_prediction.py for tasks to queue
[2026-09-07T05:59:30.056+0000] {logging_mixin.py:190} INFO - [2026-09-07T05:59:30.055+0000] {dagbag.py:588} INFO - Filling up the DagBag from /opt/airflow/dags/ml_04_steam_discount_prediction.py
[2026-09-07T05:59:31.545+0000] {processor.py:925} INFO - DAG(s) 'steam_discount_prediction_dag' retrieved from /opt/airflow/dags/ml_04_steam_discount_prediction.py
[2026-09-07T05:59:31.574+0000] {logging_mixin.py:190} INFO - [2026-09-07T05:59:31.573+0000] {dag.py:3239} INFO - Sync 1 DAGs
[2026-09-07T05:59:31.597+0000] {logging_mixin.py:190} INFO - [2026-09-07T05:59:31.597+0000] {dag.py:4180} INFO - Setting next_dagrun for steam_discount_prediction_dag to 2026-09-07 00:00:00+00:00, run_after=2026-09-08 00:00:00+00:00
[2026-09-07T05:59:31.619+0000] {processor.py:208} INFO - Processing /opt/airflow/dags/ml_04_steam_discount_prediction.py took 1.572 seconds
[2026-09-07T06:00:02.447+0000] {processor.py:186} INFO - Started process (PID=1498) to work on /opt/airflow/dags/ml_04_steam_discount_prediction.py
[2026-09-07T06:00:02.448+0000] {processor.py:914} INFO - Processing file /opt/airflow/dags/ml_04_steam_discount_prediction.py for tasks to queue
[2026-09-07T06:00:02.450+0000] {logging_mixin.py:190} INFO - [2026-09-07T06:00:02.449+0000] {dagbag.py:588} INFO - Filling up the DagBag from /opt/airflow/dags/ml_04_steam_discount_prediction.py
[2026-09-07T06:00:04.168+0000] {processor.py:925} INFO - DAG(s) 'steam_discount_prediction_dag' retrieved from /opt/airflow/dags/ml_04_steam_discount_prediction.py
[2026-09-07T06:00:04.195+0000] {logging_mixin.py:190} INFO - [2026-09-07T06:00:04.194+0000] {dag.py:3239} INFO - Sync 1 DAGs
[2026-09-07T06:00:04.217+0000] {logging_mixin.py:190} INFO - [2026-09-07T06:00:04.217+0000] {dag.py:4180} INFO - Setting next_dagrun for steam_discount_prediction_dag to 2026-09-07 00:00:00+00:00, run_after=2026-09-08 00:00:00+00:00
[2026-09-07T06:00:04.238+0000] {processor.py:208} INFO - Processing /opt/airflow/dags/ml_04_steam_discount_prediction.py took 1.798 seconds
[2026-09-07T06:00:35.202+0000] {processor.py:186} INFO - Started process (PID=1529) to work on /opt/airflow/dags/ml_04_steam_discount_prediction.py
[2026-09-07T06:00:35.203+0000] {processor.py:914} INFO - Processing file /opt/airflow/dags/ml_04_steam_discount_prediction.py for tasks to queue
[2026-09-07T06:00:35.204+0000] {logging_mixin.py:190} INFO - [2026-09-07T06:00:35.204+0000] {dagbag.py:588} INFO - Filling up the DagBag from /opt/airflow/dags/ml_04_steam_discount_prediction.py
[2026-09-07T06:00:36.827+0000] {processor.py:925} INFO - DAG(s) 'steam_discount_prediction_dag' retrieved from /opt/airflow/dags/ml_04_steam_discount_prediction.py
[2026-09-07T06:00:36.862+0000] {logging_mixin.py:190} INFO - [2026-09-07T06:00:36.861+0000] {dag.py:3239} INFO - Sync 1 DAGs
[2026-09-07T06:00:36.894+0000] {logging_mixin.py:190} INFO - [2026-09-07T06:00:36.893+0000] {dag.py:4180} INFO - Setting next_dagrun for steam_discount_prediction_dag to 2026-09-07 00:00:00+00:00, run_after=2026-09-08 00:00:00+00:00
[2026-09-07T06:00:36.926+0000] {processor.py:208} INFO - Processing /opt/airflow/dags/ml_04_steam_discount_prediction.py took 1.731 seconds
[2026-09-07T06:01:07.172+0000] {processor.py:186} INFO - Started process (PID=1560) to work on /opt/airflow/dags/ml_04_steam_discount_prediction.py
[2026-09-07T06:01:07.173+0000] {processor.py:914} INFO - Processing file /opt/airflow/dags/ml_04_steam_discount_prediction.py for tasks to queue
[2026-09-07T06:01:07.174+0000] {logging_mixin.py:190} INFO - [2026-09-07T06:01:07.174+0000] {dagbag.py:588} INFO - Filling up the DagBag from /opt/airflow/dags/ml_04_steam_discount_prediction.py
[2026-09-07T06:01:08.437+0000] {processor.py:925} INFO - DAG(s) 'steam_discount_prediction_dag' retrieved from /opt/airflow/dags/ml_04_steam_discount_prediction.py
[2026-09-07T06:01:08.460+0000] {logging_mixin.py:190} INFO - [2026-09-07T06:01:08.459+0000] {dag.py:3239} INFO - Sync 1 DAGs
[2026-09-07T06:01:08.478+0000] {logging_mixin.py:190} INFO - [2026-09-07T06:01:08.477+0000] {dag.py:4180} INFO - Setting next_dagrun for steam_discount_prediction_dag to 2026-09-07 00:00:00+00:00, run_after=2026-09-08 00:00:00+00:00
[2026-09-07T06:01:08.492+0000] {processor.py:208} INFO - Processing /opt/airflow/dags/ml_04_steam_discount_prediction.py took 1.326 seconds
[2026-09-07T06:01:38.558+0000] {processor.py:186} INFO - Started process (PID=1591) to work on /opt/airflow/dags/ml_04_steam_discount_prediction.py
[2026-09-07T06:01:38.559+0000] {processor.py:914} INFO - Processing file /opt/airflow/dags/ml_04_steam_discount_prediction.py for tasks to queue
[2026-09-07T06:01:38.561+0000] {logging_mixin.py:190} INFO - [2026-09-07T06:01:38.561+0000] {dagbag.py:588} INFO - Filling up the DagBag from /opt/airflow/dags/ml_04_steam_discount_prediction.py
[2026-09-07T06:01:39.993+0000] {processor.py:925} INFO - DAG(s) 'steam_discount_prediction_dag' retrieved from /opt/airflow/dags/ml_04_steam_discount_prediction.py
[2026-09-07T06:01:40.013+0000] {logging_mixin.py:190} INFO - [2026-09-07T06:01:40.013+0000] {dag.py:3239} INFO - Sync 1 DAGs
[2026-09-07T06:01:40.030+0000] {logging_mixin.py:190} INFO - [2026-09-07T06:01:40.030+0000] {dag.py:4180} INFO - Setting next_dagrun for steam_discount_prediction_dag to 2026-09-07 00:00:00+00:00, run_after=2026-09-08 00:00:00+00:00
[2026-09-07T06:01:40.045+0000] {processor.py:208} INFO - Processing /opt/airflow/dags/ml_04_steam_discount_prediction.py took 1.496 seconds
[2026-09-07T06:02:10.327+0000] {processor.py:186} INFO - Started process (PID=1622) to work on /opt/airflow/dags/ml_04_steam_discount_prediction.py
[2026-09-07T06:02:10.328+0000] {processor.py:914} INFO - Processing file /opt/airflow/dags/ml_04_steam_discount_prediction.py for tasks to queue
[2026-09-07T06:02:10.329+0000] {logging_mixin.py:190} INFO - [2026-09-07T06:02:10.329+0000] {dagbag.py:588} INFO - Filling up the DagBag from /opt/airflow/dags/ml_04_steam_discount_prediction.py
[2026-09-07T06:02:11.855+0000] {processor.py:925} INFO - DAG(s) 'steam_discount_prediction_dag' retrieved from /opt/airflow/dags/ml_04_steam_discount_prediction.py
[2026-09-07T06:02:11.881+0000] {logging_mixin.py:190} INFO - [2026-09-07T06:02:11.881+0000] {dag.py:3239} INFO - Sync 1 DAGs
[2026-09-07T06:02:11.900+0000] {logging_mixin.py:190} INFO - [2026-09-07T06:02:11.900+0000] {dag.py:4180} INFO - Setting next_dagrun for steam_discount_prediction_dag to 2026-09-07 00:00:00+00:00, run_after=2026-09-08 00:00:00+00:00
[2026-09-07T06:02:11.916+0000] {processor.py:208} INFO - Processing /opt/airflow/dags/ml_04_steam_discount_prediction.py took 1.595 seconds
[2026-09-07T06:02:42.485+0000] {processor.py:186} INFO - Started process (PID=1655) to work on /opt/airflow/dags/ml_04_steam_discount_prediction.py
[2026-09-07T06:02:42.486+0000] {processor.py:914} INFO - Processing file /opt/airflow/dags/ml_04_steam_discount_prediction.py for tasks to queue
[2026-09-07T06:02:42.487+0000] {logging_mixin.py:190} INFO - [2026-09-07T06:02:42.487+0000] {dagbag.py:588} INFO - Filling up the DagBag from /opt/airflow/dags/ml_04_steam_discount_prediction.py
[2026-09-07T06:02:44.387+0000] {processor.py:925} INFO - DAG(s) 'steam_discount_prediction_dag' retrieved from /opt/airflow/dags/ml_04_steam_discount_prediction.py
[2026-09-07T06:02:44.428+0000] {logging_mixin.py:190} INFO - [2026-09-07T06:02:44.427+0000] {dag.py:3239} INFO - Sync 1 DAGs
[2026-09-07T06:02:44.461+0000] {logging_mixin.py:190} INFO - [2026-09-07T06:02:44.461+0000] {dag.py:4180} INFO - Setting next_dagrun for steam_discount_prediction_dag to 2026-09-07 00:00:00+00:00, run_after=2026-09-08 00:00:00+00:00
[2026-09-07T06:02:44.495+0000] {processor.py:208} INFO - Processing /opt/airflow/dags/ml_04_steam_discount_prediction.py took 2.016 seconds
[2026-09-07T06:03:14.901+0000] {processor.py:186} INFO - Started process (PID=1687) to work on /opt/airflow/dags/ml_04_steam_discount_prediction.py
[2026-09-07T06:03:14.902+0000] {processor.py:914} INFO - Processing file /opt/airflow/dags/ml_04_steam_discount_prediction.py for tasks to queue
[2026-09-07T06:03:14.903+0000] {logging_mixin.py:190} INFO - [2026-09-07T06:03:14.903+0000] {dagbag.py:588} INFO - Filling up the DagBag from /opt/airflow/dags/ml_04_steam_discount_prediction.py
[2026-09-07T06:03:16.072+0000] {processor.py:925} INFO - DAG(s) 'steam_discount_prediction_dag' retrieved from /opt/airflow/dags/ml_04_steam_discount_prediction.py
[2026-09-07T06:03:16.096+0000] {logging_mixin.py:190} INFO - [2026-09-07T06:03:16.096+0000] {dag.py:3239} INFO - Sync 1 DAGs
[2026-09-07T06:03:16.114+0000] {logging_mixin.py:190} INFO - [2026-09-07T06:03:16.114+0000] {dag.py:4180} INFO - Setting next_dagrun for steam_discount_prediction_dag to 2026-09-07 00:00:00+00:00, run_after=2026-09-08 00:00:00+00:00
[2026-09-07T06:03:16.130+0000] {processor.py:208} INFO - Processing /opt/airflow/dags/ml_04_steam_discount_prediction.py took 1.235 seconds
[2026-09-07T06:03:46.278+0000] {processor.py:186} INFO - Started process (PID=1721) to work on /opt/airflow/dags/ml_04_steam_discount_prediction.py
[2026-09-07T06:03:46.279+0000] {processor.py:914} INFO - Processing file /opt/airflow/dags/ml_04_steam_discount_prediction.py for tasks to queue
[2026-09-07T06:03:46.280+0000] {logging_mixin.py:190} INFO - [2026-09-07T06:03:46.280+0000] {dagbag.py:588} INFO - Filling up the DagBag from /opt/airflow/dags/ml_04_steam_discount_prediction.py
[2026-09-07T06:03:47.513+0000] {processor.py:925} INFO - DAG(s) 'steam_discount_prediction_dag' retrieved from /opt/airflow/dags/ml_04_steam_discount_prediction.py
[2026-09-07T06:03:47.539+0000] {logging_mixin.py:190} INFO - [2026-09-07T06:03:47.539+0000] {dag.py:3239} INFO - Sync 1 DAGs
[2026-09-07T06:03:47.559+0000] {logging_mixin.py:190} INFO - [2026-09-07T06:03:47.559+0000] {dag.py:4180} INFO - Setting next_dagrun for steam_discount_prediction_dag to 2026-09-07 00:00:00+00:00, run_after=2026-09-08 00:00:00+00:00
[2026-09-07T06:03:47.576+0000] {processor.py:208} INFO - Processing /opt/airflow/dags/ml_04_steam_discount_prediction.py took 1.303 seconds
[2026-09-07T06:04:17.814+0000] {processor.py:186} INFO - Started process (PID=1752) to work on /opt/airflow/dags/ml_04_steam_discount_prediction.py
[2026-09-07T06:04:17.815+0000] {processor.py:914} INFO - Processing file /opt/airflow/dags/ml_04_steam_discount_prediction.py for tasks to queue
[2026-09-07T06:04:17.822+0000] {logging_mixin.py:190} INFO - [2026-09-07T06:04:17.817+0000] {dagbag.py:588} INFO - Filling up the DagBag from /opt/airflow/dags/ml_04_steam_discount_prediction.py
[2026-09-07T06:04:19.409+0000] {processor.py:925} INFO - DAG(s) 'steam_discount_prediction_dag' retrieved from /opt/airflow/dags/ml_04_steam_discount_prediction.py
[2026-09-07T06:04:19.433+0000] {logging_mixin.py:190} INFO - [2026-09-07T06:04:19.433+0000] {dag.py:3239} INFO - Sync 1 DAGs
[2026-09-07T06:04:19.452+0000] {logging_mixin.py:190} INFO - [2026-09-07T06:04:19.452+0000] {dag.py:4180} INFO - Setting next_dagrun for steam_discount_prediction_dag to 2026-09-07 00:00:00+00:00, run_after=2026-09-08 00:00:00+00:00
[2026-09-07T06:04:19.469+0000] {processor.py:208} INFO - Processing /opt/airflow/dags/ml_04_steam_discount_prediction.py took 1.664 seconds
[2026-09-07T06:04:49.596+0000] {processor.py:186} INFO - Started process (PID=1783) to work on /opt/airflow/dags/ml_04_steam_discount_prediction.py
[2026-09-07T06:04:49.600+0000] {processor.py:914} INFO - Processing file /opt/airflow/dags/ml_04_steam_discount_prediction.py for tasks to queue
[2026-09-07T06:04:49.603+0000] {logging_mixin.py:190} INFO - [2026-09-07T06:04:49.603+0000] {dagbag.py:588} INFO - Filling up the DagBag from /opt/airflow/dags/ml_04_steam_discount_prediction.py
[2026-09-07T06:04:51.641+0000] {processor.py:925} INFO - DAG(s) 'steam_discount_prediction_dag' retrieved from /opt/airflow/dags/ml_04_steam_discount_prediction.py
[2026-09-07T06:04:51.667+0000] {logging_mixin.py:190} INFO - [2026-09-07T06:04:51.666+0000] {dag.py:3239} INFO - Sync 1 DAGs
[2026-09-07T06:04:51.686+0000] {logging_mixin.py:190} INFO - [2026-09-07T06:04:51.686+0000] {dag.py:4180} INFO - Setting next_dagrun for steam_discount_prediction_dag to 2026-09-07 00:00:00+00:00, run_after=2026-09-08 00:00:00+00:00
[2026-09-07T06:04:51.706+0000] {processor.py:208} INFO - Processing /opt/airflow/dags/ml_04_steam_discount_prediction.py took 2.122 seconds
[2026-09-07T06:05:22.125+0000] {processor.py:186} INFO - Started process (PID=1814) to work on /opt/airflow/dags/ml_04_steam_discount_prediction.py
[2026-09-07T06:05:22.126+0000] {processor.py:914} INFO - Processing file /opt/airflow/dags/ml_04_steam_discount_prediction.py for tasks to queue
[2026-09-07T06:05:22.128+0000] {logging_mixin.py:190} INFO - [2026-09-07T06:05:22.127+0000] {dagbag.py:588} INFO - Filling up the DagBag from /opt/airflow/dags/ml_04_steam_discount_prediction.py
[2026-09-07T06:05:23.417+0000] {processor.py:925} INFO - DAG(s) 'steam_discount_prediction_dag' retrieved from /opt/airflow/dags/ml_04_steam_discount_prediction.py
[2026-09-07T06:05:23.442+0000] {logging_mixin.py:190} INFO - [2026-09-07T06:05:23.442+0000] {dag.py:3239} INFO - Sync 1 DAGs
[2026-09-07T06:05:23.463+0000] {logging_mixin.py:190} INFO - [2026-09-07T06:05:23.463+0000] {dag.py:4180} INFO - Setting next_dagrun for steam_discount_prediction_dag to 2026-09-07 00:00:00+00:00, run_after=2026-09-08 00:00:00+00:00
[2026-09-07T06:05:23.479+0000] {processor.py:208} INFO - Processing /opt/airflow/dags/ml_04_steam_discount_prediction.py took 1.361 seconds
[2026-09-07T06:05:54.407+0000] {processor.py:186} INFO - Started process (PID=1846) to work on /opt/airflow/dags/ml_04_steam_discount_prediction.py
[2026-09-07T06:05:54.408+0000] {processor.py:914} INFO - Processing file /opt/airflow/dags/ml_04_steam_discount_prediction.py for tasks to queue
[2026-09-07T06:05:54.410+0000] {logging_mixin.py:190} INFO - [2026-09-07T06:05:54.410+0000] {dagbag.py:588} INFO - Filling up the DagBag from /opt/airflow/dags/ml_04_steam_discount_prediction.py
[2026-09-07T06:05:55.851+0000] {processor.py:925} INFO - DAG(s) 'steam_discount_prediction_dag' retrieved from /opt/airflow/dags/ml_04_steam_discount_prediction.py
[2026-09-07T06:05:55.878+0000] {logging_mixin.py:190} INFO - [2026-09-07T06:05:55.878+0000] {dag.py:3239} INFO - Sync 1 DAGs
[2026-09-07T06:05:55.897+0000] {logging_mixin.py:190} INFO - [2026-09-07T06:05:55.896+0000] {dag.py:4180} INFO - Setting next_dagrun for steam_discount_prediction_dag to 2026-09-07 00:00:00+00:00, run_after=2026-09-08 00:00:00+00:00
[2026-09-07T06:05:55.915+0000] {processor.py:208} INFO - Processing /opt/airflow/dags/ml_04_steam_discount_prediction.py took 1.519 seconds
[2026-09-07T06:06:26.613+0000] {processor.py:186} INFO - Started process (PID=1877) to work on /opt/airflow/dags/ml_04_steam_discount_prediction.py
[2026-09-07T06:06:26.614+0000] {processor.py:914} INFO - Processing file /opt/airflow/dags/ml_04_steam_discount_prediction.py for tasks to queue
[2026-09-07T06:06:26.616+0000] {logging_mixin.py:190} INFO - [2026-09-07T06:06:26.616+0000] {dagbag.py:588} INFO - Filling up the DagBag from /opt/airflow/dags/ml_04_steam_discount_prediction.py
[2026-09-07T06:06:27.852+0000] {processor.py:925} INFO - DAG(s) 'steam_discount_prediction_dag' retrieved from /opt/airflow/dags/ml_04_steam_discount_prediction.py
[2026-09-07T06:06:27.873+0000] {logging_mixin.py:190} INFO - [2026-09-07T06:06:27.873+0000] {dag.py:3239} INFO - Sync 1 DAGs
[2026-09-07T06:06:27.891+0000] {logging_mixin.py:190} INFO - [2026-09-07T06:06:27.891+0000] {dag.py:4180} INFO - Setting next_dagrun for steam_discount_prediction_dag to 2026-09-07 00:00:00+00:00, run_after=2026-09-08 00:00:00+00:00
[2026-09-07T06:06:27.907+0000] {processor.py:208} INFO - Processing /opt/airflow/dags/ml_04_steam_discount_prediction.py took 1.301 seconds
[2026-09-07T06:06:58.841+0000] {processor.py:186} INFO - Started process (PID=1909) to work on /opt/airflow/dags/ml_04_steam_discount_prediction.py
[2026-09-07T06:06:58.841+0000] {processor.py:914} INFO - Processing file /opt/airflow/dags/ml_04_steam_discount_prediction.py for tasks to queue
[2026-09-07T06:06:58.843+0000] {logging_mixin.py:190} INFO - [2026-09-07T06:06:58.842+0000] {dagbag.py:588} INFO - Filling up the DagBag from /opt/airflow/dags/ml_04_steam_discount_prediction.py
[2026-09-07T06:07:00.084+0000] {processor.py:925} INFO - DAG(s) 'steam_discount_prediction_dag' retrieved from /opt/airflow/dags/ml_04_steam_discount_prediction.py
[2026-09-07T06:07:00.107+0000] {logging_mixin.py:190} INFO - [2026-09-07T06:07:00.106+0000] {dag.py:3239} INFO - Sync 1 DAGs
[2026-09-07T06:07:00.124+0000] {logging_mixin.py:190} INFO - [2026-09-07T06:07:00.124+0000] {dag.py:4180} INFO - Setting next_dagrun for steam_discount_prediction_dag to 2026-09-07 00:00:00+00:00, run_after=2026-09-08 00:00:00+00:00
[2026-09-07T06:07:00.140+0000] {processor.py:208} INFO - Processing /opt/airflow/dags/ml_04_steam_discount_prediction.py took 1.305 seconds
[2026-09-07T06:07:30.469+0000] {processor.py:186} INFO - Started process (PID=1940) to work on /opt/airflow/dags/ml_04_steam_discount_prediction.py
[2026-09-07T06:07:30.470+0000] {processor.py:914} INFO - Processing file /opt/airflow/dags/ml_04_steam_discount_prediction.py for tasks to queue
[2026-09-07T06:07:30.471+0000] {logging_mixin.py:190} INFO - [2026-09-07T06:07:30.471+0000] {dagbag.py:588} INFO - Filling up the DagBag from /opt/airflow/dags/ml_04_steam_discount_prediction.py
[2026-09-07T06:07:31.820+0000] {processor.py:925} INFO - DAG(s) 'steam_discount_prediction_dag' retrieved from /opt/airflow/dags/ml_04_steam_discount_prediction.py
[2026-09-07T06:07:31.843+0000] {logging_mixin.py:190} INFO - [2026-09-07T06:07:31.843+0000] {dag.py:3239} INFO - Sync 1 DAGs
[2026-09-07T06:07:31.862+0000] {logging_mixin.py:190} INFO - [2026-09-07T06:07:31.862+0000] {dag.py:4180} INFO - Setting next_dagrun for steam_discount_prediction_dag to 2026-09-07 00:00:00+00:00, run_after=2026-09-08 00:00:00+00:00
[2026-09-07T06:07:31.878+0000] {processor.py:208} INFO - Processing /opt/airflow/dags/ml_04_steam_discount_prediction.py took 1.415 seconds
[2026-09-07T06:08:02.045+0000] {processor.py:186} INFO - Started process (PID=1981) to work on /opt/airflow/dags/ml_04_steam_discount_prediction.py
[2026-09-07T06:08:02.046+0000] {processor.py:914} INFO - Processing file /opt/airflow/dags/ml_04_steam_discount_prediction.py for tasks to queue
[2026-09-07T06:08:02.048+0000] {logging_mixin.py:190} INFO - [2026-09-07T06:08:02.047+0000] {dagbag.py:588} INFO - Filling up the DagBag from /opt/airflow/dags/ml_04_steam_discount_prediction.py
[2026-09-07T06:08:03.335+0000] {processor.py:925} INFO - DAG(s) 'steam_discount_prediction_dag' retrieved from /opt/airflow/dags/ml_04_steam_discount_prediction.py
[2026-09-07T06:08:03.363+0000] {logging_mixin.py:190} INFO - [2026-09-07T06:08:03.362+0000] {dag.py:3239} INFO - Sync 1 DAGs
[2026-09-07T06:08:03.384+0000] {logging_mixin.py:190} INFO - [2026-09-07T06:08:03.384+0000] {dag.py:4180} INFO - Setting next_dagrun for steam_discount_prediction_dag to 2026-09-07 00:00:00+00:00, run_after=2026-09-08 00:00:00+00:00
[2026-09-07T06:08:03.404+0000] {processor.py:208} INFO - Processing /opt/airflow/dags/ml_04_steam_discount_prediction.py took 1.365 seconds
[2026-09-07T06:08:33.535+0000] {processor.py:186} INFO - Started process (PID=2012) to work on /opt/airflow/dags/ml_04_steam_discount_prediction.py
[2026-09-07T06:08:33.535+0000] {processor.py:914} INFO - Processing file /opt/airflow/dags/ml_04_steam_discount_prediction.py for tasks to queue
[2026-09-07T06:08:33.537+0000] {logging_mixin.py:190} INFO - [2026-09-07T06:08:33.536+0000] {dagbag.py:588} INFO - Filling up the DagBag from /opt/airflow/dags/ml_04_steam_discount_prediction.py
[2026-09-07T06:08:34.914+0000] {processor.py:925} INFO - DAG(s) 'steam_discount_prediction_dag' retrieved from /opt/airflow/dags/ml_04_steam_discount_prediction.py
[2026-09-07T06:08:34.937+0000] {logging_mixin.py:190} INFO - [2026-09-07T06:08:34.936+0000] {dag.py:3239} INFO - Sync 1 DAGs
[2026-09-07T06:08:34.957+0000] {logging_mixin.py:190} INFO - [2026-09-07T06:08:34.957+0000] {dag.py:4180} INFO - Setting next_dagrun for steam_discount_prediction_dag to 2026-09-07 00:00:00+00:00, run_after=2026-09-08 00:00:00+00:00
[2026-09-07T06:08:34.975+0000] {processor.py:208} INFO - Processing /opt/airflow/dags/ml_04_steam_discount_prediction.py took 1.447 seconds
[2026-09-07T06:09:05.023+0000] {processor.py:186} INFO - Started process (PID=2044) to work on /opt/airflow/dags/ml_04_steam_discount_prediction.py
[2026-09-07T06:09:05.024+0000] {processor.py:914} INFO - Processing file /opt/airflow/dags/ml_04_steam_discount_prediction.py for tasks to queue
[2026-09-07T06:09:05.025+0000] {logging_mixin.py:190} INFO - [2026-09-07T06:09:05.025+0000] {dagbag.py:588} INFO - Filling up the DagBag from /opt/airflow/dags/ml_04_steam_discount_prediction.py
[2026-09-07T06:09:06.369+0000] {processor.py:925} INFO - DAG(s) 'steam_discount_prediction_dag' retrieved from /opt/airflow/dags/ml_04_steam_discount_prediction.py
[2026-09-07T06:09:06.395+0000] {logging_mixin.py:190} INFO - [2026-09-07T06:09:06.394+0000] {dag.py:3239} INFO - Sync 1 DAGs
[2026-09-07T06:09:06.413+0000] {logging_mixin.py:190} INFO - [2026-09-07T06:09:06.412+0000] {dag.py:4180} INFO - Setting next_dagrun for steam_discount_prediction_dag to 2026-09-07 00:00:00+00:00, run_after=2026-09-08 00:00:00+00:00
[2026-09-07T06:09:06.428+0000] {processor.py:208} INFO - Processing /opt/airflow/dags/ml_04_steam_discount_prediction.py took 1.410 seconds
[2026-09-07T06:09:37.180+0000] {processor.py:186} INFO - Started process (PID=2075) to work on /opt/airflow/dags/ml_04_steam_discount_prediction.py
[2026-09-07T06:09:37.180+0000] {processor.py:914} INFO - Processing file /opt/airflow/dags/ml_04_steam_discount_prediction.py for tasks to queue
[2026-09-07T06:09:37.181+0000] {logging_mixin.py:190} INFO - [2026-09-07T06:09:37.181+0000] {dagbag.py:588} INFO - Filling up the DagBag from /opt/airflow/dags/ml_04_steam_discount_prediction.py
[2026-09-07T06:09:38.356+0000] {processor.py:925} INFO - DAG(s) 'steam_discount_prediction_dag' retrieved from /opt/airflow/dags/ml_04_steam_discount_prediction.py
[2026-09-07T06:09:38.379+0000] {logging_mixin.py:190} INFO - [2026-09-07T06:09:38.379+0000] {dag.py:3239} INFO - Sync 1 DAGs
[2026-09-07T06:09:38.397+0000] {logging_mixin.py:190} INFO - [2026-09-07T06:09:38.397+0000] {dag.py:4180} INFO - Setting next_dagrun for steam_discount_prediction_dag to 2026-09-07 00:00:00+00:00, run_after=2026-09-08 00:00:00+00:00
[2026-09-07T06:09:38.412+0000] {processor.py:208} INFO - Processing /opt/airflow/dags/ml_04_steam_discount_prediction.py took 1.238 seconds
[2026-09-07T06:10:08.709+0000] {processor.py:186} INFO - Started process (PID=2120) to work on /opt/airflow/dags/ml_04_steam_discount_prediction.py
[2026-09-07T06:10:08.710+0000] {processor.py:914} INFO - Processing file /opt/airflow/dags/ml_04_steam_discount_prediction.py for tasks to queue
[2026-09-07T06:10:08.711+0000] {logging_mixin.py:190} INFO - [2026-09-07T06:10:08.711+0000] {dagbag.py:588} INFO - Filling up the DagBag from /opt/airflow/dags/ml_04_steam_discount_prediction.py
[2026-09-07T06:10:09.958+0000] {processor.py:925} INFO - DAG(s) 'steam_discount_prediction_dag' retrieved from /opt/airflow/dags/ml_04_steam_discount_prediction.py
[2026-09-07T06:10:09.981+0000] {logging_mixin.py:190} INFO - [2026-09-07T06:10:09.980+0000] {dag.py:3239} INFO - Sync 1 DAGs
[2026-09-07T06:10:09.999+0000] {logging_mixin.py:190} INFO - [2026-09-07T06:10:09.998+0000] {dag.py:4180} INFO - Setting next_dagrun for steam_discount_prediction_dag to 2026-09-07 00:00:00+00:00, run_after=2026-09-08 00:00:00+00:00
[2026-09-07T06:10:10.018+0000] {processor.py:208} INFO - Processing /opt/airflow/dags/ml_04_steam_discount_prediction.py took 1.317 seconds
[2026-09-07T06:10:40.917+0000] {processor.py:186} INFO - Started process (PID=2180) to work on /opt/airflow/dags/ml_04_steam_discount_prediction.py
[2026-09-07T06:10:40.918+0000] {processor.py:914} INFO - Processing file /opt/airflow/dags/ml_04_steam_discount_prediction.py for tasks to queue
[2026-09-07T06:10:40.920+0000] {logging_mixin.py:190} INFO - [2026-09-07T06:10:40.919+0000] {dagbag.py:588} INFO - Filling up the DagBag from /opt/airflow/dags/ml_04_steam_discount_prediction.py
[2026-09-07T06:10:42.237+0000] {processor.py:925} INFO - DAG(s) 'steam_discount_prediction_dag' retrieved from /opt/airflow/dags/ml_04_steam_discount_prediction.py
[2026-09-07T06:10:42.266+0000] {logging_mixin.py:190} INFO - [2026-09-07T06:10:42.265+0000] {dag.py:3239} INFO - Sync 1 DAGs
[2026-09-07T06:10:42.286+0000] {logging_mixin.py:190} INFO - [2026-09-07T06:10:42.286+0000] {dag.py:4180} INFO - Setting next_dagrun for steam_discount_prediction_dag to 2026-09-07 00:00:00+00:00, run_after=2026-09-08 00:00:00+00:00
[2026-09-07T06:10:42.304+0000] {processor.py:208} INFO - Processing /opt/airflow/dags/ml_04_steam_discount_prediction.py took 1.395 seconds
[2026-09-07T06:11:12.558+0000] {processor.py:186} INFO - Started process (PID=2229) to work on /opt/airflow/dags/ml_04_steam_discount_prediction.py
[2026-09-07T06:11:12.560+0000] {processor.py:914} INFO - Processing file /opt/airflow/dags/ml_04_steam_discount_prediction.py for tasks to queue
[2026-09-07T06:11:12.562+0000] {logging_mixin.py:190} INFO - [2026-09-07T06:11:12.562+0000] {dagbag.py:588} INFO - Filling up the DagBag from /opt/airflow/dags/ml_04_steam_discount_prediction.py
[2026-09-07T06:11:14.742+0000] {processor.py:925} INFO - DAG(s) 'steam_discount_prediction_dag' retrieved from /opt/airflow/dags/ml_04_steam_discount_prediction.py
[2026-09-07T06:11:14.786+0000] {logging_mixin.py:190} INFO - [2026-09-07T06:11:14.785+0000] {dag.py:3239} INFO - Sync 1 DAGs
[2026-09-07T06:11:14.821+0000] {logging_mixin.py:190} INFO - [2026-09-07T06:11:14.821+0000] {dag.py:4180} INFO - Setting next_dagrun for steam_discount_prediction_dag to 2026-09-07 00:00:00+00:00, run_after=2026-09-08 00:00:00+00:00
[2026-09-07T06:11:14.850+0000] {processor.py:208} INFO - Processing /opt/airflow/dags/ml_04_steam_discount_prediction.py took 2.302 seconds
[2026-09-07T06:11:44.913+0000] {processor.py:186} INFO - Started process (PID=2267) to work on /opt/airflow/dags/ml_04_steam_discount_prediction.py
[2026-09-07T06:11:44.914+0000] {processor.py:914} INFO - Processing file /opt/airflow/dags/ml_04_steam_discount_prediction.py for tasks to queue
[2026-09-07T06:11:44.915+0000] {logging_mixin.py:190} INFO - [2026-09-07T06:11:44.915+0000] {dagbag.py:588} INFO - Filling up the DagBag from /opt/airflow/dags/ml_04_steam_discount_prediction.py
[2026-09-07T06:11:46.133+0000] {processor.py:925} INFO - DAG(s) 'steam_discount_prediction_dag' retrieved from /opt/airflow/dags/ml_04_steam_discount_prediction.py
[2026-09-07T06:11:46.156+0000] {logging_mixin.py:190} INFO - [2026-09-07T06:11:46.155+0000] {dag.py:3239} INFO - Sync 1 DAGs
[2026-09-07T06:11:46.174+0000] {logging_mixin.py:190} INFO - [2026-09-07T06:11:46.173+0000] {dag.py:4180} INFO - Setting next_dagrun for steam_discount_prediction_dag to 2026-09-07 00:00:00+00:00, run_after=2026-09-08 00:00:00+00:00
[2026-09-07T06:11:46.189+0000] {processor.py:208} INFO - Processing /opt/airflow/dags/ml_04_steam_discount_prediction.py took 1.281 seconds
[2026-09-07T06:12:16.580+0000] {processor.py:186} INFO - Started process (PID=2298) to work on /opt/airflow/dags/ml_04_steam_discount_prediction.py
[2026-09-07T06:12:16.581+0000] {processor.py:914} INFO - Processing file /opt/airflow/dags/ml_04_steam_discount_prediction.py for tasks to queue
[2026-09-07T06:12:16.582+0000] {logging_mixin.py:190} INFO - [2026-09-07T06:12:16.582+0000] {dagbag.py:588} INFO - Filling up the DagBag from /opt/airflow/dags/ml_04_steam_discount_prediction.py
[2026-09-07T06:12:17.809+0000] {processor.py:925} INFO - DAG(s) 'steam_discount_prediction_dag' retrieved from /opt/airflow/dags/ml_04_steam_discount_prediction.py
[2026-09-07T06:12:17.832+0000] {logging_mixin.py:190} INFO - [2026-09-07T06:12:17.831+0000] {dag.py:3239} INFO - Sync 1 DAGs
[2026-09-07T06:12:17.850+0000] {logging_mixin.py:190} INFO - [2026-09-07T06:12:17.850+0000] {dag.py:4180} INFO - Setting next_dagrun for steam_discount_prediction_dag to 2026-09-07 00:00:00+00:00, run_after=2026-09-08 00:00:00+00:00
[2026-09-07T06:12:17.867+0000] {processor.py:208} INFO - Processing /opt/airflow/dags/ml_04_steam_discount_prediction.py took 1.293 seconds
[2026-09-07T06:12:48.674+0000] {processor.py:186} INFO - Started process (PID=2329) to work on /opt/airflow/dags/ml_04_steam_discount_prediction.py
[2026-09-07T06:12:48.674+0000] {processor.py:914} INFO - Processing file /opt/airflow/dags/ml_04_steam_discount_prediction.py for tasks to queue
[2026-09-07T06:12:48.676+0000] {logging_mixin.py:190} INFO - [2026-09-07T06:12:48.675+0000] {dagbag.py:588} INFO - Filling up the DagBag from /opt/airflow/dags/ml_04_steam_discount_prediction.py
[2026-09-07T06:12:50.091+0000] {processor.py:925} INFO - DAG(s) 'steam_discount_prediction_dag' retrieved from /opt/airflow/dags/ml_04_steam_discount_prediction.py
[2026-09-07T06:12:50.137+0000] {logging_mixin.py:190} INFO - [2026-09-07T06:12:50.136+0000] {dag.py:3239} INFO - Sync 1 DAGs
[2026-09-07T06:12:50.179+0000] {logging_mixin.py:190} INFO - [2026-09-07T06:12:50.178+0000] {dag.py:4180} INFO - Setting next_dagrun for steam_discount_prediction_dag to 2026-09-07 00:00:00+00:00, run_after=2026-09-08 00:00:00+00:00
[2026-09-07T06:12:50.204+0000] {processor.py:208} INFO - Processing /opt/airflow/dags/ml_04_steam_discount_prediction.py took 1.537 seconds
[2026-09-07T06:13:20.593+0000] {processor.py:186} INFO - Started process (PID=2363) to work on /opt/airflow/dags/ml_04_steam_discount_prediction.py
[2026-09-07T06:13:20.594+0000] {processor.py:914} INFO - Processing file /opt/airflow/dags/ml_04_steam_discount_prediction.py for tasks to queue
[2026-09-07T06:13:20.595+0000] {logging_mixin.py:190} INFO - [2026-09-07T06:13:20.595+0000] {dagbag.py:588} INFO - Filling up the DagBag from /opt/airflow/dags/ml_04_steam_discount_prediction.py
[2026-09-07T06:13:22.044+0000] {processor.py:925} INFO - DAG(s) 'steam_discount_prediction_dag' retrieved from /opt/airflow/dags/ml_04_steam_discount_prediction.py
[2026-09-07T06:13:22.073+0000] {logging_mixin.py:190} INFO - [2026-09-07T06:13:22.072+0000] {dag.py:3239} INFO - Sync 1 DAGs
[2026-09-07T06:13:22.098+0000] {logging_mixin.py:190} INFO - [2026-09-07T06:13:22.098+0000] {dag.py:4180} INFO - Setting next_dagrun for steam_discount_prediction_dag to 2026-09-07 00:00:00+00:00, run_after=2026-09-08 00:00:00+00:00
[2026-09-07T06:13:22.123+0000] {processor.py:208} INFO - Processing /opt/airflow/dags/ml_04_steam_discount_prediction.py took 1.536 seconds
[2026-09-07T06:13:52.936+0000] {processor.py:186} INFO - Started process (PID=2395) to work on /opt/airflow/dags/ml_04_steam_discount_prediction.py
[2026-09-07T06:13:52.936+0000] {processor.py:914} INFO - Processing file /opt/airflow/dags/ml_04_steam_discount_prediction.py for tasks to queue
[2026-09-07T06:13:52.937+0000] {logging_mixin.py:190} INFO - [2026-09-07T06:13:52.937+0000] {dagbag.py:588} INFO - Filling up the DagBag from /opt/airflow/dags/ml_04_steam_discount_prediction.py
[2026-09-07T06:13:54.208+0000] {processor.py:925} INFO - DAG(s) 'steam_discount_prediction_dag' retrieved from /opt/airflow/dags/ml_04_steam_discount_prediction.py
[2026-09-07T06:13:54.229+0000] {logging_mixin.py:190} INFO - [2026-09-07T06:13:54.229+0000] {dag.py:3239} INFO - Sync 1 DAGs
[2026-09-07T06:13:54.245+0000] {logging_mixin.py:190} INFO - [2026-09-07T06:13:54.245+0000] {dag.py:4180} INFO - Setting next_dagrun for steam_discount_prediction_dag to 2026-09-07 00:00:00+00:00, run_after=2026-09-08 00:00:00+00:00
[2026-09-07T06:13:54.263+0000] {processor.py:208} INFO - Processing /opt/airflow/dags/ml_04_steam_discount_prediction.py took 1.333 seconds
[2026-09-07T06:14:24.395+0000] {processor.py:186} INFO - Started process (PID=2429) to work on /opt/airflow/dags/ml_04_steam_discount_prediction.py
[2026-09-07T06:14:24.396+0000] {processor.py:914} INFO - Processing file /opt/airflow/dags/ml_04_steam_discount_prediction.py for tasks to queue
[2026-09-07T06:14:24.397+0000] {logging_mixin.py:190} INFO - [2026-09-07T06:14:24.397+0000] {dagbag.py:588} INFO - Filling up the DagBag from /opt/airflow/dags/ml_04_steam_discount_prediction.py
[2026-09-07T06:14:25.729+0000] {processor.py:925} INFO - DAG(s) 'steam_discount_prediction_dag' retrieved from /opt/airflow/dags/ml_04_steam_discount_prediction.py
[2026-09-07T06:14:25.752+0000] {logging_mixin.py:190} INFO - [2026-09-07T06:14:25.752+0000] {dag.py:3239} INFO - Sync 1 DAGs
[2026-09-07T06:14:25.770+0000] {logging_mixin.py:190} INFO - [2026-09-07T06:14:25.769+0000] {dag.py:4180} INFO - Setting next_dagrun for steam_discount_prediction_dag to 2026-09-07 00:00:00+00:00, run_after=2026-09-08 00:00:00+00:00
[2026-09-07T06:14:25.784+0000] {processor.py:208} INFO - Processing /opt/airflow/dags/ml_04_steam_discount_prediction.py took 1.398 seconds
[2026-09-07T06:14:56.689+0000] {processor.py:186} INFO - Started process (PID=2460) to work on /opt/airflow/dags/ml_04_steam_discount_prediction.py
[2026-09-07T06:14:56.690+0000] {processor.py:914} INFO - Processing file /opt/airflow/dags/ml_04_steam_discount_prediction.py for tasks to queue
[2026-09-07T06:14:56.691+0000] {logging_mixin.py:190} INFO - [2026-09-07T06:14:56.691+0000] {dagbag.py:588} INFO - Filling up the DagBag from /opt/airflow/dags/ml_04_steam_discount_prediction.py
[2026-09-07T06:14:57.966+0000] {processor.py:925} INFO - DAG(s) 'steam_discount_prediction_dag' retrieved from /opt/airflow/dags/ml_04_steam_discount_prediction.py
[2026-09-07T06:14:57.988+0000] {logging_mixin.py:190} INFO - [2026-09-07T06:14:57.988+0000] {dag.py:3239} INFO - Sync 1 DAGs
[2026-09-07T06:14:58.007+0000] {logging_mixin.py:190} INFO - [2026-09-07T06:14:58.007+0000] {dag.py:4180} INFO - Setting next_dagrun for steam_discount_prediction_dag to 2026-09-07 00:00:00+00:00, run_after=2026-09-08 00:00:00+00:00
[2026-09-07T06:14:58.021+0000] {processor.py:208} INFO - Processing /opt/airflow/dags/ml_04_steam_discount_prediction.py took 1.338 seconds
[2026-09-07T06:15:29.034+0000] {processor.py:186} INFO - Started process (PID=2491) to work on /opt/airflow/dags/ml_04_steam_discount_prediction.py
[2026-09-07T06:15:29.035+0000] {processor.py:914} INFO - Processing file /opt/airflow/dags/ml_04_steam_discount_prediction.py for tasks to queue
[2026-09-07T06:15:29.036+0000] {logging_mixin.py:190} INFO - [2026-09-07T06:15:29.036+0000] {dagbag.py:588} INFO - Filling up the DagBag from /opt/airflow/dags/ml_04_steam_discount_prediction.py
[2026-09-07T06:15:30.284+0000] {processor.py:925} INFO - DAG(s) 'steam_discount_prediction_dag' retrieved from /opt/airflow/dags/ml_04_steam_discount_prediction.py
[2026-09-07T06:15:30.311+0000] {logging_mixin.py:190} INFO - [2026-09-07T06:15:30.310+0000] {dag.py:3239} INFO - Sync 1 DAGs
[2026-09-07T06:15:30.329+0000] {logging_mixin.py:190} INFO - [2026-09-07T06:15:30.329+0000] {dag.py:4180} INFO - Setting next_dagrun for steam_discount_prediction_dag to 2026-09-07 00:00:00+00:00, run_after=2026-09-08 00:00:00+00:00
[2026-09-07T06:15:30.346+0000] {processor.py:208} INFO - Processing /opt/airflow/dags/ml_04_steam_discount_prediction.py took 1.317 seconds
[2026-09-07T06:16:01.204+0000] {processor.py:186} INFO - Started process (PID=2522) to work on /opt/airflow/dags/ml_04_steam_discount_prediction.py
[2026-09-07T06:16:01.205+0000] {processor.py:914} INFO - Processing file /opt/airflow/dags/ml_04_steam_discount_prediction.py for tasks to queue
[2026-09-07T06:16:01.207+0000] {logging_mixin.py:190} INFO - [2026-09-07T06:16:01.206+0000] {dagbag.py:588} INFO - Filling up the DagBag from /opt/airflow/dags/ml_04_steam_discount_prediction.py
[2026-09-07T06:16:02.808+0000] {processor.py:925} INFO - DAG(s) 'steam_discount_prediction_dag' retrieved from /opt/airflow/dags/ml_04_steam_discount_prediction.py
[2026-09-07T06:16:02.840+0000] {logging_mixin.py:190} INFO - [2026-09-07T06:16:02.839+0000] {dag.py:3239} INFO - Sync 1 DAGs
[2026-09-07T06:16:02.860+0000] {logging_mixin.py:190} INFO - [2026-09-07T06:16:02.860+0000] {dag.py:4180} INFO - Setting next_dagrun for steam_discount_prediction_dag to 2026-09-07 00:00:00+00:00, run_after=2026-09-08 00:00:00+00:00
[2026-09-07T06:16:02.886+0000] {processor.py:208} INFO - Processing /opt/airflow/dags/ml_04_steam_discount_prediction.py took 1.690 seconds
[2026-09-07T06:16:32.971+0000] {processor.py:186} INFO - Started process (PID=2559) to work on /opt/airflow/dags/ml_04_steam_discount_prediction.py
[2026-09-07T06:16:32.972+0000] {processor.py:914} INFO - Processing file /opt/airflow/dags/ml_04_steam_discount_prediction.py for tasks to queue
[2026-09-07T06:16:32.973+0000] {logging_mixin.py:190} INFO - [2026-09-07T06:16:32.973+0000] {dagbag.py:588} INFO - Filling up the DagBag from /opt/airflow/dags/ml_04_steam_discount_prediction.py
[2026-09-07T06:16:34.544+0000] {processor.py:925} INFO - DAG(s) 'steam_discount_prediction_dag' retrieved from /opt/airflow/dags/ml_04_steam_discount_prediction.py
[2026-09-07T06:16:34.588+0000] {logging_mixin.py:190} INFO - [2026-09-07T06:16:34.587+0000] {dag.py:3239} INFO - Sync 1 DAGs
[2026-09-07T06:16:34.620+0000] {logging_mixin.py:190} INFO - [2026-09-07T06:16:34.620+0000] {dag.py:4180} INFO - Setting next_dagrun for steam_discount_prediction_dag to 2026-09-07 00:00:00+00:00, run_after=2026-09-08 00:00:00+00:00
[2026-09-07T06:16:34.649+0000] {processor.py:208} INFO - Processing /opt/airflow/dags/ml_04_steam_discount_prediction.py took 1.684 seconds
[2026-09-07T06:17:04.997+0000] {processor.py:186} INFO - Started process (PID=2590) to work on /opt/airflow/dags/ml_04_steam_discount_prediction.py
[2026-09-07T06:17:04.998+0000] {processor.py:914} INFO - Processing file /opt/airflow/dags/ml_04_steam_discount_prediction.py for tasks to queue
[2026-09-07T06:17:04.999+0000] {logging_mixin.py:190} INFO - [2026-09-07T06:17:04.999+0000] {dagbag.py:588} INFO - Filling up the DagBag from /opt/airflow/dags/ml_04_steam_discount_prediction.py
[2026-09-07T06:17:06.636+0000] {processor.py:925} INFO - DAG(s) 'steam_discount_prediction_dag' retrieved from /opt/airflow/dags/ml_04_steam_discount_prediction.py
[2026-09-07T06:17:06.668+0000] {logging_mixin.py:190} INFO - [2026-09-07T06:17:06.668+0000] {dag.py:3239} INFO - Sync 1 DAGs
[2026-09-07T06:17:06.693+0000] {logging_mixin.py:190} INFO - [2026-09-07T06:17:06.693+0000] {dag.py:4180} INFO - Setting next_dagrun for steam_discount_prediction_dag to 2026-09-07 00:00:00+00:00, run_after=2026-09-08 00:00:00+00:00
[2026-09-07T06:17:06.714+0000] {processor.py:208} INFO - Processing /opt/airflow/dags/ml_04_steam_discount_prediction.py took 1.724 seconds
[2026-09-07T06:17:37.134+0000] {processor.py:186} INFO - Started process (PID=2621) to work on /opt/airflow/dags/ml_04_steam_discount_prediction.py
[2026-09-07T06:17:37.136+0000] {processor.py:914} INFO - Processing file /opt/airflow/dags/ml_04_steam_discount_prediction.py for tasks to queue
[2026-09-07T06:17:37.140+0000] {logging_mixin.py:190} INFO - [2026-09-07T06:17:37.139+0000] {dagbag.py:588} INFO - Filling up the DagBag from /opt/airflow/dags/ml_04_steam_discount_prediction.py
[2026-09-07T06:17:38.555+0000] {processor.py:925} INFO - DAG(s) 'steam_discount_prediction_dag' retrieved from /opt/airflow/dags/ml_04_steam_discount_prediction.py
[2026-09-07T06:17:38.580+0000] {logging_mixin.py:190} INFO - [2026-09-07T06:17:38.580+0000] {dag.py:3239} INFO - Sync 1 DAGs
[2026-09-07T06:17:38.599+0000] {logging_mixin.py:190} INFO - [2026-09-07T06:17:38.598+0000] {dag.py:4180} INFO - Setting next_dagrun for steam_discount_prediction_dag to 2026-09-07 00:00:00+00:00, run_after=2026-09-08 00:00:00+00:00
[2026-09-07T06:17:38.740+0000] {processor.py:208} INFO - Processing /opt/airflow/dags/ml_04_steam_discount_prediction.py took 1.622 seconds
[2026-09-07T06:18:08.965+0000] {processor.py:186} INFO - Started process (PID=2652) to work on /opt/airflow/dags/ml_04_steam_discount_prediction.py
[2026-09-07T06:18:08.966+0000] {processor.py:914} INFO - Processing file /opt/airflow/dags/ml_04_steam_discount_prediction.py for tasks to queue
[2026-09-07T06:18:08.968+0000] {logging_mixin.py:190} INFO - [2026-09-07T06:18:08.967+0000] {dagbag.py:588} INFO - Filling up the DagBag from /opt/airflow/dags/ml_04_steam_discount_prediction.py
[2026-09-07T06:18:10.170+0000] {processor.py:925} INFO - DAG(s) 'steam_discount_prediction_dag' retrieved from /opt/airflow/dags/ml_04_steam_discount_prediction.py
[2026-09-07T06:18:10.192+0000] {logging_mixin.py:190} INFO - [2026-09-07T06:18:10.192+0000] {dag.py:3239} INFO - Sync 1 DAGs
[2026-09-07T06:18:10.208+0000] {logging_mixin.py:190} INFO - [2026-09-07T06:18:10.208+0000] {dag.py:4180} INFO - Setting next_dagrun for steam_discount_prediction_dag to 2026-09-07 00:00:00+00:00, run_after=2026-09-08 00:00:00+00:00
[2026-09-07T06:18:10.222+0000] {processor.py:208} INFO - Processing /opt/airflow/dags/ml_04_steam_discount_prediction.py took 1.264 seconds
[2026-09-07T06:18:40.297+0000] {processor.py:186} INFO - Started process (PID=2683) to work on /opt/airflow/dags/ml_04_steam_discount_prediction.py
[2026-09-07T06:18:40.297+0000] {processor.py:914} INFO - Processing file /opt/airflow/dags/ml_04_steam_discount_prediction.py for tasks to queue
[2026-09-07T06:18:40.299+0000] {logging_mixin.py:190} INFO - [2026-09-07T06:18:40.298+0000] {dagbag.py:588} INFO - Filling up the DagBag from /opt/airflow/dags/ml_04_steam_discount_prediction.py
[2026-09-07T06:18:41.724+0000] {processor.py:925} INFO - DAG(s) 'steam_discount_prediction_dag' retrieved from /opt/airflow/dags/ml_04_steam_discount_prediction.py
[2026-09-07T06:18:41.746+0000] {logging_mixin.py:190} INFO - [2026-09-07T06:18:41.745+0000] {dag.py:3239} INFO - Sync 1 DAGs
[2026-09-07T06:18:41.765+0000] {logging_mixin.py:190} INFO - [2026-09-07T06:18:41.764+0000] {dag.py:4180} INFO - Setting next_dagrun for steam_discount_prediction_dag to 2026-09-07 00:00:00+00:00, run_after=2026-09-08 00:00:00+00:00
[2026-09-07T06:18:41.780+0000] {processor.py:208} INFO - Processing /opt/airflow/dags/ml_04_steam_discount_prediction.py took 1.492 seconds
[2026-09-07T06:19:12.081+0000] {processor.py:186} INFO - Started process (PID=2714) to work on /opt/airflow/dags/ml_04_steam_discount_prediction.py
[2026-09-07T06:19:12.081+0000] {processor.py:914} INFO - Processing file /opt/airflow/dags/ml_04_steam_discount_prediction.py for tasks to queue
[2026-09-07T06:19:12.083+0000] {logging_mixin.py:190} INFO - [2026-09-07T06:19:12.082+0000] {dagbag.py:588} INFO - Filling up the DagBag from /opt/airflow/dags/ml_04_steam_discount_prediction.py
[2026-09-07T06:19:13.310+0000] {processor.py:925} INFO - DAG(s) 'steam_discount_prediction_dag' retrieved from /opt/airflow/dags/ml_04_steam_discount_prediction.py
[2026-09-07T06:19:13.334+0000] {logging_mixin.py:190} INFO - [2026-09-07T06:19:13.333+0000] {dag.py:3239} INFO - Sync 1 DAGs
[2026-09-07T06:19:13.352+0000] {logging_mixin.py:190} INFO - [2026-09-07T06:19:13.352+0000] {dag.py:4180} INFO - Setting next_dagrun for steam_discount_prediction_dag to 2026-09-07 00:00:00+00:00, run_after=2026-09-08 00:00:00+00:00
[2026-09-07T06:19:13.369+0000] {processor.py:208} INFO - Processing /opt/airflow/dags/ml_04_steam_discount_prediction.py took 1.295 seconds
[2026-09-07T06:19:43.458+0000] {processor.py:186} INFO - Started process (PID=2745) to work on /opt/airflow/dags/ml_04_steam_discount_prediction.py
[2026-09-07T06:19:43.459+0000] {processor.py:914} INFO - Processing file /opt/airflow/dags/ml_04_steam_discount_prediction.py for tasks to queue
[2026-09-07T06:19:43.460+0000] {logging_mixin.py:190} INFO - [2026-09-07T06:19:43.460+0000] {dagbag.py:588} INFO - Filling up the DagBag from /opt/airflow/dags/ml_04_steam_discount_prediction.py
[2026-09-07T06:19:44.621+0000] {processor.py:925} INFO - DAG(s) 'steam_discount_prediction_dag' retrieved from /opt/airflow/dags/ml_04_steam_discount_prediction.py
[2026-09-07T06:19:44.644+0000] {logging_mixin.py:190} INFO - [2026-09-07T06:19:44.644+0000] {dag.py:3239} INFO - Sync 1 DAGs
[2026-09-07T06:19:44.787+0000] {logging_mixin.py:190} INFO - [2026-09-07T06:19:44.787+0000] {dag.py:4180} INFO - Setting next_dagrun for steam_discount_prediction_dag to 2026-09-07 00:00:00+00:00, run_after=2026-09-08 00:00:00+00:00
[2026-09-07T06:19:44.803+0000] {processor.py:208} INFO - Processing /opt/airflow/dags/ml_04_steam_discount_prediction.py took 1.352 seconds
[2026-09-07T06:20:14.978+0000] {processor.py:186} INFO - Started process (PID=2776) to work on /opt/airflow/dags/ml_04_steam_discount_prediction.py
[2026-09-07T06:20:14.979+0000] {processor.py:914} INFO - Processing file /opt/airflow/dags/ml_04_steam_discount_prediction.py for tasks to queue
[2026-09-07T06:20:14.980+0000] {logging_mixin.py:190} INFO - [2026-09-07T06:20:14.980+0000] {dagbag.py:588} INFO - Filling up the DagBag from /opt/airflow/dags/ml_04_steam_discount_prediction.py
[2026-09-07T06:20:16.305+0000] {processor.py:925} INFO - DAG(s) 'steam_discount_prediction_dag' retrieved from /opt/airflow/dags/ml_04_steam_discount_prediction.py
[2026-09-07T06:20:16.326+0000] {logging_mixin.py:190} INFO - [2026-09-07T06:20:16.326+0000] {dag.py:3239} INFO - Sync 1 DAGs
[2026-09-07T06:20:16.342+0000] {logging_mixin.py:190} INFO - [2026-09-07T06:20:16.342+0000] {dag.py:4180} INFO - Setting next_dagrun for steam_discount_prediction_dag to 2026-09-07 00:00:00+00:00, run_after=2026-09-08 00:00:00+00:00
[2026-09-07T06:20:16.356+0000] {processor.py:208} INFO - Processing /opt/airflow/dags/ml_04_steam_discount_prediction.py took 1.385 seconds
[2026-09-07T06:20:46.914+0000] {processor.py:186} INFO - Started process (PID=2808) to work on /opt/airflow/dags/ml_04_steam_discount_prediction.py
[2026-09-07T06:20:46.915+0000] {processor.py:914} INFO - Processing file /opt/airflow/dags/ml_04_steam_discount_prediction.py for tasks to queue
[2026-09-07T06:20:46.916+0000] {logging_mixin.py:190} INFO - [2026-09-07T06:20:46.915+0000] {dagbag.py:588} INFO - Filling up the DagBag from /opt/airflow/dags/ml_04_steam_discount_prediction.py
[2026-09-07T06:20:48.174+0000] {processor.py:925} INFO - DAG(s) 'steam_discount_prediction_dag' retrieved from /opt/airflow/dags/ml_04_steam_discount_prediction.py
[2026-09-07T06:20:48.197+0000] {logging_mixin.py:190} INFO - [2026-09-07T06:20:48.196+0000] {dag.py:3239} INFO - Sync 1 DAGs
[2026-09-07T06:20:48.214+0000] {logging_mixin.py:190} INFO - [2026-09-07T06:20:48.214+0000] {dag.py:4180} INFO - Setting next_dagrun for steam_discount_prediction_dag to 2026-09-07 00:00:00+00:00, run_after=2026-09-08 00:00:00+00:00
[2026-09-07T06:20:48.229+0000] {processor.py:208} INFO - Processing /opt/airflow/dags/ml_04_steam_discount_prediction.py took 1.321 seconds
[2026-09-07T06:21:18.883+0000] {processor.py:186} INFO - Started process (PID=2839) to work on /opt/airflow/dags/ml_04_steam_discount_prediction.py
[2026-09-07T06:21:18.884+0000] {processor.py:914} INFO - Processing file /opt/airflow/dags/ml_04_steam_discount_prediction.py for tasks to queue
[2026-09-07T06:21:18.885+0000] {logging_mixin.py:190} INFO - [2026-09-07T06:21:18.884+0000] {dagbag.py:588} INFO - Filling up the DagBag from /opt/airflow/dags/ml_04_steam_discount_prediction.py
[2026-09-07T06:21:20.157+0000] {processor.py:925} INFO - DAG(s) 'steam_discount_prediction_dag' retrieved from /opt/airflow/dags/ml_04_steam_discount_prediction.py
[2026-09-07T06:21:20.182+0000] {logging_mixin.py:190} INFO - [2026-09-07T06:21:20.182+0000] {dag.py:3239} INFO - Sync 1 DAGs
[2026-09-07T06:21:20.204+0000] {logging_mixin.py:190} INFO - [2026-09-07T06:21:20.204+0000] {dag.py:4180} INFO - Setting next_dagrun for steam_discount_prediction_dag to 2026-09-07 00:00:00+00:00, run_after=2026-09-08 00:00:00+00:00
[2026-09-07T06:21:20.221+0000] {processor.py:208} INFO - Processing /opt/airflow/dags/ml_04_steam_discount_prediction.py took 1.345 seconds
[2026-09-07T06:21:50.312+0000] {processor.py:186} INFO - Started process (PID=2870) to work on /opt/airflow/dags/ml_04_steam_discount_prediction.py
[2026-09-07T06:21:50.313+0000] {processor.py:914} INFO - Processing file /opt/airflow/dags/ml_04_steam_discount_prediction.py for tasks to queue
[2026-09-07T06:21:50.315+0000] {logging_mixin.py:190} INFO - [2026-09-07T06:21:50.315+0000] {dagbag.py:588} INFO - Filling up the DagBag from /opt/airflow/dags/ml_04_steam_discount_prediction.py
[2026-09-07T06:21:51.831+0000] {processor.py:925} INFO - DAG(s) 'steam_discount_prediction_dag' retrieved from /opt/airflow/dags/ml_04_steam_discount_prediction.py
[2026-09-07T06:21:51.860+0000] {logging_mixin.py:190} INFO - [2026-09-07T06:21:51.859+0000] {dag.py:3239} INFO - Sync 1 DAGs
[2026-09-07T06:21:51.880+0000] {logging_mixin.py:190} INFO - [2026-09-07T06:21:51.880+0000] {dag.py:4180} INFO - Setting next_dagrun for steam_discount_prediction_dag to 2026-09-07 00:00:00+00:00, run_after=2026-09-08 00:00:00+00:00
[2026-09-07T06:21:51.908+0000] {processor.py:208} INFO - Processing /opt/airflow/dags/ml_04_steam_discount_prediction.py took 1.606 seconds
[2026-09-07T06:22:22.870+0000] {processor.py:186} INFO - Started process (PID=2901) to work on /opt/airflow/dags/ml_04_steam_discount_prediction.py
[2026-09-07T06:22:22.871+0000] {processor.py:914} INFO - Processing file /opt/airflow/dags/ml_04_steam_discount_prediction.py for tasks to queue
[2026-09-07T06:22:22.872+0000] {logging_mixin.py:190} INFO - [2026-09-07T06:22:22.872+0000] {dagbag.py:588} INFO - Filling up the DagBag from /opt/airflow/dags/ml_04_steam_discount_prediction.py
[2026-09-07T06:22:24.466+0000] {processor.py:925} INFO - DAG(s) 'steam_discount_prediction_dag' retrieved from /opt/airflow/dags/ml_04_steam_discount_prediction.py
[2026-09-07T06:22:24.490+0000] {logging_mixin.py:190} INFO - [2026-09-07T06:22:24.489+0000] {dag.py:3239} INFO - Sync 1 DAGs
[2026-09-07T06:22:24.513+0000] {logging_mixin.py:190} INFO - [2026-09-07T06:22:24.513+0000] {dag.py:4180} INFO - Setting next_dagrun for steam_discount_prediction_dag to 2026-09-07 00:00:00+00:00, run_after=2026-09-08 00:00:00+00:00
[2026-09-07T06:22:24.534+0000] {processor.py:208} INFO - Processing /opt/airflow/dags/ml_04_steam_discount_prediction.py took 1.670 seconds
[2026-09-07T06:22:55.082+0000] {processor.py:186} INFO - Started process (PID=2932) to work on /opt/airflow/dags/ml_04_steam_discount_prediction.py
[2026-09-07T06:22:55.083+0000] {processor.py:914} INFO - Processing file /opt/airflow/dags/ml_04_steam_discount_prediction.py for tasks to queue
[2026-09-07T06:22:55.084+0000] {logging_mixin.py:190} INFO - [2026-09-07T06:22:55.084+0000] {dagbag.py:588} INFO - Filling up the DagBag from /opt/airflow/dags/ml_04_steam_discount_prediction.py
[2026-09-07T06:22:56.564+0000] {processor.py:925} INFO - DAG(s) 'steam_discount_prediction_dag' retrieved from /opt/airflow/dags/ml_04_steam_discount_prediction.py
[2026-09-07T06:22:56.590+0000] {logging_mixin.py:190} INFO - [2026-09-07T06:22:56.589+0000] {dag.py:3239} INFO - Sync 1 DAGs
[2026-09-07T06:22:56.611+0000] {logging_mixin.py:190} INFO - [2026-09-07T06:22:56.610+0000] {dag.py:4180} INFO - Setting next_dagrun for steam_discount_prediction_dag to 2026-09-07 00:00:00+00:00, run_after=2026-09-08 00:00:00+00:00
[2026-09-07T06:22:56.629+0000] {processor.py:208} INFO - Processing /opt/airflow/dags/ml_04_steam_discount_prediction.py took 1.554 seconds
[2026-09-07T06:23:26.744+0000] {processor.py:186} INFO - Started process (PID=2963) to work on /opt/airflow/dags/ml_04_steam_discount_prediction.py
[2026-09-07T06:23:26.745+0000] {processor.py:914} INFO - Processing file /opt/airflow/dags/ml_04_steam_discount_prediction.py for tasks to queue
[2026-09-07T06:23:26.746+0000] {logging_mixin.py:190} INFO - [2026-09-07T06:23:26.746+0000] {dagbag.py:588} INFO - Filling up the DagBag from /opt/airflow/dags/ml_04_steam_discount_prediction.py
[2026-09-07T06:23:28.100+0000] {processor.py:925} INFO - DAG(s) 'steam_discount_prediction_dag' retrieved from /opt/airflow/dags/ml_04_steam_discount_prediction.py
[2026-09-07T06:23:28.128+0000] {logging_mixin.py:190} INFO - [2026-09-07T06:23:28.128+0000] {dag.py:3239} INFO - Sync 1 DAGs
[2026-09-07T06:23:28.148+0000] {logging_mixin.py:190} INFO - [2026-09-07T06:23:28.148+0000] {dag.py:4180} INFO - Setting next_dagrun for steam_discount_prediction_dag to 2026-09-07 00:00:00+00:00, run_after=2026-09-08 00:00:00+00:00
[2026-09-07T06:23:28.164+0000] {processor.py:208} INFO - Processing /opt/airflow/dags/ml_04_steam_discount_prediction.py took 1.427 seconds
[2026-09-07T06:23:59.033+0000] {processor.py:186} INFO - Started process (PID=2994) to work on /opt/airflow/dags/ml_04_steam_discount_prediction.py
[2026-09-07T06:23:59.034+0000] {processor.py:914} INFO - Processing file /opt/airflow/dags/ml_04_steam_discount_prediction.py for tasks to queue
[2026-09-07T06:23:59.035+0000] {logging_mixin.py:190} INFO - [2026-09-07T06:23:59.035+0000] {dagbag.py:588} INFO - Filling up the DagBag from /opt/airflow/dags/ml_04_steam_discount_prediction.py
[2026-09-07T06:24:00.273+0000] {processor.py:925} INFO - DAG(s) 'steam_discount_prediction_dag' retrieved from /opt/airflow/dags/ml_04_steam_discount_prediction.py
[2026-09-07T06:24:00.297+0000] {logging_mixin.py:190} INFO - [2026-09-07T06:24:00.297+0000] {dag.py:3239} INFO - Sync 1 DAGs
[2026-09-07T06:24:00.316+0000] {logging_mixin.py:190} INFO - [2026-09-07T06:24:00.316+0000] {dag.py:4180} INFO - Setting next_dagrun for steam_discount_prediction_dag to 2026-09-07 00:00:00+00:00, run_after=2026-09-08 00:00:00+00:00
[2026-09-07T06:24:00.332+0000] {processor.py:208} INFO - Processing /opt/airflow/dags/ml_04_steam_discount_prediction.py took 1.304 seconds
[2026-09-07T06:24:30.435+0000] {processor.py:186} INFO - Started process (PID=3025) to work on /opt/airflow/dags/ml_04_steam_discount_prediction.py
[2026-09-07T06:24:30.436+0000] {processor.py:914} INFO - Processing file /opt/airflow/dags/ml_04_steam_discount_prediction.py for tasks to queue
[2026-09-07T06:24:30.437+0000] {logging_mixin.py:190} INFO - [2026-09-07T06:24:30.437+0000] {dagbag.py:588} INFO - Filling up the DagBag from /opt/airflow/dags/ml_04_steam_discount_prediction.py
[2026-09-07T06:24:31.811+0000] {processor.py:925} INFO - DAG(s) 'steam_discount_prediction_dag' retrieved from /opt/airflow/dags/ml_04_steam_discount_prediction.py
[2026-09-07T06:24:31.837+0000] {logging_mixin.py:190} INFO - [2026-09-07T06:24:31.837+0000] {dag.py:3239} INFO - Sync 1 DAGs
[2026-09-07T06:24:31.857+0000] {logging_mixin.py:190} INFO - [2026-09-07T06:24:31.857+0000] {dag.py:4180} INFO - Setting next_dagrun for steam_discount_prediction_dag to 2026-09-07 00:00:00+00:00, run_after=2026-09-08 00:00:00+00:00
[2026-09-07T06:24:31.881+0000] {processor.py:208} INFO - Processing /opt/airflow/dags/ml_04_steam_discount_prediction.py took 1.452 seconds
[2026-09-07T06:25:02.777+0000] {processor.py:186} INFO - Started process (PID=3057) to work on /opt/airflow/dags/ml_04_steam_discount_prediction.py
[2026-09-07T06:25:02.778+0000] {processor.py:914} INFO - Processing file /opt/airflow/dags/ml_04_steam_discount_prediction.py for tasks to queue
[2026-09-07T06:25:02.779+0000] {logging_mixin.py:190} INFO - [2026-09-07T06:25:02.779+0000] {dagbag.py:588} INFO - Filling up the DagBag from /opt/airflow/dags/ml_04_steam_discount_prediction.py
[2026-09-07T06:25:04.072+0000] {processor.py:925} INFO - DAG(s) 'steam_discount_prediction_dag' retrieved from /opt/airflow/dags/ml_04_steam_discount_prediction.py
[2026-09-07T06:25:04.100+0000] {logging_mixin.py:190} INFO - [2026-09-07T06:25:04.099+0000] {dag.py:3239} INFO - Sync 1 DAGs
[2026-09-07T06:25:04.117+0000] {logging_mixin.py:190} INFO - [2026-09-07T06:25:04.116+0000] {dag.py:4180} INFO - Setting next_dagrun for steam_discount_prediction_dag to 2026-09-07 00:00:00+00:00, run_after=2026-09-08 00:00:00+00:00
[2026-09-07T06:25:04.131+0000] {processor.py:208} INFO - Processing /opt/airflow/dags/ml_04_steam_discount_prediction.py took 1.359 seconds
[2026-09-07T06:25:34.192+0000] {processor.py:186} INFO - Started process (PID=3094) to work on /opt/airflow/dags/ml_04_steam_discount_prediction.py
[2026-09-07T06:25:34.193+0000] {processor.py:914} INFO - Processing file /opt/airflow/dags/ml_04_steam_discount_prediction.py for tasks to queue
[2026-09-07T06:25:34.194+0000] {logging_mixin.py:190} INFO - [2026-09-07T06:25:34.194+0000] {dagbag.py:588} INFO - Filling up the DagBag from /opt/airflow/dags/ml_04_steam_discount_prediction.py
[2026-09-07T06:25:35.592+0000] {processor.py:925} INFO - DAG(s) 'steam_discount_prediction_dag' retrieved from /opt/airflow/dags/ml_04_steam_discount_prediction.py
[2026-09-07T06:25:35.616+0000] {logging_mixin.py:190} INFO - [2026-09-07T06:25:35.615+0000] {dag.py:3239} INFO - Sync 1 DAGs
[2026-09-07T06:25:35.636+0000] {logging_mixin.py:190} INFO - [2026-09-07T06:25:35.636+0000] {dag.py:4180} INFO - Setting next_dagrun for steam_discount_prediction_dag to 2026-09-07 00:00:00+00:00, run_after=2026-09-08 00:00:00+00:00
[2026-09-07T06:25:35.651+0000] {processor.py:208} INFO - Processing /opt/airflow/dags/ml_04_steam_discount_prediction.py took 1.465 seconds
[2026-09-07T06:26:05.743+0000] {processor.py:186} INFO - Started process (PID=3130) to work on /opt/airflow/dags/ml_04_steam_discount_prediction.py
[2026-09-07T06:26:05.744+0000] {processor.py:914} INFO - Processing file /opt/airflow/dags/ml_04_steam_discount_prediction.py for tasks to queue
[2026-09-07T06:26:05.745+0000] {logging_mixin.py:190} INFO - [2026-09-07T06:26:05.745+0000] {dagbag.py:588} INFO - Filling up the DagBag from /opt/airflow/dags/ml_04_steam_discount_prediction.py
[2026-09-07T06:26:07.105+0000] {processor.py:925} INFO - DAG(s) 'steam_discount_prediction_dag' retrieved from /opt/airflow/dags/ml_04_steam_discount_prediction.py
[2026-09-07T06:26:07.126+0000] {logging_mixin.py:190} INFO - [2026-09-07T06:26:07.125+0000] {dag.py:3239} INFO - Sync 1 DAGs
[2026-09-07T06:26:07.142+0000] {logging_mixin.py:190} INFO - [2026-09-07T06:26:07.142+0000] {dag.py:4180} INFO - Setting next_dagrun for steam_discount_prediction_dag to 2026-09-07 00:00:00+00:00, run_after=2026-09-08 00:00:00+00:00
[2026-09-07T06:26:07.161+0000] {processor.py:208} INFO - Processing /opt/airflow/dags/ml_04_steam_discount_prediction.py took 1.423 seconds
[2026-09-07T06:26:37.916+0000] {processor.py:186} INFO - Started process (PID=3166) to work on /opt/airflow/dags/ml_04_steam_discount_prediction.py
[2026-09-07T06:26:37.916+0000] {processor.py:914} INFO - Processing file /opt/airflow/dags/ml_04_steam_discount_prediction.py for tasks to queue
[2026-09-07T06:26:37.918+0000] {logging_mixin.py:190} INFO - [2026-09-07T06:26:37.917+0000] {dagbag.py:588} INFO - Filling up the DagBag from /opt/airflow/dags/ml_04_steam_discount_prediction.py
[2026-09-07T06:26:39.202+0000] {processor.py:925} INFO - DAG(s) 'steam_discount_prediction_dag' retrieved from /opt/airflow/dags/ml_04_steam_discount_prediction.py
[2026-09-07T06:26:39.227+0000] {logging_mixin.py:190} INFO - [2026-09-07T06:26:39.226+0000] {dag.py:3239} INFO - Sync 1 DAGs
[2026-09-07T06:26:39.247+0000] {logging_mixin.py:190} INFO - [2026-09-07T06:26:39.247+0000] {dag.py:4180} INFO - Setting next_dagrun for steam_discount_prediction_dag to 2026-09-07 00:00:00+00:00, run_after=2026-09-08 00:00:00+00:00
[2026-09-07T06:26:39.268+0000] {processor.py:208} INFO - Processing /opt/airflow/dags/ml_04_steam_discount_prediction.py took 1.359 seconds
[2026-09-07T06:27:09.796+0000] {processor.py:186} INFO - Started process (PID=3197) to work on /opt/airflow/dags/ml_04_steam_discount_prediction.py
[2026-09-07T06:27:09.796+0000] {processor.py:914} INFO - Processing file /opt/airflow/dags/ml_04_steam_discount_prediction.py for tasks to queue
[2026-09-07T06:27:09.798+0000] {logging_mixin.py:190} INFO - [2026-09-07T06:27:09.797+0000] {dagbag.py:588} INFO - Filling up the DagBag from /opt/airflow/dags/ml_04_steam_discount_prediction.py
[2026-09-07T06:27:11.114+0000] {processor.py:925} INFO - DAG(s) 'steam_discount_prediction_dag' retrieved from /opt/airflow/dags/ml_04_steam_discount_prediction.py
[2026-09-07T06:27:11.143+0000] {logging_mixin.py:190} INFO - [2026-09-07T06:27:11.142+0000] {dag.py:3239} INFO - Sync 1 DAGs
[2026-09-07T06:27:11.160+0000] {logging_mixin.py:190} INFO - [2026-09-07T06:27:11.160+0000] {dag.py:4180} INFO - Setting next_dagrun for steam_discount_prediction_dag to 2026-09-07 00:00:00+00:00, run_after=2026-09-08 00:00:00+00:00
[2026-09-07T06:27:11.176+0000] {processor.py:208} INFO - Processing /opt/airflow/dags/ml_04_steam_discount_prediction.py took 1.386 seconds
[2026-09-07T06:27:41.315+0000] {processor.py:186} INFO - Started process (PID=3228) to work on /opt/airflow/dags/ml_04_steam_discount_prediction.py
[2026-09-07T06:27:41.316+0000] {processor.py:914} INFO - Processing file /opt/airflow/dags/ml_04_steam_discount_prediction.py for tasks to queue
[2026-09-07T06:27:41.317+0000] {logging_mixin.py:190} INFO - [2026-09-07T06:27:41.317+0000] {dagbag.py:588} INFO - Filling up the DagBag from /opt/airflow/dags/ml_04_steam_discount_prediction.py
[2026-09-07T06:27:42.651+0000] {processor.py:925} INFO - DAG(s) 'steam_discount_prediction_dag' retrieved from /opt/airflow/dags/ml_04_steam_discount_prediction.py
[2026-09-07T06:27:42.676+0000] {logging_mixin.py:190} INFO - [2026-09-07T06:27:42.675+0000] {dag.py:3239} INFO - Sync 1 DAGs
[2026-09-07T06:27:42.698+0000] {logging_mixin.py:190} INFO - [2026-09-07T06:27:42.698+0000] {dag.py:4180} INFO - Setting next_dagrun for steam_discount_prediction_dag to 2026-09-07 00:00:00+00:00, run_after=2026-09-08 00:00:00+00:00
[2026-09-07T06:27:42.714+0000] {processor.py:208} INFO - Processing /opt/airflow/dags/ml_04_steam_discount_prediction.py took 1.404 seconds
[2026-09-07T06:28:13.217+0000] {processor.py:186} INFO - Started process (PID=3259) to work on /opt/airflow/dags/ml_04_steam_discount_prediction.py
[2026-09-07T06:28:13.218+0000] {processor.py:914} INFO - Processing file /opt/airflow/dags/ml_04_steam_discount_prediction.py for tasks to queue
[2026-09-07T06:28:13.219+0000] {logging_mixin.py:190} INFO - [2026-09-07T06:28:13.219+0000] {dagbag.py:588} INFO - Filling up the DagBag from /opt/airflow/dags/ml_04_steam_discount_prediction.py
[2026-09-07T06:28:14.592+0000] {processor.py:925} INFO - DAG(s) 'steam_discount_prediction_dag' retrieved from /opt/airflow/dags/ml_04_steam_discount_prediction.py
[2026-09-07T06:28:14.615+0000] {logging_mixin.py:190} INFO - [2026-09-07T06:28:14.615+0000] {dag.py:3239} INFO - Sync 1 DAGs
[2026-09-07T06:28:14.635+0000] {logging_mixin.py:190} INFO - [2026-09-07T06:28:14.634+0000] {dag.py:4180} INFO - Setting next_dagrun for steam_discount_prediction_dag to 2026-09-07 00:00:00+00:00, run_after=2026-09-08 00:00:00+00:00
[2026-09-07T06:28:14.652+0000] {processor.py:208} INFO - Processing /opt/airflow/dags/ml_04_steam_discount_prediction.py took 1.441 seconds
[2026-09-07T06:28:44.812+0000] {processor.py:186} INFO - Started process (PID=3290) to work on /opt/airflow/dags/ml_04_steam_discount_prediction.py
[2026-09-07T06:28:44.812+0000] {processor.py:914} INFO - Processing file /opt/airflow/dags/ml_04_steam_discount_prediction.py for tasks to queue
[2026-09-07T06:28:44.813+0000] {logging_mixin.py:190} INFO - [2026-09-07T06:28:44.813+0000] {dagbag.py:588} INFO - Filling up the DagBag from /opt/airflow/dags/ml_04_steam_discount_prediction.py
[2026-09-07T06:28:46.075+0000] {processor.py:925} INFO - DAG(s) 'steam_discount_prediction_dag' retrieved from /opt/airflow/dags/ml_04_steam_discount_prediction.py
[2026-09-07T06:28:46.096+0000] {logging_mixin.py:190} INFO - [2026-09-07T06:28:46.095+0000] {dag.py:3239} INFO - Sync 1 DAGs
[2026-09-07T06:28:46.112+0000] {logging_mixin.py:190} INFO - [2026-09-07T06:28:46.112+0000] {dag.py:4180} INFO - Setting next_dagrun for steam_discount_prediction_dag to 2026-09-07 00:00:00+00:00, run_after=2026-09-08 00:00:00+00:00
[2026-09-07T06:28:46.126+0000] {processor.py:208} INFO - Processing /opt/airflow/dags/ml_04_steam_discount_prediction.py took 1.320 seconds
[2026-09-07T06:29:16.934+0000] {processor.py:186} INFO - Started process (PID=3321) to work on /opt/airflow/dags/ml_04_steam_discount_prediction.py
[2026-09-07T06:29:16.935+0000] {processor.py:914} INFO - Processing file /opt/airflow/dags/ml_04_steam_discount_prediction.py for tasks to queue
[2026-09-07T06:29:16.937+0000] {logging_mixin.py:190} INFO - [2026-09-07T06:29:16.936+0000] {dagbag.py:588} INFO - Filling up the DagBag from /opt/airflow/dags/ml_04_steam_discount_prediction.py
[2026-09-07T06:29:18.129+0000] {processor.py:925} INFO - DAG(s) 'steam_discount_prediction_dag' retrieved from /opt/airflow/dags/ml_04_steam_discount_prediction.py
[2026-09-07T06:29:18.153+0000] {logging_mixin.py:190} INFO - [2026-09-07T06:29:18.153+0000] {dag.py:3239} INFO - Sync 1 DAGs
[2026-09-07T06:29:18.183+0000] {logging_mixin.py:190} INFO - [2026-09-07T06:29:18.183+0000] {dag.py:4180} INFO - Setting next_dagrun for steam_discount_prediction_dag to 2026-09-07 00:00:00+00:00, run_after=2026-09-08 00:00:00+00:00
[2026-09-07T06:29:18.208+0000] {processor.py:208} INFO - Processing /opt/airflow/dags/ml_04_steam_discount_prediction.py took 1.279 seconds
[2026-09-07T06:29:49.099+0000] {processor.py:186} INFO - Started process (PID=3352) to work on /opt/airflow/dags/ml_04_steam_discount_prediction.py
[2026-09-07T06:29:49.100+0000] {processor.py:914} INFO - Processing file /opt/airflow/dags/ml_04_steam_discount_prediction.py for tasks to queue
[2026-09-07T06:29:49.101+0000] {logging_mixin.py:190} INFO - [2026-09-07T06:29:49.100+0000] {dagbag.py:588} INFO - Filling up the DagBag from /opt/airflow/dags/ml_04_steam_discount_prediction.py
[2026-09-07T06:29:50.255+0000] {processor.py:925} INFO - DAG(s) 'steam_discount_prediction_dag' retrieved from /opt/airflow/dags/ml_04_steam_discount_prediction.py
[2026-09-07T06:29:50.278+0000] {logging_mixin.py:190} INFO - [2026-09-07T06:29:50.277+0000] {dag.py:3239} INFO - Sync 1 DAGs
[2026-09-07T06:29:50.295+0000] {logging_mixin.py:190} INFO - [2026-09-07T06:29:50.295+0000] {dag.py:4180} INFO - Setting next_dagrun for steam_discount_prediction_dag to 2026-09-07 00:00:00+00:00, run_after=2026-09-08 00:00:00+00:00
[2026-09-07T06:29:50.311+0000] {processor.py:208} INFO - Processing /opt/airflow/dags/ml_04_steam_discount_prediction.py took 1.217 seconds
[2026-09-07T06:30:21.199+0000] {processor.py:186} INFO - Started process (PID=3383) to work on /opt/airflow/dags/ml_04_steam_discount_prediction.py
[2026-09-07T06:30:21.200+0000] {processor.py:914} INFO - Processing file /opt/airflow/dags/ml_04_steam_discount_prediction.py for tasks to queue
[2026-09-07T06:30:21.201+0000] {logging_mixin.py:190} INFO - [2026-09-07T06:30:21.201+0000] {dagbag.py:588} INFO - Filling up the DagBag from /opt/airflow/dags/ml_04_steam_discount_prediction.py
[2026-09-07T06:30:22.372+0000] {processor.py:925} INFO - DAG(s) 'steam_discount_prediction_dag' retrieved from /opt/airflow/dags/ml_04_steam_discount_prediction.py
[2026-09-07T06:30:22.394+0000] {logging_mixin.py:190} INFO - [2026-09-07T06:30:22.394+0000] {dag.py:3239} INFO - Sync 1 DAGs
[2026-09-07T06:30:22.413+0000] {logging_mixin.py:190} INFO - [2026-09-07T06:30:22.412+0000] {dag.py:4180} INFO - Setting next_dagrun for steam_discount_prediction_dag to 2026-09-07 00:00:00+00:00, run_after=2026-09-08 00:00:00+00:00
[2026-09-07T06:30:22.427+0000] {processor.py:208} INFO - Processing /opt/airflow/dags/ml_04_steam_discount_prediction.py took 1.234 seconds
[2026-09-07T06:30:52.504+0000] {processor.py:186} INFO - Started process (PID=3414) to work on /opt/airflow/dags/ml_04_steam_discount_prediction.py
[2026-09-07T06:30:52.505+0000] {processor.py:914} INFO - Processing file /opt/airflow/dags/ml_04_steam_discount_prediction.py for tasks to queue
[2026-09-07T06:30:52.506+0000] {logging_mixin.py:190} INFO - [2026-09-07T06:30:52.506+0000] {dagbag.py:588} INFO - Filling up the DagBag from /opt/airflow/dags/ml_04_steam_discount_prediction.py
[2026-09-07T06:30:53.710+0000] {processor.py:925} INFO - DAG(s) 'steam_discount_prediction_dag' retrieved from /opt/airflow/dags/ml_04_steam_discount_prediction.py
[2026-09-07T06:30:53.734+0000] {logging_mixin.py:190} INFO - [2026-09-07T06:30:53.733+0000] {dag.py:3239} INFO - Sync 1 DAGs
[2026-09-07T06:30:53.752+0000] {logging_mixin.py:190} INFO - [2026-09-07T06:30:53.752+0000] {dag.py:4180} INFO - Setting next_dagrun for steam_discount_prediction_dag to 2026-09-07 00:00:00+00:00, run_after=2026-09-08 00:00:00+00:00
[2026-09-07T06:30:53.767+0000] {processor.py:208} INFO - Processing /opt/airflow/dags/ml_04_steam_discount_prediction.py took 1.269 seconds
[2026-09-07T06:31:23.813+0000] {processor.py:186} INFO - Started process (PID=3445) to work on /opt/airflow/dags/ml_04_steam_discount_prediction.py
[2026-09-07T06:31:23.813+0000] {processor.py:914} INFO - Processing file /opt/airflow/dags/ml_04_steam_discount_prediction.py for tasks to queue
[2026-09-07T06:31:23.815+0000] {logging_mixin.py:190} INFO - [2026-09-07T06:31:23.814+0000] {dagbag.py:588} INFO - Filling up the DagBag from /opt/airflow/dags/ml_04_steam_discount_prediction.py
[2026-09-07T06:31:25.049+0000] {processor.py:925} INFO - DAG(s) 'steam_discount_prediction_dag' retrieved from /opt/airflow/dags/ml_04_steam_discount_prediction.py
[2026-09-07T06:31:25.072+0000] {logging_mixin.py:190} INFO - [2026-09-07T06:31:25.071+0000] {dag.py:3239} INFO - Sync 1 DAGs
[2026-09-07T06:31:25.090+0000] {logging_mixin.py:190} INFO - [2026-09-07T06:31:25.090+0000] {dag.py:4180} INFO - Setting next_dagrun for steam_discount_prediction_dag to 2026-09-07 00:00:00+00:00, run_after=2026-09-08 00:00:00+00:00
[2026-09-07T06:31:25.107+0000] {processor.py:208} INFO - Processing /opt/airflow/dags/ml_04_steam_discount_prediction.py took 1.300 seconds
[2026-09-07T06:31:55.885+0000] {processor.py:186} INFO - Started process (PID=3476) to work on /opt/airflow/dags/ml_04_steam_discount_prediction.py
[2026-09-07T06:31:55.886+0000] {processor.py:914} INFO - Processing file /opt/airflow/dags/ml_04_steam_discount_prediction.py for tasks to queue
[2026-09-07T06:31:55.887+0000] {logging_mixin.py:190} INFO - [2026-09-07T06:31:55.887+0000] {dagbag.py:588} INFO - Filling up the DagBag from /opt/airflow/dags/ml_04_steam_discount_prediction.py
[2026-09-07T06:31:57.050+0000] {processor.py:925} INFO - DAG(s) 'steam_discount_prediction_dag' retrieved from /opt/airflow/dags/ml_04_steam_discount_prediction.py
[2026-09-07T06:31:57.071+0000] {logging_mixin.py:190} INFO - [2026-09-07T06:31:57.071+0000] {dag.py:3239} INFO - Sync 1 DAGs
[2026-09-07T06:31:57.088+0000] {logging_mixin.py:190} INFO - [2026-09-07T06:31:57.088+0000] {dag.py:4180} INFO - Setting next_dagrun for steam_discount_prediction_dag to 2026-09-07 00:00:00+00:00, run_after=2026-09-08 00:00:00+00:00
[2026-09-07T06:31:57.104+0000] {processor.py:208} INFO - Processing /opt/airflow/dags/ml_04_steam_discount_prediction.py took 1.225 seconds
[2026-09-07T06:32:27.356+0000] {processor.py:186} INFO - Started process (PID=3507) to work on /opt/airflow/dags/ml_04_steam_discount_prediction.py
[2026-09-07T06:32:27.356+0000] {processor.py:914} INFO - Processing file /opt/airflow/dags/ml_04_steam_discount_prediction.py for tasks to queue
[2026-09-07T06:32:27.357+0000] {logging_mixin.py:190} INFO - [2026-09-07T06:32:27.357+0000] {dagbag.py:588} INFO - Filling up the DagBag from /opt/airflow/dags/ml_04_steam_discount_prediction.py
[2026-09-07T06:32:28.675+0000] {processor.py:925} INFO - DAG(s) 'steam_discount_prediction_dag' retrieved from /opt/airflow/dags/ml_04_steam_discount_prediction.py
[2026-09-07T06:32:28.700+0000] {logging_mixin.py:190} INFO - [2026-09-07T06:32:28.699+0000] {dag.py:3239} INFO - Sync 1 DAGs
[2026-09-07T06:32:28.719+0000] {logging_mixin.py:190} INFO - [2026-09-07T06:32:28.718+0000] {dag.py:4180} INFO - Setting next_dagrun for steam_discount_prediction_dag to 2026-09-07 00:00:00+00:00, run_after=2026-09-08 00:00:00+00:00
[2026-09-07T06:32:28.734+0000] {processor.py:208} INFO - Processing /opt/airflow/dags/ml_04_steam_discount_prediction.py took 1.384 seconds
[2026-09-07T06:32:59.523+0000] {processor.py:186} INFO - Started process (PID=3538) to work on /opt/airflow/dags/ml_04_steam_discount_prediction.py
[2026-09-07T06:32:59.523+0000] {processor.py:914} INFO - Processing file /opt/airflow/dags/ml_04_steam_discount_prediction.py for tasks to queue
[2026-09-07T06:32:59.525+0000] {logging_mixin.py:190} INFO - [2026-09-07T06:32:59.524+0000] {dagbag.py:588} INFO - Filling up the DagBag from /opt/airflow/dags/ml_04_steam_discount_prediction.py
[2026-09-07T06:33:00.680+0000] {processor.py:925} INFO - DAG(s) 'steam_discount_prediction_dag' retrieved from /opt/airflow/dags/ml_04_steam_discount_prediction.py
[2026-09-07T06:33:00.703+0000] {logging_mixin.py:190} INFO - [2026-09-07T06:33:00.702+0000] {dag.py:3239} INFO - Sync 1 DAGs
[2026-09-07T06:33:00.720+0000] {logging_mixin.py:190} INFO - [2026-09-07T06:33:00.720+0000] {dag.py:4180} INFO - Setting next_dagrun for steam_discount_prediction_dag to 2026-09-07 00:00:00+00:00, run_after=2026-09-08 00:00:00+00:00
[2026-09-07T06:33:00.736+0000] {processor.py:208} INFO - Processing /opt/airflow/dags/ml_04_steam_discount_prediction.py took 1.220 seconds
[2026-09-07T06:33:30.827+0000] {processor.py:186} INFO - Started process (PID=3569) to work on /opt/airflow/dags/ml_04_steam_discount_prediction.py
[2026-09-07T06:33:30.828+0000] {processor.py:914} INFO - Processing file /opt/airflow/dags/ml_04_steam_discount_prediction.py for tasks to queue
[2026-09-07T06:33:30.829+0000] {logging_mixin.py:190} INFO - [2026-09-07T06:33:30.829+0000] {dagbag.py:588} INFO - Filling up the DagBag from /opt/airflow/dags/ml_04_steam_discount_prediction.py
[2026-09-07T06:33:32.034+0000] {processor.py:925} INFO - DAG(s) 'steam_discount_prediction_dag' retrieved from /opt/airflow/dags/ml_04_steam_discount_prediction.py
[2026-09-07T06:33:32.057+0000] {logging_mixin.py:190} INFO - [2026-09-07T06:33:32.057+0000] {dag.py:3239} INFO - Sync 1 DAGs
[2026-09-07T06:33:32.076+0000] {logging_mixin.py:190} INFO - [2026-09-07T06:33:32.076+0000] {dag.py:4180} INFO - Setting next_dagrun for steam_discount_prediction_dag to 2026-09-07 00:00:00+00:00, run_after=2026-09-08 00:00:00+00:00
[2026-09-07T06:33:32.092+0000] {processor.py:208} INFO - Processing /opt/airflow/dags/ml_04_steam_discount_prediction.py took 1.270 seconds
[2026-09-07T06:34:03.030+0000] {processor.py:186} INFO - Started process (PID=3600) to work on /opt/airflow/dags/ml_04_steam_discount_prediction.py
[2026-09-07T06:34:03.030+0000] {processor.py:914} INFO - Processing file /opt/airflow/dags/ml_04_steam_discount_prediction.py for tasks to queue
[2026-09-07T06:34:03.032+0000] {logging_mixin.py:190} INFO - [2026-09-07T06:34:03.031+0000] {dagbag.py:588} INFO - Filling up the DagBag from /opt/airflow/dags/ml_04_steam_discount_prediction.py
[2026-09-07T06:34:04.225+0000] {processor.py:925} INFO - DAG(s) 'steam_discount_prediction_dag' retrieved from /opt/airflow/dags/ml_04_steam_discount_prediction.py
[2026-09-07T06:34:04.246+0000] {logging_mixin.py:190} INFO - [2026-09-07T06:34:04.245+0000] {dag.py:3239} INFO - Sync 1 DAGs
[2026-09-07T06:34:04.264+0000] {logging_mixin.py:190} INFO - [2026-09-07T06:34:04.263+0000] {dag.py:4180} INFO - Setting next_dagrun for steam_discount_prediction_dag to 2026-09-07 00:00:00+00:00, run_after=2026-09-08 00:00:00+00:00
[2026-09-07T06:34:04.279+0000] {processor.py:208} INFO - Processing /opt/airflow/dags/ml_04_steam_discount_prediction.py took 1.255 seconds
[2026-09-07T06:34:35.202+0000] {processor.py:186} INFO - Started process (PID=3631) to work on /opt/airflow/dags/ml_04_steam_discount_prediction.py
[2026-09-07T06:34:35.202+0000] {processor.py:914} INFO - Processing file /opt/airflow/dags/ml_04_steam_discount_prediction.py for tasks to queue
[2026-09-07T06:34:35.204+0000] {logging_mixin.py:190} INFO - [2026-09-07T06:34:35.204+0000] {dagbag.py:588} INFO - Filling up the DagBag from /opt/airflow/dags/ml_04_steam_discount_prediction.py
[2026-09-07T06:34:36.454+0000] {processor.py:925} INFO - DAG(s) 'steam_discount_prediction_dag' retrieved from /opt/airflow/dags/ml_04_steam_discount_prediction.py
[2026-09-07T06:34:36.477+0000] {logging_mixin.py:190} INFO - [2026-09-07T06:34:36.476+0000] {dag.py:3239} INFO - Sync 1 DAGs
[2026-09-07T06:34:36.493+0000] {logging_mixin.py:190} INFO - [2026-09-07T06:34:36.493+0000] {dag.py:4180} INFO - Setting next_dagrun for steam_discount_prediction_dag to 2026-09-07 00:00:00+00:00, run_after=2026-09-08 00:00:00+00:00
[2026-09-07T06:34:36.509+0000] {processor.py:208} INFO - Processing /opt/airflow/dags/ml_04_steam_discount_prediction.py took 1.313 seconds
[2026-09-07T06:35:07.261+0000] {processor.py:186} INFO - Started process (PID=3668) to work on /opt/airflow/dags/ml_04_steam_discount_prediction.py
[2026-09-07T06:35:07.262+0000] {processor.py:914} INFO - Processing file /opt/airflow/dags/ml_04_steam_discount_prediction.py for tasks to queue
[2026-09-07T06:35:07.263+0000] {logging_mixin.py:190} INFO - [2026-09-07T06:35:07.263+0000] {dagbag.py:588} INFO - Filling up the DagBag from /opt/airflow/dags/ml_04_steam_discount_prediction.py
[2026-09-07T06:35:08.468+0000] {processor.py:925} INFO - DAG(s) 'steam_discount_prediction_dag' retrieved from /opt/airflow/dags/ml_04_steam_discount_prediction.py
[2026-09-07T06:35:08.490+0000] {logging_mixin.py:190} INFO - [2026-09-07T06:35:08.490+0000] {dag.py:3239} INFO - Sync 1 DAGs
[2026-09-07T06:35:08.509+0000] {logging_mixin.py:190} INFO - [2026-09-07T06:35:08.508+0000] {dag.py:4180} INFO - Setting next_dagrun for steam_discount_prediction_dag to 2026-09-07 00:00:00+00:00, run_after=2026-09-08 00:00:00+00:00
[2026-09-07T06:35:08.524+0000] {processor.py:208} INFO - Processing /opt/airflow/dags/ml_04_steam_discount_prediction.py took 1.268 seconds
[2026-09-07T06:35:38.615+0000] {processor.py:186} INFO - Started process (PID=3699) to work on /opt/airflow/dags/ml_04_steam_discount_prediction.py
[2026-09-07T06:35:38.615+0000] {processor.py:914} INFO - Processing file /opt/airflow/dags/ml_04_steam_discount_prediction.py for tasks to queue
[2026-09-07T06:35:38.617+0000] {logging_mixin.py:190} INFO - [2026-09-07T06:35:38.616+0000] {dagbag.py:588} INFO - Filling up the DagBag from /opt/airflow/dags/ml_04_steam_discount_prediction.py
[2026-09-07T06:35:39.816+0000] {processor.py:925} INFO - DAG(s) 'steam_discount_prediction_dag' retrieved from /opt/airflow/dags/ml_04_steam_discount_prediction.py
[2026-09-07T06:35:39.838+0000] {logging_mixin.py:190} INFO - [2026-09-07T06:35:39.838+0000] {dag.py:3239} INFO - Sync 1 DAGs
[2026-09-07T06:35:39.854+0000] {logging_mixin.py:190} INFO - [2026-09-07T06:35:39.853+0000] {dag.py:4180} INFO - Setting next_dagrun for steam_discount_prediction_dag to 2026-09-07 00:00:00+00:00, run_after=2026-09-08 00:00:00+00:00
[2026-09-07T06:35:39.868+0000] {processor.py:208} INFO - Processing /opt/airflow/dags/ml_04_steam_discount_prediction.py took 1.260 seconds
[2026-09-07T06:36:10.156+0000] {processor.py:186} INFO - Started process (PID=3731) to work on /opt/airflow/dags/ml_04_steam_discount_prediction.py
[2026-09-07T06:36:10.156+0000] {processor.py:914} INFO - Processing file /opt/airflow/dags/ml_04_steam_discount_prediction.py for tasks to queue
[2026-09-07T06:36:10.158+0000] {logging_mixin.py:190} INFO - [2026-09-07T06:36:10.157+0000] {dagbag.py:588} INFO - Filling up the DagBag from /opt/airflow/dags/ml_04_steam_discount_prediction.py
[2026-09-07T06:36:11.348+0000] {processor.py:925} INFO - DAG(s) 'steam_discount_prediction_dag' retrieved from /opt/airflow/dags/ml_04_steam_discount_prediction.py
[2026-09-07T06:36:11.371+0000] {logging_mixin.py:190} INFO - [2026-09-07T06:36:11.370+0000] {dag.py:3239} INFO - Sync 1 DAGs
[2026-09-07T06:36:11.390+0000] {logging_mixin.py:190} INFO - [2026-09-07T06:36:11.390+0000] {dag.py:4180} INFO - Setting next_dagrun for steam_discount_prediction_dag to 2026-09-07 00:00:00+00:00, run_after=2026-09-08 00:00:00+00:00
[2026-09-07T06:36:11.406+0000] {processor.py:208} INFO - Processing /opt/airflow/dags/ml_04_steam_discount_prediction.py took 1.257 seconds
[2026-09-07T06:36:41.760+0000] {processor.py:186} INFO - Started process (PID=3762) to work on /opt/airflow/dags/ml_04_steam_discount_prediction.py
[2026-09-07T06:36:41.761+0000] {processor.py:914} INFO - Processing file /opt/airflow/dags/ml_04_steam_discount_prediction.py for tasks to queue
[2026-09-07T06:36:41.762+0000] {logging_mixin.py:190} INFO - [2026-09-07T06:36:41.762+0000] {dagbag.py:588} INFO - Filling up the DagBag from /opt/airflow/dags/ml_04_steam_discount_prediction.py
[2026-09-07T06:36:43.005+0000] {processor.py:925} INFO - DAG(s) 'steam_discount_prediction_dag' retrieved from /opt/airflow/dags/ml_04_steam_discount_prediction.py
[2026-09-07T06:36:43.037+0000] {logging_mixin.py:190} INFO - [2026-09-07T06:36:43.036+0000] {dag.py:3239} INFO - Sync 1 DAGs
[2026-09-07T06:36:43.063+0000] {logging_mixin.py:190} INFO - [2026-09-07T06:36:43.063+0000] {dag.py:4180} INFO - Setting next_dagrun for steam_discount_prediction_dag to 2026-09-07 00:00:00+00:00, run_after=2026-09-08 00:00:00+00:00
[2026-09-07T06:36:43.096+0000] {processor.py:208} INFO - Processing /opt/airflow/dags/ml_04_steam_discount_prediction.py took 1.342 seconds
[2026-09-07T06:37:13.184+0000] {processor.py:186} INFO - Started process (PID=3794) to work on /opt/airflow/dags/ml_04_steam_discount_prediction.py
[2026-09-07T06:37:13.185+0000] {processor.py:914} INFO - Processing file /opt/airflow/dags/ml_04_steam_discount_prediction.py for tasks to queue
[2026-09-07T06:37:13.186+0000] {logging_mixin.py:190} INFO - [2026-09-07T06:37:13.186+0000] {dagbag.py:588} INFO - Filling up the DagBag from /opt/airflow/dags/ml_04_steam_discount_prediction.py
[2026-09-07T06:37:14.433+0000] {processor.py:925} INFO - DAG(s) 'steam_discount_prediction_dag' retrieved from /opt/airflow/dags/ml_04_steam_discount_prediction.py
[2026-09-07T06:37:14.458+0000] {logging_mixin.py:190} INFO - [2026-09-07T06:37:14.457+0000] {dag.py:3239} INFO - Sync 1 DAGs
[2026-09-07T06:37:14.476+0000] {logging_mixin.py:190} INFO - [2026-09-07T06:37:14.476+0000] {dag.py:4180} INFO - Setting next_dagrun for steam_discount_prediction_dag to 2026-09-07 00:00:00+00:00, run_after=2026-09-08 00:00:00+00:00
[2026-09-07T06:37:14.493+0000] {processor.py:208} INFO - Processing /opt/airflow/dags/ml_04_steam_discount_prediction.py took 1.314 seconds
[2026-09-07T06:37:45.328+0000] {processor.py:186} INFO - Started process (PID=3825) to work on /opt/airflow/dags/ml_04_steam_discount_prediction.py
[2026-09-07T06:37:45.329+0000] {processor.py:914} INFO - Processing file /opt/airflow/dags/ml_04_steam_discount_prediction.py for tasks to queue
[2026-09-07T06:37:45.330+0000] {logging_mixin.py:190} INFO - [2026-09-07T06:37:45.330+0000] {dagbag.py:588} INFO - Filling up the DagBag from /opt/airflow/dags/ml_04_steam_discount_prediction.py
[2026-09-07T06:37:46.575+0000] {processor.py:925} INFO - DAG(s) 'steam_discount_prediction_dag' retrieved from /opt/airflow/dags/ml_04_steam_discount_prediction.py
[2026-09-07T06:37:46.597+0000] {logging_mixin.py:190} INFO - [2026-09-07T06:37:46.597+0000] {dag.py:3239} INFO - Sync 1 DAGs
[2026-09-07T06:37:46.617+0000] {logging_mixin.py:190} INFO - [2026-09-07T06:37:46.617+0000] {dag.py:4180} INFO - Setting next_dagrun for steam_discount_prediction_dag to 2026-09-07 00:00:00+00:00, run_after=2026-09-08 00:00:00+00:00
[2026-09-07T06:37:46.634+0000] {processor.py:208} INFO - Processing /opt/airflow/dags/ml_04_steam_discount_prediction.py took 1.312 seconds
[2026-09-07T06:38:17.273+0000] {processor.py:186} INFO - Started process (PID=3856) to work on /opt/airflow/dags/ml_04_steam_discount_prediction.py
[2026-09-07T06:38:17.274+0000] {processor.py:914} INFO - Processing file /opt/airflow/dags/ml_04_steam_discount_prediction.py for tasks to queue
[2026-09-07T06:38:17.275+0000] {logging_mixin.py:190} INFO - [2026-09-07T06:38:17.275+0000] {dagbag.py:588} INFO - Filling up the DagBag from /opt/airflow/dags/ml_04_steam_discount_prediction.py
[2026-09-07T06:38:18.479+0000] {processor.py:925} INFO - DAG(s) 'steam_discount_prediction_dag' retrieved from /opt/airflow/dags/ml_04_steam_discount_prediction.py
[2026-09-07T06:38:18.503+0000] {logging_mixin.py:190} INFO - [2026-09-07T06:38:18.502+0000] {dag.py:3239} INFO - Sync 1 DAGs
[2026-09-07T06:38:18.520+0000] {logging_mixin.py:190} INFO - [2026-09-07T06:38:18.520+0000] {dag.py:4180} INFO - Setting next_dagrun for steam_discount_prediction_dag to 2026-09-07 00:00:00+00:00, run_after=2026-09-08 00:00:00+00:00
[2026-09-07T06:38:18.535+0000] {processor.py:208} INFO - Processing /opt/airflow/dags/ml_04_steam_discount_prediction.py took 1.267 seconds
[2026-09-07T06:38:48.646+0000] {processor.py:186} INFO - Started process (PID=3887) to work on /opt/airflow/dags/ml_04_steam_discount_prediction.py
[2026-09-07T06:38:48.647+0000] {processor.py:914} INFO - Processing file /opt/airflow/dags/ml_04_steam_discount_prediction.py for tasks to queue
[2026-09-07T06:38:48.648+0000] {logging_mixin.py:190} INFO - [2026-09-07T06:38:48.648+0000] {dagbag.py:588} INFO - Filling up the DagBag from /opt/airflow/dags/ml_04_steam_discount_prediction.py
[2026-09-07T06:38:49.940+0000] {processor.py:925} INFO - DAG(s) 'steam_discount_prediction_dag' retrieved from /opt/airflow/dags/ml_04_steam_discount_prediction.py
[2026-09-07T06:38:49.965+0000] {logging_mixin.py:190} INFO - [2026-09-07T06:38:49.964+0000] {dag.py:3239} INFO - Sync 1 DAGs
[2026-09-07T06:38:49.983+0000] {logging_mixin.py:190} INFO - [2026-09-07T06:38:49.983+0000] {dag.py:4180} INFO - Setting next_dagrun for steam_discount_prediction_dag to 2026-09-07 00:00:00+00:00, run_after=2026-09-08 00:00:00+00:00
[2026-09-07T06:38:49.999+0000] {processor.py:208} INFO - Processing /opt/airflow/dags/ml_04_steam_discount_prediction.py took 1.360 seconds
[2026-09-07T06:39:20.109+0000] {processor.py:186} INFO - Started process (PID=3918) to work on /opt/airflow/dags/ml_04_steam_discount_prediction.py
[2026-09-07T06:39:20.110+0000] {processor.py:914} INFO - Processing file /opt/airflow/dags/ml_04_steam_discount_prediction.py for tasks to queue
[2026-09-07T06:39:20.111+0000] {logging_mixin.py:190} INFO - [2026-09-07T06:39:20.111+0000] {dagbag.py:588} INFO - Filling up the DagBag from /opt/airflow/dags/ml_04_steam_discount_prediction.py
[2026-09-07T06:39:21.288+0000] {processor.py:925} INFO - DAG(s) 'steam_discount_prediction_dag' retrieved from /opt/airflow/dags/ml_04_steam_discount_prediction.py
[2026-09-07T06:39:21.310+0000] {logging_mixin.py:190} INFO - [2026-09-07T06:39:21.310+0000] {dag.py:3239} INFO - Sync 1 DAGs
[2026-09-07T06:39:21.327+0000] {logging_mixin.py:190} INFO - [2026-09-07T06:39:21.326+0000] {dag.py:4180} INFO - Setting next_dagrun for steam_discount_prediction_dag to 2026-09-07 00:00:00+00:00, run_after=2026-09-08 00:00:00+00:00
[2026-09-07T06:39:21.342+0000] {processor.py:208} INFO - Processing /opt/airflow/dags/ml_04_steam_discount_prediction.py took 1.239 seconds
[2026-09-07T06:39:52.192+0000] {processor.py:186} INFO - Started process (PID=3949) to work on /opt/airflow/dags/ml_04_steam_discount_prediction.py
[2026-09-07T06:39:52.193+0000] {processor.py:914} INFO - Processing file /opt/airflow/dags/ml_04_steam_discount_prediction.py for tasks to queue
[2026-09-07T06:39:52.194+0000] {logging_mixin.py:190} INFO - [2026-09-07T06:39:52.194+0000] {dagbag.py:588} INFO - Filling up the DagBag from /opt/airflow/dags/ml_04_steam_discount_prediction.py
[2026-09-07T06:39:53.359+0000] {processor.py:925} INFO - DAG(s) 'steam_discount_prediction_dag' retrieved from /opt/airflow/dags/ml_04_steam_discount_prediction.py
[2026-09-07T06:39:53.383+0000] {logging_mixin.py:190} INFO - [2026-09-07T06:39:53.382+0000] {dag.py:3239} INFO - Sync 1 DAGs
[2026-09-07T06:39:53.400+0000] {logging_mixin.py:190} INFO - [2026-09-07T06:39:53.399+0000] {dag.py:4180} INFO - Setting next_dagrun for steam_discount_prediction_dag to 2026-09-07 00:00:00+00:00, run_after=2026-09-08 00:00:00+00:00
[2026-09-07T06:39:53.414+0000] {processor.py:208} INFO - Processing /opt/airflow/dags/ml_04_steam_discount_prediction.py took 1.228 seconds
[2026-09-07T06:40:24.240+0000] {processor.py:186} INFO - Started process (PID=3980) to work on /opt/airflow/dags/ml_04_steam_discount_prediction.py
[2026-09-07T06:40:24.240+0000] {processor.py:914} INFO - Processing file /opt/airflow/dags/ml_04_steam_discount_prediction.py for tasks to queue
[2026-09-07T06:40:24.241+0000] {logging_mixin.py:190} INFO - [2026-09-07T06:40:24.241+0000] {dagbag.py:588} INFO - Filling up the DagBag from /opt/airflow/dags/ml_04_steam_discount_prediction.py
[2026-09-07T06:40:25.389+0000] {processor.py:925} INFO - DAG(s) 'steam_discount_prediction_dag' retrieved from /opt/airflow/dags/ml_04_steam_discount_prediction.py
[2026-09-07T06:40:25.413+0000] {logging_mixin.py:190} INFO - [2026-09-07T06:40:25.413+0000] {dag.py:3239} INFO - Sync 1 DAGs
[2026-09-07T06:40:25.429+0000] {logging_mixin.py:190} INFO - [2026-09-07T06:40:25.429+0000] {dag.py:4180} INFO - Setting next_dagrun for steam_discount_prediction_dag to 2026-09-07 00:00:00+00:00, run_after=2026-09-08 00:00:00+00:00
[2026-09-07T06:40:25.445+0000] {processor.py:208} INFO - Processing /opt/airflow/dags/ml_04_steam_discount_prediction.py took 1.211 seconds
[2026-09-07T06:40:55.547+0000] {processor.py:186} INFO - Started process (PID=4011) to work on /opt/airflow/dags/ml_04_steam_discount_prediction.py
[2026-09-07T06:40:55.548+0000] {processor.py:914} INFO - Processing file /opt/airflow/dags/ml_04_steam_discount_prediction.py for tasks to queue
[2026-09-07T06:40:55.550+0000] {logging_mixin.py:190} INFO - [2026-09-07T06:40:55.549+0000] {dagbag.py:588} INFO - Filling up the DagBag from /opt/airflow/dags/ml_04_steam_discount_prediction.py
[2026-09-07T06:40:56.734+0000] {processor.py:925} INFO - DAG(s) 'steam_discount_prediction_dag' retrieved from /opt/airflow/dags/ml_04_steam_discount_prediction.py
[2026-09-07T06:40:56.758+0000] {logging_mixin.py:190} INFO - [2026-09-07T06:40:56.757+0000] {dag.py:3239} INFO - Sync 1 DAGs
[2026-09-07T06:40:56.775+0000] {logging_mixin.py:190} INFO - [2026-09-07T06:40:56.775+0000] {dag.py:4180} INFO - Setting next_dagrun for steam_discount_prediction_dag to 2026-09-07 00:00:00+00:00, run_after=2026-09-08 00:00:00+00:00
[2026-09-07T06:40:56.791+0000] {processor.py:208} INFO - Processing /opt/airflow/dags/ml_04_steam_discount_prediction.py took 1.252 seconds
[2026-09-07T06:41:26.939+0000] {processor.py:186} INFO - Started process (PID=4042) to work on /opt/airflow/dags/ml_04_steam_discount_prediction.py
[2026-09-07T06:41:26.940+0000] {processor.py:914} INFO - Processing file /opt/airflow/dags/ml_04_steam_discount_prediction.py for tasks to queue
[2026-09-07T06:41:26.942+0000] {logging_mixin.py:190} INFO - [2026-09-07T06:41:26.941+0000] {dagbag.py:588} INFO - Filling up the DagBag from /opt/airflow/dags/ml_04_steam_discount_prediction.py
[2026-09-07T06:41:28.216+0000] {processor.py:925} INFO - DAG(s) 'steam_discount_prediction_dag' retrieved from /opt/airflow/dags/ml_04_steam_discount_prediction.py
[2026-09-07T06:41:28.254+0000] {logging_mixin.py:190} INFO - [2026-09-07T06:41:28.253+0000] {dag.py:3239} INFO - Sync 1 DAGs
[2026-09-07T06:41:28.277+0000] {logging_mixin.py:190} INFO - [2026-09-07T06:41:28.277+0000] {dag.py:4180} INFO - Setting next_dagrun for steam_discount_prediction_dag to 2026-09-07 00:00:00+00:00, run_after=2026-09-08 00:00:00+00:00
[2026-09-07T06:41:28.296+0000] {processor.py:208} INFO - Processing /opt/airflow/dags/ml_04_steam_discount_prediction.py took 1.369 seconds
[2026-09-07T06:41:58.510+0000] {processor.py:186} INFO - Started process (PID=4073) to work on /opt/airflow/dags/ml_04_steam_discount_prediction.py
[2026-09-07T06:41:58.511+0000] {processor.py:914} INFO - Processing file /opt/airflow/dags/ml_04_steam_discount_prediction.py for tasks to queue
[2026-09-07T06:41:58.512+0000] {logging_mixin.py:190} INFO - [2026-09-07T06:41:58.512+0000] {dagbag.py:588} INFO - Filling up the DagBag from /opt/airflow/dags/ml_04_steam_discount_prediction.py
[2026-09-07T06:41:59.798+0000] {processor.py:925} INFO - DAG(s) 'steam_discount_prediction_dag' retrieved from /opt/airflow/dags/ml_04_steam_discount_prediction.py
[2026-09-07T06:41:59.823+0000] {logging_mixin.py:190} INFO - [2026-09-07T06:41:59.823+0000] {dag.py:3239} INFO - Sync 1 DAGs
[2026-09-07T06:41:59.846+0000] {logging_mixin.py:190} INFO - [2026-09-07T06:41:59.845+0000] {dag.py:4180} INFO - Setting next_dagrun for steam_discount_prediction_dag to 2026-09-07 00:00:00+00:00, run_after=2026-09-08 00:00:00+00:00
[2026-09-07T06:41:59.862+0000] {processor.py:208} INFO - Processing /opt/airflow/dags/ml_04_steam_discount_prediction.py took 1.360 seconds
[2026-09-07T06:42:30.258+0000] {processor.py:186} INFO - Started process (PID=4106) to work on /opt/airflow/dags/ml_04_steam_discount_prediction.py
[2026-09-07T06:42:30.259+0000] {processor.py:914} INFO - Processing file /opt/airflow/dags/ml_04_steam_discount_prediction.py for tasks to queue
[2026-09-07T06:42:30.260+0000] {logging_mixin.py:190} INFO - [2026-09-07T06:42:30.260+0000] {dagbag.py:588} INFO - Filling up the DagBag from /opt/airflow/dags/ml_04_steam_discount_prediction.py
[2026-09-07T06:42:31.520+0000] {processor.py:925} INFO - DAG(s) 'steam_discount_prediction_dag' retrieved from /opt/airflow/dags/ml_04_steam_discount_prediction.py
[2026-09-07T06:42:31.543+0000] {logging_mixin.py:190} INFO - [2026-09-07T06:42:31.543+0000] {dag.py:3239} INFO - Sync 1 DAGs
[2026-09-07T06:42:31.562+0000] {logging_mixin.py:190} INFO - [2026-09-07T06:42:31.562+0000] {dag.py:4180} INFO - Setting next_dagrun for steam_discount_prediction_dag to 2026-09-07 00:00:00+00:00, run_after=2026-09-08 00:00:00+00:00
[2026-09-07T06:42:31.579+0000] {processor.py:208} INFO - Processing /opt/airflow/dags/ml_04_steam_discount_prediction.py took 1.326 seconds
[2026-09-07T06:43:01.665+0000] {processor.py:186} INFO - Started process (PID=4137) to work on /opt/airflow/dags/ml_04_steam_discount_prediction.py
[2026-09-07T06:43:01.666+0000] {processor.py:914} INFO - Processing file /opt/airflow/dags/ml_04_steam_discount_prediction.py for tasks to queue
[2026-09-07T06:43:01.667+0000] {logging_mixin.py:190} INFO - [2026-09-07T06:43:01.667+0000] {dagbag.py:588} INFO - Filling up the DagBag from /opt/airflow/dags/ml_04_steam_discount_prediction.py
[2026-09-07T06:43:02.813+0000] {processor.py:925} INFO - DAG(s) 'steam_discount_prediction_dag' retrieved from /opt/airflow/dags/ml_04_steam_discount_prediction.py
[2026-09-07T06:43:02.837+0000] {logging_mixin.py:190} INFO - [2026-09-07T06:43:02.836+0000] {dag.py:3239} INFO - Sync 1 DAGs
[2026-09-07T06:43:02.856+0000] {logging_mixin.py:190} INFO - [2026-09-07T06:43:02.855+0000] {dag.py:4180} INFO - Setting next_dagrun for steam_discount_prediction_dag to 2026-09-07 00:00:00+00:00, run_after=2026-09-08 00:00:00+00:00
[2026-09-07T06:43:02.871+0000] {processor.py:208} INFO - Processing /opt/airflow/dags/ml_04_steam_discount_prediction.py took 1.212 seconds
[2026-09-07T06:43:32.966+0000] {processor.py:186} INFO - Started process (PID=4168) to work on /opt/airflow/dags/ml_04_steam_discount_prediction.py
[2026-09-07T06:43:32.966+0000] {processor.py:914} INFO - Processing file /opt/airflow/dags/ml_04_steam_discount_prediction.py for tasks to queue
[2026-09-07T06:43:32.968+0000] {logging_mixin.py:190} INFO - [2026-09-07T06:43:32.967+0000] {dagbag.py:588} INFO - Filling up the DagBag from /opt/airflow/dags/ml_04_steam_discount_prediction.py
[2026-09-07T06:43:34.195+0000] {processor.py:925} INFO - DAG(s) 'steam_discount_prediction_dag' retrieved from /opt/airflow/dags/ml_04_steam_discount_prediction.py
[2026-09-07T06:43:34.218+0000] {logging_mixin.py:190} INFO - [2026-09-07T06:43:34.218+0000] {dag.py:3239} INFO - Sync 1 DAGs
[2026-09-07T06:43:34.238+0000] {logging_mixin.py:190} INFO - [2026-09-07T06:43:34.238+0000] {dag.py:4180} INFO - Setting next_dagrun for steam_discount_prediction_dag to 2026-09-07 00:00:00+00:00, run_after=2026-09-08 00:00:00+00:00
[2026-09-07T06:43:34.254+0000] {processor.py:208} INFO - Processing /opt/airflow/dags/ml_04_steam_discount_prediction.py took 1.297 seconds
[2026-09-07T06:44:05.030+0000] {processor.py:186} INFO - Started process (PID=4199) to work on /opt/airflow/dags/ml_04_steam_discount_prediction.py
[2026-09-07T06:44:05.030+0000] {processor.py:914} INFO - Processing file /opt/airflow/dags/ml_04_steam_discount_prediction.py for tasks to queue
[2026-09-07T06:44:05.031+0000] {logging_mixin.py:190} INFO - [2026-09-07T06:44:05.031+0000] {dagbag.py:588} INFO - Filling up the DagBag from /opt/airflow/dags/ml_04_steam_discount_prediction.py
[2026-09-07T06:44:06.286+0000] {processor.py:925} INFO - DAG(s) 'steam_discount_prediction_dag' retrieved from /opt/airflow/dags/ml_04_steam_discount_prediction.py
[2026-09-07T06:44:06.309+0000] {logging_mixin.py:190} INFO - [2026-09-07T06:44:06.308+0000] {dag.py:3239} INFO - Sync 1 DAGs
[2026-09-07T06:44:06.328+0000] {logging_mixin.py:190} INFO - [2026-09-07T06:44:06.327+0000] {dag.py:4180} INFO - Setting next_dagrun for steam_discount_prediction_dag to 2026-09-07 00:00:00+00:00, run_after=2026-09-08 00:00:00+00:00
[2026-09-07T06:44:06.345+0000] {processor.py:208} INFO - Processing /opt/airflow/dags/ml_04_steam_discount_prediction.py took 1.321 seconds
[2026-09-07T06:44:36.544+0000] {processor.py:186} INFO - Started process (PID=4233) to work on /opt/airflow/dags/ml_04_steam_discount_prediction.py
[2026-09-07T06:44:36.544+0000] {processor.py:914} INFO - Processing file /opt/airflow/dags/ml_04_steam_discount_prediction.py for tasks to queue
[2026-09-07T06:44:36.546+0000] {logging_mixin.py:190} INFO - [2026-09-07T06:44:36.546+0000] {dagbag.py:588} INFO - Filling up the DagBag from /opt/airflow/dags/ml_04_steam_discount_prediction.py
[2026-09-07T06:44:38.186+0000] {processor.py:925} INFO - DAG(s) 'steam_discount_prediction_dag' retrieved from /opt/airflow/dags/ml_04_steam_discount_prediction.py
[2026-09-07T06:44:38.226+0000] {logging_mixin.py:190} INFO - [2026-09-07T06:44:38.219+0000] {dag.py:3239} INFO - Sync 1 DAGs
[2026-09-07T06:44:38.248+0000] {logging_mixin.py:190} INFO - [2026-09-07T06:44:38.248+0000] {dag.py:4180} INFO - Setting next_dagrun for steam_discount_prediction_dag to 2026-09-07 00:00:00+00:00, run_after=2026-09-08 00:00:00+00:00
[2026-09-07T06:44:38.279+0000] {processor.py:208} INFO - Processing /opt/airflow/dags/ml_04_steam_discount_prediction.py took 1.742 seconds
[2026-09-07T06:45:09.120+0000] {processor.py:186} INFO - Started process (PID=4270) to work on /opt/airflow/dags/ml_04_steam_discount_prediction.py
[2026-09-07T06:45:09.121+0000] {processor.py:914} INFO - Processing file /opt/airflow/dags/ml_04_steam_discount_prediction.py for tasks to queue
[2026-09-07T06:45:09.122+0000] {logging_mixin.py:190} INFO - [2026-09-07T06:45:09.122+0000] {dagbag.py:588} INFO - Filling up the DagBag from /opt/airflow/dags/ml_04_steam_discount_prediction.py
[2026-09-07T06:45:10.589+0000] {processor.py:925} INFO - DAG(s) 'steam_discount_prediction_dag' retrieved from /opt/airflow/dags/ml_04_steam_discount_prediction.py
[2026-09-07T06:45:10.621+0000] {logging_mixin.py:190} INFO - [2026-09-07T06:45:10.621+0000] {dag.py:3239} INFO - Sync 1 DAGs
[2026-09-07T06:45:10.651+0000] {logging_mixin.py:190} INFO - [2026-09-07T06:45:10.651+0000] {dag.py:4180} INFO - Setting next_dagrun for steam_discount_prediction_dag to 2026-09-07 00:00:00+00:00, run_after=2026-09-08 00:00:00+00:00
[2026-09-07T06:45:10.850+0000] {processor.py:208} INFO - Processing /opt/airflow/dags/ml_04_steam_discount_prediction.py took 1.737 seconds
[2026-09-07T06:45:41.275+0000] {processor.py:186} INFO - Started process (PID=4305) to work on /opt/airflow/dags/ml_04_steam_discount_prediction.py
[2026-09-07T06:45:41.275+0000] {processor.py:914} INFO - Processing file /opt/airflow/dags/ml_04_steam_discount_prediction.py for tasks to queue
[2026-09-07T06:45:41.276+0000] {logging_mixin.py:190} INFO - [2026-09-07T06:45:41.276+0000] {dagbag.py:588} INFO - Filling up the DagBag from /opt/airflow/dags/ml_04_steam_discount_prediction.py
[2026-09-07T06:45:42.609+0000] {processor.py:925} INFO - DAG(s) 'steam_discount_prediction_dag' retrieved from /opt/airflow/dags/ml_04_steam_discount_prediction.py
[2026-09-07T06:45:42.631+0000] {logging_mixin.py:190} INFO - [2026-09-07T06:45:42.631+0000] {dag.py:3239} INFO - Sync 1 DAGs
[2026-09-07T06:45:42.648+0000] {logging_mixin.py:190} INFO - [2026-09-07T06:45:42.648+0000] {dag.py:4180} INFO - Setting next_dagrun for steam_discount_prediction_dag to 2026-09-07 00:00:00+00:00, run_after=2026-09-08 00:00:00+00:00
[2026-09-07T06:45:42.663+0000] {processor.py:208} INFO - Processing /opt/airflow/dags/ml_04_steam_discount_prediction.py took 1.395 seconds
[2026-09-07T06:46:13.071+0000] {processor.py:186} INFO - Started process (PID=4336) to work on /opt/airflow/dags/ml_04_steam_discount_prediction.py
[2026-09-07T06:46:13.072+0000] {processor.py:914} INFO - Processing file /opt/airflow/dags/ml_04_steam_discount_prediction.py for tasks to queue
[2026-09-07T06:46:13.073+0000] {logging_mixin.py:190} INFO - [2026-09-07T06:46:13.073+0000] {dagbag.py:588} INFO - Filling up the DagBag from /opt/airflow/dags/ml_04_steam_discount_prediction.py
[2026-09-07T06:46:14.681+0000] {processor.py:925} INFO - DAG(s) 'steam_discount_prediction_dag' retrieved from /opt/airflow/dags/ml_04_steam_discount_prediction.py
[2026-09-07T06:46:14.715+0000] {logging_mixin.py:190} INFO - [2026-09-07T06:46:14.715+0000] {dag.py:3239} INFO - Sync 1 DAGs
[2026-09-07T06:46:14.741+0000] {logging_mixin.py:190} INFO - [2026-09-07T06:46:14.741+0000] {dag.py:4180} INFO - Setting next_dagrun for steam_discount_prediction_dag to 2026-09-07 00:00:00+00:00, run_after=2026-09-08 00:00:00+00:00
[2026-09-07T06:46:14.767+0000] {processor.py:208} INFO - Processing /opt/airflow/dags/ml_04_steam_discount_prediction.py took 1.705 seconds
[2026-09-07T06:46:45.219+0000] {processor.py:186} INFO - Started process (PID=4367) to work on /opt/airflow/dags/ml_04_steam_discount_prediction.py
[2026-09-07T06:46:45.220+0000] {processor.py:914} INFO - Processing file /opt/airflow/dags/ml_04_steam_discount_prediction.py for tasks to queue
[2026-09-07T06:46:45.221+0000] {logging_mixin.py:190} INFO - [2026-09-07T06:46:45.221+0000] {dagbag.py:588} INFO - Filling up the DagBag from /opt/airflow/dags/ml_04_steam_discount_prediction.py
[2026-09-07T06:46:46.779+0000] {processor.py:925} INFO - DAG(s) 'steam_discount_prediction_dag' retrieved from /opt/airflow/dags/ml_04_steam_discount_prediction.py
[2026-09-07T06:46:46.813+0000] {logging_mixin.py:190} INFO - [2026-09-07T06:46:46.812+0000] {dag.py:3239} INFO - Sync 1 DAGs
[2026-09-07T06:46:46.837+0000] {logging_mixin.py:190} INFO - [2026-09-07T06:46:46.837+0000] {dag.py:4180} INFO - Setting next_dagrun for steam_discount_prediction_dag to 2026-09-07 00:00:00+00:00, run_after=2026-09-08 00:00:00+00:00
[2026-09-07T06:46:46.858+0000] {processor.py:208} INFO - Processing /opt/airflow/dags/ml_04_steam_discount_prediction.py took 1.647 seconds
[2026-09-07T06:47:17.372+0000] {processor.py:186} INFO - Started process (PID=4398) to work on /opt/airflow/dags/ml_04_steam_discount_prediction.py
[2026-09-07T06:47:17.373+0000] {processor.py:914} INFO - Processing file /opt/airflow/dags/ml_04_steam_discount_prediction.py for tasks to queue
[2026-09-07T06:47:17.374+0000] {logging_mixin.py:190} INFO - [2026-09-07T06:47:17.374+0000] {dagbag.py:588} INFO - Filling up the DagBag from /opt/airflow/dags/ml_04_steam_discount_prediction.py
[2026-09-07T06:47:18.600+0000] {processor.py:925} INFO - DAG(s) 'steam_discount_prediction_dag' retrieved from /opt/airflow/dags/ml_04_steam_discount_prediction.py
[2026-09-07T06:47:18.622+0000] {logging_mixin.py:190} INFO - [2026-09-07T06:47:18.622+0000] {dag.py:3239} INFO - Sync 1 DAGs
[2026-09-07T06:47:18.639+0000] {logging_mixin.py:190} INFO - [2026-09-07T06:47:18.639+0000] {dag.py:4180} INFO - Setting next_dagrun for steam_discount_prediction_dag to 2026-09-07 00:00:00+00:00, run_after=2026-09-08 00:00:00+00:00
[2026-09-07T06:47:18.656+0000] {processor.py:208} INFO - Processing /opt/airflow/dags/ml_04_steam_discount_prediction.py took 1.290 seconds
[2026-09-07T06:47:49.674+0000] {processor.py:186} INFO - Started process (PID=4430) to work on /opt/airflow/dags/ml_04_steam_discount_prediction.py
[2026-09-07T06:47:49.675+0000] {processor.py:914} INFO - Processing file /opt/airflow/dags/ml_04_steam_discount_prediction.py for tasks to queue
[2026-09-07T06:47:49.676+0000] {logging_mixin.py:190} INFO - [2026-09-07T06:47:49.676+0000] {dagbag.py:588} INFO - Filling up the DagBag from /opt/airflow/dags/ml_04_steam_discount_prediction.py
[2026-09-07T06:47:50.832+0000] {processor.py:925} INFO - DAG(s) 'steam_discount_prediction_dag' retrieved from /opt/airflow/dags/ml_04_steam_discount_prediction.py
[2026-09-07T06:47:50.857+0000] {logging_mixin.py:190} INFO - [2026-09-07T06:47:50.857+0000] {dag.py:3239} INFO - Sync 1 DAGs
[2026-09-07T06:47:51.004+0000] {logging_mixin.py:190} INFO - [2026-09-07T06:47:51.004+0000] {dag.py:4180} INFO - Setting next_dagrun for steam_discount_prediction_dag to 2026-09-07 00:00:00+00:00, run_after=2026-09-08 00:00:00+00:00
[2026-09-07T06:47:51.022+0000] {processor.py:208} INFO - Processing /opt/airflow/dags/ml_04_steam_discount_prediction.py took 1.356 seconds
[2026-09-07T06:48:21.099+0000] {processor.py:186} INFO - Started process (PID=4462) to work on /opt/airflow/dags/ml_04_steam_discount_prediction.py
[2026-09-07T06:48:21.100+0000] {processor.py:914} INFO - Processing file /opt/airflow/dags/ml_04_steam_discount_prediction.py for tasks to queue
[2026-09-07T06:48:21.101+0000] {logging_mixin.py:190} INFO - [2026-09-07T06:48:21.101+0000] {dagbag.py:588} INFO - Filling up the DagBag from /opt/airflow/dags/ml_04_steam_discount_prediction.py
[2026-09-07T06:48:22.856+0000] {processor.py:925} INFO - DAG(s) 'steam_discount_prediction_dag' retrieved from /opt/airflow/dags/ml_04_steam_discount_prediction.py
[2026-09-07T06:48:22.891+0000] {logging_mixin.py:190} INFO - [2026-09-07T06:48:22.890+0000] {dag.py:3239} INFO - Sync 1 DAGs
[2026-09-07T06:48:22.923+0000] {logging_mixin.py:190} INFO - [2026-09-07T06:48:22.922+0000] {dag.py:4180} INFO - Setting next_dagrun for steam_discount_prediction_dag to 2026-09-07 00:00:00+00:00, run_after=2026-09-08 00:00:00+00:00
[2026-09-07T06:48:22.946+0000] {processor.py:208} INFO - Processing /opt/airflow/dags/ml_04_steam_discount_prediction.py took 1.854 seconds
[2026-09-07T06:48:53.429+0000] {processor.py:186} INFO - Started process (PID=4501) to work on /opt/airflow/dags/ml_04_steam_discount_prediction.py
[2026-09-07T06:48:53.430+0000] {processor.py:914} INFO - Processing file /opt/airflow/dags/ml_04_steam_discount_prediction.py for tasks to queue
[2026-09-07T06:48:53.431+0000] {logging_mixin.py:190} INFO - [2026-09-07T06:48:53.431+0000] {dagbag.py:588} INFO - Filling up the DagBag from /opt/airflow/dags/ml_04_steam_discount_prediction.py
[2026-09-07T06:48:54.756+0000] {processor.py:925} INFO - DAG(s) 'steam_discount_prediction_dag' retrieved from /opt/airflow/dags/ml_04_steam_discount_prediction.py
[2026-09-07T06:48:54.780+0000] {logging_mixin.py:190} INFO - [2026-09-07T06:48:54.778+0000] {dag.py:3239} INFO - Sync 1 DAGs
[2026-09-07T06:48:54.929+0000] {logging_mixin.py:190} INFO - [2026-09-07T06:48:54.929+0000] {dag.py:4180} INFO - Setting next_dagrun for steam_discount_prediction_dag to 2026-09-07 00:00:00+00:00, run_after=2026-09-08 00:00:00+00:00
[2026-09-07T06:48:54.947+0000] {processor.py:208} INFO - Processing /opt/airflow/dags/ml_04_steam_discount_prediction.py took 1.524 seconds
[2026-09-07T06:49:25.185+0000] {processor.py:186} INFO - Started process (PID=4536) to work on /opt/airflow/dags/ml_04_steam_discount_prediction.py
[2026-09-07T06:49:25.185+0000] {processor.py:914} INFO - Processing file /opt/airflow/dags/ml_04_steam_discount_prediction.py for tasks to queue
[2026-09-07T06:49:25.187+0000] {logging_mixin.py:190} INFO - [2026-09-07T06:49:25.187+0000] {dagbag.py:588} INFO - Filling up the DagBag from /opt/airflow/dags/ml_04_steam_discount_prediction.py
[2026-09-07T06:49:26.562+0000] {processor.py:925} INFO - DAG(s) 'steam_discount_prediction_dag' retrieved from /opt/airflow/dags/ml_04_steam_discount_prediction.py
[2026-09-07T06:49:26.583+0000] {logging_mixin.py:190} INFO - [2026-09-07T06:49:26.583+0000] {dag.py:3239} INFO - Sync 1 DAGs
[2026-09-07T06:49:26.600+0000] {logging_mixin.py:190} INFO - [2026-09-07T06:49:26.600+0000] {dag.py:4180} INFO - Setting next_dagrun for steam_discount_prediction_dag to 2026-09-07 00:00:00+00:00, run_after=2026-09-08 00:00:00+00:00
[2026-09-07T06:49:26.618+0000] {processor.py:208} INFO - Processing /opt/airflow/dags/ml_04_steam_discount_prediction.py took 1.439 seconds
[2026-09-07T06:49:57.376+0000] {processor.py:186} INFO - Started process (PID=4568) to work on /opt/airflow/dags/ml_04_steam_discount_prediction.py
[2026-09-07T06:49:57.377+0000] {processor.py:914} INFO - Processing file /opt/airflow/dags/ml_04_steam_discount_prediction.py for tasks to queue
[2026-09-07T06:49:57.378+0000] {logging_mixin.py:190} INFO - [2026-09-07T06:49:57.378+0000] {dagbag.py:588} INFO - Filling up the DagBag from /opt/airflow/dags/ml_04_steam_discount_prediction.py
[2026-09-07T06:49:58.754+0000] {processor.py:925} INFO - DAG(s) 'steam_discount_prediction_dag' retrieved from /opt/airflow/dags/ml_04_steam_discount_prediction.py
[2026-09-07T06:49:58.778+0000] {logging_mixin.py:190} INFO - [2026-09-07T06:49:58.777+0000] {dag.py:3239} INFO - Sync 1 DAGs
[2026-09-07T06:49:58.796+0000] {logging_mixin.py:190} INFO - [2026-09-07T06:49:58.796+0000] {dag.py:4180} INFO - Setting next_dagrun for steam_discount_prediction_dag to 2026-09-07 00:00:00+00:00, run_after=2026-09-08 00:00:00+00:00
[2026-09-07T06:49:58.813+0000] {processor.py:208} INFO - Processing /opt/airflow/dags/ml_04_steam_discount_prediction.py took 1.443 seconds
[2026-09-07T06:50:29.354+0000] {processor.py:186} INFO - Started process (PID=4599) to work on /opt/airflow/dags/ml_04_steam_discount_prediction.py
[2026-09-07T06:50:29.355+0000] {processor.py:914} INFO - Processing file /opt/airflow/dags/ml_04_steam_discount_prediction.py for tasks to queue
[2026-09-07T06:50:29.356+0000] {logging_mixin.py:190} INFO - [2026-09-07T06:50:29.356+0000] {dagbag.py:588} INFO - Filling up the DagBag from /opt/airflow/dags/ml_04_steam_discount_prediction.py
[2026-09-07T06:50:30.638+0000] {processor.py:925} INFO - DAG(s) 'steam_discount_prediction_dag' retrieved from /opt/airflow/dags/ml_04_steam_discount_prediction.py
[2026-09-07T06:50:30.659+0000] {logging_mixin.py:190} INFO - [2026-09-07T06:50:30.659+0000] {dag.py:3239} INFO - Sync 1 DAGs
[2026-09-07T06:50:30.677+0000] {logging_mixin.py:190} INFO - [2026-09-07T06:50:30.677+0000] {dag.py:4180} INFO - Setting next_dagrun for steam_discount_prediction_dag to 2026-09-07 00:00:00+00:00, run_after=2026-09-08 00:00:00+00:00
[2026-09-07T06:50:30.694+0000] {processor.py:208} INFO - Processing /opt/airflow/dags/ml_04_steam_discount_prediction.py took 1.346 seconds
[2026-09-07T06:51:00.837+0000] {processor.py:186} INFO - Started process (PID=4631) to work on /opt/airflow/dags/ml_04_steam_discount_prediction.py
[2026-09-07T06:51:00.838+0000] {processor.py:914} INFO - Processing file /opt/airflow/dags/ml_04_steam_discount_prediction.py for tasks to queue
[2026-09-07T06:51:00.839+0000] {logging_mixin.py:190} INFO - [2026-09-07T06:51:00.839+0000] {dagbag.py:588} INFO - Filling up the DagBag from /opt/airflow/dags/ml_04_steam_discount_prediction.py
[2026-09-07T06:51:02.096+0000] {processor.py:925} INFO - DAG(s) 'steam_discount_prediction_dag' retrieved from /opt/airflow/dags/ml_04_steam_discount_prediction.py
[2026-09-07T06:51:02.122+0000] {logging_mixin.py:190} INFO - [2026-09-07T06:51:02.121+0000] {dag.py:3239} INFO - Sync 1 DAGs
[2026-09-07T06:51:02.140+0000] {logging_mixin.py:190} INFO - [2026-09-07T06:51:02.140+0000] {dag.py:4180} INFO - Setting next_dagrun for steam_discount_prediction_dag to 2026-09-07 00:00:00+00:00, run_after=2026-09-08 00:00:00+00:00
[2026-09-07T06:51:02.157+0000] {processor.py:208} INFO - Processing /opt/airflow/dags/ml_04_steam_discount_prediction.py took 1.326 seconds
[2026-09-07T06:51:33.049+0000] {processor.py:186} INFO - Started process (PID=4662) to work on /opt/airflow/dags/ml_04_steam_discount_prediction.py
[2026-09-07T06:51:33.050+0000] {processor.py:914} INFO - Processing file /opt/airflow/dags/ml_04_steam_discount_prediction.py for tasks to queue
[2026-09-07T06:51:33.051+0000] {logging_mixin.py:190} INFO - [2026-09-07T06:51:33.051+0000] {dagbag.py:588} INFO - Filling up the DagBag from /opt/airflow/dags/ml_04_steam_discount_prediction.py
[2026-09-07T06:51:35.506+0000] {processor.py:925} INFO - DAG(s) 'steam_discount_prediction_dag' retrieved from /opt/airflow/dags/ml_04_steam_discount_prediction.py
[2026-09-07T06:51:35.557+0000] {logging_mixin.py:190} INFO - [2026-09-07T06:51:35.556+0000] {dag.py:3239} INFO - Sync 1 DAGs
[2026-09-07T06:51:35.606+0000] {logging_mixin.py:190} INFO - [2026-09-07T06:51:35.606+0000] {dag.py:4180} INFO - Setting next_dagrun for steam_discount_prediction_dag to 2026-09-07 00:00:00+00:00, run_after=2026-09-08 00:00:00+00:00
[2026-09-07T06:51:35.640+0000] {processor.py:208} INFO - Processing /opt/airflow/dags/ml_04_steam_discount_prediction.py took 2.597 seconds
[2026-09-07T06:52:06.172+0000] {processor.py:186} INFO - Started process (PID=4693) to work on /opt/airflow/dags/ml_04_steam_discount_prediction.py
[2026-09-07T06:52:06.173+0000] {processor.py:914} INFO - Processing file /opt/airflow/dags/ml_04_steam_discount_prediction.py for tasks to queue
[2026-09-07T06:52:06.176+0000] {logging_mixin.py:190} INFO - [2026-09-07T06:52:06.175+0000] {dagbag.py:588} INFO - Filling up the DagBag from /opt/airflow/dags/ml_04_steam_discount_prediction.py
[2026-09-07T06:52:08.101+0000] {processor.py:925} INFO - DAG(s) 'steam_discount_prediction_dag' retrieved from /opt/airflow/dags/ml_04_steam_discount_prediction.py
[2026-09-07T06:52:08.131+0000] {logging_mixin.py:190} INFO - [2026-09-07T06:52:08.131+0000] {dag.py:3239} INFO - Sync 1 DAGs
[2026-09-07T06:52:08.154+0000] {logging_mixin.py:190} INFO - [2026-09-07T06:52:08.154+0000] {dag.py:4180} INFO - Setting next_dagrun for steam_discount_prediction_dag to 2026-09-07 00:00:00+00:00, run_after=2026-09-08 00:00:00+00:00
[2026-09-07T06:52:08.176+0000] {processor.py:208} INFO - Processing /opt/airflow/dags/ml_04_steam_discount_prediction.py took 2.016 seconds
[2026-09-07T06:52:38.735+0000] {processor.py:186} INFO - Started process (PID=4732) to work on /opt/airflow/dags/ml_04_steam_discount_prediction.py
[2026-09-07T06:52:38.736+0000] {processor.py:914} INFO - Processing file /opt/airflow/dags/ml_04_steam_discount_prediction.py for tasks to queue
[2026-09-07T06:52:38.738+0000] {logging_mixin.py:190} INFO - [2026-09-07T06:52:38.737+0000] {dagbag.py:588} INFO - Filling up the DagBag from /opt/airflow/dags/ml_04_steam_discount_prediction.py
[2026-09-07T06:52:40.385+0000] {processor.py:925} INFO - DAG(s) 'steam_discount_prediction_dag' retrieved from /opt/airflow/dags/ml_04_steam_discount_prediction.py
[2026-09-07T06:52:40.424+0000] {logging_mixin.py:190} INFO - [2026-09-07T06:52:40.424+0000] {dag.py:3239} INFO - Sync 1 DAGs
[2026-09-07T06:52:40.454+0000] {logging_mixin.py:190} INFO - [2026-09-07T06:52:40.454+0000] {dag.py:4180} INFO - Setting next_dagrun for steam_discount_prediction_dag to 2026-09-07 00:00:00+00:00, run_after=2026-09-08 00:00:00+00:00
[2026-09-07T06:52:40.482+0000] {processor.py:208} INFO - Processing /opt/airflow/dags/ml_04_steam_discount_prediction.py took 1.762 seconds
[2026-09-07T06:53:10.989+0000] {processor.py:186} INFO - Started process (PID=4763) to work on /opt/airflow/dags/ml_04_steam_discount_prediction.py
[2026-09-07T06:53:10.989+0000] {processor.py:914} INFO - Processing file /opt/airflow/dags/ml_04_steam_discount_prediction.py for tasks to queue
[2026-09-07T06:53:10.991+0000] {logging_mixin.py:190} INFO - [2026-09-07T06:53:10.990+0000] {dagbag.py:588} INFO - Filling up the DagBag from /opt/airflow/dags/ml_04_steam_discount_prediction.py
[2026-09-07T06:53:12.417+0000] {processor.py:925} INFO - DAG(s) 'steam_discount_prediction_dag' retrieved from /opt/airflow/dags/ml_04_steam_discount_prediction.py
[2026-09-07T06:53:12.441+0000] {logging_mixin.py:190} INFO - [2026-09-07T06:53:12.440+0000] {dag.py:3239} INFO - Sync 1 DAGs
[2026-09-07T06:53:12.460+0000] {logging_mixin.py:190} INFO - [2026-09-07T06:53:12.460+0000] {dag.py:4180} INFO - Setting next_dagrun for steam_discount_prediction_dag to 2026-09-07 00:00:00+00:00, run_after=2026-09-08 00:00:00+00:00
[2026-09-07T06:53:12.478+0000] {processor.py:208} INFO - Processing /opt/airflow/dags/ml_04_steam_discount_prediction.py took 1.496 seconds
[2026-09-07T06:53:42.916+0000] {processor.py:186} INFO - Started process (PID=4794) to work on /opt/airflow/dags/ml_04_steam_discount_prediction.py
[2026-09-07T06:53:42.918+0000] {processor.py:914} INFO - Processing file /opt/airflow/dags/ml_04_steam_discount_prediction.py for tasks to queue
[2026-09-07T06:53:42.920+0000] {logging_mixin.py:190} INFO - [2026-09-07T06:53:42.920+0000] {dagbag.py:588} INFO - Filling up the DagBag from /opt/airflow/dags/ml_04_steam_discount_prediction.py
[2026-09-07T06:53:44.473+0000] {processor.py:925} INFO - DAG(s) 'steam_discount_prediction_dag' retrieved from /opt/airflow/dags/ml_04_steam_discount_prediction.py
[2026-09-07T06:53:44.503+0000] {logging_mixin.py:190} INFO - [2026-09-07T06:53:44.502+0000] {dag.py:3239} INFO - Sync 1 DAGs
[2026-09-07T06:53:44.525+0000] {logging_mixin.py:190} INFO - [2026-09-07T06:53:44.524+0000] {dag.py:4180} INFO - Setting next_dagrun for steam_discount_prediction_dag to 2026-09-07 00:00:00+00:00, run_after=2026-09-08 00:00:00+00:00
[2026-09-07T06:53:44.545+0000] {processor.py:208} INFO - Processing /opt/airflow/dags/ml_04_steam_discount_prediction.py took 1.636 seconds
[2026-09-07T06:54:14.862+0000] {processor.py:186} INFO - Started process (PID=4827) to work on /opt/airflow/dags/ml_04_steam_discount_prediction.py
[2026-09-07T06:54:14.863+0000] {processor.py:914} INFO - Processing file /opt/airflow/dags/ml_04_steam_discount_prediction.py for tasks to queue
[2026-09-07T06:54:14.864+0000] {logging_mixin.py:190} INFO - [2026-09-07T06:54:14.864+0000] {dagbag.py:588} INFO - Filling up the DagBag from /opt/airflow/dags/ml_04_steam_discount_prediction.py
[2026-09-07T06:54:16.351+0000] {processor.py:925} INFO - DAG(s) 'steam_discount_prediction_dag' retrieved from /opt/airflow/dags/ml_04_steam_discount_prediction.py
[2026-09-07T06:54:16.383+0000] {logging_mixin.py:190} INFO - [2026-09-07T06:54:16.381+0000] {dag.py:3239} INFO - Sync 1 DAGs
[2026-09-07T06:54:16.412+0000] {logging_mixin.py:190} INFO - [2026-09-07T06:54:16.411+0000] {dag.py:4180} INFO - Setting next_dagrun for steam_discount_prediction_dag to 2026-09-07 00:00:00+00:00, run_after=2026-09-08 00:00:00+00:00
[2026-09-07T06:54:16.436+0000] {processor.py:208} INFO - Processing /opt/airflow/dags/ml_04_steam_discount_prediction.py took 1.581 seconds
[2026-09-07T06:54:47.230+0000] {processor.py:186} INFO - Started process (PID=4859) to work on /opt/airflow/dags/ml_04_steam_discount_prediction.py
[2026-09-07T06:54:47.231+0000] {processor.py:914} INFO - Processing file /opt/airflow/dags/ml_04_steam_discount_prediction.py for tasks to queue
[2026-09-07T06:54:47.232+0000] {logging_mixin.py:190} INFO - [2026-09-07T06:54:47.232+0000] {dagbag.py:588} INFO - Filling up the DagBag from /opt/airflow/dags/ml_04_steam_discount_prediction.py
[2026-09-07T06:54:48.744+0000] {processor.py:925} INFO - DAG(s) 'steam_discount_prediction_dag' retrieved from /opt/airflow/dags/ml_04_steam_discount_prediction.py
[2026-09-07T06:54:48.769+0000] {logging_mixin.py:190} INFO - [2026-09-07T06:54:48.768+0000] {dag.py:3239} INFO - Sync 1 DAGs
[2026-09-07T06:54:48.789+0000] {logging_mixin.py:190} INFO - [2026-09-07T06:54:48.789+0000] {dag.py:4180} INFO - Setting next_dagrun for steam_discount_prediction_dag to 2026-09-07 00:00:00+00:00, run_after=2026-09-08 00:00:00+00:00
[2026-09-07T06:54:48.812+0000] {processor.py:208} INFO - Processing /opt/airflow/dags/ml_04_steam_discount_prediction.py took 1.589 seconds
[2026-09-07T06:55:18.941+0000] {processor.py:186} INFO - Started process (PID=4890) to work on /opt/airflow/dags/ml_04_steam_discount_prediction.py
[2026-09-07T06:55:18.942+0000] {processor.py:914} INFO - Processing file /opt/airflow/dags/ml_04_steam_discount_prediction.py for tasks to queue
[2026-09-07T06:55:18.944+0000] {logging_mixin.py:190} INFO - [2026-09-07T06:55:18.943+0000] {dagbag.py:588} INFO - Filling up the DagBag from /opt/airflow/dags/ml_04_steam_discount_prediction.py
[2026-09-07T06:55:20.237+0000] {processor.py:925} INFO - DAG(s) 'steam_discount_prediction_dag' retrieved from /opt/airflow/dags/ml_04_steam_discount_prediction.py
[2026-09-07T06:55:20.260+0000] {logging_mixin.py:190} INFO - [2026-09-07T06:55:20.259+0000] {dag.py:3239} INFO - Sync 1 DAGs
[2026-09-07T06:55:20.277+0000] {logging_mixin.py:190} INFO - [2026-09-07T06:55:20.276+0000] {dag.py:4180} INFO - Setting next_dagrun for steam_discount_prediction_dag to 2026-09-07 00:00:00+00:00, run_after=2026-09-08 00:00:00+00:00
[2026-09-07T06:55:20.293+0000] {processor.py:208} INFO - Processing /opt/airflow/dags/ml_04_steam_discount_prediction.py took 1.361 seconds
[2026-09-07T06:55:50.462+0000] {processor.py:186} INFO - Started process (PID=4921) to work on /opt/airflow/dags/ml_04_steam_discount_prediction.py
[2026-09-07T06:55:50.464+0000] {processor.py:914} INFO - Processing file /opt/airflow/dags/ml_04_steam_discount_prediction.py for tasks to queue
[2026-09-07T06:55:50.467+0000] {logging_mixin.py:190} INFO - [2026-09-07T06:55:50.467+0000] {dagbag.py:588} INFO - Filling up the DagBag from /opt/airflow/dags/ml_04_steam_discount_prediction.py
[2026-09-07T06:55:52.430+0000] {processor.py:925} INFO - DAG(s) 'steam_discount_prediction_dag' retrieved from /opt/airflow/dags/ml_04_steam_discount_prediction.py
[2026-09-07T06:55:52.462+0000] {logging_mixin.py:190} INFO - [2026-09-07T06:55:52.461+0000] {dag.py:3239} INFO - Sync 1 DAGs
[2026-09-07T06:55:52.486+0000] {logging_mixin.py:190} INFO - [2026-09-07T06:55:52.485+0000] {dag.py:4180} INFO - Setting next_dagrun for steam_discount_prediction_dag to 2026-09-07 00:00:00+00:00, run_after=2026-09-08 00:00:00+00:00
[2026-09-07T06:55:52.506+0000] {processor.py:208} INFO - Processing /opt/airflow/dags/ml_04_steam_discount_prediction.py took 2.055 seconds
[2026-09-07T06:56:22.647+0000] {processor.py:186} INFO - Started process (PID=4952) to work on /opt/airflow/dags/ml_04_steam_discount_prediction.py
[2026-09-07T06:56:22.648+0000] {processor.py:914} INFO - Processing file /opt/airflow/dags/ml_04_steam_discount_prediction.py for tasks to queue
[2026-09-07T06:56:22.652+0000] {logging_mixin.py:190} INFO - [2026-09-07T06:56:22.651+0000] {dagbag.py:588} INFO - Filling up the DagBag from /opt/airflow/dags/ml_04_steam_discount_prediction.py
[2026-09-07T06:56:24.254+0000] {processor.py:925} INFO - DAG(s) 'steam_discount_prediction_dag' retrieved from /opt/airflow/dags/ml_04_steam_discount_prediction.py
[2026-09-07T06:56:24.278+0000] {logging_mixin.py:190} INFO - [2026-09-07T06:56:24.277+0000] {dag.py:3239} INFO - Sync 1 DAGs
[2026-09-07T06:56:24.298+0000] {logging_mixin.py:190} INFO - [2026-09-07T06:56:24.298+0000] {dag.py:4180} INFO - Setting next_dagrun for steam_discount_prediction_dag to 2026-09-07 00:00:00+00:00, run_after=2026-09-08 00:00:00+00:00
[2026-09-07T06:56:24.317+0000] {processor.py:208} INFO - Processing /opt/airflow/dags/ml_04_steam_discount_prediction.py took 1.681 seconds
[2026-09-07T06:56:54.785+0000] {processor.py:186} INFO - Started process (PID=4983) to work on /opt/airflow/dags/ml_04_steam_discount_prediction.py
[2026-09-07T06:56:54.786+0000] {processor.py:914} INFO - Processing file /opt/airflow/dags/ml_04_steam_discount_prediction.py for tasks to queue
[2026-09-07T06:56:54.787+0000] {logging_mixin.py:190} INFO - [2026-09-07T06:56:54.787+0000] {dagbag.py:588} INFO - Filling up the DagBag from /opt/airflow/dags/ml_04_steam_discount_prediction.py
[2026-09-07T06:56:56.046+0000] {processor.py:925} INFO - DAG(s) 'steam_discount_prediction_dag' retrieved from /opt/airflow/dags/ml_04_steam_discount_prediction.py
[2026-09-07T06:56:56.067+0000] {logging_mixin.py:190} INFO - [2026-09-07T06:56:56.067+0000] {dag.py:3239} INFO - Sync 1 DAGs
[2026-09-07T06:56:56.085+0000] {logging_mixin.py:190} INFO - [2026-09-07T06:56:56.085+0000] {dag.py:4180} INFO - Setting next_dagrun for steam_discount_prediction_dag to 2026-09-07 00:00:00+00:00, run_after=2026-09-08 00:00:00+00:00
[2026-09-07T06:56:56.101+0000] {processor.py:208} INFO - Processing /opt/airflow/dags/ml_04_steam_discount_prediction.py took 1.322 seconds
[2026-09-07T06:57:26.226+0000] {processor.py:186} INFO - Started process (PID=5014) to work on /opt/airflow/dags/ml_04_steam_discount_prediction.py
[2026-09-07T06:57:26.227+0000] {processor.py:914} INFO - Processing file /opt/airflow/dags/ml_04_steam_discount_prediction.py for tasks to queue
[2026-09-07T06:57:26.228+0000] {logging_mixin.py:190} INFO - [2026-09-07T06:57:26.228+0000] {dagbag.py:588} INFO - Filling up the DagBag from /opt/airflow/dags/ml_04_steam_discount_prediction.py
[2026-09-07T06:57:27.501+0000] {processor.py:925} INFO - DAG(s) 'steam_discount_prediction_dag' retrieved from /opt/airflow/dags/ml_04_steam_discount_prediction.py
[2026-09-07T06:57:27.523+0000] {logging_mixin.py:190} INFO - [2026-09-07T06:57:27.522+0000] {dag.py:3239} INFO - Sync 1 DAGs
[2026-09-07T06:57:27.538+0000] {logging_mixin.py:190} INFO - [2026-09-07T06:57:27.538+0000] {dag.py:4180} INFO - Setting next_dagrun for steam_discount_prediction_dag to 2026-09-07 00:00:00+00:00, run_after=2026-09-08 00:00:00+00:00
[2026-09-07T06:57:27.552+0000] {processor.py:208} INFO - Processing /opt/airflow/dags/ml_04_steam_discount_prediction.py took 1.332 seconds
[2026-09-07T06:57:57.665+0000] {processor.py:186} INFO - Started process (PID=5046) to work on /opt/airflow/dags/ml_04_steam_discount_prediction.py
[2026-09-07T06:57:57.665+0000] {processor.py:914} INFO - Processing file /opt/airflow/dags/ml_04_steam_discount_prediction.py for tasks to queue
[2026-09-07T06:57:57.667+0000] {logging_mixin.py:190} INFO - [2026-09-07T06:57:57.666+0000] {dagbag.py:588} INFO - Filling up the DagBag from /opt/airflow/dags/ml_04_steam_discount_prediction.py
[2026-09-07T06:57:58.811+0000] {processor.py:925} INFO - DAG(s) 'steam_discount_prediction_dag' retrieved from /opt/airflow/dags/ml_04_steam_discount_prediction.py
[2026-09-07T06:57:58.836+0000] {logging_mixin.py:190} INFO - [2026-09-07T06:57:58.835+0000] {dag.py:3239} INFO - Sync 1 DAGs
[2026-09-07T06:57:58.857+0000] {logging_mixin.py:190} INFO - [2026-09-07T06:57:58.857+0000] {dag.py:4180} INFO - Setting next_dagrun for steam_discount_prediction_dag to 2026-09-07 00:00:00+00:00, run_after=2026-09-08 00:00:00+00:00
[2026-09-07T06:57:58.874+0000] {processor.py:208} INFO - Processing /opt/airflow/dags/ml_04_steam_discount_prediction.py took 1.215 seconds
[2026-09-07T06:58:28.996+0000] {processor.py:186} INFO - Started process (PID=5077) to work on /opt/airflow/dags/ml_04_steam_discount_prediction.py
[2026-09-07T06:58:28.997+0000] {processor.py:914} INFO - Processing file /opt/airflow/dags/ml_04_steam_discount_prediction.py for tasks to queue
[2026-09-07T06:58:28.998+0000] {logging_mixin.py:190} INFO - [2026-09-07T06:58:28.998+0000] {dagbag.py:588} INFO - Filling up the DagBag from /opt/airflow/dags/ml_04_steam_discount_prediction.py
[2026-09-07T06:58:30.231+0000] {processor.py:925} INFO - DAG(s) 'steam_discount_prediction_dag' retrieved from /opt/airflow/dags/ml_04_steam_discount_prediction.py
[2026-09-07T06:58:30.253+0000] {logging_mixin.py:190} INFO - [2026-09-07T06:58:30.253+0000] {dag.py:3239} INFO - Sync 1 DAGs
[2026-09-07T06:58:30.271+0000] {logging_mixin.py:190} INFO - [2026-09-07T06:58:30.271+0000] {dag.py:4180} INFO - Setting next_dagrun for steam_discount_prediction_dag to 2026-09-07 00:00:00+00:00, run_after=2026-09-08 00:00:00+00:00
[2026-09-07T06:58:30.287+0000] {processor.py:208} INFO - Processing /opt/airflow/dags/ml_04_steam_discount_prediction.py took 1.298 seconds
[2026-09-07T06:59:00.419+0000] {processor.py:186} INFO - Started process (PID=5108) to work on /opt/airflow/dags/ml_04_steam_discount_prediction.py
[2026-09-07T06:59:00.420+0000] {processor.py:914} INFO - Processing file /opt/airflow/dags/ml_04_steam_discount_prediction.py for tasks to queue
[2026-09-07T06:59:00.421+0000] {logging_mixin.py:190} INFO - [2026-09-07T06:59:00.421+0000] {dagbag.py:588} INFO - Filling up the DagBag from /opt/airflow/dags/ml_04_steam_discount_prediction.py
[2026-09-07T06:59:01.690+0000] {processor.py:925} INFO - DAG(s) 'steam_discount_prediction_dag' retrieved from /opt/airflow/dags/ml_04_steam_discount_prediction.py
[2026-09-07T06:59:01.714+0000] {logging_mixin.py:190} INFO - [2026-09-07T06:59:01.713+0000] {dag.py:3239} INFO - Sync 1 DAGs
[2026-09-07T06:59:01.731+0000] {logging_mixin.py:190} INFO - [2026-09-07T06:59:01.731+0000] {dag.py:4180} INFO - Setting next_dagrun for steam_discount_prediction_dag to 2026-09-07 00:00:00+00:00, run_after=2026-09-08 00:00:00+00:00
[2026-09-07T06:59:01.747+0000] {processor.py:208} INFO - Processing /opt/airflow/dags/ml_04_steam_discount_prediction.py took 1.336 seconds
[2026-09-07T06:59:32.028+0000] {processor.py:186} INFO - Started process (PID=5139) to work on /opt/airflow/dags/ml_04_steam_discount_prediction.py
[2026-09-07T06:59:32.028+0000] {processor.py:914} INFO - Processing file /opt/airflow/dags/ml_04_steam_discount_prediction.py for tasks to queue
[2026-09-07T06:59:32.030+0000] {logging_mixin.py:190} INFO - [2026-09-07T06:59:32.029+0000] {dagbag.py:588} INFO - Filling up the DagBag from /opt/airflow/dags/ml_04_steam_discount_prediction.py
[2026-09-07T06:59:33.280+0000] {processor.py:925} INFO - DAG(s) 'steam_discount_prediction_dag' retrieved from /opt/airflow/dags/ml_04_steam_discount_prediction.py
[2026-09-07T06:59:33.301+0000] {logging_mixin.py:190} INFO - [2026-09-07T06:59:33.300+0000] {dag.py:3239} INFO - Sync 1 DAGs
[2026-09-07T06:59:33.318+0000] {logging_mixin.py:190} INFO - [2026-09-07T06:59:33.317+0000] {dag.py:4180} INFO - Setting next_dagrun for steam_discount_prediction_dag to 2026-09-07 00:00:00+00:00, run_after=2026-09-08 00:00:00+00:00
[2026-09-07T06:59:33.334+0000] {processor.py:208} INFO - Processing /opt/airflow/dags/ml_04_steam_discount_prediction.py took 1.313 seconds
[2026-09-07T07:00:03.633+0000] {processor.py:186} INFO - Started process (PID=5170) to work on /opt/airflow/dags/ml_04_steam_discount_prediction.py
[2026-09-07T07:00:03.634+0000] {processor.py:914} INFO - Processing file /opt/airflow/dags/ml_04_steam_discount_prediction.py for tasks to queue
[2026-09-07T07:00:03.635+0000] {logging_mixin.py:190} INFO - [2026-09-07T07:00:03.635+0000] {dagbag.py:588} INFO - Filling up the DagBag from /opt/airflow/dags/ml_04_steam_discount_prediction.py
[2026-09-07T07:00:04.825+0000] {processor.py:925} INFO - DAG(s) 'steam_discount_prediction_dag' retrieved from /opt/airflow/dags/ml_04_steam_discount_prediction.py
[2026-09-07T07:00:04.848+0000] {logging_mixin.py:190} INFO - [2026-09-07T07:00:04.847+0000] {dag.py:3239} INFO - Sync 1 DAGs
[2026-09-07T07:00:04.865+0000] {logging_mixin.py:190} INFO - [2026-09-07T07:00:04.864+0000] {dag.py:4180} INFO - Setting next_dagrun for steam_discount_prediction_dag to 2026-09-07 00:00:00+00:00, run_after=2026-09-08 00:00:00+00:00
[2026-09-07T07:00:04.881+0000] {processor.py:208} INFO - Processing /opt/airflow/dags/ml_04_steam_discount_prediction.py took 1.253 seconds
[2026-09-07T07:00:34.995+0000] {processor.py:186} INFO - Started process (PID=5201) to work on /opt/airflow/dags/ml_04_steam_discount_prediction.py
[2026-09-07T07:00:34.995+0000] {processor.py:914} INFO - Processing file /opt/airflow/dags/ml_04_steam_discount_prediction.py for tasks to queue
[2026-09-07T07:00:34.997+0000] {logging_mixin.py:190} INFO - [2026-09-07T07:00:34.996+0000] {dagbag.py:588} INFO - Filling up the DagBag from /opt/airflow/dags/ml_04_steam_discount_prediction.py
[2026-09-07T07:00:36.298+0000] {processor.py:925} INFO - DAG(s) 'steam_discount_prediction_dag' retrieved from /opt/airflow/dags/ml_04_steam_discount_prediction.py
[2026-09-07T07:00:36.326+0000] {logging_mixin.py:190} INFO - [2026-09-07T07:00:36.325+0000] {dag.py:3239} INFO - Sync 1 DAGs
[2026-09-07T07:00:36.346+0000] {logging_mixin.py:190} INFO - [2026-09-07T07:00:36.346+0000] {dag.py:4180} INFO - Setting next_dagrun for steam_discount_prediction_dag to 2026-09-07 00:00:00+00:00, run_after=2026-09-08 00:00:00+00:00
[2026-09-07T07:00:36.364+0000] {processor.py:208} INFO - Processing /opt/airflow/dags/ml_04_steam_discount_prediction.py took 1.375 seconds
[2026-09-07T07:01:06.594+0000] {processor.py:186} INFO - Started process (PID=5232) to work on /opt/airflow/dags/ml_04_steam_discount_prediction.py
[2026-09-07T07:01:06.595+0000] {processor.py:914} INFO - Processing file /opt/airflow/dags/ml_04_steam_discount_prediction.py for tasks to queue
[2026-09-07T07:01:06.597+0000] {logging_mixin.py:190} INFO - [2026-09-07T07:01:06.596+0000] {dagbag.py:588} INFO - Filling up the DagBag from /opt/airflow/dags/ml_04_steam_discount_prediction.py
[2026-09-07T07:01:07.963+0000] {processor.py:925} INFO - DAG(s) 'steam_discount_prediction_dag' retrieved from /opt/airflow/dags/ml_04_steam_discount_prediction.py
[2026-09-07T07:01:07.987+0000] {logging_mixin.py:190} INFO - [2026-09-07T07:01:07.987+0000] {dag.py:3239} INFO - Sync 1 DAGs
[2026-09-07T07:01:08.008+0000] {logging_mixin.py:190} INFO - [2026-09-07T07:01:08.008+0000] {dag.py:4180} INFO - Setting next_dagrun for steam_discount_prediction_dag to 2026-09-07 00:00:00+00:00, run_after=2026-09-08 00:00:00+00:00
[2026-09-07T07:01:08.026+0000] {processor.py:208} INFO - Processing /opt/airflow/dags/ml_04_steam_discount_prediction.py took 1.438 seconds
[2026-09-07T07:01:38.382+0000] {processor.py:186} INFO - Started process (PID=5263) to work on /opt/airflow/dags/ml_04_steam_discount_prediction.py
[2026-09-07T07:01:38.383+0000] {processor.py:914} INFO - Processing file /opt/airflow/dags/ml_04_steam_discount_prediction.py for tasks to queue
[2026-09-07T07:01:38.384+0000] {logging_mixin.py:190} INFO - [2026-09-07T07:01:38.384+0000] {dagbag.py:588} INFO - Filling up the DagBag from /opt/airflow/dags/ml_04_steam_discount_prediction.py
[2026-09-07T07:01:39.657+0000] {processor.py:925} INFO - DAG(s) 'steam_discount_prediction_dag' retrieved from /opt/airflow/dags/ml_04_steam_discount_prediction.py
[2026-09-07T07:01:39.682+0000] {logging_mixin.py:190} INFO - [2026-09-07T07:01:39.681+0000] {dag.py:3239} INFO - Sync 1 DAGs
[2026-09-07T07:01:39.699+0000] {logging_mixin.py:190} INFO - [2026-09-07T07:01:39.699+0000] {dag.py:4180} INFO - Setting next_dagrun for steam_discount_prediction_dag to 2026-09-07 00:00:00+00:00, run_after=2026-09-08 00:00:00+00:00
[2026-09-07T07:01:39.716+0000] {processor.py:208} INFO - Processing /opt/airflow/dags/ml_04_steam_discount_prediction.py took 1.340 seconds
[2026-09-07T07:02:10.341+0000] {processor.py:186} INFO - Started process (PID=5300) to work on /opt/airflow/dags/ml_04_steam_discount_prediction.py
[2026-09-07T07:02:10.341+0000] {processor.py:914} INFO - Processing file /opt/airflow/dags/ml_04_steam_discount_prediction.py for tasks to queue
[2026-09-07T07:02:10.343+0000] {logging_mixin.py:190} INFO - [2026-09-07T07:02:10.342+0000] {dagbag.py:588} INFO - Filling up the DagBag from /opt/airflow/dags/ml_04_steam_discount_prediction.py
[2026-09-07T07:02:11.664+0000] {processor.py:925} INFO - DAG(s) 'steam_discount_prediction_dag' retrieved from /opt/airflow/dags/ml_04_steam_discount_prediction.py
[2026-09-07T07:02:11.702+0000] {logging_mixin.py:190} INFO - [2026-09-07T07:02:11.701+0000] {dag.py:3239} INFO - Sync 1 DAGs
[2026-09-07T07:02:11.740+0000] {logging_mixin.py:190} INFO - [2026-09-07T07:02:11.740+0000] {dag.py:4180} INFO - Setting next_dagrun for steam_discount_prediction_dag to 2026-09-07 00:00:00+00:00, run_after=2026-09-08 00:00:00+00:00
[2026-09-07T07:02:11.765+0000] {processor.py:208} INFO - Processing /opt/airflow/dags/ml_04_steam_discount_prediction.py took 1.430 seconds
[2026-09-07T07:02:41.910+0000] {processor.py:186} INFO - Started process (PID=5331) to work on /opt/airflow/dags/ml_04_steam_discount_prediction.py
[2026-09-07T07:02:41.911+0000] {processor.py:914} INFO - Processing file /opt/airflow/dags/ml_04_steam_discount_prediction.py for tasks to queue
[2026-09-07T07:02:41.912+0000] {logging_mixin.py:190} INFO - [2026-09-07T07:02:41.912+0000] {dagbag.py:588} INFO - Filling up the DagBag from /opt/airflow/dags/ml_04_steam_discount_prediction.py
[2026-09-07T07:02:43.157+0000] {processor.py:925} INFO - DAG(s) 'steam_discount_prediction_dag' retrieved from /opt/airflow/dags/ml_04_steam_discount_prediction.py
[2026-09-07T07:02:43.180+0000] {logging_mixin.py:190} INFO - [2026-09-07T07:02:43.179+0000] {dag.py:3239} INFO - Sync 1 DAGs
[2026-09-07T07:02:43.199+0000] {logging_mixin.py:190} INFO - [2026-09-07T07:02:43.199+0000] {dag.py:4180} INFO - Setting next_dagrun for steam_discount_prediction_dag to 2026-09-07 00:00:00+00:00, run_after=2026-09-08 00:00:00+00:00
[2026-09-07T07:02:43.215+0000] {processor.py:208} INFO - Processing /opt/airflow/dags/ml_04_steam_discount_prediction.py took 1.311 seconds
[2026-09-07T07:03:14.261+0000] {processor.py:186} INFO - Started process (PID=5363) to work on /opt/airflow/dags/ml_04_steam_discount_prediction.py
[2026-09-07T07:03:14.262+0000] {processor.py:914} INFO - Processing file /opt/airflow/dags/ml_04_steam_discount_prediction.py for tasks to queue
[2026-09-07T07:03:14.264+0000] {logging_mixin.py:190} INFO - [2026-09-07T07:03:14.263+0000] {dagbag.py:588} INFO - Filling up the DagBag from /opt/airflow/dags/ml_04_steam_discount_prediction.py
[2026-09-07T07:03:15.499+0000] {processor.py:925} INFO - DAG(s) 'steam_discount_prediction_dag' retrieved from /opt/airflow/dags/ml_04_steam_discount_prediction.py
[2026-09-07T07:03:15.524+0000] {logging_mixin.py:190} INFO - [2026-09-07T07:03:15.523+0000] {dag.py:3239} INFO - Sync 1 DAGs
[2026-09-07T07:03:15.542+0000] {logging_mixin.py:190} INFO - [2026-09-07T07:03:15.542+0000] {dag.py:4180} INFO - Setting next_dagrun for steam_discount_prediction_dag to 2026-09-07 00:00:00+00:00, run_after=2026-09-08 00:00:00+00:00
[2026-09-07T07:03:15.558+0000] {processor.py:208} INFO - Processing /opt/airflow/dags/ml_04_steam_discount_prediction.py took 1.304 seconds
[2026-09-07T07:03:45.717+0000] {processor.py:186} INFO - Started process (PID=5394) to work on /opt/airflow/dags/ml_04_steam_discount_prediction.py
[2026-09-07T07:03:45.718+0000] {processor.py:914} INFO - Processing file /opt/airflow/dags/ml_04_steam_discount_prediction.py for tasks to queue
[2026-09-07T07:03:45.719+0000] {logging_mixin.py:190} INFO - [2026-09-07T07:03:45.719+0000] {dagbag.py:588} INFO - Filling up the DagBag from /opt/airflow/dags/ml_04_steam_discount_prediction.py
[2026-09-07T07:03:47.018+0000] {processor.py:925} INFO - DAG(s) 'steam_discount_prediction_dag' retrieved from /opt/airflow/dags/ml_04_steam_discount_prediction.py
[2026-09-07T07:03:47.041+0000] {logging_mixin.py:190} INFO - [2026-09-07T07:03:47.041+0000] {dag.py:3239} INFO - Sync 1 DAGs
[2026-09-07T07:03:47.069+0000] {logging_mixin.py:190} INFO - [2026-09-07T07:03:47.069+0000] {dag.py:4180} INFO - Setting next_dagrun for steam_discount_prediction_dag to 2026-09-07 00:00:00+00:00, run_after=2026-09-08 00:00:00+00:00
[2026-09-07T07:03:47.090+0000] {processor.py:208} INFO - Processing /opt/airflow/dags/ml_04_steam_discount_prediction.py took 1.378 seconds
[2026-09-07T07:04:17.288+0000] {processor.py:186} INFO - Started process (PID=5429) to work on /opt/airflow/dags/ml_04_steam_discount_prediction.py
[2026-09-07T07:04:17.288+0000] {processor.py:914} INFO - Processing file /opt/airflow/dags/ml_04_steam_discount_prediction.py for tasks to queue
[2026-09-07T07:04:17.290+0000] {logging_mixin.py:190} INFO - [2026-09-07T07:04:17.289+0000] {dagbag.py:588} INFO - Filling up the DagBag from /opt/airflow/dags/ml_04_steam_discount_prediction.py
[2026-09-07T07:04:18.509+0000] {processor.py:925} INFO - DAG(s) 'steam_discount_prediction_dag' retrieved from /opt/airflow/dags/ml_04_steam_discount_prediction.py
[2026-09-07T07:04:18.534+0000] {logging_mixin.py:190} INFO - [2026-09-07T07:04:18.533+0000] {dag.py:3239} INFO - Sync 1 DAGs
[2026-09-07T07:04:18.558+0000] {logging_mixin.py:190} INFO - [2026-09-07T07:04:18.557+0000] {dag.py:4180} INFO - Setting next_dagrun for steam_discount_prediction_dag to 2026-09-07 00:00:00+00:00, run_after=2026-09-08 00:00:00+00:00
[2026-09-07T07:04:18.574+0000] {processor.py:208} INFO - Processing /opt/airflow/dags/ml_04_steam_discount_prediction.py took 1.292 seconds
[2026-09-07T07:04:49.083+0000] {processor.py:186} INFO - Started process (PID=5461) to work on /opt/airflow/dags/ml_04_steam_discount_prediction.py
[2026-09-07T07:04:49.084+0000] {processor.py:914} INFO - Processing file /opt/airflow/dags/ml_04_steam_discount_prediction.py for tasks to queue
[2026-09-07T07:04:49.086+0000] {logging_mixin.py:190} INFO - [2026-09-07T07:04:49.086+0000] {dagbag.py:588} INFO - Filling up the DagBag from /opt/airflow/dags/ml_04_steam_discount_prediction.py
[2026-09-07T07:04:51.007+0000] {processor.py:925} INFO - DAG(s) 'steam_discount_prediction_dag' retrieved from /opt/airflow/dags/ml_04_steam_discount_prediction.py
[2026-09-07T07:04:51.036+0000] {logging_mixin.py:190} INFO - [2026-09-07T07:04:51.033+0000] {dag.py:3239} INFO - Sync 1 DAGs
[2026-09-07T07:04:51.060+0000] {logging_mixin.py:190} INFO - [2026-09-07T07:04:51.059+0000] {dag.py:4180} INFO - Setting next_dagrun for steam_discount_prediction_dag to 2026-09-07 00:00:00+00:00, run_after=2026-09-08 00:00:00+00:00
[2026-09-07T07:04:51.083+0000] {processor.py:208} INFO - Processing /opt/airflow/dags/ml_04_steam_discount_prediction.py took 2.009 seconds
[2026-09-07T07:05:21.569+0000] {processor.py:186} INFO - Started process (PID=5493) to work on /opt/airflow/dags/ml_04_steam_discount_prediction.py
[2026-09-07T07:05:21.570+0000] {processor.py:914} INFO - Processing file /opt/airflow/dags/ml_04_steam_discount_prediction.py for tasks to queue
[2026-09-07T07:05:21.571+0000] {logging_mixin.py:190} INFO - [2026-09-07T07:05:21.571+0000] {dagbag.py:588} INFO - Filling up the DagBag from /opt/airflow/dags/ml_04_steam_discount_prediction.py
[2026-09-07T07:05:22.766+0000] {processor.py:925} INFO - DAG(s) 'steam_discount_prediction_dag' retrieved from /opt/airflow/dags/ml_04_steam_discount_prediction.py
[2026-09-07T07:05:22.787+0000] {logging_mixin.py:190} INFO - [2026-09-07T07:05:22.786+0000] {dag.py:3239} INFO - Sync 1 DAGs
[2026-09-07T07:05:22.802+0000] {logging_mixin.py:190} INFO - [2026-09-07T07:05:22.802+0000] {dag.py:4180} INFO - Setting next_dagrun for steam_discount_prediction_dag to 2026-09-07 00:00:00+00:00, run_after=2026-09-08 00:00:00+00:00
[2026-09-07T07:05:22.817+0000] {processor.py:208} INFO - Processing /opt/airflow/dags/ml_04_steam_discount_prediction.py took 1.254 seconds
[2026-09-07T07:05:53.739+0000] {processor.py:186} INFO - Started process (PID=5525) to work on /opt/airflow/dags/ml_04_steam_discount_prediction.py
[2026-09-07T07:05:53.740+0000] {processor.py:914} INFO - Processing file /opt/airflow/dags/ml_04_steam_discount_prediction.py for tasks to queue
[2026-09-07T07:05:53.741+0000] {logging_mixin.py:190} INFO - [2026-09-07T07:05:53.741+0000] {dagbag.py:588} INFO - Filling up the DagBag from /opt/airflow/dags/ml_04_steam_discount_prediction.py
[2026-09-07T07:05:54.961+0000] {processor.py:925} INFO - DAG(s) 'steam_discount_prediction_dag' retrieved from /opt/airflow/dags/ml_04_steam_discount_prediction.py
[2026-09-07T07:05:54.986+0000] {logging_mixin.py:190} INFO - [2026-09-07T07:05:54.985+0000] {dag.py:3239} INFO - Sync 1 DAGs
[2026-09-07T07:05:55.002+0000] {logging_mixin.py:190} INFO - [2026-09-07T07:05:55.002+0000] {dag.py:4180} INFO - Setting next_dagrun for steam_discount_prediction_dag to 2026-09-07 00:00:00+00:00, run_after=2026-09-08 00:00:00+00:00
[2026-09-07T07:05:55.017+0000] {processor.py:208} INFO - Processing /opt/airflow/dags/ml_04_steam_discount_prediction.py took 1.283 seconds
[2026-09-07T07:06:25.137+0000] {processor.py:186} INFO - Started process (PID=5558) to work on /opt/airflow/dags/ml_04_steam_discount_prediction.py
[2026-09-07T07:06:25.138+0000] {processor.py:914} INFO - Processing file /opt/airflow/dags/ml_04_steam_discount_prediction.py for tasks to queue
[2026-09-07T07:06:25.139+0000] {logging_mixin.py:190} INFO - [2026-09-07T07:06:25.139+0000] {dagbag.py:588} INFO - Filling up the DagBag from /opt/airflow/dags/ml_04_steam_discount_prediction.py
[2026-09-07T07:06:26.293+0000] {processor.py:925} INFO - DAG(s) 'steam_discount_prediction_dag' retrieved from /opt/airflow/dags/ml_04_steam_discount_prediction.py
[2026-09-07T07:06:26.315+0000] {logging_mixin.py:190} INFO - [2026-09-07T07:06:26.315+0000] {dag.py:3239} INFO - Sync 1 DAGs
[2026-09-07T07:06:26.334+0000] {logging_mixin.py:190} INFO - [2026-09-07T07:06:26.334+0000] {dag.py:4180} INFO - Setting next_dagrun for steam_discount_prediction_dag to 2026-09-07 00:00:00+00:00, run_after=2026-09-08 00:00:00+00:00
[2026-09-07T07:06:26.349+0000] {processor.py:208} INFO - Processing /opt/airflow/dags/ml_04_steam_discount_prediction.py took 1.218 seconds
[2026-09-07T07:06:56.434+0000] {processor.py:186} INFO - Started process (PID=5590) to work on /opt/airflow/dags/ml_04_steam_discount_prediction.py
[2026-09-07T07:06:56.435+0000] {processor.py:914} INFO - Processing file /opt/airflow/dags/ml_04_steam_discount_prediction.py for tasks to queue
[2026-09-07T07:06:56.436+0000] {logging_mixin.py:190} INFO - [2026-09-07T07:06:56.436+0000] {dagbag.py:588} INFO - Filling up the DagBag from /opt/airflow/dags/ml_04_steam_discount_prediction.py
[2026-09-07T07:06:57.832+0000] {processor.py:925} INFO - DAG(s) 'steam_discount_prediction_dag' retrieved from /opt/airflow/dags/ml_04_steam_discount_prediction.py
[2026-09-07T07:06:57.857+0000] {logging_mixin.py:190} INFO - [2026-09-07T07:06:57.857+0000] {dag.py:3239} INFO - Sync 1 DAGs
[2026-09-07T07:06:57.876+0000] {logging_mixin.py:190} INFO - [2026-09-07T07:06:57.875+0000] {dag.py:4180} INFO - Setting next_dagrun for steam_discount_prediction_dag to 2026-09-07 00:00:00+00:00, run_after=2026-09-08 00:00:00+00:00
[2026-09-07T07:06:57.893+0000] {processor.py:208} INFO - Processing /opt/airflow/dags/ml_04_steam_discount_prediction.py took 1.465 seconds
[2026-09-07T07:07:28.826+0000] {processor.py:186} INFO - Started process (PID=5621) to work on /opt/airflow/dags/ml_04_steam_discount_prediction.py
[2026-09-07T07:07:28.827+0000] {processor.py:914} INFO - Processing file /opt/airflow/dags/ml_04_steam_discount_prediction.py for tasks to queue
[2026-09-07T07:07:28.828+0000] {logging_mixin.py:190} INFO - [2026-09-07T07:07:28.828+0000] {dagbag.py:588} INFO - Filling up the DagBag from /opt/airflow/dags/ml_04_steam_discount_prediction.py
[2026-09-07T07:07:30.173+0000] {processor.py:925} INFO - DAG(s) 'steam_discount_prediction_dag' retrieved from /opt/airflow/dags/ml_04_steam_discount_prediction.py
[2026-09-07T07:07:30.203+0000] {logging_mixin.py:190} INFO - [2026-09-07T07:07:30.201+0000] {dag.py:3239} INFO - Sync 1 DAGs
[2026-09-07T07:07:30.224+0000] {logging_mixin.py:190} INFO - [2026-09-07T07:07:30.224+0000] {dag.py:4180} INFO - Setting next_dagrun for steam_discount_prediction_dag to 2026-09-07 00:00:00+00:00, run_after=2026-09-08 00:00:00+00:00
[2026-09-07T07:07:30.244+0000] {processor.py:208} INFO - Processing /opt/airflow/dags/ml_04_steam_discount_prediction.py took 1.425 seconds
[2026-09-07T07:08:00.833+0000] {processor.py:186} INFO - Started process (PID=5652) to work on /opt/airflow/dags/ml_04_steam_discount_prediction.py
[2026-09-07T07:08:00.834+0000] {processor.py:914} INFO - Processing file /opt/airflow/dags/ml_04_steam_discount_prediction.py for tasks to queue
[2026-09-07T07:08:00.835+0000] {logging_mixin.py:190} INFO - [2026-09-07T07:08:00.835+0000] {dagbag.py:588} INFO - Filling up the DagBag from /opt/airflow/dags/ml_04_steam_discount_prediction.py
[2026-09-07T07:08:02.144+0000] {processor.py:925} INFO - DAG(s) 'steam_discount_prediction_dag' retrieved from /opt/airflow/dags/ml_04_steam_discount_prediction.py
[2026-09-07T07:08:02.170+0000] {logging_mixin.py:190} INFO - [2026-09-07T07:08:02.169+0000] {dag.py:3239} INFO - Sync 1 DAGs
[2026-09-07T07:08:02.188+0000] {logging_mixin.py:190} INFO - [2026-09-07T07:08:02.187+0000] {dag.py:4180} INFO - Setting next_dagrun for steam_discount_prediction_dag to 2026-09-07 00:00:00+00:00, run_after=2026-09-08 00:00:00+00:00
[2026-09-07T07:08:02.205+0000] {processor.py:208} INFO - Processing /opt/airflow/dags/ml_04_steam_discount_prediction.py took 1.379 seconds
[2026-09-07T07:08:32.512+0000] {processor.py:186} INFO - Started process (PID=5683) to work on /opt/airflow/dags/ml_04_steam_discount_prediction.py
[2026-09-07T07:08:32.512+0000] {processor.py:914} INFO - Processing file /opt/airflow/dags/ml_04_steam_discount_prediction.py for tasks to queue
[2026-09-07T07:08:32.514+0000] {logging_mixin.py:190} INFO - [2026-09-07T07:08:32.513+0000] {dagbag.py:588} INFO - Filling up the DagBag from /opt/airflow/dags/ml_04_steam_discount_prediction.py
[2026-09-07T07:08:34.003+0000] {processor.py:925} INFO - DAG(s) 'steam_discount_prediction_dag' retrieved from /opt/airflow/dags/ml_04_steam_discount_prediction.py
[2026-09-07T07:08:34.030+0000] {logging_mixin.py:190} INFO - [2026-09-07T07:08:34.029+0000] {dag.py:3239} INFO - Sync 1 DAGs
[2026-09-07T07:08:34.052+0000] {logging_mixin.py:190} INFO - [2026-09-07T07:08:34.052+0000] {dag.py:4180} INFO - Setting next_dagrun for steam_discount_prediction_dag to 2026-09-07 00:00:00+00:00, run_after=2026-09-08 00:00:00+00:00
[2026-09-07T07:08:34.075+0000] {processor.py:208} INFO - Processing /opt/airflow/dags/ml_04_steam_discount_prediction.py took 1.570 seconds
[2026-09-07T07:09:04.643+0000] {processor.py:186} INFO - Started process (PID=5714) to work on /opt/airflow/dags/ml_04_steam_discount_prediction.py
[2026-09-07T07:09:04.644+0000] {processor.py:914} INFO - Processing file /opt/airflow/dags/ml_04_steam_discount_prediction.py for tasks to queue
[2026-09-07T07:09:04.645+0000] {logging_mixin.py:190} INFO - [2026-09-07T07:09:04.645+0000] {dagbag.py:588} INFO - Filling up the DagBag from /opt/airflow/dags/ml_04_steam_discount_prediction.py
[2026-09-07T07:09:05.799+0000] {processor.py:925} INFO - DAG(s) 'steam_discount_prediction_dag' retrieved from /opt/airflow/dags/ml_04_steam_discount_prediction.py
[2026-09-07T07:09:05.820+0000] {logging_mixin.py:190} INFO - [2026-09-07T07:09:05.820+0000] {dag.py:3239} INFO - Sync 1 DAGs
[2026-09-07T07:09:05.836+0000] {logging_mixin.py:190} INFO - [2026-09-07T07:09:05.836+0000] {dag.py:4180} INFO - Setting next_dagrun for steam_discount_prediction_dag to 2026-09-07 00:00:00+00:00, run_after=2026-09-08 00:00:00+00:00
[2026-09-07T07:09:05.850+0000] {processor.py:208} INFO - Processing /opt/airflow/dags/ml_04_steam_discount_prediction.py took 1.213 seconds
[2026-09-07T07:09:36.045+0000] {processor.py:186} INFO - Started process (PID=5745) to work on /opt/airflow/dags/ml_04_steam_discount_prediction.py
[2026-09-07T07:09:36.046+0000] {processor.py:914} INFO - Processing file /opt/airflow/dags/ml_04_steam_discount_prediction.py for tasks to queue
[2026-09-07T07:09:36.047+0000] {logging_mixin.py:190} INFO - [2026-09-07T07:09:36.047+0000] {dagbag.py:588} INFO - Filling up the DagBag from /opt/airflow/dags/ml_04_steam_discount_prediction.py
[2026-09-07T07:09:37.233+0000] {processor.py:925} INFO - DAG(s) 'steam_discount_prediction_dag' retrieved from /opt/airflow/dags/ml_04_steam_discount_prediction.py
[2026-09-07T07:09:37.255+0000] {logging_mixin.py:190} INFO - [2026-09-07T07:09:37.255+0000] {dag.py:3239} INFO - Sync 1 DAGs
[2026-09-07T07:09:37.272+0000] {logging_mixin.py:190} INFO - [2026-09-07T07:09:37.272+0000] {dag.py:4180} INFO - Setting next_dagrun for steam_discount_prediction_dag to 2026-09-07 00:00:00+00:00, run_after=2026-09-08 00:00:00+00:00
[2026-09-07T07:09:37.287+0000] {processor.py:208} INFO - Processing /opt/airflow/dags/ml_04_steam_discount_prediction.py took 1.247 seconds
[2026-09-07T07:10:07.400+0000] {processor.py:186} INFO - Started process (PID=5776) to work on /opt/airflow/dags/ml_04_steam_discount_prediction.py
[2026-09-07T07:10:07.401+0000] {processor.py:914} INFO - Processing file /opt/airflow/dags/ml_04_steam_discount_prediction.py for tasks to queue
[2026-09-07T07:10:07.402+0000] {logging_mixin.py:190} INFO - [2026-09-07T07:10:07.401+0000] {dagbag.py:588} INFO - Filling up the DagBag from /opt/airflow/dags/ml_04_steam_discount_prediction.py
[2026-09-07T07:10:08.538+0000] {processor.py:925} INFO - DAG(s) 'steam_discount_prediction_dag' retrieved from /opt/airflow/dags/ml_04_steam_discount_prediction.py
[2026-09-07T07:10:08.562+0000] {logging_mixin.py:190} INFO - [2026-09-07T07:10:08.562+0000] {dag.py:3239} INFO - Sync 1 DAGs
[2026-09-07T07:10:08.578+0000] {logging_mixin.py:190} INFO - [2026-09-07T07:10:08.578+0000] {dag.py:4180} INFO - Setting next_dagrun for steam_discount_prediction_dag to 2026-09-07 00:00:00+00:00, run_after=2026-09-08 00:00:00+00:00
[2026-09-07T07:10:08.595+0000] {processor.py:208} INFO - Processing /opt/airflow/dags/ml_04_steam_discount_prediction.py took 1.201 seconds
[2026-09-07T07:10:38.671+0000] {processor.py:186} INFO - Started process (PID=5808) to work on /opt/airflow/dags/ml_04_steam_discount_prediction.py
[2026-09-07T07:10:38.672+0000] {processor.py:914} INFO - Processing file /opt/airflow/dags/ml_04_steam_discount_prediction.py for tasks to queue
[2026-09-07T07:10:38.673+0000] {logging_mixin.py:190} INFO - [2026-09-07T07:10:38.673+0000] {dagbag.py:588} INFO - Filling up the DagBag from /opt/airflow/dags/ml_04_steam_discount_prediction.py
[2026-09-07T07:10:39.883+0000] {processor.py:925} INFO - DAG(s) 'steam_discount_prediction_dag' retrieved from /opt/airflow/dags/ml_04_steam_discount_prediction.py
[2026-09-07T07:10:39.904+0000] {logging_mixin.py:190} INFO - [2026-09-07T07:10:39.903+0000] {dag.py:3239} INFO - Sync 1 DAGs
[2026-09-07T07:10:39.921+0000] {logging_mixin.py:190} INFO - [2026-09-07T07:10:39.920+0000] {dag.py:4180} INFO - Setting next_dagrun for steam_discount_prediction_dag to 2026-09-07 00:00:00+00:00, run_after=2026-09-08 00:00:00+00:00
[2026-09-07T07:10:39.937+0000] {processor.py:208} INFO - Processing /opt/airflow/dags/ml_04_steam_discount_prediction.py took 1.273 seconds
[2026-09-07T07:11:10.051+0000] {processor.py:186} INFO - Started process (PID=5839) to work on /opt/airflow/dags/ml_04_steam_discount_prediction.py
[2026-09-07T07:11:10.052+0000] {processor.py:914} INFO - Processing file /opt/airflow/dags/ml_04_steam_discount_prediction.py for tasks to queue
[2026-09-07T07:11:10.053+0000] {logging_mixin.py:190} INFO - [2026-09-07T07:11:10.053+0000] {dagbag.py:588} INFO - Filling up the DagBag from /opt/airflow/dags/ml_04_steam_discount_prediction.py
[2026-09-07T07:11:11.222+0000] {processor.py:925} INFO - DAG(s) 'steam_discount_prediction_dag' retrieved from /opt/airflow/dags/ml_04_steam_discount_prediction.py
[2026-09-07T07:11:11.244+0000] {logging_mixin.py:190} INFO - [2026-09-07T07:11:11.243+0000] {dag.py:3239} INFO - Sync 1 DAGs
[2026-09-07T07:11:11.262+0000] {logging_mixin.py:190} INFO - [2026-09-07T07:11:11.262+0000] {dag.py:4180} INFO - Setting next_dagrun for steam_discount_prediction_dag to 2026-09-07 00:00:00+00:00, run_after=2026-09-08 00:00:00+00:00
[2026-09-07T07:11:11.280+0000] {processor.py:208} INFO - Processing /opt/airflow/dags/ml_04_steam_discount_prediction.py took 1.234 seconds
[2026-09-07T07:11:42.189+0000] {processor.py:186} INFO - Started process (PID=5876) to work on /opt/airflow/dags/ml_04_steam_discount_prediction.py
[2026-09-07T07:11:42.189+0000] {processor.py:914} INFO - Processing file /opt/airflow/dags/ml_04_steam_discount_prediction.py for tasks to queue
[2026-09-07T07:11:42.191+0000] {logging_mixin.py:190} INFO - [2026-09-07T07:11:42.190+0000] {dagbag.py:588} INFO - Filling up the DagBag from /opt/airflow/dags/ml_04_steam_discount_prediction.py
[2026-09-07T07:11:43.426+0000] {processor.py:925} INFO - DAG(s) 'steam_discount_prediction_dag' retrieved from /opt/airflow/dags/ml_04_steam_discount_prediction.py
[2026-09-07T07:11:43.449+0000] {logging_mixin.py:190} INFO - [2026-09-07T07:11:43.448+0000] {dag.py:3239} INFO - Sync 1 DAGs
[2026-09-07T07:11:43.465+0000] {logging_mixin.py:190} INFO - [2026-09-07T07:11:43.465+0000] {dag.py:4180} INFO - Setting next_dagrun for steam_discount_prediction_dag to 2026-09-07 00:00:00+00:00, run_after=2026-09-08 00:00:00+00:00
[2026-09-07T07:11:43.481+0000] {processor.py:208} INFO - Processing /opt/airflow/dags/ml_04_steam_discount_prediction.py took 1.299 seconds
[2026-09-07T07:12:13.776+0000] {processor.py:186} INFO - Started process (PID=5907) to work on /opt/airflow/dags/ml_04_steam_discount_prediction.py
[2026-09-07T07:12:13.777+0000] {processor.py:914} INFO - Processing file /opt/airflow/dags/ml_04_steam_discount_prediction.py for tasks to queue
[2026-09-07T07:12:13.778+0000] {logging_mixin.py:190} INFO - [2026-09-07T07:12:13.778+0000] {dagbag.py:588} INFO - Filling up the DagBag from /opt/airflow/dags/ml_04_steam_discount_prediction.py
[2026-09-07T07:12:15.034+0000] {processor.py:925} INFO - DAG(s) 'steam_discount_prediction_dag' retrieved from /opt/airflow/dags/ml_04_steam_discount_prediction.py
[2026-09-07T07:12:15.057+0000] {logging_mixin.py:190} INFO - [2026-09-07T07:12:15.056+0000] {dag.py:3239} INFO - Sync 1 DAGs
[2026-09-07T07:12:15.076+0000] {logging_mixin.py:190} INFO - [2026-09-07T07:12:15.076+0000] {dag.py:4180} INFO - Setting next_dagrun for steam_discount_prediction_dag to 2026-09-07 00:00:00+00:00, run_after=2026-09-08 00:00:00+00:00
[2026-09-07T07:12:15.094+0000] {processor.py:208} INFO - Processing /opt/airflow/dags/ml_04_steam_discount_prediction.py took 1.323 seconds
[2026-09-07T07:12:45.389+0000] {processor.py:186} INFO - Started process (PID=5938) to work on /opt/airflow/dags/ml_04_steam_discount_prediction.py
[2026-09-07T07:12:45.389+0000] {processor.py:914} INFO - Processing file /opt/airflow/dags/ml_04_steam_discount_prediction.py for tasks to queue
[2026-09-07T07:12:45.391+0000] {logging_mixin.py:190} INFO - [2026-09-07T07:12:45.390+0000] {dagbag.py:588} INFO - Filling up the DagBag from /opt/airflow/dags/ml_04_steam_discount_prediction.py
[2026-09-07T07:12:46.487+0000] {processor.py:925} INFO - DAG(s) 'steam_discount_prediction_dag' retrieved from /opt/airflow/dags/ml_04_steam_discount_prediction.py
[2026-09-07T07:12:46.509+0000] {logging_mixin.py:190} INFO - [2026-09-07T07:12:46.509+0000] {dag.py:3239} INFO - Sync 1 DAGs
[2026-09-07T07:12:46.525+0000] {logging_mixin.py:190} INFO - [2026-09-07T07:12:46.525+0000] {dag.py:4180} INFO - Setting next_dagrun for steam_discount_prediction_dag to 2026-09-07 00:00:00+00:00, run_after=2026-09-08 00:00:00+00:00
[2026-09-07T07:12:46.540+0000] {processor.py:208} INFO - Processing /opt/airflow/dags/ml_04_steam_discount_prediction.py took 1.157 seconds
[2026-09-07T07:13:16.937+0000] {processor.py:186} INFO - Started process (PID=5969) to work on /opt/airflow/dags/ml_04_steam_discount_prediction.py
[2026-09-07T07:13:16.937+0000] {processor.py:914} INFO - Processing file /opt/airflow/dags/ml_04_steam_discount_prediction.py for tasks to queue
[2026-09-07T07:13:16.939+0000] {logging_mixin.py:190} INFO - [2026-09-07T07:13:16.938+0000] {dagbag.py:588} INFO - Filling up the DagBag from /opt/airflow/dags/ml_04_steam_discount_prediction.py
[2026-09-07T07:13:18.217+0000] {processor.py:925} INFO - DAG(s) 'steam_discount_prediction_dag' retrieved from /opt/airflow/dags/ml_04_steam_discount_prediction.py
[2026-09-07T07:13:18.241+0000] {logging_mixin.py:190} INFO - [2026-09-07T07:13:18.240+0000] {dag.py:3239} INFO - Sync 1 DAGs
[2026-09-07T07:13:18.260+0000] {logging_mixin.py:190} INFO - [2026-09-07T07:13:18.260+0000] {dag.py:4180} INFO - Setting next_dagrun for steam_discount_prediction_dag to 2026-09-07 00:00:00+00:00, run_after=2026-09-08 00:00:00+00:00
[2026-09-07T07:13:18.278+0000] {processor.py:208} INFO - Processing /opt/airflow/dags/ml_04_steam_discount_prediction.py took 1.348 seconds
[2026-09-07T07:13:48.611+0000] {processor.py:186} INFO - Started process (PID=6000) to work on /opt/airflow/dags/ml_04_steam_discount_prediction.py
[2026-09-07T07:13:48.612+0000] {processor.py:914} INFO - Processing file /opt/airflow/dags/ml_04_steam_discount_prediction.py for tasks to queue
[2026-09-07T07:13:48.613+0000] {logging_mixin.py:190} INFO - [2026-09-07T07:13:48.613+0000] {dagbag.py:588} INFO - Filling up the DagBag from /opt/airflow/dags/ml_04_steam_discount_prediction.py
[2026-09-07T07:13:49.929+0000] {processor.py:925} INFO - DAG(s) 'steam_discount_prediction_dag' retrieved from /opt/airflow/dags/ml_04_steam_discount_prediction.py
[2026-09-07T07:13:49.952+0000] {logging_mixin.py:190} INFO - [2026-09-07T07:13:49.951+0000] {dag.py:3239} INFO - Sync 1 DAGs
[2026-09-07T07:13:49.970+0000] {logging_mixin.py:190} INFO - [2026-09-07T07:13:49.970+0000] {dag.py:4180} INFO - Setting next_dagrun for steam_discount_prediction_dag to 2026-09-07 00:00:00+00:00, run_after=2026-09-08 00:00:00+00:00
[2026-09-07T07:13:49.986+0000] {processor.py:208} INFO - Processing /opt/airflow/dags/ml_04_steam_discount_prediction.py took 1.381 seconds
[2026-09-07T07:14:20.057+0000] {processor.py:186} INFO - Started process (PID=6032) to work on /opt/airflow/dags/ml_04_steam_discount_prediction.py
[2026-09-07T07:14:20.058+0000] {processor.py:914} INFO - Processing file /opt/airflow/dags/ml_04_steam_discount_prediction.py for tasks to queue
[2026-09-07T07:14:20.059+0000] {logging_mixin.py:190} INFO - [2026-09-07T07:14:20.059+0000] {dagbag.py:588} INFO - Filling up the DagBag from /opt/airflow/dags/ml_04_steam_discount_prediction.py
[2026-09-07T07:14:21.374+0000] {processor.py:925} INFO - DAG(s) 'steam_discount_prediction_dag' retrieved from /opt/airflow/dags/ml_04_steam_discount_prediction.py
[2026-09-07T07:14:21.402+0000] {logging_mixin.py:190} INFO - [2026-09-07T07:14:21.402+0000] {dag.py:3239} INFO - Sync 1 DAGs
[2026-09-07T07:14:21.433+0000] {logging_mixin.py:190} INFO - [2026-09-07T07:14:21.433+0000] {dag.py:4180} INFO - Setting next_dagrun for steam_discount_prediction_dag to 2026-09-07 00:00:00+00:00, run_after=2026-09-08 00:00:00+00:00
[2026-09-07T07:14:21.468+0000] {processor.py:208} INFO - Processing /opt/airflow/dags/ml_04_steam_discount_prediction.py took 1.417 seconds
[2026-09-07T07:14:52.306+0000] {processor.py:186} INFO - Started process (PID=6063) to work on /opt/airflow/dags/ml_04_steam_discount_prediction.py
[2026-09-07T07:14:52.307+0000] {processor.py:914} INFO - Processing file /opt/airflow/dags/ml_04_steam_discount_prediction.py for tasks to queue
[2026-09-07T07:14:52.308+0000] {logging_mixin.py:190} INFO - [2026-09-07T07:14:52.308+0000] {dagbag.py:588} INFO - Filling up the DagBag from /opt/airflow/dags/ml_04_steam_discount_prediction.py
[2026-09-07T07:14:53.552+0000] {processor.py:925} INFO - DAG(s) 'steam_discount_prediction_dag' retrieved from /opt/airflow/dags/ml_04_steam_discount_prediction.py
[2026-09-07T07:14:53.577+0000] {logging_mixin.py:190} INFO - [2026-09-07T07:14:53.577+0000] {dag.py:3239} INFO - Sync 1 DAGs
[2026-09-07T07:14:53.597+0000] {logging_mixin.py:190} INFO - [2026-09-07T07:14:53.597+0000] {dag.py:4180} INFO - Setting next_dagrun for steam_discount_prediction_dag to 2026-09-07 00:00:00+00:00, run_after=2026-09-08 00:00:00+00:00
[2026-09-07T07:14:53.612+0000] {processor.py:208} INFO - Processing /opt/airflow/dags/ml_04_steam_discount_prediction.py took 1.312 seconds
[2026-09-07T07:15:24.058+0000] {processor.py:186} INFO - Started process (PID=6094) to work on /opt/airflow/dags/ml_04_steam_discount_prediction.py
[2026-09-07T07:15:24.058+0000] {processor.py:914} INFO - Processing file /opt/airflow/dags/ml_04_steam_discount_prediction.py for tasks to queue
[2026-09-07T07:15:24.060+0000] {logging_mixin.py:190} INFO - [2026-09-07T07:15:24.059+0000] {dagbag.py:588} INFO - Filling up the DagBag from /opt/airflow/dags/ml_04_steam_discount_prediction.py
[2026-09-07T07:15:25.386+0000] {processor.py:925} INFO - DAG(s) 'steam_discount_prediction_dag' retrieved from /opt/airflow/dags/ml_04_steam_discount_prediction.py
[2026-09-07T07:15:25.415+0000] {logging_mixin.py:190} INFO - [2026-09-07T07:15:25.414+0000] {dag.py:3239} INFO - Sync 1 DAGs
[2026-09-07T07:15:25.435+0000] {logging_mixin.py:190} INFO - [2026-09-07T07:15:25.435+0000] {dag.py:4180} INFO - Setting next_dagrun for steam_discount_prediction_dag to 2026-09-07 00:00:00+00:00, run_after=2026-09-08 00:00:00+00:00
[2026-09-07T07:15:25.453+0000] {processor.py:208} INFO - Processing /opt/airflow/dags/ml_04_steam_discount_prediction.py took 1.401 seconds
[2026-09-07T07:15:55.732+0000] {processor.py:186} INFO - Started process (PID=6125) to work on /opt/airflow/dags/ml_04_steam_discount_prediction.py
[2026-09-07T07:15:55.733+0000] {processor.py:914} INFO - Processing file /opt/airflow/dags/ml_04_steam_discount_prediction.py for tasks to queue
[2026-09-07T07:15:55.734+0000] {logging_mixin.py:190} INFO - [2026-09-07T07:15:55.734+0000] {dagbag.py:588} INFO - Filling up the DagBag from /opt/airflow/dags/ml_04_steam_discount_prediction.py
[2026-09-07T07:15:57.133+0000] {processor.py:925} INFO - DAG(s) 'steam_discount_prediction_dag' retrieved from /opt/airflow/dags/ml_04_steam_discount_prediction.py
[2026-09-07T07:15:57.178+0000] {logging_mixin.py:190} INFO - [2026-09-07T07:15:57.177+0000] {dag.py:3239} INFO - Sync 1 DAGs
[2026-09-07T07:15:57.217+0000] {logging_mixin.py:190} INFO - [2026-09-07T07:15:57.217+0000] {dag.py:4180} INFO - Setting next_dagrun for steam_discount_prediction_dag to 2026-09-07 00:00:00+00:00, run_after=2026-09-08 00:00:00+00:00
[2026-09-07T07:15:57.251+0000] {processor.py:208} INFO - Processing /opt/airflow/dags/ml_04_steam_discount_prediction.py took 1.525 seconds
[2026-09-07T07:16:28.004+0000] {processor.py:186} INFO - Started process (PID=6156) to work on /opt/airflow/dags/ml_04_steam_discount_prediction.py
[2026-09-07T07:16:28.005+0000] {processor.py:914} INFO - Processing file /opt/airflow/dags/ml_04_steam_discount_prediction.py for tasks to queue
[2026-09-07T07:16:28.007+0000] {logging_mixin.py:190} INFO - [2026-09-07T07:16:28.007+0000] {dagbag.py:588} INFO - Filling up the DagBag from /opt/airflow/dags/ml_04_steam_discount_prediction.py
[2026-09-07T07:16:29.909+0000] {processor.py:925} INFO - DAG(s) 'steam_discount_prediction_dag' retrieved from /opt/airflow/dags/ml_04_steam_discount_prediction.py
[2026-09-07T07:16:29.951+0000] {logging_mixin.py:190} INFO - [2026-09-07T07:16:29.950+0000] {dag.py:3239} INFO - Sync 1 DAGs
[2026-09-07T07:16:29.979+0000] {logging_mixin.py:190} INFO - [2026-09-07T07:16:29.979+0000] {dag.py:4180} INFO - Setting next_dagrun for steam_discount_prediction_dag to 2026-09-07 00:00:00+00:00, run_after=2026-09-08 00:00:00+00:00
[2026-09-07T07:16:29.997+0000] {processor.py:208} INFO - Processing /opt/airflow/dags/ml_04_steam_discount_prediction.py took 2.002 seconds
[2026-09-07T07:17:00.413+0000] {processor.py:186} INFO - Started process (PID=6187) to work on /opt/airflow/dags/ml_04_steam_discount_prediction.py
[2026-09-07T07:17:00.414+0000] {processor.py:914} INFO - Processing file /opt/airflow/dags/ml_04_steam_discount_prediction.py for tasks to queue
[2026-09-07T07:17:00.416+0000] {logging_mixin.py:190} INFO - [2026-09-07T07:17:00.416+0000] {dagbag.py:588} INFO - Filling up the DagBag from /opt/airflow/dags/ml_04_steam_discount_prediction.py
[2026-09-07T07:17:01.907+0000] {processor.py:925} INFO - DAG(s) 'steam_discount_prediction_dag' retrieved from /opt/airflow/dags/ml_04_steam_discount_prediction.py
[2026-09-07T07:17:01.929+0000] {logging_mixin.py:190} INFO - [2026-09-07T07:17:01.928+0000] {dag.py:3239} INFO - Sync 1 DAGs
[2026-09-07T07:17:02.064+0000] {logging_mixin.py:190} INFO - [2026-09-07T07:17:02.064+0000] {dag.py:4180} INFO - Setting next_dagrun for steam_discount_prediction_dag to 2026-09-07 00:00:00+00:00, run_after=2026-09-08 00:00:00+00:00
[2026-09-07T07:17:02.080+0000] {processor.py:208} INFO - Processing /opt/airflow/dags/ml_04_steam_discount_prediction.py took 1.674 seconds
[2026-09-07T07:17:32.710+0000] {processor.py:186} INFO - Started process (PID=6218) to work on /opt/airflow/dags/ml_04_steam_discount_prediction.py
[2026-09-07T07:17:32.711+0000] {processor.py:914} INFO - Processing file /opt/airflow/dags/ml_04_steam_discount_prediction.py for tasks to queue
[2026-09-07T07:17:32.712+0000] {logging_mixin.py:190} INFO - [2026-09-07T07:17:32.712+0000] {dagbag.py:588} INFO - Filling up the DagBag from /opt/airflow/dags/ml_04_steam_discount_prediction.py
[2026-09-07T07:17:34.188+0000] {processor.py:925} INFO - DAG(s) 'steam_discount_prediction_dag' retrieved from /opt/airflow/dags/ml_04_steam_discount_prediction.py
[2026-09-07T07:17:34.213+0000] {logging_mixin.py:190} INFO - [2026-09-07T07:17:34.213+0000] {dag.py:3239} INFO - Sync 1 DAGs
[2026-09-07T07:17:34.233+0000] {logging_mixin.py:190} INFO - [2026-09-07T07:17:34.232+0000] {dag.py:4180} INFO - Setting next_dagrun for steam_discount_prediction_dag to 2026-09-07 00:00:00+00:00, run_after=2026-09-08 00:00:00+00:00
[2026-09-07T07:17:34.248+0000] {processor.py:208} INFO - Processing /opt/airflow/dags/ml_04_steam_discount_prediction.py took 1.543 seconds
[2026-09-07T07:18:05.134+0000] {processor.py:186} INFO - Started process (PID=6249) to work on /opt/airflow/dags/ml_04_steam_discount_prediction.py
[2026-09-07T07:18:05.135+0000] {processor.py:914} INFO - Processing file /opt/airflow/dags/ml_04_steam_discount_prediction.py for tasks to queue
[2026-09-07T07:18:05.136+0000] {logging_mixin.py:190} INFO - [2026-09-07T07:18:05.136+0000] {dagbag.py:588} INFO - Filling up the DagBag from /opt/airflow/dags/ml_04_steam_discount_prediction.py
[2026-09-07T07:18:07.075+0000] {processor.py:925} INFO - DAG(s) 'steam_discount_prediction_dag' retrieved from /opt/airflow/dags/ml_04_steam_discount_prediction.py
[2026-09-07T07:18:07.102+0000] {logging_mixin.py:190} INFO - [2026-09-07T07:18:07.100+0000] {dag.py:3239} INFO - Sync 1 DAGs
[2026-09-07T07:18:07.123+0000] {logging_mixin.py:190} INFO - [2026-09-07T07:18:07.123+0000] {dag.py:4180} INFO - Setting next_dagrun for steam_discount_prediction_dag to 2026-09-07 00:00:00+00:00, run_after=2026-09-08 00:00:00+00:00
[2026-09-07T07:18:07.145+0000] {processor.py:208} INFO - Processing /opt/airflow/dags/ml_04_steam_discount_prediction.py took 2.018 seconds
[2026-09-07T07:18:37.596+0000] {processor.py:186} INFO - Started process (PID=6280) to work on /opt/airflow/dags/ml_04_steam_discount_prediction.py
[2026-09-07T07:18:37.597+0000] {processor.py:914} INFO - Processing file /opt/airflow/dags/ml_04_steam_discount_prediction.py for tasks to queue
[2026-09-07T07:18:37.598+0000] {logging_mixin.py:190} INFO - [2026-09-07T07:18:37.598+0000] {dagbag.py:588} INFO - Filling up the DagBag from /opt/airflow/dags/ml_04_steam_discount_prediction.py
[2026-09-07T07:18:39.095+0000] {processor.py:925} INFO - DAG(s) 'steam_discount_prediction_dag' retrieved from /opt/airflow/dags/ml_04_steam_discount_prediction.py
[2026-09-07T07:18:39.121+0000] {logging_mixin.py:190} INFO - [2026-09-07T07:18:39.121+0000] {dag.py:3239} INFO - Sync 1 DAGs
[2026-09-07T07:18:39.143+0000] {logging_mixin.py:190} INFO - [2026-09-07T07:18:39.143+0000] {dag.py:4180} INFO - Setting next_dagrun for steam_discount_prediction_dag to 2026-09-07 00:00:00+00:00, run_after=2026-09-08 00:00:00+00:00
[2026-09-07T07:18:39.160+0000] {processor.py:208} INFO - Processing /opt/airflow/dags/ml_04_steam_discount_prediction.py took 1.570 seconds
[2026-09-07T07:19:09.968+0000] {processor.py:186} INFO - Started process (PID=6311) to work on /opt/airflow/dags/ml_04_steam_discount_prediction.py
[2026-09-07T07:19:09.969+0000] {processor.py:914} INFO - Processing file /opt/airflow/dags/ml_04_steam_discount_prediction.py for tasks to queue
[2026-09-07T07:19:09.970+0000] {logging_mixin.py:190} INFO - [2026-09-07T07:19:09.970+0000] {dagbag.py:588} INFO - Filling up the DagBag from /opt/airflow/dags/ml_04_steam_discount_prediction.py
[2026-09-07T07:19:11.224+0000] {processor.py:925} INFO - DAG(s) 'steam_discount_prediction_dag' retrieved from /opt/airflow/dags/ml_04_steam_discount_prediction.py
[2026-09-07T07:19:11.367+0000] {logging_mixin.py:190} INFO - [2026-09-07T07:19:11.367+0000] {dag.py:3239} INFO - Sync 1 DAGs
[2026-09-07T07:19:11.385+0000] {logging_mixin.py:190} INFO - [2026-09-07T07:19:11.385+0000] {dag.py:4180} INFO - Setting next_dagrun for steam_discount_prediction_dag to 2026-09-07 00:00:00+00:00, run_after=2026-09-08 00:00:00+00:00
[2026-09-07T07:19:11.402+0000] {processor.py:208} INFO - Processing /opt/airflow/dags/ml_04_steam_discount_prediction.py took 1.442 seconds
[2026-09-07T07:19:42.307+0000] {processor.py:186} INFO - Started process (PID=6348) to work on /opt/airflow/dags/ml_04_steam_discount_prediction.py
[2026-09-07T07:19:42.308+0000] {processor.py:914} INFO - Processing file /opt/airflow/dags/ml_04_steam_discount_prediction.py for tasks to queue
[2026-09-07T07:19:42.310+0000] {logging_mixin.py:190} INFO - [2026-09-07T07:19:42.309+0000] {dagbag.py:588} INFO - Filling up the DagBag from /opt/airflow/dags/ml_04_steam_discount_prediction.py
[2026-09-07T07:19:43.746+0000] {processor.py:925} INFO - DAG(s) 'steam_discount_prediction_dag' retrieved from /opt/airflow/dags/ml_04_steam_discount_prediction.py
[2026-09-07T07:19:43.768+0000] {logging_mixin.py:190} INFO - [2026-09-07T07:19:43.767+0000] {dag.py:3239} INFO - Sync 1 DAGs
[2026-09-07T07:19:43.787+0000] {logging_mixin.py:190} INFO - [2026-09-07T07:19:43.786+0000] {dag.py:4180} INFO - Setting next_dagrun for steam_discount_prediction_dag to 2026-09-07 00:00:00+00:00, run_after=2026-09-08 00:00:00+00:00
[2026-09-07T07:19:43.804+0000] {processor.py:208} INFO - Processing /opt/airflow/dags/ml_04_steam_discount_prediction.py took 1.505 seconds
[2026-09-07T07:20:13.883+0000] {processor.py:186} INFO - Started process (PID=6379) to work on /opt/airflow/dags/ml_04_steam_discount_prediction.py
[2026-09-07T07:20:13.884+0000] {processor.py:914} INFO - Processing file /opt/airflow/dags/ml_04_steam_discount_prediction.py for tasks to queue
[2026-09-07T07:20:13.886+0000] {logging_mixin.py:190} INFO - [2026-09-07T07:20:13.885+0000] {dagbag.py:588} INFO - Filling up the DagBag from /opt/airflow/dags/ml_04_steam_discount_prediction.py
[2026-09-07T07:20:15.276+0000] {processor.py:925} INFO - DAG(s) 'steam_discount_prediction_dag' retrieved from /opt/airflow/dags/ml_04_steam_discount_prediction.py
[2026-09-07T07:20:15.306+0000] {logging_mixin.py:190} INFO - [2026-09-07T07:20:15.306+0000] {dag.py:3239} INFO - Sync 1 DAGs
[2026-09-07T07:20:15.329+0000] {logging_mixin.py:190} INFO - [2026-09-07T07:20:15.329+0000] {dag.py:4180} INFO - Setting next_dagrun for steam_discount_prediction_dag to 2026-09-07 00:00:00+00:00, run_after=2026-09-08 00:00:00+00:00
[2026-09-07T07:20:15.349+0000] {processor.py:208} INFO - Processing /opt/airflow/dags/ml_04_steam_discount_prediction.py took 1.475 seconds
[2026-09-07T07:20:45.466+0000] {processor.py:186} INFO - Started process (PID=6410) to work on /opt/airflow/dags/ml_04_steam_discount_prediction.py
[2026-09-07T07:20:45.467+0000] {processor.py:914} INFO - Processing file /opt/airflow/dags/ml_04_steam_discount_prediction.py for tasks to queue
[2026-09-07T07:20:45.469+0000] {logging_mixin.py:190} INFO - [2026-09-07T07:20:45.468+0000] {dagbag.py:588} INFO - Filling up the DagBag from /opt/airflow/dags/ml_04_steam_discount_prediction.py
[2026-09-07T07:20:46.678+0000] {processor.py:925} INFO - DAG(s) 'steam_discount_prediction_dag' retrieved from /opt/airflow/dags/ml_04_steam_discount_prediction.py
[2026-09-07T07:20:46.700+0000] {logging_mixin.py:190} INFO - [2026-09-07T07:20:46.699+0000] {dag.py:3239} INFO - Sync 1 DAGs
[2026-09-07T07:20:46.718+0000] {logging_mixin.py:190} INFO - [2026-09-07T07:20:46.718+0000] {dag.py:4180} INFO - Setting next_dagrun for steam_discount_prediction_dag to 2026-09-07 00:00:00+00:00, run_after=2026-09-08 00:00:00+00:00
[2026-09-07T07:20:46.733+0000] {processor.py:208} INFO - Processing /opt/airflow/dags/ml_04_steam_discount_prediction.py took 1.274 seconds
[2026-09-07T07:21:16.781+0000] {processor.py:186} INFO - Started process (PID=6441) to work on /opt/airflow/dags/ml_04_steam_discount_prediction.py
[2026-09-07T07:21:16.781+0000] {processor.py:914} INFO - Processing file /opt/airflow/dags/ml_04_steam_discount_prediction.py for tasks to queue
[2026-09-07T07:21:16.782+0000] {logging_mixin.py:190} INFO - [2026-09-07T07:21:16.782+0000] {dagbag.py:588} INFO - Filling up the DagBag from /opt/airflow/dags/ml_04_steam_discount_prediction.py
[2026-09-07T07:21:18.273+0000] {processor.py:925} INFO - DAG(s) 'steam_discount_prediction_dag' retrieved from /opt/airflow/dags/ml_04_steam_discount_prediction.py
[2026-09-07T07:21:18.293+0000] {logging_mixin.py:190} INFO - [2026-09-07T07:21:18.292+0000] {dag.py:3239} INFO - Sync 1 DAGs
[2026-09-07T07:21:18.310+0000] {logging_mixin.py:190} INFO - [2026-09-07T07:21:18.310+0000] {dag.py:4180} INFO - Setting next_dagrun for steam_discount_prediction_dag to 2026-09-07 00:00:00+00:00, run_after=2026-09-08 00:00:00+00:00
[2026-09-07T07:21:18.327+0000] {processor.py:208} INFO - Processing /opt/airflow/dags/ml_04_steam_discount_prediction.py took 1.552 seconds
[2026-09-07T07:21:48.715+0000] {processor.py:186} INFO - Started process (PID=6473) to work on /opt/airflow/dags/ml_04_steam_discount_prediction.py
[2026-09-07T07:21:48.716+0000] {processor.py:914} INFO - Processing file /opt/airflow/dags/ml_04_steam_discount_prediction.py for tasks to queue
[2026-09-07T07:21:48.717+0000] {logging_mixin.py:190} INFO - [2026-09-07T07:21:48.717+0000] {dagbag.py:588} INFO - Filling up the DagBag from /opt/airflow/dags/ml_04_steam_discount_prediction.py
[2026-09-07T07:21:50.106+0000] {processor.py:925} INFO - DAG(s) 'steam_discount_prediction_dag' retrieved from /opt/airflow/dags/ml_04_steam_discount_prediction.py
[2026-09-07T07:21:50.132+0000] {logging_mixin.py:190} INFO - [2026-09-07T07:21:50.132+0000] {dag.py:3239} INFO - Sync 1 DAGs
[2026-09-07T07:21:50.153+0000] {logging_mixin.py:190} INFO - [2026-09-07T07:21:50.153+0000] {dag.py:4180} INFO - Setting next_dagrun for steam_discount_prediction_dag to 2026-09-07 00:00:00+00:00, run_after=2026-09-08 00:00:00+00:00
[2026-09-07T07:21:50.177+0000] {processor.py:208} INFO - Processing /opt/airflow/dags/ml_04_steam_discount_prediction.py took 1.468 seconds
[2026-09-07T07:22:20.590+0000] {processor.py:186} INFO - Started process (PID=6504) to work on /opt/airflow/dags/ml_04_steam_discount_prediction.py
[2026-09-07T07:22:20.590+0000] {processor.py:914} INFO - Processing file /opt/airflow/dags/ml_04_steam_discount_prediction.py for tasks to queue
[2026-09-07T07:22:20.592+0000] {logging_mixin.py:190} INFO - [2026-09-07T07:22:20.591+0000] {dagbag.py:588} INFO - Filling up the DagBag from /opt/airflow/dags/ml_04_steam_discount_prediction.py
[2026-09-07T07:22:22.078+0000] {processor.py:925} INFO - DAG(s) 'steam_discount_prediction_dag' retrieved from /opt/airflow/dags/ml_04_steam_discount_prediction.py
[2026-09-07T07:22:22.102+0000] {logging_mixin.py:190} INFO - [2026-09-07T07:22:22.102+0000] {dag.py:3239} INFO - Sync 1 DAGs
[2026-09-07T07:22:22.124+0000] {logging_mixin.py:190} INFO - [2026-09-07T07:22:22.124+0000] {dag.py:4180} INFO - Setting next_dagrun for steam_discount_prediction_dag to 2026-09-07 00:00:00+00:00, run_after=2026-09-08 00:00:00+00:00
[2026-09-07T07:22:22.144+0000] {processor.py:208} INFO - Processing /opt/airflow/dags/ml_04_steam_discount_prediction.py took 1.560 seconds
[2026-09-07T07:22:52.862+0000] {processor.py:186} INFO - Started process (PID=6535) to work on /opt/airflow/dags/ml_04_steam_discount_prediction.py
[2026-09-07T07:22:52.863+0000] {processor.py:914} INFO - Processing file /opt/airflow/dags/ml_04_steam_discount_prediction.py for tasks to queue
[2026-09-07T07:22:52.864+0000] {logging_mixin.py:190} INFO - [2026-09-07T07:22:52.864+0000] {dagbag.py:588} INFO - Filling up the DagBag from /opt/airflow/dags/ml_04_steam_discount_prediction.py
[2026-09-07T07:22:54.494+0000] {processor.py:925} INFO - DAG(s) 'steam_discount_prediction_dag' retrieved from /opt/airflow/dags/ml_04_steam_discount_prediction.py
[2026-09-07T07:22:54.521+0000] {logging_mixin.py:190} INFO - [2026-09-07T07:22:54.520+0000] {dag.py:3239} INFO - Sync 1 DAGs
[2026-09-07T07:22:54.545+0000] {logging_mixin.py:190} INFO - [2026-09-07T07:22:54.545+0000] {dag.py:4180} INFO - Setting next_dagrun for steam_discount_prediction_dag to 2026-09-07 00:00:00+00:00, run_after=2026-09-08 00:00:00+00:00
[2026-09-07T07:22:54.563+0000] {processor.py:208} INFO - Processing /opt/airflow/dags/ml_04_steam_discount_prediction.py took 1.707 seconds
[2026-09-07T07:23:25.310+0000] {processor.py:186} INFO - Started process (PID=6566) to work on /opt/airflow/dags/ml_04_steam_discount_prediction.py
[2026-09-07T07:23:25.311+0000] {processor.py:914} INFO - Processing file /opt/airflow/dags/ml_04_steam_discount_prediction.py for tasks to queue
[2026-09-07T07:23:25.312+0000] {logging_mixin.py:190} INFO - [2026-09-07T07:23:25.311+0000] {dagbag.py:588} INFO - Filling up the DagBag from /opt/airflow/dags/ml_04_steam_discount_prediction.py
[2026-09-07T07:23:26.637+0000] {processor.py:925} INFO - DAG(s) 'steam_discount_prediction_dag' retrieved from /opt/airflow/dags/ml_04_steam_discount_prediction.py
[2026-09-07T07:23:26.659+0000] {logging_mixin.py:190} INFO - [2026-09-07T07:23:26.658+0000] {dag.py:3239} INFO - Sync 1 DAGs
[2026-09-07T07:23:26.676+0000] {logging_mixin.py:190} INFO - [2026-09-07T07:23:26.676+0000] {dag.py:4180} INFO - Setting next_dagrun for steam_discount_prediction_dag to 2026-09-07 00:00:00+00:00, run_after=2026-09-08 00:00:00+00:00
[2026-09-07T07:23:26.691+0000] {processor.py:208} INFO - Processing /opt/airflow/dags/ml_04_steam_discount_prediction.py took 1.387 seconds
[2026-09-07T07:23:57.091+0000] {processor.py:186} INFO - Started process (PID=6597) to work on /opt/airflow/dags/ml_04_steam_discount_prediction.py
[2026-09-07T07:23:57.092+0000] {processor.py:914} INFO - Processing file /opt/airflow/dags/ml_04_steam_discount_prediction.py for tasks to queue
[2026-09-07T07:23:57.093+0000] {logging_mixin.py:190} INFO - [2026-09-07T07:23:57.093+0000] {dagbag.py:588} INFO - Filling up the DagBag from /opt/airflow/dags/ml_04_steam_discount_prediction.py
[2026-09-07T07:23:59.004+0000] {processor.py:925} INFO - DAG(s) 'steam_discount_prediction_dag' retrieved from /opt/airflow/dags/ml_04_steam_discount_prediction.py
[2026-09-07T07:23:59.034+0000] {logging_mixin.py:190} INFO - [2026-09-07T07:23:59.033+0000] {dag.py:3239} INFO - Sync 1 DAGs
[2026-09-07T07:23:59.060+0000] {logging_mixin.py:190} INFO - [2026-09-07T07:23:59.060+0000] {dag.py:4180} INFO - Setting next_dagrun for steam_discount_prediction_dag to 2026-09-07 00:00:00+00:00, run_after=2026-09-08 00:00:00+00:00
[2026-09-07T07:23:59.083+0000] {processor.py:208} INFO - Processing /opt/airflow/dags/ml_04_steam_discount_prediction.py took 1.999 seconds
[2026-09-07T07:24:29.235+0000] {processor.py:186} INFO - Started process (PID=6628) to work on /opt/airflow/dags/ml_04_steam_discount_prediction.py
[2026-09-07T07:24:29.236+0000] {processor.py:914} INFO - Processing file /opt/airflow/dags/ml_04_steam_discount_prediction.py for tasks to queue
[2026-09-07T07:24:29.238+0000] {logging_mixin.py:190} INFO - [2026-09-07T07:24:29.237+0000] {dagbag.py:588} INFO - Filling up the DagBag from /opt/airflow/dags/ml_04_steam_discount_prediction.py
[2026-09-07T07:24:31.207+0000] {processor.py:925} INFO - DAG(s) 'steam_discount_prediction_dag' retrieved from /opt/airflow/dags/ml_04_steam_discount_prediction.py
[2026-09-07T07:24:31.233+0000] {logging_mixin.py:190} INFO - [2026-09-07T07:24:31.232+0000] {dag.py:3239} INFO - Sync 1 DAGs
[2026-09-07T07:24:31.254+0000] {logging_mixin.py:190} INFO - [2026-09-07T07:24:31.253+0000] {dag.py:4180} INFO - Setting next_dagrun for steam_discount_prediction_dag to 2026-09-07 00:00:00+00:00, run_after=2026-09-08 00:00:00+00:00
[2026-09-07T07:24:31.271+0000] {processor.py:208} INFO - Processing /opt/airflow/dags/ml_04_steam_discount_prediction.py took 2.043 seconds
[2026-09-07T07:25:01.489+0000] {processor.py:186} INFO - Started process (PID=6663) to work on /opt/airflow/dags/ml_04_steam_discount_prediction.py
[2026-09-07T07:25:01.490+0000] {processor.py:914} INFO - Processing file /opt/airflow/dags/ml_04_steam_discount_prediction.py for tasks to queue
[2026-09-07T07:25:01.491+0000] {logging_mixin.py:190} INFO - [2026-09-07T07:25:01.491+0000] {dagbag.py:588} INFO - Filling up the DagBag from /opt/airflow/dags/ml_04_steam_discount_prediction.py
[2026-09-07T07:25:02.839+0000] {processor.py:925} INFO - DAG(s) 'steam_discount_prediction_dag' retrieved from /opt/airflow/dags/ml_04_steam_discount_prediction.py
[2026-09-07T07:25:02.861+0000] {logging_mixin.py:190} INFO - [2026-09-07T07:25:02.861+0000] {dag.py:3239} INFO - Sync 1 DAGs
[2026-09-07T07:25:02.881+0000] {logging_mixin.py:190} INFO - [2026-09-07T07:25:02.881+0000] {dag.py:4180} INFO - Setting next_dagrun for steam_discount_prediction_dag to 2026-09-07 00:00:00+00:00, run_after=2026-09-08 00:00:00+00:00
[2026-09-07T07:25:02.902+0000] {processor.py:208} INFO - Processing /opt/airflow/dags/ml_04_steam_discount_prediction.py took 1.418 seconds
[2026-09-07T07:25:33.103+0000] {processor.py:186} INFO - Started process (PID=6694) to work on /opt/airflow/dags/ml_04_steam_discount_prediction.py
[2026-09-07T07:25:33.104+0000] {processor.py:914} INFO - Processing file /opt/airflow/dags/ml_04_steam_discount_prediction.py for tasks to queue
[2026-09-07T07:25:33.107+0000] {logging_mixin.py:190} INFO - [2026-09-07T07:25:33.106+0000] {dagbag.py:588} INFO - Filling up the DagBag from /opt/airflow/dags/ml_04_steam_discount_prediction.py
[2026-09-07T07:25:34.535+0000] {processor.py:925} INFO - DAG(s) 'steam_discount_prediction_dag' retrieved from /opt/airflow/dags/ml_04_steam_discount_prediction.py
[2026-09-07T07:25:34.559+0000] {logging_mixin.py:190} INFO - [2026-09-07T07:25:34.558+0000] {dag.py:3239} INFO - Sync 1 DAGs
[2026-09-07T07:25:34.579+0000] {logging_mixin.py:190} INFO - [2026-09-07T07:25:34.579+0000] {dag.py:4180} INFO - Setting next_dagrun for steam_discount_prediction_dag to 2026-09-07 00:00:00+00:00, run_after=2026-09-08 00:00:00+00:00
[2026-09-07T07:25:34.598+0000] {processor.py:208} INFO - Processing /opt/airflow/dags/ml_04_steam_discount_prediction.py took 1.503 seconds
[2026-09-07T07:26:04.651+0000] {processor.py:186} INFO - Started process (PID=6731) to work on /opt/airflow/dags/ml_04_steam_discount_prediction.py
[2026-09-07T07:26:04.651+0000] {processor.py:914} INFO - Processing file /opt/airflow/dags/ml_04_steam_discount_prediction.py for tasks to queue
[2026-09-07T07:26:04.653+0000] {logging_mixin.py:190} INFO - [2026-09-07T07:26:04.652+0000] {dagbag.py:588} INFO - Filling up the DagBag from /opt/airflow/dags/ml_04_steam_discount_prediction.py
[2026-09-07T07:26:05.924+0000] {processor.py:925} INFO - DAG(s) 'steam_discount_prediction_dag' retrieved from /opt/airflow/dags/ml_04_steam_discount_prediction.py
[2026-09-07T07:26:05.948+0000] {logging_mixin.py:190} INFO - [2026-09-07T07:26:05.947+0000] {dag.py:3239} INFO - Sync 1 DAGs
[2026-09-07T07:26:05.966+0000] {logging_mixin.py:190} INFO - [2026-09-07T07:26:05.966+0000] {dag.py:4180} INFO - Setting next_dagrun for steam_discount_prediction_dag to 2026-09-07 00:00:00+00:00, run_after=2026-09-08 00:00:00+00:00
[2026-09-07T07:26:05.982+0000] {processor.py:208} INFO - Processing /opt/airflow/dags/ml_04_steam_discount_prediction.py took 1.337 seconds
[2026-09-07T07:26:36.105+0000] {processor.py:186} INFO - Started process (PID=6762) to work on /opt/airflow/dags/ml_04_steam_discount_prediction.py
[2026-09-07T07:26:36.105+0000] {processor.py:914} INFO - Processing file /opt/airflow/dags/ml_04_steam_discount_prediction.py for tasks to queue
[2026-09-07T07:26:36.107+0000] {logging_mixin.py:190} INFO - [2026-09-07T07:26:36.106+0000] {dagbag.py:588} INFO - Filling up the DagBag from /opt/airflow/dags/ml_04_steam_discount_prediction.py
[2026-09-07T07:26:37.392+0000] {processor.py:925} INFO - DAG(s) 'steam_discount_prediction_dag' retrieved from /opt/airflow/dags/ml_04_steam_discount_prediction.py
[2026-09-07T07:26:37.419+0000] {logging_mixin.py:190} INFO - [2026-09-07T07:26:37.418+0000] {dag.py:3239} INFO - Sync 1 DAGs
[2026-09-07T07:26:37.439+0000] {logging_mixin.py:190} INFO - [2026-09-07T07:26:37.439+0000] {dag.py:4180} INFO - Setting next_dagrun for steam_discount_prediction_dag to 2026-09-07 00:00:00+00:00, run_after=2026-09-08 00:00:00+00:00
[2026-09-07T07:26:37.456+0000] {processor.py:208} INFO - Processing /opt/airflow/dags/ml_04_steam_discount_prediction.py took 1.358 seconds
[2026-09-07T07:27:07.544+0000] {processor.py:186} INFO - Started process (PID=6793) to work on /opt/airflow/dags/ml_04_steam_discount_prediction.py
[2026-09-07T07:27:07.544+0000] {processor.py:914} INFO - Processing file /opt/airflow/dags/ml_04_steam_discount_prediction.py for tasks to queue
[2026-09-07T07:27:07.545+0000] {logging_mixin.py:190} INFO - [2026-09-07T07:27:07.545+0000] {dagbag.py:588} INFO - Filling up the DagBag from /opt/airflow/dags/ml_04_steam_discount_prediction.py
[2026-09-07T07:27:08.772+0000] {processor.py:925} INFO - DAG(s) 'steam_discount_prediction_dag' retrieved from /opt/airflow/dags/ml_04_steam_discount_prediction.py
[2026-09-07T07:27:08.796+0000] {logging_mixin.py:190} INFO - [2026-09-07T07:27:08.795+0000] {dag.py:3239} INFO - Sync 1 DAGs
[2026-09-07T07:27:08.813+0000] {logging_mixin.py:190} INFO - [2026-09-07T07:27:08.813+0000] {dag.py:4180} INFO - Setting next_dagrun for steam_discount_prediction_dag to 2026-09-07 00:00:00+00:00, run_after=2026-09-08 00:00:00+00:00
[2026-09-07T07:27:08.830+0000] {processor.py:208} INFO - Processing /opt/airflow/dags/ml_04_steam_discount_prediction.py took 1.293 seconds
[2026-09-07T07:27:39.419+0000] {processor.py:186} INFO - Started process (PID=6824) to work on /opt/airflow/dags/ml_04_steam_discount_prediction.py
[2026-09-07T07:27:39.420+0000] {processor.py:914} INFO - Processing file /opt/airflow/dags/ml_04_steam_discount_prediction.py for tasks to queue
[2026-09-07T07:27:39.421+0000] {logging_mixin.py:190} INFO - [2026-09-07T07:27:39.421+0000] {dagbag.py:588} INFO - Filling up the DagBag from /opt/airflow/dags/ml_04_steam_discount_prediction.py
[2026-09-07T07:27:40.958+0000] {processor.py:925} INFO - DAG(s) 'steam_discount_prediction_dag' retrieved from /opt/airflow/dags/ml_04_steam_discount_prediction.py
[2026-09-07T07:27:40.986+0000] {logging_mixin.py:190} INFO - [2026-09-07T07:27:40.986+0000] {dag.py:3239} INFO - Sync 1 DAGs
[2026-09-07T07:27:41.008+0000] {logging_mixin.py:190} INFO - [2026-09-07T07:27:41.007+0000] {dag.py:4180} INFO - Setting next_dagrun for steam_discount_prediction_dag to 2026-09-07 00:00:00+00:00, run_after=2026-09-08 00:00:00+00:00
[2026-09-07T07:27:41.030+0000] {processor.py:208} INFO - Processing /opt/airflow/dags/ml_04_steam_discount_prediction.py took 1.620 seconds
[2026-09-07T07:28:11.287+0000] {processor.py:186} INFO - Started process (PID=6855) to work on /opt/airflow/dags/ml_04_steam_discount_prediction.py
[2026-09-07T07:28:11.287+0000] {processor.py:914} INFO - Processing file /opt/airflow/dags/ml_04_steam_discount_prediction.py for tasks to queue
[2026-09-07T07:28:11.289+0000] {logging_mixin.py:190} INFO - [2026-09-07T07:28:11.289+0000] {dagbag.py:588} INFO - Filling up the DagBag from /opt/airflow/dags/ml_04_steam_discount_prediction.py
[2026-09-07T07:28:12.626+0000] {processor.py:925} INFO - DAG(s) 'steam_discount_prediction_dag' retrieved from /opt/airflow/dags/ml_04_steam_discount_prediction.py
[2026-09-07T07:28:12.651+0000] {logging_mixin.py:190} INFO - [2026-09-07T07:28:12.650+0000] {dag.py:3239} INFO - Sync 1 DAGs
[2026-09-07T07:28:12.671+0000] {logging_mixin.py:190} INFO - [2026-09-07T07:28:12.670+0000] {dag.py:4180} INFO - Setting next_dagrun for steam_discount_prediction_dag to 2026-09-07 00:00:00+00:00, run_after=2026-09-08 00:00:00+00:00
[2026-09-07T07:28:12.688+0000] {processor.py:208} INFO - Processing /opt/airflow/dags/ml_04_steam_discount_prediction.py took 1.409 seconds
[2026-09-07T07:28:43.551+0000] {processor.py:186} INFO - Started process (PID=6892) to work on /opt/airflow/dags/ml_04_steam_discount_prediction.py
[2026-09-07T07:28:43.552+0000] {processor.py:914} INFO - Processing file /opt/airflow/dags/ml_04_steam_discount_prediction.py for tasks to queue
[2026-09-07T07:28:43.553+0000] {logging_mixin.py:190} INFO - [2026-09-07T07:28:43.553+0000] {dagbag.py:588} INFO - Filling up the DagBag from /opt/airflow/dags/ml_04_steam_discount_prediction.py
[2026-09-07T07:28:44.940+0000] {processor.py:925} INFO - DAG(s) 'steam_discount_prediction_dag' retrieved from /opt/airflow/dags/ml_04_steam_discount_prediction.py
[2026-09-07T07:28:44.971+0000] {logging_mixin.py:190} INFO - [2026-09-07T07:28:44.970+0000] {dag.py:3239} INFO - Sync 1 DAGs
[2026-09-07T07:28:44.992+0000] {logging_mixin.py:190} INFO - [2026-09-07T07:28:44.992+0000] {dag.py:4180} INFO - Setting next_dagrun for steam_discount_prediction_dag to 2026-09-07 00:00:00+00:00, run_after=2026-09-08 00:00:00+00:00
[2026-09-07T07:28:45.012+0000] {processor.py:208} INFO - Processing /opt/airflow/dags/ml_04_steam_discount_prediction.py took 1.469 seconds
[2026-09-07T07:29:15.905+0000] {processor.py:186} INFO - Started process (PID=6923) to work on /opt/airflow/dags/ml_04_steam_discount_prediction.py
[2026-09-07T07:29:15.905+0000] {processor.py:914} INFO - Processing file /opt/airflow/dags/ml_04_steam_discount_prediction.py for tasks to queue
[2026-09-07T07:29:15.907+0000] {logging_mixin.py:190} INFO - [2026-09-07T07:29:15.906+0000] {dagbag.py:588} INFO - Filling up the DagBag from /opt/airflow/dags/ml_04_steam_discount_prediction.py
[2026-09-07T07:29:17.208+0000] {processor.py:925} INFO - DAG(s) 'steam_discount_prediction_dag' retrieved from /opt/airflow/dags/ml_04_steam_discount_prediction.py
[2026-09-07T07:29:17.232+0000] {logging_mixin.py:190} INFO - [2026-09-07T07:29:17.231+0000] {dag.py:3239} INFO - Sync 1 DAGs
[2026-09-07T07:29:17.252+0000] {logging_mixin.py:190} INFO - [2026-09-07T07:29:17.251+0000] {dag.py:4180} INFO - Setting next_dagrun for steam_discount_prediction_dag to 2026-09-07 00:00:00+00:00, run_after=2026-09-08 00:00:00+00:00
[2026-09-07T07:29:17.269+0000] {processor.py:208} INFO - Processing /opt/airflow/dags/ml_04_steam_discount_prediction.py took 1.370 seconds
[2026-09-07T07:29:48.234+0000] {processor.py:186} INFO - Started process (PID=6954) to work on /opt/airflow/dags/ml_04_steam_discount_prediction.py
[2026-09-07T07:29:48.235+0000] {processor.py:914} INFO - Processing file /opt/airflow/dags/ml_04_steam_discount_prediction.py for tasks to queue
[2026-09-07T07:29:48.237+0000] {logging_mixin.py:190} INFO - [2026-09-07T07:29:48.236+0000] {dagbag.py:588} INFO - Filling up the DagBag from /opt/airflow/dags/ml_04_steam_discount_prediction.py
[2026-09-07T07:29:49.584+0000] {processor.py:925} INFO - DAG(s) 'steam_discount_prediction_dag' retrieved from /opt/airflow/dags/ml_04_steam_discount_prediction.py
[2026-09-07T07:29:49.608+0000] {logging_mixin.py:190} INFO - [2026-09-07T07:29:49.607+0000] {dag.py:3239} INFO - Sync 1 DAGs
[2026-09-07T07:29:49.630+0000] {logging_mixin.py:190} INFO - [2026-09-07T07:29:49.630+0000] {dag.py:4180} INFO - Setting next_dagrun for steam_discount_prediction_dag to 2026-09-07 00:00:00+00:00, run_after=2026-09-08 00:00:00+00:00
[2026-09-07T07:29:49.652+0000] {processor.py:208} INFO - Processing /opt/airflow/dags/ml_04_steam_discount_prediction.py took 1.423 seconds
[2026-09-07T07:30:20.363+0000] {processor.py:186} INFO - Started process (PID=6985) to work on /opt/airflow/dags/ml_04_steam_discount_prediction.py
[2026-09-07T07:30:20.364+0000] {processor.py:914} INFO - Processing file /opt/airflow/dags/ml_04_steam_discount_prediction.py for tasks to queue
[2026-09-07T07:30:20.366+0000] {logging_mixin.py:190} INFO - [2026-09-07T07:30:20.365+0000] {dagbag.py:588} INFO - Filling up the DagBag from /opt/airflow/dags/ml_04_steam_discount_prediction.py
[2026-09-07T07:30:21.698+0000] {processor.py:925} INFO - DAG(s) 'steam_discount_prediction_dag' retrieved from /opt/airflow/dags/ml_04_steam_discount_prediction.py
[2026-09-07T07:30:21.722+0000] {logging_mixin.py:190} INFO - [2026-09-07T07:30:21.721+0000] {dag.py:3239} INFO - Sync 1 DAGs
[2026-09-07T07:30:21.743+0000] {logging_mixin.py:190} INFO - [2026-09-07T07:30:21.742+0000] {dag.py:4180} INFO - Setting next_dagrun for steam_discount_prediction_dag to 2026-09-07 00:00:00+00:00, run_after=2026-09-08 00:00:00+00:00
[2026-09-07T07:30:21.759+0000] {processor.py:208} INFO - Processing /opt/airflow/dags/ml_04_steam_discount_prediction.py took 1.402 seconds
[2026-09-07T07:30:52.646+0000] {processor.py:186} INFO - Started process (PID=7016) to work on /opt/airflow/dags/ml_04_steam_discount_prediction.py
[2026-09-07T07:30:52.647+0000] {processor.py:914} INFO - Processing file /opt/airflow/dags/ml_04_steam_discount_prediction.py for tasks to queue
[2026-09-07T07:30:52.649+0000] {logging_mixin.py:190} INFO - [2026-09-07T07:30:52.649+0000] {dagbag.py:588} INFO - Filling up the DagBag from /opt/airflow/dags/ml_04_steam_discount_prediction.py
[2026-09-07T07:30:53.979+0000] {processor.py:925} INFO - DAG(s) 'steam_discount_prediction_dag' retrieved from /opt/airflow/dags/ml_04_steam_discount_prediction.py
[2026-09-07T07:30:54.005+0000] {logging_mixin.py:190} INFO - [2026-09-07T07:30:54.005+0000] {dag.py:3239} INFO - Sync 1 DAGs
[2026-09-07T07:30:54.025+0000] {logging_mixin.py:190} INFO - [2026-09-07T07:30:54.024+0000] {dag.py:4180} INFO - Setting next_dagrun for steam_discount_prediction_dag to 2026-09-07 00:00:00+00:00, run_after=2026-09-08 00:00:00+00:00
[2026-09-07T07:30:54.042+0000] {processor.py:208} INFO - Processing /opt/airflow/dags/ml_04_steam_discount_prediction.py took 1.402 seconds
[2026-09-07T07:31:24.898+0000] {processor.py:186} INFO - Started process (PID=7047) to work on /opt/airflow/dags/ml_04_steam_discount_prediction.py
[2026-09-07T07:31:24.899+0000] {processor.py:914} INFO - Processing file /opt/airflow/dags/ml_04_steam_discount_prediction.py for tasks to queue
[2026-09-07T07:31:24.901+0000] {logging_mixin.py:190} INFO - [2026-09-07T07:31:24.900+0000] {dagbag.py:588} INFO - Filling up the DagBag from /opt/airflow/dags/ml_04_steam_discount_prediction.py
[2026-09-07T07:31:26.215+0000] {processor.py:925} INFO - DAG(s) 'steam_discount_prediction_dag' retrieved from /opt/airflow/dags/ml_04_steam_discount_prediction.py
[2026-09-07T07:31:26.239+0000] {logging_mixin.py:190} INFO - [2026-09-07T07:31:26.239+0000] {dag.py:3239} INFO - Sync 1 DAGs
[2026-09-07T07:31:26.264+0000] {logging_mixin.py:190} INFO - [2026-09-07T07:31:26.263+0000] {dag.py:4180} INFO - Setting next_dagrun for steam_discount_prediction_dag to 2026-09-07 00:00:00+00:00, run_after=2026-09-08 00:00:00+00:00
[2026-09-07T07:31:26.284+0000] {processor.py:208} INFO - Processing /opt/airflow/dags/ml_04_steam_discount_prediction.py took 1.393 seconds
[2026-09-07T07:31:56.346+0000] {processor.py:186} INFO - Started process (PID=7078) to work on /opt/airflow/dags/ml_04_steam_discount_prediction.py
[2026-09-07T07:31:56.347+0000] {processor.py:914} INFO - Processing file /opt/airflow/dags/ml_04_steam_discount_prediction.py for tasks to queue
[2026-09-07T07:31:56.348+0000] {logging_mixin.py:190} INFO - [2026-09-07T07:31:56.348+0000] {dagbag.py:588} INFO - Filling up the DagBag from /opt/airflow/dags/ml_04_steam_discount_prediction.py
[2026-09-07T07:31:57.653+0000] {processor.py:925} INFO - DAG(s) 'steam_discount_prediction_dag' retrieved from /opt/airflow/dags/ml_04_steam_discount_prediction.py
[2026-09-07T07:31:57.680+0000] {logging_mixin.py:190} INFO - [2026-09-07T07:31:57.679+0000] {dag.py:3239} INFO - Sync 1 DAGs
[2026-09-07T07:31:57.701+0000] {logging_mixin.py:190} INFO - [2026-09-07T07:31:57.701+0000] {dag.py:4180} INFO - Setting next_dagrun for steam_discount_prediction_dag to 2026-09-07 00:00:00+00:00, run_after=2026-09-08 00:00:00+00:00
[2026-09-07T07:31:57.723+0000] {processor.py:208} INFO - Processing /opt/airflow/dags/ml_04_steam_discount_prediction.py took 1.383 seconds
[2026-09-07T07:32:28.611+0000] {processor.py:186} INFO - Started process (PID=7110) to work on /opt/airflow/dags/ml_04_steam_discount_prediction.py
[2026-09-07T07:32:28.612+0000] {processor.py:914} INFO - Processing file /opt/airflow/dags/ml_04_steam_discount_prediction.py for tasks to queue
[2026-09-07T07:32:28.614+0000] {logging_mixin.py:190} INFO - [2026-09-07T07:32:28.613+0000] {dagbag.py:588} INFO - Filling up the DagBag from /opt/airflow/dags/ml_04_steam_discount_prediction.py
[2026-09-07T07:32:30.005+0000] {processor.py:925} INFO - DAG(s) 'steam_discount_prediction_dag' retrieved from /opt/airflow/dags/ml_04_steam_discount_prediction.py
[2026-09-07T07:32:30.034+0000] {logging_mixin.py:190} INFO - [2026-09-07T07:32:30.033+0000] {dag.py:3239} INFO - Sync 1 DAGs
[2026-09-07T07:32:30.057+0000] {logging_mixin.py:190} INFO - [2026-09-07T07:32:30.057+0000] {dag.py:4180} INFO - Setting next_dagrun for steam_discount_prediction_dag to 2026-09-07 00:00:00+00:00, run_after=2026-09-08 00:00:00+00:00
[2026-09-07T07:32:30.079+0000] {processor.py:208} INFO - Processing /opt/airflow/dags/ml_04_steam_discount_prediction.py took 1.474 seconds
[2026-09-07T07:33:01.007+0000] {processor.py:186} INFO - Started process (PID=7141) to work on /opt/airflow/dags/ml_04_steam_discount_prediction.py
[2026-09-07T07:33:01.008+0000] {processor.py:914} INFO - Processing file /opt/airflow/dags/ml_04_steam_discount_prediction.py for tasks to queue
[2026-09-07T07:33:01.009+0000] {logging_mixin.py:190} INFO - [2026-09-07T07:33:01.009+0000] {dagbag.py:588} INFO - Filling up the DagBag from /opt/airflow/dags/ml_04_steam_discount_prediction.py
[2026-09-07T07:33:02.353+0000] {processor.py:925} INFO - DAG(s) 'steam_discount_prediction_dag' retrieved from /opt/airflow/dags/ml_04_steam_discount_prediction.py
[2026-09-07T07:33:02.378+0000] {logging_mixin.py:190} INFO - [2026-09-07T07:33:02.377+0000] {dag.py:3239} INFO - Sync 1 DAGs
[2026-09-07T07:33:02.396+0000] {logging_mixin.py:190} INFO - [2026-09-07T07:33:02.396+0000] {dag.py:4180} INFO - Setting next_dagrun for steam_discount_prediction_dag to 2026-09-07 00:00:00+00:00, run_after=2026-09-08 00:00:00+00:00
[2026-09-07T07:33:02.414+0000] {processor.py:208} INFO - Processing /opt/airflow/dags/ml_04_steam_discount_prediction.py took 1.414 seconds
[2026-09-07T07:33:33.444+0000] {processor.py:186} INFO - Started process (PID=7172) to work on /opt/airflow/dags/ml_04_steam_discount_prediction.py
[2026-09-07T07:33:33.445+0000] {processor.py:914} INFO - Processing file /opt/airflow/dags/ml_04_steam_discount_prediction.py for tasks to queue
[2026-09-07T07:33:33.446+0000] {logging_mixin.py:190} INFO - [2026-09-07T07:33:33.446+0000] {dagbag.py:588} INFO - Filling up the DagBag from /opt/airflow/dags/ml_04_steam_discount_prediction.py
[2026-09-07T07:33:34.872+0000] {processor.py:925} INFO - DAG(s) 'steam_discount_prediction_dag' retrieved from /opt/airflow/dags/ml_04_steam_discount_prediction.py
[2026-09-07T07:33:34.901+0000] {logging_mixin.py:190} INFO - [2026-09-07T07:33:34.900+0000] {dag.py:3239} INFO - Sync 1 DAGs
[2026-09-07T07:33:34.925+0000] {logging_mixin.py:190} INFO - [2026-09-07T07:33:34.925+0000] {dag.py:4180} INFO - Setting next_dagrun for steam_discount_prediction_dag to 2026-09-07 00:00:00+00:00, run_after=2026-09-08 00:00:00+00:00
[2026-09-07T07:33:34.944+0000] {processor.py:208} INFO - Processing /opt/airflow/dags/ml_04_steam_discount_prediction.py took 1.507 seconds
[2026-09-07T07:34:05.684+0000] {processor.py:186} INFO - Started process (PID=7203) to work on /opt/airflow/dags/ml_04_steam_discount_prediction.py
[2026-09-07T07:34:05.685+0000] {processor.py:914} INFO - Processing file /opt/airflow/dags/ml_04_steam_discount_prediction.py for tasks to queue
[2026-09-07T07:34:05.686+0000] {logging_mixin.py:190} INFO - [2026-09-07T07:34:05.686+0000] {dagbag.py:588} INFO - Filling up the DagBag from /opt/airflow/dags/ml_04_steam_discount_prediction.py
[2026-09-07T07:34:06.979+0000] {processor.py:925} INFO - DAG(s) 'steam_discount_prediction_dag' retrieved from /opt/airflow/dags/ml_04_steam_discount_prediction.py
[2026-09-07T07:34:07.004+0000] {logging_mixin.py:190} INFO - [2026-09-07T07:34:07.003+0000] {dag.py:3239} INFO - Sync 1 DAGs
[2026-09-07T07:34:07.024+0000] {logging_mixin.py:190} INFO - [2026-09-07T07:34:07.023+0000] {dag.py:4180} INFO - Setting next_dagrun for steam_discount_prediction_dag to 2026-09-07 00:00:00+00:00, run_after=2026-09-08 00:00:00+00:00
[2026-09-07T07:34:07.043+0000] {processor.py:208} INFO - Processing /opt/airflow/dags/ml_04_steam_discount_prediction.py took 1.365 seconds
[2026-09-07T07:34:37.956+0000] {processor.py:186} INFO - Started process (PID=7234) to work on /opt/airflow/dags/ml_04_steam_discount_prediction.py
[2026-09-07T07:34:37.956+0000] {processor.py:914} INFO - Processing file /opt/airflow/dags/ml_04_steam_discount_prediction.py for tasks to queue
[2026-09-07T07:34:37.958+0000] {logging_mixin.py:190} INFO - [2026-09-07T07:34:37.957+0000] {dagbag.py:588} INFO - Filling up the DagBag from /opt/airflow/dags/ml_04_steam_discount_prediction.py
[2026-09-07T07:34:39.391+0000] {processor.py:925} INFO - DAG(s) 'steam_discount_prediction_dag' retrieved from /opt/airflow/dags/ml_04_steam_discount_prediction.py
[2026-09-07T07:34:39.416+0000] {logging_mixin.py:190} INFO - [2026-09-07T07:34:39.415+0000] {dag.py:3239} INFO - Sync 1 DAGs
[2026-09-07T07:34:39.434+0000] {logging_mixin.py:190} INFO - [2026-09-07T07:34:39.434+0000] {dag.py:4180} INFO - Setting next_dagrun for steam_discount_prediction_dag to 2026-09-07 00:00:00+00:00, run_after=2026-09-08 00:00:00+00:00
[2026-09-07T07:34:39.452+0000] {processor.py:208} INFO - Processing /opt/airflow/dags/ml_04_steam_discount_prediction.py took 1.502 seconds
[2026-09-07T07:35:09.612+0000] {processor.py:186} INFO - Started process (PID=7269) to work on /opt/airflow/dags/ml_04_steam_discount_prediction.py
[2026-09-07T07:35:09.613+0000] {processor.py:914} INFO - Processing file /opt/airflow/dags/ml_04_steam_discount_prediction.py for tasks to queue
[2026-09-07T07:35:09.614+0000] {logging_mixin.py:190} INFO - [2026-09-07T07:35:09.614+0000] {dagbag.py:588} INFO - Filling up the DagBag from /opt/airflow/dags/ml_04_steam_discount_prediction.py
[2026-09-07T07:35:10.934+0000] {processor.py:925} INFO - DAG(s) 'steam_discount_prediction_dag' retrieved from /opt/airflow/dags/ml_04_steam_discount_prediction.py
[2026-09-07T07:35:10.959+0000] {logging_mixin.py:190} INFO - [2026-09-07T07:35:10.958+0000] {dag.py:3239} INFO - Sync 1 DAGs
[2026-09-07T07:35:10.978+0000] {logging_mixin.py:190} INFO - [2026-09-07T07:35:10.978+0000] {dag.py:4180} INFO - Setting next_dagrun for steam_discount_prediction_dag to 2026-09-07 00:00:00+00:00, run_after=2026-09-08 00:00:00+00:00
[2026-09-07T07:35:10.996+0000] {processor.py:208} INFO - Processing /opt/airflow/dags/ml_04_steam_discount_prediction.py took 1.389 seconds
[2026-09-07T07:35:41.257+0000] {processor.py:186} INFO - Started process (PID=7300) to work on /opt/airflow/dags/ml_04_steam_discount_prediction.py
[2026-09-07T07:35:41.258+0000] {processor.py:914} INFO - Processing file /opt/airflow/dags/ml_04_steam_discount_prediction.py for tasks to queue
[2026-09-07T07:35:41.259+0000] {logging_mixin.py:190} INFO - [2026-09-07T07:35:41.259+0000] {dagbag.py:588} INFO - Filling up the DagBag from /opt/airflow/dags/ml_04_steam_discount_prediction.py
[2026-09-07T07:35:42.535+0000] {processor.py:925} INFO - DAG(s) 'steam_discount_prediction_dag' retrieved from /opt/airflow/dags/ml_04_steam_discount_prediction.py
[2026-09-07T07:35:42.561+0000] {logging_mixin.py:190} INFO - [2026-09-07T07:35:42.560+0000] {dag.py:3239} INFO - Sync 1 DAGs
[2026-09-07T07:35:42.581+0000] {logging_mixin.py:190} INFO - [2026-09-07T07:35:42.580+0000] {dag.py:4180} INFO - Setting next_dagrun for steam_discount_prediction_dag to 2026-09-07 00:00:00+00:00, run_after=2026-09-08 00:00:00+00:00
[2026-09-07T07:35:42.598+0000] {processor.py:208} INFO - Processing /opt/airflow/dags/ml_04_steam_discount_prediction.py took 1.347 seconds
[2026-09-07T07:36:12.838+0000] {processor.py:186} INFO - Started process (PID=7331) to work on /opt/airflow/dags/ml_04_steam_discount_prediction.py
[2026-09-07T07:36:12.839+0000] {processor.py:914} INFO - Processing file /opt/airflow/dags/ml_04_steam_discount_prediction.py for tasks to queue
[2026-09-07T07:36:12.841+0000] {logging_mixin.py:190} INFO - [2026-09-07T07:36:12.840+0000] {dagbag.py:588} INFO - Filling up the DagBag from /opt/airflow/dags/ml_04_steam_discount_prediction.py
[2026-09-07T07:36:14.113+0000] {processor.py:925} INFO - DAG(s) 'steam_discount_prediction_dag' retrieved from /opt/airflow/dags/ml_04_steam_discount_prediction.py
[2026-09-07T07:36:14.138+0000] {logging_mixin.py:190} INFO - [2026-09-07T07:36:14.137+0000] {dag.py:3239} INFO - Sync 1 DAGs
[2026-09-07T07:36:14.158+0000] {logging_mixin.py:190} INFO - [2026-09-07T07:36:14.157+0000] {dag.py:4180} INFO - Setting next_dagrun for steam_discount_prediction_dag to 2026-09-07 00:00:00+00:00, run_after=2026-09-08 00:00:00+00:00
[2026-09-07T07:36:14.174+0000] {processor.py:208} INFO - Processing /opt/airflow/dags/ml_04_steam_discount_prediction.py took 1.342 seconds
[2026-09-07T07:36:44.533+0000] {processor.py:186} INFO - Started process (PID=7362) to work on /opt/airflow/dags/ml_04_steam_discount_prediction.py
[2026-09-07T07:36:44.534+0000] {processor.py:914} INFO - Processing file /opt/airflow/dags/ml_04_steam_discount_prediction.py for tasks to queue
[2026-09-07T07:36:44.535+0000] {logging_mixin.py:190} INFO - [2026-09-07T07:36:44.535+0000] {dagbag.py:588} INFO - Filling up the DagBag from /opt/airflow/dags/ml_04_steam_discount_prediction.py
[2026-09-07T07:36:45.880+0000] {processor.py:925} INFO - DAG(s) 'steam_discount_prediction_dag' retrieved from /opt/airflow/dags/ml_04_steam_discount_prediction.py
[2026-09-07T07:36:45.907+0000] {logging_mixin.py:190} INFO - [2026-09-07T07:36:45.907+0000] {dag.py:3239} INFO - Sync 1 DAGs
[2026-09-07T07:36:45.928+0000] {logging_mixin.py:190} INFO - [2026-09-07T07:36:45.928+0000] {dag.py:4180} INFO - Setting next_dagrun for steam_discount_prediction_dag to 2026-09-07 00:00:00+00:00, run_after=2026-09-08 00:00:00+00:00
[2026-09-07T07:36:45.946+0000] {processor.py:208} INFO - Processing /opt/airflow/dags/ml_04_steam_discount_prediction.py took 1.419 seconds
[2026-09-07T07:37:16.198+0000] {processor.py:186} INFO - Started process (PID=7399) to work on /opt/airflow/dags/ml_04_steam_discount_prediction.py
[2026-09-07T07:37:16.199+0000] {processor.py:914} INFO - Processing file /opt/airflow/dags/ml_04_steam_discount_prediction.py for tasks to queue
[2026-09-07T07:37:16.200+0000] {logging_mixin.py:190} INFO - [2026-09-07T07:37:16.200+0000] {dagbag.py:588} INFO - Filling up the DagBag from /opt/airflow/dags/ml_04_steam_discount_prediction.py
[2026-09-07T07:37:17.472+0000] {processor.py:925} INFO - DAG(s) 'steam_discount_prediction_dag' retrieved from /opt/airflow/dags/ml_04_steam_discount_prediction.py
[2026-09-07T07:37:17.498+0000] {logging_mixin.py:190} INFO - [2026-09-07T07:37:17.497+0000] {dag.py:3239} INFO - Sync 1 DAGs
[2026-09-07T07:37:17.518+0000] {logging_mixin.py:190} INFO - [2026-09-07T07:37:17.518+0000] {dag.py:4180} INFO - Setting next_dagrun for steam_discount_prediction_dag to 2026-09-07 00:00:00+00:00, run_after=2026-09-08 00:00:00+00:00
[2026-09-07T07:37:17.536+0000] {processor.py:208} INFO - Processing /opt/airflow/dags/ml_04_steam_discount_prediction.py took 1.344 seconds
[2026-09-07T07:37:48.101+0000] {processor.py:186} INFO - Started process (PID=7430) to work on /opt/airflow/dags/ml_04_steam_discount_prediction.py
[2026-09-07T07:37:48.102+0000] {processor.py:914} INFO - Processing file /opt/airflow/dags/ml_04_steam_discount_prediction.py for tasks to queue
[2026-09-07T07:37:48.103+0000] {logging_mixin.py:190} INFO - [2026-09-07T07:37:48.103+0000] {dagbag.py:588} INFO - Filling up the DagBag from /opt/airflow/dags/ml_04_steam_discount_prediction.py
[2026-09-07T07:37:49.464+0000] {processor.py:925} INFO - DAG(s) 'steam_discount_prediction_dag' retrieved from /opt/airflow/dags/ml_04_steam_discount_prediction.py
[2026-09-07T07:37:49.489+0000] {logging_mixin.py:190} INFO - [2026-09-07T07:37:49.488+0000] {dag.py:3239} INFO - Sync 1 DAGs
[2026-09-07T07:37:49.507+0000] {logging_mixin.py:190} INFO - [2026-09-07T07:37:49.507+0000] {dag.py:4180} INFO - Setting next_dagrun for steam_discount_prediction_dag to 2026-09-07 00:00:00+00:00, run_after=2026-09-08 00:00:00+00:00
[2026-09-07T07:37:49.524+0000] {processor.py:208} INFO - Processing /opt/airflow/dags/ml_04_steam_discount_prediction.py took 1.429 seconds
[2026-09-07T07:38:19.821+0000] {processor.py:186} INFO - Started process (PID=7461) to work on /opt/airflow/dags/ml_04_steam_discount_prediction.py
[2026-09-07T07:38:19.822+0000] {processor.py:914} INFO - Processing file /opt/airflow/dags/ml_04_steam_discount_prediction.py for tasks to queue
[2026-09-07T07:38:19.823+0000] {logging_mixin.py:190} INFO - [2026-09-07T07:38:19.823+0000] {dagbag.py:588} INFO - Filling up the DagBag from /opt/airflow/dags/ml_04_steam_discount_prediction.py
[2026-09-07T07:38:21.129+0000] {processor.py:925} INFO - DAG(s) 'steam_discount_prediction_dag' retrieved from /opt/airflow/dags/ml_04_steam_discount_prediction.py
[2026-09-07T07:38:21.154+0000] {logging_mixin.py:190} INFO - [2026-09-07T07:38:21.154+0000] {dag.py:3239} INFO - Sync 1 DAGs
[2026-09-07T07:38:21.175+0000] {logging_mixin.py:190} INFO - [2026-09-07T07:38:21.175+0000] {dag.py:4180} INFO - Setting next_dagrun for steam_discount_prediction_dag to 2026-09-07 00:00:00+00:00, run_after=2026-09-08 00:00:00+00:00
[2026-09-07T07:38:21.194+0000] {processor.py:208} INFO - Processing /opt/airflow/dags/ml_04_steam_discount_prediction.py took 1.379 seconds
[2026-09-07T07:38:51.589+0000] {processor.py:186} INFO - Started process (PID=7492) to work on /opt/airflow/dags/ml_04_steam_discount_prediction.py
[2026-09-07T07:38:51.590+0000] {processor.py:914} INFO - Processing file /opt/airflow/dags/ml_04_steam_discount_prediction.py for tasks to queue
[2026-09-07T07:38:51.591+0000] {logging_mixin.py:190} INFO - [2026-09-07T07:38:51.591+0000] {dagbag.py:588} INFO - Filling up the DagBag from /opt/airflow/dags/ml_04_steam_discount_prediction.py
[2026-09-07T07:38:52.864+0000] {processor.py:925} INFO - DAG(s) 'steam_discount_prediction_dag' retrieved from /opt/airflow/dags/ml_04_steam_discount_prediction.py
[2026-09-07T07:38:52.892+0000] {logging_mixin.py:190} INFO - [2026-09-07T07:38:52.891+0000] {dag.py:3239} INFO - Sync 1 DAGs
[2026-09-07T07:38:52.917+0000] {logging_mixin.py:190} INFO - [2026-09-07T07:38:52.917+0000] {dag.py:4180} INFO - Setting next_dagrun for steam_discount_prediction_dag to 2026-09-07 00:00:00+00:00, run_after=2026-09-08 00:00:00+00:00
[2026-09-07T07:38:52.933+0000] {processor.py:208} INFO - Processing /opt/airflow/dags/ml_04_steam_discount_prediction.py took 1.350 seconds
[2026-09-07T07:39:23.386+0000] {processor.py:186} INFO - Started process (PID=7523) to work on /opt/airflow/dags/ml_04_steam_discount_prediction.py
[2026-09-07T07:39:23.386+0000] {processor.py:914} INFO - Processing file /opt/airflow/dags/ml_04_steam_discount_prediction.py for tasks to queue
[2026-09-07T07:39:23.388+0000] {logging_mixin.py:190} INFO - [2026-09-07T07:39:23.387+0000] {dagbag.py:588} INFO - Filling up the DagBag from /opt/airflow/dags/ml_04_steam_discount_prediction.py
[2026-09-07T07:39:24.663+0000] {processor.py:925} INFO - DAG(s) 'steam_discount_prediction_dag' retrieved from /opt/airflow/dags/ml_04_steam_discount_prediction.py
[2026-09-07T07:39:24.689+0000] {logging_mixin.py:190} INFO - [2026-09-07T07:39:24.688+0000] {dag.py:3239} INFO - Sync 1 DAGs
[2026-09-07T07:39:24.710+0000] {logging_mixin.py:190} INFO - [2026-09-07T07:39:24.710+0000] {dag.py:4180} INFO - Setting next_dagrun for steam_discount_prediction_dag to 2026-09-07 00:00:00+00:00, run_after=2026-09-08 00:00:00+00:00
[2026-09-07T07:39:24.728+0000] {processor.py:208} INFO - Processing /opt/airflow/dags/ml_04_steam_discount_prediction.py took 1.348 seconds
[2026-09-07T07:39:55.216+0000] {processor.py:186} INFO - Started process (PID=7554) to work on /opt/airflow/dags/ml_04_steam_discount_prediction.py
[2026-09-07T07:39:55.217+0000] {processor.py:914} INFO - Processing file /opt/airflow/dags/ml_04_steam_discount_prediction.py for tasks to queue
[2026-09-07T07:39:55.219+0000] {logging_mixin.py:190} INFO - [2026-09-07T07:39:55.219+0000] {dagbag.py:588} INFO - Filling up the DagBag from /opt/airflow/dags/ml_04_steam_discount_prediction.py
[2026-09-07T07:39:56.523+0000] {processor.py:925} INFO - DAG(s) 'steam_discount_prediction_dag' retrieved from /opt/airflow/dags/ml_04_steam_discount_prediction.py
[2026-09-07T07:39:56.547+0000] {logging_mixin.py:190} INFO - [2026-09-07T07:39:56.547+0000] {dag.py:3239} INFO - Sync 1 DAGs
[2026-09-07T07:39:56.566+0000] {logging_mixin.py:190} INFO - [2026-09-07T07:39:56.566+0000] {dag.py:4180} INFO - Setting next_dagrun for steam_discount_prediction_dag to 2026-09-07 00:00:00+00:00, run_after=2026-09-08 00:00:00+00:00
[2026-09-07T07:39:56.585+0000] {processor.py:208} INFO - Processing /opt/airflow/dags/ml_04_steam_discount_prediction.py took 1.376 seconds
[2026-09-07T07:40:27.066+0000] {processor.py:186} INFO - Started process (PID=7585) to work on /opt/airflow/dags/ml_04_steam_discount_prediction.py
[2026-09-07T07:40:27.067+0000] {processor.py:914} INFO - Processing file /opt/airflow/dags/ml_04_steam_discount_prediction.py for tasks to queue
[2026-09-07T07:40:27.069+0000] {logging_mixin.py:190} INFO - [2026-09-07T07:40:27.069+0000] {dagbag.py:588} INFO - Filling up the DagBag from /opt/airflow/dags/ml_04_steam_discount_prediction.py
[2026-09-07T07:40:28.348+0000] {processor.py:925} INFO - DAG(s) 'steam_discount_prediction_dag' retrieved from /opt/airflow/dags/ml_04_steam_discount_prediction.py
[2026-09-07T07:40:28.375+0000] {logging_mixin.py:190} INFO - [2026-09-07T07:40:28.374+0000] {dag.py:3239} INFO - Sync 1 DAGs
[2026-09-07T07:40:28.403+0000] {logging_mixin.py:190} INFO - [2026-09-07T07:40:28.402+0000] {dag.py:4180} INFO - Setting next_dagrun for steam_discount_prediction_dag to 2026-09-07 00:00:00+00:00, run_after=2026-09-08 00:00:00+00:00
[2026-09-07T07:40:28.428+0000] {processor.py:208} INFO - Processing /opt/airflow/dags/ml_04_steam_discount_prediction.py took 1.369 seconds
[2026-09-07T07:40:58.893+0000] {processor.py:186} INFO - Started process (PID=7616) to work on /opt/airflow/dags/ml_04_steam_discount_prediction.py
[2026-09-07T07:40:58.894+0000] {processor.py:914} INFO - Processing file /opt/airflow/dags/ml_04_steam_discount_prediction.py for tasks to queue
[2026-09-07T07:40:58.896+0000] {logging_mixin.py:190} INFO - [2026-09-07T07:40:58.896+0000] {dagbag.py:588} INFO - Filling up the DagBag from /opt/airflow/dags/ml_04_steam_discount_prediction.py
[2026-09-07T07:41:00.328+0000] {processor.py:925} INFO - DAG(s) 'steam_discount_prediction_dag' retrieved from /opt/airflow/dags/ml_04_steam_discount_prediction.py
[2026-09-07T07:41:00.352+0000] {logging_mixin.py:190} INFO - [2026-09-07T07:41:00.351+0000] {dag.py:3239} INFO - Sync 1 DAGs
[2026-09-07T07:41:00.369+0000] {logging_mixin.py:190} INFO - [2026-09-07T07:41:00.369+0000] {dag.py:4180} INFO - Setting next_dagrun for steam_discount_prediction_dag to 2026-09-07 00:00:00+00:00, run_after=2026-09-08 00:00:00+00:00
[2026-09-07T07:41:00.388+0000] {processor.py:208} INFO - Processing /opt/airflow/dags/ml_04_steam_discount_prediction.py took 1.502 seconds
[2026-09-07T07:41:30.755+0000] {processor.py:186} INFO - Started process (PID=7647) to work on /opt/airflow/dags/ml_04_steam_discount_prediction.py
[2026-09-07T07:41:30.756+0000] {processor.py:914} INFO - Processing file /opt/airflow/dags/ml_04_steam_discount_prediction.py for tasks to queue
[2026-09-07T07:41:30.758+0000] {logging_mixin.py:190} INFO - [2026-09-07T07:41:30.757+0000] {dagbag.py:588} INFO - Filling up the DagBag from /opt/airflow/dags/ml_04_steam_discount_prediction.py
[2026-09-07T07:41:32.142+0000] {processor.py:925} INFO - DAG(s) 'steam_discount_prediction_dag' retrieved from /opt/airflow/dags/ml_04_steam_discount_prediction.py
[2026-09-07T07:41:32.169+0000] {logging_mixin.py:190} INFO - [2026-09-07T07:41:32.168+0000] {dag.py:3239} INFO - Sync 1 DAGs
[2026-09-07T07:41:32.192+0000] {logging_mixin.py:190} INFO - [2026-09-07T07:41:32.192+0000] {dag.py:4180} INFO - Setting next_dagrun for steam_discount_prediction_dag to 2026-09-07 00:00:00+00:00, run_after=2026-09-08 00:00:00+00:00
[2026-09-07T07:41:32.217+0000] {processor.py:208} INFO - Processing /opt/airflow/dags/ml_04_steam_discount_prediction.py took 1.470 seconds
[2026-09-07T07:42:02.669+0000] {processor.py:186} INFO - Started process (PID=7678) to work on /opt/airflow/dags/ml_04_steam_discount_prediction.py
[2026-09-07T07:42:02.670+0000] {processor.py:914} INFO - Processing file /opt/airflow/dags/ml_04_steam_discount_prediction.py for tasks to queue
[2026-09-07T07:42:02.671+0000] {logging_mixin.py:190} INFO - [2026-09-07T07:42:02.671+0000] {dagbag.py:588} INFO - Filling up the DagBag from /opt/airflow/dags/ml_04_steam_discount_prediction.py
[2026-09-07T07:42:04.079+0000] {processor.py:925} INFO - DAG(s) 'steam_discount_prediction_dag' retrieved from /opt/airflow/dags/ml_04_steam_discount_prediction.py
[2026-09-07T07:42:04.113+0000] {logging_mixin.py:190} INFO - [2026-09-07T07:42:04.112+0000] {dag.py:3239} INFO - Sync 1 DAGs
[2026-09-07T07:42:04.139+0000] {logging_mixin.py:190} INFO - [2026-09-07T07:42:04.138+0000] {dag.py:4180} INFO - Setting next_dagrun for steam_discount_prediction_dag to 2026-09-07 00:00:00+00:00, run_after=2026-09-08 00:00:00+00:00
[2026-09-07T07:42:04.291+0000] {processor.py:208} INFO - Processing /opt/airflow/dags/ml_04_steam_discount_prediction.py took 1.628 seconds
[2026-09-07T07:42:34.682+0000] {processor.py:186} INFO - Started process (PID=7709) to work on /opt/airflow/dags/ml_04_steam_discount_prediction.py
[2026-09-07T07:42:34.683+0000] {processor.py:914} INFO - Processing file /opt/airflow/dags/ml_04_steam_discount_prediction.py for tasks to queue
[2026-09-07T07:42:34.684+0000] {logging_mixin.py:190} INFO - [2026-09-07T07:42:34.684+0000] {dagbag.py:588} INFO - Filling up the DagBag from /opt/airflow/dags/ml_04_steam_discount_prediction.py
[2026-09-07T07:42:36.208+0000] {processor.py:925} INFO - DAG(s) 'steam_discount_prediction_dag' retrieved from /opt/airflow/dags/ml_04_steam_discount_prediction.py
[2026-09-07T07:42:36.410+0000] {logging_mixin.py:190} INFO - [2026-09-07T07:42:36.409+0000] {dag.py:3239} INFO - Sync 1 DAGs
[2026-09-07T07:42:36.428+0000] {logging_mixin.py:190} INFO - [2026-09-07T07:42:36.428+0000] {dag.py:4180} INFO - Setting next_dagrun for steam_discount_prediction_dag to 2026-09-07 00:00:00+00:00, run_after=2026-09-08 00:00:00+00:00
[2026-09-07T07:42:36.447+0000] {processor.py:208} INFO - Processing /opt/airflow/dags/ml_04_steam_discount_prediction.py took 1.770 seconds
[2026-09-07T07:43:06.703+0000] {processor.py:186} INFO - Started process (PID=7745) to work on /opt/airflow/dags/ml_04_steam_discount_prediction.py
[2026-09-07T07:43:06.704+0000] {processor.py:914} INFO - Processing file /opt/airflow/dags/ml_04_steam_discount_prediction.py for tasks to queue
[2026-09-07T07:43:06.705+0000] {logging_mixin.py:190} INFO - [2026-09-07T07:43:06.705+0000] {dagbag.py:588} INFO - Filling up the DagBag from /opt/airflow/dags/ml_04_steam_discount_prediction.py
[2026-09-07T07:43:07.949+0000] {processor.py:925} INFO - DAG(s) 'steam_discount_prediction_dag' retrieved from /opt/airflow/dags/ml_04_steam_discount_prediction.py
[2026-09-07T07:43:07.971+0000] {logging_mixin.py:190} INFO - [2026-09-07T07:43:07.971+0000] {dag.py:3239} INFO - Sync 1 DAGs
[2026-09-07T07:43:08.125+0000] {logging_mixin.py:190} INFO - [2026-09-07T07:43:08.125+0000] {dag.py:4180} INFO - Setting next_dagrun for steam_discount_prediction_dag to 2026-09-07 00:00:00+00:00, run_after=2026-09-08 00:00:00+00:00
[2026-09-07T07:43:08.143+0000] {processor.py:208} INFO - Processing /opt/airflow/dags/ml_04_steam_discount_prediction.py took 1.447 seconds
[2026-09-07T07:43:38.983+0000] {processor.py:186} INFO - Started process (PID=7778) to work on /opt/airflow/dags/ml_04_steam_discount_prediction.py
[2026-09-07T07:43:38.984+0000] {processor.py:914} INFO - Processing file /opt/airflow/dags/ml_04_steam_discount_prediction.py for tasks to queue
[2026-09-07T07:43:38.985+0000] {logging_mixin.py:190} INFO - [2026-09-07T07:43:38.985+0000] {dagbag.py:588} INFO - Filling up the DagBag from /opt/airflow/dags/ml_04_steam_discount_prediction.py
[2026-09-07T07:43:40.430+0000] {processor.py:925} INFO - DAG(s) 'steam_discount_prediction_dag' retrieved from /opt/airflow/dags/ml_04_steam_discount_prediction.py
[2026-09-07T07:43:40.454+0000] {logging_mixin.py:190} INFO - [2026-09-07T07:43:40.453+0000] {dag.py:3239} INFO - Sync 1 DAGs
[2026-09-07T07:43:40.471+0000] {logging_mixin.py:190} INFO - [2026-09-07T07:43:40.471+0000] {dag.py:4180} INFO - Setting next_dagrun for steam_discount_prediction_dag to 2026-09-07 00:00:00+00:00, run_after=2026-09-08 00:00:00+00:00
[2026-09-07T07:43:40.489+0000] {processor.py:208} INFO - Processing /opt/airflow/dags/ml_04_steam_discount_prediction.py took 1.517 seconds
[2026-09-07T07:44:10.907+0000] {processor.py:186} INFO - Started process (PID=7809) to work on /opt/airflow/dags/ml_04_steam_discount_prediction.py
[2026-09-07T07:44:10.908+0000] {processor.py:914} INFO - Processing file /opt/airflow/dags/ml_04_steam_discount_prediction.py for tasks to queue
[2026-09-07T07:44:10.910+0000] {logging_mixin.py:190} INFO - [2026-09-07T07:44:10.909+0000] {dagbag.py:588} INFO - Filling up the DagBag from /opt/airflow/dags/ml_04_steam_discount_prediction.py
[2026-09-07T07:44:12.387+0000] {processor.py:925} INFO - DAG(s) 'steam_discount_prediction_dag' retrieved from /opt/airflow/dags/ml_04_steam_discount_prediction.py
[2026-09-07T07:44:12.409+0000] {logging_mixin.py:190} INFO - [2026-09-07T07:44:12.408+0000] {dag.py:3239} INFO - Sync 1 DAGs
[2026-09-07T07:44:12.426+0000] {logging_mixin.py:190} INFO - [2026-09-07T07:44:12.426+0000] {dag.py:4180} INFO - Setting next_dagrun for steam_discount_prediction_dag to 2026-09-07 00:00:00+00:00, run_after=2026-09-08 00:00:00+00:00
[2026-09-07T07:44:12.445+0000] {processor.py:208} INFO - Processing /opt/airflow/dags/ml_04_steam_discount_prediction.py took 1.546 seconds
[2026-09-07T07:44:43.284+0000] {processor.py:186} INFO - Started process (PID=7841) to work on /opt/airflow/dags/ml_04_steam_discount_prediction.py
[2026-09-07T07:44:43.285+0000] {processor.py:914} INFO - Processing file /opt/airflow/dags/ml_04_steam_discount_prediction.py for tasks to queue
[2026-09-07T07:44:43.286+0000] {logging_mixin.py:190} INFO - [2026-09-07T07:44:43.286+0000] {dagbag.py:588} INFO - Filling up the DagBag from /opt/airflow/dags/ml_04_steam_discount_prediction.py
[2026-09-07T07:44:44.732+0000] {processor.py:925} INFO - DAG(s) 'steam_discount_prediction_dag' retrieved from /opt/airflow/dags/ml_04_steam_discount_prediction.py
[2026-09-07T07:44:44.755+0000] {logging_mixin.py:190} INFO - [2026-09-07T07:44:44.754+0000] {dag.py:3239} INFO - Sync 1 DAGs
[2026-09-07T07:44:44.773+0000] {logging_mixin.py:190} INFO - [2026-09-07T07:44:44.773+0000] {dag.py:4180} INFO - Setting next_dagrun for steam_discount_prediction_dag to 2026-09-07 00:00:00+00:00, run_after=2026-09-08 00:00:00+00:00
[2026-09-07T07:44:44.790+0000] {processor.py:208} INFO - Processing /opt/airflow/dags/ml_04_steam_discount_prediction.py took 1.513 seconds
[2026-09-07T07:45:14.932+0000] {processor.py:186} INFO - Started process (PID=7872) to work on /opt/airflow/dags/ml_04_steam_discount_prediction.py
[2026-09-07T07:45:14.933+0000] {processor.py:914} INFO - Processing file /opt/airflow/dags/ml_04_steam_discount_prediction.py for tasks to queue
[2026-09-07T07:45:14.935+0000] {logging_mixin.py:190} INFO - [2026-09-07T07:45:14.934+0000] {dagbag.py:588} INFO - Filling up the DagBag from /opt/airflow/dags/ml_04_steam_discount_prediction.py
[2026-09-07T07:45:16.479+0000] {processor.py:925} INFO - DAG(s) 'steam_discount_prediction_dag' retrieved from /opt/airflow/dags/ml_04_steam_discount_prediction.py
[2026-09-07T07:45:16.508+0000] {logging_mixin.py:190} INFO - [2026-09-07T07:45:16.507+0000] {dag.py:3239} INFO - Sync 1 DAGs
[2026-09-07T07:45:16.532+0000] {logging_mixin.py:190} INFO - [2026-09-07T07:45:16.532+0000] {dag.py:4180} INFO - Setting next_dagrun for steam_discount_prediction_dag to 2026-09-07 00:00:00+00:00, run_after=2026-09-08 00:00:00+00:00
[2026-09-07T07:45:16.551+0000] {processor.py:208} INFO - Processing /opt/airflow/dags/ml_04_steam_discount_prediction.py took 1.626 seconds
[2026-09-07T07:45:47.274+0000] {processor.py:186} INFO - Started process (PID=7909) to work on /opt/airflow/dags/ml_04_steam_discount_prediction.py
[2026-09-07T07:45:47.275+0000] {processor.py:914} INFO - Processing file /opt/airflow/dags/ml_04_steam_discount_prediction.py for tasks to queue
[2026-09-07T07:45:47.278+0000] {logging_mixin.py:190} INFO - [2026-09-07T07:45:47.277+0000] {dagbag.py:588} INFO - Filling up the DagBag from /opt/airflow/dags/ml_04_steam_discount_prediction.py
[2026-09-07T07:45:49.096+0000] {processor.py:925} INFO - DAG(s) 'steam_discount_prediction_dag' retrieved from /opt/airflow/dags/ml_04_steam_discount_prediction.py
[2026-09-07T07:45:49.133+0000] {logging_mixin.py:190} INFO - [2026-09-07T07:45:49.132+0000] {dag.py:3239} INFO - Sync 1 DAGs
[2026-09-07T07:45:49.164+0000] {logging_mixin.py:190} INFO - [2026-09-07T07:45:49.164+0000] {dag.py:4180} INFO - Setting next_dagrun for steam_discount_prediction_dag to 2026-09-07 00:00:00+00:00, run_after=2026-09-08 00:00:00+00:00
[2026-09-07T07:45:49.188+0000] {processor.py:208} INFO - Processing /opt/airflow/dags/ml_04_steam_discount_prediction.py took 1.921 seconds
[2026-09-07T07:46:19.512+0000] {processor.py:186} INFO - Started process (PID=7940) to work on /opt/airflow/dags/ml_04_steam_discount_prediction.py
[2026-09-07T07:46:19.513+0000] {processor.py:914} INFO - Processing file /opt/airflow/dags/ml_04_steam_discount_prediction.py for tasks to queue
[2026-09-07T07:46:19.514+0000] {logging_mixin.py:190} INFO - [2026-09-07T07:46:19.514+0000] {dagbag.py:588} INFO - Filling up the DagBag from /opt/airflow/dags/ml_04_steam_discount_prediction.py
[2026-09-07T07:46:21.065+0000] {processor.py:925} INFO - DAG(s) 'steam_discount_prediction_dag' retrieved from /opt/airflow/dags/ml_04_steam_discount_prediction.py
[2026-09-07T07:46:21.091+0000] {logging_mixin.py:190} INFO - [2026-09-07T07:46:21.090+0000] {dag.py:3239} INFO - Sync 1 DAGs
[2026-09-07T07:46:21.110+0000] {logging_mixin.py:190} INFO - [2026-09-07T07:46:21.110+0000] {dag.py:4180} INFO - Setting next_dagrun for steam_discount_prediction_dag to 2026-09-07 00:00:00+00:00, run_after=2026-09-08 00:00:00+00:00
[2026-09-07T07:46:21.128+0000] {processor.py:208} INFO - Processing /opt/airflow/dags/ml_04_steam_discount_prediction.py took 1.622 seconds
[2026-09-07T07:46:51.823+0000] {processor.py:186} INFO - Started process (PID=7971) to work on /opt/airflow/dags/ml_04_steam_discount_prediction.py
[2026-09-07T07:46:51.824+0000] {processor.py:914} INFO - Processing file /opt/airflow/dags/ml_04_steam_discount_prediction.py for tasks to queue
[2026-09-07T07:46:51.825+0000] {logging_mixin.py:190} INFO - [2026-09-07T07:46:51.825+0000] {dagbag.py:588} INFO - Filling up the DagBag from /opt/airflow/dags/ml_04_steam_discount_prediction.py
[2026-09-07T07:46:53.291+0000] {processor.py:925} INFO - DAG(s) 'steam_discount_prediction_dag' retrieved from /opt/airflow/dags/ml_04_steam_discount_prediction.py
[2026-09-07T07:46:53.315+0000] {logging_mixin.py:190} INFO - [2026-09-07T07:46:53.314+0000] {dag.py:3239} INFO - Sync 1 DAGs
[2026-09-07T07:46:53.334+0000] {logging_mixin.py:190} INFO - [2026-09-07T07:46:53.334+0000] {dag.py:4180} INFO - Setting next_dagrun for steam_discount_prediction_dag to 2026-09-07 00:00:00+00:00, run_after=2026-09-08 00:00:00+00:00
[2026-09-07T07:46:53.352+0000] {processor.py:208} INFO - Processing /opt/airflow/dags/ml_04_steam_discount_prediction.py took 1.535 seconds
[2026-09-07T07:47:23.502+0000] {processor.py:186} INFO - Started process (PID=8002) to work on /opt/airflow/dags/ml_04_steam_discount_prediction.py
[2026-09-07T07:47:23.503+0000] {processor.py:914} INFO - Processing file /opt/airflow/dags/ml_04_steam_discount_prediction.py for tasks to queue
[2026-09-07T07:47:23.504+0000] {logging_mixin.py:190} INFO - [2026-09-07T07:47:23.504+0000] {dagbag.py:588} INFO - Filling up the DagBag from /opt/airflow/dags/ml_04_steam_discount_prediction.py
[2026-09-07T07:47:24.888+0000] {processor.py:925} INFO - DAG(s) 'steam_discount_prediction_dag' retrieved from /opt/airflow/dags/ml_04_steam_discount_prediction.py
[2026-09-07T07:47:24.911+0000] {logging_mixin.py:190} INFO - [2026-09-07T07:47:24.911+0000] {dag.py:3239} INFO - Sync 1 DAGs
[2026-09-07T07:47:24.930+0000] {logging_mixin.py:190} INFO - [2026-09-07T07:47:24.930+0000] {dag.py:4180} INFO - Setting next_dagrun for steam_discount_prediction_dag to 2026-09-07 00:00:00+00:00, run_after=2026-09-08 00:00:00+00:00
[2026-09-07T07:47:24.946+0000] {processor.py:208} INFO - Processing /opt/airflow/dags/ml_04_steam_discount_prediction.py took 1.450 seconds
[2026-09-07T07:47:55.313+0000] {processor.py:186} INFO - Started process (PID=8035) to work on /opt/airflow/dags/ml_04_steam_discount_prediction.py
[2026-09-07T07:47:55.314+0000] {processor.py:914} INFO - Processing file /opt/airflow/dags/ml_04_steam_discount_prediction.py for tasks to queue
[2026-09-07T07:47:55.315+0000] {logging_mixin.py:190} INFO - [2026-09-07T07:47:55.315+0000] {dagbag.py:588} INFO - Filling up the DagBag from /opt/airflow/dags/ml_04_steam_discount_prediction.py
[2026-09-07T07:47:56.665+0000] {processor.py:925} INFO - DAG(s) 'steam_discount_prediction_dag' retrieved from /opt/airflow/dags/ml_04_steam_discount_prediction.py
[2026-09-07T07:47:56.690+0000] {logging_mixin.py:190} INFO - [2026-09-07T07:47:56.690+0000] {dag.py:3239} INFO - Sync 1 DAGs
[2026-09-07T07:47:56.709+0000] {logging_mixin.py:190} INFO - [2026-09-07T07:47:56.709+0000] {dag.py:4180} INFO - Setting next_dagrun for steam_discount_prediction_dag to 2026-09-07 00:00:00+00:00, run_after=2026-09-08 00:00:00+00:00
[2026-09-07T07:47:56.726+0000] {processor.py:208} INFO - Processing /opt/airflow/dags/ml_04_steam_discount_prediction.py took 1.419 seconds
[2026-09-07T07:48:26.996+0000] {processor.py:186} INFO - Started process (PID=8068) to work on /opt/airflow/dags/ml_04_steam_discount_prediction.py
[2026-09-07T07:48:26.997+0000] {processor.py:914} INFO - Processing file /opt/airflow/dags/ml_04_steam_discount_prediction.py for tasks to queue
[2026-09-07T07:48:26.998+0000] {logging_mixin.py:190} INFO - [2026-09-07T07:48:26.998+0000] {dagbag.py:588} INFO - Filling up the DagBag from /opt/airflow/dags/ml_04_steam_discount_prediction.py
[2026-09-07T07:48:28.467+0000] {processor.py:925} INFO - DAG(s) 'steam_discount_prediction_dag' retrieved from /opt/airflow/dags/ml_04_steam_discount_prediction.py
[2026-09-07T07:48:28.493+0000] {logging_mixin.py:190} INFO - [2026-09-07T07:48:28.491+0000] {dag.py:3239} INFO - Sync 1 DAGs
[2026-09-07T07:48:28.514+0000] {logging_mixin.py:190} INFO - [2026-09-07T07:48:28.514+0000] {dag.py:4180} INFO - Setting next_dagrun for steam_discount_prediction_dag to 2026-09-07 00:00:00+00:00, run_after=2026-09-08 00:00:00+00:00
[2026-09-07T07:48:28.533+0000] {processor.py:208} INFO - Processing /opt/airflow/dags/ml_04_steam_discount_prediction.py took 1.543 seconds
[2026-09-07T07:48:58.609+0000] {processor.py:186} INFO - Started process (PID=8099) to work on /opt/airflow/dags/ml_04_steam_discount_prediction.py
[2026-09-07T07:48:58.610+0000] {processor.py:914} INFO - Processing file /opt/airflow/dags/ml_04_steam_discount_prediction.py for tasks to queue
[2026-09-07T07:48:58.611+0000] {logging_mixin.py:190} INFO - [2026-09-07T07:48:58.611+0000] {dagbag.py:588} INFO - Filling up the DagBag from /opt/airflow/dags/ml_04_steam_discount_prediction.py
[2026-09-07T07:48:59.999+0000] {processor.py:925} INFO - DAG(s) 'steam_discount_prediction_dag' retrieved from /opt/airflow/dags/ml_04_steam_discount_prediction.py
[2026-09-07T07:49:00.024+0000] {logging_mixin.py:190} INFO - [2026-09-07T07:49:00.024+0000] {dag.py:3239} INFO - Sync 1 DAGs
[2026-09-07T07:49:00.045+0000] {logging_mixin.py:190} INFO - [2026-09-07T07:49:00.045+0000] {dag.py:4180} INFO - Setting next_dagrun for steam_discount_prediction_dag to 2026-09-07 00:00:00+00:00, run_after=2026-09-08 00:00:00+00:00
[2026-09-07T07:49:00.063+0000] {processor.py:208} INFO - Processing /opt/airflow/dags/ml_04_steam_discount_prediction.py took 1.460 seconds
[2026-09-07T07:49:30.118+0000] {processor.py:186} INFO - Started process (PID=8130) to work on /opt/airflow/dags/ml_04_steam_discount_prediction.py
[2026-09-07T07:49:30.118+0000] {processor.py:914} INFO - Processing file /opt/airflow/dags/ml_04_steam_discount_prediction.py for tasks to queue
[2026-09-07T07:49:30.120+0000] {logging_mixin.py:190} INFO - [2026-09-07T07:49:30.120+0000] {dagbag.py:588} INFO - Filling up the DagBag from /opt/airflow/dags/ml_04_steam_discount_prediction.py
[2026-09-07T07:49:31.517+0000] {processor.py:925} INFO - DAG(s) 'steam_discount_prediction_dag' retrieved from /opt/airflow/dags/ml_04_steam_discount_prediction.py
[2026-09-07T07:49:31.543+0000] {logging_mixin.py:190} INFO - [2026-09-07T07:49:31.542+0000] {dag.py:3239} INFO - Sync 1 DAGs
[2026-09-07T07:49:31.561+0000] {logging_mixin.py:190} INFO - [2026-09-07T07:49:31.561+0000] {dag.py:4180} INFO - Setting next_dagrun for steam_discount_prediction_dag to 2026-09-07 00:00:00+00:00, run_after=2026-09-08 00:00:00+00:00
[2026-09-07T07:49:31.579+0000] {processor.py:208} INFO - Processing /opt/airflow/dags/ml_04_steam_discount_prediction.py took 1.467 seconds
[2026-09-07T07:50:01.718+0000] {processor.py:186} INFO - Started process (PID=8161) to work on /opt/airflow/dags/ml_04_steam_discount_prediction.py
[2026-09-07T07:50:01.718+0000] {processor.py:914} INFO - Processing file /opt/airflow/dags/ml_04_steam_discount_prediction.py for tasks to queue
[2026-09-07T07:50:01.720+0000] {logging_mixin.py:190} INFO - [2026-09-07T07:50:01.719+0000] {dagbag.py:588} INFO - Filling up the DagBag from /opt/airflow/dags/ml_04_steam_discount_prediction.py
[2026-09-07T07:50:02.985+0000] {processor.py:925} INFO - DAG(s) 'steam_discount_prediction_dag' retrieved from /opt/airflow/dags/ml_04_steam_discount_prediction.py
[2026-09-07T07:50:03.010+0000] {logging_mixin.py:190} INFO - [2026-09-07T07:50:03.010+0000] {dag.py:3239} INFO - Sync 1 DAGs
[2026-09-07T07:50:03.031+0000] {logging_mixin.py:190} INFO - [2026-09-07T07:50:03.031+0000] {dag.py:4180} INFO - Setting next_dagrun for steam_discount_prediction_dag to 2026-09-07 00:00:00+00:00, run_after=2026-09-08 00:00:00+00:00
[2026-09-07T07:50:03.049+0000] {processor.py:208} INFO - Processing /opt/airflow/dags/ml_04_steam_discount_prediction.py took 1.337 seconds
[2026-09-07T07:50:33.868+0000] {processor.py:186} INFO - Started process (PID=8192) to work on /opt/airflow/dags/ml_04_steam_discount_prediction.py
[2026-09-07T07:50:33.869+0000] {processor.py:914} INFO - Processing file /opt/airflow/dags/ml_04_steam_discount_prediction.py for tasks to queue
[2026-09-07T07:50:33.871+0000] {logging_mixin.py:190} INFO - [2026-09-07T07:50:33.871+0000] {dagbag.py:588} INFO - Filling up the DagBag from /opt/airflow/dags/ml_04_steam_discount_prediction.py
[2026-09-07T07:50:35.142+0000] {processor.py:925} INFO - DAG(s) 'steam_discount_prediction_dag' retrieved from /opt/airflow/dags/ml_04_steam_discount_prediction.py
[2026-09-07T07:50:35.166+0000] {logging_mixin.py:190} INFO - [2026-09-07T07:50:35.166+0000] {dag.py:3239} INFO - Sync 1 DAGs
[2026-09-07T07:50:35.188+0000] {logging_mixin.py:190} INFO - [2026-09-07T07:50:35.187+0000] {dag.py:4180} INFO - Setting next_dagrun for steam_discount_prediction_dag to 2026-09-07 00:00:00+00:00, run_after=2026-09-08 00:00:00+00:00
[2026-09-07T07:50:35.206+0000] {processor.py:208} INFO - Processing /opt/airflow/dags/ml_04_steam_discount_prediction.py took 1.345 seconds
[2026-09-07T07:51:05.458+0000] {processor.py:186} INFO - Started process (PID=8223) to work on /opt/airflow/dags/ml_04_steam_discount_prediction.py
[2026-09-07T07:51:05.459+0000] {processor.py:914} INFO - Processing file /opt/airflow/dags/ml_04_steam_discount_prediction.py for tasks to queue
[2026-09-07T07:51:05.461+0000] {logging_mixin.py:190} INFO - [2026-09-07T07:51:05.460+0000] {dagbag.py:588} INFO - Filling up the DagBag from /opt/airflow/dags/ml_04_steam_discount_prediction.py
[2026-09-07T07:51:06.826+0000] {processor.py:925} INFO - DAG(s) 'steam_discount_prediction_dag' retrieved from /opt/airflow/dags/ml_04_steam_discount_prediction.py
[2026-09-07T07:51:06.859+0000] {logging_mixin.py:190} INFO - [2026-09-07T07:51:06.857+0000] {dag.py:3239} INFO - Sync 1 DAGs
[2026-09-07T07:51:06.886+0000] {logging_mixin.py:190} INFO - [2026-09-07T07:51:06.885+0000] {dag.py:4180} INFO - Setting next_dagrun for steam_discount_prediction_dag to 2026-09-07 00:00:00+00:00, run_after=2026-09-08 00:00:00+00:00
[2026-09-07T07:51:06.907+0000] {processor.py:208} INFO - Processing /opt/airflow/dags/ml_04_steam_discount_prediction.py took 1.459 seconds
[2026-09-07T07:51:37.539+0000] {processor.py:186} INFO - Started process (PID=8254) to work on /opt/airflow/dags/ml_04_steam_discount_prediction.py
[2026-09-07T07:51:37.540+0000] {processor.py:914} INFO - Processing file /opt/airflow/dags/ml_04_steam_discount_prediction.py for tasks to queue
[2026-09-07T07:51:37.541+0000] {logging_mixin.py:190} INFO - [2026-09-07T07:51:37.541+0000] {dagbag.py:588} INFO - Filling up the DagBag from /opt/airflow/dags/ml_04_steam_discount_prediction.py
[2026-09-07T07:51:38.885+0000] {processor.py:925} INFO - DAG(s) 'steam_discount_prediction_dag' retrieved from /opt/airflow/dags/ml_04_steam_discount_prediction.py
[2026-09-07T07:51:38.912+0000] {logging_mixin.py:190} INFO - [2026-09-07T07:51:38.911+0000] {dag.py:3239} INFO - Sync 1 DAGs
[2026-09-07T07:51:38.936+0000] {logging_mixin.py:190} INFO - [2026-09-07T07:51:38.936+0000] {dag.py:4180} INFO - Setting next_dagrun for steam_discount_prediction_dag to 2026-09-07 00:00:00+00:00, run_after=2026-09-08 00:00:00+00:00
[2026-09-07T07:51:38.958+0000] {processor.py:208} INFO - Processing /opt/airflow/dags/ml_04_steam_discount_prediction.py took 1.425 seconds
[2026-09-07T07:52:09.090+0000] {processor.py:186} INFO - Started process (PID=8285) to work on /opt/airflow/dags/ml_04_steam_discount_prediction.py
[2026-09-07T07:52:09.091+0000] {processor.py:914} INFO - Processing file /opt/airflow/dags/ml_04_steam_discount_prediction.py for tasks to queue
[2026-09-07T07:52:09.092+0000] {logging_mixin.py:190} INFO - [2026-09-07T07:52:09.092+0000] {dagbag.py:588} INFO - Filling up the DagBag from /opt/airflow/dags/ml_04_steam_discount_prediction.py
[2026-09-07T07:52:10.385+0000] {processor.py:925} INFO - DAG(s) 'steam_discount_prediction_dag' retrieved from /opt/airflow/dags/ml_04_steam_discount_prediction.py
[2026-09-07T07:52:10.410+0000] {logging_mixin.py:190} INFO - [2026-09-07T07:52:10.409+0000] {dag.py:3239} INFO - Sync 1 DAGs
[2026-09-07T07:52:10.428+0000] {logging_mixin.py:190} INFO - [2026-09-07T07:52:10.428+0000] {dag.py:4180} INFO - Setting next_dagrun for steam_discount_prediction_dag to 2026-09-07 00:00:00+00:00, run_after=2026-09-08 00:00:00+00:00
[2026-09-07T07:52:10.445+0000] {processor.py:208} INFO - Processing /opt/airflow/dags/ml_04_steam_discount_prediction.py took 1.364 seconds
[2026-09-07T07:52:41.361+0000] {processor.py:186} INFO - Started process (PID=8316) to work on /opt/airflow/dags/ml_04_steam_discount_prediction.py
[2026-09-07T07:52:41.361+0000] {processor.py:914} INFO - Processing file /opt/airflow/dags/ml_04_steam_discount_prediction.py for tasks to queue
[2026-09-07T07:52:41.363+0000] {logging_mixin.py:190} INFO - [2026-09-07T07:52:41.362+0000] {dagbag.py:588} INFO - Filling up the DagBag from /opt/airflow/dags/ml_04_steam_discount_prediction.py
[2026-09-07T07:52:42.665+0000] {processor.py:925} INFO - DAG(s) 'steam_discount_prediction_dag' retrieved from /opt/airflow/dags/ml_04_steam_discount_prediction.py
[2026-09-07T07:52:42.690+0000] {logging_mixin.py:190} INFO - [2026-09-07T07:52:42.689+0000] {dag.py:3239} INFO - Sync 1 DAGs
[2026-09-07T07:52:42.710+0000] {logging_mixin.py:190} INFO - [2026-09-07T07:52:42.709+0000] {dag.py:4180} INFO - Setting next_dagrun for steam_discount_prediction_dag to 2026-09-07 00:00:00+00:00, run_after=2026-09-08 00:00:00+00:00
[2026-09-07T07:52:42.726+0000] {processor.py:208} INFO - Processing /opt/airflow/dags/ml_04_steam_discount_prediction.py took 1.371 seconds
[2026-09-07T07:53:13.682+0000] {processor.py:186} INFO - Started process (PID=8347) to work on /opt/airflow/dags/ml_04_steam_discount_prediction.py
[2026-09-07T07:53:13.683+0000] {processor.py:914} INFO - Processing file /opt/airflow/dags/ml_04_steam_discount_prediction.py for tasks to queue
[2026-09-07T07:53:13.685+0000] {logging_mixin.py:190} INFO - [2026-09-07T07:53:13.685+0000] {dagbag.py:588} INFO - Filling up the DagBag from /opt/airflow/dags/ml_04_steam_discount_prediction.py
[2026-09-07T07:53:14.923+0000] {processor.py:925} INFO - DAG(s) 'steam_discount_prediction_dag' retrieved from /opt/airflow/dags/ml_04_steam_discount_prediction.py
[2026-09-07T07:53:14.947+0000] {logging_mixin.py:190} INFO - [2026-09-07T07:53:14.946+0000] {dag.py:3239} INFO - Sync 1 DAGs
[2026-09-07T07:53:14.965+0000] {logging_mixin.py:190} INFO - [2026-09-07T07:53:14.965+0000] {dag.py:4180} INFO - Setting next_dagrun for steam_discount_prediction_dag to 2026-09-07 00:00:00+00:00, run_after=2026-09-08 00:00:00+00:00
[2026-09-07T07:53:14.982+0000] {processor.py:208} INFO - Processing /opt/airflow/dags/ml_04_steam_discount_prediction.py took 1.305 seconds
[2026-09-07T07:53:45.754+0000] {processor.py:186} INFO - Started process (PID=8378) to work on /opt/airflow/dags/ml_04_steam_discount_prediction.py
[2026-09-07T07:53:45.755+0000] {processor.py:914} INFO - Processing file /opt/airflow/dags/ml_04_steam_discount_prediction.py for tasks to queue
[2026-09-07T07:53:45.756+0000] {logging_mixin.py:190} INFO - [2026-09-07T07:53:45.756+0000] {dagbag.py:588} INFO - Filling up the DagBag from /opt/airflow/dags/ml_04_steam_discount_prediction.py
[2026-09-07T07:53:47.104+0000] {processor.py:925} INFO - DAG(s) 'steam_discount_prediction_dag' retrieved from /opt/airflow/dags/ml_04_steam_discount_prediction.py
[2026-09-07T07:53:47.129+0000] {logging_mixin.py:190} INFO - [2026-09-07T07:53:47.128+0000] {dag.py:3239} INFO - Sync 1 DAGs
[2026-09-07T07:53:47.149+0000] {logging_mixin.py:190} INFO - [2026-09-07T07:53:47.149+0000] {dag.py:4180} INFO - Setting next_dagrun for steam_discount_prediction_dag to 2026-09-07 00:00:00+00:00, run_after=2026-09-08 00:00:00+00:00
[2026-09-07T07:53:47.166+0000] {processor.py:208} INFO - Processing /opt/airflow/dags/ml_04_steam_discount_prediction.py took 1.418 seconds
[2026-09-07T07:54:17.259+0000] {processor.py:186} INFO - Started process (PID=8409) to work on /opt/airflow/dags/ml_04_steam_discount_prediction.py
[2026-09-07T07:54:17.260+0000] {processor.py:914} INFO - Processing file /opt/airflow/dags/ml_04_steam_discount_prediction.py for tasks to queue
[2026-09-07T07:54:17.261+0000] {logging_mixin.py:190} INFO - [2026-09-07T07:54:17.261+0000] {dagbag.py:588} INFO - Filling up the DagBag from /opt/airflow/dags/ml_04_steam_discount_prediction.py
[2026-09-07T07:54:18.516+0000] {processor.py:925} INFO - DAG(s) 'steam_discount_prediction_dag' retrieved from /opt/airflow/dags/ml_04_steam_discount_prediction.py
[2026-09-07T07:54:18.545+0000] {logging_mixin.py:190} INFO - [2026-09-07T07:54:18.544+0000] {dag.py:3239} INFO - Sync 1 DAGs
[2026-09-07T07:54:18.564+0000] {logging_mixin.py:190} INFO - [2026-09-07T07:54:18.564+0000] {dag.py:4180} INFO - Setting next_dagrun for steam_discount_prediction_dag to 2026-09-07 00:00:00+00:00, run_after=2026-09-08 00:00:00+00:00
[2026-09-07T07:54:18.582+0000] {processor.py:208} INFO - Processing /opt/airflow/dags/ml_04_steam_discount_prediction.py took 1.329 seconds
[2026-09-07T07:54:48.841+0000] {processor.py:186} INFO - Started process (PID=8446) to work on /opt/airflow/dags/ml_04_steam_discount_prediction.py
[2026-09-07T07:54:48.842+0000] {processor.py:914} INFO - Processing file /opt/airflow/dags/ml_04_steam_discount_prediction.py for tasks to queue
[2026-09-07T07:54:48.843+0000] {logging_mixin.py:190} INFO - [2026-09-07T07:54:48.843+0000] {dagbag.py:588} INFO - Filling up the DagBag from /opt/airflow/dags/ml_04_steam_discount_prediction.py
[2026-09-07T07:54:50.158+0000] {processor.py:925} INFO - DAG(s) 'steam_discount_prediction_dag' retrieved from /opt/airflow/dags/ml_04_steam_discount_prediction.py
[2026-09-07T07:54:50.182+0000] {logging_mixin.py:190} INFO - [2026-09-07T07:54:50.181+0000] {dag.py:3239} INFO - Sync 1 DAGs
[2026-09-07T07:54:50.200+0000] {logging_mixin.py:190} INFO - [2026-09-07T07:54:50.200+0000] {dag.py:4180} INFO - Setting next_dagrun for steam_discount_prediction_dag to 2026-09-07 00:00:00+00:00, run_after=2026-09-08 00:00:00+00:00
[2026-09-07T07:54:50.216+0000] {processor.py:208} INFO - Processing /opt/airflow/dags/ml_04_steam_discount_prediction.py took 1.381 seconds
[2026-09-07T07:55:21.098+0000] {processor.py:186} INFO - Started process (PID=8477) to work on /opt/airflow/dags/ml_04_steam_discount_prediction.py
[2026-09-07T07:55:21.098+0000] {processor.py:914} INFO - Processing file /opt/airflow/dags/ml_04_steam_discount_prediction.py for tasks to queue
[2026-09-07T07:55:21.100+0000] {logging_mixin.py:190} INFO - [2026-09-07T07:55:21.099+0000] {dagbag.py:588} INFO - Filling up the DagBag from /opt/airflow/dags/ml_04_steam_discount_prediction.py
[2026-09-07T07:55:22.351+0000] {processor.py:925} INFO - DAG(s) 'steam_discount_prediction_dag' retrieved from /opt/airflow/dags/ml_04_steam_discount_prediction.py
[2026-09-07T07:55:22.373+0000] {logging_mixin.py:190} INFO - [2026-09-07T07:55:22.372+0000] {dag.py:3239} INFO - Sync 1 DAGs
[2026-09-07T07:55:22.393+0000] {logging_mixin.py:190} INFO - [2026-09-07T07:55:22.392+0000] {dag.py:4180} INFO - Setting next_dagrun for steam_discount_prediction_dag to 2026-09-07 00:00:00+00:00, run_after=2026-09-08 00:00:00+00:00
[2026-09-07T07:55:22.410+0000] {processor.py:208} INFO - Processing /opt/airflow/dags/ml_04_steam_discount_prediction.py took 1.319 seconds
[2026-09-07T07:55:52.502+0000] {processor.py:186} INFO - Started process (PID=8509) to work on /opt/airflow/dags/ml_04_steam_discount_prediction.py
[2026-09-07T07:55:52.503+0000] {processor.py:914} INFO - Processing file /opt/airflow/dags/ml_04_steam_discount_prediction.py for tasks to queue
[2026-09-07T07:55:52.505+0000] {logging_mixin.py:190} INFO - [2026-09-07T07:55:52.504+0000] {dagbag.py:588} INFO - Filling up the DagBag from /opt/airflow/dags/ml_04_steam_discount_prediction.py
[2026-09-07T07:55:53.741+0000] {processor.py:925} INFO - DAG(s) 'steam_discount_prediction_dag' retrieved from /opt/airflow/dags/ml_04_steam_discount_prediction.py
[2026-09-07T07:55:53.765+0000] {logging_mixin.py:190} INFO - [2026-09-07T07:55:53.764+0000] {dag.py:3239} INFO - Sync 1 DAGs
[2026-09-07T07:55:53.783+0000] {logging_mixin.py:190} INFO - [2026-09-07T07:55:53.783+0000] {dag.py:4180} INFO - Setting next_dagrun for steam_discount_prediction_dag to 2026-09-07 00:00:00+00:00, run_after=2026-09-08 00:00:00+00:00
[2026-09-07T07:55:53.804+0000] {processor.py:208} INFO - Processing /opt/airflow/dags/ml_04_steam_discount_prediction.py took 1.309 seconds
[2026-09-07T07:56:24.770+0000] {processor.py:186} INFO - Started process (PID=8540) to work on /opt/airflow/dags/ml_04_steam_discount_prediction.py
[2026-09-07T07:56:24.771+0000] {processor.py:914} INFO - Processing file /opt/airflow/dags/ml_04_steam_discount_prediction.py for tasks to queue
[2026-09-07T07:56:24.772+0000] {logging_mixin.py:190} INFO - [2026-09-07T07:56:24.772+0000] {dagbag.py:588} INFO - Filling up the DagBag from /opt/airflow/dags/ml_04_steam_discount_prediction.py
[2026-09-07T07:56:26.024+0000] {processor.py:925} INFO - DAG(s) 'steam_discount_prediction_dag' retrieved from /opt/airflow/dags/ml_04_steam_discount_prediction.py
[2026-09-07T07:56:26.047+0000] {logging_mixin.py:190} INFO - [2026-09-07T07:56:26.047+0000] {dag.py:3239} INFO - Sync 1 DAGs
[2026-09-07T07:56:26.066+0000] {logging_mixin.py:190} INFO - [2026-09-07T07:56:26.066+0000] {dag.py:4180} INFO - Setting next_dagrun for steam_discount_prediction_dag to 2026-09-07 00:00:00+00:00, run_after=2026-09-08 00:00:00+00:00
[2026-09-07T07:56:26.083+0000] {processor.py:208} INFO - Processing /opt/airflow/dags/ml_04_steam_discount_prediction.py took 1.319 seconds
[2026-09-07T07:56:56.267+0000] {processor.py:186} INFO - Started process (PID=8571) to work on /opt/airflow/dags/ml_04_steam_discount_prediction.py
[2026-09-07T07:56:56.268+0000] {processor.py:914} INFO - Processing file /opt/airflow/dags/ml_04_steam_discount_prediction.py for tasks to queue
[2026-09-07T07:56:56.269+0000] {logging_mixin.py:190} INFO - [2026-09-07T07:56:56.269+0000] {dagbag.py:588} INFO - Filling up the DagBag from /opt/airflow/dags/ml_04_steam_discount_prediction.py
[2026-09-07T07:56:57.522+0000] {processor.py:925} INFO - DAG(s) 'steam_discount_prediction_dag' retrieved from /opt/airflow/dags/ml_04_steam_discount_prediction.py
[2026-09-07T07:56:57.547+0000] {logging_mixin.py:190} INFO - [2026-09-07T07:56:57.546+0000] {dag.py:3239} INFO - Sync 1 DAGs
[2026-09-07T07:56:57.567+0000] {logging_mixin.py:190} INFO - [2026-09-07T07:56:57.567+0000] {dag.py:4180} INFO - Setting next_dagrun for steam_discount_prediction_dag to 2026-09-07 00:00:00+00:00, run_after=2026-09-08 00:00:00+00:00
[2026-09-07T07:56:57.586+0000] {processor.py:208} INFO - Processing /opt/airflow/dags/ml_04_steam_discount_prediction.py took 1.325 seconds
[2026-09-07T07:57:27.674+0000] {processor.py:186} INFO - Started process (PID=8602) to work on /opt/airflow/dags/ml_04_steam_discount_prediction.py
[2026-09-07T07:57:27.675+0000] {processor.py:914} INFO - Processing file /opt/airflow/dags/ml_04_steam_discount_prediction.py for tasks to queue
[2026-09-07T07:57:27.677+0000] {logging_mixin.py:190} INFO - [2026-09-07T07:57:27.676+0000] {dagbag.py:588} INFO - Filling up the DagBag from /opt/airflow/dags/ml_04_steam_discount_prediction.py
[2026-09-07T07:57:28.952+0000] {processor.py:925} INFO - DAG(s) 'steam_discount_prediction_dag' retrieved from /opt/airflow/dags/ml_04_steam_discount_prediction.py
[2026-09-07T07:57:28.980+0000] {logging_mixin.py:190} INFO - [2026-09-07T07:57:28.979+0000] {dag.py:3239} INFO - Sync 1 DAGs
[2026-09-07T07:57:29.000+0000] {logging_mixin.py:190} INFO - [2026-09-07T07:57:29.000+0000] {dag.py:4180} INFO - Setting next_dagrun for steam_discount_prediction_dag to 2026-09-07 00:00:00+00:00, run_after=2026-09-08 00:00:00+00:00
[2026-09-07T07:57:29.021+0000] {processor.py:208} INFO - Processing /opt/airflow/dags/ml_04_steam_discount_prediction.py took 1.352 seconds
[2026-09-07T07:57:59.247+0000] {processor.py:186} INFO - Started process (PID=8633) to work on /opt/airflow/dags/ml_04_steam_discount_prediction.py
[2026-09-07T07:57:59.248+0000] {processor.py:914} INFO - Processing file /opt/airflow/dags/ml_04_steam_discount_prediction.py for tasks to queue
[2026-09-07T07:57:59.251+0000] {logging_mixin.py:190} INFO - [2026-09-07T07:57:59.251+0000] {dagbag.py:588} INFO - Filling up the DagBag from /opt/airflow/dags/ml_04_steam_discount_prediction.py
[2026-09-07T07:58:00.518+0000] {processor.py:925} INFO - DAG(s) 'steam_discount_prediction_dag' retrieved from /opt/airflow/dags/ml_04_steam_discount_prediction.py
[2026-09-07T07:58:00.541+0000] {logging_mixin.py:190} INFO - [2026-09-07T07:58:00.541+0000] {dag.py:3239} INFO - Sync 1 DAGs
[2026-09-07T07:58:00.561+0000] {logging_mixin.py:190} INFO - [2026-09-07T07:58:00.560+0000] {dag.py:4180} INFO - Setting next_dagrun for steam_discount_prediction_dag to 2026-09-07 00:00:00+00:00, run_after=2026-09-08 00:00:00+00:00
[2026-09-07T07:58:00.578+0000] {processor.py:208} INFO - Processing /opt/airflow/dags/ml_04_steam_discount_prediction.py took 1.337 seconds
[2026-09-07T07:58:31.541+0000] {processor.py:186} INFO - Started process (PID=8664) to work on /opt/airflow/dags/ml_04_steam_discount_prediction.py
[2026-09-07T07:58:31.542+0000] {processor.py:914} INFO - Processing file /opt/airflow/dags/ml_04_steam_discount_prediction.py for tasks to queue
[2026-09-07T07:58:31.543+0000] {logging_mixin.py:190} INFO - [2026-09-07T07:58:31.543+0000] {dagbag.py:588} INFO - Filling up the DagBag from /opt/airflow/dags/ml_04_steam_discount_prediction.py
[2026-09-07T07:58:32.792+0000] {processor.py:925} INFO - DAG(s) 'steam_discount_prediction_dag' retrieved from /opt/airflow/dags/ml_04_steam_discount_prediction.py
[2026-09-07T07:58:32.821+0000] {logging_mixin.py:190} INFO - [2026-09-07T07:58:32.820+0000] {dag.py:3239} INFO - Sync 1 DAGs
[2026-09-07T07:58:32.842+0000] {logging_mixin.py:190} INFO - [2026-09-07T07:58:32.842+0000] {dag.py:4180} INFO - Setting next_dagrun for steam_discount_prediction_dag to 2026-09-07 00:00:00+00:00, run_after=2026-09-08 00:00:00+00:00
[2026-09-07T07:58:32.865+0000] {processor.py:208} INFO - Processing /opt/airflow/dags/ml_04_steam_discount_prediction.py took 1.331 seconds
[2026-09-07T07:59:03.782+0000] {processor.py:186} INFO - Started process (PID=8695) to work on /opt/airflow/dags/ml_04_steam_discount_prediction.py
[2026-09-07T07:59:03.782+0000] {processor.py:914} INFO - Processing file /opt/airflow/dags/ml_04_steam_discount_prediction.py for tasks to queue
[2026-09-07T07:59:03.784+0000] {logging_mixin.py:190} INFO - [2026-09-07T07:59:03.783+0000] {dagbag.py:588} INFO - Filling up the DagBag from /opt/airflow/dags/ml_04_steam_discount_prediction.py
[2026-09-07T07:59:05.147+0000] {processor.py:925} INFO - DAG(s) 'steam_discount_prediction_dag' retrieved from /opt/airflow/dags/ml_04_steam_discount_prediction.py
[2026-09-07T07:59:05.177+0000] {logging_mixin.py:190} INFO - [2026-09-07T07:59:05.177+0000] {dag.py:3239} INFO - Sync 1 DAGs
[2026-09-07T07:59:05.201+0000] {logging_mixin.py:190} INFO - [2026-09-07T07:59:05.201+0000] {dag.py:4180} INFO - Setting next_dagrun for steam_discount_prediction_dag to 2026-09-07 00:00:00+00:00, run_after=2026-09-08 00:00:00+00:00
[2026-09-07T07:59:05.220+0000] {processor.py:208} INFO - Processing /opt/airflow/dags/ml_04_steam_discount_prediction.py took 1.444 seconds
[2026-09-07T07:59:35.363+0000] {processor.py:186} INFO - Started process (PID=8735) to work on /opt/airflow/dags/ml_04_steam_discount_prediction.py
[2026-09-07T07:59:35.364+0000] {processor.py:914} INFO - Processing file /opt/airflow/dags/ml_04_steam_discount_prediction.py for tasks to queue
[2026-09-07T07:59:35.365+0000] {logging_mixin.py:190} INFO - [2026-09-07T07:59:35.365+0000] {dagbag.py:588} INFO - Filling up the DagBag from /opt/airflow/dags/ml_04_steam_discount_prediction.py
[2026-09-07T07:59:36.547+0000] {processor.py:925} INFO - DAG(s) 'steam_discount_prediction_dag' retrieved from /opt/airflow/dags/ml_04_steam_discount_prediction.py
[2026-09-07T07:59:36.571+0000] {logging_mixin.py:190} INFO - [2026-09-07T07:59:36.570+0000] {dag.py:3239} INFO - Sync 1 DAGs
[2026-09-07T07:59:36.592+0000] {logging_mixin.py:190} INFO - [2026-09-07T07:59:36.591+0000] {dag.py:4180} INFO - Setting next_dagrun for steam_discount_prediction_dag to 2026-09-07 00:00:00+00:00, run_after=2026-09-08 00:00:00+00:00
[2026-09-07T07:59:36.610+0000] {processor.py:208} INFO - Processing /opt/airflow/dags/ml_04_steam_discount_prediction.py took 1.253 seconds
[2026-09-07T08:00:07.463+0000] {processor.py:186} INFO - Started process (PID=8766) to work on /opt/airflow/dags/ml_04_steam_discount_prediction.py
[2026-09-07T08:00:07.463+0000] {processor.py:914} INFO - Processing file /opt/airflow/dags/ml_04_steam_discount_prediction.py for tasks to queue
[2026-09-07T08:00:07.465+0000] {logging_mixin.py:190} INFO - [2026-09-07T08:00:07.464+0000] {dagbag.py:588} INFO - Filling up the DagBag from /opt/airflow/dags/ml_04_steam_discount_prediction.py
[2026-09-07T08:00:08.725+0000] {processor.py:925} INFO - DAG(s) 'steam_discount_prediction_dag' retrieved from /opt/airflow/dags/ml_04_steam_discount_prediction.py
[2026-09-07T08:00:08.751+0000] {logging_mixin.py:190} INFO - [2026-09-07T08:00:08.750+0000] {dag.py:3239} INFO - Sync 1 DAGs
[2026-09-07T08:00:08.771+0000] {logging_mixin.py:190} INFO - [2026-09-07T08:00:08.771+0000] {dag.py:4180} INFO - Setting next_dagrun for steam_discount_prediction_dag to 2026-09-07 00:00:00+00:00, run_after=2026-09-08 00:00:00+00:00
[2026-09-07T08:00:08.789+0000] {processor.py:208} INFO - Processing /opt/airflow/dags/ml_04_steam_discount_prediction.py took 1.332 seconds
[2026-09-07T08:00:38.906+0000] {processor.py:186} INFO - Started process (PID=8799) to work on /opt/airflow/dags/ml_04_steam_discount_prediction.py
[2026-09-07T08:00:38.907+0000] {processor.py:914} INFO - Processing file /opt/airflow/dags/ml_04_steam_discount_prediction.py for tasks to queue
[2026-09-07T08:00:38.908+0000] {logging_mixin.py:190} INFO - [2026-09-07T08:00:38.908+0000] {dagbag.py:588} INFO - Filling up the DagBag from /opt/airflow/dags/ml_04_steam_discount_prediction.py
[2026-09-07T08:00:40.210+0000] {processor.py:925} INFO - DAG(s) 'steam_discount_prediction_dag' retrieved from /opt/airflow/dags/ml_04_steam_discount_prediction.py
[2026-09-07T08:00:40.234+0000] {logging_mixin.py:190} INFO - [2026-09-07T08:00:40.233+0000] {dag.py:3239} INFO - Sync 1 DAGs
[2026-09-07T08:00:40.254+0000] {logging_mixin.py:190} INFO - [2026-09-07T08:00:40.254+0000] {dag.py:4180} INFO - Setting next_dagrun for steam_discount_prediction_dag to 2026-09-07 00:00:00+00:00, run_after=2026-09-08 00:00:00+00:00
[2026-09-07T08:00:40.271+0000] {processor.py:208} INFO - Processing /opt/airflow/dags/ml_04_steam_discount_prediction.py took 1.372 seconds
[2026-09-07T08:01:11.141+0000] {processor.py:186} INFO - Started process (PID=8830) to work on /opt/airflow/dags/ml_04_steam_discount_prediction.py
[2026-09-07T08:01:11.142+0000] {processor.py:914} INFO - Processing file /opt/airflow/dags/ml_04_steam_discount_prediction.py for tasks to queue
[2026-09-07T08:01:11.143+0000] {logging_mixin.py:190} INFO - [2026-09-07T08:01:11.143+0000] {dagbag.py:588} INFO - Filling up the DagBag from /opt/airflow/dags/ml_04_steam_discount_prediction.py
[2026-09-07T08:01:12.474+0000] {processor.py:925} INFO - DAG(s) 'steam_discount_prediction_dag' retrieved from /opt/airflow/dags/ml_04_steam_discount_prediction.py
[2026-09-07T08:01:12.499+0000] {logging_mixin.py:190} INFO - [2026-09-07T08:01:12.498+0000] {dag.py:3239} INFO - Sync 1 DAGs
[2026-09-07T08:01:12.519+0000] {logging_mixin.py:190} INFO - [2026-09-07T08:01:12.519+0000] {dag.py:4180} INFO - Setting next_dagrun for steam_discount_prediction_dag to 2026-09-07 00:00:00+00:00, run_after=2026-09-08 00:00:00+00:00
[2026-09-07T08:01:12.539+0000] {processor.py:208} INFO - Processing /opt/airflow/dags/ml_04_steam_discount_prediction.py took 1.403 seconds
[2026-09-07T08:01:43.480+0000] {processor.py:186} INFO - Started process (PID=8861) to work on /opt/airflow/dags/ml_04_steam_discount_prediction.py
[2026-09-07T08:01:43.481+0000] {processor.py:914} INFO - Processing file /opt/airflow/dags/ml_04_steam_discount_prediction.py for tasks to queue
[2026-09-07T08:01:43.482+0000] {logging_mixin.py:190} INFO - [2026-09-07T08:01:43.482+0000] {dagbag.py:588} INFO - Filling up the DagBag from /opt/airflow/dags/ml_04_steam_discount_prediction.py
[2026-09-07T08:01:44.700+0000] {processor.py:925} INFO - DAG(s) 'steam_discount_prediction_dag' retrieved from /opt/airflow/dags/ml_04_steam_discount_prediction.py
[2026-09-07T08:01:44.724+0000] {logging_mixin.py:190} INFO - [2026-09-07T08:01:44.724+0000] {dag.py:3239} INFO - Sync 1 DAGs
[2026-09-07T08:01:44.743+0000] {logging_mixin.py:190} INFO - [2026-09-07T08:01:44.743+0000] {dag.py:4180} INFO - Setting next_dagrun for steam_discount_prediction_dag to 2026-09-07 00:00:00+00:00, run_after=2026-09-08 00:00:00+00:00
[2026-09-07T08:01:44.760+0000] {processor.py:208} INFO - Processing /opt/airflow/dags/ml_04_steam_discount_prediction.py took 1.286 seconds
[2026-09-07T08:02:14.813+0000] {processor.py:186} INFO - Started process (PID=8892) to work on /opt/airflow/dags/ml_04_steam_discount_prediction.py
[2026-09-07T08:02:14.813+0000] {processor.py:914} INFO - Processing file /opt/airflow/dags/ml_04_steam_discount_prediction.py for tasks to queue
[2026-09-07T08:02:14.815+0000] {logging_mixin.py:190} INFO - [2026-09-07T08:02:14.814+0000] {dagbag.py:588} INFO - Filling up the DagBag from /opt/airflow/dags/ml_04_steam_discount_prediction.py
[2026-09-07T08:02:16.098+0000] {processor.py:925} INFO - DAG(s) 'steam_discount_prediction_dag' retrieved from /opt/airflow/dags/ml_04_steam_discount_prediction.py
[2026-09-07T08:02:16.124+0000] {logging_mixin.py:190} INFO - [2026-09-07T08:02:16.123+0000] {dag.py:3239} INFO - Sync 1 DAGs
[2026-09-07T08:02:16.145+0000] {logging_mixin.py:190} INFO - [2026-09-07T08:02:16.145+0000] {dag.py:4180} INFO - Setting next_dagrun for steam_discount_prediction_dag to 2026-09-07 00:00:00+00:00, run_after=2026-09-08 00:00:00+00:00
[2026-09-07T08:02:16.167+0000] {processor.py:208} INFO - Processing /opt/airflow/dags/ml_04_steam_discount_prediction.py took 1.360 seconds
[2026-09-07T08:02:46.230+0000] {processor.py:186} INFO - Started process (PID=8923) to work on /opt/airflow/dags/ml_04_steam_discount_prediction.py
[2026-09-07T08:02:46.231+0000] {processor.py:914} INFO - Processing file /opt/airflow/dags/ml_04_steam_discount_prediction.py for tasks to queue
[2026-09-07T08:02:46.232+0000] {logging_mixin.py:190} INFO - [2026-09-07T08:02:46.232+0000] {dagbag.py:588} INFO - Filling up the DagBag from /opt/airflow/dags/ml_04_steam_discount_prediction.py
[2026-09-07T08:02:47.486+0000] {processor.py:925} INFO - DAG(s) 'steam_discount_prediction_dag' retrieved from /opt/airflow/dags/ml_04_steam_discount_prediction.py
[2026-09-07T08:02:47.510+0000] {logging_mixin.py:190} INFO - [2026-09-07T08:02:47.510+0000] {dag.py:3239} INFO - Sync 1 DAGs
[2026-09-07T08:02:47.530+0000] {logging_mixin.py:190} INFO - [2026-09-07T08:02:47.530+0000] {dag.py:4180} INFO - Setting next_dagrun for steam_discount_prediction_dag to 2026-09-07 00:00:00+00:00, run_after=2026-09-08 00:00:00+00:00
[2026-09-07T08:02:47.548+0000] {processor.py:208} INFO - Processing /opt/airflow/dags/ml_04_steam_discount_prediction.py took 1.323 seconds
[2026-09-07T08:03:18.484+0000] {processor.py:186} INFO - Started process (PID=8954) to work on /opt/airflow/dags/ml_04_steam_discount_prediction.py
[2026-09-07T08:03:18.485+0000] {processor.py:914} INFO - Processing file /opt/airflow/dags/ml_04_steam_discount_prediction.py for tasks to queue
[2026-09-07T08:03:18.486+0000] {logging_mixin.py:190} INFO - [2026-09-07T08:03:18.486+0000] {dagbag.py:588} INFO - Filling up the DagBag from /opt/airflow/dags/ml_04_steam_discount_prediction.py
[2026-09-07T08:03:19.813+0000] {processor.py:925} INFO - DAG(s) 'steam_discount_prediction_dag' retrieved from /opt/airflow/dags/ml_04_steam_discount_prediction.py
[2026-09-07T08:03:19.845+0000] {logging_mixin.py:190} INFO - [2026-09-07T08:03:19.844+0000] {dag.py:3239} INFO - Sync 1 DAGs
[2026-09-07T08:03:19.865+0000] {logging_mixin.py:190} INFO - [2026-09-07T08:03:19.865+0000] {dag.py:4180} INFO - Setting next_dagrun for steam_discount_prediction_dag to 2026-09-07 00:00:00+00:00, run_after=2026-09-08 00:00:00+00:00
[2026-09-07T08:03:19.884+0000] {processor.py:208} INFO - Processing /opt/airflow/dags/ml_04_steam_discount_prediction.py took 1.405 seconds
[2026-09-07T08:03:50.818+0000] {processor.py:186} INFO - Started process (PID=8991) to work on /opt/airflow/dags/ml_04_steam_discount_prediction.py
[2026-09-07T08:03:50.819+0000] {processor.py:914} INFO - Processing file /opt/airflow/dags/ml_04_steam_discount_prediction.py for tasks to queue
[2026-09-07T08:03:50.820+0000] {logging_mixin.py:190} INFO - [2026-09-07T08:03:50.820+0000] {dagbag.py:588} INFO - Filling up the DagBag from /opt/airflow/dags/ml_04_steam_discount_prediction.py
[2026-09-07T08:03:52.021+0000] {processor.py:925} INFO - DAG(s) 'steam_discount_prediction_dag' retrieved from /opt/airflow/dags/ml_04_steam_discount_prediction.py
[2026-09-07T08:03:52.045+0000] {logging_mixin.py:190} INFO - [2026-09-07T08:03:52.044+0000] {dag.py:3239} INFO - Sync 1 DAGs
[2026-09-07T08:03:52.064+0000] {logging_mixin.py:190} INFO - [2026-09-07T08:03:52.063+0000] {dag.py:4180} INFO - Setting next_dagrun for steam_discount_prediction_dag to 2026-09-07 00:00:00+00:00, run_after=2026-09-08 00:00:00+00:00
[2026-09-07T08:03:52.082+0000] {processor.py:208} INFO - Processing /opt/airflow/dags/ml_04_steam_discount_prediction.py took 1.270 seconds
[2026-09-07T08:04:22.189+0000] {processor.py:186} INFO - Started process (PID=9022) to work on /opt/airflow/dags/ml_04_steam_discount_prediction.py
[2026-09-07T08:04:22.189+0000] {processor.py:914} INFO - Processing file /opt/airflow/dags/ml_04_steam_discount_prediction.py for tasks to queue
[2026-09-07T08:04:22.192+0000] {logging_mixin.py:190} INFO - [2026-09-07T08:04:22.191+0000] {dagbag.py:588} INFO - Filling up the DagBag from /opt/airflow/dags/ml_04_steam_discount_prediction.py
[2026-09-07T08:04:23.702+0000] {processor.py:925} INFO - DAG(s) 'steam_discount_prediction_dag' retrieved from /opt/airflow/dags/ml_04_steam_discount_prediction.py
[2026-09-07T08:04:23.729+0000] {logging_mixin.py:190} INFO - [2026-09-07T08:04:23.728+0000] {dag.py:3239} INFO - Sync 1 DAGs
[2026-09-07T08:04:23.752+0000] {logging_mixin.py:190} INFO - [2026-09-07T08:04:23.751+0000] {dag.py:4180} INFO - Setting next_dagrun for steam_discount_prediction_dag to 2026-09-07 00:00:00+00:00, run_after=2026-09-08 00:00:00+00:00
[2026-09-07T08:04:23.772+0000] {processor.py:208} INFO - Processing /opt/airflow/dags/ml_04_steam_discount_prediction.py took 1.594 seconds
[2026-09-07T08:04:54.658+0000] {processor.py:186} INFO - Started process (PID=9053) to work on /opt/airflow/dags/ml_04_steam_discount_prediction.py
[2026-09-07T08:04:54.659+0000] {processor.py:914} INFO - Processing file /opt/airflow/dags/ml_04_steam_discount_prediction.py for tasks to queue
[2026-09-07T08:04:54.660+0000] {logging_mixin.py:190} INFO - [2026-09-07T08:04:54.660+0000] {dagbag.py:588} INFO - Filling up the DagBag from /opt/airflow/dags/ml_04_steam_discount_prediction.py
[2026-09-07T08:04:56.009+0000] {processor.py:925} INFO - DAG(s) 'steam_discount_prediction_dag' retrieved from /opt/airflow/dags/ml_04_steam_discount_prediction.py
[2026-09-07T08:04:56.035+0000] {logging_mixin.py:190} INFO - [2026-09-07T08:04:56.034+0000] {dag.py:3239} INFO - Sync 1 DAGs
[2026-09-07T08:04:56.055+0000] {logging_mixin.py:190} INFO - [2026-09-07T08:04:56.055+0000] {dag.py:4180} INFO - Setting next_dagrun for steam_discount_prediction_dag to 2026-09-07 00:00:00+00:00, run_after=2026-09-08 00:00:00+00:00
[2026-09-07T08:04:56.075+0000] {processor.py:208} INFO - Processing /opt/airflow/dags/ml_04_steam_discount_prediction.py took 1.425 seconds
[2026-09-07T08:05:26.186+0000] {processor.py:186} INFO - Started process (PID=9084) to work on /opt/airflow/dags/ml_04_steam_discount_prediction.py
[2026-09-07T08:05:26.187+0000] {processor.py:914} INFO - Processing file /opt/airflow/dags/ml_04_steam_discount_prediction.py for tasks to queue
[2026-09-07T08:05:26.188+0000] {logging_mixin.py:190} INFO - [2026-09-07T08:05:26.188+0000] {dagbag.py:588} INFO - Filling up the DagBag from /opt/airflow/dags/ml_04_steam_discount_prediction.py
[2026-09-07T08:05:27.675+0000] {processor.py:925} INFO - DAG(s) 'steam_discount_prediction_dag' retrieved from /opt/airflow/dags/ml_04_steam_discount_prediction.py
[2026-09-07T08:05:27.702+0000] {logging_mixin.py:190} INFO - [2026-09-07T08:05:27.701+0000] {dag.py:3239} INFO - Sync 1 DAGs
[2026-09-07T08:05:27.724+0000] {logging_mixin.py:190} INFO - [2026-09-07T08:05:27.724+0000] {dag.py:4180} INFO - Setting next_dagrun for steam_discount_prediction_dag to 2026-09-07 00:00:00+00:00, run_after=2026-09-08 00:00:00+00:00
[2026-09-07T08:05:27.744+0000] {processor.py:208} INFO - Processing /opt/airflow/dags/ml_04_steam_discount_prediction.py took 1.565 seconds
[2026-09-07T08:05:58.666+0000] {processor.py:186} INFO - Started process (PID=9115) to work on /opt/airflow/dags/ml_04_steam_discount_prediction.py
[2026-09-07T08:05:58.666+0000] {processor.py:914} INFO - Processing file /opt/airflow/dags/ml_04_steam_discount_prediction.py for tasks to queue
[2026-09-07T08:05:58.667+0000] {logging_mixin.py:190} INFO - [2026-09-07T08:05:58.667+0000] {dagbag.py:588} INFO - Filling up the DagBag from /opt/airflow/dags/ml_04_steam_discount_prediction.py
[2026-09-07T08:05:59.969+0000] {processor.py:925} INFO - DAG(s) 'steam_discount_prediction_dag' retrieved from /opt/airflow/dags/ml_04_steam_discount_prediction.py
[2026-09-07T08:05:59.992+0000] {logging_mixin.py:190} INFO - [2026-09-07T08:05:59.991+0000] {dag.py:3239} INFO - Sync 1 DAGs
[2026-09-07T08:06:00.130+0000] {logging_mixin.py:190} INFO - [2026-09-07T08:06:00.130+0000] {dag.py:4180} INFO - Setting next_dagrun for steam_discount_prediction_dag to 2026-09-07 00:00:00+00:00, run_after=2026-09-08 00:00:00+00:00
[2026-09-07T08:06:00.147+0000] {processor.py:208} INFO - Processing /opt/airflow/dags/ml_04_steam_discount_prediction.py took 1.486 seconds
[2026-09-07T08:06:30.696+0000] {processor.py:186} INFO - Started process (PID=9147) to work on /opt/airflow/dags/ml_04_steam_discount_prediction.py
[2026-09-07T08:06:30.697+0000] {processor.py:914} INFO - Processing file /opt/airflow/dags/ml_04_steam_discount_prediction.py for tasks to queue
[2026-09-07T08:06:30.700+0000] {logging_mixin.py:190} INFO - [2026-09-07T08:06:30.699+0000] {dagbag.py:588} INFO - Filling up the DagBag from /opt/airflow/dags/ml_04_steam_discount_prediction.py
[2026-09-07T08:06:32.335+0000] {processor.py:925} INFO - DAG(s) 'steam_discount_prediction_dag' retrieved from /opt/airflow/dags/ml_04_steam_discount_prediction.py
[2026-09-07T08:06:32.381+0000] {logging_mixin.py:190} INFO - [2026-09-07T08:06:32.380+0000] {dag.py:3239} INFO - Sync 1 DAGs
[2026-09-07T08:06:32.409+0000] {logging_mixin.py:190} INFO - [2026-09-07T08:06:32.409+0000] {dag.py:4180} INFO - Setting next_dagrun for steam_discount_prediction_dag to 2026-09-07 00:00:00+00:00, run_after=2026-09-08 00:00:00+00:00
[2026-09-07T08:06:32.432+0000] {processor.py:208} INFO - Processing /opt/airflow/dags/ml_04_steam_discount_prediction.py took 1.746 seconds
[2026-09-07T08:07:03.366+0000] {processor.py:186} INFO - Started process (PID=9178) to work on /opt/airflow/dags/ml_04_steam_discount_prediction.py
[2026-09-07T08:07:03.367+0000] {processor.py:914} INFO - Processing file /opt/airflow/dags/ml_04_steam_discount_prediction.py for tasks to queue
[2026-09-07T08:07:03.368+0000] {logging_mixin.py:190} INFO - [2026-09-07T08:07:03.368+0000] {dagbag.py:588} INFO - Filling up the DagBag from /opt/airflow/dags/ml_04_steam_discount_prediction.py
[2026-09-07T08:07:04.624+0000] {processor.py:925} INFO - DAG(s) 'steam_discount_prediction_dag' retrieved from /opt/airflow/dags/ml_04_steam_discount_prediction.py
[2026-09-07T08:07:04.647+0000] {logging_mixin.py:190} INFO - [2026-09-07T08:07:04.647+0000] {dag.py:3239} INFO - Sync 1 DAGs
[2026-09-07T08:07:04.788+0000] {logging_mixin.py:190} INFO - [2026-09-07T08:07:04.788+0000] {dag.py:4180} INFO - Setting next_dagrun for steam_discount_prediction_dag to 2026-09-07 00:00:00+00:00, run_after=2026-09-08 00:00:00+00:00
[2026-09-07T08:07:04.804+0000] {processor.py:208} INFO - Processing /opt/airflow/dags/ml_04_steam_discount_prediction.py took 1.444 seconds
[2026-09-07T08:07:35.379+0000] {processor.py:186} INFO - Started process (PID=9209) to work on /opt/airflow/dags/ml_04_steam_discount_prediction.py
[2026-09-07T08:07:35.380+0000] {processor.py:914} INFO - Processing file /opt/airflow/dags/ml_04_steam_discount_prediction.py for tasks to queue
[2026-09-07T08:07:35.381+0000] {logging_mixin.py:190} INFO - [2026-09-07T08:07:35.381+0000] {dagbag.py:588} INFO - Filling up the DagBag from /opt/airflow/dags/ml_04_steam_discount_prediction.py
[2026-09-07T08:07:36.717+0000] {processor.py:925} INFO - DAG(s) 'steam_discount_prediction_dag' retrieved from /opt/airflow/dags/ml_04_steam_discount_prediction.py
[2026-09-07T08:07:36.740+0000] {logging_mixin.py:190} INFO - [2026-09-07T08:07:36.740+0000] {dag.py:3239} INFO - Sync 1 DAGs
[2026-09-07T08:07:36.758+0000] {logging_mixin.py:190} INFO - [2026-09-07T08:07:36.758+0000] {dag.py:4180} INFO - Setting next_dagrun for steam_discount_prediction_dag to 2026-09-07 00:00:00+00:00, run_after=2026-09-08 00:00:00+00:00
[2026-09-07T08:07:36.774+0000] {processor.py:208} INFO - Processing /opt/airflow/dags/ml_04_steam_discount_prediction.py took 1.402 seconds
[2026-09-07T08:08:07.359+0000] {processor.py:186} INFO - Started process (PID=9240) to work on /opt/airflow/dags/ml_04_steam_discount_prediction.py
[2026-09-07T08:08:07.360+0000] {processor.py:914} INFO - Processing file /opt/airflow/dags/ml_04_steam_discount_prediction.py for tasks to queue
[2026-09-07T08:08:07.361+0000] {logging_mixin.py:190} INFO - [2026-09-07T08:08:07.361+0000] {dagbag.py:588} INFO - Filling up the DagBag from /opt/airflow/dags/ml_04_steam_discount_prediction.py
[2026-09-07T08:08:08.604+0000] {processor.py:925} INFO - DAG(s) 'steam_discount_prediction_dag' retrieved from /opt/airflow/dags/ml_04_steam_discount_prediction.py
[2026-09-07T08:08:08.751+0000] {logging_mixin.py:190} INFO - [2026-09-07T08:08:08.630+0000] {dag.py:3239} INFO - Sync 1 DAGs
[2026-09-07T08:08:08.771+0000] {logging_mixin.py:190} INFO - [2026-09-07T08:08:08.771+0000] {dag.py:4180} INFO - Setting next_dagrun for steam_discount_prediction_dag to 2026-09-07 00:00:00+00:00, run_after=2026-09-08 00:00:00+00:00
[2026-09-07T08:08:08.791+0000] {processor.py:208} INFO - Processing /opt/airflow/dags/ml_04_steam_discount_prediction.py took 1.438 seconds
[2026-09-07T08:08:39.398+0000] {processor.py:186} INFO - Started process (PID=9271) to work on /opt/airflow/dags/ml_04_steam_discount_prediction.py
[2026-09-07T08:08:39.399+0000] {processor.py:914} INFO - Processing file /opt/airflow/dags/ml_04_steam_discount_prediction.py for tasks to queue
[2026-09-07T08:08:39.400+0000] {logging_mixin.py:190} INFO - [2026-09-07T08:08:39.400+0000] {dagbag.py:588} INFO - Filling up the DagBag from /opt/airflow/dags/ml_04_steam_discount_prediction.py
[2026-09-07T08:08:40.980+0000] {processor.py:925} INFO - DAG(s) 'steam_discount_prediction_dag' retrieved from /opt/airflow/dags/ml_04_steam_discount_prediction.py
[2026-09-07T08:08:41.007+0000] {logging_mixin.py:190} INFO - [2026-09-07T08:08:41.007+0000] {dag.py:3239} INFO - Sync 1 DAGs
[2026-09-07T08:08:41.029+0000] {logging_mixin.py:190} INFO - [2026-09-07T08:08:41.029+0000] {dag.py:4180} INFO - Setting next_dagrun for steam_discount_prediction_dag to 2026-09-07 00:00:00+00:00, run_after=2026-09-08 00:00:00+00:00
[2026-09-07T08:08:41.049+0000] {processor.py:208} INFO - Processing /opt/airflow/dags/ml_04_steam_discount_prediction.py took 1.660 seconds
[2026-09-07T08:09:11.624+0000] {processor.py:186} INFO - Started process (PID=9302) to work on /opt/airflow/dags/ml_04_steam_discount_prediction.py
[2026-09-07T08:09:11.625+0000] {processor.py:914} INFO - Processing file /opt/airflow/dags/ml_04_steam_discount_prediction.py for tasks to queue
[2026-09-07T08:09:11.626+0000] {logging_mixin.py:190} INFO - [2026-09-07T08:09:11.626+0000] {dagbag.py:588} INFO - Filling up the DagBag from /opt/airflow/dags/ml_04_steam_discount_prediction.py
[2026-09-07T08:09:12.942+0000] {processor.py:925} INFO - DAG(s) 'steam_discount_prediction_dag' retrieved from /opt/airflow/dags/ml_04_steam_discount_prediction.py
[2026-09-07T08:09:12.967+0000] {logging_mixin.py:190} INFO - [2026-09-07T08:09:12.966+0000] {dag.py:3239} INFO - Sync 1 DAGs
[2026-09-07T08:09:12.985+0000] {logging_mixin.py:190} INFO - [2026-09-07T08:09:12.985+0000] {dag.py:4180} INFO - Setting next_dagrun for steam_discount_prediction_dag to 2026-09-07 00:00:00+00:00, run_after=2026-09-08 00:00:00+00:00
[2026-09-07T08:09:13.001+0000] {processor.py:208} INFO - Processing /opt/airflow/dags/ml_04_steam_discount_prediction.py took 1.384 seconds
[2026-09-07T08:09:43.465+0000] {processor.py:186} INFO - Started process (PID=9333) to work on /opt/airflow/dags/ml_04_steam_discount_prediction.py
[2026-09-07T08:09:43.466+0000] {processor.py:914} INFO - Processing file /opt/airflow/dags/ml_04_steam_discount_prediction.py for tasks to queue
[2026-09-07T08:09:43.468+0000] {logging_mixin.py:190} INFO - [2026-09-07T08:09:43.468+0000] {dagbag.py:588} INFO - Filling up the DagBag from /opt/airflow/dags/ml_04_steam_discount_prediction.py
[2026-09-07T08:09:44.821+0000] {processor.py:925} INFO - DAG(s) 'steam_discount_prediction_dag' retrieved from /opt/airflow/dags/ml_04_steam_discount_prediction.py
[2026-09-07T08:09:44.844+0000] {logging_mixin.py:190} INFO - [2026-09-07T08:09:44.844+0000] {dag.py:3239} INFO - Sync 1 DAGs
[2026-09-07T08:09:44.864+0000] {logging_mixin.py:190} INFO - [2026-09-07T08:09:44.864+0000] {dag.py:4180} INFO - Setting next_dagrun for steam_discount_prediction_dag to 2026-09-07 00:00:00+00:00, run_after=2026-09-08 00:00:00+00:00
[2026-09-07T08:09:44.881+0000] {processor.py:208} INFO - Processing /opt/airflow/dags/ml_04_steam_discount_prediction.py took 1.422 seconds
[2026-09-07T08:10:15.452+0000] {processor.py:186} INFO - Started process (PID=9364) to work on /opt/airflow/dags/ml_04_steam_discount_prediction.py
[2026-09-07T08:10:15.453+0000] {processor.py:914} INFO - Processing file /opt/airflow/dags/ml_04_steam_discount_prediction.py for tasks to queue
[2026-09-07T08:10:15.454+0000] {logging_mixin.py:190} INFO - [2026-09-07T08:10:15.454+0000] {dagbag.py:588} INFO - Filling up the DagBag from /opt/airflow/dags/ml_04_steam_discount_prediction.py
[2026-09-07T08:10:16.808+0000] {processor.py:925} INFO - DAG(s) 'steam_discount_prediction_dag' retrieved from /opt/airflow/dags/ml_04_steam_discount_prediction.py
[2026-09-07T08:10:16.831+0000] {logging_mixin.py:190} INFO - [2026-09-07T08:10:16.831+0000] {dag.py:3239} INFO - Sync 1 DAGs
[2026-09-07T08:10:16.850+0000] {logging_mixin.py:190} INFO - [2026-09-07T08:10:16.849+0000] {dag.py:4180} INFO - Setting next_dagrun for steam_discount_prediction_dag to 2026-09-07 00:00:00+00:00, run_after=2026-09-08 00:00:00+00:00
[2026-09-07T08:10:16.866+0000] {processor.py:208} INFO - Processing /opt/airflow/dags/ml_04_steam_discount_prediction.py took 1.419 seconds
[2026-09-07T08:10:47.253+0000] {processor.py:186} INFO - Started process (PID=9395) to work on /opt/airflow/dags/ml_04_steam_discount_prediction.py
[2026-09-07T08:10:47.254+0000] {processor.py:914} INFO - Processing file /opt/airflow/dags/ml_04_steam_discount_prediction.py for tasks to queue
[2026-09-07T08:10:47.256+0000] {logging_mixin.py:190} INFO - [2026-09-07T08:10:47.255+0000] {dagbag.py:588} INFO - Filling up the DagBag from /opt/airflow/dags/ml_04_steam_discount_prediction.py
[2026-09-07T08:10:48.590+0000] {processor.py:925} INFO - DAG(s) 'steam_discount_prediction_dag' retrieved from /opt/airflow/dags/ml_04_steam_discount_prediction.py
[2026-09-07T08:10:48.613+0000] {logging_mixin.py:190} INFO - [2026-09-07T08:10:48.613+0000] {dag.py:3239} INFO - Sync 1 DAGs
[2026-09-07T08:10:48.634+0000] {logging_mixin.py:190} INFO - [2026-09-07T08:10:48.633+0000] {dag.py:4180} INFO - Setting next_dagrun for steam_discount_prediction_dag to 2026-09-07 00:00:00+00:00, run_after=2026-09-08 00:00:00+00:00
[2026-09-07T08:10:48.651+0000] {processor.py:208} INFO - Processing /opt/airflow/dags/ml_04_steam_discount_prediction.py took 1.404 seconds
[2026-09-07T08:11:19.007+0000] {processor.py:186} INFO - Started process (PID=9426) to work on /opt/airflow/dags/ml_04_steam_discount_prediction.py
[2026-09-07T08:11:19.008+0000] {processor.py:914} INFO - Processing file /opt/airflow/dags/ml_04_steam_discount_prediction.py for tasks to queue
[2026-09-07T08:11:19.009+0000] {logging_mixin.py:190} INFO - [2026-09-07T08:11:19.009+0000] {dagbag.py:588} INFO - Filling up the DagBag from /opt/airflow/dags/ml_04_steam_discount_prediction.py
[2026-09-07T08:11:20.529+0000] {processor.py:925} INFO - DAG(s) 'steam_discount_prediction_dag' retrieved from /opt/airflow/dags/ml_04_steam_discount_prediction.py
[2026-09-07T08:11:20.553+0000] {logging_mixin.py:190} INFO - [2026-09-07T08:11:20.553+0000] {dag.py:3239} INFO - Sync 1 DAGs
[2026-09-07T08:11:20.572+0000] {logging_mixin.py:190} INFO - [2026-09-07T08:11:20.571+0000] {dag.py:4180} INFO - Setting next_dagrun for steam_discount_prediction_dag to 2026-09-07 00:00:00+00:00, run_after=2026-09-08 00:00:00+00:00
[2026-09-07T08:11:20.590+0000] {processor.py:208} INFO - Processing /opt/airflow/dags/ml_04_steam_discount_prediction.py took 1.589 seconds
[2026-09-07T08:11:50.933+0000] {processor.py:186} INFO - Started process (PID=9463) to work on /opt/airflow/dags/ml_04_steam_discount_prediction.py
[2026-09-07T08:11:50.934+0000] {processor.py:914} INFO - Processing file /opt/airflow/dags/ml_04_steam_discount_prediction.py for tasks to queue
[2026-09-07T08:11:50.935+0000] {logging_mixin.py:190} INFO - [2026-09-07T08:11:50.935+0000] {dagbag.py:588} INFO - Filling up the DagBag from /opt/airflow/dags/ml_04_steam_discount_prediction.py
[2026-09-07T08:11:52.255+0000] {processor.py:925} INFO - DAG(s) 'steam_discount_prediction_dag' retrieved from /opt/airflow/dags/ml_04_steam_discount_prediction.py
[2026-09-07T08:11:52.279+0000] {logging_mixin.py:190} INFO - [2026-09-07T08:11:52.278+0000] {dag.py:3239} INFO - Sync 1 DAGs
[2026-09-07T08:11:52.298+0000] {logging_mixin.py:190} INFO - [2026-09-07T08:11:52.298+0000] {dag.py:4180} INFO - Setting next_dagrun for steam_discount_prediction_dag to 2026-09-07 00:00:00+00:00, run_after=2026-09-08 00:00:00+00:00
[2026-09-07T08:11:52.314+0000] {processor.py:208} INFO - Processing /opt/airflow/dags/ml_04_steam_discount_prediction.py took 1.386 seconds
[2026-09-07T08:12:22.802+0000] {processor.py:186} INFO - Started process (PID=9495) to work on /opt/airflow/dags/ml_04_steam_discount_prediction.py
[2026-09-07T08:12:22.802+0000] {processor.py:914} INFO - Processing file /opt/airflow/dags/ml_04_steam_discount_prediction.py for tasks to queue
[2026-09-07T08:12:22.804+0000] {logging_mixin.py:190} INFO - [2026-09-07T08:12:22.804+0000] {dagbag.py:588} INFO - Filling up the DagBag from /opt/airflow/dags/ml_04_steam_discount_prediction.py
[2026-09-07T08:12:24.257+0000] {processor.py:925} INFO - DAG(s) 'steam_discount_prediction_dag' retrieved from /opt/airflow/dags/ml_04_steam_discount_prediction.py
[2026-09-07T08:12:24.285+0000] {logging_mixin.py:190} INFO - [2026-09-07T08:12:24.284+0000] {dag.py:3239} INFO - Sync 1 DAGs
[2026-09-07T08:12:24.307+0000] {logging_mixin.py:190} INFO - [2026-09-07T08:12:24.307+0000] {dag.py:4180} INFO - Setting next_dagrun for steam_discount_prediction_dag to 2026-09-07 00:00:00+00:00, run_after=2026-09-08 00:00:00+00:00
[2026-09-07T08:12:24.327+0000] {processor.py:208} INFO - Processing /opt/airflow/dags/ml_04_steam_discount_prediction.py took 1.531 seconds
[2026-09-07T08:12:54.952+0000] {processor.py:186} INFO - Started process (PID=9526) to work on /opt/airflow/dags/ml_04_steam_discount_prediction.py
[2026-09-07T08:12:54.953+0000] {processor.py:914} INFO - Processing file /opt/airflow/dags/ml_04_steam_discount_prediction.py for tasks to queue
[2026-09-07T08:12:54.954+0000] {logging_mixin.py:190} INFO - [2026-09-07T08:12:54.954+0000] {dagbag.py:588} INFO - Filling up the DagBag from /opt/airflow/dags/ml_04_steam_discount_prediction.py
[2026-09-07T08:12:56.186+0000] {processor.py:925} INFO - DAG(s) 'steam_discount_prediction_dag' retrieved from /opt/airflow/dags/ml_04_steam_discount_prediction.py
[2026-09-07T08:12:56.209+0000] {logging_mixin.py:190} INFO - [2026-09-07T08:12:56.207+0000] {dag.py:3239} INFO - Sync 1 DAGs
[2026-09-07T08:12:56.226+0000] {logging_mixin.py:190} INFO - [2026-09-07T08:12:56.226+0000] {dag.py:4180} INFO - Setting next_dagrun for steam_discount_prediction_dag to 2026-09-07 00:00:00+00:00, run_after=2026-09-08 00:00:00+00:00
[2026-09-07T08:12:56.245+0000] {processor.py:208} INFO - Processing /opt/airflow/dags/ml_04_steam_discount_prediction.py took 1.298 seconds
[2026-09-07T08:13:26.368+0000] {processor.py:186} INFO - Started process (PID=9557) to work on /opt/airflow/dags/ml_04_steam_discount_prediction.py
[2026-09-07T08:13:26.369+0000] {processor.py:914} INFO - Processing file /opt/airflow/dags/ml_04_steam_discount_prediction.py for tasks to queue
[2026-09-07T08:13:26.370+0000] {logging_mixin.py:190} INFO - [2026-09-07T08:13:26.370+0000] {dagbag.py:588} INFO - Filling up the DagBag from /opt/airflow/dags/ml_04_steam_discount_prediction.py
[2026-09-07T08:13:27.644+0000] {processor.py:925} INFO - DAG(s) 'steam_discount_prediction_dag' retrieved from /opt/airflow/dags/ml_04_steam_discount_prediction.py
[2026-09-07T08:13:27.671+0000] {logging_mixin.py:190} INFO - [2026-09-07T08:13:27.670+0000] {dag.py:3239} INFO - Sync 1 DAGs
[2026-09-07T08:13:27.691+0000] {logging_mixin.py:190} INFO - [2026-09-07T08:13:27.690+0000] {dag.py:4180} INFO - Setting next_dagrun for steam_discount_prediction_dag to 2026-09-07 00:00:00+00:00, run_after=2026-09-08 00:00:00+00:00
[2026-09-07T08:13:27.709+0000] {processor.py:208} INFO - Processing /opt/airflow/dags/ml_04_steam_discount_prediction.py took 1.347 seconds
[2026-09-07T08:13:57.874+0000] {processor.py:186} INFO - Started process (PID=9588) to work on /opt/airflow/dags/ml_04_steam_discount_prediction.py
[2026-09-07T08:13:57.875+0000] {processor.py:914} INFO - Processing file /opt/airflow/dags/ml_04_steam_discount_prediction.py for tasks to queue
[2026-09-07T08:13:57.877+0000] {logging_mixin.py:190} INFO - [2026-09-07T08:13:57.876+0000] {dagbag.py:588} INFO - Filling up the DagBag from /opt/airflow/dags/ml_04_steam_discount_prediction.py
[2026-09-07T08:13:59.319+0000] {processor.py:925} INFO - DAG(s) 'steam_discount_prediction_dag' retrieved from /opt/airflow/dags/ml_04_steam_discount_prediction.py
[2026-09-07T08:13:59.345+0000] {logging_mixin.py:190} INFO - [2026-09-07T08:13:59.345+0000] {dag.py:3239} INFO - Sync 1 DAGs
[2026-09-07T08:13:59.365+0000] {logging_mixin.py:190} INFO - [2026-09-07T08:13:59.365+0000] {dag.py:4180} INFO - Setting next_dagrun for steam_discount_prediction_dag to 2026-09-07 00:00:00+00:00, run_after=2026-09-08 00:00:00+00:00
[2026-09-07T08:13:59.384+0000] {processor.py:208} INFO - Processing /opt/airflow/dags/ml_04_steam_discount_prediction.py took 1.516 seconds
[2026-09-07T08:14:30.113+0000] {processor.py:186} INFO - Started process (PID=9619) to work on /opt/airflow/dags/ml_04_steam_discount_prediction.py
[2026-09-07T08:14:30.114+0000] {processor.py:914} INFO - Processing file /opt/airflow/dags/ml_04_steam_discount_prediction.py for tasks to queue
[2026-09-07T08:14:30.115+0000] {logging_mixin.py:190} INFO - [2026-09-07T08:14:30.115+0000] {dagbag.py:588} INFO - Filling up the DagBag from /opt/airflow/dags/ml_04_steam_discount_prediction.py
[2026-09-07T08:14:31.398+0000] {processor.py:925} INFO - DAG(s) 'steam_discount_prediction_dag' retrieved from /opt/airflow/dags/ml_04_steam_discount_prediction.py
[2026-09-07T08:14:31.422+0000] {logging_mixin.py:190} INFO - [2026-09-07T08:14:31.421+0000] {dag.py:3239} INFO - Sync 1 DAGs
[2026-09-07T08:14:31.443+0000] {logging_mixin.py:190} INFO - [2026-09-07T08:14:31.443+0000] {dag.py:4180} INFO - Setting next_dagrun for steam_discount_prediction_dag to 2026-09-07 00:00:00+00:00, run_after=2026-09-08 00:00:00+00:00
[2026-09-07T08:14:31.460+0000] {processor.py:208} INFO - Processing /opt/airflow/dags/ml_04_steam_discount_prediction.py took 1.354 seconds
[2026-09-07T08:15:02.084+0000] {processor.py:186} INFO - Started process (PID=9650) to work on /opt/airflow/dags/ml_04_steam_discount_prediction.py
[2026-09-07T08:15:02.085+0000] {processor.py:914} INFO - Processing file /opt/airflow/dags/ml_04_steam_discount_prediction.py for tasks to queue
[2026-09-07T08:15:02.086+0000] {logging_mixin.py:190} INFO - [2026-09-07T08:15:02.086+0000] {dagbag.py:588} INFO - Filling up the DagBag from /opt/airflow/dags/ml_04_steam_discount_prediction.py
[2026-09-07T08:15:03.431+0000] {processor.py:925} INFO - DAG(s) 'steam_discount_prediction_dag' retrieved from /opt/airflow/dags/ml_04_steam_discount_prediction.py
[2026-09-07T08:15:03.455+0000] {logging_mixin.py:190} INFO - [2026-09-07T08:15:03.454+0000] {dag.py:3239} INFO - Sync 1 DAGs
[2026-09-07T08:15:03.473+0000] {logging_mixin.py:190} INFO - [2026-09-07T08:15:03.473+0000] {dag.py:4180} INFO - Setting next_dagrun for steam_discount_prediction_dag to 2026-09-07 00:00:00+00:00, run_after=2026-09-08 00:00:00+00:00
[2026-09-07T08:15:03.490+0000] {processor.py:208} INFO - Processing /opt/airflow/dags/ml_04_steam_discount_prediction.py took 1.412 seconds
[2026-09-07T08:15:33.698+0000] {processor.py:186} INFO - Started process (PID=9681) to work on /opt/airflow/dags/ml_04_steam_discount_prediction.py
[2026-09-07T08:15:33.699+0000] {processor.py:914} INFO - Processing file /opt/airflow/dags/ml_04_steam_discount_prediction.py for tasks to queue
[2026-09-07T08:15:33.700+0000] {logging_mixin.py:190} INFO - [2026-09-07T08:15:33.700+0000] {dagbag.py:588} INFO - Filling up the DagBag from /opt/airflow/dags/ml_04_steam_discount_prediction.py
[2026-09-07T08:15:34.915+0000] {processor.py:925} INFO - DAG(s) 'steam_discount_prediction_dag' retrieved from /opt/airflow/dags/ml_04_steam_discount_prediction.py
[2026-09-07T08:15:34.938+0000] {logging_mixin.py:190} INFO - [2026-09-07T08:15:34.937+0000] {dag.py:3239} INFO - Sync 1 DAGs
[2026-09-07T08:15:34.955+0000] {logging_mixin.py:190} INFO - [2026-09-07T08:15:34.955+0000] {dag.py:4180} INFO - Setting next_dagrun for steam_discount_prediction_dag to 2026-09-07 00:00:00+00:00, run_after=2026-09-08 00:00:00+00:00
[2026-09-07T08:15:34.972+0000] {processor.py:208} INFO - Processing /opt/airflow/dags/ml_04_steam_discount_prediction.py took 1.280 seconds
[2026-09-07T08:16:05.054+0000] {processor.py:186} INFO - Started process (PID=9712) to work on /opt/airflow/dags/ml_04_steam_discount_prediction.py
[2026-09-07T08:16:05.055+0000] {processor.py:914} INFO - Processing file /opt/airflow/dags/ml_04_steam_discount_prediction.py for tasks to queue
[2026-09-07T08:16:05.057+0000] {logging_mixin.py:190} INFO - [2026-09-07T08:16:05.056+0000] {dagbag.py:588} INFO - Filling up the DagBag from /opt/airflow/dags/ml_04_steam_discount_prediction.py
[2026-09-07T08:16:06.417+0000] {processor.py:925} INFO - DAG(s) 'steam_discount_prediction_dag' retrieved from /opt/airflow/dags/ml_04_steam_discount_prediction.py
[2026-09-07T08:16:06.438+0000] {logging_mixin.py:190} INFO - [2026-09-07T08:16:06.438+0000] {dag.py:3239} INFO - Sync 1 DAGs
[2026-09-07T08:16:06.456+0000] {logging_mixin.py:190} INFO - [2026-09-07T08:16:06.456+0000] {dag.py:4180} INFO - Setting next_dagrun for steam_discount_prediction_dag to 2026-09-07 00:00:00+00:00, run_after=2026-09-08 00:00:00+00:00
[2026-09-07T08:16:06.472+0000] {processor.py:208} INFO - Processing /opt/airflow/dags/ml_04_steam_discount_prediction.py took 1.424 seconds
[2026-09-07T08:16:36.751+0000] {processor.py:186} INFO - Started process (PID=9744) to work on /opt/airflow/dags/ml_04_steam_discount_prediction.py
[2026-09-07T08:16:36.752+0000] {processor.py:914} INFO - Processing file /opt/airflow/dags/ml_04_steam_discount_prediction.py for tasks to queue
[2026-09-07T08:16:36.754+0000] {logging_mixin.py:190} INFO - [2026-09-07T08:16:36.753+0000] {dagbag.py:588} INFO - Filling up the DagBag from /opt/airflow/dags/ml_04_steam_discount_prediction.py
[2026-09-07T08:16:38.257+0000] {processor.py:925} INFO - DAG(s) 'steam_discount_prediction_dag' retrieved from /opt/airflow/dags/ml_04_steam_discount_prediction.py
[2026-09-07T08:16:38.280+0000] {logging_mixin.py:190} INFO - [2026-09-07T08:16:38.280+0000] {dag.py:3239} INFO - Sync 1 DAGs
[2026-09-07T08:16:38.300+0000] {logging_mixin.py:190} INFO - [2026-09-07T08:16:38.300+0000] {dag.py:4180} INFO - Setting next_dagrun for steam_discount_prediction_dag to 2026-09-07 00:00:00+00:00, run_after=2026-09-08 00:00:00+00:00
[2026-09-07T08:16:38.319+0000] {processor.py:208} INFO - Processing /opt/airflow/dags/ml_04_steam_discount_prediction.py took 1.576 seconds
[2026-09-07T08:17:08.614+0000] {processor.py:186} INFO - Started process (PID=9775) to work on /opt/airflow/dags/ml_04_steam_discount_prediction.py
[2026-09-07T08:17:08.614+0000] {processor.py:914} INFO - Processing file /opt/airflow/dags/ml_04_steam_discount_prediction.py for tasks to queue
[2026-09-07T08:17:08.616+0000] {logging_mixin.py:190} INFO - [2026-09-07T08:17:08.615+0000] {dagbag.py:588} INFO - Filling up the DagBag from /opt/airflow/dags/ml_04_steam_discount_prediction.py
[2026-09-07T08:17:10.023+0000] {processor.py:925} INFO - DAG(s) 'steam_discount_prediction_dag' retrieved from /opt/airflow/dags/ml_04_steam_discount_prediction.py
[2026-09-07T08:17:10.050+0000] {logging_mixin.py:190} INFO - [2026-09-07T08:17:10.049+0000] {dag.py:3239} INFO - Sync 1 DAGs
[2026-09-07T08:17:10.076+0000] {logging_mixin.py:190} INFO - [2026-09-07T08:17:10.075+0000] {dag.py:4180} INFO - Setting next_dagrun for steam_discount_prediction_dag to 2026-09-07 00:00:00+00:00, run_after=2026-09-08 00:00:00+00:00
[2026-09-07T08:17:10.094+0000] {processor.py:208} INFO - Processing /opt/airflow/dags/ml_04_steam_discount_prediction.py took 1.488 seconds
[2026-09-07T08:17:40.219+0000] {processor.py:186} INFO - Started process (PID=9806) to work on /opt/airflow/dags/ml_04_steam_discount_prediction.py
[2026-09-07T08:17:40.220+0000] {processor.py:914} INFO - Processing file /opt/airflow/dags/ml_04_steam_discount_prediction.py for tasks to queue
[2026-09-07T08:17:40.222+0000] {logging_mixin.py:190} INFO - [2026-09-07T08:17:40.221+0000] {dagbag.py:588} INFO - Filling up the DagBag from /opt/airflow/dags/ml_04_steam_discount_prediction.py
[2026-09-07T08:17:41.681+0000] {processor.py:925} INFO - DAG(s) 'steam_discount_prediction_dag' retrieved from /opt/airflow/dags/ml_04_steam_discount_prediction.py
[2026-09-07T08:17:41.705+0000] {logging_mixin.py:190} INFO - [2026-09-07T08:17:41.704+0000] {dag.py:3239} INFO - Sync 1 DAGs
[2026-09-07T08:17:41.722+0000] {logging_mixin.py:190} INFO - [2026-09-07T08:17:41.722+0000] {dag.py:4180} INFO - Setting next_dagrun for steam_discount_prediction_dag to 2026-09-07 00:00:00+00:00, run_after=2026-09-08 00:00:00+00:00
[2026-09-07T08:17:41.740+0000] {processor.py:208} INFO - Processing /opt/airflow/dags/ml_04_steam_discount_prediction.py took 1.527 seconds
[2026-09-07T08:18:11.906+0000] {processor.py:186} INFO - Started process (PID=9844) to work on /opt/airflow/dags/ml_04_steam_discount_prediction.py
[2026-09-07T08:18:11.906+0000] {processor.py:914} INFO - Processing file /opt/airflow/dags/ml_04_steam_discount_prediction.py for tasks to queue
[2026-09-07T08:18:11.907+0000] {logging_mixin.py:190} INFO - [2026-09-07T08:18:11.907+0000] {dagbag.py:588} INFO - Filling up the DagBag from /opt/airflow/dags/ml_04_steam_discount_prediction.py
[2026-09-07T08:18:13.165+0000] {processor.py:925} INFO - DAG(s) 'steam_discount_prediction_dag' retrieved from /opt/airflow/dags/ml_04_steam_discount_prediction.py
[2026-09-07T08:18:13.186+0000] {logging_mixin.py:190} INFO - [2026-09-07T08:18:13.186+0000] {dag.py:3239} INFO - Sync 1 DAGs
[2026-09-07T08:18:13.203+0000] {logging_mixin.py:190} INFO - [2026-09-07T08:18:13.202+0000] {dag.py:4180} INFO - Setting next_dagrun for steam_discount_prediction_dag to 2026-09-07 00:00:00+00:00, run_after=2026-09-08 00:00:00+00:00
[2026-09-07T08:18:13.219+0000] {processor.py:208} INFO - Processing /opt/airflow/dags/ml_04_steam_discount_prediction.py took 1.319 seconds
[2026-09-07T08:18:43.437+0000] {processor.py:186} INFO - Started process (PID=9877) to work on /opt/airflow/dags/ml_04_steam_discount_prediction.py
[2026-09-07T08:18:43.437+0000] {processor.py:914} INFO - Processing file /opt/airflow/dags/ml_04_steam_discount_prediction.py for tasks to queue
[2026-09-07T08:18:43.438+0000] {logging_mixin.py:190} INFO - [2026-09-07T08:18:43.438+0000] {dagbag.py:588} INFO - Filling up the DagBag from /opt/airflow/dags/ml_04_steam_discount_prediction.py
[2026-09-07T08:18:44.660+0000] {processor.py:925} INFO - DAG(s) 'steam_discount_prediction_dag' retrieved from /opt/airflow/dags/ml_04_steam_discount_prediction.py
[2026-09-07T08:18:44.687+0000] {logging_mixin.py:190} INFO - [2026-09-07T08:18:44.686+0000] {dag.py:3239} INFO - Sync 1 DAGs
[2026-09-07T08:18:44.708+0000] {logging_mixin.py:190} INFO - [2026-09-07T08:18:44.708+0000] {dag.py:4180} INFO - Setting next_dagrun for steam_discount_prediction_dag to 2026-09-07 00:00:00+00:00, run_after=2026-09-08 00:00:00+00:00
[2026-09-07T08:18:44.727+0000] {processor.py:208} INFO - Processing /opt/airflow/dags/ml_04_steam_discount_prediction.py took 1.296 seconds
[2026-09-07T08:19:15.597+0000] {processor.py:186} INFO - Started process (PID=9908) to work on /opt/airflow/dags/ml_04_steam_discount_prediction.py
[2026-09-07T08:19:15.598+0000] {processor.py:914} INFO - Processing file /opt/airflow/dags/ml_04_steam_discount_prediction.py for tasks to queue
[2026-09-07T08:19:15.599+0000] {logging_mixin.py:190} INFO - [2026-09-07T08:19:15.598+0000] {dagbag.py:588} INFO - Filling up the DagBag from /opt/airflow/dags/ml_04_steam_discount_prediction.py
[2026-09-07T08:19:16.850+0000] {processor.py:925} INFO - DAG(s) 'steam_discount_prediction_dag' retrieved from /opt/airflow/dags/ml_04_steam_discount_prediction.py
[2026-09-07T08:19:16.873+0000] {logging_mixin.py:190} INFO - [2026-09-07T08:19:16.872+0000] {dag.py:3239} INFO - Sync 1 DAGs
[2026-09-07T08:19:16.889+0000] {logging_mixin.py:190} INFO - [2026-09-07T08:19:16.889+0000] {dag.py:4180} INFO - Setting next_dagrun for steam_discount_prediction_dag to 2026-09-07 00:00:00+00:00, run_after=2026-09-08 00:00:00+00:00
[2026-09-07T08:19:16.906+0000] {processor.py:208} INFO - Processing /opt/airflow/dags/ml_04_steam_discount_prediction.py took 1.314 seconds
[2026-09-07T08:19:47.005+0000] {processor.py:186} INFO - Started process (PID=9939) to work on /opt/airflow/dags/ml_04_steam_discount_prediction.py
[2026-09-07T08:19:47.006+0000] {processor.py:914} INFO - Processing file /opt/airflow/dags/ml_04_steam_discount_prediction.py for tasks to queue
[2026-09-07T08:19:47.007+0000] {logging_mixin.py:190} INFO - [2026-09-07T08:19:47.007+0000] {dagbag.py:588} INFO - Filling up the DagBag from /opt/airflow/dags/ml_04_steam_discount_prediction.py
[2026-09-07T08:19:48.314+0000] {processor.py:925} INFO - DAG(s) 'steam_discount_prediction_dag' retrieved from /opt/airflow/dags/ml_04_steam_discount_prediction.py
[2026-09-07T08:19:48.337+0000] {logging_mixin.py:190} INFO - [2026-09-07T08:19:48.336+0000] {dag.py:3239} INFO - Sync 1 DAGs
[2026-09-07T08:19:48.355+0000] {logging_mixin.py:190} INFO - [2026-09-07T08:19:48.354+0000] {dag.py:4180} INFO - Setting next_dagrun for steam_discount_prediction_dag to 2026-09-07 00:00:00+00:00, run_after=2026-09-08 00:00:00+00:00
[2026-09-07T08:19:48.371+0000] {processor.py:208} INFO - Processing /opt/airflow/dags/ml_04_steam_discount_prediction.py took 1.372 seconds
[2026-09-07T08:20:18.504+0000] {processor.py:186} INFO - Started process (PID=9971) to work on /opt/airflow/dags/ml_04_steam_discount_prediction.py
[2026-09-07T08:20:18.505+0000] {processor.py:914} INFO - Processing file /opt/airflow/dags/ml_04_steam_discount_prediction.py for tasks to queue
[2026-09-07T08:20:18.506+0000] {logging_mixin.py:190} INFO - [2026-09-07T08:20:18.506+0000] {dagbag.py:588} INFO - Filling up the DagBag from /opt/airflow/dags/ml_04_steam_discount_prediction.py
[2026-09-07T08:20:19.789+0000] {processor.py:925} INFO - DAG(s) 'steam_discount_prediction_dag' retrieved from /opt/airflow/dags/ml_04_steam_discount_prediction.py
[2026-09-07T08:20:19.813+0000] {logging_mixin.py:190} INFO - [2026-09-07T08:20:19.812+0000] {dag.py:3239} INFO - Sync 1 DAGs
[2026-09-07T08:20:19.833+0000] {logging_mixin.py:190} INFO - [2026-09-07T08:20:19.832+0000] {dag.py:4180} INFO - Setting next_dagrun for steam_discount_prediction_dag to 2026-09-07 00:00:00+00:00, run_after=2026-09-08 00:00:00+00:00
[2026-09-07T08:20:19.852+0000] {processor.py:208} INFO - Processing /opt/airflow/dags/ml_04_steam_discount_prediction.py took 1.354 seconds
[2026-09-07T08:20:50.662+0000] {processor.py:186} INFO - Started process (PID=10002) to work on /opt/airflow/dags/ml_04_steam_discount_prediction.py
[2026-09-07T08:20:50.662+0000] {processor.py:914} INFO - Processing file /opt/airflow/dags/ml_04_steam_discount_prediction.py for tasks to queue
[2026-09-07T08:20:50.663+0000] {logging_mixin.py:190} INFO - [2026-09-07T08:20:50.663+0000] {dagbag.py:588} INFO - Filling up the DagBag from /opt/airflow/dags/ml_04_steam_discount_prediction.py
[2026-09-07T08:20:51.882+0000] {processor.py:925} INFO - DAG(s) 'steam_discount_prediction_dag' retrieved from /opt/airflow/dags/ml_04_steam_discount_prediction.py
[2026-09-07T08:20:51.912+0000] {logging_mixin.py:190} INFO - [2026-09-07T08:20:51.912+0000] {dag.py:3239} INFO - Sync 1 DAGs
[2026-09-07T08:20:51.930+0000] {logging_mixin.py:190} INFO - [2026-09-07T08:20:51.930+0000] {dag.py:4180} INFO - Setting next_dagrun for steam_discount_prediction_dag to 2026-09-07 00:00:00+00:00, run_after=2026-09-08 00:00:00+00:00
[2026-09-07T08:20:51.946+0000] {processor.py:208} INFO - Processing /opt/airflow/dags/ml_04_steam_discount_prediction.py took 1.289 seconds
[2026-09-07T08:21:22.793+0000] {processor.py:186} INFO - Started process (PID=10039) to work on /opt/airflow/dags/ml_04_steam_discount_prediction.py
[2026-09-07T08:21:22.794+0000] {processor.py:914} INFO - Processing file /opt/airflow/dags/ml_04_steam_discount_prediction.py for tasks to queue
[2026-09-07T08:21:22.795+0000] {logging_mixin.py:190} INFO - [2026-09-07T08:21:22.795+0000] {dagbag.py:588} INFO - Filling up the DagBag from /opt/airflow/dags/ml_04_steam_discount_prediction.py
[2026-09-07T08:21:24.058+0000] {processor.py:925} INFO - DAG(s) 'steam_discount_prediction_dag' retrieved from /opt/airflow/dags/ml_04_steam_discount_prediction.py
[2026-09-07T08:21:24.082+0000] {logging_mixin.py:190} INFO - [2026-09-07T08:21:24.081+0000] {dag.py:3239} INFO - Sync 1 DAGs
[2026-09-07T08:21:24.102+0000] {logging_mixin.py:190} INFO - [2026-09-07T08:21:24.102+0000] {dag.py:4180} INFO - Setting next_dagrun for steam_discount_prediction_dag to 2026-09-07 00:00:00+00:00, run_after=2026-09-08 00:00:00+00:00
[2026-09-07T08:21:24.119+0000] {processor.py:208} INFO - Processing /opt/airflow/dags/ml_04_steam_discount_prediction.py took 1.331 seconds
[2026-09-07T08:21:54.188+0000] {processor.py:186} INFO - Started process (PID=10070) to work on /opt/airflow/dags/ml_04_steam_discount_prediction.py
[2026-09-07T08:21:54.189+0000] {processor.py:914} INFO - Processing file /opt/airflow/dags/ml_04_steam_discount_prediction.py for tasks to queue
[2026-09-07T08:21:54.190+0000] {logging_mixin.py:190} INFO - [2026-09-07T08:21:54.190+0000] {dagbag.py:588} INFO - Filling up the DagBag from /opt/airflow/dags/ml_04_steam_discount_prediction.py
[2026-09-07T08:21:55.465+0000] {processor.py:925} INFO - DAG(s) 'steam_discount_prediction_dag' retrieved from /opt/airflow/dags/ml_04_steam_discount_prediction.py
[2026-09-07T08:21:55.488+0000] {logging_mixin.py:190} INFO - [2026-09-07T08:21:55.487+0000] {dag.py:3239} INFO - Sync 1 DAGs
[2026-09-07T08:21:55.505+0000] {logging_mixin.py:190} INFO - [2026-09-07T08:21:55.505+0000] {dag.py:4180} INFO - Setting next_dagrun for steam_discount_prediction_dag to 2026-09-07 00:00:00+00:00, run_after=2026-09-08 00:00:00+00:00
[2026-09-07T08:21:55.523+0000] {processor.py:208} INFO - Processing /opt/airflow/dags/ml_04_steam_discount_prediction.py took 1.342 seconds
[2026-09-07T08:22:25.736+0000] {processor.py:186} INFO - Started process (PID=10101) to work on /opt/airflow/dags/ml_04_steam_discount_prediction.py
[2026-09-07T08:22:25.737+0000] {processor.py:914} INFO - Processing file /opt/airflow/dags/ml_04_steam_discount_prediction.py for tasks to queue
[2026-09-07T08:22:25.738+0000] {logging_mixin.py:190} INFO - [2026-09-07T08:22:25.738+0000] {dagbag.py:588} INFO - Filling up the DagBag from /opt/airflow/dags/ml_04_steam_discount_prediction.py
[2026-09-07T08:22:26.991+0000] {processor.py:925} INFO - DAG(s) 'steam_discount_prediction_dag' retrieved from /opt/airflow/dags/ml_04_steam_discount_prediction.py
[2026-09-07T08:22:27.017+0000] {logging_mixin.py:190} INFO - [2026-09-07T08:22:27.016+0000] {dag.py:3239} INFO - Sync 1 DAGs
[2026-09-07T08:22:27.036+0000] {logging_mixin.py:190} INFO - [2026-09-07T08:22:27.036+0000] {dag.py:4180} INFO - Setting next_dagrun for steam_discount_prediction_dag to 2026-09-07 00:00:00+00:00, run_after=2026-09-08 00:00:00+00:00
[2026-09-07T08:22:27.056+0000] {processor.py:208} INFO - Processing /opt/airflow/dags/ml_04_steam_discount_prediction.py took 1.325 seconds
[2026-09-07T08:22:57.985+0000] {processor.py:186} INFO - Started process (PID=10132) to work on /opt/airflow/dags/ml_04_steam_discount_prediction.py
[2026-09-07T08:22:57.986+0000] {processor.py:914} INFO - Processing file /opt/airflow/dags/ml_04_steam_discount_prediction.py for tasks to queue
[2026-09-07T08:22:57.987+0000] {logging_mixin.py:190} INFO - [2026-09-07T08:22:57.987+0000] {dagbag.py:588} INFO - Filling up the DagBag from /opt/airflow/dags/ml_04_steam_discount_prediction.py
[2026-09-07T08:22:59.153+0000] {processor.py:925} INFO - DAG(s) 'steam_discount_prediction_dag' retrieved from /opt/airflow/dags/ml_04_steam_discount_prediction.py
[2026-09-07T08:22:59.174+0000] {logging_mixin.py:190} INFO - [2026-09-07T08:22:59.174+0000] {dag.py:3239} INFO - Sync 1 DAGs
[2026-09-07T08:22:59.193+0000] {logging_mixin.py:190} INFO - [2026-09-07T08:22:59.193+0000] {dag.py:4180} INFO - Setting next_dagrun for steam_discount_prediction_dag to 2026-09-07 00:00:00+00:00, run_after=2026-09-08 00:00:00+00:00
[2026-09-07T08:22:59.208+0000] {processor.py:208} INFO - Processing /opt/airflow/dags/ml_04_steam_discount_prediction.py took 1.228 seconds
[2026-09-07T08:23:29.529+0000] {processor.py:186} INFO - Started process (PID=10163) to work on /opt/airflow/dags/ml_04_steam_discount_prediction.py
[2026-09-07T08:23:29.530+0000] {processor.py:914} INFO - Processing file /opt/airflow/dags/ml_04_steam_discount_prediction.py for tasks to queue
[2026-09-07T08:23:29.531+0000] {logging_mixin.py:190} INFO - [2026-09-07T08:23:29.530+0000] {dagbag.py:588} INFO - Filling up the DagBag from /opt/airflow/dags/ml_04_steam_discount_prediction.py
[2026-09-07T08:23:30.842+0000] {processor.py:925} INFO - DAG(s) 'steam_discount_prediction_dag' retrieved from /opt/airflow/dags/ml_04_steam_discount_prediction.py
[2026-09-07T08:23:30.870+0000] {logging_mixin.py:190} INFO - [2026-09-07T08:23:30.869+0000] {dag.py:3239} INFO - Sync 1 DAGs
[2026-09-07T08:23:30.889+0000] {logging_mixin.py:190} INFO - [2026-09-07T08:23:30.889+0000] {dag.py:4180} INFO - Setting next_dagrun for steam_discount_prediction_dag to 2026-09-07 00:00:00+00:00, run_after=2026-09-08 00:00:00+00:00
[2026-09-07T08:23:30.906+0000] {processor.py:208} INFO - Processing /opt/airflow/dags/ml_04_steam_discount_prediction.py took 1.383 seconds
[2026-09-07T08:24:01.520+0000] {processor.py:186} INFO - Started process (PID=10194) to work on /opt/airflow/dags/ml_04_steam_discount_prediction.py
[2026-09-07T08:24:01.521+0000] {processor.py:914} INFO - Processing file /opt/airflow/dags/ml_04_steam_discount_prediction.py for tasks to queue
[2026-09-07T08:24:01.522+0000] {logging_mixin.py:190} INFO - [2026-09-07T08:24:01.522+0000] {dagbag.py:588} INFO - Filling up the DagBag from /opt/airflow/dags/ml_04_steam_discount_prediction.py
[2026-09-07T08:24:02.694+0000] {processor.py:925} INFO - DAG(s) 'steam_discount_prediction_dag' retrieved from /opt/airflow/dags/ml_04_steam_discount_prediction.py
[2026-09-07T08:24:02.716+0000] {logging_mixin.py:190} INFO - [2026-09-07T08:24:02.716+0000] {dag.py:3239} INFO - Sync 1 DAGs
[2026-09-07T08:24:02.734+0000] {logging_mixin.py:190} INFO - [2026-09-07T08:24:02.734+0000] {dag.py:4180} INFO - Setting next_dagrun for steam_discount_prediction_dag to 2026-09-07 00:00:00+00:00, run_after=2026-09-08 00:00:00+00:00
[2026-09-07T08:24:02.749+0000] {processor.py:208} INFO - Processing /opt/airflow/dags/ml_04_steam_discount_prediction.py took 1.235 seconds
[2026-09-07T08:24:32.922+0000] {processor.py:186} INFO - Started process (PID=10225) to work on /opt/airflow/dags/ml_04_steam_discount_prediction.py
[2026-09-07T08:24:32.923+0000] {processor.py:914} INFO - Processing file /opt/airflow/dags/ml_04_steam_discount_prediction.py for tasks to queue
[2026-09-07T08:24:32.924+0000] {logging_mixin.py:190} INFO - [2026-09-07T08:24:32.924+0000] {dagbag.py:588} INFO - Filling up the DagBag from /opt/airflow/dags/ml_04_steam_discount_prediction.py
[2026-09-07T08:24:34.247+0000] {processor.py:925} INFO - DAG(s) 'steam_discount_prediction_dag' retrieved from /opt/airflow/dags/ml_04_steam_discount_prediction.py
[2026-09-07T08:24:34.271+0000] {logging_mixin.py:190} INFO - [2026-09-07T08:24:34.270+0000] {dag.py:3239} INFO - Sync 1 DAGs
[2026-09-07T08:24:34.289+0000] {logging_mixin.py:190} INFO - [2026-09-07T08:24:34.289+0000] {dag.py:4180} INFO - Setting next_dagrun for steam_discount_prediction_dag to 2026-09-07 00:00:00+00:00, run_after=2026-09-08 00:00:00+00:00
[2026-09-07T08:24:34.306+0000] {processor.py:208} INFO - Processing /opt/airflow/dags/ml_04_steam_discount_prediction.py took 1.389 seconds
[2026-09-07T08:25:04.544+0000] {processor.py:186} INFO - Started process (PID=10256) to work on /opt/airflow/dags/ml_04_steam_discount_prediction.py
[2026-09-07T08:25:04.545+0000] {processor.py:914} INFO - Processing file /opt/airflow/dags/ml_04_steam_discount_prediction.py for tasks to queue
[2026-09-07T08:25:04.547+0000] {logging_mixin.py:190} INFO - [2026-09-07T08:25:04.546+0000] {dagbag.py:588} INFO - Filling up the DagBag from /opt/airflow/dags/ml_04_steam_discount_prediction.py
[2026-09-07T08:25:05.717+0000] {processor.py:925} INFO - DAG(s) 'steam_discount_prediction_dag' retrieved from /opt/airflow/dags/ml_04_steam_discount_prediction.py
[2026-09-07T08:25:05.741+0000] {logging_mixin.py:190} INFO - [2026-09-07T08:25:05.741+0000] {dag.py:3239} INFO - Sync 1 DAGs
[2026-09-07T08:25:05.763+0000] {logging_mixin.py:190} INFO - [2026-09-07T08:25:05.763+0000] {dag.py:4180} INFO - Setting next_dagrun for steam_discount_prediction_dag to 2026-09-07 00:00:00+00:00, run_after=2026-09-08 00:00:00+00:00
[2026-09-07T08:25:05.779+0000] {processor.py:208} INFO - Processing /opt/airflow/dags/ml_04_steam_discount_prediction.py took 1.240 seconds
[2026-09-07T08:25:35.998+0000] {processor.py:186} INFO - Started process (PID=10287) to work on /opt/airflow/dags/ml_04_steam_discount_prediction.py
[2026-09-07T08:25:35.999+0000] {processor.py:914} INFO - Processing file /opt/airflow/dags/ml_04_steam_discount_prediction.py for tasks to queue
[2026-09-07T08:25:36.000+0000] {logging_mixin.py:190} INFO - [2026-09-07T08:25:36.000+0000] {dagbag.py:588} INFO - Filling up the DagBag from /opt/airflow/dags/ml_04_steam_discount_prediction.py
[2026-09-07T08:25:37.354+0000] {processor.py:925} INFO - DAG(s) 'steam_discount_prediction_dag' retrieved from /opt/airflow/dags/ml_04_steam_discount_prediction.py
[2026-09-07T08:25:37.377+0000] {logging_mixin.py:190} INFO - [2026-09-07T08:25:37.377+0000] {dag.py:3239} INFO - Sync 1 DAGs
[2026-09-07T08:25:37.395+0000] {logging_mixin.py:190} INFO - [2026-09-07T08:25:37.395+0000] {dag.py:4180} INFO - Setting next_dagrun for steam_discount_prediction_dag to 2026-09-07 00:00:00+00:00, run_after=2026-09-08 00:00:00+00:00
[2026-09-07T08:25:37.411+0000] {processor.py:208} INFO - Processing /opt/airflow/dags/ml_04_steam_discount_prediction.py took 1.420 seconds
[2026-09-07T08:26:07.533+0000] {processor.py:186} INFO - Started process (PID=10318) to work on /opt/airflow/dags/ml_04_steam_discount_prediction.py
[2026-09-07T08:26:07.534+0000] {processor.py:914} INFO - Processing file /opt/airflow/dags/ml_04_steam_discount_prediction.py for tasks to queue
[2026-09-07T08:26:07.535+0000] {logging_mixin.py:190} INFO - [2026-09-07T08:26:07.535+0000] {dagbag.py:588} INFO - Filling up the DagBag from /opt/airflow/dags/ml_04_steam_discount_prediction.py
[2026-09-07T08:26:08.840+0000] {processor.py:925} INFO - DAG(s) 'steam_discount_prediction_dag' retrieved from /opt/airflow/dags/ml_04_steam_discount_prediction.py
[2026-09-07T08:26:08.864+0000] {logging_mixin.py:190} INFO - [2026-09-07T08:26:08.864+0000] {dag.py:3239} INFO - Sync 1 DAGs
[2026-09-07T08:26:08.884+0000] {logging_mixin.py:190} INFO - [2026-09-07T08:26:08.884+0000] {dag.py:4180} INFO - Setting next_dagrun for steam_discount_prediction_dag to 2026-09-07 00:00:00+00:00, run_after=2026-09-08 00:00:00+00:00
[2026-09-07T08:26:08.902+0000] {processor.py:208} INFO - Processing /opt/airflow/dags/ml_04_steam_discount_prediction.py took 1.378 seconds
[2026-09-07T08:26:39.114+0000] {processor.py:186} INFO - Started process (PID=10349) to work on /opt/airflow/dags/ml_04_steam_discount_prediction.py
[2026-09-07T08:26:39.114+0000] {processor.py:914} INFO - Processing file /opt/airflow/dags/ml_04_steam_discount_prediction.py for tasks to queue
[2026-09-07T08:26:39.116+0000] {logging_mixin.py:190} INFO - [2026-09-07T08:26:39.115+0000] {dagbag.py:588} INFO - Filling up the DagBag from /opt/airflow/dags/ml_04_steam_discount_prediction.py
[2026-09-07T08:26:40.411+0000] {processor.py:925} INFO - DAG(s) 'steam_discount_prediction_dag' retrieved from /opt/airflow/dags/ml_04_steam_discount_prediction.py
[2026-09-07T08:26:40.436+0000] {logging_mixin.py:190} INFO - [2026-09-07T08:26:40.435+0000] {dag.py:3239} INFO - Sync 1 DAGs
[2026-09-07T08:26:40.455+0000] {logging_mixin.py:190} INFO - [2026-09-07T08:26:40.455+0000] {dag.py:4180} INFO - Setting next_dagrun for steam_discount_prediction_dag to 2026-09-07 00:00:00+00:00, run_after=2026-09-08 00:00:00+00:00
[2026-09-07T08:26:40.472+0000] {processor.py:208} INFO - Processing /opt/airflow/dags/ml_04_steam_discount_prediction.py took 1.366 seconds
[2026-09-07T08:27:11.287+0000] {processor.py:186} INFO - Started process (PID=10380) to work on /opt/airflow/dags/ml_04_steam_discount_prediction.py
[2026-09-07T08:27:11.288+0000] {processor.py:914} INFO - Processing file /opt/airflow/dags/ml_04_steam_discount_prediction.py for tasks to queue
[2026-09-07T08:27:11.289+0000] {logging_mixin.py:190} INFO - [2026-09-07T08:27:11.289+0000] {dagbag.py:588} INFO - Filling up the DagBag from /opt/airflow/dags/ml_04_steam_discount_prediction.py
[2026-09-07T08:27:12.562+0000] {processor.py:925} INFO - DAG(s) 'steam_discount_prediction_dag' retrieved from /opt/airflow/dags/ml_04_steam_discount_prediction.py
[2026-09-07T08:27:12.587+0000] {logging_mixin.py:190} INFO - [2026-09-07T08:27:12.586+0000] {dag.py:3239} INFO - Sync 1 DAGs
[2026-09-07T08:27:12.608+0000] {logging_mixin.py:190} INFO - [2026-09-07T08:27:12.607+0000] {dag.py:4180} INFO - Setting next_dagrun for steam_discount_prediction_dag to 2026-09-07 00:00:00+00:00, run_after=2026-09-08 00:00:00+00:00
[2026-09-07T08:27:12.626+0000] {processor.py:208} INFO - Processing /opt/airflow/dags/ml_04_steam_discount_prediction.py took 1.345 seconds
[2026-09-07T08:27:43.265+0000] {processor.py:186} INFO - Started process (PID=10411) to work on /opt/airflow/dags/ml_04_steam_discount_prediction.py
[2026-09-07T08:27:43.266+0000] {processor.py:914} INFO - Processing file /opt/airflow/dags/ml_04_steam_discount_prediction.py for tasks to queue
[2026-09-07T08:27:43.267+0000] {logging_mixin.py:190} INFO - [2026-09-07T08:27:43.267+0000] {dagbag.py:588} INFO - Filling up the DagBag from /opt/airflow/dags/ml_04_steam_discount_prediction.py
[2026-09-07T08:27:44.564+0000] {processor.py:925} INFO - DAG(s) 'steam_discount_prediction_dag' retrieved from /opt/airflow/dags/ml_04_steam_discount_prediction.py
[2026-09-07T08:27:44.587+0000] {logging_mixin.py:190} INFO - [2026-09-07T08:27:44.587+0000] {dag.py:3239} INFO - Sync 1 DAGs
[2026-09-07T08:27:44.605+0000] {logging_mixin.py:190} INFO - [2026-09-07T08:27:44.605+0000] {dag.py:4180} INFO - Setting next_dagrun for steam_discount_prediction_dag to 2026-09-07 00:00:00+00:00, run_after=2026-09-08 00:00:00+00:00
[2026-09-07T08:27:44.623+0000] {processor.py:208} INFO - Processing /opt/airflow/dags/ml_04_steam_discount_prediction.py took 1.364 seconds
[2026-09-07T08:28:15.162+0000] {processor.py:186} INFO - Started process (PID=10442) to work on /opt/airflow/dags/ml_04_steam_discount_prediction.py
[2026-09-07T08:28:15.162+0000] {processor.py:914} INFO - Processing file /opt/airflow/dags/ml_04_steam_discount_prediction.py for tasks to queue
[2026-09-07T08:28:15.164+0000] {logging_mixin.py:190} INFO - [2026-09-07T08:28:15.163+0000] {dagbag.py:588} INFO - Filling up the DagBag from /opt/airflow/dags/ml_04_steam_discount_prediction.py
[2026-09-07T08:28:16.423+0000] {processor.py:925} INFO - DAG(s) 'steam_discount_prediction_dag' retrieved from /opt/airflow/dags/ml_04_steam_discount_prediction.py
[2026-09-07T08:28:16.447+0000] {logging_mixin.py:190} INFO - [2026-09-07T08:28:16.446+0000] {dag.py:3239} INFO - Sync 1 DAGs
[2026-09-07T08:28:16.465+0000] {logging_mixin.py:190} INFO - [2026-09-07T08:28:16.464+0000] {dag.py:4180} INFO - Setting next_dagrun for steam_discount_prediction_dag to 2026-09-07 00:00:00+00:00, run_after=2026-09-08 00:00:00+00:00
[2026-09-07T08:28:16.480+0000] {processor.py:208} INFO - Processing /opt/airflow/dags/ml_04_steam_discount_prediction.py took 1.325 seconds
[2026-09-07T08:28:47.059+0000] {processor.py:186} INFO - Started process (PID=10474) to work on /opt/airflow/dags/ml_04_steam_discount_prediction.py
[2026-09-07T08:28:47.060+0000] {processor.py:914} INFO - Processing file /opt/airflow/dags/ml_04_steam_discount_prediction.py for tasks to queue
[2026-09-07T08:28:47.061+0000] {logging_mixin.py:190} INFO - [2026-09-07T08:28:47.061+0000] {dagbag.py:588} INFO - Filling up the DagBag from /opt/airflow/dags/ml_04_steam_discount_prediction.py
[2026-09-07T08:28:48.364+0000] {processor.py:925} INFO - DAG(s) 'steam_discount_prediction_dag' retrieved from /opt/airflow/dags/ml_04_steam_discount_prediction.py
[2026-09-07T08:28:48.388+0000] {logging_mixin.py:190} INFO - [2026-09-07T08:28:48.387+0000] {dag.py:3239} INFO - Sync 1 DAGs
[2026-09-07T08:28:48.408+0000] {logging_mixin.py:190} INFO - [2026-09-07T08:28:48.407+0000] {dag.py:4180} INFO - Setting next_dagrun for steam_discount_prediction_dag to 2026-09-07 00:00:00+00:00, run_after=2026-09-08 00:00:00+00:00
[2026-09-07T08:28:48.426+0000] {processor.py:208} INFO - Processing /opt/airflow/dags/ml_04_steam_discount_prediction.py took 1.373 seconds
[2026-09-07T08:29:18.775+0000] {processor.py:186} INFO - Started process (PID=10505) to work on /opt/airflow/dags/ml_04_steam_discount_prediction.py
[2026-09-07T08:29:18.775+0000] {processor.py:914} INFO - Processing file /opt/airflow/dags/ml_04_steam_discount_prediction.py for tasks to queue
[2026-09-07T08:29:18.777+0000] {logging_mixin.py:190} INFO - [2026-09-07T08:29:18.776+0000] {dagbag.py:588} INFO - Filling up the DagBag from /opt/airflow/dags/ml_04_steam_discount_prediction.py
[2026-09-07T08:29:20.322+0000] {processor.py:925} INFO - DAG(s) 'steam_discount_prediction_dag' retrieved from /opt/airflow/dags/ml_04_steam_discount_prediction.py
[2026-09-07T08:29:20.349+0000] {logging_mixin.py:190} INFO - [2026-09-07T08:29:20.349+0000] {dag.py:3239} INFO - Sync 1 DAGs
[2026-09-07T08:29:20.370+0000] {logging_mixin.py:190} INFO - [2026-09-07T08:29:20.370+0000] {dag.py:4180} INFO - Setting next_dagrun for steam_discount_prediction_dag to 2026-09-07 00:00:00+00:00, run_after=2026-09-08 00:00:00+00:00
[2026-09-07T08:29:20.390+0000] {processor.py:208} INFO - Processing /opt/airflow/dags/ml_04_steam_discount_prediction.py took 1.621 seconds
[2026-09-07T08:29:50.705+0000] {processor.py:186} INFO - Started process (PID=10535) to work on /opt/airflow/dags/ml_04_steam_discount_prediction.py
[2026-09-07T08:29:50.706+0000] {processor.py:914} INFO - Processing file /opt/airflow/dags/ml_04_steam_discount_prediction.py for tasks to queue
[2026-09-07T08:29:50.708+0000] {logging_mixin.py:190} INFO - [2026-09-07T08:29:50.707+0000] {dagbag.py:588} INFO - Filling up the DagBag from /opt/airflow/dags/ml_04_steam_discount_prediction.py
[2026-09-07T08:29:52.056+0000] {processor.py:925} INFO - DAG(s) 'steam_discount_prediction_dag' retrieved from /opt/airflow/dags/ml_04_steam_discount_prediction.py
[2026-09-07T08:29:52.083+0000] {logging_mixin.py:190} INFO - [2026-09-07T08:29:52.082+0000] {dag.py:3239} INFO - Sync 1 DAGs
[2026-09-07T08:29:52.104+0000] {logging_mixin.py:190} INFO - [2026-09-07T08:29:52.104+0000] {dag.py:4180} INFO - Setting next_dagrun for steam_discount_prediction_dag to 2026-09-07 00:00:00+00:00, run_after=2026-09-08 00:00:00+00:00
[2026-09-07T08:29:52.122+0000] {processor.py:208} INFO - Processing /opt/airflow/dags/ml_04_steam_discount_prediction.py took 1.424 seconds
[2026-09-07T08:30:23.062+0000] {processor.py:186} INFO - Started process (PID=10572) to work on /opt/airflow/dags/ml_04_steam_discount_prediction.py
[2026-09-07T08:30:23.063+0000] {processor.py:914} INFO - Processing file /opt/airflow/dags/ml_04_steam_discount_prediction.py for tasks to queue
[2026-09-07T08:30:23.065+0000] {logging_mixin.py:190} INFO - [2026-09-07T08:30:23.064+0000] {dagbag.py:588} INFO - Filling up the DagBag from /opt/airflow/dags/ml_04_steam_discount_prediction.py
[2026-09-07T08:30:24.461+0000] {processor.py:925} INFO - DAG(s) 'steam_discount_prediction_dag' retrieved from /opt/airflow/dags/ml_04_steam_discount_prediction.py
[2026-09-07T08:30:24.496+0000] {logging_mixin.py:190} INFO - [2026-09-07T08:30:24.495+0000] {dag.py:3239} INFO - Sync 1 DAGs
[2026-09-07T08:30:24.518+0000] {logging_mixin.py:190} INFO - [2026-09-07T08:30:24.518+0000] {dag.py:4180} INFO - Setting next_dagrun for steam_discount_prediction_dag to 2026-09-07 00:00:00+00:00, run_after=2026-09-08 00:00:00+00:00
[2026-09-07T08:30:24.539+0000] {processor.py:208} INFO - Processing /opt/airflow/dags/ml_04_steam_discount_prediction.py took 1.484 seconds
[2026-09-07T08:30:54.680+0000] {processor.py:186} INFO - Started process (PID=10603) to work on /opt/airflow/dags/ml_04_steam_discount_prediction.py
[2026-09-07T08:30:54.681+0000] {processor.py:914} INFO - Processing file /opt/airflow/dags/ml_04_steam_discount_prediction.py for tasks to queue
[2026-09-07T08:30:54.684+0000] {logging_mixin.py:190} INFO - [2026-09-07T08:30:54.683+0000] {dagbag.py:588} INFO - Filling up the DagBag from /opt/airflow/dags/ml_04_steam_discount_prediction.py
[2026-09-07T08:30:56.018+0000] {processor.py:925} INFO - DAG(s) 'steam_discount_prediction_dag' retrieved from /opt/airflow/dags/ml_04_steam_discount_prediction.py
[2026-09-07T08:30:56.047+0000] {logging_mixin.py:190} INFO - [2026-09-07T08:30:56.046+0000] {dag.py:3239} INFO - Sync 1 DAGs
[2026-09-07T08:30:56.069+0000] {logging_mixin.py:190} INFO - [2026-09-07T08:30:56.069+0000] {dag.py:4180} INFO - Setting next_dagrun for steam_discount_prediction_dag to 2026-09-07 00:00:00+00:00, run_after=2026-09-08 00:00:00+00:00
[2026-09-07T08:30:56.088+0000] {processor.py:208} INFO - Processing /opt/airflow/dags/ml_04_steam_discount_prediction.py took 1.414 seconds
[2026-09-07T08:31:26.818+0000] {processor.py:186} INFO - Started process (PID=10634) to work on /opt/airflow/dags/ml_04_steam_discount_prediction.py
[2026-09-07T08:31:26.819+0000] {processor.py:914} INFO - Processing file /opt/airflow/dags/ml_04_steam_discount_prediction.py for tasks to queue
[2026-09-07T08:31:26.820+0000] {logging_mixin.py:190} INFO - [2026-09-07T08:31:26.820+0000] {dagbag.py:588} INFO - Filling up the DagBag from /opt/airflow/dags/ml_04_steam_discount_prediction.py
[2026-09-07T08:31:27.986+0000] {processor.py:925} INFO - DAG(s) 'steam_discount_prediction_dag' retrieved from /opt/airflow/dags/ml_04_steam_discount_prediction.py
[2026-09-07T08:31:28.008+0000] {logging_mixin.py:190} INFO - [2026-09-07T08:31:28.007+0000] {dag.py:3239} INFO - Sync 1 DAGs
[2026-09-07T08:31:28.146+0000] {logging_mixin.py:190} INFO - [2026-09-07T08:31:28.145+0000] {dag.py:4180} INFO - Setting next_dagrun for steam_discount_prediction_dag to 2026-09-07 00:00:00+00:00, run_after=2026-09-08 00:00:00+00:00
[2026-09-07T08:31:28.164+0000] {processor.py:208} INFO - Processing /opt/airflow/dags/ml_04_steam_discount_prediction.py took 1.351 seconds
[2026-09-07T08:31:58.370+0000] {processor.py:186} INFO - Started process (PID=10667) to work on /opt/airflow/dags/ml_04_steam_discount_prediction.py
[2026-09-07T08:31:58.370+0000] {processor.py:914} INFO - Processing file /opt/airflow/dags/ml_04_steam_discount_prediction.py for tasks to queue
[2026-09-07T08:31:58.372+0000] {logging_mixin.py:190} INFO - [2026-09-07T08:31:58.372+0000] {dagbag.py:588} INFO - Filling up the DagBag from /opt/airflow/dags/ml_04_steam_discount_prediction.py
[2026-09-07T08:31:59.544+0000] {processor.py:925} INFO - DAG(s) 'steam_discount_prediction_dag' retrieved from /opt/airflow/dags/ml_04_steam_discount_prediction.py
[2026-09-07T08:31:59.567+0000] {logging_mixin.py:190} INFO - [2026-09-07T08:31:59.567+0000] {dag.py:3239} INFO - Sync 1 DAGs
[2026-09-07T08:31:59.585+0000] {logging_mixin.py:190} INFO - [2026-09-07T08:31:59.585+0000] {dag.py:4180} INFO - Setting next_dagrun for steam_discount_prediction_dag to 2026-09-07 00:00:00+00:00, run_after=2026-09-08 00:00:00+00:00
[2026-09-07T08:31:59.601+0000] {processor.py:208} INFO - Processing /opt/airflow/dags/ml_04_steam_discount_prediction.py took 1.238 seconds
[2026-09-07T08:32:29.669+0000] {processor.py:186} INFO - Started process (PID=10700) to work on /opt/airflow/dags/ml_04_steam_discount_prediction.py
[2026-09-07T08:32:29.669+0000] {processor.py:914} INFO - Processing file /opt/airflow/dags/ml_04_steam_discount_prediction.py for tasks to queue
[2026-09-07T08:32:29.670+0000] {logging_mixin.py:190} INFO - [2026-09-07T08:32:29.670+0000] {dagbag.py:588} INFO - Filling up the DagBag from /opt/airflow/dags/ml_04_steam_discount_prediction.py
[2026-09-07T08:32:30.802+0000] {processor.py:925} INFO - DAG(s) 'steam_discount_prediction_dag' retrieved from /opt/airflow/dags/ml_04_steam_discount_prediction.py
[2026-09-07T08:32:30.828+0000] {logging_mixin.py:190} INFO - [2026-09-07T08:32:30.826+0000] {dag.py:3239} INFO - Sync 1 DAGs
[2026-09-07T08:32:30.975+0000] {logging_mixin.py:190} INFO - [2026-09-07T08:32:30.975+0000] {dag.py:4180} INFO - Setting next_dagrun for steam_discount_prediction_dag to 2026-09-07 00:00:00+00:00, run_after=2026-09-08 00:00:00+00:00
[2026-09-07T08:32:30.992+0000] {processor.py:208} INFO - Processing /opt/airflow/dags/ml_04_steam_discount_prediction.py took 1.329 seconds
[2026-09-07T08:33:01.080+0000] {processor.py:186} INFO - Started process (PID=10733) to work on /opt/airflow/dags/ml_04_steam_discount_prediction.py
[2026-09-07T08:33:01.081+0000] {processor.py:914} INFO - Processing file /opt/airflow/dags/ml_04_steam_discount_prediction.py for tasks to queue
[2026-09-07T08:33:01.082+0000] {logging_mixin.py:190} INFO - [2026-09-07T08:33:01.082+0000] {dagbag.py:588} INFO - Filling up the DagBag from /opt/airflow/dags/ml_04_steam_discount_prediction.py
[2026-09-07T08:33:02.369+0000] {processor.py:925} INFO - DAG(s) 'steam_discount_prediction_dag' retrieved from /opt/airflow/dags/ml_04_steam_discount_prediction.py
[2026-09-07T08:33:02.394+0000] {logging_mixin.py:190} INFO - [2026-09-07T08:33:02.393+0000] {dag.py:3239} INFO - Sync 1 DAGs
[2026-09-07T08:33:02.410+0000] {logging_mixin.py:190} INFO - [2026-09-07T08:33:02.410+0000] {dag.py:4180} INFO - Setting next_dagrun for steam_discount_prediction_dag to 2026-09-07 00:00:00+00:00, run_after=2026-09-08 00:00:00+00:00
[2026-09-07T08:33:02.425+0000] {processor.py:208} INFO - Processing /opt/airflow/dags/ml_04_steam_discount_prediction.py took 1.351 seconds
[2026-09-07T08:33:33.278+0000] {processor.py:186} INFO - Started process (PID=10764) to work on /opt/airflow/dags/ml_04_steam_discount_prediction.py
[2026-09-07T08:33:33.279+0000] {processor.py:914} INFO - Processing file /opt/airflow/dags/ml_04_steam_discount_prediction.py for tasks to queue
[2026-09-07T08:33:33.280+0000] {logging_mixin.py:190} INFO - [2026-09-07T08:33:33.280+0000] {dagbag.py:588} INFO - Filling up the DagBag from /opt/airflow/dags/ml_04_steam_discount_prediction.py
[2026-09-07T08:33:34.740+0000] {processor.py:925} INFO - DAG(s) 'steam_discount_prediction_dag' retrieved from /opt/airflow/dags/ml_04_steam_discount_prediction.py
[2026-09-07T08:33:34.766+0000] {logging_mixin.py:190} INFO - [2026-09-07T08:33:34.766+0000] {dag.py:3239} INFO - Sync 1 DAGs
[2026-09-07T08:33:34.790+0000] {logging_mixin.py:190} INFO - [2026-09-07T08:33:34.790+0000] {dag.py:4180} INFO - Setting next_dagrun for steam_discount_prediction_dag to 2026-09-07 00:00:00+00:00, run_after=2026-09-08 00:00:00+00:00
[2026-09-07T08:33:34.811+0000] {processor.py:208} INFO - Processing /opt/airflow/dags/ml_04_steam_discount_prediction.py took 1.539 seconds
[2026-09-07T08:34:04.921+0000] {processor.py:186} INFO - Started process (PID=10795) to work on /opt/airflow/dags/ml_04_steam_discount_prediction.py
[2026-09-07T08:34:04.922+0000] {processor.py:914} INFO - Processing file /opt/airflow/dags/ml_04_steam_discount_prediction.py for tasks to queue
[2026-09-07T08:34:04.923+0000] {logging_mixin.py:190} INFO - [2026-09-07T08:34:04.923+0000] {dagbag.py:588} INFO - Filling up the DagBag from /opt/airflow/dags/ml_04_steam_discount_prediction.py
[2026-09-07T08:34:06.216+0000] {processor.py:925} INFO - DAG(s) 'steam_discount_prediction_dag' retrieved from /opt/airflow/dags/ml_04_steam_discount_prediction.py
[2026-09-07T08:34:06.238+0000] {logging_mixin.py:190} INFO - [2026-09-07T08:34:06.237+0000] {dag.py:3239} INFO - Sync 1 DAGs
[2026-09-07T08:34:06.254+0000] {logging_mixin.py:190} INFO - [2026-09-07T08:34:06.254+0000] {dag.py:4180} INFO - Setting next_dagrun for steam_discount_prediction_dag to 2026-09-07 00:00:00+00:00, run_after=2026-09-08 00:00:00+00:00
[2026-09-07T08:34:06.269+0000] {processor.py:208} INFO - Processing /opt/airflow/dags/ml_04_steam_discount_prediction.py took 1.354 seconds
[2026-09-07T08:34:37.114+0000] {processor.py:186} INFO - Started process (PID=10826) to work on /opt/airflow/dags/ml_04_steam_discount_prediction.py
[2026-09-07T08:34:37.115+0000] {processor.py:914} INFO - Processing file /opt/airflow/dags/ml_04_steam_discount_prediction.py for tasks to queue
[2026-09-07T08:34:37.116+0000] {logging_mixin.py:190} INFO - [2026-09-07T08:34:37.116+0000] {dagbag.py:588} INFO - Filling up the DagBag from /opt/airflow/dags/ml_04_steam_discount_prediction.py
[2026-09-07T08:34:38.448+0000] {processor.py:925} INFO - DAG(s) 'steam_discount_prediction_dag' retrieved from /opt/airflow/dags/ml_04_steam_discount_prediction.py
[2026-09-07T08:34:38.474+0000] {logging_mixin.py:190} INFO - [2026-09-07T08:34:38.473+0000] {dag.py:3239} INFO - Sync 1 DAGs
[2026-09-07T08:34:38.497+0000] {logging_mixin.py:190} INFO - [2026-09-07T08:34:38.496+0000] {dag.py:4180} INFO - Setting next_dagrun for steam_discount_prediction_dag to 2026-09-07 00:00:00+00:00, run_after=2026-09-08 00:00:00+00:00
[2026-09-07T08:34:38.514+0000] {processor.py:208} INFO - Processing /opt/airflow/dags/ml_04_steam_discount_prediction.py took 1.406 seconds
[2026-09-07T08:35:09.396+0000] {processor.py:186} INFO - Started process (PID=10857) to work on /opt/airflow/dags/ml_04_steam_discount_prediction.py
[2026-09-07T08:35:09.396+0000] {processor.py:914} INFO - Processing file /opt/airflow/dags/ml_04_steam_discount_prediction.py for tasks to queue
[2026-09-07T08:35:09.398+0000] {logging_mixin.py:190} INFO - [2026-09-07T08:35:09.398+0000] {dagbag.py:588} INFO - Filling up the DagBag from /opt/airflow/dags/ml_04_steam_discount_prediction.py
[2026-09-07T08:35:10.687+0000] {processor.py:925} INFO - DAG(s) 'steam_discount_prediction_dag' retrieved from /opt/airflow/dags/ml_04_steam_discount_prediction.py
[2026-09-07T08:35:10.711+0000] {logging_mixin.py:190} INFO - [2026-09-07T08:35:10.710+0000] {dag.py:3239} INFO - Sync 1 DAGs
[2026-09-07T08:35:10.728+0000] {logging_mixin.py:190} INFO - [2026-09-07T08:35:10.728+0000] {dag.py:4180} INFO - Setting next_dagrun for steam_discount_prediction_dag to 2026-09-07 00:00:00+00:00, run_after=2026-09-08 00:00:00+00:00
[2026-09-07T08:35:10.743+0000] {processor.py:208} INFO - Processing /opt/airflow/dags/ml_04_steam_discount_prediction.py took 1.354 seconds
[2026-09-07T08:35:40.949+0000] {processor.py:186} INFO - Started process (PID=10888) to work on /opt/airflow/dags/ml_04_steam_discount_prediction.py
[2026-09-07T08:35:40.950+0000] {processor.py:914} INFO - Processing file /opt/airflow/dags/ml_04_steam_discount_prediction.py for tasks to queue
[2026-09-07T08:35:40.951+0000] {logging_mixin.py:190} INFO - [2026-09-07T08:35:40.951+0000] {dagbag.py:588} INFO - Filling up the DagBag from /opt/airflow/dags/ml_04_steam_discount_prediction.py
[2026-09-07T08:35:42.240+0000] {processor.py:925} INFO - DAG(s) 'steam_discount_prediction_dag' retrieved from /opt/airflow/dags/ml_04_steam_discount_prediction.py
[2026-09-07T08:35:42.262+0000] {logging_mixin.py:190} INFO - [2026-09-07T08:35:42.262+0000] {dag.py:3239} INFO - Sync 1 DAGs
[2026-09-07T08:35:42.280+0000] {logging_mixin.py:190} INFO - [2026-09-07T08:35:42.280+0000] {dag.py:4180} INFO - Setting next_dagrun for steam_discount_prediction_dag to 2026-09-07 00:00:00+00:00, run_after=2026-09-08 00:00:00+00:00
[2026-09-07T08:35:42.296+0000] {processor.py:208} INFO - Processing /opt/airflow/dags/ml_04_steam_discount_prediction.py took 1.352 seconds
[2026-09-07T08:36:12.621+0000] {processor.py:186} INFO - Started process (PID=10919) to work on /opt/airflow/dags/ml_04_steam_discount_prediction.py
[2026-09-07T08:36:12.621+0000] {processor.py:914} INFO - Processing file /opt/airflow/dags/ml_04_steam_discount_prediction.py for tasks to queue
[2026-09-07T08:36:12.623+0000] {logging_mixin.py:190} INFO - [2026-09-07T08:36:12.622+0000] {dagbag.py:588} INFO - Filling up the DagBag from /opt/airflow/dags/ml_04_steam_discount_prediction.py
[2026-09-07T08:36:13.905+0000] {processor.py:925} INFO - DAG(s) 'steam_discount_prediction_dag' retrieved from /opt/airflow/dags/ml_04_steam_discount_prediction.py
[2026-09-07T08:36:13.927+0000] {logging_mixin.py:190} INFO - [2026-09-07T08:36:13.926+0000] {dag.py:3239} INFO - Sync 1 DAGs
[2026-09-07T08:36:13.944+0000] {logging_mixin.py:190} INFO - [2026-09-07T08:36:13.944+0000] {dag.py:4180} INFO - Setting next_dagrun for steam_discount_prediction_dag to 2026-09-07 00:00:00+00:00, run_after=2026-09-08 00:00:00+00:00
[2026-09-07T08:36:13.961+0000] {processor.py:208} INFO - Processing /opt/airflow/dags/ml_04_steam_discount_prediction.py took 1.345 seconds
[2026-09-07T08:36:44.837+0000] {processor.py:186} INFO - Started process (PID=10950) to work on /opt/airflow/dags/ml_04_steam_discount_prediction.py
[2026-09-07T08:36:44.838+0000] {processor.py:914} INFO - Processing file /opt/airflow/dags/ml_04_steam_discount_prediction.py for tasks to queue
[2026-09-07T08:36:44.839+0000] {logging_mixin.py:190} INFO - [2026-09-07T08:36:44.839+0000] {dagbag.py:588} INFO - Filling up the DagBag from /opt/airflow/dags/ml_04_steam_discount_prediction.py
[2026-09-07T08:36:46.121+0000] {processor.py:925} INFO - DAG(s) 'steam_discount_prediction_dag' retrieved from /opt/airflow/dags/ml_04_steam_discount_prediction.py
[2026-09-07T08:36:46.142+0000] {logging_mixin.py:190} INFO - [2026-09-07T08:36:46.141+0000] {dag.py:3239} INFO - Sync 1 DAGs
[2026-09-07T08:36:46.158+0000] {logging_mixin.py:190} INFO - [2026-09-07T08:36:46.157+0000] {dag.py:4180} INFO - Setting next_dagrun for steam_discount_prediction_dag to 2026-09-07 00:00:00+00:00, run_after=2026-09-08 00:00:00+00:00
[2026-09-07T08:36:46.173+0000] {processor.py:208} INFO - Processing /opt/airflow/dags/ml_04_steam_discount_prediction.py took 1.341 seconds
[2026-09-07T08:37:16.663+0000] {processor.py:186} INFO - Started process (PID=10985) to work on /opt/airflow/dags/ml_04_steam_discount_prediction.py
[2026-09-07T08:37:16.664+0000] {processor.py:914} INFO - Processing file /opt/airflow/dags/ml_04_steam_discount_prediction.py for tasks to queue
[2026-09-07T08:37:16.665+0000] {logging_mixin.py:190} INFO - [2026-09-07T08:37:16.665+0000] {dagbag.py:588} INFO - Filling up the DagBag from /opt/airflow/dags/ml_04_steam_discount_prediction.py
[2026-09-07T08:37:17.897+0000] {processor.py:925} INFO - DAG(s) 'steam_discount_prediction_dag' retrieved from /opt/airflow/dags/ml_04_steam_discount_prediction.py
[2026-09-07T08:37:17.918+0000] {logging_mixin.py:190} INFO - [2026-09-07T08:37:17.917+0000] {dag.py:3239} INFO - Sync 1 DAGs
[2026-09-07T08:37:17.935+0000] {logging_mixin.py:190} INFO - [2026-09-07T08:37:17.934+0000] {dag.py:4180} INFO - Setting next_dagrun for steam_discount_prediction_dag to 2026-09-07 00:00:00+00:00, run_after=2026-09-08 00:00:00+00:00
[2026-09-07T08:37:17.949+0000] {processor.py:208} INFO - Processing /opt/airflow/dags/ml_04_steam_discount_prediction.py took 1.292 seconds
[2026-09-07T08:37:48.435+0000] {processor.py:186} INFO - Started process (PID=11016) to work on /opt/airflow/dags/ml_04_steam_discount_prediction.py
[2026-09-07T08:37:48.436+0000] {processor.py:914} INFO - Processing file /opt/airflow/dags/ml_04_steam_discount_prediction.py for tasks to queue
[2026-09-07T08:37:48.437+0000] {logging_mixin.py:190} INFO - [2026-09-07T08:37:48.436+0000] {dagbag.py:588} INFO - Filling up the DagBag from /opt/airflow/dags/ml_04_steam_discount_prediction.py
[2026-09-07T08:37:49.656+0000] {processor.py:925} INFO - DAG(s) 'steam_discount_prediction_dag' retrieved from /opt/airflow/dags/ml_04_steam_discount_prediction.py
[2026-09-07T08:37:49.680+0000] {logging_mixin.py:190} INFO - [2026-09-07T08:37:49.679+0000] {dag.py:3239} INFO - Sync 1 DAGs
[2026-09-07T08:37:49.696+0000] {logging_mixin.py:190} INFO - [2026-09-07T08:37:49.695+0000] {dag.py:4180} INFO - Setting next_dagrun for steam_discount_prediction_dag to 2026-09-07 00:00:00+00:00, run_after=2026-09-08 00:00:00+00:00
[2026-09-07T08:37:49.710+0000] {processor.py:208} INFO - Processing /opt/airflow/dags/ml_04_steam_discount_prediction.py took 1.281 seconds
[2026-09-07T08:38:20.154+0000] {processor.py:186} INFO - Started process (PID=11047) to work on /opt/airflow/dags/ml_04_steam_discount_prediction.py
[2026-09-07T08:38:20.155+0000] {processor.py:914} INFO - Processing file /opt/airflow/dags/ml_04_steam_discount_prediction.py for tasks to queue
[2026-09-07T08:38:20.156+0000] {logging_mixin.py:190} INFO - [2026-09-07T08:38:20.156+0000] {dagbag.py:588} INFO - Filling up the DagBag from /opt/airflow/dags/ml_04_steam_discount_prediction.py
[2026-09-07T08:38:21.403+0000] {processor.py:925} INFO - DAG(s) 'steam_discount_prediction_dag' retrieved from /opt/airflow/dags/ml_04_steam_discount_prediction.py
[2026-09-07T08:38:21.426+0000] {logging_mixin.py:190} INFO - [2026-09-07T08:38:21.424+0000] {dag.py:3239} INFO - Sync 1 DAGs
[2026-09-07T08:38:21.443+0000] {logging_mixin.py:190} INFO - [2026-09-07T08:38:21.442+0000] {dag.py:4180} INFO - Setting next_dagrun for steam_discount_prediction_dag to 2026-09-07 00:00:00+00:00, run_after=2026-09-08 00:00:00+00:00
[2026-09-07T08:38:21.458+0000] {processor.py:208} INFO - Processing /opt/airflow/dags/ml_04_steam_discount_prediction.py took 1.310 seconds
[2026-09-07T08:38:51.832+0000] {processor.py:186} INFO - Started process (PID=11078) to work on /opt/airflow/dags/ml_04_steam_discount_prediction.py
[2026-09-07T08:38:51.833+0000] {processor.py:914} INFO - Processing file /opt/airflow/dags/ml_04_steam_discount_prediction.py for tasks to queue
[2026-09-07T08:38:51.835+0000] {logging_mixin.py:190} INFO - [2026-09-07T08:38:51.834+0000] {dagbag.py:588} INFO - Filling up the DagBag from /opt/airflow/dags/ml_04_steam_discount_prediction.py
[2026-09-07T08:38:53.061+0000] {processor.py:925} INFO - DAG(s) 'steam_discount_prediction_dag' retrieved from /opt/airflow/dags/ml_04_steam_discount_prediction.py
[2026-09-07T08:38:53.081+0000] {logging_mixin.py:190} INFO - [2026-09-07T08:38:53.080+0000] {dag.py:3239} INFO - Sync 1 DAGs
[2026-09-07T08:38:53.097+0000] {logging_mixin.py:190} INFO - [2026-09-07T08:38:53.096+0000] {dag.py:4180} INFO - Setting next_dagrun for steam_discount_prediction_dag to 2026-09-07 00:00:00+00:00, run_after=2026-09-08 00:00:00+00:00
[2026-09-07T08:38:53.111+0000] {processor.py:208} INFO - Processing /opt/airflow/dags/ml_04_steam_discount_prediction.py took 1.285 seconds
[2026-09-07T08:39:23.770+0000] {processor.py:186} INFO - Started process (PID=11109) to work on /opt/airflow/dags/ml_04_steam_discount_prediction.py
[2026-09-07T08:39:23.770+0000] {processor.py:914} INFO - Processing file /opt/airflow/dags/ml_04_steam_discount_prediction.py for tasks to queue
[2026-09-07T08:39:23.772+0000] {logging_mixin.py:190} INFO - [2026-09-07T08:39:23.771+0000] {dagbag.py:588} INFO - Filling up the DagBag from /opt/airflow/dags/ml_04_steam_discount_prediction.py
[2026-09-07T08:39:24.958+0000] {processor.py:925} INFO - DAG(s) 'steam_discount_prediction_dag' retrieved from /opt/airflow/dags/ml_04_steam_discount_prediction.py
[2026-09-07T08:39:24.981+0000] {logging_mixin.py:190} INFO - [2026-09-07T08:39:24.980+0000] {dag.py:3239} INFO - Sync 1 DAGs
[2026-09-07T08:39:24.997+0000] {logging_mixin.py:190} INFO - [2026-09-07T08:39:24.997+0000] {dag.py:4180} INFO - Setting next_dagrun for steam_discount_prediction_dag to 2026-09-07 00:00:00+00:00, run_after=2026-09-08 00:00:00+00:00
[2026-09-07T08:39:25.012+0000] {processor.py:208} INFO - Processing /opt/airflow/dags/ml_04_steam_discount_prediction.py took 1.249 seconds
[2026-09-07T08:39:55.211+0000] {processor.py:186} INFO - Started process (PID=11146) to work on /opt/airflow/dags/ml_04_steam_discount_prediction.py
[2026-09-07T08:39:55.212+0000] {processor.py:914} INFO - Processing file /opt/airflow/dags/ml_04_steam_discount_prediction.py for tasks to queue
[2026-09-07T08:39:55.213+0000] {logging_mixin.py:190} INFO - [2026-09-07T08:39:55.213+0000] {dagbag.py:588} INFO - Filling up the DagBag from /opt/airflow/dags/ml_04_steam_discount_prediction.py
[2026-09-07T08:39:56.399+0000] {processor.py:925} INFO - DAG(s) 'steam_discount_prediction_dag' retrieved from /opt/airflow/dags/ml_04_steam_discount_prediction.py
[2026-09-07T08:39:56.424+0000] {logging_mixin.py:190} INFO - [2026-09-07T08:39:56.424+0000] {dag.py:3239} INFO - Sync 1 DAGs
[2026-09-07T08:39:56.444+0000] {logging_mixin.py:190} INFO - [2026-09-07T08:39:56.444+0000] {dag.py:4180} INFO - Setting next_dagrun for steam_discount_prediction_dag to 2026-09-07 00:00:00+00:00, run_after=2026-09-08 00:00:00+00:00
[2026-09-07T08:39:56.461+0000] {processor.py:208} INFO - Processing /opt/airflow/dags/ml_04_steam_discount_prediction.py took 1.256 seconds
[2026-09-07T08:40:26.593+0000] {processor.py:186} INFO - Started process (PID=11178) to work on /opt/airflow/dags/ml_04_steam_discount_prediction.py
[2026-09-07T08:40:26.594+0000] {processor.py:914} INFO - Processing file /opt/airflow/dags/ml_04_steam_discount_prediction.py for tasks to queue
[2026-09-07T08:40:26.595+0000] {logging_mixin.py:190} INFO - [2026-09-07T08:40:26.595+0000] {dagbag.py:588} INFO - Filling up the DagBag from /opt/airflow/dags/ml_04_steam_discount_prediction.py
[2026-09-07T08:40:27.751+0000] {processor.py:925} INFO - DAG(s) 'steam_discount_prediction_dag' retrieved from /opt/airflow/dags/ml_04_steam_discount_prediction.py
[2026-09-07T08:40:27.773+0000] {logging_mixin.py:190} INFO - [2026-09-07T08:40:27.773+0000] {dag.py:3239} INFO - Sync 1 DAGs
[2026-09-07T08:40:27.791+0000] {logging_mixin.py:190} INFO - [2026-09-07T08:40:27.790+0000] {dag.py:4180} INFO - Setting next_dagrun for steam_discount_prediction_dag to 2026-09-07 00:00:00+00:00, run_after=2026-09-08 00:00:00+00:00
[2026-09-07T08:40:27.808+0000] {processor.py:208} INFO - Processing /opt/airflow/dags/ml_04_steam_discount_prediction.py took 1.220 seconds
[2026-09-07T08:40:57.940+0000] {processor.py:186} INFO - Started process (PID=11209) to work on /opt/airflow/dags/ml_04_steam_discount_prediction.py
[2026-09-07T08:40:57.941+0000] {processor.py:914} INFO - Processing file /opt/airflow/dags/ml_04_steam_discount_prediction.py for tasks to queue
[2026-09-07T08:40:57.942+0000] {logging_mixin.py:190} INFO - [2026-09-07T08:40:57.942+0000] {dagbag.py:588} INFO - Filling up the DagBag from /opt/airflow/dags/ml_04_steam_discount_prediction.py
[2026-09-07T08:40:59.172+0000] {processor.py:925} INFO - DAG(s) 'steam_discount_prediction_dag' retrieved from /opt/airflow/dags/ml_04_steam_discount_prediction.py
[2026-09-07T08:40:59.196+0000] {logging_mixin.py:190} INFO - [2026-09-07T08:40:59.195+0000] {dag.py:3239} INFO - Sync 1 DAGs
[2026-09-07T08:40:59.214+0000] {logging_mixin.py:190} INFO - [2026-09-07T08:40:59.214+0000] {dag.py:4180} INFO - Setting next_dagrun for steam_discount_prediction_dag to 2026-09-07 00:00:00+00:00, run_after=2026-09-08 00:00:00+00:00
[2026-09-07T08:40:59.229+0000] {processor.py:208} INFO - Processing /opt/airflow/dags/ml_04_steam_discount_prediction.py took 1.295 seconds
[2026-09-07T08:41:30.035+0000] {processor.py:186} INFO - Started process (PID=11240) to work on /opt/airflow/dags/ml_04_steam_discount_prediction.py
[2026-09-07T08:41:30.036+0000] {processor.py:914} INFO - Processing file /opt/airflow/dags/ml_04_steam_discount_prediction.py for tasks to queue
[2026-09-07T08:41:30.037+0000] {logging_mixin.py:190} INFO - [2026-09-07T08:41:30.037+0000] {dagbag.py:588} INFO - Filling up the DagBag from /opt/airflow/dags/ml_04_steam_discount_prediction.py
[2026-09-07T08:41:31.198+0000] {processor.py:925} INFO - DAG(s) 'steam_discount_prediction_dag' retrieved from /opt/airflow/dags/ml_04_steam_discount_prediction.py
[2026-09-07T08:41:31.221+0000] {logging_mixin.py:190} INFO - [2026-09-07T08:41:31.220+0000] {dag.py:3239} INFO - Sync 1 DAGs
[2026-09-07T08:41:31.241+0000] {logging_mixin.py:190} INFO - [2026-09-07T08:41:31.240+0000] {dag.py:4180} INFO - Setting next_dagrun for steam_discount_prediction_dag to 2026-09-07 00:00:00+00:00, run_after=2026-09-08 00:00:00+00:00
[2026-09-07T08:41:31.260+0000] {processor.py:208} INFO - Processing /opt/airflow/dags/ml_04_steam_discount_prediction.py took 1.231 seconds
[2026-09-07T08:42:01.348+0000] {processor.py:186} INFO - Started process (PID=11271) to work on /opt/airflow/dags/ml_04_steam_discount_prediction.py
[2026-09-07T08:42:01.349+0000] {processor.py:914} INFO - Processing file /opt/airflow/dags/ml_04_steam_discount_prediction.py for tasks to queue
[2026-09-07T08:42:01.351+0000] {logging_mixin.py:190} INFO - [2026-09-07T08:42:01.351+0000] {dagbag.py:588} INFO - Filling up the DagBag from /opt/airflow/dags/ml_04_steam_discount_prediction.py
[2026-09-07T08:42:02.563+0000] {processor.py:925} INFO - DAG(s) 'steam_discount_prediction_dag' retrieved from /opt/airflow/dags/ml_04_steam_discount_prediction.py
[2026-09-07T08:42:02.586+0000] {logging_mixin.py:190} INFO - [2026-09-07T08:42:02.586+0000] {dag.py:3239} INFO - Sync 1 DAGs
[2026-09-07T08:42:02.603+0000] {logging_mixin.py:190} INFO - [2026-09-07T08:42:02.603+0000] {dag.py:4180} INFO - Setting next_dagrun for steam_discount_prediction_dag to 2026-09-07 00:00:00+00:00, run_after=2026-09-08 00:00:00+00:00
[2026-09-07T08:42:02.618+0000] {processor.py:208} INFO - Processing /opt/airflow/dags/ml_04_steam_discount_prediction.py took 1.278 seconds
[2026-09-07T08:42:33.525+0000] {processor.py:186} INFO - Started process (PID=11302) to work on /opt/airflow/dags/ml_04_steam_discount_prediction.py
[2026-09-07T08:42:33.526+0000] {processor.py:914} INFO - Processing file /opt/airflow/dags/ml_04_steam_discount_prediction.py for tasks to queue
[2026-09-07T08:42:33.527+0000] {logging_mixin.py:190} INFO - [2026-09-07T08:42:33.527+0000] {dagbag.py:588} INFO - Filling up the DagBag from /opt/airflow/dags/ml_04_steam_discount_prediction.py
[2026-09-07T08:42:34.801+0000] {processor.py:925} INFO - DAG(s) 'steam_discount_prediction_dag' retrieved from /opt/airflow/dags/ml_04_steam_discount_prediction.py
[2026-09-07T08:42:34.823+0000] {logging_mixin.py:190} INFO - [2026-09-07T08:42:34.823+0000] {dag.py:3239} INFO - Sync 1 DAGs
[2026-09-07T08:42:34.840+0000] {logging_mixin.py:190} INFO - [2026-09-07T08:42:34.840+0000] {dag.py:4180} INFO - Setting next_dagrun for steam_discount_prediction_dag to 2026-09-07 00:00:00+00:00, run_after=2026-09-08 00:00:00+00:00
[2026-09-07T08:42:34.856+0000] {processor.py:208} INFO - Processing /opt/airflow/dags/ml_04_steam_discount_prediction.py took 1.337 seconds
[2026-09-07T08:43:05.643+0000] {processor.py:186} INFO - Started process (PID=11333) to work on /opt/airflow/dags/ml_04_steam_discount_prediction.py
[2026-09-07T08:43:05.644+0000] {processor.py:914} INFO - Processing file /opt/airflow/dags/ml_04_steam_discount_prediction.py for tasks to queue
[2026-09-07T08:43:05.645+0000] {logging_mixin.py:190} INFO - [2026-09-07T08:43:05.645+0000] {dagbag.py:588} INFO - Filling up the DagBag from /opt/airflow/dags/ml_04_steam_discount_prediction.py
[2026-09-07T08:43:06.811+0000] {processor.py:925} INFO - DAG(s) 'steam_discount_prediction_dag' retrieved from /opt/airflow/dags/ml_04_steam_discount_prediction.py
[2026-09-07T08:43:06.832+0000] {logging_mixin.py:190} INFO - [2026-09-07T08:43:06.831+0000] {dag.py:3239} INFO - Sync 1 DAGs
[2026-09-07T08:43:06.851+0000] {logging_mixin.py:190} INFO - [2026-09-07T08:43:06.851+0000] {dag.py:4180} INFO - Setting next_dagrun for steam_discount_prediction_dag to 2026-09-07 00:00:00+00:00, run_after=2026-09-08 00:00:00+00:00
[2026-09-07T08:43:06.867+0000] {processor.py:208} INFO - Processing /opt/airflow/dags/ml_04_steam_discount_prediction.py took 1.230 seconds
[2026-09-07T08:43:36.931+0000] {processor.py:186} INFO - Started process (PID=11365) to work on /opt/airflow/dags/ml_04_steam_discount_prediction.py
[2026-09-07T08:43:36.932+0000] {processor.py:914} INFO - Processing file /opt/airflow/dags/ml_04_steam_discount_prediction.py for tasks to queue
[2026-09-07T08:43:36.934+0000] {logging_mixin.py:190} INFO - [2026-09-07T08:43:36.933+0000] {dagbag.py:588} INFO - Filling up the DagBag from /opt/airflow/dags/ml_04_steam_discount_prediction.py
[2026-09-07T08:43:38.129+0000] {processor.py:925} INFO - DAG(s) 'steam_discount_prediction_dag' retrieved from /opt/airflow/dags/ml_04_steam_discount_prediction.py
[2026-09-07T08:43:38.152+0000] {logging_mixin.py:190} INFO - [2026-09-07T08:43:38.151+0000] {dag.py:3239} INFO - Sync 1 DAGs
[2026-09-07T08:43:38.169+0000] {logging_mixin.py:190} INFO - [2026-09-07T08:43:38.169+0000] {dag.py:4180} INFO - Setting next_dagrun for steam_discount_prediction_dag to 2026-09-07 00:00:00+00:00, run_after=2026-09-08 00:00:00+00:00
[2026-09-07T08:43:38.184+0000] {processor.py:208} INFO - Processing /opt/airflow/dags/ml_04_steam_discount_prediction.py took 1.260 seconds
[2026-09-07T08:44:08.716+0000] {processor.py:186} INFO - Started process (PID=11401) to work on /opt/airflow/dags/ml_04_steam_discount_prediction.py
[2026-09-07T08:44:08.717+0000] {processor.py:914} INFO - Processing file /opt/airflow/dags/ml_04_steam_discount_prediction.py for tasks to queue
[2026-09-07T08:44:08.718+0000] {logging_mixin.py:190} INFO - [2026-09-07T08:44:08.718+0000] {dagbag.py:588} INFO - Filling up the DagBag from /opt/airflow/dags/ml_04_steam_discount_prediction.py
[2026-09-07T08:44:09.947+0000] {processor.py:925} INFO - DAG(s) 'steam_discount_prediction_dag' retrieved from /opt/airflow/dags/ml_04_steam_discount_prediction.py
[2026-09-07T08:44:09.969+0000] {logging_mixin.py:190} INFO - [2026-09-07T08:44:09.968+0000] {dag.py:3239} INFO - Sync 1 DAGs
[2026-09-07T08:44:09.987+0000] {logging_mixin.py:190} INFO - [2026-09-07T08:44:09.987+0000] {dag.py:4180} INFO - Setting next_dagrun for steam_discount_prediction_dag to 2026-09-07 00:00:00+00:00, run_after=2026-09-08 00:00:00+00:00
[2026-09-07T08:44:10.001+0000] {processor.py:208} INFO - Processing /opt/airflow/dags/ml_04_steam_discount_prediction.py took 1.293 seconds
[2026-09-07T08:44:40.073+0000] {processor.py:186} INFO - Started process (PID=11432) to work on /opt/airflow/dags/ml_04_steam_discount_prediction.py
[2026-09-07T08:44:40.074+0000] {processor.py:914} INFO - Processing file /opt/airflow/dags/ml_04_steam_discount_prediction.py for tasks to queue
[2026-09-07T08:44:40.075+0000] {logging_mixin.py:190} INFO - [2026-09-07T08:44:40.075+0000] {dagbag.py:588} INFO - Filling up the DagBag from /opt/airflow/dags/ml_04_steam_discount_prediction.py
[2026-09-07T08:44:41.283+0000] {processor.py:925} INFO - DAG(s) 'steam_discount_prediction_dag' retrieved from /opt/airflow/dags/ml_04_steam_discount_prediction.py
[2026-09-07T08:44:41.305+0000] {logging_mixin.py:190} INFO - [2026-09-07T08:44:41.305+0000] {dag.py:3239} INFO - Sync 1 DAGs
[2026-09-07T08:44:41.323+0000] {logging_mixin.py:190} INFO - [2026-09-07T08:44:41.323+0000] {dag.py:4180} INFO - Setting next_dagrun for steam_discount_prediction_dag to 2026-09-07 00:00:00+00:00, run_after=2026-09-08 00:00:00+00:00
[2026-09-07T08:44:41.337+0000] {processor.py:208} INFO - Processing /opt/airflow/dags/ml_04_steam_discount_prediction.py took 1.271 seconds
[2026-09-07T08:45:11.398+0000] {processor.py:186} INFO - Started process (PID=11463) to work on /opt/airflow/dags/ml_04_steam_discount_prediction.py
[2026-09-07T08:45:11.398+0000] {processor.py:914} INFO - Processing file /opt/airflow/dags/ml_04_steam_discount_prediction.py for tasks to queue
[2026-09-07T08:45:11.399+0000] {logging_mixin.py:190} INFO - [2026-09-07T08:45:11.399+0000] {dagbag.py:588} INFO - Filling up the DagBag from /opt/airflow/dags/ml_04_steam_discount_prediction.py
[2026-09-07T08:45:12.647+0000] {processor.py:925} INFO - DAG(s) 'steam_discount_prediction_dag' retrieved from /opt/airflow/dags/ml_04_steam_discount_prediction.py
[2026-09-07T08:45:12.674+0000] {logging_mixin.py:190} INFO - [2026-09-07T08:45:12.673+0000] {dag.py:3239} INFO - Sync 1 DAGs
[2026-09-07T08:45:12.694+0000] {logging_mixin.py:190} INFO - [2026-09-07T08:45:12.694+0000] {dag.py:4180} INFO - Setting next_dagrun for steam_discount_prediction_dag to 2026-09-07 00:00:00+00:00, run_after=2026-09-08 00:00:00+00:00
[2026-09-07T08:45:12.712+0000] {processor.py:208} INFO - Processing /opt/airflow/dags/ml_04_steam_discount_prediction.py took 1.320 seconds
[2026-09-07T08:45:42.929+0000] {processor.py:186} INFO - Started process (PID=11494) to work on /opt/airflow/dags/ml_04_steam_discount_prediction.py
[2026-09-07T08:45:42.930+0000] {processor.py:914} INFO - Processing file /opt/airflow/dags/ml_04_steam_discount_prediction.py for tasks to queue
[2026-09-07T08:45:42.932+0000] {logging_mixin.py:190} INFO - [2026-09-07T08:45:42.931+0000] {dagbag.py:588} INFO - Filling up the DagBag from /opt/airflow/dags/ml_04_steam_discount_prediction.py
[2026-09-07T08:45:44.087+0000] {processor.py:925} INFO - DAG(s) 'steam_discount_prediction_dag' retrieved from /opt/airflow/dags/ml_04_steam_discount_prediction.py
[2026-09-07T08:45:44.114+0000] {logging_mixin.py:190} INFO - [2026-09-07T08:45:44.113+0000] {dag.py:3239} INFO - Sync 1 DAGs
[2026-09-07T08:45:44.141+0000] {logging_mixin.py:190} INFO - [2026-09-07T08:45:44.141+0000] {dag.py:4180} INFO - Setting next_dagrun for steam_discount_prediction_dag to 2026-09-07 00:00:00+00:00, run_after=2026-09-08 00:00:00+00:00
[2026-09-07T08:45:44.164+0000] {processor.py:208} INFO - Processing /opt/airflow/dags/ml_04_steam_discount_prediction.py took 1.241 seconds
[2026-09-07T08:46:14.386+0000] {processor.py:186} INFO - Started process (PID=11525) to work on /opt/airflow/dags/ml_04_steam_discount_prediction.py
[2026-09-07T08:46:14.386+0000] {processor.py:914} INFO - Processing file /opt/airflow/dags/ml_04_steam_discount_prediction.py for tasks to queue
[2026-09-07T08:46:14.388+0000] {logging_mixin.py:190} INFO - [2026-09-07T08:46:14.387+0000] {dagbag.py:588} INFO - Filling up the DagBag from /opt/airflow/dags/ml_04_steam_discount_prediction.py
[2026-09-07T08:46:15.529+0000] {processor.py:925} INFO - DAG(s) 'steam_discount_prediction_dag' retrieved from /opt/airflow/dags/ml_04_steam_discount_prediction.py
[2026-09-07T08:46:15.551+0000] {logging_mixin.py:190} INFO - [2026-09-07T08:46:15.551+0000] {dag.py:3239} INFO - Sync 1 DAGs
[2026-09-07T08:46:15.568+0000] {logging_mixin.py:190} INFO - [2026-09-07T08:46:15.568+0000] {dag.py:4180} INFO - Setting next_dagrun for steam_discount_prediction_dag to 2026-09-07 00:00:00+00:00, run_after=2026-09-08 00:00:00+00:00
[2026-09-07T08:46:15.583+0000] {processor.py:208} INFO - Processing /opt/airflow/dags/ml_04_steam_discount_prediction.py took 1.203 seconds
[2026-09-07T08:46:45.851+0000] {processor.py:186} INFO - Started process (PID=11556) to work on /opt/airflow/dags/ml_04_steam_discount_prediction.py
[2026-09-07T08:46:45.851+0000] {processor.py:914} INFO - Processing file /opt/airflow/dags/ml_04_steam_discount_prediction.py for tasks to queue
[2026-09-07T08:46:45.853+0000] {logging_mixin.py:190} INFO - [2026-09-07T08:46:45.852+0000] {dagbag.py:588} INFO - Filling up the DagBag from /opt/airflow/dags/ml_04_steam_discount_prediction.py
[2026-09-07T08:46:47.008+0000] {processor.py:925} INFO - DAG(s) 'steam_discount_prediction_dag' retrieved from /opt/airflow/dags/ml_04_steam_discount_prediction.py
[2026-09-07T08:46:47.030+0000] {logging_mixin.py:190} INFO - [2026-09-07T08:46:47.029+0000] {dag.py:3239} INFO - Sync 1 DAGs
[2026-09-07T08:46:47.047+0000] {logging_mixin.py:190} INFO - [2026-09-07T08:46:47.047+0000] {dag.py:4180} INFO - Setting next_dagrun for steam_discount_prediction_dag to 2026-09-07 00:00:00+00:00, run_after=2026-09-08 00:00:00+00:00
[2026-09-07T08:46:47.064+0000] {processor.py:208} INFO - Processing /opt/airflow/dags/ml_04_steam_discount_prediction.py took 1.219 seconds
[2026-09-07T08:47:17.345+0000] {processor.py:186} INFO - Started process (PID=11587) to work on /opt/airflow/dags/ml_04_steam_discount_prediction.py
[2026-09-07T08:47:17.346+0000] {processor.py:914} INFO - Processing file /opt/airflow/dags/ml_04_steam_discount_prediction.py for tasks to queue
[2026-09-07T08:47:17.347+0000] {logging_mixin.py:190} INFO - [2026-09-07T08:47:17.347+0000] {dagbag.py:588} INFO - Filling up the DagBag from /opt/airflow/dags/ml_04_steam_discount_prediction.py
[2026-09-07T08:47:18.495+0000] {processor.py:925} INFO - DAG(s) 'steam_discount_prediction_dag' retrieved from /opt/airflow/dags/ml_04_steam_discount_prediction.py
[2026-09-07T08:47:18.518+0000] {logging_mixin.py:190} INFO - [2026-09-07T08:47:18.517+0000] {dag.py:3239} INFO - Sync 1 DAGs
[2026-09-07T08:47:18.534+0000] {logging_mixin.py:190} INFO - [2026-09-07T08:47:18.534+0000] {dag.py:4180} INFO - Setting next_dagrun for steam_discount_prediction_dag to 2026-09-07 00:00:00+00:00, run_after=2026-09-08 00:00:00+00:00
[2026-09-07T08:47:18.549+0000] {processor.py:208} INFO - Processing /opt/airflow/dags/ml_04_steam_discount_prediction.py took 1.209 seconds
[2026-09-07T08:47:48.724+0000] {processor.py:186} INFO - Started process (PID=11618) to work on /opt/airflow/dags/ml_04_steam_discount_prediction.py
[2026-09-07T08:47:48.724+0000] {processor.py:914} INFO - Processing file /opt/airflow/dags/ml_04_steam_discount_prediction.py for tasks to queue
[2026-09-07T08:47:48.726+0000] {logging_mixin.py:190} INFO - [2026-09-07T08:47:48.726+0000] {dagbag.py:588} INFO - Filling up the DagBag from /opt/airflow/dags/ml_04_steam_discount_prediction.py
[2026-09-07T08:47:49.917+0000] {processor.py:925} INFO - DAG(s) 'steam_discount_prediction_dag' retrieved from /opt/airflow/dags/ml_04_steam_discount_prediction.py
[2026-09-07T08:47:49.938+0000] {logging_mixin.py:190} INFO - [2026-09-07T08:47:49.937+0000] {dag.py:3239} INFO - Sync 1 DAGs
[2026-09-07T08:47:49.954+0000] {logging_mixin.py:190} INFO - [2026-09-07T08:47:49.954+0000] {dag.py:4180} INFO - Setting next_dagrun for steam_discount_prediction_dag to 2026-09-07 00:00:00+00:00, run_after=2026-09-08 00:00:00+00:00
[2026-09-07T08:47:49.968+0000] {processor.py:208} INFO - Processing /opt/airflow/dags/ml_04_steam_discount_prediction.py took 1.252 seconds
[2026-09-07T08:48:20.169+0000] {processor.py:186} INFO - Started process (PID=11649) to work on /opt/airflow/dags/ml_04_steam_discount_prediction.py
[2026-09-07T08:48:20.170+0000] {processor.py:914} INFO - Processing file /opt/airflow/dags/ml_04_steam_discount_prediction.py for tasks to queue
[2026-09-07T08:48:20.171+0000] {logging_mixin.py:190} INFO - [2026-09-07T08:48:20.171+0000] {dagbag.py:588} INFO - Filling up the DagBag from /opt/airflow/dags/ml_04_steam_discount_prediction.py
[2026-09-07T08:48:21.476+0000] {processor.py:925} INFO - DAG(s) 'steam_discount_prediction_dag' retrieved from /opt/airflow/dags/ml_04_steam_discount_prediction.py
[2026-09-07T08:48:21.500+0000] {logging_mixin.py:190} INFO - [2026-09-07T08:48:21.499+0000] {dag.py:3239} INFO - Sync 1 DAGs
[2026-09-07T08:48:21.524+0000] {logging_mixin.py:190} INFO - [2026-09-07T08:48:21.523+0000] {dag.py:4180} INFO - Setting next_dagrun for steam_discount_prediction_dag to 2026-09-07 00:00:00+00:00, run_after=2026-09-08 00:00:00+00:00
[2026-09-07T08:48:21.542+0000] {processor.py:208} INFO - Processing /opt/airflow/dags/ml_04_steam_discount_prediction.py took 1.379 seconds
[2026-09-07T08:48:51.631+0000] {processor.py:186} INFO - Started process (PID=11680) to work on /opt/airflow/dags/ml_04_steam_discount_prediction.py
[2026-09-07T08:48:51.632+0000] {processor.py:914} INFO - Processing file /opt/airflow/dags/ml_04_steam_discount_prediction.py for tasks to queue
[2026-09-07T08:48:51.634+0000] {logging_mixin.py:190} INFO - [2026-09-07T08:48:51.634+0000] {dagbag.py:588} INFO - Filling up the DagBag from /opt/airflow/dags/ml_04_steam_discount_prediction.py
[2026-09-07T08:48:52.874+0000] {processor.py:925} INFO - DAG(s) 'steam_discount_prediction_dag' retrieved from /opt/airflow/dags/ml_04_steam_discount_prediction.py
[2026-09-07T08:48:52.899+0000] {logging_mixin.py:190} INFO - [2026-09-07T08:48:52.897+0000] {dag.py:3239} INFO - Sync 1 DAGs
[2026-09-07T08:48:52.920+0000] {logging_mixin.py:190} INFO - [2026-09-07T08:48:52.919+0000] {dag.py:4180} INFO - Setting next_dagrun for steam_discount_prediction_dag to 2026-09-07 00:00:00+00:00, run_after=2026-09-08 00:00:00+00:00
[2026-09-07T08:48:52.936+0000] {processor.py:208} INFO - Processing /opt/airflow/dags/ml_04_steam_discount_prediction.py took 1.313 seconds
[2026-09-07T08:49:23.030+0000] {processor.py:186} INFO - Started process (PID=11711) to work on /opt/airflow/dags/ml_04_steam_discount_prediction.py
[2026-09-07T08:49:23.031+0000] {processor.py:914} INFO - Processing file /opt/airflow/dags/ml_04_steam_discount_prediction.py for tasks to queue
[2026-09-07T08:49:23.032+0000] {logging_mixin.py:190} INFO - [2026-09-07T08:49:23.032+0000] {dagbag.py:588} INFO - Filling up the DagBag from /opt/airflow/dags/ml_04_steam_discount_prediction.py
[2026-09-07T08:49:24.206+0000] {processor.py:925} INFO - DAG(s) 'steam_discount_prediction_dag' retrieved from /opt/airflow/dags/ml_04_steam_discount_prediction.py
[2026-09-07T08:49:24.232+0000] {logging_mixin.py:190} INFO - [2026-09-07T08:49:24.231+0000] {dag.py:3239} INFO - Sync 1 DAGs
[2026-09-07T08:49:24.251+0000] {logging_mixin.py:190} INFO - [2026-09-07T08:49:24.251+0000] {dag.py:4180} INFO - Setting next_dagrun for steam_discount_prediction_dag to 2026-09-07 00:00:00+00:00, run_after=2026-09-08 00:00:00+00:00
[2026-09-07T08:49:24.272+0000] {processor.py:208} INFO - Processing /opt/airflow/dags/ml_04_steam_discount_prediction.py took 1.247 seconds
[2026-09-07T08:49:55.231+0000] {processor.py:186} INFO - Started process (PID=11742) to work on /opt/airflow/dags/ml_04_steam_discount_prediction.py
[2026-09-07T08:49:55.232+0000] {processor.py:914} INFO - Processing file /opt/airflow/dags/ml_04_steam_discount_prediction.py for tasks to queue
[2026-09-07T08:49:55.233+0000] {logging_mixin.py:190} INFO - [2026-09-07T08:49:55.233+0000] {dagbag.py:588} INFO - Filling up the DagBag from /opt/airflow/dags/ml_04_steam_discount_prediction.py
[2026-09-07T08:49:56.371+0000] {processor.py:925} INFO - DAG(s) 'steam_discount_prediction_dag' retrieved from /opt/airflow/dags/ml_04_steam_discount_prediction.py
[2026-09-07T08:49:56.395+0000] {logging_mixin.py:190} INFO - [2026-09-07T08:49:56.395+0000] {dag.py:3239} INFO - Sync 1 DAGs
[2026-09-07T08:49:56.412+0000] {logging_mixin.py:190} INFO - [2026-09-07T08:49:56.412+0000] {dag.py:4180} INFO - Setting next_dagrun for steam_discount_prediction_dag to 2026-09-07 00:00:00+00:00, run_after=2026-09-08 00:00:00+00:00
[2026-09-07T08:49:56.427+0000] {processor.py:208} INFO - Processing /opt/airflow/dags/ml_04_steam_discount_prediction.py took 1.203 seconds
[2026-09-07T08:50:26.496+0000] {processor.py:186} INFO - Started process (PID=11779) to work on /opt/airflow/dags/ml_04_steam_discount_prediction.py
[2026-09-07T08:50:26.497+0000] {processor.py:914} INFO - Processing file /opt/airflow/dags/ml_04_steam_discount_prediction.py for tasks to queue
[2026-09-07T08:50:26.498+0000] {logging_mixin.py:190} INFO - [2026-09-07T08:50:26.498+0000] {dagbag.py:588} INFO - Filling up the DagBag from /opt/airflow/dags/ml_04_steam_discount_prediction.py
[2026-09-07T08:50:27.684+0000] {processor.py:925} INFO - DAG(s) 'steam_discount_prediction_dag' retrieved from /opt/airflow/dags/ml_04_steam_discount_prediction.py
[2026-09-07T08:50:27.706+0000] {logging_mixin.py:190} INFO - [2026-09-07T08:50:27.706+0000] {dag.py:3239} INFO - Sync 1 DAGs
[2026-09-07T08:50:27.724+0000] {logging_mixin.py:190} INFO - [2026-09-07T08:50:27.724+0000] {dag.py:4180} INFO - Setting next_dagrun for steam_discount_prediction_dag to 2026-09-07 00:00:00+00:00, run_after=2026-09-08 00:00:00+00:00
[2026-09-07T08:50:27.739+0000] {processor.py:208} INFO - Processing /opt/airflow/dags/ml_04_steam_discount_prediction.py took 1.248 seconds
[2026-09-07T08:50:58.582+0000] {processor.py:186} INFO - Started process (PID=11810) to work on /opt/airflow/dags/ml_04_steam_discount_prediction.py
[2026-09-07T08:50:58.583+0000] {processor.py:914} INFO - Processing file /opt/airflow/dags/ml_04_steam_discount_prediction.py for tasks to queue
[2026-09-07T08:50:58.584+0000] {logging_mixin.py:190} INFO - [2026-09-07T08:50:58.583+0000] {dagbag.py:588} INFO - Filling up the DagBag from /opt/airflow/dags/ml_04_steam_discount_prediction.py
[2026-09-07T08:50:59.759+0000] {processor.py:925} INFO - DAG(s) 'steam_discount_prediction_dag' retrieved from /opt/airflow/dags/ml_04_steam_discount_prediction.py
[2026-09-07T08:50:59.780+0000] {logging_mixin.py:190} INFO - [2026-09-07T08:50:59.779+0000] {dag.py:3239} INFO - Sync 1 DAGs
[2026-09-07T08:50:59.796+0000] {logging_mixin.py:190} INFO - [2026-09-07T08:50:59.796+0000] {dag.py:4180} INFO - Setting next_dagrun for steam_discount_prediction_dag to 2026-09-07 00:00:00+00:00, run_after=2026-09-08 00:00:00+00:00
[2026-09-07T08:50:59.812+0000] {processor.py:208} INFO - Processing /opt/airflow/dags/ml_04_steam_discount_prediction.py took 1.236 seconds
[2026-09-07T08:51:30.439+0000] {processor.py:186} INFO - Started process (PID=11841) to work on /opt/airflow/dags/ml_04_steam_discount_prediction.py
[2026-09-07T08:51:30.440+0000] {processor.py:914} INFO - Processing file /opt/airflow/dags/ml_04_steam_discount_prediction.py for tasks to queue
[2026-09-07T08:51:30.441+0000] {logging_mixin.py:190} INFO - [2026-09-07T08:51:30.441+0000] {dagbag.py:588} INFO - Filling up the DagBag from /opt/airflow/dags/ml_04_steam_discount_prediction.py
[2026-09-07T08:51:31.594+0000] {processor.py:925} INFO - DAG(s) 'steam_discount_prediction_dag' retrieved from /opt/airflow/dags/ml_04_steam_discount_prediction.py
[2026-09-07T08:51:31.621+0000] {logging_mixin.py:190} INFO - [2026-09-07T08:51:31.620+0000] {dag.py:3239} INFO - Sync 1 DAGs
[2026-09-07T08:51:31.643+0000] {logging_mixin.py:190} INFO - [2026-09-07T08:51:31.643+0000] {dag.py:4180} INFO - Setting next_dagrun for steam_discount_prediction_dag to 2026-09-07 00:00:00+00:00, run_after=2026-09-08 00:00:00+00:00
[2026-09-07T08:51:31.664+0000] {processor.py:208} INFO - Processing /opt/airflow/dags/ml_04_steam_discount_prediction.py took 1.230 seconds
[2026-09-07T08:52:01.813+0000] {processor.py:186} INFO - Started process (PID=11872) to work on /opt/airflow/dags/ml_04_steam_discount_prediction.py
[2026-09-07T08:52:01.813+0000] {processor.py:914} INFO - Processing file /opt/airflow/dags/ml_04_steam_discount_prediction.py for tasks to queue
[2026-09-07T08:52:01.815+0000] {logging_mixin.py:190} INFO - [2026-09-07T08:52:01.814+0000] {dagbag.py:588} INFO - Filling up the DagBag from /opt/airflow/dags/ml_04_steam_discount_prediction.py
[2026-09-07T08:52:02.965+0000] {processor.py:925} INFO - DAG(s) 'steam_discount_prediction_dag' retrieved from /opt/airflow/dags/ml_04_steam_discount_prediction.py
[2026-09-07T08:52:02.987+0000] {logging_mixin.py:190} INFO - [2026-09-07T08:52:02.986+0000] {dag.py:3239} INFO - Sync 1 DAGs
[2026-09-07T08:52:03.003+0000] {logging_mixin.py:190} INFO - [2026-09-07T08:52:03.003+0000] {dag.py:4180} INFO - Setting next_dagrun for steam_discount_prediction_dag to 2026-09-07 00:00:00+00:00, run_after=2026-09-08 00:00:00+00:00
[2026-09-07T08:52:03.018+0000] {processor.py:208} INFO - Processing /opt/airflow/dags/ml_04_steam_discount_prediction.py took 1.211 seconds
[2026-09-07T08:52:33.986+0000] {processor.py:186} INFO - Started process (PID=11903) to work on /opt/airflow/dags/ml_04_steam_discount_prediction.py
[2026-09-07T08:52:33.986+0000] {processor.py:914} INFO - Processing file /opt/airflow/dags/ml_04_steam_discount_prediction.py for tasks to queue
[2026-09-07T08:52:33.987+0000] {logging_mixin.py:190} INFO - [2026-09-07T08:52:33.987+0000] {dagbag.py:588} INFO - Filling up the DagBag from /opt/airflow/dags/ml_04_steam_discount_prediction.py
[2026-09-07T08:52:35.197+0000] {processor.py:925} INFO - DAG(s) 'steam_discount_prediction_dag' retrieved from /opt/airflow/dags/ml_04_steam_discount_prediction.py
[2026-09-07T08:52:35.222+0000] {logging_mixin.py:190} INFO - [2026-09-07T08:52:35.220+0000] {dag.py:3239} INFO - Sync 1 DAGs
[2026-09-07T08:52:35.244+0000] {logging_mixin.py:190} INFO - [2026-09-07T08:52:35.244+0000] {dag.py:4180} INFO - Setting next_dagrun for steam_discount_prediction_dag to 2026-09-07 00:00:00+00:00, run_after=2026-09-08 00:00:00+00:00
[2026-09-07T08:52:35.259+0000] {processor.py:208} INFO - Processing /opt/airflow/dags/ml_04_steam_discount_prediction.py took 1.279 seconds
[2026-09-07T08:53:05.384+0000] {processor.py:186} INFO - Started process (PID=11934) to work on /opt/airflow/dags/ml_04_steam_discount_prediction.py
[2026-09-07T08:53:05.385+0000] {processor.py:914} INFO - Processing file /opt/airflow/dags/ml_04_steam_discount_prediction.py for tasks to queue
[2026-09-07T08:53:05.386+0000] {logging_mixin.py:190} INFO - [2026-09-07T08:53:05.386+0000] {dagbag.py:588} INFO - Filling up the DagBag from /opt/airflow/dags/ml_04_steam_discount_prediction.py
[2026-09-07T08:53:06.528+0000] {processor.py:925} INFO - DAG(s) 'steam_discount_prediction_dag' retrieved from /opt/airflow/dags/ml_04_steam_discount_prediction.py
[2026-09-07T08:53:06.553+0000] {logging_mixin.py:190} INFO - [2026-09-07T08:53:06.553+0000] {dag.py:3239} INFO - Sync 1 DAGs
[2026-09-07T08:53:06.570+0000] {logging_mixin.py:190} INFO - [2026-09-07T08:53:06.570+0000] {dag.py:4180} INFO - Setting next_dagrun for steam_discount_prediction_dag to 2026-09-07 00:00:00+00:00, run_after=2026-09-08 00:00:00+00:00
[2026-09-07T08:53:06.587+0000] {processor.py:208} INFO - Processing /opt/airflow/dags/ml_04_steam_discount_prediction.py took 1.210 seconds
[2026-09-07T08:53:36.718+0000] {processor.py:186} INFO - Started process (PID=11965) to work on /opt/airflow/dags/ml_04_steam_discount_prediction.py
[2026-09-07T08:53:36.718+0000] {processor.py:914} INFO - Processing file /opt/airflow/dags/ml_04_steam_discount_prediction.py for tasks to queue
[2026-09-07T08:53:36.720+0000] {logging_mixin.py:190} INFO - [2026-09-07T08:53:36.720+0000] {dagbag.py:588} INFO - Filling up the DagBag from /opt/airflow/dags/ml_04_steam_discount_prediction.py
[2026-09-07T08:53:37.917+0000] {processor.py:925} INFO - DAG(s) 'steam_discount_prediction_dag' retrieved from /opt/airflow/dags/ml_04_steam_discount_prediction.py
[2026-09-07T08:53:37.940+0000] {logging_mixin.py:190} INFO - [2026-09-07T08:53:37.939+0000] {dag.py:3239} INFO - Sync 1 DAGs
[2026-09-07T08:53:37.957+0000] {logging_mixin.py:190} INFO - [2026-09-07T08:53:37.957+0000] {dag.py:4180} INFO - Setting next_dagrun for steam_discount_prediction_dag to 2026-09-07 00:00:00+00:00, run_after=2026-09-08 00:00:00+00:00
[2026-09-07T08:53:37.973+0000] {processor.py:208} INFO - Processing /opt/airflow/dags/ml_04_steam_discount_prediction.py took 1.262 seconds
[2026-09-07T08:54:08.078+0000] {processor.py:186} INFO - Started process (PID=11996) to work on /opt/airflow/dags/ml_04_steam_discount_prediction.py
[2026-09-07T08:54:08.079+0000] {processor.py:914} INFO - Processing file /opt/airflow/dags/ml_04_steam_discount_prediction.py for tasks to queue
[2026-09-07T08:54:08.080+0000] {logging_mixin.py:190} INFO - [2026-09-07T08:54:08.080+0000] {dagbag.py:588} INFO - Filling up the DagBag from /opt/airflow/dags/ml_04_steam_discount_prediction.py
[2026-09-07T08:54:09.270+0000] {processor.py:925} INFO - DAG(s) 'steam_discount_prediction_dag' retrieved from /opt/airflow/dags/ml_04_steam_discount_prediction.py
[2026-09-07T08:54:09.295+0000] {logging_mixin.py:190} INFO - [2026-09-07T08:54:09.294+0000] {dag.py:3239} INFO - Sync 1 DAGs
[2026-09-07T08:54:09.313+0000] {logging_mixin.py:190} INFO - [2026-09-07T08:54:09.313+0000] {dag.py:4180} INFO - Setting next_dagrun for steam_discount_prediction_dag to 2026-09-07 00:00:00+00:00, run_after=2026-09-08 00:00:00+00:00
[2026-09-07T08:54:09.329+0000] {processor.py:208} INFO - Processing /opt/airflow/dags/ml_04_steam_discount_prediction.py took 1.257 seconds
[2026-09-07T08:54:39.437+0000] {processor.py:186} INFO - Started process (PID=12028) to work on /opt/airflow/dags/ml_04_steam_discount_prediction.py
[2026-09-07T08:54:39.437+0000] {processor.py:914} INFO - Processing file /opt/airflow/dags/ml_04_steam_discount_prediction.py for tasks to queue
[2026-09-07T08:54:39.440+0000] {logging_mixin.py:190} INFO - [2026-09-07T08:54:39.439+0000] {dagbag.py:588} INFO - Filling up the DagBag from /opt/airflow/dags/ml_04_steam_discount_prediction.py
[2026-09-07T08:54:40.631+0000] {processor.py:925} INFO - DAG(s) 'steam_discount_prediction_dag' retrieved from /opt/airflow/dags/ml_04_steam_discount_prediction.py
[2026-09-07T08:54:40.653+0000] {logging_mixin.py:190} INFO - [2026-09-07T08:54:40.653+0000] {dag.py:3239} INFO - Sync 1 DAGs
[2026-09-07T08:54:40.670+0000] {logging_mixin.py:190} INFO - [2026-09-07T08:54:40.670+0000] {dag.py:4180} INFO - Setting next_dagrun for steam_discount_prediction_dag to 2026-09-07 00:00:00+00:00, run_after=2026-09-08 00:00:00+00:00
[2026-09-07T08:54:40.685+0000] {processor.py:208} INFO - Processing /opt/airflow/dags/ml_04_steam_discount_prediction.py took 1.256 seconds
[2026-09-07T08:55:10.754+0000] {processor.py:186} INFO - Started process (PID=12059) to work on /opt/airflow/dags/ml_04_steam_discount_prediction.py
[2026-09-07T08:55:10.755+0000] {processor.py:914} INFO - Processing file /opt/airflow/dags/ml_04_steam_discount_prediction.py for tasks to queue
[2026-09-07T08:55:10.756+0000] {logging_mixin.py:190} INFO - [2026-09-07T08:55:10.756+0000] {dagbag.py:588} INFO - Filling up the DagBag from /opt/airflow/dags/ml_04_steam_discount_prediction.py
[2026-09-07T08:55:11.920+0000] {processor.py:925} INFO - DAG(s) 'steam_discount_prediction_dag' retrieved from /opt/airflow/dags/ml_04_steam_discount_prediction.py
[2026-09-07T08:55:11.942+0000] {logging_mixin.py:190} INFO - [2026-09-07T08:55:11.941+0000] {dag.py:3239} INFO - Sync 1 DAGs
[2026-09-07T08:55:11.962+0000] {logging_mixin.py:190} INFO - [2026-09-07T08:55:11.961+0000] {dag.py:4180} INFO - Setting next_dagrun for steam_discount_prediction_dag to 2026-09-07 00:00:00+00:00, run_after=2026-09-08 00:00:00+00:00
[2026-09-07T08:55:11.977+0000] {processor.py:208} INFO - Processing /opt/airflow/dags/ml_04_steam_discount_prediction.py took 1.228 seconds
[2026-09-07T08:55:42.023+0000] {processor.py:186} INFO - Started process (PID=12090) to work on /opt/airflow/dags/ml_04_steam_discount_prediction.py
[2026-09-07T08:55:42.024+0000] {processor.py:914} INFO - Processing file /opt/airflow/dags/ml_04_steam_discount_prediction.py for tasks to queue
[2026-09-07T08:55:42.025+0000] {logging_mixin.py:190} INFO - [2026-09-07T08:55:42.025+0000] {dagbag.py:588} INFO - Filling up the DagBag from /opt/airflow/dags/ml_04_steam_discount_prediction.py
[2026-09-07T08:55:43.197+0000] {processor.py:925} INFO - DAG(s) 'steam_discount_prediction_dag' retrieved from /opt/airflow/dags/ml_04_steam_discount_prediction.py
[2026-09-07T08:55:43.221+0000] {logging_mixin.py:190} INFO - [2026-09-07T08:55:43.220+0000] {dag.py:3239} INFO - Sync 1 DAGs
[2026-09-07T08:55:43.241+0000] {logging_mixin.py:190} INFO - [2026-09-07T08:55:43.241+0000] {dag.py:4180} INFO - Setting next_dagrun for steam_discount_prediction_dag to 2026-09-07 00:00:00+00:00, run_after=2026-09-08 00:00:00+00:00
[2026-09-07T08:55:43.370+0000] {processor.py:208} INFO - Processing /opt/airflow/dags/ml_04_steam_discount_prediction.py took 1.352 seconds
[2026-09-07T08:56:14.368+0000] {processor.py:186} INFO - Started process (PID=12121) to work on /opt/airflow/dags/ml_04_steam_discount_prediction.py
[2026-09-07T08:56:14.369+0000] {processor.py:914} INFO - Processing file /opt/airflow/dags/ml_04_steam_discount_prediction.py for tasks to queue
[2026-09-07T08:56:14.370+0000] {logging_mixin.py:190} INFO - [2026-09-07T08:56:14.370+0000] {dagbag.py:588} INFO - Filling up the DagBag from /opt/airflow/dags/ml_04_steam_discount_prediction.py
[2026-09-07T08:56:15.522+0000] {processor.py:925} INFO - DAG(s) 'steam_discount_prediction_dag' retrieved from /opt/airflow/dags/ml_04_steam_discount_prediction.py
[2026-09-07T08:56:15.546+0000] {logging_mixin.py:190} INFO - [2026-09-07T08:56:15.545+0000] {dag.py:3239} INFO - Sync 1 DAGs
[2026-09-07T08:56:15.562+0000] {logging_mixin.py:190} INFO - [2026-09-07T08:56:15.562+0000] {dag.py:4180} INFO - Setting next_dagrun for steam_discount_prediction_dag to 2026-09-07 00:00:00+00:00, run_after=2026-09-08 00:00:00+00:00
[2026-09-07T08:56:15.576+0000] {processor.py:208} INFO - Processing /opt/airflow/dags/ml_04_steam_discount_prediction.py took 1.213 seconds
[2026-09-07T08:56:45.643+0000] {processor.py:186} INFO - Started process (PID=12152) to work on /opt/airflow/dags/ml_04_steam_discount_prediction.py
[2026-09-07T08:56:45.643+0000] {processor.py:914} INFO - Processing file /opt/airflow/dags/ml_04_steam_discount_prediction.py for tasks to queue
[2026-09-07T08:56:45.644+0000] {logging_mixin.py:190} INFO - [2026-09-07T08:56:45.644+0000] {dagbag.py:588} INFO - Filling up the DagBag from /opt/airflow/dags/ml_04_steam_discount_prediction.py
[2026-09-07T08:56:46.808+0000] {processor.py:925} INFO - DAG(s) 'steam_discount_prediction_dag' retrieved from /opt/airflow/dags/ml_04_steam_discount_prediction.py
[2026-09-07T08:56:46.830+0000] {logging_mixin.py:190} INFO - [2026-09-07T08:56:46.829+0000] {dag.py:3239} INFO - Sync 1 DAGs
[2026-09-07T08:56:46.846+0000] {logging_mixin.py:190} INFO - [2026-09-07T08:56:46.846+0000] {dag.py:4180} INFO - Setting next_dagrun for steam_discount_prediction_dag to 2026-09-07 00:00:00+00:00, run_after=2026-09-08 00:00:00+00:00
[2026-09-07T08:56:46.860+0000] {processor.py:208} INFO - Processing /opt/airflow/dags/ml_04_steam_discount_prediction.py took 1.224 seconds
[2026-09-07T08:57:17.077+0000] {processor.py:186} INFO - Started process (PID=12184) to work on /opt/airflow/dags/ml_04_steam_discount_prediction.py
[2026-09-07T08:57:17.077+0000] {processor.py:914} INFO - Processing file /opt/airflow/dags/ml_04_steam_discount_prediction.py for tasks to queue
[2026-09-07T08:57:17.079+0000] {logging_mixin.py:190} INFO - [2026-09-07T08:57:17.078+0000] {dagbag.py:588} INFO - Filling up the DagBag from /opt/airflow/dags/ml_04_steam_discount_prediction.py
[2026-09-07T08:57:18.245+0000] {processor.py:925} INFO - DAG(s) 'steam_discount_prediction_dag' retrieved from /opt/airflow/dags/ml_04_steam_discount_prediction.py
[2026-09-07T08:57:18.267+0000] {logging_mixin.py:190} INFO - [2026-09-07T08:57:18.267+0000] {dag.py:3239} INFO - Sync 1 DAGs
[2026-09-07T08:57:18.283+0000] {logging_mixin.py:190} INFO - [2026-09-07T08:57:18.283+0000] {dag.py:4180} INFO - Setting next_dagrun for steam_discount_prediction_dag to 2026-09-07 00:00:00+00:00, run_after=2026-09-08 00:00:00+00:00
[2026-09-07T08:57:18.300+0000] {processor.py:208} INFO - Processing /opt/airflow/dags/ml_04_steam_discount_prediction.py took 1.229 seconds
[2026-09-07T08:57:48.771+0000] {processor.py:186} INFO - Started process (PID=12215) to work on /opt/airflow/dags/ml_04_steam_discount_prediction.py
[2026-09-07T08:57:48.772+0000] {processor.py:914} INFO - Processing file /opt/airflow/dags/ml_04_steam_discount_prediction.py for tasks to queue
[2026-09-07T08:57:48.773+0000] {logging_mixin.py:190} INFO - [2026-09-07T08:57:48.773+0000] {dagbag.py:588} INFO - Filling up the DagBag from /opt/airflow/dags/ml_04_steam_discount_prediction.py
[2026-09-07T08:57:49.924+0000] {processor.py:925} INFO - DAG(s) 'steam_discount_prediction_dag' retrieved from /opt/airflow/dags/ml_04_steam_discount_prediction.py
[2026-09-07T08:57:49.946+0000] {logging_mixin.py:190} INFO - [2026-09-07T08:57:49.945+0000] {dag.py:3239} INFO - Sync 1 DAGs
[2026-09-07T08:57:50.075+0000] {logging_mixin.py:190} INFO - [2026-09-07T08:57:50.075+0000] {dag.py:4180} INFO - Setting next_dagrun for steam_discount_prediction_dag to 2026-09-07 00:00:00+00:00, run_after=2026-09-08 00:00:00+00:00
[2026-09-07T08:57:50.092+0000] {processor.py:208} INFO - Processing /opt/airflow/dags/ml_04_steam_discount_prediction.py took 1.326 seconds
[2026-09-07T08:58:20.320+0000] {processor.py:186} INFO - Started process (PID=12247) to work on /opt/airflow/dags/ml_04_steam_discount_prediction.py
[2026-09-07T08:58:20.321+0000] {processor.py:914} INFO - Processing file /opt/airflow/dags/ml_04_steam_discount_prediction.py for tasks to queue
[2026-09-07T08:58:20.322+0000] {logging_mixin.py:190} INFO - [2026-09-07T08:58:20.322+0000] {dagbag.py:588} INFO - Filling up the DagBag from /opt/airflow/dags/ml_04_steam_discount_prediction.py
[2026-09-07T08:58:21.534+0000] {processor.py:925} INFO - DAG(s) 'steam_discount_prediction_dag' retrieved from /opt/airflow/dags/ml_04_steam_discount_prediction.py
[2026-09-07T08:58:21.557+0000] {logging_mixin.py:190} INFO - [2026-09-07T08:58:21.557+0000] {dag.py:3239} INFO - Sync 1 DAGs
[2026-09-07T08:58:21.577+0000] {logging_mixin.py:190} INFO - [2026-09-07T08:58:21.577+0000] {dag.py:4180} INFO - Setting next_dagrun for steam_discount_prediction_dag to 2026-09-07 00:00:00+00:00, run_after=2026-09-08 00:00:00+00:00
[2026-09-07T08:58:21.593+0000] {processor.py:208} INFO - Processing /opt/airflow/dags/ml_04_steam_discount_prediction.py took 1.279 seconds
[2026-09-07T08:58:52.513+0000] {processor.py:186} INFO - Started process (PID=12278) to work on /opt/airflow/dags/ml_04_steam_discount_prediction.py
[2026-09-07T08:58:52.513+0000] {processor.py:914} INFO - Processing file /opt/airflow/dags/ml_04_steam_discount_prediction.py for tasks to queue
[2026-09-07T08:58:52.515+0000] {logging_mixin.py:190} INFO - [2026-09-07T08:58:52.514+0000] {dagbag.py:588} INFO - Filling up the DagBag from /opt/airflow/dags/ml_04_steam_discount_prediction.py
[2026-09-07T08:58:53.618+0000] {processor.py:925} INFO - DAG(s) 'steam_discount_prediction_dag' retrieved from /opt/airflow/dags/ml_04_steam_discount_prediction.py
[2026-09-07T08:58:53.754+0000] {logging_mixin.py:190} INFO - [2026-09-07T08:58:53.753+0000] {dag.py:3239} INFO - Sync 1 DAGs
[2026-09-07T08:58:53.770+0000] {logging_mixin.py:190} INFO - [2026-09-07T08:58:53.770+0000] {dag.py:4180} INFO - Setting next_dagrun for steam_discount_prediction_dag to 2026-09-07 00:00:00+00:00, run_after=2026-09-08 00:00:00+00:00
[2026-09-07T08:58:53.785+0000] {processor.py:208} INFO - Processing /opt/airflow/dags/ml_04_steam_discount_prediction.py took 1.278 seconds
[2026-09-07T08:59:24.753+0000] {processor.py:186} INFO - Started process (PID=12309) to work on /opt/airflow/dags/ml_04_steam_discount_prediction.py
[2026-09-07T08:59:24.754+0000] {processor.py:914} INFO - Processing file /opt/airflow/dags/ml_04_steam_discount_prediction.py for tasks to queue
[2026-09-07T08:59:24.755+0000] {logging_mixin.py:190} INFO - [2026-09-07T08:59:24.755+0000] {dagbag.py:588} INFO - Filling up the DagBag from /opt/airflow/dags/ml_04_steam_discount_prediction.py
[2026-09-07T08:59:26.092+0000] {processor.py:925} INFO - DAG(s) 'steam_discount_prediction_dag' retrieved from /opt/airflow/dags/ml_04_steam_discount_prediction.py
[2026-09-07T08:59:26.114+0000] {logging_mixin.py:190} INFO - [2026-09-07T08:59:26.114+0000] {dag.py:3239} INFO - Sync 1 DAGs
[2026-09-07T08:59:26.131+0000] {logging_mixin.py:190} INFO - [2026-09-07T08:59:26.131+0000] {dag.py:4180} INFO - Setting next_dagrun for steam_discount_prediction_dag to 2026-09-07 00:00:00+00:00, run_after=2026-09-08 00:00:00+00:00
[2026-09-07T08:59:26.146+0000] {processor.py:208} INFO - Processing /opt/airflow/dags/ml_04_steam_discount_prediction.py took 1.400 seconds
[2026-09-07T08:59:56.946+0000] {processor.py:186} INFO - Started process (PID=12340) to work on /opt/airflow/dags/ml_04_steam_discount_prediction.py
[2026-09-07T08:59:56.946+0000] {processor.py:914} INFO - Processing file /opt/airflow/dags/ml_04_steam_discount_prediction.py for tasks to queue
[2026-09-07T08:59:56.947+0000] {logging_mixin.py:190} INFO - [2026-09-07T08:59:56.947+0000] {dagbag.py:588} INFO - Filling up the DagBag from /opt/airflow/dags/ml_04_steam_discount_prediction.py
[2026-09-07T08:59:58.252+0000] {processor.py:925} INFO - DAG(s) 'steam_discount_prediction_dag' retrieved from /opt/airflow/dags/ml_04_steam_discount_prediction.py
[2026-09-07T08:59:58.277+0000] {logging_mixin.py:190} INFO - [2026-09-07T08:59:58.276+0000] {dag.py:3239} INFO - Sync 1 DAGs
[2026-09-07T08:59:58.295+0000] {logging_mixin.py:190} INFO - [2026-09-07T08:59:58.295+0000] {dag.py:4180} INFO - Setting next_dagrun for steam_discount_prediction_dag to 2026-09-07 00:00:00+00:00, run_after=2026-09-08 00:00:00+00:00
[2026-09-07T08:59:58.313+0000] {processor.py:208} INFO - Processing /opt/airflow/dags/ml_04_steam_discount_prediction.py took 1.373 seconds
[2026-09-07T09:00:28.456+0000] {processor.py:186} INFO - Started process (PID=12379) to work on /opt/airflow/dags/ml_04_steam_discount_prediction.py
[2026-09-07T09:00:28.457+0000] {processor.py:914} INFO - Processing file /opt/airflow/dags/ml_04_steam_discount_prediction.py for tasks to queue
[2026-09-07T09:00:28.458+0000] {logging_mixin.py:190} INFO - [2026-09-07T09:00:28.458+0000] {dagbag.py:588} INFO - Filling up the DagBag from /opt/airflow/dags/ml_04_steam_discount_prediction.py
[2026-09-07T09:00:29.690+0000] {processor.py:925} INFO - DAG(s) 'steam_discount_prediction_dag' retrieved from /opt/airflow/dags/ml_04_steam_discount_prediction.py
[2026-09-07T09:00:29.715+0000] {logging_mixin.py:190} INFO - [2026-09-07T09:00:29.715+0000] {dag.py:3239} INFO - Sync 1 DAGs
[2026-09-07T09:00:29.738+0000] {logging_mixin.py:190} INFO - [2026-09-07T09:00:29.738+0000] {dag.py:4180} INFO - Setting next_dagrun for steam_discount_prediction_dag to 2026-09-07 00:00:00+00:00, run_after=2026-09-08 00:00:00+00:00
[2026-09-07T09:00:29.755+0000] {processor.py:208} INFO - Processing /opt/airflow/dags/ml_04_steam_discount_prediction.py took 1.304 seconds
[2026-09-07T09:01:00.592+0000] {processor.py:186} INFO - Started process (PID=12410) to work on /opt/airflow/dags/ml_04_steam_discount_prediction.py
[2026-09-07T09:01:00.592+0000] {processor.py:914} INFO - Processing file /opt/airflow/dags/ml_04_steam_discount_prediction.py for tasks to queue
[2026-09-07T09:01:00.594+0000] {logging_mixin.py:190} INFO - [2026-09-07T09:01:00.593+0000] {dagbag.py:588} INFO - Filling up the DagBag from /opt/airflow/dags/ml_04_steam_discount_prediction.py
[2026-09-07T09:01:01.869+0000] {processor.py:925} INFO - DAG(s) 'steam_discount_prediction_dag' retrieved from /opt/airflow/dags/ml_04_steam_discount_prediction.py
[2026-09-07T09:01:01.903+0000] {logging_mixin.py:190} INFO - [2026-09-07T09:01:01.902+0000] {dag.py:3239} INFO - Sync 1 DAGs
[2026-09-07T09:01:01.929+0000] {logging_mixin.py:190} INFO - [2026-09-07T09:01:01.929+0000] {dag.py:4180} INFO - Setting next_dagrun for steam_discount_prediction_dag to 2026-09-07 00:00:00+00:00, run_after=2026-09-08 00:00:00+00:00
[2026-09-07T09:01:01.947+0000] {processor.py:208} INFO - Processing /opt/airflow/dags/ml_04_steam_discount_prediction.py took 1.361 seconds
[2026-09-07T09:01:32.788+0000] {processor.py:186} INFO - Started process (PID=12441) to work on /opt/airflow/dags/ml_04_steam_discount_prediction.py
[2026-09-07T09:01:32.789+0000] {processor.py:914} INFO - Processing file /opt/airflow/dags/ml_04_steam_discount_prediction.py for tasks to queue
[2026-09-07T09:01:32.790+0000] {logging_mixin.py:190} INFO - [2026-09-07T09:01:32.790+0000] {dagbag.py:588} INFO - Filling up the DagBag from /opt/airflow/dags/ml_04_steam_discount_prediction.py
[2026-09-07T09:01:34.063+0000] {processor.py:925} INFO - DAG(s) 'steam_discount_prediction_dag' retrieved from /opt/airflow/dags/ml_04_steam_discount_prediction.py
[2026-09-07T09:01:34.085+0000] {logging_mixin.py:190} INFO - [2026-09-07T09:01:34.084+0000] {dag.py:3239} INFO - Sync 1 DAGs
[2026-09-07T09:01:34.102+0000] {logging_mixin.py:190} INFO - [2026-09-07T09:01:34.102+0000] {dag.py:4180} INFO - Setting next_dagrun for steam_discount_prediction_dag to 2026-09-07 00:00:00+00:00, run_after=2026-09-08 00:00:00+00:00
[2026-09-07T09:01:34.118+0000] {processor.py:208} INFO - Processing /opt/airflow/dags/ml_04_steam_discount_prediction.py took 1.336 seconds
[2026-09-07T09:02:05.137+0000] {processor.py:186} INFO - Started process (PID=12472) to work on /opt/airflow/dags/ml_04_steam_discount_prediction.py
[2026-09-07T09:02:05.137+0000] {processor.py:914} INFO - Processing file /opt/airflow/dags/ml_04_steam_discount_prediction.py for tasks to queue
[2026-09-07T09:02:05.139+0000] {logging_mixin.py:190} INFO - [2026-09-07T09:02:05.138+0000] {dagbag.py:588} INFO - Filling up the DagBag from /opt/airflow/dags/ml_04_steam_discount_prediction.py
[2026-09-07T09:02:06.464+0000] {processor.py:925} INFO - DAG(s) 'steam_discount_prediction_dag' retrieved from /opt/airflow/dags/ml_04_steam_discount_prediction.py
[2026-09-07T09:02:06.489+0000] {logging_mixin.py:190} INFO - [2026-09-07T09:02:06.489+0000] {dag.py:3239} INFO - Sync 1 DAGs
[2026-09-07T09:02:06.508+0000] {logging_mixin.py:190} INFO - [2026-09-07T09:02:06.508+0000] {dag.py:4180} INFO - Setting next_dagrun for steam_discount_prediction_dag to 2026-09-07 00:00:00+00:00, run_after=2026-09-08 00:00:00+00:00
[2026-09-07T09:02:06.524+0000] {processor.py:208} INFO - Processing /opt/airflow/dags/ml_04_steam_discount_prediction.py took 1.394 seconds
[2026-09-07T09:02:36.591+0000] {processor.py:186} INFO - Started process (PID=12503) to work on /opt/airflow/dags/ml_04_steam_discount_prediction.py
[2026-09-07T09:02:36.592+0000] {processor.py:914} INFO - Processing file /opt/airflow/dags/ml_04_steam_discount_prediction.py for tasks to queue
[2026-09-07T09:02:36.593+0000] {logging_mixin.py:190} INFO - [2026-09-07T09:02:36.593+0000] {dagbag.py:588} INFO - Filling up the DagBag from /opt/airflow/dags/ml_04_steam_discount_prediction.py
[2026-09-07T09:02:37.937+0000] {processor.py:925} INFO - DAG(s) 'steam_discount_prediction_dag' retrieved from /opt/airflow/dags/ml_04_steam_discount_prediction.py
[2026-09-07T09:02:37.960+0000] {logging_mixin.py:190} INFO - [2026-09-07T09:02:37.959+0000] {dag.py:3239} INFO - Sync 1 DAGs
[2026-09-07T09:02:37.979+0000] {logging_mixin.py:190} INFO - [2026-09-07T09:02:37.979+0000] {dag.py:4180} INFO - Setting next_dagrun for steam_discount_prediction_dag to 2026-09-07 00:00:00+00:00, run_after=2026-09-08 00:00:00+00:00
[2026-09-07T09:02:37.994+0000] {processor.py:208} INFO - Processing /opt/airflow/dags/ml_04_steam_discount_prediction.py took 1.411 seconds
[2026-09-07T09:03:08.991+0000] {processor.py:186} INFO - Started process (PID=12534) to work on /opt/airflow/dags/ml_04_steam_discount_prediction.py
[2026-09-07T09:03:08.992+0000] {processor.py:914} INFO - Processing file /opt/airflow/dags/ml_04_steam_discount_prediction.py for tasks to queue
[2026-09-07T09:03:08.994+0000] {logging_mixin.py:190} INFO - [2026-09-07T09:03:08.993+0000] {dagbag.py:588} INFO - Filling up the DagBag from /opt/airflow/dags/ml_04_steam_discount_prediction.py
[2026-09-07T09:03:10.375+0000] {processor.py:925} INFO - DAG(s) 'steam_discount_prediction_dag' retrieved from /opt/airflow/dags/ml_04_steam_discount_prediction.py
[2026-09-07T09:03:10.398+0000] {logging_mixin.py:190} INFO - [2026-09-07T09:03:10.397+0000] {dag.py:3239} INFO - Sync 1 DAGs
[2026-09-07T09:03:10.415+0000] {logging_mixin.py:190} INFO - [2026-09-07T09:03:10.414+0000] {dag.py:4180} INFO - Setting next_dagrun for steam_discount_prediction_dag to 2026-09-07 00:00:00+00:00, run_after=2026-09-08 00:00:00+00:00
[2026-09-07T09:03:10.430+0000] {processor.py:208} INFO - Processing /opt/airflow/dags/ml_04_steam_discount_prediction.py took 1.447 seconds
[2026-09-07T09:03:40.590+0000] {processor.py:186} INFO - Started process (PID=12567) to work on /opt/airflow/dags/ml_04_steam_discount_prediction.py
[2026-09-07T09:03:40.591+0000] {processor.py:914} INFO - Processing file /opt/airflow/dags/ml_04_steam_discount_prediction.py for tasks to queue
[2026-09-07T09:03:40.592+0000] {logging_mixin.py:190} INFO - [2026-09-07T09:03:40.592+0000] {dagbag.py:588} INFO - Filling up the DagBag from /opt/airflow/dags/ml_04_steam_discount_prediction.py
[2026-09-07T09:03:41.930+0000] {processor.py:925} INFO - DAG(s) 'steam_discount_prediction_dag' retrieved from /opt/airflow/dags/ml_04_steam_discount_prediction.py
[2026-09-07T09:03:41.952+0000] {logging_mixin.py:190} INFO - [2026-09-07T09:03:41.951+0000] {dag.py:3239} INFO - Sync 1 DAGs
[2026-09-07T09:03:41.971+0000] {logging_mixin.py:190} INFO - [2026-09-07T09:03:41.971+0000] {dag.py:4180} INFO - Setting next_dagrun for steam_discount_prediction_dag to 2026-09-07 00:00:00+00:00, run_after=2026-09-08 00:00:00+00:00
[2026-09-07T09:03:41.988+0000] {processor.py:208} INFO - Processing /opt/airflow/dags/ml_04_steam_discount_prediction.py took 1.403 seconds
[2026-09-07T09:04:12.232+0000] {processor.py:186} INFO - Started process (PID=12602) to work on /opt/airflow/dags/ml_04_steam_discount_prediction.py
[2026-09-07T09:04:12.233+0000] {processor.py:914} INFO - Processing file /opt/airflow/dags/ml_04_steam_discount_prediction.py for tasks to queue
[2026-09-07T09:04:12.234+0000] {logging_mixin.py:190} INFO - [2026-09-07T09:04:12.234+0000] {dagbag.py:588} INFO - Filling up the DagBag from /opt/airflow/dags/ml_04_steam_discount_prediction.py
[2026-09-07T09:04:13.487+0000] {processor.py:925} INFO - DAG(s) 'steam_discount_prediction_dag' retrieved from /opt/airflow/dags/ml_04_steam_discount_prediction.py
[2026-09-07T09:04:13.507+0000] {logging_mixin.py:190} INFO - [2026-09-07T09:04:13.506+0000] {dag.py:3239} INFO - Sync 1 DAGs
[2026-09-07T09:04:13.522+0000] {logging_mixin.py:190} INFO - [2026-09-07T09:04:13.522+0000] {dag.py:4180} INFO - Setting next_dagrun for steam_discount_prediction_dag to 2026-09-07 00:00:00+00:00, run_after=2026-09-08 00:00:00+00:00
[2026-09-07T09:04:13.536+0000] {processor.py:208} INFO - Processing /opt/airflow/dags/ml_04_steam_discount_prediction.py took 1.310 seconds
[2026-09-07T09:04:43.585+0000] {processor.py:186} INFO - Started process (PID=12634) to work on /opt/airflow/dags/ml_04_steam_discount_prediction.py
[2026-09-07T09:04:43.586+0000] {processor.py:914} INFO - Processing file /opt/airflow/dags/ml_04_steam_discount_prediction.py for tasks to queue
[2026-09-07T09:04:43.587+0000] {logging_mixin.py:190} INFO - [2026-09-07T09:04:43.586+0000] {dagbag.py:588} INFO - Filling up the DagBag from /opt/airflow/dags/ml_04_steam_discount_prediction.py
[2026-09-07T09:04:44.795+0000] {processor.py:925} INFO - DAG(s) 'steam_discount_prediction_dag' retrieved from /opt/airflow/dags/ml_04_steam_discount_prediction.py
[2026-09-07T09:04:44.816+0000] {logging_mixin.py:190} INFO - [2026-09-07T09:04:44.816+0000] {dag.py:3239} INFO - Sync 1 DAGs
[2026-09-07T09:04:44.834+0000] {logging_mixin.py:190} INFO - [2026-09-07T09:04:44.833+0000] {dag.py:4180} INFO - Setting next_dagrun for steam_discount_prediction_dag to 2026-09-07 00:00:00+00:00, run_after=2026-09-08 00:00:00+00:00
[2026-09-07T09:04:44.847+0000] {processor.py:208} INFO - Processing /opt/airflow/dags/ml_04_steam_discount_prediction.py took 1.268 seconds
[2026-09-07T09:05:15.697+0000] {processor.py:186} INFO - Started process (PID=12665) to work on /opt/airflow/dags/ml_04_steam_discount_prediction.py
[2026-09-07T09:05:15.697+0000] {processor.py:914} INFO - Processing file /opt/airflow/dags/ml_04_steam_discount_prediction.py for tasks to queue
[2026-09-07T09:05:15.698+0000] {logging_mixin.py:190} INFO - [2026-09-07T09:05:15.698+0000] {dagbag.py:588} INFO - Filling up the DagBag from /opt/airflow/dags/ml_04_steam_discount_prediction.py
[2026-09-07T09:05:16.916+0000] {processor.py:925} INFO - DAG(s) 'steam_discount_prediction_dag' retrieved from /opt/airflow/dags/ml_04_steam_discount_prediction.py
[2026-09-07T09:05:16.937+0000] {logging_mixin.py:190} INFO - [2026-09-07T09:05:16.937+0000] {dag.py:3239} INFO - Sync 1 DAGs
[2026-09-07T09:05:16.953+0000] {logging_mixin.py:190} INFO - [2026-09-07T09:05:16.953+0000] {dag.py:4180} INFO - Setting next_dagrun for steam_discount_prediction_dag to 2026-09-07 00:00:00+00:00, run_after=2026-09-08 00:00:00+00:00
[2026-09-07T09:05:16.969+0000] {processor.py:208} INFO - Processing /opt/airflow/dags/ml_04_steam_discount_prediction.py took 1.278 seconds
[2026-09-07T09:05:47.093+0000] {processor.py:186} INFO - Started process (PID=12697) to work on /opt/airflow/dags/ml_04_steam_discount_prediction.py
[2026-09-07T09:05:47.093+0000] {processor.py:914} INFO - Processing file /opt/airflow/dags/ml_04_steam_discount_prediction.py for tasks to queue
[2026-09-07T09:05:47.095+0000] {logging_mixin.py:190} INFO - [2026-09-07T09:05:47.094+0000] {dagbag.py:588} INFO - Filling up the DagBag from /opt/airflow/dags/ml_04_steam_discount_prediction.py
[2026-09-07T09:05:48.332+0000] {processor.py:925} INFO - DAG(s) 'steam_discount_prediction_dag' retrieved from /opt/airflow/dags/ml_04_steam_discount_prediction.py
[2026-09-07T09:05:48.353+0000] {logging_mixin.py:190} INFO - [2026-09-07T09:05:48.353+0000] {dag.py:3239} INFO - Sync 1 DAGs
[2026-09-07T09:05:48.368+0000] {logging_mixin.py:190} INFO - [2026-09-07T09:05:48.368+0000] {dag.py:4180} INFO - Setting next_dagrun for steam_discount_prediction_dag to 2026-09-07 00:00:00+00:00, run_after=2026-09-08 00:00:00+00:00
[2026-09-07T09:05:48.383+0000] {processor.py:208} INFO - Processing /opt/airflow/dags/ml_04_steam_discount_prediction.py took 1.296 seconds
[2026-09-07T09:06:19.318+0000] {processor.py:186} INFO - Started process (PID=12728) to work on /opt/airflow/dags/ml_04_steam_discount_prediction.py
[2026-09-07T09:06:19.319+0000] {processor.py:914} INFO - Processing file /opt/airflow/dags/ml_04_steam_discount_prediction.py for tasks to queue
[2026-09-07T09:06:19.320+0000] {logging_mixin.py:190} INFO - [2026-09-07T09:06:19.319+0000] {dagbag.py:588} INFO - Filling up the DagBag from /opt/airflow/dags/ml_04_steam_discount_prediction.py
[2026-09-07T09:06:20.567+0000] {processor.py:925} INFO - DAG(s) 'steam_discount_prediction_dag' retrieved from /opt/airflow/dags/ml_04_steam_discount_prediction.py
[2026-09-07T09:06:20.590+0000] {logging_mixin.py:190} INFO - [2026-09-07T09:06:20.589+0000] {dag.py:3239} INFO - Sync 1 DAGs
[2026-09-07T09:06:20.608+0000] {logging_mixin.py:190} INFO - [2026-09-07T09:06:20.608+0000] {dag.py:4180} INFO - Setting next_dagrun for steam_discount_prediction_dag to 2026-09-07 00:00:00+00:00, run_after=2026-09-08 00:00:00+00:00
[2026-09-07T09:06:20.625+0000] {processor.py:208} INFO - Processing /opt/airflow/dags/ml_04_steam_discount_prediction.py took 1.312 seconds
[2026-09-07T09:06:51.296+0000] {processor.py:186} INFO - Started process (PID=12759) to work on /opt/airflow/dags/ml_04_steam_discount_prediction.py
[2026-09-07T09:06:51.297+0000] {processor.py:914} INFO - Processing file /opt/airflow/dags/ml_04_steam_discount_prediction.py for tasks to queue
[2026-09-07T09:06:51.298+0000] {logging_mixin.py:190} INFO - [2026-09-07T09:06:51.298+0000] {dagbag.py:588} INFO - Filling up the DagBag from /opt/airflow/dags/ml_04_steam_discount_prediction.py
[2026-09-07T09:06:52.581+0000] {processor.py:925} INFO - DAG(s) 'steam_discount_prediction_dag' retrieved from /opt/airflow/dags/ml_04_steam_discount_prediction.py
[2026-09-07T09:06:52.604+0000] {logging_mixin.py:190} INFO - [2026-09-07T09:06:52.604+0000] {dag.py:3239} INFO - Sync 1 DAGs
[2026-09-07T09:06:52.623+0000] {logging_mixin.py:190} INFO - [2026-09-07T09:06:52.622+0000] {dag.py:4180} INFO - Setting next_dagrun for steam_discount_prediction_dag to 2026-09-07 00:00:00+00:00, run_after=2026-09-08 00:00:00+00:00
[2026-09-07T09:06:52.640+0000] {processor.py:208} INFO - Processing /opt/airflow/dags/ml_04_steam_discount_prediction.py took 1.351 seconds
[2026-09-07T09:07:22.875+0000] {processor.py:186} INFO - Started process (PID=12790) to work on /opt/airflow/dags/ml_04_steam_discount_prediction.py
[2026-09-07T09:07:22.875+0000] {processor.py:914} INFO - Processing file /opt/airflow/dags/ml_04_steam_discount_prediction.py for tasks to queue
[2026-09-07T09:07:22.876+0000] {logging_mixin.py:190} INFO - [2026-09-07T09:07:22.876+0000] {dagbag.py:588} INFO - Filling up the DagBag from /opt/airflow/dags/ml_04_steam_discount_prediction.py
[2026-09-07T09:07:24.152+0000] {processor.py:925} INFO - DAG(s) 'steam_discount_prediction_dag' retrieved from /opt/airflow/dags/ml_04_steam_discount_prediction.py
[2026-09-07T09:07:24.176+0000] {logging_mixin.py:190} INFO - [2026-09-07T09:07:24.174+0000] {dag.py:3239} INFO - Sync 1 DAGs
[2026-09-07T09:07:24.193+0000] {logging_mixin.py:190} INFO - [2026-09-07T09:07:24.193+0000] {dag.py:4180} INFO - Setting next_dagrun for steam_discount_prediction_dag to 2026-09-07 00:00:00+00:00, run_after=2026-09-08 00:00:00+00:00
[2026-09-07T09:07:24.208+0000] {processor.py:208} INFO - Processing /opt/airflow/dags/ml_04_steam_discount_prediction.py took 1.340 seconds
[2026-09-07T09:07:54.344+0000] {processor.py:186} INFO - Started process (PID=12821) to work on /opt/airflow/dags/ml_04_steam_discount_prediction.py
[2026-09-07T09:07:54.345+0000] {processor.py:914} INFO - Processing file /opt/airflow/dags/ml_04_steam_discount_prediction.py for tasks to queue
[2026-09-07T09:07:54.346+0000] {logging_mixin.py:190} INFO - [2026-09-07T09:07:54.346+0000] {dagbag.py:588} INFO - Filling up the DagBag from /opt/airflow/dags/ml_04_steam_discount_prediction.py
[2026-09-07T09:07:55.685+0000] {processor.py:925} INFO - DAG(s) 'steam_discount_prediction_dag' retrieved from /opt/airflow/dags/ml_04_steam_discount_prediction.py
[2026-09-07T09:07:55.706+0000] {logging_mixin.py:190} INFO - [2026-09-07T09:07:55.706+0000] {dag.py:3239} INFO - Sync 1 DAGs
[2026-09-07T09:07:55.725+0000] {logging_mixin.py:190} INFO - [2026-09-07T09:07:55.725+0000] {dag.py:4180} INFO - Setting next_dagrun for steam_discount_prediction_dag to 2026-09-07 00:00:00+00:00, run_after=2026-09-08 00:00:00+00:00
[2026-09-07T09:07:55.742+0000] {processor.py:208} INFO - Processing /opt/airflow/dags/ml_04_steam_discount_prediction.py took 1.403 seconds
[2026-09-07T09:08:25.807+0000] {processor.py:186} INFO - Started process (PID=12853) to work on /opt/airflow/dags/ml_04_steam_discount_prediction.py
[2026-09-07T09:08:25.807+0000] {processor.py:914} INFO - Processing file /opt/airflow/dags/ml_04_steam_discount_prediction.py for tasks to queue
[2026-09-07T09:08:25.809+0000] {logging_mixin.py:190} INFO - [2026-09-07T09:08:25.808+0000] {dagbag.py:588} INFO - Filling up the DagBag from /opt/airflow/dags/ml_04_steam_discount_prediction.py
[2026-09-07T09:08:27.003+0000] {processor.py:925} INFO - DAG(s) 'steam_discount_prediction_dag' retrieved from /opt/airflow/dags/ml_04_steam_discount_prediction.py
[2026-09-07T09:08:27.026+0000] {logging_mixin.py:190} INFO - [2026-09-07T09:08:27.026+0000] {dag.py:3239} INFO - Sync 1 DAGs
[2026-09-07T09:08:27.042+0000] {logging_mixin.py:190} INFO - [2026-09-07T09:08:27.042+0000] {dag.py:4180} INFO - Setting next_dagrun for steam_discount_prediction_dag to 2026-09-07 00:00:00+00:00, run_after=2026-09-08 00:00:00+00:00
[2026-09-07T09:08:27.056+0000] {processor.py:208} INFO - Processing /opt/airflow/dags/ml_04_steam_discount_prediction.py took 1.256 seconds
[2026-09-07T09:08:57.881+0000] {processor.py:186} INFO - Started process (PID=12884) to work on /opt/airflow/dags/ml_04_steam_discount_prediction.py
[2026-09-07T09:08:57.881+0000] {processor.py:914} INFO - Processing file /opt/airflow/dags/ml_04_steam_discount_prediction.py for tasks to queue
[2026-09-07T09:08:57.883+0000] {logging_mixin.py:190} INFO - [2026-09-07T09:08:57.882+0000] {dagbag.py:588} INFO - Filling up the DagBag from /opt/airflow/dags/ml_04_steam_discount_prediction.py
[2026-09-07T09:08:59.048+0000] {processor.py:925} INFO - DAG(s) 'steam_discount_prediction_dag' retrieved from /opt/airflow/dags/ml_04_steam_discount_prediction.py
[2026-09-07T09:08:59.071+0000] {logging_mixin.py:190} INFO - [2026-09-07T09:08:59.071+0000] {dag.py:3239} INFO - Sync 1 DAGs
[2026-09-07T09:08:59.089+0000] {logging_mixin.py:190} INFO - [2026-09-07T09:08:59.089+0000] {dag.py:4180} INFO - Setting next_dagrun for steam_discount_prediction_dag to 2026-09-07 00:00:00+00:00, run_after=2026-09-08 00:00:00+00:00
[2026-09-07T09:08:59.103+0000] {processor.py:208} INFO - Processing /opt/airflow/dags/ml_04_steam_discount_prediction.py took 1.228 seconds
[2026-09-07T09:09:29.197+0000] {processor.py:186} INFO - Started process (PID=12921) to work on /opt/airflow/dags/ml_04_steam_discount_prediction.py
[2026-09-07T09:09:29.198+0000] {processor.py:914} INFO - Processing file /opt/airflow/dags/ml_04_steam_discount_prediction.py for tasks to queue
[2026-09-07T09:09:29.199+0000] {logging_mixin.py:190} INFO - [2026-09-07T09:09:29.199+0000] {dagbag.py:588} INFO - Filling up the DagBag from /opt/airflow/dags/ml_04_steam_discount_prediction.py
[2026-09-07T09:09:30.374+0000] {processor.py:925} INFO - DAG(s) 'steam_discount_prediction_dag' retrieved from /opt/airflow/dags/ml_04_steam_discount_prediction.py
[2026-09-07T09:09:30.396+0000] {logging_mixin.py:190} INFO - [2026-09-07T09:09:30.395+0000] {dag.py:3239} INFO - Sync 1 DAGs
[2026-09-07T09:09:30.413+0000] {logging_mixin.py:190} INFO - [2026-09-07T09:09:30.413+0000] {dag.py:4180} INFO - Setting next_dagrun for steam_discount_prediction_dag to 2026-09-07 00:00:00+00:00, run_after=2026-09-08 00:00:00+00:00
[2026-09-07T09:09:30.429+0000] {processor.py:208} INFO - Processing /opt/airflow/dags/ml_04_steam_discount_prediction.py took 1.238 seconds
[2026-09-07T09:10:01.310+0000] {processor.py:186} INFO - Started process (PID=12952) to work on /opt/airflow/dags/ml_04_steam_discount_prediction.py
[2026-09-07T09:10:01.310+0000] {processor.py:914} INFO - Processing file /opt/airflow/dags/ml_04_steam_discount_prediction.py for tasks to queue
[2026-09-07T09:10:01.312+0000] {logging_mixin.py:190} INFO - [2026-09-07T09:10:01.311+0000] {dagbag.py:588} INFO - Filling up the DagBag from /opt/airflow/dags/ml_04_steam_discount_prediction.py
[2026-09-07T09:10:02.453+0000] {processor.py:925} INFO - DAG(s) 'steam_discount_prediction_dag' retrieved from /opt/airflow/dags/ml_04_steam_discount_prediction.py
[2026-09-07T09:10:02.475+0000] {logging_mixin.py:190} INFO - [2026-09-07T09:10:02.475+0000] {dag.py:3239} INFO - Sync 1 DAGs
[2026-09-07T09:10:02.495+0000] {logging_mixin.py:190} INFO - [2026-09-07T09:10:02.495+0000] {dag.py:4180} INFO - Setting next_dagrun for steam_discount_prediction_dag to 2026-09-07 00:00:00+00:00, run_after=2026-09-08 00:00:00+00:00
[2026-09-07T09:10:02.513+0000] {processor.py:208} INFO - Processing /opt/airflow/dags/ml_04_steam_discount_prediction.py took 1.209 seconds
[2026-09-07T09:10:32.627+0000] {processor.py:186} INFO - Started process (PID=12983) to work on /opt/airflow/dags/ml_04_steam_discount_prediction.py
[2026-09-07T09:10:32.628+0000] {processor.py:914} INFO - Processing file /opt/airflow/dags/ml_04_steam_discount_prediction.py for tasks to queue
[2026-09-07T09:10:32.630+0000] {logging_mixin.py:190} INFO - [2026-09-07T09:10:32.630+0000] {dagbag.py:588} INFO - Filling up the DagBag from /opt/airflow/dags/ml_04_steam_discount_prediction.py
[2026-09-07T09:10:33.847+0000] {processor.py:925} INFO - DAG(s) 'steam_discount_prediction_dag' retrieved from /opt/airflow/dags/ml_04_steam_discount_prediction.py
[2026-09-07T09:10:33.867+0000] {logging_mixin.py:190} INFO - [2026-09-07T09:10:33.867+0000] {dag.py:3239} INFO - Sync 1 DAGs
[2026-09-07T09:10:33.884+0000] {logging_mixin.py:190} INFO - [2026-09-07T09:10:33.883+0000] {dag.py:4180} INFO - Setting next_dagrun for steam_discount_prediction_dag to 2026-09-07 00:00:00+00:00, run_after=2026-09-08 00:00:00+00:00
[2026-09-07T09:10:33.898+0000] {processor.py:208} INFO - Processing /opt/airflow/dags/ml_04_steam_discount_prediction.py took 1.278 seconds
[2026-09-07T09:11:04.582+0000] {processor.py:186} INFO - Started process (PID=13014) to work on /opt/airflow/dags/ml_04_steam_discount_prediction.py
[2026-09-07T09:11:04.582+0000] {processor.py:914} INFO - Processing file /opt/airflow/dags/ml_04_steam_discount_prediction.py for tasks to queue
[2026-09-07T09:11:04.583+0000] {logging_mixin.py:190} INFO - [2026-09-07T09:11:04.583+0000] {dagbag.py:588} INFO - Filling up the DagBag from /opt/airflow/dags/ml_04_steam_discount_prediction.py
[2026-09-07T09:11:05.941+0000] {processor.py:925} INFO - DAG(s) 'steam_discount_prediction_dag' retrieved from /opt/airflow/dags/ml_04_steam_discount_prediction.py
[2026-09-07T09:11:05.966+0000] {logging_mixin.py:190} INFO - [2026-09-07T09:11:05.965+0000] {dag.py:3239} INFO - Sync 1 DAGs
[2026-09-07T09:11:05.988+0000] {logging_mixin.py:190} INFO - [2026-09-07T09:11:05.988+0000] {dag.py:4180} INFO - Setting next_dagrun for steam_discount_prediction_dag to 2026-09-07 00:00:00+00:00, run_after=2026-09-08 00:00:00+00:00
[2026-09-07T09:11:06.007+0000] {processor.py:208} INFO - Processing /opt/airflow/dags/ml_04_steam_discount_prediction.py took 1.432 seconds
[2026-09-07T09:11:36.067+0000] {processor.py:186} INFO - Started process (PID=13047) to work on /opt/airflow/dags/ml_04_steam_discount_prediction.py
[2026-09-07T09:11:36.067+0000] {processor.py:914} INFO - Processing file /opt/airflow/dags/ml_04_steam_discount_prediction.py for tasks to queue
[2026-09-07T09:11:36.069+0000] {logging_mixin.py:190} INFO - [2026-09-07T09:11:36.068+0000] {dagbag.py:588} INFO - Filling up the DagBag from /opt/airflow/dags/ml_04_steam_discount_prediction.py
[2026-09-07T09:11:37.294+0000] {processor.py:925} INFO - DAG(s) 'steam_discount_prediction_dag' retrieved from /opt/airflow/dags/ml_04_steam_discount_prediction.py
[2026-09-07T09:11:37.316+0000] {logging_mixin.py:190} INFO - [2026-09-07T09:11:37.315+0000] {dag.py:3239} INFO - Sync 1 DAGs
[2026-09-07T09:11:37.334+0000] {logging_mixin.py:190} INFO - [2026-09-07T09:11:37.333+0000] {dag.py:4180} INFO - Setting next_dagrun for steam_discount_prediction_dag to 2026-09-07 00:00:00+00:00, run_after=2026-09-08 00:00:00+00:00
[2026-09-07T09:11:37.350+0000] {processor.py:208} INFO - Processing /opt/airflow/dags/ml_04_steam_discount_prediction.py took 1.289 seconds
[2026-09-07T09:12:07.562+0000] {processor.py:186} INFO - Started process (PID=13078) to work on /opt/airflow/dags/ml_04_steam_discount_prediction.py
[2026-09-07T09:12:07.562+0000] {processor.py:914} INFO - Processing file /opt/airflow/dags/ml_04_steam_discount_prediction.py for tasks to queue
[2026-09-07T09:12:07.563+0000] {logging_mixin.py:190} INFO - [2026-09-07T09:12:07.563+0000] {dagbag.py:588} INFO - Filling up the DagBag from /opt/airflow/dags/ml_04_steam_discount_prediction.py
[2026-09-07T09:12:08.774+0000] {processor.py:925} INFO - DAG(s) 'steam_discount_prediction_dag' retrieved from /opt/airflow/dags/ml_04_steam_discount_prediction.py
[2026-09-07T09:12:08.796+0000] {logging_mixin.py:190} INFO - [2026-09-07T09:12:08.796+0000] {dag.py:3239} INFO - Sync 1 DAGs
[2026-09-07T09:12:08.813+0000] {logging_mixin.py:190} INFO - [2026-09-07T09:12:08.813+0000] {dag.py:4180} INFO - Setting next_dagrun for steam_discount_prediction_dag to 2026-09-07 00:00:00+00:00, run_after=2026-09-08 00:00:00+00:00
[2026-09-07T09:12:08.830+0000] {processor.py:208} INFO - Processing /opt/airflow/dags/ml_04_steam_discount_prediction.py took 1.275 seconds
[2026-09-07T09:12:39.065+0000] {processor.py:186} INFO - Started process (PID=13109) to work on /opt/airflow/dags/ml_04_steam_discount_prediction.py
[2026-09-07T09:12:39.066+0000] {processor.py:914} INFO - Processing file /opt/airflow/dags/ml_04_steam_discount_prediction.py for tasks to queue
[2026-09-07T09:12:39.068+0000] {logging_mixin.py:190} INFO - [2026-09-07T09:12:39.067+0000] {dagbag.py:588} INFO - Filling up the DagBag from /opt/airflow/dags/ml_04_steam_discount_prediction.py
[2026-09-07T09:12:40.392+0000] {processor.py:925} INFO - DAG(s) 'steam_discount_prediction_dag' retrieved from /opt/airflow/dags/ml_04_steam_discount_prediction.py
[2026-09-07T09:12:40.415+0000] {logging_mixin.py:190} INFO - [2026-09-07T09:12:40.415+0000] {dag.py:3239} INFO - Sync 1 DAGs
[2026-09-07T09:12:40.433+0000] {logging_mixin.py:190} INFO - [2026-09-07T09:12:40.433+0000] {dag.py:4180} INFO - Setting next_dagrun for steam_discount_prediction_dag to 2026-09-07 00:00:00+00:00, run_after=2026-09-08 00:00:00+00:00
[2026-09-07T09:12:40.448+0000] {processor.py:208} INFO - Processing /opt/airflow/dags/ml_04_steam_discount_prediction.py took 1.392 seconds
[2026-09-07T09:13:10.529+0000] {processor.py:186} INFO - Started process (PID=13140) to work on /opt/airflow/dags/ml_04_steam_discount_prediction.py
[2026-09-07T09:13:10.530+0000] {processor.py:914} INFO - Processing file /opt/airflow/dags/ml_04_steam_discount_prediction.py for tasks to queue
[2026-09-07T09:13:10.532+0000] {logging_mixin.py:190} INFO - [2026-09-07T09:13:10.531+0000] {dagbag.py:588} INFO - Filling up the DagBag from /opt/airflow/dags/ml_04_steam_discount_prediction.py
[2026-09-07T09:13:11.806+0000] {processor.py:925} INFO - DAG(s) 'steam_discount_prediction_dag' retrieved from /opt/airflow/dags/ml_04_steam_discount_prediction.py
[2026-09-07T09:13:11.833+0000] {logging_mixin.py:190} INFO - [2026-09-07T09:13:11.832+0000] {dag.py:3239} INFO - Sync 1 DAGs
[2026-09-07T09:13:11.854+0000] {logging_mixin.py:190} INFO - [2026-09-07T09:13:11.854+0000] {dag.py:4180} INFO - Setting next_dagrun for steam_discount_prediction_dag to 2026-09-07 00:00:00+00:00, run_after=2026-09-08 00:00:00+00:00
[2026-09-07T09:13:11.871+0000] {processor.py:208} INFO - Processing /opt/airflow/dags/ml_04_steam_discount_prediction.py took 1.351 seconds
[2026-09-07T09:13:42.045+0000] {processor.py:186} INFO - Started process (PID=13171) to work on /opt/airflow/dags/ml_04_steam_discount_prediction.py
[2026-09-07T09:13:42.046+0000] {processor.py:914} INFO - Processing file /opt/airflow/dags/ml_04_steam_discount_prediction.py for tasks to queue
[2026-09-07T09:13:42.047+0000] {logging_mixin.py:190} INFO - [2026-09-07T09:13:42.047+0000] {dagbag.py:588} INFO - Filling up the DagBag from /opt/airflow/dags/ml_04_steam_discount_prediction.py
[2026-09-07T09:13:43.327+0000] {processor.py:925} INFO - DAG(s) 'steam_discount_prediction_dag' retrieved from /opt/airflow/dags/ml_04_steam_discount_prediction.py
[2026-09-07T09:13:43.350+0000] {logging_mixin.py:190} INFO - [2026-09-07T09:13:43.349+0000] {dag.py:3239} INFO - Sync 1 DAGs
[2026-09-07T09:13:43.367+0000] {logging_mixin.py:190} INFO - [2026-09-07T09:13:43.367+0000] {dag.py:4180} INFO - Setting next_dagrun for steam_discount_prediction_dag to 2026-09-07 00:00:00+00:00, run_after=2026-09-08 00:00:00+00:00
[2026-09-07T09:13:43.383+0000] {processor.py:208} INFO - Processing /opt/airflow/dags/ml_04_steam_discount_prediction.py took 1.343 seconds
[2026-09-07T09:14:13.510+0000] {processor.py:186} INFO - Started process (PID=13202) to work on /opt/airflow/dags/ml_04_steam_discount_prediction.py
[2026-09-07T09:14:13.511+0000] {processor.py:914} INFO - Processing file /opt/airflow/dags/ml_04_steam_discount_prediction.py for tasks to queue
[2026-09-07T09:14:13.512+0000] {logging_mixin.py:190} INFO - [2026-09-07T09:14:13.512+0000] {dagbag.py:588} INFO - Filling up the DagBag from /opt/airflow/dags/ml_04_steam_discount_prediction.py
[2026-09-07T09:14:14.667+0000] {processor.py:925} INFO - DAG(s) 'steam_discount_prediction_dag' retrieved from /opt/airflow/dags/ml_04_steam_discount_prediction.py
[2026-09-07T09:14:14.689+0000] {logging_mixin.py:190} INFO - [2026-09-07T09:14:14.688+0000] {dag.py:3239} INFO - Sync 1 DAGs
[2026-09-07T09:14:14.706+0000] {logging_mixin.py:190} INFO - [2026-09-07T09:14:14.706+0000] {dag.py:4180} INFO - Setting next_dagrun for steam_discount_prediction_dag to 2026-09-07 00:00:00+00:00, run_after=2026-09-08 00:00:00+00:00
[2026-09-07T09:14:14.720+0000] {processor.py:208} INFO - Processing /opt/airflow/dags/ml_04_steam_discount_prediction.py took 1.216 seconds
[2026-09-07T09:14:45.005+0000] {processor.py:186} INFO - Started process (PID=13233) to work on /opt/airflow/dags/ml_04_steam_discount_prediction.py
[2026-09-07T09:14:45.005+0000] {processor.py:914} INFO - Processing file /opt/airflow/dags/ml_04_steam_discount_prediction.py for tasks to queue
[2026-09-07T09:14:45.007+0000] {logging_mixin.py:190} INFO - [2026-09-07T09:14:45.006+0000] {dagbag.py:588} INFO - Filling up the DagBag from /opt/airflow/dags/ml_04_steam_discount_prediction.py
[2026-09-07T09:14:46.181+0000] {processor.py:925} INFO - DAG(s) 'steam_discount_prediction_dag' retrieved from /opt/airflow/dags/ml_04_steam_discount_prediction.py
[2026-09-07T09:14:46.203+0000] {logging_mixin.py:190} INFO - [2026-09-07T09:14:46.202+0000] {dag.py:3239} INFO - Sync 1 DAGs
[2026-09-07T09:14:46.219+0000] {logging_mixin.py:190} INFO - [2026-09-07T09:14:46.219+0000] {dag.py:4180} INFO - Setting next_dagrun for steam_discount_prediction_dag to 2026-09-07 00:00:00+00:00, run_after=2026-09-08 00:00:00+00:00
[2026-09-07T09:14:46.234+0000] {processor.py:208} INFO - Processing /opt/airflow/dags/ml_04_steam_discount_prediction.py took 1.234 seconds
[2026-09-07T09:15:17.073+0000] {processor.py:186} INFO - Started process (PID=13264) to work on /opt/airflow/dags/ml_04_steam_discount_prediction.py
[2026-09-07T09:15:17.074+0000] {processor.py:914} INFO - Processing file /opt/airflow/dags/ml_04_steam_discount_prediction.py for tasks to queue
[2026-09-07T09:15:17.075+0000] {logging_mixin.py:190} INFO - [2026-09-07T09:15:17.075+0000] {dagbag.py:588} INFO - Filling up the DagBag from /opt/airflow/dags/ml_04_steam_discount_prediction.py
[2026-09-07T09:15:18.225+0000] {processor.py:925} INFO - DAG(s) 'steam_discount_prediction_dag' retrieved from /opt/airflow/dags/ml_04_steam_discount_prediction.py
[2026-09-07T09:15:18.246+0000] {logging_mixin.py:190} INFO - [2026-09-07T09:15:18.245+0000] {dag.py:3239} INFO - Sync 1 DAGs
[2026-09-07T09:15:18.265+0000] {logging_mixin.py:190} INFO - [2026-09-07T09:15:18.264+0000] {dag.py:4180} INFO - Setting next_dagrun for steam_discount_prediction_dag to 2026-09-07 00:00:00+00:00, run_after=2026-09-08 00:00:00+00:00
[2026-09-07T09:15:18.283+0000] {processor.py:208} INFO - Processing /opt/airflow/dags/ml_04_steam_discount_prediction.py took 1.216 seconds
[2026-09-07T09:15:48.506+0000] {processor.py:186} INFO - Started process (PID=13295) to work on /opt/airflow/dags/ml_04_steam_discount_prediction.py
[2026-09-07T09:15:48.507+0000] {processor.py:914} INFO - Processing file /opt/airflow/dags/ml_04_steam_discount_prediction.py for tasks to queue
[2026-09-07T09:15:48.508+0000] {logging_mixin.py:190} INFO - [2026-09-07T09:15:48.508+0000] {dagbag.py:588} INFO - Filling up the DagBag from /opt/airflow/dags/ml_04_steam_discount_prediction.py
[2026-09-07T09:15:49.678+0000] {processor.py:925} INFO - DAG(s) 'steam_discount_prediction_dag' retrieved from /opt/airflow/dags/ml_04_steam_discount_prediction.py
[2026-09-07T09:15:49.699+0000] {logging_mixin.py:190} INFO - [2026-09-07T09:15:49.699+0000] {dag.py:3239} INFO - Sync 1 DAGs
[2026-09-07T09:15:49.715+0000] {logging_mixin.py:190} INFO - [2026-09-07T09:15:49.715+0000] {dag.py:4180} INFO - Setting next_dagrun for steam_discount_prediction_dag to 2026-09-07 00:00:00+00:00, run_after=2026-09-08 00:00:00+00:00
[2026-09-07T09:15:49.731+0000] {processor.py:208} INFO - Processing /opt/airflow/dags/ml_04_steam_discount_prediction.py took 1.230 seconds
[2026-09-07T09:16:19.808+0000] {processor.py:186} INFO - Started process (PID=13326) to work on /opt/airflow/dags/ml_04_steam_discount_prediction.py
[2026-09-07T09:16:19.809+0000] {processor.py:914} INFO - Processing file /opt/airflow/dags/ml_04_steam_discount_prediction.py for tasks to queue
[2026-09-07T09:16:19.810+0000] {logging_mixin.py:190} INFO - [2026-09-07T09:16:19.810+0000] {dagbag.py:588} INFO - Filling up the DagBag from /opt/airflow/dags/ml_04_steam_discount_prediction.py
[2026-09-07T09:16:21.064+0000] {processor.py:925} INFO - DAG(s) 'steam_discount_prediction_dag' retrieved from /opt/airflow/dags/ml_04_steam_discount_prediction.py
[2026-09-07T09:16:21.089+0000] {logging_mixin.py:190} INFO - [2026-09-07T09:16:21.089+0000] {dag.py:3239} INFO - Sync 1 DAGs
[2026-09-07T09:16:21.106+0000] {logging_mixin.py:190} INFO - [2026-09-07T09:16:21.106+0000] {dag.py:4180} INFO - Setting next_dagrun for steam_discount_prediction_dag to 2026-09-07 00:00:00+00:00, run_after=2026-09-08 00:00:00+00:00
[2026-09-07T09:16:21.124+0000] {processor.py:208} INFO - Processing /opt/airflow/dags/ml_04_steam_discount_prediction.py took 1.322 seconds
[2026-09-07T09:16:51.974+0000] {processor.py:186} INFO - Started process (PID=13357) to work on /opt/airflow/dags/ml_04_steam_discount_prediction.py
[2026-09-07T09:16:51.975+0000] {processor.py:914} INFO - Processing file /opt/airflow/dags/ml_04_steam_discount_prediction.py for tasks to queue
[2026-09-07T09:16:51.976+0000] {logging_mixin.py:190} INFO - [2026-09-07T09:16:51.976+0000] {dagbag.py:588} INFO - Filling up the DagBag from /opt/airflow/dags/ml_04_steam_discount_prediction.py
[2026-09-07T09:16:53.212+0000] {processor.py:925} INFO - DAG(s) 'steam_discount_prediction_dag' retrieved from /opt/airflow/dags/ml_04_steam_discount_prediction.py
[2026-09-07T09:16:53.235+0000] {logging_mixin.py:190} INFO - [2026-09-07T09:16:53.235+0000] {dag.py:3239} INFO - Sync 1 DAGs
[2026-09-07T09:16:53.252+0000] {logging_mixin.py:190} INFO - [2026-09-07T09:16:53.252+0000] {dag.py:4180} INFO - Setting next_dagrun for steam_discount_prediction_dag to 2026-09-07 00:00:00+00:00, run_after=2026-09-08 00:00:00+00:00
[2026-09-07T09:16:53.269+0000] {processor.py:208} INFO - Processing /opt/airflow/dags/ml_04_steam_discount_prediction.py took 1.301 seconds
[2026-09-07T09:17:23.389+0000] {processor.py:186} INFO - Started process (PID=13388) to work on /opt/airflow/dags/ml_04_steam_discount_prediction.py
[2026-09-07T09:17:23.390+0000] {processor.py:914} INFO - Processing file /opt/airflow/dags/ml_04_steam_discount_prediction.py for tasks to queue
[2026-09-07T09:17:23.391+0000] {logging_mixin.py:190} INFO - [2026-09-07T09:17:23.391+0000] {dagbag.py:588} INFO - Filling up the DagBag from /opt/airflow/dags/ml_04_steam_discount_prediction.py
[2026-09-07T09:17:24.583+0000] {processor.py:925} INFO - DAG(s) 'steam_discount_prediction_dag' retrieved from /opt/airflow/dags/ml_04_steam_discount_prediction.py
[2026-09-07T09:17:24.606+0000] {logging_mixin.py:190} INFO - [2026-09-07T09:17:24.606+0000] {dag.py:3239} INFO - Sync 1 DAGs
[2026-09-07T09:17:24.623+0000] {logging_mixin.py:190} INFO - [2026-09-07T09:17:24.623+0000] {dag.py:4180} INFO - Setting next_dagrun for steam_discount_prediction_dag to 2026-09-07 00:00:00+00:00, run_after=2026-09-08 00:00:00+00:00
[2026-09-07T09:17:24.638+0000] {processor.py:208} INFO - Processing /opt/airflow/dags/ml_04_steam_discount_prediction.py took 1.254 seconds
[2026-09-07T09:17:55.590+0000] {processor.py:186} INFO - Started process (PID=13419) to work on /opt/airflow/dags/ml_04_steam_discount_prediction.py
[2026-09-07T09:17:55.591+0000] {processor.py:914} INFO - Processing file /opt/airflow/dags/ml_04_steam_discount_prediction.py for tasks to queue
[2026-09-07T09:17:55.593+0000] {logging_mixin.py:190} INFO - [2026-09-07T09:17:55.592+0000] {dagbag.py:588} INFO - Filling up the DagBag from /opt/airflow/dags/ml_04_steam_discount_prediction.py
[2026-09-07T09:17:56.779+0000] {processor.py:925} INFO - DAG(s) 'steam_discount_prediction_dag' retrieved from /opt/airflow/dags/ml_04_steam_discount_prediction.py
[2026-09-07T09:17:56.805+0000] {logging_mixin.py:190} INFO - [2026-09-07T09:17:56.804+0000] {dag.py:3239} INFO - Sync 1 DAGs
[2026-09-07T09:17:56.823+0000] {logging_mixin.py:190} INFO - [2026-09-07T09:17:56.823+0000] {dag.py:4180} INFO - Setting next_dagrun for steam_discount_prediction_dag to 2026-09-07 00:00:00+00:00, run_after=2026-09-08 00:00:00+00:00
[2026-09-07T09:17:56.838+0000] {processor.py:208} INFO - Processing /opt/airflow/dags/ml_04_steam_discount_prediction.py took 1.254 seconds
[2026-09-07T09:18:27.756+0000] {processor.py:186} INFO - Started process (PID=13450) to work on /opt/airflow/dags/ml_04_steam_discount_prediction.py
[2026-09-07T09:18:27.757+0000] {processor.py:914} INFO - Processing file /opt/airflow/dags/ml_04_steam_discount_prediction.py for tasks to queue
[2026-09-07T09:18:27.758+0000] {logging_mixin.py:190} INFO - [2026-09-07T09:18:27.758+0000] {dagbag.py:588} INFO - Filling up the DagBag from /opt/airflow/dags/ml_04_steam_discount_prediction.py
[2026-09-07T09:18:28.940+0000] {processor.py:925} INFO - DAG(s) 'steam_discount_prediction_dag' retrieved from /opt/airflow/dags/ml_04_steam_discount_prediction.py
[2026-09-07T09:18:28.962+0000] {logging_mixin.py:190} INFO - [2026-09-07T09:18:28.962+0000] {dag.py:3239} INFO - Sync 1 DAGs
[2026-09-07T09:18:28.978+0000] {logging_mixin.py:190} INFO - [2026-09-07T09:18:28.978+0000] {dag.py:4180} INFO - Setting next_dagrun for steam_discount_prediction_dag to 2026-09-07 00:00:00+00:00, run_after=2026-09-08 00:00:00+00:00
[2026-09-07T09:18:28.993+0000] {processor.py:208} INFO - Processing /opt/airflow/dags/ml_04_steam_discount_prediction.py took 1.242 seconds
[2026-09-07T09:18:59.925+0000] {processor.py:186} INFO - Started process (PID=13481) to work on /opt/airflow/dags/ml_04_steam_discount_prediction.py
[2026-09-07T09:18:59.927+0000] {processor.py:914} INFO - Processing file /opt/airflow/dags/ml_04_steam_discount_prediction.py for tasks to queue
[2026-09-07T09:18:59.928+0000] {logging_mixin.py:190} INFO - [2026-09-07T09:18:59.928+0000] {dagbag.py:588} INFO - Filling up the DagBag from /opt/airflow/dags/ml_04_steam_discount_prediction.py
[2026-09-07T09:19:01.145+0000] {processor.py:925} INFO - DAG(s) 'steam_discount_prediction_dag' retrieved from /opt/airflow/dags/ml_04_steam_discount_prediction.py
[2026-09-07T09:19:01.168+0000] {logging_mixin.py:190} INFO - [2026-09-07T09:19:01.167+0000] {dag.py:3239} INFO - Sync 1 DAGs
[2026-09-07T09:19:01.184+0000] {logging_mixin.py:190} INFO - [2026-09-07T09:19:01.184+0000] {dag.py:4180} INFO - Setting next_dagrun for steam_discount_prediction_dag to 2026-09-07 00:00:00+00:00, run_after=2026-09-08 00:00:00+00:00
[2026-09-07T09:19:01.199+0000] {processor.py:208} INFO - Processing /opt/airflow/dags/ml_04_steam_discount_prediction.py took 1.280 seconds
[2026-09-07T09:19:32.084+0000] {processor.py:186} INFO - Started process (PID=13518) to work on /opt/airflow/dags/ml_04_steam_discount_prediction.py
[2026-09-07T09:19:32.085+0000] {processor.py:914} INFO - Processing file /opt/airflow/dags/ml_04_steam_discount_prediction.py for tasks to queue
[2026-09-07T09:19:32.086+0000] {logging_mixin.py:190} INFO - [2026-09-07T09:19:32.086+0000] {dagbag.py:588} INFO - Filling up the DagBag from /opt/airflow/dags/ml_04_steam_discount_prediction.py
[2026-09-07T09:19:33.279+0000] {processor.py:925} INFO - DAG(s) 'steam_discount_prediction_dag' retrieved from /opt/airflow/dags/ml_04_steam_discount_prediction.py
[2026-09-07T09:19:33.303+0000] {logging_mixin.py:190} INFO - [2026-09-07T09:19:33.302+0000] {dag.py:3239} INFO - Sync 1 DAGs
[2026-09-07T09:19:33.326+0000] {logging_mixin.py:190} INFO - [2026-09-07T09:19:33.326+0000] {dag.py:4180} INFO - Setting next_dagrun for steam_discount_prediction_dag to 2026-09-07 00:00:00+00:00, run_after=2026-09-08 00:00:00+00:00
[2026-09-07T09:19:33.344+0000] {processor.py:208} INFO - Processing /opt/airflow/dags/ml_04_steam_discount_prediction.py took 1.265 seconds
[2026-09-07T09:20:03.394+0000] {processor.py:186} INFO - Started process (PID=13550) to work on /opt/airflow/dags/ml_04_steam_discount_prediction.py
[2026-09-07T09:20:03.395+0000] {processor.py:914} INFO - Processing file /opt/airflow/dags/ml_04_steam_discount_prediction.py for tasks to queue
[2026-09-07T09:20:03.396+0000] {logging_mixin.py:190} INFO - [2026-09-07T09:20:03.396+0000] {dagbag.py:588} INFO - Filling up the DagBag from /opt/airflow/dags/ml_04_steam_discount_prediction.py
[2026-09-07T09:20:04.576+0000] {processor.py:925} INFO - DAG(s) 'steam_discount_prediction_dag' retrieved from /opt/airflow/dags/ml_04_steam_discount_prediction.py
[2026-09-07T09:20:04.601+0000] {logging_mixin.py:190} INFO - [2026-09-07T09:20:04.600+0000] {dag.py:3239} INFO - Sync 1 DAGs
[2026-09-07T09:20:04.620+0000] {logging_mixin.py:190} INFO - [2026-09-07T09:20:04.619+0000] {dag.py:4180} INFO - Setting next_dagrun for steam_discount_prediction_dag to 2026-09-07 00:00:00+00:00, run_after=2026-09-08 00:00:00+00:00
[2026-09-07T09:20:04.637+0000] {processor.py:208} INFO - Processing /opt/airflow/dags/ml_04_steam_discount_prediction.py took 1.248 seconds
[2026-09-07T09:20:34.684+0000] {processor.py:186} INFO - Started process (PID=13581) to work on /opt/airflow/dags/ml_04_steam_discount_prediction.py
[2026-09-07T09:20:34.685+0000] {processor.py:914} INFO - Processing file /opt/airflow/dags/ml_04_steam_discount_prediction.py for tasks to queue
[2026-09-07T09:20:34.686+0000] {logging_mixin.py:190} INFO - [2026-09-07T09:20:34.686+0000] {dagbag.py:588} INFO - Filling up the DagBag from /opt/airflow/dags/ml_04_steam_discount_prediction.py
[2026-09-07T09:20:36.003+0000] {processor.py:925} INFO - DAG(s) 'steam_discount_prediction_dag' retrieved from /opt/airflow/dags/ml_04_steam_discount_prediction.py
[2026-09-07T09:20:36.027+0000] {logging_mixin.py:190} INFO - [2026-09-07T09:20:36.026+0000] {dag.py:3239} INFO - Sync 1 DAGs
[2026-09-07T09:20:36.045+0000] {logging_mixin.py:190} INFO - [2026-09-07T09:20:36.045+0000] {dag.py:4180} INFO - Setting next_dagrun for steam_discount_prediction_dag to 2026-09-07 00:00:00+00:00, run_after=2026-09-08 00:00:00+00:00
[2026-09-07T09:20:36.061+0000] {processor.py:208} INFO - Processing /opt/airflow/dags/ml_04_steam_discount_prediction.py took 1.382 seconds
[2026-09-07T09:21:06.306+0000] {processor.py:186} INFO - Started process (PID=13612) to work on /opt/airflow/dags/ml_04_steam_discount_prediction.py
[2026-09-07T09:21:06.307+0000] {processor.py:914} INFO - Processing file /opt/airflow/dags/ml_04_steam_discount_prediction.py for tasks to queue
[2026-09-07T09:21:06.308+0000] {logging_mixin.py:190} INFO - [2026-09-07T09:21:06.308+0000] {dagbag.py:588} INFO - Filling up the DagBag from /opt/airflow/dags/ml_04_steam_discount_prediction.py
[2026-09-07T09:21:07.447+0000] {processor.py:925} INFO - DAG(s) 'steam_discount_prediction_dag' retrieved from /opt/airflow/dags/ml_04_steam_discount_prediction.py
[2026-09-07T09:21:07.471+0000] {logging_mixin.py:190} INFO - [2026-09-07T09:21:07.470+0000] {dag.py:3239} INFO - Sync 1 DAGs
[2026-09-07T09:21:07.490+0000] {logging_mixin.py:190} INFO - [2026-09-07T09:21:07.490+0000] {dag.py:4180} INFO - Setting next_dagrun for steam_discount_prediction_dag to 2026-09-07 00:00:00+00:00, run_after=2026-09-08 00:00:00+00:00
[2026-09-07T09:21:07.508+0000] {processor.py:208} INFO - Processing /opt/airflow/dags/ml_04_steam_discount_prediction.py took 1.207 seconds
[2026-09-07T09:21:37.850+0000] {processor.py:186} INFO - Started process (PID=13643) to work on /opt/airflow/dags/ml_04_steam_discount_prediction.py
[2026-09-07T09:21:37.851+0000] {processor.py:914} INFO - Processing file /opt/airflow/dags/ml_04_steam_discount_prediction.py for tasks to queue
[2026-09-07T09:21:37.853+0000] {logging_mixin.py:190} INFO - [2026-09-07T09:21:37.853+0000] {dagbag.py:588} INFO - Filling up the DagBag from /opt/airflow/dags/ml_04_steam_discount_prediction.py
[2026-09-07T09:21:38.986+0000] {processor.py:925} INFO - DAG(s) 'steam_discount_prediction_dag' retrieved from /opt/airflow/dags/ml_04_steam_discount_prediction.py
[2026-09-07T09:21:39.009+0000] {logging_mixin.py:190} INFO - [2026-09-07T09:21:39.009+0000] {dag.py:3239} INFO - Sync 1 DAGs
[2026-09-07T09:21:39.026+0000] {logging_mixin.py:190} INFO - [2026-09-07T09:21:39.026+0000] {dag.py:4180} INFO - Setting next_dagrun for steam_discount_prediction_dag to 2026-09-07 00:00:00+00:00, run_after=2026-09-08 00:00:00+00:00
[2026-09-07T09:21:39.042+0000] {processor.py:208} INFO - Processing /opt/airflow/dags/ml_04_steam_discount_prediction.py took 1.199 seconds
[2026-09-07T09:22:09.349+0000] {processor.py:186} INFO - Started process (PID=13674) to work on /opt/airflow/dags/ml_04_steam_discount_prediction.py
[2026-09-07T09:22:09.350+0000] {processor.py:914} INFO - Processing file /opt/airflow/dags/ml_04_steam_discount_prediction.py for tasks to queue
[2026-09-07T09:22:09.351+0000] {logging_mixin.py:190} INFO - [2026-09-07T09:22:09.350+0000] {dagbag.py:588} INFO - Filling up the DagBag from /opt/airflow/dags/ml_04_steam_discount_prediction.py
[2026-09-07T09:22:10.480+0000] {processor.py:925} INFO - DAG(s) 'steam_discount_prediction_dag' retrieved from /opt/airflow/dags/ml_04_steam_discount_prediction.py
[2026-09-07T09:22:10.505+0000] {logging_mixin.py:190} INFO - [2026-09-07T09:22:10.504+0000] {dag.py:3239} INFO - Sync 1 DAGs
[2026-09-07T09:22:10.526+0000] {logging_mixin.py:190} INFO - [2026-09-07T09:22:10.526+0000] {dag.py:4180} INFO - Setting next_dagrun for steam_discount_prediction_dag to 2026-09-07 00:00:00+00:00, run_after=2026-09-08 00:00:00+00:00
[2026-09-07T09:22:10.545+0000] {processor.py:208} INFO - Processing /opt/airflow/dags/ml_04_steam_discount_prediction.py took 1.203 seconds
[2026-09-07T09:22:40.625+0000] {processor.py:186} INFO - Started process (PID=13705) to work on /opt/airflow/dags/ml_04_steam_discount_prediction.py
[2026-09-07T09:22:40.626+0000] {processor.py:914} INFO - Processing file /opt/airflow/dags/ml_04_steam_discount_prediction.py for tasks to queue
[2026-09-07T09:22:40.628+0000] {logging_mixin.py:190} INFO - [2026-09-07T09:22:40.627+0000] {dagbag.py:588} INFO - Filling up the DagBag from /opt/airflow/dags/ml_04_steam_discount_prediction.py
[2026-09-07T09:22:41.784+0000] {processor.py:925} INFO - DAG(s) 'steam_discount_prediction_dag' retrieved from /opt/airflow/dags/ml_04_steam_discount_prediction.py
[2026-09-07T09:22:41.807+0000] {logging_mixin.py:190} INFO - [2026-09-07T09:22:41.806+0000] {dag.py:3239} INFO - Sync 1 DAGs
[2026-09-07T09:22:41.826+0000] {logging_mixin.py:190} INFO - [2026-09-07T09:22:41.825+0000] {dag.py:4180} INFO - Setting next_dagrun for steam_discount_prediction_dag to 2026-09-07 00:00:00+00:00, run_after=2026-09-08 00:00:00+00:00
[2026-09-07T09:22:41.842+0000] {processor.py:208} INFO - Processing /opt/airflow/dags/ml_04_steam_discount_prediction.py took 1.224 seconds
[2026-09-07T09:23:11.897+0000] {processor.py:186} INFO - Started process (PID=13736) to work on /opt/airflow/dags/ml_04_steam_discount_prediction.py
[2026-09-07T09:23:11.898+0000] {processor.py:914} INFO - Processing file /opt/airflow/dags/ml_04_steam_discount_prediction.py for tasks to queue
[2026-09-07T09:23:11.899+0000] {logging_mixin.py:190} INFO - [2026-09-07T09:23:11.899+0000] {dagbag.py:588} INFO - Filling up the DagBag from /opt/airflow/dags/ml_04_steam_discount_prediction.py
[2026-09-07T09:23:13.041+0000] {processor.py:925} INFO - DAG(s) 'steam_discount_prediction_dag' retrieved from /opt/airflow/dags/ml_04_steam_discount_prediction.py
[2026-09-07T09:23:13.062+0000] {logging_mixin.py:190} INFO - [2026-09-07T09:23:13.061+0000] {dag.py:3239} INFO - Sync 1 DAGs
[2026-09-07T09:23:13.079+0000] {logging_mixin.py:190} INFO - [2026-09-07T09:23:13.079+0000] {dag.py:4180} INFO - Setting next_dagrun for steam_discount_prediction_dag to 2026-09-07 00:00:00+00:00, run_after=2026-09-08 00:00:00+00:00
[2026-09-07T09:23:13.093+0000] {processor.py:208} INFO - Processing /opt/airflow/dags/ml_04_steam_discount_prediction.py took 1.202 seconds
[2026-09-07T09:23:43.314+0000] {processor.py:186} INFO - Started process (PID=13767) to work on /opt/airflow/dags/ml_04_steam_discount_prediction.py
[2026-09-07T09:23:43.315+0000] {processor.py:914} INFO - Processing file /opt/airflow/dags/ml_04_steam_discount_prediction.py for tasks to queue
[2026-09-07T09:23:43.316+0000] {logging_mixin.py:190} INFO - [2026-09-07T09:23:43.316+0000] {dagbag.py:588} INFO - Filling up the DagBag from /opt/airflow/dags/ml_04_steam_discount_prediction.py
[2026-09-07T09:23:44.581+0000] {processor.py:925} INFO - DAG(s) 'steam_discount_prediction_dag' retrieved from /opt/airflow/dags/ml_04_steam_discount_prediction.py
[2026-09-07T09:23:44.605+0000] {logging_mixin.py:190} INFO - [2026-09-07T09:23:44.604+0000] {dag.py:3239} INFO - Sync 1 DAGs
[2026-09-07T09:23:44.623+0000] {logging_mixin.py:190} INFO - [2026-09-07T09:23:44.623+0000] {dag.py:4180} INFO - Setting next_dagrun for steam_discount_prediction_dag to 2026-09-07 00:00:00+00:00, run_after=2026-09-08 00:00:00+00:00
[2026-09-07T09:23:44.639+0000] {processor.py:208} INFO - Processing /opt/airflow/dags/ml_04_steam_discount_prediction.py took 1.332 seconds
[2026-09-07T09:24:14.780+0000] {processor.py:186} INFO - Started process (PID=13798) to work on /opt/airflow/dags/ml_04_steam_discount_prediction.py
[2026-09-07T09:24:14.780+0000] {processor.py:914} INFO - Processing file /opt/airflow/dags/ml_04_steam_discount_prediction.py for tasks to queue
[2026-09-07T09:24:14.782+0000] {logging_mixin.py:190} INFO - [2026-09-07T09:24:14.782+0000] {dagbag.py:588} INFO - Filling up the DagBag from /opt/airflow/dags/ml_04_steam_discount_prediction.py
[2026-09-07T09:24:15.977+0000] {processor.py:925} INFO - DAG(s) 'steam_discount_prediction_dag' retrieved from /opt/airflow/dags/ml_04_steam_discount_prediction.py
[2026-09-07T09:24:15.999+0000] {logging_mixin.py:190} INFO - [2026-09-07T09:24:15.998+0000] {dag.py:3239} INFO - Sync 1 DAGs
[2026-09-07T09:24:16.018+0000] {logging_mixin.py:190} INFO - [2026-09-07T09:24:16.017+0000] {dag.py:4180} INFO - Setting next_dagrun for steam_discount_prediction_dag to 2026-09-07 00:00:00+00:00, run_after=2026-09-08 00:00:00+00:00
[2026-09-07T09:24:16.032+0000] {processor.py:208} INFO - Processing /opt/airflow/dags/ml_04_steam_discount_prediction.py took 1.259 seconds
[2026-09-07T09:24:46.287+0000] {processor.py:186} INFO - Started process (PID=13831) to work on /opt/airflow/dags/ml_04_steam_discount_prediction.py
[2026-09-07T09:24:46.288+0000] {processor.py:914} INFO - Processing file /opt/airflow/dags/ml_04_steam_discount_prediction.py for tasks to queue
[2026-09-07T09:24:46.289+0000] {logging_mixin.py:190} INFO - [2026-09-07T09:24:46.289+0000] {dagbag.py:588} INFO - Filling up the DagBag from /opt/airflow/dags/ml_04_steam_discount_prediction.py
[2026-09-07T09:24:47.454+0000] {processor.py:925} INFO - DAG(s) 'steam_discount_prediction_dag' retrieved from /opt/airflow/dags/ml_04_steam_discount_prediction.py
[2026-09-07T09:24:47.478+0000] {logging_mixin.py:190} INFO - [2026-09-07T09:24:47.478+0000] {dag.py:3239} INFO - Sync 1 DAGs
[2026-09-07T09:24:47.496+0000] {logging_mixin.py:190} INFO - [2026-09-07T09:24:47.496+0000] {dag.py:4180} INFO - Setting next_dagrun for steam_discount_prediction_dag to 2026-09-07 00:00:00+00:00, run_after=2026-09-08 00:00:00+00:00
[2026-09-07T09:24:47.512+0000] {processor.py:208} INFO - Processing /opt/airflow/dags/ml_04_steam_discount_prediction.py took 1.230 seconds
[2026-09-07T09:25:17.670+0000] {processor.py:186} INFO - Started process (PID=13862) to work on /opt/airflow/dags/ml_04_steam_discount_prediction.py
[2026-09-07T09:25:17.671+0000] {processor.py:914} INFO - Processing file /opt/airflow/dags/ml_04_steam_discount_prediction.py for tasks to queue
[2026-09-07T09:25:17.672+0000] {logging_mixin.py:190} INFO - [2026-09-07T09:25:17.672+0000] {dagbag.py:588} INFO - Filling up the DagBag from /opt/airflow/dags/ml_04_steam_discount_prediction.py
[2026-09-07T09:25:18.862+0000] {processor.py:925} INFO - DAG(s) 'steam_discount_prediction_dag' retrieved from /opt/airflow/dags/ml_04_steam_discount_prediction.py
[2026-09-07T09:25:18.884+0000] {logging_mixin.py:190} INFO - [2026-09-07T09:25:18.883+0000] {dag.py:3239} INFO - Sync 1 DAGs
[2026-09-07T09:25:18.901+0000] {logging_mixin.py:190} INFO - [2026-09-07T09:25:18.900+0000] {dag.py:4180} INFO - Setting next_dagrun for steam_discount_prediction_dag to 2026-09-07 00:00:00+00:00, run_after=2026-09-08 00:00:00+00:00
[2026-09-07T09:25:18.915+0000] {processor.py:208} INFO - Processing /opt/airflow/dags/ml_04_steam_discount_prediction.py took 1.250 seconds
[2026-09-07T09:25:49.326+0000] {processor.py:186} INFO - Started process (PID=13893) to work on /opt/airflow/dags/ml_04_steam_discount_prediction.py
[2026-09-07T09:25:49.327+0000] {processor.py:914} INFO - Processing file /opt/airflow/dags/ml_04_steam_discount_prediction.py for tasks to queue
[2026-09-07T09:25:49.328+0000] {logging_mixin.py:190} INFO - [2026-09-07T09:25:49.328+0000] {dagbag.py:588} INFO - Filling up the DagBag from /opt/airflow/dags/ml_04_steam_discount_prediction.py
[2026-09-07T09:25:50.525+0000] {processor.py:925} INFO - DAG(s) 'steam_discount_prediction_dag' retrieved from /opt/airflow/dags/ml_04_steam_discount_prediction.py
[2026-09-07T09:25:50.553+0000] {logging_mixin.py:190} INFO - [2026-09-07T09:25:50.551+0000] {dag.py:3239} INFO - Sync 1 DAGs
[2026-09-07T09:25:50.573+0000] {logging_mixin.py:190} INFO - [2026-09-07T09:25:50.573+0000] {dag.py:4180} INFO - Setting next_dagrun for steam_discount_prediction_dag to 2026-09-07 00:00:00+00:00, run_after=2026-09-08 00:00:00+00:00
[2026-09-07T09:25:50.592+0000] {processor.py:208} INFO - Processing /opt/airflow/dags/ml_04_steam_discount_prediction.py took 1.272 seconds
[2026-09-07T09:26:20.894+0000] {processor.py:186} INFO - Started process (PID=13924) to work on /opt/airflow/dags/ml_04_steam_discount_prediction.py
[2026-09-07T09:26:20.894+0000] {processor.py:914} INFO - Processing file /opt/airflow/dags/ml_04_steam_discount_prediction.py for tasks to queue
[2026-09-07T09:26:20.896+0000] {logging_mixin.py:190} INFO - [2026-09-07T09:26:20.895+0000] {dagbag.py:588} INFO - Filling up the DagBag from /opt/airflow/dags/ml_04_steam_discount_prediction.py
[2026-09-07T09:26:22.072+0000] {processor.py:925} INFO - DAG(s) 'steam_discount_prediction_dag' retrieved from /opt/airflow/dags/ml_04_steam_discount_prediction.py
[2026-09-07T09:26:22.094+0000] {logging_mixin.py:190} INFO - [2026-09-07T09:26:22.093+0000] {dag.py:3239} INFO - Sync 1 DAGs
[2026-09-07T09:26:22.111+0000] {logging_mixin.py:190} INFO - [2026-09-07T09:26:22.111+0000] {dag.py:4180} INFO - Setting next_dagrun for steam_discount_prediction_dag to 2026-09-07 00:00:00+00:00, run_after=2026-09-08 00:00:00+00:00
[2026-09-07T09:26:22.129+0000] {processor.py:208} INFO - Processing /opt/airflow/dags/ml_04_steam_discount_prediction.py took 1.241 seconds
[2026-09-07T09:26:52.698+0000] {processor.py:186} INFO - Started process (PID=13955) to work on /opt/airflow/dags/ml_04_steam_discount_prediction.py
[2026-09-07T09:26:52.698+0000] {processor.py:914} INFO - Processing file /opt/airflow/dags/ml_04_steam_discount_prediction.py for tasks to queue
[2026-09-07T09:26:52.700+0000] {logging_mixin.py:190} INFO - [2026-09-07T09:26:52.699+0000] {dagbag.py:588} INFO - Filling up the DagBag from /opt/airflow/dags/ml_04_steam_discount_prediction.py
[2026-09-07T09:26:53.868+0000] {processor.py:925} INFO - DAG(s) 'steam_discount_prediction_dag' retrieved from /opt/airflow/dags/ml_04_steam_discount_prediction.py
[2026-09-07T09:26:54.007+0000] {logging_mixin.py:190} INFO - [2026-09-07T09:26:53.892+0000] {dag.py:3239} INFO - Sync 1 DAGs
[2026-09-07T09:26:54.024+0000] {logging_mixin.py:190} INFO - [2026-09-07T09:26:54.024+0000] {dag.py:4180} INFO - Setting next_dagrun for steam_discount_prediction_dag to 2026-09-07 00:00:00+00:00, run_after=2026-09-08 00:00:00+00:00
[2026-09-07T09:26:54.039+0000] {processor.py:208} INFO - Processing /opt/airflow/dags/ml_04_steam_discount_prediction.py took 1.347 seconds
[2026-09-07T09:27:24.311+0000] {processor.py:186} INFO - Started process (PID=13986) to work on /opt/airflow/dags/ml_04_steam_discount_prediction.py
[2026-09-07T09:27:24.312+0000] {processor.py:914} INFO - Processing file /opt/airflow/dags/ml_04_steam_discount_prediction.py for tasks to queue
[2026-09-07T09:27:24.313+0000] {logging_mixin.py:190} INFO - [2026-09-07T09:27:24.313+0000] {dagbag.py:588} INFO - Filling up the DagBag from /opt/airflow/dags/ml_04_steam_discount_prediction.py
[2026-09-07T09:27:25.633+0000] {processor.py:925} INFO - DAG(s) 'steam_discount_prediction_dag' retrieved from /opt/airflow/dags/ml_04_steam_discount_prediction.py
[2026-09-07T09:27:25.656+0000] {logging_mixin.py:190} INFO - [2026-09-07T09:27:25.655+0000] {dag.py:3239} INFO - Sync 1 DAGs
[2026-09-07T09:27:25.677+0000] {logging_mixin.py:190} INFO - [2026-09-07T09:27:25.677+0000] {dag.py:4180} INFO - Setting next_dagrun for steam_discount_prediction_dag to 2026-09-07 00:00:00+00:00, run_after=2026-09-08 00:00:00+00:00
[2026-09-07T09:27:25.697+0000] {processor.py:208} INFO - Processing /opt/airflow/dags/ml_04_steam_discount_prediction.py took 1.392 seconds
[2026-09-07T09:27:55.821+0000] {processor.py:186} INFO - Started process (PID=14019) to work on /opt/airflow/dags/ml_04_steam_discount_prediction.py
[2026-09-07T09:27:55.822+0000] {processor.py:914} INFO - Processing file /opt/airflow/dags/ml_04_steam_discount_prediction.py for tasks to queue
[2026-09-07T09:27:55.823+0000] {logging_mixin.py:190} INFO - [2026-09-07T09:27:55.823+0000] {dagbag.py:588} INFO - Filling up the DagBag from /opt/airflow/dags/ml_04_steam_discount_prediction.py
[2026-09-07T09:27:57.018+0000] {processor.py:925} INFO - DAG(s) 'steam_discount_prediction_dag' retrieved from /opt/airflow/dags/ml_04_steam_discount_prediction.py
[2026-09-07T09:27:57.169+0000] {logging_mixin.py:190} INFO - [2026-09-07T09:27:57.169+0000] {dag.py:3239} INFO - Sync 1 DAGs
[2026-09-07T09:27:57.189+0000] {logging_mixin.py:190} INFO - [2026-09-07T09:27:57.189+0000] {dag.py:4180} INFO - Setting next_dagrun for steam_discount_prediction_dag to 2026-09-07 00:00:00+00:00, run_after=2026-09-08 00:00:00+00:00
[2026-09-07T09:27:57.208+0000] {processor.py:208} INFO - Processing /opt/airflow/dags/ml_04_steam_discount_prediction.py took 1.393 seconds
[2026-09-07T09:28:28.034+0000] {processor.py:186} INFO - Started process (PID=14050) to work on /opt/airflow/dags/ml_04_steam_discount_prediction.py
[2026-09-07T09:28:28.036+0000] {processor.py:914} INFO - Processing file /opt/airflow/dags/ml_04_steam_discount_prediction.py for tasks to queue
[2026-09-07T09:28:28.037+0000] {logging_mixin.py:190} INFO - [2026-09-07T09:28:28.037+0000] {dagbag.py:588} INFO - Filling up the DagBag from /opt/airflow/dags/ml_04_steam_discount_prediction.py
[2026-09-07T09:28:29.286+0000] {processor.py:925} INFO - DAG(s) 'steam_discount_prediction_dag' retrieved from /opt/airflow/dags/ml_04_steam_discount_prediction.py
[2026-09-07T09:28:29.309+0000] {logging_mixin.py:190} INFO - [2026-09-07T09:28:29.307+0000] {dag.py:3239} INFO - Sync 1 DAGs
[2026-09-07T09:28:29.440+0000] {logging_mixin.py:190} INFO - [2026-09-07T09:28:29.439+0000] {dag.py:4180} INFO - Setting next_dagrun for steam_discount_prediction_dag to 2026-09-07 00:00:00+00:00, run_after=2026-09-08 00:00:00+00:00
[2026-09-07T09:28:29.455+0000] {processor.py:208} INFO - Processing /opt/airflow/dags/ml_04_steam_discount_prediction.py took 1.426 seconds
[2026-09-07T09:28:59.746+0000] {processor.py:186} INFO - Started process (PID=14087) to work on /opt/airflow/dags/ml_04_steam_discount_prediction.py
[2026-09-07T09:28:59.747+0000] {processor.py:914} INFO - Processing file /opt/airflow/dags/ml_04_steam_discount_prediction.py for tasks to queue
[2026-09-07T09:28:59.750+0000] {logging_mixin.py:190} INFO - [2026-09-07T09:28:59.749+0000] {dagbag.py:588} INFO - Filling up the DagBag from /opt/airflow/dags/ml_04_steam_discount_prediction.py
[2026-09-07T09:29:01.240+0000] {processor.py:925} INFO - DAG(s) 'steam_discount_prediction_dag' retrieved from /opt/airflow/dags/ml_04_steam_discount_prediction.py
[2026-09-07T09:29:01.262+0000] {logging_mixin.py:190} INFO - [2026-09-07T09:29:01.262+0000] {dag.py:3239} INFO - Sync 1 DAGs
[2026-09-07T09:29:01.279+0000] {logging_mixin.py:190} INFO - [2026-09-07T09:29:01.279+0000] {dag.py:4180} INFO - Setting next_dagrun for steam_discount_prediction_dag to 2026-09-07 00:00:00+00:00, run_after=2026-09-08 00:00:00+00:00
[2026-09-07T09:29:01.295+0000] {processor.py:208} INFO - Processing /opt/airflow/dags/ml_04_steam_discount_prediction.py took 1.561 seconds
[2026-09-07T09:29:31.617+0000] {processor.py:186} INFO - Started process (PID=14118) to work on /opt/airflow/dags/ml_04_steam_discount_prediction.py
[2026-09-07T09:29:31.620+0000] {processor.py:914} INFO - Processing file /opt/airflow/dags/ml_04_steam_discount_prediction.py for tasks to queue
[2026-09-07T09:29:31.623+0000] {logging_mixin.py:190} INFO - [2026-09-07T09:29:31.622+0000] {dagbag.py:588} INFO - Filling up the DagBag from /opt/airflow/dags/ml_04_steam_discount_prediction.py
[2026-09-07T09:29:32.969+0000] {processor.py:925} INFO - DAG(s) 'steam_discount_prediction_dag' retrieved from /opt/airflow/dags/ml_04_steam_discount_prediction.py
[2026-09-07T09:29:32.993+0000] {logging_mixin.py:190} INFO - [2026-09-07T09:29:32.992+0000] {dag.py:3239} INFO - Sync 1 DAGs
[2026-09-07T09:29:33.019+0000] {logging_mixin.py:190} INFO - [2026-09-07T09:29:33.019+0000] {dag.py:4180} INFO - Setting next_dagrun for steam_discount_prediction_dag to 2026-09-07 00:00:00+00:00, run_after=2026-09-08 00:00:00+00:00
[2026-09-07T09:29:33.040+0000] {processor.py:208} INFO - Processing /opt/airflow/dags/ml_04_steam_discount_prediction.py took 1.429 seconds
[2026-09-07T09:30:03.369+0000] {processor.py:186} INFO - Started process (PID=14155) to work on /opt/airflow/dags/ml_04_steam_discount_prediction.py
[2026-09-07T09:30:03.369+0000] {processor.py:914} INFO - Processing file /opt/airflow/dags/ml_04_steam_discount_prediction.py for tasks to queue
[2026-09-07T09:30:03.371+0000] {logging_mixin.py:190} INFO - [2026-09-07T09:30:03.371+0000] {dagbag.py:588} INFO - Filling up the DagBag from /opt/airflow/dags/ml_04_steam_discount_prediction.py
[2026-09-07T09:30:04.930+0000] {processor.py:925} INFO - DAG(s) 'steam_discount_prediction_dag' retrieved from /opt/airflow/dags/ml_04_steam_discount_prediction.py
[2026-09-07T09:30:04.953+0000] {logging_mixin.py:190} INFO - [2026-09-07T09:30:04.953+0000] {dag.py:3239} INFO - Sync 1 DAGs
[2026-09-07T09:30:04.972+0000] {logging_mixin.py:190} INFO - [2026-09-07T09:30:04.972+0000] {dag.py:4180} INFO - Setting next_dagrun for steam_discount_prediction_dag to 2026-09-07 00:00:00+00:00, run_after=2026-09-08 00:00:00+00:00
[2026-09-07T09:30:04.989+0000] {processor.py:208} INFO - Processing /opt/airflow/dags/ml_04_steam_discount_prediction.py took 1.626 seconds
[2026-09-07T09:30:35.151+0000] {processor.py:186} INFO - Started process (PID=14186) to work on /opt/airflow/dags/ml_04_steam_discount_prediction.py
[2026-09-07T09:30:35.151+0000] {processor.py:914} INFO - Processing file /opt/airflow/dags/ml_04_steam_discount_prediction.py for tasks to queue
[2026-09-07T09:30:35.153+0000] {logging_mixin.py:190} INFO - [2026-09-07T09:30:35.152+0000] {dagbag.py:588} INFO - Filling up the DagBag from /opt/airflow/dags/ml_04_steam_discount_prediction.py
[2026-09-07T09:30:36.576+0000] {processor.py:925} INFO - DAG(s) 'steam_discount_prediction_dag' retrieved from /opt/airflow/dags/ml_04_steam_discount_prediction.py
[2026-09-07T09:30:36.599+0000] {logging_mixin.py:190} INFO - [2026-09-07T09:30:36.599+0000] {dag.py:3239} INFO - Sync 1 DAGs
[2026-09-07T09:30:36.618+0000] {logging_mixin.py:190} INFO - [2026-09-07T09:30:36.618+0000] {dag.py:4180} INFO - Setting next_dagrun for steam_discount_prediction_dag to 2026-09-07 00:00:00+00:00, run_after=2026-09-08 00:00:00+00:00
[2026-09-07T09:30:36.635+0000] {processor.py:208} INFO - Processing /opt/airflow/dags/ml_04_steam_discount_prediction.py took 1.490 seconds
[2026-09-07T09:31:06.939+0000] {processor.py:186} INFO - Started process (PID=14217) to work on /opt/airflow/dags/ml_04_steam_discount_prediction.py
[2026-09-07T09:31:06.940+0000] {processor.py:914} INFO - Processing file /opt/airflow/dags/ml_04_steam_discount_prediction.py for tasks to queue
[2026-09-07T09:31:06.941+0000] {logging_mixin.py:190} INFO - [2026-09-07T09:31:06.941+0000] {dagbag.py:588} INFO - Filling up the DagBag from /opt/airflow/dags/ml_04_steam_discount_prediction.py
[2026-09-07T09:31:08.240+0000] {processor.py:925} INFO - DAG(s) 'steam_discount_prediction_dag' retrieved from /opt/airflow/dags/ml_04_steam_discount_prediction.py
[2026-09-07T09:31:08.265+0000] {logging_mixin.py:190} INFO - [2026-09-07T09:31:08.263+0000] {dag.py:3239} INFO - Sync 1 DAGs
[2026-09-07T09:31:08.284+0000] {logging_mixin.py:190} INFO - [2026-09-07T09:31:08.284+0000] {dag.py:4180} INFO - Setting next_dagrun for steam_discount_prediction_dag to 2026-09-07 00:00:00+00:00, run_after=2026-09-08 00:00:00+00:00
[2026-09-07T09:31:08.300+0000] {processor.py:208} INFO - Processing /opt/airflow/dags/ml_04_steam_discount_prediction.py took 1.367 seconds
[2026-09-07T09:31:38.649+0000] {processor.py:186} INFO - Started process (PID=14248) to work on /opt/airflow/dags/ml_04_steam_discount_prediction.py
[2026-09-07T09:31:38.650+0000] {processor.py:914} INFO - Processing file /opt/airflow/dags/ml_04_steam_discount_prediction.py for tasks to queue
[2026-09-07T09:31:38.651+0000] {logging_mixin.py:190} INFO - [2026-09-07T09:31:38.651+0000] {dagbag.py:588} INFO - Filling up the DagBag from /opt/airflow/dags/ml_04_steam_discount_prediction.py
[2026-09-07T09:31:39.991+0000] {processor.py:925} INFO - DAG(s) 'steam_discount_prediction_dag' retrieved from /opt/airflow/dags/ml_04_steam_discount_prediction.py
[2026-09-07T09:31:40.016+0000] {logging_mixin.py:190} INFO - [2026-09-07T09:31:40.015+0000] {dag.py:3239} INFO - Sync 1 DAGs
[2026-09-07T09:31:40.036+0000] {logging_mixin.py:190} INFO - [2026-09-07T09:31:40.036+0000] {dag.py:4180} INFO - Setting next_dagrun for steam_discount_prediction_dag to 2026-09-07 00:00:00+00:00, run_after=2026-09-08 00:00:00+00:00
[2026-09-07T09:31:40.053+0000] {processor.py:208} INFO - Processing /opt/airflow/dags/ml_04_steam_discount_prediction.py took 1.411 seconds
[2026-09-07T09:32:10.817+0000] {processor.py:186} INFO - Started process (PID=14279) to work on /opt/airflow/dags/ml_04_steam_discount_prediction.py
[2026-09-07T09:32:10.818+0000] {processor.py:914} INFO - Processing file /opt/airflow/dags/ml_04_steam_discount_prediction.py for tasks to queue
[2026-09-07T09:32:10.820+0000] {logging_mixin.py:190} INFO - [2026-09-07T09:32:10.819+0000] {dagbag.py:588} INFO - Filling up the DagBag from /opt/airflow/dags/ml_04_steam_discount_prediction.py
[2026-09-07T09:32:12.156+0000] {processor.py:925} INFO - DAG(s) 'steam_discount_prediction_dag' retrieved from /opt/airflow/dags/ml_04_steam_discount_prediction.py
[2026-09-07T09:32:12.179+0000] {logging_mixin.py:190} INFO - [2026-09-07T09:32:12.179+0000] {dag.py:3239} INFO - Sync 1 DAGs
[2026-09-07T09:32:12.197+0000] {logging_mixin.py:190} INFO - [2026-09-07T09:32:12.196+0000] {dag.py:4180} INFO - Setting next_dagrun for steam_discount_prediction_dag to 2026-09-07 00:00:00+00:00, run_after=2026-09-08 00:00:00+00:00
[2026-09-07T09:32:12.213+0000] {processor.py:208} INFO - Processing /opt/airflow/dags/ml_04_steam_discount_prediction.py took 1.402 seconds
[2026-09-07T09:32:42.997+0000] {processor.py:186} INFO - Started process (PID=14310) to work on /opt/airflow/dags/ml_04_steam_discount_prediction.py
[2026-09-07T09:32:42.998+0000] {processor.py:914} INFO - Processing file /opt/airflow/dags/ml_04_steam_discount_prediction.py for tasks to queue
[2026-09-07T09:32:42.999+0000] {logging_mixin.py:190} INFO - [2026-09-07T09:32:42.999+0000] {dagbag.py:588} INFO - Filling up the DagBag from /opt/airflow/dags/ml_04_steam_discount_prediction.py
[2026-09-07T09:32:44.415+0000] {processor.py:925} INFO - DAG(s) 'steam_discount_prediction_dag' retrieved from /opt/airflow/dags/ml_04_steam_discount_prediction.py
[2026-09-07T09:32:44.437+0000] {logging_mixin.py:190} INFO - [2026-09-07T09:32:44.437+0000] {dag.py:3239} INFO - Sync 1 DAGs
[2026-09-07T09:32:44.456+0000] {logging_mixin.py:190} INFO - [2026-09-07T09:32:44.455+0000] {dag.py:4180} INFO - Setting next_dagrun for steam_discount_prediction_dag to 2026-09-07 00:00:00+00:00, run_after=2026-09-08 00:00:00+00:00
[2026-09-07T09:32:44.472+0000] {processor.py:208} INFO - Processing /opt/airflow/dags/ml_04_steam_discount_prediction.py took 1.482 seconds
[2026-09-07T09:33:14.778+0000] {processor.py:186} INFO - Started process (PID=14342) to work on /opt/airflow/dags/ml_04_steam_discount_prediction.py
[2026-09-07T09:33:14.778+0000] {processor.py:914} INFO - Processing file /opt/airflow/dags/ml_04_steam_discount_prediction.py for tasks to queue
[2026-09-07T09:33:14.780+0000] {logging_mixin.py:190} INFO - [2026-09-07T09:33:14.779+0000] {dagbag.py:588} INFO - Filling up the DagBag from /opt/airflow/dags/ml_04_steam_discount_prediction.py
[2026-09-07T09:33:16.181+0000] {processor.py:925} INFO - DAG(s) 'steam_discount_prediction_dag' retrieved from /opt/airflow/dags/ml_04_steam_discount_prediction.py
[2026-09-07T09:33:16.205+0000] {logging_mixin.py:190} INFO - [2026-09-07T09:33:16.205+0000] {dag.py:3239} INFO - Sync 1 DAGs
[2026-09-07T09:33:16.226+0000] {logging_mixin.py:190} INFO - [2026-09-07T09:33:16.226+0000] {dag.py:4180} INFO - Setting next_dagrun for steam_discount_prediction_dag to 2026-09-07 00:00:00+00:00, run_after=2026-09-08 00:00:00+00:00
[2026-09-07T09:33:16.247+0000] {processor.py:208} INFO - Processing /opt/airflow/dags/ml_04_steam_discount_prediction.py took 1.475 seconds
[2026-09-07T09:33:47.020+0000] {processor.py:186} INFO - Started process (PID=14373) to work on /opt/airflow/dags/ml_04_steam_discount_prediction.py
[2026-09-07T09:33:47.021+0000] {processor.py:914} INFO - Processing file /opt/airflow/dags/ml_04_steam_discount_prediction.py for tasks to queue
[2026-09-07T09:33:47.022+0000] {logging_mixin.py:190} INFO - [2026-09-07T09:33:47.022+0000] {dagbag.py:588} INFO - Filling up the DagBag from /opt/airflow/dags/ml_04_steam_discount_prediction.py
[2026-09-07T09:33:48.513+0000] {processor.py:925} INFO - DAG(s) 'steam_discount_prediction_dag' retrieved from /opt/airflow/dags/ml_04_steam_discount_prediction.py
[2026-09-07T09:33:48.542+0000] {logging_mixin.py:190} INFO - [2026-09-07T09:33:48.540+0000] {dag.py:3239} INFO - Sync 1 DAGs
[2026-09-07T09:33:48.565+0000] {logging_mixin.py:190} INFO - [2026-09-07T09:33:48.565+0000] {dag.py:4180} INFO - Setting next_dagrun for steam_discount_prediction_dag to 2026-09-07 00:00:00+00:00, run_after=2026-09-08 00:00:00+00:00
[2026-09-07T09:33:48.586+0000] {processor.py:208} INFO - Processing /opt/airflow/dags/ml_04_steam_discount_prediction.py took 1.572 seconds
[2026-09-07T09:34:19.199+0000] {processor.py:186} INFO - Started process (PID=14404) to work on /opt/airflow/dags/ml_04_steam_discount_prediction.py
[2026-09-07T09:34:19.200+0000] {processor.py:914} INFO - Processing file /opt/airflow/dags/ml_04_steam_discount_prediction.py for tasks to queue
[2026-09-07T09:34:19.201+0000] {logging_mixin.py:190} INFO - [2026-09-07T09:34:19.201+0000] {dagbag.py:588} INFO - Filling up the DagBag from /opt/airflow/dags/ml_04_steam_discount_prediction.py
[2026-09-07T09:34:20.644+0000] {processor.py:925} INFO - DAG(s) 'steam_discount_prediction_dag' retrieved from /opt/airflow/dags/ml_04_steam_discount_prediction.py
[2026-09-07T09:34:20.666+0000] {logging_mixin.py:190} INFO - [2026-09-07T09:34:20.665+0000] {dag.py:3239} INFO - Sync 1 DAGs
[2026-09-07T09:34:20.685+0000] {logging_mixin.py:190} INFO - [2026-09-07T09:34:20.685+0000] {dag.py:4180} INFO - Setting next_dagrun for steam_discount_prediction_dag to 2026-09-07 00:00:00+00:00, run_after=2026-09-08 00:00:00+00:00
[2026-09-07T09:34:20.707+0000] {processor.py:208} INFO - Processing /opt/airflow/dags/ml_04_steam_discount_prediction.py took 1.514 seconds
[2026-09-07T09:34:51.412+0000] {processor.py:186} INFO - Started process (PID=14435) to work on /opt/airflow/dags/ml_04_steam_discount_prediction.py
[2026-09-07T09:34:51.413+0000] {processor.py:914} INFO - Processing file /opt/airflow/dags/ml_04_steam_discount_prediction.py for tasks to queue
[2026-09-07T09:34:51.414+0000] {logging_mixin.py:190} INFO - [2026-09-07T09:34:51.414+0000] {dagbag.py:588} INFO - Filling up the DagBag from /opt/airflow/dags/ml_04_steam_discount_prediction.py
[2026-09-07T09:34:52.886+0000] {processor.py:925} INFO - DAG(s) 'steam_discount_prediction_dag' retrieved from /opt/airflow/dags/ml_04_steam_discount_prediction.py
[2026-09-07T09:34:52.911+0000] {logging_mixin.py:190} INFO - [2026-09-07T09:34:52.910+0000] {dag.py:3239} INFO - Sync 1 DAGs
[2026-09-07T09:34:52.930+0000] {logging_mixin.py:190} INFO - [2026-09-07T09:34:52.930+0000] {dag.py:4180} INFO - Setting next_dagrun for steam_discount_prediction_dag to 2026-09-07 00:00:00+00:00, run_after=2026-09-08 00:00:00+00:00
[2026-09-07T09:34:52.948+0000] {processor.py:208} INFO - Processing /opt/airflow/dags/ml_04_steam_discount_prediction.py took 1.543 seconds
[2026-09-07T09:35:22.995+0000] {processor.py:186} INFO - Started process (PID=14466) to work on /opt/airflow/dags/ml_04_steam_discount_prediction.py
[2026-09-07T09:35:22.996+0000] {processor.py:914} INFO - Processing file /opt/airflow/dags/ml_04_steam_discount_prediction.py for tasks to queue
[2026-09-07T09:35:22.997+0000] {logging_mixin.py:190} INFO - [2026-09-07T09:35:22.997+0000] {dagbag.py:588} INFO - Filling up the DagBag from /opt/airflow/dags/ml_04_steam_discount_prediction.py
[2026-09-07T09:35:24.212+0000] {processor.py:925} INFO - DAG(s) 'steam_discount_prediction_dag' retrieved from /opt/airflow/dags/ml_04_steam_discount_prediction.py
[2026-09-07T09:35:24.235+0000] {logging_mixin.py:190} INFO - [2026-09-07T09:35:24.235+0000] {dag.py:3239} INFO - Sync 1 DAGs
[2026-09-07T09:35:24.258+0000] {logging_mixin.py:190} INFO - [2026-09-07T09:35:24.258+0000] {dag.py:4180} INFO - Setting next_dagrun for steam_discount_prediction_dag to 2026-09-07 00:00:00+00:00, run_after=2026-09-08 00:00:00+00:00
[2026-09-07T09:35:24.276+0000] {processor.py:208} INFO - Processing /opt/airflow/dags/ml_04_steam_discount_prediction.py took 1.286 seconds
[2026-09-07T09:35:54.426+0000] {processor.py:186} INFO - Started process (PID=14499) to work on /opt/airflow/dags/ml_04_steam_discount_prediction.py
[2026-09-07T09:35:54.427+0000] {processor.py:914} INFO - Processing file /opt/airflow/dags/ml_04_steam_discount_prediction.py for tasks to queue
[2026-09-07T09:35:54.428+0000] {logging_mixin.py:190} INFO - [2026-09-07T09:35:54.428+0000] {dagbag.py:588} INFO - Filling up the DagBag from /opt/airflow/dags/ml_04_steam_discount_prediction.py
[2026-09-07T09:35:55.696+0000] {processor.py:925} INFO - DAG(s) 'steam_discount_prediction_dag' retrieved from /opt/airflow/dags/ml_04_steam_discount_prediction.py
[2026-09-07T09:35:55.722+0000] {logging_mixin.py:190} INFO - [2026-09-07T09:35:55.721+0000] {dag.py:3239} INFO - Sync 1 DAGs
[2026-09-07T09:35:55.742+0000] {logging_mixin.py:190} INFO - [2026-09-07T09:35:55.742+0000] {dag.py:4180} INFO - Setting next_dagrun for steam_discount_prediction_dag to 2026-09-07 00:00:00+00:00, run_after=2026-09-08 00:00:00+00:00
[2026-09-07T09:35:55.760+0000] {processor.py:208} INFO - Processing /opt/airflow/dags/ml_04_steam_discount_prediction.py took 1.340 seconds
[2026-09-07T09:36:26.484+0000] {processor.py:186} INFO - Started process (PID=14530) to work on /opt/airflow/dags/ml_04_steam_discount_prediction.py
[2026-09-07T09:36:26.484+0000] {processor.py:914} INFO - Processing file /opt/airflow/dags/ml_04_steam_discount_prediction.py for tasks to queue
[2026-09-07T09:36:26.486+0000] {logging_mixin.py:190} INFO - [2026-09-07T09:36:26.485+0000] {dagbag.py:588} INFO - Filling up the DagBag from /opt/airflow/dags/ml_04_steam_discount_prediction.py
[2026-09-07T09:36:27.727+0000] {processor.py:925} INFO - DAG(s) 'steam_discount_prediction_dag' retrieved from /opt/airflow/dags/ml_04_steam_discount_prediction.py
[2026-09-07T09:36:27.750+0000] {logging_mixin.py:190} INFO - [2026-09-07T09:36:27.750+0000] {dag.py:3239} INFO - Sync 1 DAGs
[2026-09-07T09:36:27.769+0000] {logging_mixin.py:190} INFO - [2026-09-07T09:36:27.769+0000] {dag.py:4180} INFO - Setting next_dagrun for steam_discount_prediction_dag to 2026-09-07 00:00:00+00:00, run_after=2026-09-08 00:00:00+00:00
[2026-09-07T09:36:27.786+0000] {processor.py:208} INFO - Processing /opt/airflow/dags/ml_04_steam_discount_prediction.py took 1.309 seconds
[2026-09-07T09:36:58.294+0000] {processor.py:186} INFO - Started process (PID=14561) to work on /opt/airflow/dags/ml_04_steam_discount_prediction.py
[2026-09-07T09:36:58.295+0000] {processor.py:914} INFO - Processing file /opt/airflow/dags/ml_04_steam_discount_prediction.py for tasks to queue
[2026-09-07T09:36:58.296+0000] {logging_mixin.py:190} INFO - [2026-09-07T09:36:58.295+0000] {dagbag.py:588} INFO - Filling up the DagBag from /opt/airflow/dags/ml_04_steam_discount_prediction.py
[2026-09-07T09:36:59.707+0000] {processor.py:925} INFO - DAG(s) 'steam_discount_prediction_dag' retrieved from /opt/airflow/dags/ml_04_steam_discount_prediction.py
[2026-09-07T09:36:59.751+0000] {logging_mixin.py:190} INFO - [2026-09-07T09:36:59.750+0000] {dag.py:3239} INFO - Sync 1 DAGs
[2026-09-07T09:36:59.783+0000] {logging_mixin.py:190} INFO - [2026-09-07T09:36:59.782+0000] {dag.py:4180} INFO - Setting next_dagrun for steam_discount_prediction_dag to 2026-09-07 00:00:00+00:00, run_after=2026-09-08 00:00:00+00:00
[2026-09-07T09:36:59.809+0000] {processor.py:208} INFO - Processing /opt/airflow/dags/ml_04_steam_discount_prediction.py took 1.521 seconds
[2026-09-07T09:37:29.965+0000] {processor.py:186} INFO - Started process (PID=14592) to work on /opt/airflow/dags/ml_04_steam_discount_prediction.py
[2026-09-07T09:37:29.966+0000] {processor.py:914} INFO - Processing file /opt/airflow/dags/ml_04_steam_discount_prediction.py for tasks to queue
[2026-09-07T09:37:29.967+0000] {logging_mixin.py:190} INFO - [2026-09-07T09:37:29.967+0000] {dagbag.py:588} INFO - Filling up the DagBag from /opt/airflow/dags/ml_04_steam_discount_prediction.py
[2026-09-07T09:37:31.207+0000] {processor.py:925} INFO - DAG(s) 'steam_discount_prediction_dag' retrieved from /opt/airflow/dags/ml_04_steam_discount_prediction.py
[2026-09-07T09:37:31.233+0000] {logging_mixin.py:190} INFO - [2026-09-07T09:37:31.233+0000] {dag.py:3239} INFO - Sync 1 DAGs
[2026-09-07T09:37:31.254+0000] {logging_mixin.py:190} INFO - [2026-09-07T09:37:31.254+0000] {dag.py:4180} INFO - Setting next_dagrun for steam_discount_prediction_dag to 2026-09-07 00:00:00+00:00, run_after=2026-09-08 00:00:00+00:00
[2026-09-07T09:37:31.274+0000] {processor.py:208} INFO - Processing /opt/airflow/dags/ml_04_steam_discount_prediction.py took 1.315 seconds
[2026-09-07T09:38:01.421+0000] {processor.py:186} INFO - Started process (PID=14625) to work on /opt/airflow/dags/ml_04_steam_discount_prediction.py
[2026-09-07T09:38:01.422+0000] {processor.py:914} INFO - Processing file /opt/airflow/dags/ml_04_steam_discount_prediction.py for tasks to queue
[2026-09-07T09:38:01.428+0000] {logging_mixin.py:190} INFO - [2026-09-07T09:38:01.428+0000] {dagbag.py:588} INFO - Filling up the DagBag from /opt/airflow/dags/ml_04_steam_discount_prediction.py
[2026-09-07T09:38:02.754+0000] {processor.py:925} INFO - DAG(s) 'steam_discount_prediction_dag' retrieved from /opt/airflow/dags/ml_04_steam_discount_prediction.py
[2026-09-07T09:38:02.776+0000] {logging_mixin.py:190} INFO - [2026-09-07T09:38:02.776+0000] {dag.py:3239} INFO - Sync 1 DAGs
[2026-09-07T09:38:02.798+0000] {logging_mixin.py:190} INFO - [2026-09-07T09:38:02.798+0000] {dag.py:4180} INFO - Setting next_dagrun for steam_discount_prediction_dag to 2026-09-07 00:00:00+00:00, run_after=2026-09-08 00:00:00+00:00
[2026-09-07T09:38:02.817+0000] {processor.py:208} INFO - Processing /opt/airflow/dags/ml_04_steam_discount_prediction.py took 1.403 seconds
[2026-09-07T09:38:33.627+0000] {processor.py:186} INFO - Started process (PID=14663) to work on /opt/airflow/dags/ml_04_steam_discount_prediction.py
[2026-09-07T09:38:33.628+0000] {processor.py:914} INFO - Processing file /opt/airflow/dags/ml_04_steam_discount_prediction.py for tasks to queue
[2026-09-07T09:38:33.630+0000] {logging_mixin.py:190} INFO - [2026-09-07T09:38:33.629+0000] {dagbag.py:588} INFO - Filling up the DagBag from /opt/airflow/dags/ml_04_steam_discount_prediction.py
[2026-09-07T09:38:34.869+0000] {processor.py:925} INFO - DAG(s) 'steam_discount_prediction_dag' retrieved from /opt/airflow/dags/ml_04_steam_discount_prediction.py
[2026-09-07T09:38:34.892+0000] {logging_mixin.py:190} INFO - [2026-09-07T09:38:34.891+0000] {dag.py:3239} INFO - Sync 1 DAGs
[2026-09-07T09:38:34.909+0000] {logging_mixin.py:190} INFO - [2026-09-07T09:38:34.908+0000] {dag.py:4180} INFO - Setting next_dagrun for steam_discount_prediction_dag to 2026-09-07 00:00:00+00:00, run_after=2026-09-08 00:00:00+00:00
[2026-09-07T09:38:34.925+0000] {processor.py:208} INFO - Processing /opt/airflow/dags/ml_04_steam_discount_prediction.py took 1.303 seconds
[2026-09-07T09:39:05.052+0000] {processor.py:186} INFO - Started process (PID=14695) to work on /opt/airflow/dags/ml_04_steam_discount_prediction.py
[2026-09-07T09:39:05.052+0000] {processor.py:914} INFO - Processing file /opt/airflow/dags/ml_04_steam_discount_prediction.py for tasks to queue
[2026-09-07T09:39:05.054+0000] {logging_mixin.py:190} INFO - [2026-09-07T09:39:05.053+0000] {dagbag.py:588} INFO - Filling up the DagBag from /opt/airflow/dags/ml_04_steam_discount_prediction.py
[2026-09-07T09:39:06.337+0000] {processor.py:925} INFO - DAG(s) 'steam_discount_prediction_dag' retrieved from /opt/airflow/dags/ml_04_steam_discount_prediction.py
[2026-09-07T09:39:06.361+0000] {logging_mixin.py:190} INFO - [2026-09-07T09:39:06.361+0000] {dag.py:3239} INFO - Sync 1 DAGs
[2026-09-07T09:39:06.382+0000] {logging_mixin.py:190} INFO - [2026-09-07T09:39:06.382+0000] {dag.py:4180} INFO - Setting next_dagrun for steam_discount_prediction_dag to 2026-09-07 00:00:00+00:00, run_after=2026-09-08 00:00:00+00:00
[2026-09-07T09:39:06.399+0000] {processor.py:208} INFO - Processing /opt/airflow/dags/ml_04_steam_discount_prediction.py took 1.353 seconds
[2026-09-07T09:39:37.224+0000] {processor.py:186} INFO - Started process (PID=14727) to work on /opt/airflow/dags/ml_04_steam_discount_prediction.py
[2026-09-07T09:39:37.225+0000] {processor.py:914} INFO - Processing file /opt/airflow/dags/ml_04_steam_discount_prediction.py for tasks to queue
[2026-09-07T09:39:37.226+0000] {logging_mixin.py:190} INFO - [2026-09-07T09:39:37.226+0000] {dagbag.py:588} INFO - Filling up the DagBag from /opt/airflow/dags/ml_04_steam_discount_prediction.py
[2026-09-07T09:39:38.385+0000] {processor.py:925} INFO - DAG(s) 'steam_discount_prediction_dag' retrieved from /opt/airflow/dags/ml_04_steam_discount_prediction.py
[2026-09-07T09:39:38.406+0000] {logging_mixin.py:190} INFO - [2026-09-07T09:39:38.406+0000] {dag.py:3239} INFO - Sync 1 DAGs
[2026-09-07T09:39:38.423+0000] {logging_mixin.py:190} INFO - [2026-09-07T09:39:38.423+0000] {dag.py:4180} INFO - Setting next_dagrun for steam_discount_prediction_dag to 2026-09-07 00:00:00+00:00, run_after=2026-09-08 00:00:00+00:00
[2026-09-07T09:39:38.439+0000] {processor.py:208} INFO - Processing /opt/airflow/dags/ml_04_steam_discount_prediction.py took 1.221 seconds
[2026-09-07T09:40:08.543+0000] {processor.py:186} INFO - Started process (PID=14758) to work on /opt/airflow/dags/ml_04_steam_discount_prediction.py
[2026-09-07T09:40:08.544+0000] {processor.py:914} INFO - Processing file /opt/airflow/dags/ml_04_steam_discount_prediction.py for tasks to queue
[2026-09-07T09:40:08.545+0000] {logging_mixin.py:190} INFO - [2026-09-07T09:40:08.545+0000] {dagbag.py:588} INFO - Filling up the DagBag from /opt/airflow/dags/ml_04_steam_discount_prediction.py
[2026-09-07T09:40:09.802+0000] {processor.py:925} INFO - DAG(s) 'steam_discount_prediction_dag' retrieved from /opt/airflow/dags/ml_04_steam_discount_prediction.py
[2026-09-07T09:40:09.826+0000] {logging_mixin.py:190} INFO - [2026-09-07T09:40:09.826+0000] {dag.py:3239} INFO - Sync 1 DAGs
[2026-09-07T09:40:09.846+0000] {logging_mixin.py:190} INFO - [2026-09-07T09:40:09.845+0000] {dag.py:4180} INFO - Setting next_dagrun for steam_discount_prediction_dag to 2026-09-07 00:00:00+00:00, run_after=2026-09-08 00:00:00+00:00
[2026-09-07T09:40:09.862+0000] {processor.py:208} INFO - Processing /opt/airflow/dags/ml_04_steam_discount_prediction.py took 1.327 seconds
[2026-09-07T09:40:40.244+0000] {processor.py:186} INFO - Started process (PID=14789) to work on /opt/airflow/dags/ml_04_steam_discount_prediction.py
[2026-09-07T09:40:40.245+0000] {processor.py:914} INFO - Processing file /opt/airflow/dags/ml_04_steam_discount_prediction.py for tasks to queue
[2026-09-07T09:40:40.246+0000] {logging_mixin.py:190} INFO - [2026-09-07T09:40:40.246+0000] {dagbag.py:588} INFO - Filling up the DagBag from /opt/airflow/dags/ml_04_steam_discount_prediction.py
[2026-09-07T09:40:41.460+0000] {processor.py:925} INFO - DAG(s) 'steam_discount_prediction_dag' retrieved from /opt/airflow/dags/ml_04_steam_discount_prediction.py
[2026-09-07T09:40:41.483+0000] {logging_mixin.py:190} INFO - [2026-09-07T09:40:41.483+0000] {dag.py:3239} INFO - Sync 1 DAGs
[2026-09-07T09:40:41.501+0000] {logging_mixin.py:190} INFO - [2026-09-07T09:40:41.501+0000] {dag.py:4180} INFO - Setting next_dagrun for steam_discount_prediction_dag to 2026-09-07 00:00:00+00:00, run_after=2026-09-08 00:00:00+00:00
[2026-09-07T09:40:41.517+0000] {processor.py:208} INFO - Processing /opt/airflow/dags/ml_04_steam_discount_prediction.py took 1.278 seconds
[2026-09-07T09:41:12.129+0000] {processor.py:186} INFO - Started process (PID=14820) to work on /opt/airflow/dags/ml_04_steam_discount_prediction.py
[2026-09-07T09:41:12.130+0000] {processor.py:914} INFO - Processing file /opt/airflow/dags/ml_04_steam_discount_prediction.py for tasks to queue
[2026-09-07T09:41:12.131+0000] {logging_mixin.py:190} INFO - [2026-09-07T09:41:12.131+0000] {dagbag.py:588} INFO - Filling up the DagBag from /opt/airflow/dags/ml_04_steam_discount_prediction.py
[2026-09-07T09:41:13.359+0000] {processor.py:925} INFO - DAG(s) 'steam_discount_prediction_dag' retrieved from /opt/airflow/dags/ml_04_steam_discount_prediction.py
[2026-09-07T09:41:13.383+0000] {logging_mixin.py:190} INFO - [2026-09-07T09:41:13.383+0000] {dag.py:3239} INFO - Sync 1 DAGs
[2026-09-07T09:41:13.403+0000] {logging_mixin.py:190} INFO - [2026-09-07T09:41:13.402+0000] {dag.py:4180} INFO - Setting next_dagrun for steam_discount_prediction_dag to 2026-09-07 00:00:00+00:00, run_after=2026-09-08 00:00:00+00:00
[2026-09-07T09:41:13.420+0000] {processor.py:208} INFO - Processing /opt/airflow/dags/ml_04_steam_discount_prediction.py took 1.297 seconds
[2026-09-07T09:41:44.362+0000] {processor.py:186} INFO - Started process (PID=14851) to work on /opt/airflow/dags/ml_04_steam_discount_prediction.py
[2026-09-07T09:41:44.362+0000] {processor.py:914} INFO - Processing file /opt/airflow/dags/ml_04_steam_discount_prediction.py for tasks to queue
[2026-09-07T09:41:44.364+0000] {logging_mixin.py:190} INFO - [2026-09-07T09:41:44.363+0000] {dagbag.py:588} INFO - Filling up the DagBag from /opt/airflow/dags/ml_04_steam_discount_prediction.py
[2026-09-07T09:41:45.499+0000] {processor.py:925} INFO - DAG(s) 'steam_discount_prediction_dag' retrieved from /opt/airflow/dags/ml_04_steam_discount_prediction.py
[2026-09-07T09:41:45.522+0000] {logging_mixin.py:190} INFO - [2026-09-07T09:41:45.521+0000] {dag.py:3239} INFO - Sync 1 DAGs
[2026-09-07T09:41:45.540+0000] {logging_mixin.py:190} INFO - [2026-09-07T09:41:45.540+0000] {dag.py:4180} INFO - Setting next_dagrun for steam_discount_prediction_dag to 2026-09-07 00:00:00+00:00, run_after=2026-09-08 00:00:00+00:00
[2026-09-07T09:41:45.559+0000] {processor.py:208} INFO - Processing /opt/airflow/dags/ml_04_steam_discount_prediction.py took 1.203 seconds
[2026-09-07T09:42:16.264+0000] {processor.py:186} INFO - Started process (PID=14882) to work on /opt/airflow/dags/ml_04_steam_discount_prediction.py
[2026-09-07T09:42:16.265+0000] {processor.py:914} INFO - Processing file /opt/airflow/dags/ml_04_steam_discount_prediction.py for tasks to queue
[2026-09-07T09:42:16.266+0000] {logging_mixin.py:190} INFO - [2026-09-07T09:42:16.266+0000] {dagbag.py:588} INFO - Filling up the DagBag from /opt/airflow/dags/ml_04_steam_discount_prediction.py
[2026-09-07T09:42:17.490+0000] {processor.py:925} INFO - DAG(s) 'steam_discount_prediction_dag' retrieved from /opt/airflow/dags/ml_04_steam_discount_prediction.py
[2026-09-07T09:42:17.513+0000] {logging_mixin.py:190} INFO - [2026-09-07T09:42:17.512+0000] {dag.py:3239} INFO - Sync 1 DAGs
[2026-09-07T09:42:17.529+0000] {logging_mixin.py:190} INFO - [2026-09-07T09:42:17.529+0000] {dag.py:4180} INFO - Setting next_dagrun for steam_discount_prediction_dag to 2026-09-07 00:00:00+00:00, run_after=2026-09-08 00:00:00+00:00
[2026-09-07T09:42:17.544+0000] {processor.py:208} INFO - Processing /opt/airflow/dags/ml_04_steam_discount_prediction.py took 1.285 seconds
[2026-09-07T09:42:48.586+0000] {processor.py:186} INFO - Started process (PID=14913) to work on /opt/airflow/dags/ml_04_steam_discount_prediction.py
[2026-09-07T09:42:48.587+0000] {processor.py:914} INFO - Processing file /opt/airflow/dags/ml_04_steam_discount_prediction.py for tasks to queue
[2026-09-07T09:42:48.588+0000] {logging_mixin.py:190} INFO - [2026-09-07T09:42:48.588+0000] {dagbag.py:588} INFO - Filling up the DagBag from /opt/airflow/dags/ml_04_steam_discount_prediction.py
[2026-09-07T09:42:49.737+0000] {processor.py:925} INFO - DAG(s) 'steam_discount_prediction_dag' retrieved from /opt/airflow/dags/ml_04_steam_discount_prediction.py
[2026-09-07T09:42:49.759+0000] {logging_mixin.py:190} INFO - [2026-09-07T09:42:49.758+0000] {dag.py:3239} INFO - Sync 1 DAGs
[2026-09-07T09:42:49.776+0000] {logging_mixin.py:190} INFO - [2026-09-07T09:42:49.776+0000] {dag.py:4180} INFO - Setting next_dagrun for steam_discount_prediction_dag to 2026-09-07 00:00:00+00:00, run_after=2026-09-08 00:00:00+00:00
[2026-09-07T09:42:49.791+0000] {processor.py:208} INFO - Processing /opt/airflow/dags/ml_04_steam_discount_prediction.py took 1.209 seconds
[2026-09-07T09:43:20.721+0000] {processor.py:186} INFO - Started process (PID=14944) to work on /opt/airflow/dags/ml_04_steam_discount_prediction.py
[2026-09-07T09:43:20.722+0000] {processor.py:914} INFO - Processing file /opt/airflow/dags/ml_04_steam_discount_prediction.py for tasks to queue
[2026-09-07T09:43:20.724+0000] {logging_mixin.py:190} INFO - [2026-09-07T09:43:20.723+0000] {dagbag.py:588} INFO - Filling up the DagBag from /opt/airflow/dags/ml_04_steam_discount_prediction.py
[2026-09-07T09:43:21.931+0000] {processor.py:925} INFO - DAG(s) 'steam_discount_prediction_dag' retrieved from /opt/airflow/dags/ml_04_steam_discount_prediction.py
[2026-09-07T09:43:21.952+0000] {logging_mixin.py:190} INFO - [2026-09-07T09:43:21.952+0000] {dag.py:3239} INFO - Sync 1 DAGs
[2026-09-07T09:43:21.968+0000] {logging_mixin.py:190} INFO - [2026-09-07T09:43:21.968+0000] {dag.py:4180} INFO - Setting next_dagrun for steam_discount_prediction_dag to 2026-09-07 00:00:00+00:00, run_after=2026-09-08 00:00:00+00:00
[2026-09-07T09:43:21.984+0000] {processor.py:208} INFO - Processing /opt/airflow/dags/ml_04_steam_discount_prediction.py took 1.269 seconds
[2026-09-07T09:43:52.816+0000] {processor.py:186} INFO - Started process (PID=14976) to work on /opt/airflow/dags/ml_04_steam_discount_prediction.py
[2026-09-07T09:43:52.817+0000] {processor.py:914} INFO - Processing file /opt/airflow/dags/ml_04_steam_discount_prediction.py for tasks to queue
[2026-09-07T09:43:52.818+0000] {logging_mixin.py:190} INFO - [2026-09-07T09:43:52.818+0000] {dagbag.py:588} INFO - Filling up the DagBag from /opt/airflow/dags/ml_04_steam_discount_prediction.py
[2026-09-07T09:43:53.994+0000] {processor.py:925} INFO - DAG(s) 'steam_discount_prediction_dag' retrieved from /opt/airflow/dags/ml_04_steam_discount_prediction.py
[2026-09-07T09:43:54.019+0000] {logging_mixin.py:190} INFO - [2026-09-07T09:43:54.019+0000] {dag.py:3239} INFO - Sync 1 DAGs
[2026-09-07T09:43:54.038+0000] {logging_mixin.py:190} INFO - [2026-09-07T09:43:54.038+0000] {dag.py:4180} INFO - Setting next_dagrun for steam_discount_prediction_dag to 2026-09-07 00:00:00+00:00, run_after=2026-09-08 00:00:00+00:00
[2026-09-07T09:43:54.059+0000] {processor.py:208} INFO - Processing /opt/airflow/dags/ml_04_steam_discount_prediction.py took 1.250 seconds
[2026-09-07T09:44:24.695+0000] {processor.py:186} INFO - Started process (PID=15007) to work on /opt/airflow/dags/ml_04_steam_discount_prediction.py
[2026-09-07T09:44:24.696+0000] {processor.py:914} INFO - Processing file /opt/airflow/dags/ml_04_steam_discount_prediction.py for tasks to queue
[2026-09-07T09:44:24.697+0000] {logging_mixin.py:190} INFO - [2026-09-07T09:44:24.697+0000] {dagbag.py:588} INFO - Filling up the DagBag from /opt/airflow/dags/ml_04_steam_discount_prediction.py
[2026-09-07T09:44:25.858+0000] {processor.py:925} INFO - DAG(s) 'steam_discount_prediction_dag' retrieved from /opt/airflow/dags/ml_04_steam_discount_prediction.py
[2026-09-07T09:44:25.879+0000] {logging_mixin.py:190} INFO - [2026-09-07T09:44:25.877+0000] {dag.py:3239} INFO - Sync 1 DAGs
[2026-09-07T09:44:25.895+0000] {logging_mixin.py:190} INFO - [2026-09-07T09:44:25.895+0000] {dag.py:4180} INFO - Setting next_dagrun for steam_discount_prediction_dag to 2026-09-07 00:00:00+00:00, run_after=2026-09-08 00:00:00+00:00
[2026-09-07T09:44:25.909+0000] {processor.py:208} INFO - Processing /opt/airflow/dags/ml_04_steam_discount_prediction.py took 1.222 seconds
[2026-09-07T09:44:56.530+0000] {processor.py:186} INFO - Started process (PID=15038) to work on /opt/airflow/dags/ml_04_steam_discount_prediction.py
[2026-09-07T09:44:56.530+0000] {processor.py:914} INFO - Processing file /opt/airflow/dags/ml_04_steam_discount_prediction.py for tasks to queue
[2026-09-07T09:44:56.532+0000] {logging_mixin.py:190} INFO - [2026-09-07T09:44:56.531+0000] {dagbag.py:588} INFO - Filling up the DagBag from /opt/airflow/dags/ml_04_steam_discount_prediction.py
[2026-09-07T09:44:57.826+0000] {processor.py:925} INFO - DAG(s) 'steam_discount_prediction_dag' retrieved from /opt/airflow/dags/ml_04_steam_discount_prediction.py
[2026-09-07T09:44:57.849+0000] {logging_mixin.py:190} INFO - [2026-09-07T09:44:57.849+0000] {dag.py:3239} INFO - Sync 1 DAGs
[2026-09-07T09:44:57.866+0000] {logging_mixin.py:190} INFO - [2026-09-07T09:44:57.866+0000] {dag.py:4180} INFO - Setting next_dagrun for steam_discount_prediction_dag to 2026-09-07 00:00:00+00:00, run_after=2026-09-08 00:00:00+00:00
[2026-09-07T09:44:57.883+0000] {processor.py:208} INFO - Processing /opt/airflow/dags/ml_04_steam_discount_prediction.py took 1.359 seconds
[2026-09-07T09:45:28.768+0000] {processor.py:186} INFO - Started process (PID=15069) to work on /opt/airflow/dags/ml_04_steam_discount_prediction.py
[2026-09-07T09:45:28.769+0000] {processor.py:914} INFO - Processing file /opt/airflow/dags/ml_04_steam_discount_prediction.py for tasks to queue
[2026-09-07T09:45:28.770+0000] {logging_mixin.py:190} INFO - [2026-09-07T09:45:28.770+0000] {dagbag.py:588} INFO - Filling up the DagBag from /opt/airflow/dags/ml_04_steam_discount_prediction.py
[2026-09-07T09:45:30.016+0000] {processor.py:925} INFO - DAG(s) 'steam_discount_prediction_dag' retrieved from /opt/airflow/dags/ml_04_steam_discount_prediction.py
[2026-09-07T09:45:30.037+0000] {logging_mixin.py:190} INFO - [2026-09-07T09:45:30.036+0000] {dag.py:3239} INFO - Sync 1 DAGs
[2026-09-07T09:45:30.054+0000] {logging_mixin.py:190} INFO - [2026-09-07T09:45:30.053+0000] {dag.py:4180} INFO - Setting next_dagrun for steam_discount_prediction_dag to 2026-09-07 00:00:00+00:00, run_after=2026-09-08 00:00:00+00:00
[2026-09-07T09:45:30.068+0000] {processor.py:208} INFO - Processing /opt/airflow/dags/ml_04_steam_discount_prediction.py took 1.305 seconds
[2026-09-07T09:46:00.997+0000] {processor.py:186} INFO - Started process (PID=15100) to work on /opt/airflow/dags/ml_04_steam_discount_prediction.py
[2026-09-07T09:46:00.998+0000] {processor.py:914} INFO - Processing file /opt/airflow/dags/ml_04_steam_discount_prediction.py for tasks to queue
[2026-09-07T09:46:00.999+0000] {logging_mixin.py:190} INFO - [2026-09-07T09:46:00.999+0000] {dagbag.py:588} INFO - Filling up the DagBag from /opt/airflow/dags/ml_04_steam_discount_prediction.py
[2026-09-07T09:46:02.301+0000] {processor.py:925} INFO - DAG(s) 'steam_discount_prediction_dag' retrieved from /opt/airflow/dags/ml_04_steam_discount_prediction.py
[2026-09-07T09:46:02.324+0000] {logging_mixin.py:190} INFO - [2026-09-07T09:46:02.324+0000] {dag.py:3239} INFO - Sync 1 DAGs
[2026-09-07T09:46:02.343+0000] {logging_mixin.py:190} INFO - [2026-09-07T09:46:02.343+0000] {dag.py:4180} INFO - Setting next_dagrun for steam_discount_prediction_dag to 2026-09-07 00:00:00+00:00, run_after=2026-09-08 00:00:00+00:00
[2026-09-07T09:46:02.361+0000] {processor.py:208} INFO - Processing /opt/airflow/dags/ml_04_steam_discount_prediction.py took 1.370 seconds
[2026-09-07T09:46:33.295+0000] {processor.py:186} INFO - Started process (PID=15131) to work on /opt/airflow/dags/ml_04_steam_discount_prediction.py
[2026-09-07T09:46:33.295+0000] {processor.py:914} INFO - Processing file /opt/airflow/dags/ml_04_steam_discount_prediction.py for tasks to queue
[2026-09-07T09:46:33.296+0000] {logging_mixin.py:190} INFO - [2026-09-07T09:46:33.296+0000] {dagbag.py:588} INFO - Filling up the DagBag from /opt/airflow/dags/ml_04_steam_discount_prediction.py
[2026-09-07T09:46:34.707+0000] {processor.py:925} INFO - DAG(s) 'steam_discount_prediction_dag' retrieved from /opt/airflow/dags/ml_04_steam_discount_prediction.py
[2026-09-07T09:46:34.730+0000] {logging_mixin.py:190} INFO - [2026-09-07T09:46:34.729+0000] {dag.py:3239} INFO - Sync 1 DAGs
[2026-09-07T09:46:34.748+0000] {logging_mixin.py:190} INFO - [2026-09-07T09:46:34.748+0000] {dag.py:4180} INFO - Setting next_dagrun for steam_discount_prediction_dag to 2026-09-07 00:00:00+00:00, run_after=2026-09-08 00:00:00+00:00
[2026-09-07T09:46:34.763+0000] {processor.py:208} INFO - Processing /opt/airflow/dags/ml_04_steam_discount_prediction.py took 1.474 seconds
[2026-09-07T09:47:04.919+0000] {processor.py:186} INFO - Started process (PID=15174) to work on /opt/airflow/dags/ml_04_steam_discount_prediction.py
[2026-09-07T09:47:04.920+0000] {processor.py:914} INFO - Processing file /opt/airflow/dags/ml_04_steam_discount_prediction.py for tasks to queue
[2026-09-07T09:47:04.922+0000] {logging_mixin.py:190} INFO - [2026-09-07T09:47:04.921+0000] {dagbag.py:588} INFO - Filling up the DagBag from /opt/airflow/dags/ml_04_steam_discount_prediction.py
[2026-09-07T09:47:06.232+0000] {processor.py:925} INFO - DAG(s) 'steam_discount_prediction_dag' retrieved from /opt/airflow/dags/ml_04_steam_discount_prediction.py
[2026-09-07T09:47:06.253+0000] {logging_mixin.py:190} INFO - [2026-09-07T09:47:06.253+0000] {dag.py:3239} INFO - Sync 1 DAGs
[2026-09-07T09:47:06.272+0000] {logging_mixin.py:190} INFO - [2026-09-07T09:47:06.272+0000] {dag.py:4180} INFO - Setting next_dagrun for steam_discount_prediction_dag to 2026-09-07 00:00:00+00:00, run_after=2026-09-08 00:00:00+00:00
[2026-09-07T09:47:06.289+0000] {processor.py:208} INFO - Processing /opt/airflow/dags/ml_04_steam_discount_prediction.py took 1.377 seconds
[2026-09-07T09:47:36.728+0000] {processor.py:186} INFO - Started process (PID=15205) to work on /opt/airflow/dags/ml_04_steam_discount_prediction.py
[2026-09-07T09:47:36.729+0000] {processor.py:914} INFO - Processing file /opt/airflow/dags/ml_04_steam_discount_prediction.py for tasks to queue
[2026-09-07T09:47:36.731+0000] {logging_mixin.py:190} INFO - [2026-09-07T09:47:36.730+0000] {dagbag.py:588} INFO - Filling up the DagBag from /opt/airflow/dags/ml_04_steam_discount_prediction.py
[2026-09-07T09:47:38.072+0000] {processor.py:925} INFO - DAG(s) 'steam_discount_prediction_dag' retrieved from /opt/airflow/dags/ml_04_steam_discount_prediction.py
[2026-09-07T09:47:38.099+0000] {logging_mixin.py:190} INFO - [2026-09-07T09:47:38.098+0000] {dag.py:3239} INFO - Sync 1 DAGs
[2026-09-07T09:47:38.122+0000] {logging_mixin.py:190} INFO - [2026-09-07T09:47:38.121+0000] {dag.py:4180} INFO - Setting next_dagrun for steam_discount_prediction_dag to 2026-09-07 00:00:00+00:00, run_after=2026-09-08 00:00:00+00:00
[2026-09-07T09:47:38.139+0000] {processor.py:208} INFO - Processing /opt/airflow/dags/ml_04_steam_discount_prediction.py took 1.417 seconds
[2026-09-07T09:48:08.301+0000] {processor.py:186} INFO - Started process (PID=15237) to work on /opt/airflow/dags/ml_04_steam_discount_prediction.py
[2026-09-07T09:48:08.302+0000] {processor.py:914} INFO - Processing file /opt/airflow/dags/ml_04_steam_discount_prediction.py for tasks to queue
[2026-09-07T09:48:08.303+0000] {logging_mixin.py:190} INFO - [2026-09-07T09:48:08.303+0000] {dagbag.py:588} INFO - Filling up the DagBag from /opt/airflow/dags/ml_04_steam_discount_prediction.py
[2026-09-07T09:48:09.503+0000] {processor.py:925} INFO - DAG(s) 'steam_discount_prediction_dag' retrieved from /opt/airflow/dags/ml_04_steam_discount_prediction.py
[2026-09-07T09:48:09.527+0000] {logging_mixin.py:190} INFO - [2026-09-07T09:48:09.527+0000] {dag.py:3239} INFO - Sync 1 DAGs
[2026-09-07T09:48:09.545+0000] {logging_mixin.py:190} INFO - [2026-09-07T09:48:09.545+0000] {dag.py:4180} INFO - Setting next_dagrun for steam_discount_prediction_dag to 2026-09-07 00:00:00+00:00, run_after=2026-09-08 00:00:00+00:00
[2026-09-07T09:48:09.561+0000] {processor.py:208} INFO - Processing /opt/airflow/dags/ml_04_steam_discount_prediction.py took 1.266 seconds
[2026-09-07T09:48:39.958+0000] {processor.py:186} INFO - Started process (PID=15268) to work on /opt/airflow/dags/ml_04_steam_discount_prediction.py
[2026-09-07T09:48:39.958+0000] {processor.py:914} INFO - Processing file /opt/airflow/dags/ml_04_steam_discount_prediction.py for tasks to queue
[2026-09-07T09:48:39.959+0000] {logging_mixin.py:190} INFO - [2026-09-07T09:48:39.959+0000] {dagbag.py:588} INFO - Filling up the DagBag from /opt/airflow/dags/ml_04_steam_discount_prediction.py
[2026-09-07T09:48:41.182+0000] {processor.py:925} INFO - DAG(s) 'steam_discount_prediction_dag' retrieved from /opt/airflow/dags/ml_04_steam_discount_prediction.py
[2026-09-07T09:48:41.204+0000] {logging_mixin.py:190} INFO - [2026-09-07T09:48:41.203+0000] {dag.py:3239} INFO - Sync 1 DAGs
[2026-09-07T09:48:41.222+0000] {logging_mixin.py:190} INFO - [2026-09-07T09:48:41.222+0000] {dag.py:4180} INFO - Setting next_dagrun for steam_discount_prediction_dag to 2026-09-07 00:00:00+00:00, run_after=2026-09-08 00:00:00+00:00
[2026-09-07T09:48:41.352+0000] {processor.py:208} INFO - Processing /opt/airflow/dags/ml_04_steam_discount_prediction.py took 1.401 seconds
[2026-09-07T09:49:12.092+0000] {processor.py:186} INFO - Started process (PID=15299) to work on /opt/airflow/dags/ml_04_steam_discount_prediction.py
[2026-09-07T09:49:12.093+0000] {processor.py:914} INFO - Processing file /opt/airflow/dags/ml_04_steam_discount_prediction.py for tasks to queue
[2026-09-07T09:49:12.094+0000] {logging_mixin.py:190} INFO - [2026-09-07T09:49:12.094+0000] {dagbag.py:588} INFO - Filling up the DagBag from /opt/airflow/dags/ml_04_steam_discount_prediction.py
[2026-09-07T09:49:13.268+0000] {processor.py:925} INFO - DAG(s) 'steam_discount_prediction_dag' retrieved from /opt/airflow/dags/ml_04_steam_discount_prediction.py
[2026-09-07T09:49:13.291+0000] {logging_mixin.py:190} INFO - [2026-09-07T09:49:13.291+0000] {dag.py:3239} INFO - Sync 1 DAGs
[2026-09-07T09:49:13.309+0000] {logging_mixin.py:190} INFO - [2026-09-07T09:49:13.309+0000] {dag.py:4180} INFO - Setting next_dagrun for steam_discount_prediction_dag to 2026-09-07 00:00:00+00:00, run_after=2026-09-08 00:00:00+00:00
[2026-09-07T09:49:13.326+0000] {processor.py:208} INFO - Processing /opt/airflow/dags/ml_04_steam_discount_prediction.py took 1.240 seconds
[2026-09-07T09:49:43.983+0000] {processor.py:186} INFO - Started process (PID=15330) to work on /opt/airflow/dags/ml_04_steam_discount_prediction.py
[2026-09-07T09:49:43.984+0000] {processor.py:914} INFO - Processing file /opt/airflow/dags/ml_04_steam_discount_prediction.py for tasks to queue
[2026-09-07T09:49:43.985+0000] {logging_mixin.py:190} INFO - [2026-09-07T09:49:43.985+0000] {dagbag.py:588} INFO - Filling up the DagBag from /opt/airflow/dags/ml_04_steam_discount_prediction.py
[2026-09-07T09:49:45.221+0000] {processor.py:925} INFO - DAG(s) 'steam_discount_prediction_dag' retrieved from /opt/airflow/dags/ml_04_steam_discount_prediction.py
[2026-09-07T09:49:45.245+0000] {logging_mixin.py:190} INFO - [2026-09-07T09:49:45.244+0000] {dag.py:3239} INFO - Sync 1 DAGs
[2026-09-07T09:49:45.264+0000] {logging_mixin.py:190} INFO - [2026-09-07T09:49:45.263+0000] {dag.py:4180} INFO - Setting next_dagrun for steam_discount_prediction_dag to 2026-09-07 00:00:00+00:00, run_after=2026-09-08 00:00:00+00:00
[2026-09-07T09:49:45.280+0000] {processor.py:208} INFO - Processing /opt/airflow/dags/ml_04_steam_discount_prediction.py took 1.302 seconds
[2026-09-07T09:50:15.353+0000] {processor.py:186} INFO - Started process (PID=15363) to work on /opt/airflow/dags/ml_04_steam_discount_prediction.py
[2026-09-07T09:50:15.354+0000] {processor.py:914} INFO - Processing file /opt/airflow/dags/ml_04_steam_discount_prediction.py for tasks to queue
[2026-09-07T09:50:15.355+0000] {logging_mixin.py:190} INFO - [2026-09-07T09:50:15.355+0000] {dagbag.py:588} INFO - Filling up the DagBag from /opt/airflow/dags/ml_04_steam_discount_prediction.py
[2026-09-07T09:50:16.524+0000] {processor.py:925} INFO - DAG(s) 'steam_discount_prediction_dag' retrieved from /opt/airflow/dags/ml_04_steam_discount_prediction.py
[2026-09-07T09:50:16.547+0000] {logging_mixin.py:190} INFO - [2026-09-07T09:50:16.546+0000] {dag.py:3239} INFO - Sync 1 DAGs
[2026-09-07T09:50:16.565+0000] {logging_mixin.py:190} INFO - [2026-09-07T09:50:16.564+0000] {dag.py:4180} INFO - Setting next_dagrun for steam_discount_prediction_dag to 2026-09-07 00:00:00+00:00, run_after=2026-09-08 00:00:00+00:00
[2026-09-07T09:50:16.580+0000] {processor.py:208} INFO - Processing /opt/airflow/dags/ml_04_steam_discount_prediction.py took 1.234 seconds
[2026-09-07T09:50:46.751+0000] {processor.py:186} INFO - Started process (PID=15394) to work on /opt/airflow/dags/ml_04_steam_discount_prediction.py
[2026-09-07T09:50:46.752+0000] {processor.py:914} INFO - Processing file /opt/airflow/dags/ml_04_steam_discount_prediction.py for tasks to queue
[2026-09-07T09:50:46.753+0000] {logging_mixin.py:190} INFO - [2026-09-07T09:50:46.753+0000] {dagbag.py:588} INFO - Filling up the DagBag from /opt/airflow/dags/ml_04_steam_discount_prediction.py
[2026-09-07T09:50:48.006+0000] {processor.py:925} INFO - DAG(s) 'steam_discount_prediction_dag' retrieved from /opt/airflow/dags/ml_04_steam_discount_prediction.py
[2026-09-07T09:50:48.145+0000] {logging_mixin.py:190} INFO - [2026-09-07T09:50:48.030+0000] {dag.py:3239} INFO - Sync 1 DAGs
[2026-09-07T09:50:48.163+0000] {logging_mixin.py:190} INFO - [2026-09-07T09:50:48.163+0000] {dag.py:4180} INFO - Setting next_dagrun for steam_discount_prediction_dag to 2026-09-07 00:00:00+00:00, run_after=2026-09-08 00:00:00+00:00
[2026-09-07T09:50:48.178+0000] {processor.py:208} INFO - Processing /opt/airflow/dags/ml_04_steam_discount_prediction.py took 1.432 seconds
[2026-09-07T09:51:19.151+0000] {processor.py:186} INFO - Started process (PID=15427) to work on /opt/airflow/dags/ml_04_steam_discount_prediction.py
[2026-09-07T09:51:19.152+0000] {processor.py:914} INFO - Processing file /opt/airflow/dags/ml_04_steam_discount_prediction.py for tasks to queue
[2026-09-07T09:51:19.153+0000] {logging_mixin.py:190} INFO - [2026-09-07T09:51:19.153+0000] {dagbag.py:588} INFO - Filling up the DagBag from /opt/airflow/dags/ml_04_steam_discount_prediction.py
[2026-09-07T09:51:20.529+0000] {processor.py:925} INFO - DAG(s) 'steam_discount_prediction_dag' retrieved from /opt/airflow/dags/ml_04_steam_discount_prediction.py
[2026-09-07T09:51:20.551+0000] {logging_mixin.py:190} INFO - [2026-09-07T09:51:20.551+0000] {dag.py:3239} INFO - Sync 1 DAGs
[2026-09-07T09:51:20.571+0000] {logging_mixin.py:190} INFO - [2026-09-07T09:51:20.571+0000] {dag.py:4180} INFO - Setting next_dagrun for steam_discount_prediction_dag to 2026-09-07 00:00:00+00:00, run_after=2026-09-08 00:00:00+00:00
[2026-09-07T09:51:20.587+0000] {processor.py:208} INFO - Processing /opt/airflow/dags/ml_04_steam_discount_prediction.py took 1.442 seconds
[2026-09-07T09:51:51.410+0000] {processor.py:186} INFO - Started process (PID=15458) to work on /opt/airflow/dags/ml_04_steam_discount_prediction.py
[2026-09-07T09:51:51.411+0000] {processor.py:914} INFO - Processing file /opt/airflow/dags/ml_04_steam_discount_prediction.py for tasks to queue
[2026-09-07T09:51:51.412+0000] {logging_mixin.py:190} INFO - [2026-09-07T09:51:51.411+0000] {dagbag.py:588} INFO - Filling up the DagBag from /opt/airflow/dags/ml_04_steam_discount_prediction.py
[2026-09-07T09:51:52.616+0000] {processor.py:925} INFO - DAG(s) 'steam_discount_prediction_dag' retrieved from /opt/airflow/dags/ml_04_steam_discount_prediction.py
[2026-09-07T09:51:52.747+0000] {logging_mixin.py:190} INFO - [2026-09-07T09:51:52.747+0000] {dag.py:3239} INFO - Sync 1 DAGs
[2026-09-07T09:51:52.764+0000] {logging_mixin.py:190} INFO - [2026-09-07T09:51:52.764+0000] {dag.py:4180} INFO - Setting next_dagrun for steam_discount_prediction_dag to 2026-09-07 00:00:00+00:00, run_after=2026-09-08 00:00:00+00:00
[2026-09-07T09:51:52.779+0000] {processor.py:208} INFO - Processing /opt/airflow/dags/ml_04_steam_discount_prediction.py took 1.374 seconds
[2026-09-07T09:52:23.763+0000] {processor.py:186} INFO - Started process (PID=15489) to work on /opt/airflow/dags/ml_04_steam_discount_prediction.py
[2026-09-07T09:52:23.764+0000] {processor.py:914} INFO - Processing file /opt/airflow/dags/ml_04_steam_discount_prediction.py for tasks to queue
[2026-09-07T09:52:23.765+0000] {logging_mixin.py:190} INFO - [2026-09-07T09:52:23.765+0000] {dagbag.py:588} INFO - Filling up the DagBag from /opt/airflow/dags/ml_04_steam_discount_prediction.py
[2026-09-07T09:52:25.092+0000] {processor.py:925} INFO - DAG(s) 'steam_discount_prediction_dag' retrieved from /opt/airflow/dags/ml_04_steam_discount_prediction.py
[2026-09-07T09:52:25.118+0000] {logging_mixin.py:190} INFO - [2026-09-07T09:52:25.117+0000] {dag.py:3239} INFO - Sync 1 DAGs
[2026-09-07T09:52:25.135+0000] {logging_mixin.py:190} INFO - [2026-09-07T09:52:25.135+0000] {dag.py:4180} INFO - Setting next_dagrun for steam_discount_prediction_dag to 2026-09-07 00:00:00+00:00, run_after=2026-09-08 00:00:00+00:00
[2026-09-07T09:52:25.152+0000] {processor.py:208} INFO - Processing /opt/airflow/dags/ml_04_steam_discount_prediction.py took 1.393 seconds
[2026-09-07T09:52:56.018+0000] {processor.py:186} INFO - Started process (PID=15520) to work on /opt/airflow/dags/ml_04_steam_discount_prediction.py
[2026-09-07T09:52:56.019+0000] {processor.py:914} INFO - Processing file /opt/airflow/dags/ml_04_steam_discount_prediction.py for tasks to queue
[2026-09-07T09:52:56.020+0000] {logging_mixin.py:190} INFO - [2026-09-07T09:52:56.020+0000] {dagbag.py:588} INFO - Filling up the DagBag from /opt/airflow/dags/ml_04_steam_discount_prediction.py
[2026-09-07T09:52:57.359+0000] {processor.py:925} INFO - DAG(s) 'steam_discount_prediction_dag' retrieved from /opt/airflow/dags/ml_04_steam_discount_prediction.py
[2026-09-07T09:52:57.384+0000] {logging_mixin.py:190} INFO - [2026-09-07T09:52:57.383+0000] {dag.py:3239} INFO - Sync 1 DAGs
[2026-09-07T09:52:57.402+0000] {logging_mixin.py:190} INFO - [2026-09-07T09:52:57.402+0000] {dag.py:4180} INFO - Setting next_dagrun for steam_discount_prediction_dag to 2026-09-07 00:00:00+00:00, run_after=2026-09-08 00:00:00+00:00
[2026-09-07T09:52:57.418+0000] {processor.py:208} INFO - Processing /opt/airflow/dags/ml_04_steam_discount_prediction.py took 1.406 seconds
[2026-09-07T09:53:28.294+0000] {processor.py:186} INFO - Started process (PID=15551) to work on /opt/airflow/dags/ml_04_steam_discount_prediction.py
[2026-09-07T09:53:28.295+0000] {processor.py:914} INFO - Processing file /opt/airflow/dags/ml_04_steam_discount_prediction.py for tasks to queue
[2026-09-07T09:53:28.297+0000] {logging_mixin.py:190} INFO - [2026-09-07T09:53:28.296+0000] {dagbag.py:588} INFO - Filling up the DagBag from /opt/airflow/dags/ml_04_steam_discount_prediction.py
[2026-09-07T09:53:29.733+0000] {processor.py:925} INFO - DAG(s) 'steam_discount_prediction_dag' retrieved from /opt/airflow/dags/ml_04_steam_discount_prediction.py
[2026-09-07T09:53:29.758+0000] {logging_mixin.py:190} INFO - [2026-09-07T09:53:29.757+0000] {dag.py:3239} INFO - Sync 1 DAGs
[2026-09-07T09:53:29.780+0000] {logging_mixin.py:190} INFO - [2026-09-07T09:53:29.780+0000] {dag.py:4180} INFO - Setting next_dagrun for steam_discount_prediction_dag to 2026-09-07 00:00:00+00:00, run_after=2026-09-08 00:00:00+00:00
[2026-09-07T09:53:29.797+0000] {processor.py:208} INFO - Processing /opt/airflow/dags/ml_04_steam_discount_prediction.py took 1.512 seconds
[2026-09-07T09:54:00.736+0000] {processor.py:186} INFO - Started process (PID=15582) to work on /opt/airflow/dags/ml_04_steam_discount_prediction.py
[2026-09-07T09:54:00.737+0000] {processor.py:914} INFO - Processing file /opt/airflow/dags/ml_04_steam_discount_prediction.py for tasks to queue
[2026-09-07T09:54:00.738+0000] {logging_mixin.py:190} INFO - [2026-09-07T09:54:00.738+0000] {dagbag.py:588} INFO - Filling up the DagBag from /opt/airflow/dags/ml_04_steam_discount_prediction.py
[2026-09-07T09:54:02.155+0000] {processor.py:925} INFO - DAG(s) 'steam_discount_prediction_dag' retrieved from /opt/airflow/dags/ml_04_steam_discount_prediction.py
[2026-09-07T09:54:02.179+0000] {logging_mixin.py:190} INFO - [2026-09-07T09:54:02.178+0000] {dag.py:3239} INFO - Sync 1 DAGs
[2026-09-07T09:54:02.197+0000] {logging_mixin.py:190} INFO - [2026-09-07T09:54:02.197+0000] {dag.py:4180} INFO - Setting next_dagrun for steam_discount_prediction_dag to 2026-09-07 00:00:00+00:00, run_after=2026-09-08 00:00:00+00:00
[2026-09-07T09:54:02.215+0000] {processor.py:208} INFO - Processing /opt/airflow/dags/ml_04_steam_discount_prediction.py took 1.487 seconds
[2026-09-07T09:54:33.190+0000] {processor.py:186} INFO - Started process (PID=15614) to work on /opt/airflow/dags/ml_04_steam_discount_prediction.py
[2026-09-07T09:54:33.190+0000] {processor.py:914} INFO - Processing file /opt/airflow/dags/ml_04_steam_discount_prediction.py for tasks to queue
[2026-09-07T09:54:33.192+0000] {logging_mixin.py:190} INFO - [2026-09-07T09:54:33.191+0000] {dagbag.py:588} INFO - Filling up the DagBag from /opt/airflow/dags/ml_04_steam_discount_prediction.py
[2026-09-07T09:54:34.440+0000] {processor.py:925} INFO - DAG(s) 'steam_discount_prediction_dag' retrieved from /opt/airflow/dags/ml_04_steam_discount_prediction.py
[2026-09-07T09:54:34.465+0000] {logging_mixin.py:190} INFO - [2026-09-07T09:54:34.465+0000] {dag.py:3239} INFO - Sync 1 DAGs
[2026-09-07T09:54:34.483+0000] {logging_mixin.py:190} INFO - [2026-09-07T09:54:34.482+0000] {dag.py:4180} INFO - Setting next_dagrun for steam_discount_prediction_dag to 2026-09-07 00:00:00+00:00, run_after=2026-09-08 00:00:00+00:00
[2026-09-07T09:54:34.500+0000] {processor.py:208} INFO - Processing /opt/airflow/dags/ml_04_steam_discount_prediction.py took 1.317 seconds
[2026-09-07T09:55:04.560+0000] {processor.py:186} INFO - Started process (PID=15645) to work on /opt/airflow/dags/ml_04_steam_discount_prediction.py
[2026-09-07T09:55:04.561+0000] {processor.py:914} INFO - Processing file /opt/airflow/dags/ml_04_steam_discount_prediction.py for tasks to queue
[2026-09-07T09:55:04.562+0000] {logging_mixin.py:190} INFO - [2026-09-07T09:55:04.562+0000] {dagbag.py:588} INFO - Filling up the DagBag from /opt/airflow/dags/ml_04_steam_discount_prediction.py
[2026-09-07T09:55:05.870+0000] {processor.py:925} INFO - DAG(s) 'steam_discount_prediction_dag' retrieved from /opt/airflow/dags/ml_04_steam_discount_prediction.py
[2026-09-07T09:55:05.892+0000] {logging_mixin.py:190} INFO - [2026-09-07T09:55:05.892+0000] {dag.py:3239} INFO - Sync 1 DAGs
[2026-09-07T09:55:05.909+0000] {logging_mixin.py:190} INFO - [2026-09-07T09:55:05.909+0000] {dag.py:4180} INFO - Setting next_dagrun for steam_discount_prediction_dag to 2026-09-07 00:00:00+00:00, run_after=2026-09-08 00:00:00+00:00
[2026-09-07T09:55:05.925+0000] {processor.py:208} INFO - Processing /opt/airflow/dags/ml_04_steam_discount_prediction.py took 1.371 seconds
[2026-09-07T09:55:36.057+0000] {processor.py:186} INFO - Started process (PID=15682) to work on /opt/airflow/dags/ml_04_steam_discount_prediction.py
[2026-09-07T09:55:36.058+0000] {processor.py:914} INFO - Processing file /opt/airflow/dags/ml_04_steam_discount_prediction.py for tasks to queue
[2026-09-07T09:55:36.059+0000] {logging_mixin.py:190} INFO - [2026-09-07T09:55:36.059+0000] {dagbag.py:588} INFO - Filling up the DagBag from /opt/airflow/dags/ml_04_steam_discount_prediction.py
[2026-09-07T09:55:37.441+0000] {processor.py:925} INFO - DAG(s) 'steam_discount_prediction_dag' retrieved from /opt/airflow/dags/ml_04_steam_discount_prediction.py
[2026-09-07T09:55:37.465+0000] {logging_mixin.py:190} INFO - [2026-09-07T09:55:37.464+0000] {dag.py:3239} INFO - Sync 1 DAGs
[2026-09-07T09:55:37.482+0000] {logging_mixin.py:190} INFO - [2026-09-07T09:55:37.482+0000] {dag.py:4180} INFO - Setting next_dagrun for steam_discount_prediction_dag to 2026-09-07 00:00:00+00:00, run_after=2026-09-08 00:00:00+00:00
[2026-09-07T09:55:37.498+0000] {processor.py:208} INFO - Processing /opt/airflow/dags/ml_04_steam_discount_prediction.py took 1.446 seconds
[2026-09-07T09:56:08.284+0000] {processor.py:186} INFO - Started process (PID=15713) to work on /opt/airflow/dags/ml_04_steam_discount_prediction.py
[2026-09-07T09:56:08.285+0000] {processor.py:914} INFO - Processing file /opt/airflow/dags/ml_04_steam_discount_prediction.py for tasks to queue
[2026-09-07T09:56:08.286+0000] {logging_mixin.py:190} INFO - [2026-09-07T09:56:08.286+0000] {dagbag.py:588} INFO - Filling up the DagBag from /opt/airflow/dags/ml_04_steam_discount_prediction.py
[2026-09-07T09:56:09.588+0000] {processor.py:925} INFO - DAG(s) 'steam_discount_prediction_dag' retrieved from /opt/airflow/dags/ml_04_steam_discount_prediction.py
[2026-09-07T09:56:09.610+0000] {logging_mixin.py:190} INFO - [2026-09-07T09:56:09.610+0000] {dag.py:3239} INFO - Sync 1 DAGs
[2026-09-07T09:56:09.629+0000] {logging_mixin.py:190} INFO - [2026-09-07T09:56:09.629+0000] {dag.py:4180} INFO - Setting next_dagrun for steam_discount_prediction_dag to 2026-09-07 00:00:00+00:00, run_after=2026-09-08 00:00:00+00:00
[2026-09-07T09:56:09.645+0000] {processor.py:208} INFO - Processing /opt/airflow/dags/ml_04_steam_discount_prediction.py took 1.368 seconds
[2026-09-07T09:56:39.697+0000] {processor.py:186} INFO - Started process (PID=15744) to work on /opt/airflow/dags/ml_04_steam_discount_prediction.py
[2026-09-07T09:56:39.698+0000] {processor.py:914} INFO - Processing file /opt/airflow/dags/ml_04_steam_discount_prediction.py for tasks to queue
[2026-09-07T09:56:39.699+0000] {logging_mixin.py:190} INFO - [2026-09-07T09:56:39.699+0000] {dagbag.py:588} INFO - Filling up the DagBag from /opt/airflow/dags/ml_04_steam_discount_prediction.py
[2026-09-07T09:56:40.971+0000] {processor.py:925} INFO - DAG(s) 'steam_discount_prediction_dag' retrieved from /opt/airflow/dags/ml_04_steam_discount_prediction.py
[2026-09-07T09:56:40.995+0000] {logging_mixin.py:190} INFO - [2026-09-07T09:56:40.994+0000] {dag.py:3239} INFO - Sync 1 DAGs
[2026-09-07T09:56:41.012+0000] {logging_mixin.py:190} INFO - [2026-09-07T09:56:41.012+0000] {dag.py:4180} INFO - Setting next_dagrun for steam_discount_prediction_dag to 2026-09-07 00:00:00+00:00, run_after=2026-09-08 00:00:00+00:00
[2026-09-07T09:56:41.028+0000] {processor.py:208} INFO - Processing /opt/airflow/dags/ml_04_steam_discount_prediction.py took 1.338 seconds
[2026-09-07T09:57:11.120+0000] {processor.py:186} INFO - Started process (PID=15775) to work on /opt/airflow/dags/ml_04_steam_discount_prediction.py
[2026-09-07T09:57:11.121+0000] {processor.py:914} INFO - Processing file /opt/airflow/dags/ml_04_steam_discount_prediction.py for tasks to queue
[2026-09-07T09:57:11.122+0000] {logging_mixin.py:190} INFO - [2026-09-07T09:57:11.122+0000] {dagbag.py:588} INFO - Filling up the DagBag from /opt/airflow/dags/ml_04_steam_discount_prediction.py
[2026-09-07T09:57:12.512+0000] {processor.py:925} INFO - DAG(s) 'steam_discount_prediction_dag' retrieved from /opt/airflow/dags/ml_04_steam_discount_prediction.py
[2026-09-07T09:57:12.533+0000] {logging_mixin.py:190} INFO - [2026-09-07T09:57:12.533+0000] {dag.py:3239} INFO - Sync 1 DAGs
[2026-09-07T09:57:12.550+0000] {logging_mixin.py:190} INFO - [2026-09-07T09:57:12.550+0000] {dag.py:4180} INFO - Setting next_dagrun for steam_discount_prediction_dag to 2026-09-07 00:00:00+00:00, run_after=2026-09-08 00:00:00+00:00
[2026-09-07T09:57:12.566+0000] {processor.py:208} INFO - Processing /opt/airflow/dags/ml_04_steam_discount_prediction.py took 1.451 seconds
[2026-09-07T09:57:42.919+0000] {processor.py:186} INFO - Started process (PID=15806) to work on /opt/airflow/dags/ml_04_steam_discount_prediction.py
[2026-09-07T09:57:42.920+0000] {processor.py:914} INFO - Processing file /opt/airflow/dags/ml_04_steam_discount_prediction.py for tasks to queue
[2026-09-07T09:57:42.921+0000] {logging_mixin.py:190} INFO - [2026-09-07T09:57:42.921+0000] {dagbag.py:588} INFO - Filling up the DagBag from /opt/airflow/dags/ml_04_steam_discount_prediction.py
[2026-09-07T09:57:44.283+0000] {processor.py:925} INFO - DAG(s) 'steam_discount_prediction_dag' retrieved from /opt/airflow/dags/ml_04_steam_discount_prediction.py
[2026-09-07T09:57:44.305+0000] {logging_mixin.py:190} INFO - [2026-09-07T09:57:44.304+0000] {dag.py:3239} INFO - Sync 1 DAGs
[2026-09-07T09:57:44.322+0000] {logging_mixin.py:190} INFO - [2026-09-07T09:57:44.322+0000] {dag.py:4180} INFO - Setting next_dagrun for steam_discount_prediction_dag to 2026-09-07 00:00:00+00:00, run_after=2026-09-08 00:00:00+00:00
[2026-09-07T09:57:44.338+0000] {processor.py:208} INFO - Processing /opt/airflow/dags/ml_04_steam_discount_prediction.py took 1.425 seconds
[2026-09-07T09:58:14.811+0000] {processor.py:186} INFO - Started process (PID=15839) to work on /opt/airflow/dags/ml_04_steam_discount_prediction.py
[2026-09-07T09:58:14.812+0000] {processor.py:914} INFO - Processing file /opt/airflow/dags/ml_04_steam_discount_prediction.py for tasks to queue
[2026-09-07T09:58:14.813+0000] {logging_mixin.py:190} INFO - [2026-09-07T09:58:14.813+0000] {dagbag.py:588} INFO - Filling up the DagBag from /opt/airflow/dags/ml_04_steam_discount_prediction.py
[2026-09-07T09:58:16.155+0000] {processor.py:925} INFO - DAG(s) 'steam_discount_prediction_dag' retrieved from /opt/airflow/dags/ml_04_steam_discount_prediction.py
[2026-09-07T09:58:16.178+0000] {logging_mixin.py:190} INFO - [2026-09-07T09:58:16.178+0000] {dag.py:3239} INFO - Sync 1 DAGs
[2026-09-07T09:58:16.197+0000] {logging_mixin.py:190} INFO - [2026-09-07T09:58:16.197+0000] {dag.py:4180} INFO - Setting next_dagrun for steam_discount_prediction_dag to 2026-09-07 00:00:00+00:00, run_after=2026-09-08 00:00:00+00:00
[2026-09-07T09:58:16.212+0000] {processor.py:208} INFO - Processing /opt/airflow/dags/ml_04_steam_discount_prediction.py took 1.407 seconds
[2026-09-07T09:58:46.477+0000] {processor.py:186} INFO - Started process (PID=15870) to work on /opt/airflow/dags/ml_04_steam_discount_prediction.py
[2026-09-07T09:58:46.477+0000] {processor.py:914} INFO - Processing file /opt/airflow/dags/ml_04_steam_discount_prediction.py for tasks to queue
[2026-09-07T09:58:46.479+0000] {logging_mixin.py:190} INFO - [2026-09-07T09:58:46.478+0000] {dagbag.py:588} INFO - Filling up the DagBag from /opt/airflow/dags/ml_04_steam_discount_prediction.py
[2026-09-07T09:58:47.706+0000] {processor.py:925} INFO - DAG(s) 'steam_discount_prediction_dag' retrieved from /opt/airflow/dags/ml_04_steam_discount_prediction.py
[2026-09-07T09:58:47.730+0000] {logging_mixin.py:190} INFO - [2026-09-07T09:58:47.729+0000] {dag.py:3239} INFO - Sync 1 DAGs
[2026-09-07T09:58:47.748+0000] {logging_mixin.py:190} INFO - [2026-09-07T09:58:47.748+0000] {dag.py:4180} INFO - Setting next_dagrun for steam_discount_prediction_dag to 2026-09-07 00:00:00+00:00, run_after=2026-09-08 00:00:00+00:00
[2026-09-07T09:58:47.763+0000] {processor.py:208} INFO - Processing /opt/airflow/dags/ml_04_steam_discount_prediction.py took 1.293 seconds
[2026-09-07T09:59:18.105+0000] {processor.py:186} INFO - Started process (PID=15901) to work on /opt/airflow/dags/ml_04_steam_discount_prediction.py
[2026-09-07T09:59:18.106+0000] {processor.py:914} INFO - Processing file /opt/airflow/dags/ml_04_steam_discount_prediction.py for tasks to queue
[2026-09-07T09:59:18.107+0000] {logging_mixin.py:190} INFO - [2026-09-07T09:59:18.106+0000] {dagbag.py:588} INFO - Filling up the DagBag from /opt/airflow/dags/ml_04_steam_discount_prediction.py
[2026-09-07T09:59:19.298+0000] {processor.py:925} INFO - DAG(s) 'steam_discount_prediction_dag' retrieved from /opt/airflow/dags/ml_04_steam_discount_prediction.py
[2026-09-07T09:59:19.321+0000] {logging_mixin.py:190} INFO - [2026-09-07T09:59:19.320+0000] {dag.py:3239} INFO - Sync 1 DAGs
[2026-09-07T09:59:19.338+0000] {logging_mixin.py:190} INFO - [2026-09-07T09:59:19.338+0000] {dag.py:4180} INFO - Setting next_dagrun for steam_discount_prediction_dag to 2026-09-07 00:00:00+00:00, run_after=2026-09-08 00:00:00+00:00
[2026-09-07T09:59:19.353+0000] {processor.py:208} INFO - Processing /opt/airflow/dags/ml_04_steam_discount_prediction.py took 1.253 seconds
[2026-09-07T09:59:49.796+0000] {processor.py:186} INFO - Started process (PID=15932) to work on /opt/airflow/dags/ml_04_steam_discount_prediction.py
[2026-09-07T09:59:49.797+0000] {processor.py:914} INFO - Processing file /opt/airflow/dags/ml_04_steam_discount_prediction.py for tasks to queue
[2026-09-07T09:59:49.799+0000] {logging_mixin.py:190} INFO - [2026-09-07T09:59:49.798+0000] {dagbag.py:588} INFO - Filling up the DagBag from /opt/airflow/dags/ml_04_steam_discount_prediction.py
[2026-09-07T09:59:51.061+0000] {processor.py:925} INFO - DAG(s) 'steam_discount_prediction_dag' retrieved from /opt/airflow/dags/ml_04_steam_discount_prediction.py
[2026-09-07T09:59:51.085+0000] {logging_mixin.py:190} INFO - [2026-09-07T09:59:51.085+0000] {dag.py:3239} INFO - Sync 1 DAGs
[2026-09-07T09:59:51.105+0000] {logging_mixin.py:190} INFO - [2026-09-07T09:59:51.105+0000] {dag.py:4180} INFO - Setting next_dagrun for steam_discount_prediction_dag to 2026-09-07 00:00:00+00:00, run_after=2026-09-08 00:00:00+00:00
[2026-09-07T09:59:51.121+0000] {processor.py:208} INFO - Processing /opt/airflow/dags/ml_04_steam_discount_prediction.py took 1.331 seconds
[2026-09-07T10:00:22.029+0000] {processor.py:186} INFO - Started process (PID=15963) to work on /opt/airflow/dags/ml_04_steam_discount_prediction.py
[2026-09-07T10:00:22.029+0000] {processor.py:914} INFO - Processing file /opt/airflow/dags/ml_04_steam_discount_prediction.py for tasks to queue
[2026-09-07T10:00:22.030+0000] {logging_mixin.py:190} INFO - [2026-09-07T10:00:22.030+0000] {dagbag.py:588} INFO - Filling up the DagBag from /opt/airflow/dags/ml_04_steam_discount_prediction.py
[2026-09-07T10:00:23.267+0000] {processor.py:925} INFO - DAG(s) 'steam_discount_prediction_dag' retrieved from /opt/airflow/dags/ml_04_steam_discount_prediction.py
[2026-09-07T10:00:23.290+0000] {logging_mixin.py:190} INFO - [2026-09-07T10:00:23.289+0000] {dag.py:3239} INFO - Sync 1 DAGs
[2026-09-07T10:00:23.309+0000] {logging_mixin.py:190} INFO - [2026-09-07T10:00:23.309+0000] {dag.py:4180} INFO - Setting next_dagrun for steam_discount_prediction_dag to 2026-09-07 00:00:00+00:00, run_after=2026-09-08 00:00:00+00:00
[2026-09-07T10:00:23.325+0000] {processor.py:208} INFO - Processing /opt/airflow/dags/ml_04_steam_discount_prediction.py took 1.302 seconds
[2026-09-07T10:00:54.105+0000] {processor.py:186} INFO - Started process (PID=15994) to work on /opt/airflow/dags/ml_04_steam_discount_prediction.py
[2026-09-07T10:00:54.106+0000] {processor.py:914} INFO - Processing file /opt/airflow/dags/ml_04_steam_discount_prediction.py for tasks to queue
[2026-09-07T10:00:54.107+0000] {logging_mixin.py:190} INFO - [2026-09-07T10:00:54.107+0000] {dagbag.py:588} INFO - Filling up the DagBag from /opt/airflow/dags/ml_04_steam_discount_prediction.py
[2026-09-07T10:00:55.380+0000] {processor.py:925} INFO - DAG(s) 'steam_discount_prediction_dag' retrieved from /opt/airflow/dags/ml_04_steam_discount_prediction.py
[2026-09-07T10:00:55.405+0000] {logging_mixin.py:190} INFO - [2026-09-07T10:00:55.405+0000] {dag.py:3239} INFO - Sync 1 DAGs
[2026-09-07T10:00:55.423+0000] {logging_mixin.py:190} INFO - [2026-09-07T10:00:55.422+0000] {dag.py:4180} INFO - Setting next_dagrun for steam_discount_prediction_dag to 2026-09-07 00:00:00+00:00, run_after=2026-09-08 00:00:00+00:00
[2026-09-07T10:00:55.438+0000] {processor.py:208} INFO - Processing /opt/airflow/dags/ml_04_steam_discount_prediction.py took 1.338 seconds
[2026-09-07T10:01:26.460+0000] {processor.py:186} INFO - Started process (PID=16025) to work on /opt/airflow/dags/ml_04_steam_discount_prediction.py
[2026-09-07T10:01:26.461+0000] {processor.py:914} INFO - Processing file /opt/airflow/dags/ml_04_steam_discount_prediction.py for tasks to queue
[2026-09-07T10:01:26.462+0000] {logging_mixin.py:190} INFO - [2026-09-07T10:01:26.462+0000] {dagbag.py:588} INFO - Filling up the DagBag from /opt/airflow/dags/ml_04_steam_discount_prediction.py
[2026-09-07T10:01:27.662+0000] {processor.py:925} INFO - DAG(s) 'steam_discount_prediction_dag' retrieved from /opt/airflow/dags/ml_04_steam_discount_prediction.py
[2026-09-07T10:01:27.686+0000] {logging_mixin.py:190} INFO - [2026-09-07T10:01:27.686+0000] {dag.py:3239} INFO - Sync 1 DAGs
[2026-09-07T10:01:27.706+0000] {logging_mixin.py:190} INFO - [2026-09-07T10:01:27.705+0000] {dag.py:4180} INFO - Setting next_dagrun for steam_discount_prediction_dag to 2026-09-07 00:00:00+00:00, run_after=2026-09-08 00:00:00+00:00
[2026-09-07T10:01:27.721+0000] {processor.py:208} INFO - Processing /opt/airflow/dags/ml_04_steam_discount_prediction.py took 1.266 seconds
[2026-09-07T10:01:58.605+0000] {processor.py:186} INFO - Started process (PID=16057) to work on /opt/airflow/dags/ml_04_steam_discount_prediction.py
[2026-09-07T10:01:58.605+0000] {processor.py:914} INFO - Processing file /opt/airflow/dags/ml_04_steam_discount_prediction.py for tasks to queue
[2026-09-07T10:01:58.607+0000] {logging_mixin.py:190} INFO - [2026-09-07T10:01:58.606+0000] {dagbag.py:588} INFO - Filling up the DagBag from /opt/airflow/dags/ml_04_steam_discount_prediction.py
[2026-09-07T10:01:59.790+0000] {processor.py:925} INFO - DAG(s) 'steam_discount_prediction_dag' retrieved from /opt/airflow/dags/ml_04_steam_discount_prediction.py
[2026-09-07T10:01:59.813+0000] {logging_mixin.py:190} INFO - [2026-09-07T10:01:59.813+0000] {dag.py:3239} INFO - Sync 1 DAGs
[2026-09-07T10:01:59.830+0000] {logging_mixin.py:190} INFO - [2026-09-07T10:01:59.830+0000] {dag.py:4180} INFO - Setting next_dagrun for steam_discount_prediction_dag to 2026-09-07 00:00:00+00:00, run_after=2026-09-08 00:00:00+00:00
[2026-09-07T10:01:59.846+0000] {processor.py:208} INFO - Processing /opt/airflow/dags/ml_04_steam_discount_prediction.py took 1.247 seconds
[2026-09-07T10:02:29.939+0000] {processor.py:186} INFO - Started process (PID=16088) to work on /opt/airflow/dags/ml_04_steam_discount_prediction.py
[2026-09-07T10:02:29.940+0000] {processor.py:914} INFO - Processing file /opt/airflow/dags/ml_04_steam_discount_prediction.py for tasks to queue
[2026-09-07T10:02:29.942+0000] {logging_mixin.py:190} INFO - [2026-09-07T10:02:29.941+0000] {dagbag.py:588} INFO - Filling up the DagBag from /opt/airflow/dags/ml_04_steam_discount_prediction.py
[2026-09-07T10:02:31.234+0000] {processor.py:925} INFO - DAG(s) 'steam_discount_prediction_dag' retrieved from /opt/airflow/dags/ml_04_steam_discount_prediction.py
[2026-09-07T10:02:31.257+0000] {logging_mixin.py:190} INFO - [2026-09-07T10:02:31.256+0000] {dag.py:3239} INFO - Sync 1 DAGs
[2026-09-07T10:02:31.274+0000] {logging_mixin.py:190} INFO - [2026-09-07T10:02:31.274+0000] {dag.py:4180} INFO - Setting next_dagrun for steam_discount_prediction_dag to 2026-09-07 00:00:00+00:00, run_after=2026-09-08 00:00:00+00:00
[2026-09-07T10:02:31.290+0000] {processor.py:208} INFO - Processing /opt/airflow/dags/ml_04_steam_discount_prediction.py took 1.357 seconds
[2026-09-07T10:03:01.375+0000] {processor.py:186} INFO - Started process (PID=16121) to work on /opt/airflow/dags/ml_04_steam_discount_prediction.py
[2026-09-07T10:03:01.376+0000] {processor.py:914} INFO - Processing file /opt/airflow/dags/ml_04_steam_discount_prediction.py for tasks to queue
[2026-09-07T10:03:01.377+0000] {logging_mixin.py:190} INFO - [2026-09-07T10:03:01.377+0000] {dagbag.py:588} INFO - Filling up the DagBag from /opt/airflow/dags/ml_04_steam_discount_prediction.py
[2026-09-07T10:03:02.697+0000] {processor.py:925} INFO - DAG(s) 'steam_discount_prediction_dag' retrieved from /opt/airflow/dags/ml_04_steam_discount_prediction.py
[2026-09-07T10:03:02.720+0000] {logging_mixin.py:190} INFO - [2026-09-07T10:03:02.719+0000] {dag.py:3239} INFO - Sync 1 DAGs
[2026-09-07T10:03:02.738+0000] {logging_mixin.py:190} INFO - [2026-09-07T10:03:02.738+0000] {dag.py:4180} INFO - Setting next_dagrun for steam_discount_prediction_dag to 2026-09-07 00:00:00+00:00, run_after=2026-09-08 00:00:00+00:00
[2026-09-07T10:03:02.755+0000] {processor.py:208} INFO - Processing /opt/airflow/dags/ml_04_steam_discount_prediction.py took 1.386 seconds
[2026-09-07T10:03:32.870+0000] {processor.py:186} INFO - Started process (PID=16153) to work on /opt/airflow/dags/ml_04_steam_discount_prediction.py
[2026-09-07T10:03:32.871+0000] {processor.py:914} INFO - Processing file /opt/airflow/dags/ml_04_steam_discount_prediction.py for tasks to queue
[2026-09-07T10:03:32.872+0000] {logging_mixin.py:190} INFO - [2026-09-07T10:03:32.871+0000] {dagbag.py:588} INFO - Filling up the DagBag from /opt/airflow/dags/ml_04_steam_discount_prediction.py
[2026-09-07T10:03:34.089+0000] {processor.py:925} INFO - DAG(s) 'steam_discount_prediction_dag' retrieved from /opt/airflow/dags/ml_04_steam_discount_prediction.py
[2026-09-07T10:03:34.113+0000] {logging_mixin.py:190} INFO - [2026-09-07T10:03:34.112+0000] {dag.py:3239} INFO - Sync 1 DAGs
[2026-09-07T10:03:34.131+0000] {logging_mixin.py:190} INFO - [2026-09-07T10:03:34.131+0000] {dag.py:4180} INFO - Setting next_dagrun for steam_discount_prediction_dag to 2026-09-07 00:00:00+00:00, run_after=2026-09-08 00:00:00+00:00
[2026-09-07T10:03:34.147+0000] {processor.py:208} INFO - Processing /opt/airflow/dags/ml_04_steam_discount_prediction.py took 1.282 seconds
[2026-09-07T10:04:04.298+0000] {processor.py:186} INFO - Started process (PID=16184) to work on /opt/airflow/dags/ml_04_steam_discount_prediction.py
[2026-09-07T10:04:04.298+0000] {processor.py:914} INFO - Processing file /opt/airflow/dags/ml_04_steam_discount_prediction.py for tasks to queue
[2026-09-07T10:04:04.300+0000] {logging_mixin.py:190} INFO - [2026-09-07T10:04:04.299+0000] {dagbag.py:588} INFO - Filling up the DagBag from /opt/airflow/dags/ml_04_steam_discount_prediction.py
[2026-09-07T10:04:05.529+0000] {processor.py:925} INFO - DAG(s) 'steam_discount_prediction_dag' retrieved from /opt/airflow/dags/ml_04_steam_discount_prediction.py
[2026-09-07T10:04:05.551+0000] {logging_mixin.py:190} INFO - [2026-09-07T10:04:05.551+0000] {dag.py:3239} INFO - Sync 1 DAGs
[2026-09-07T10:04:05.569+0000] {logging_mixin.py:190} INFO - [2026-09-07T10:04:05.569+0000] {dag.py:4180} INFO - Setting next_dagrun for steam_discount_prediction_dag to 2026-09-07 00:00:00+00:00, run_after=2026-09-08 00:00:00+00:00
[2026-09-07T10:04:05.584+0000] {processor.py:208} INFO - Processing /opt/airflow/dags/ml_04_steam_discount_prediction.py took 1.292 seconds
[2026-09-07T10:04:35.723+0000] {processor.py:186} INFO - Started process (PID=16215) to work on /opt/airflow/dags/ml_04_steam_discount_prediction.py
[2026-09-07T10:04:35.724+0000] {processor.py:914} INFO - Processing file /opt/airflow/dags/ml_04_steam_discount_prediction.py for tasks to queue
[2026-09-07T10:04:35.725+0000] {logging_mixin.py:190} INFO - [2026-09-07T10:04:35.724+0000] {dagbag.py:588} INFO - Filling up the DagBag from /opt/airflow/dags/ml_04_steam_discount_prediction.py
[2026-09-07T10:04:36.967+0000] {processor.py:925} INFO - DAG(s) 'steam_discount_prediction_dag' retrieved from /opt/airflow/dags/ml_04_steam_discount_prediction.py
[2026-09-07T10:04:36.989+0000] {logging_mixin.py:190} INFO - [2026-09-07T10:04:36.988+0000] {dag.py:3239} INFO - Sync 1 DAGs
[2026-09-07T10:04:37.008+0000] {logging_mixin.py:190} INFO - [2026-09-07T10:04:37.007+0000] {dag.py:4180} INFO - Setting next_dagrun for steam_discount_prediction_dag to 2026-09-07 00:00:00+00:00, run_after=2026-09-08 00:00:00+00:00
[2026-09-07T10:04:37.023+0000] {processor.py:208} INFO - Processing /opt/airflow/dags/ml_04_steam_discount_prediction.py took 1.307 seconds
[2026-09-07T10:05:07.160+0000] {processor.py:186} INFO - Started process (PID=16252) to work on /opt/airflow/dags/ml_04_steam_discount_prediction.py
[2026-09-07T10:05:07.161+0000] {processor.py:914} INFO - Processing file /opt/airflow/dags/ml_04_steam_discount_prediction.py for tasks to queue
[2026-09-07T10:05:07.162+0000] {logging_mixin.py:190} INFO - [2026-09-07T10:05:07.162+0000] {dagbag.py:588} INFO - Filling up the DagBag from /opt/airflow/dags/ml_04_steam_discount_prediction.py
[2026-09-07T10:05:08.423+0000] {processor.py:925} INFO - DAG(s) 'steam_discount_prediction_dag' retrieved from /opt/airflow/dags/ml_04_steam_discount_prediction.py
[2026-09-07T10:05:08.446+0000] {logging_mixin.py:190} INFO - [2026-09-07T10:05:08.445+0000] {dag.py:3239} INFO - Sync 1 DAGs
[2026-09-07T10:05:08.466+0000] {logging_mixin.py:190} INFO - [2026-09-07T10:05:08.465+0000] {dag.py:4180} INFO - Setting next_dagrun for steam_discount_prediction_dag to 2026-09-07 00:00:00+00:00, run_after=2026-09-08 00:00:00+00:00
[2026-09-07T10:05:08.482+0000] {processor.py:208} INFO - Processing /opt/airflow/dags/ml_04_steam_discount_prediction.py took 1.328 seconds
[2026-09-07T10:05:39.343+0000] {processor.py:186} INFO - Started process (PID=16283) to work on /opt/airflow/dags/ml_04_steam_discount_prediction.py
[2026-09-07T10:05:39.344+0000] {processor.py:914} INFO - Processing file /opt/airflow/dags/ml_04_steam_discount_prediction.py for tasks to queue
[2026-09-07T10:05:39.345+0000] {logging_mixin.py:190} INFO - [2026-09-07T10:05:39.345+0000] {dagbag.py:588} INFO - Filling up the DagBag from /opt/airflow/dags/ml_04_steam_discount_prediction.py
[2026-09-07T10:05:40.624+0000] {processor.py:925} INFO - DAG(s) 'steam_discount_prediction_dag' retrieved from /opt/airflow/dags/ml_04_steam_discount_prediction.py
[2026-09-07T10:05:40.647+0000] {logging_mixin.py:190} INFO - [2026-09-07T10:05:40.647+0000] {dag.py:3239} INFO - Sync 1 DAGs
[2026-09-07T10:05:40.664+0000] {logging_mixin.py:190} INFO - [2026-09-07T10:05:40.664+0000] {dag.py:4180} INFO - Setting next_dagrun for steam_discount_prediction_dag to 2026-09-07 00:00:00+00:00, run_after=2026-09-08 00:00:00+00:00
[2026-09-07T10:05:40.679+0000] {processor.py:208} INFO - Processing /opt/airflow/dags/ml_04_steam_discount_prediction.py took 1.344 seconds
[2026-09-07T10:06:10.755+0000] {processor.py:186} INFO - Started process (PID=16319) to work on /opt/airflow/dags/ml_04_steam_discount_prediction.py
[2026-09-07T10:06:10.756+0000] {processor.py:914} INFO - Processing file /opt/airflow/dags/ml_04_steam_discount_prediction.py for tasks to queue
[2026-09-07T10:06:10.757+0000] {logging_mixin.py:190} INFO - [2026-09-07T10:06:10.757+0000] {dagbag.py:588} INFO - Filling up the DagBag from /opt/airflow/dags/ml_04_steam_discount_prediction.py
[2026-09-07T10:06:11.950+0000] {processor.py:925} INFO - DAG(s) 'steam_discount_prediction_dag' retrieved from /opt/airflow/dags/ml_04_steam_discount_prediction.py
[2026-09-07T10:06:11.974+0000] {logging_mixin.py:190} INFO - [2026-09-07T10:06:11.974+0000] {dag.py:3239} INFO - Sync 1 DAGs
[2026-09-07T10:06:11.992+0000] {logging_mixin.py:190} INFO - [2026-09-07T10:06:11.991+0000] {dag.py:4180} INFO - Setting next_dagrun for steam_discount_prediction_dag to 2026-09-07 00:00:00+00:00, run_after=2026-09-08 00:00:00+00:00
[2026-09-07T10:06:12.007+0000] {processor.py:208} INFO - Processing /opt/airflow/dags/ml_04_steam_discount_prediction.py took 1.258 seconds
[2026-09-07T10:06:42.098+0000] {processor.py:186} INFO - Started process (PID=16350) to work on /opt/airflow/dags/ml_04_steam_discount_prediction.py
[2026-09-07T10:06:42.098+0000] {processor.py:914} INFO - Processing file /opt/airflow/dags/ml_04_steam_discount_prediction.py for tasks to queue
[2026-09-07T10:06:42.100+0000] {logging_mixin.py:190} INFO - [2026-09-07T10:06:42.099+0000] {dagbag.py:588} INFO - Filling up the DagBag from /opt/airflow/dags/ml_04_steam_discount_prediction.py
[2026-09-07T10:06:43.373+0000] {processor.py:925} INFO - DAG(s) 'steam_discount_prediction_dag' retrieved from /opt/airflow/dags/ml_04_steam_discount_prediction.py
[2026-09-07T10:06:43.395+0000] {logging_mixin.py:190} INFO - [2026-09-07T10:06:43.394+0000] {dag.py:3239} INFO - Sync 1 DAGs
[2026-09-07T10:06:43.413+0000] {logging_mixin.py:190} INFO - [2026-09-07T10:06:43.413+0000] {dag.py:4180} INFO - Setting next_dagrun for steam_discount_prediction_dag to 2026-09-07 00:00:00+00:00, run_after=2026-09-08 00:00:00+00:00
[2026-09-07T10:06:43.429+0000] {processor.py:208} INFO - Processing /opt/airflow/dags/ml_04_steam_discount_prediction.py took 1.337 seconds
[2026-09-07T10:07:13.496+0000] {processor.py:186} INFO - Started process (PID=16382) to work on /opt/airflow/dags/ml_04_steam_discount_prediction.py
[2026-09-07T10:07:13.497+0000] {processor.py:914} INFO - Processing file /opt/airflow/dags/ml_04_steam_discount_prediction.py for tasks to queue
[2026-09-07T10:07:13.498+0000] {logging_mixin.py:190} INFO - [2026-09-07T10:07:13.498+0000] {dagbag.py:588} INFO - Filling up the DagBag from /opt/airflow/dags/ml_04_steam_discount_prediction.py
[2026-09-07T10:07:14.674+0000] {processor.py:925} INFO - DAG(s) 'steam_discount_prediction_dag' retrieved from /opt/airflow/dags/ml_04_steam_discount_prediction.py
[2026-09-07T10:07:14.698+0000] {logging_mixin.py:190} INFO - [2026-09-07T10:07:14.697+0000] {dag.py:3239} INFO - Sync 1 DAGs
[2026-09-07T10:07:14.715+0000] {logging_mixin.py:190} INFO - [2026-09-07T10:07:14.715+0000] {dag.py:4180} INFO - Setting next_dagrun for steam_discount_prediction_dag to 2026-09-07 00:00:00+00:00, run_after=2026-09-08 00:00:00+00:00
[2026-09-07T10:07:14.729+0000] {processor.py:208} INFO - Processing /opt/airflow/dags/ml_04_steam_discount_prediction.py took 1.239 seconds
[2026-09-07T10:07:45.098+0000] {processor.py:186} INFO - Started process (PID=16413) to work on /opt/airflow/dags/ml_04_steam_discount_prediction.py
[2026-09-07T10:07:45.099+0000] {processor.py:914} INFO - Processing file /opt/airflow/dags/ml_04_steam_discount_prediction.py for tasks to queue
[2026-09-07T10:07:45.100+0000] {logging_mixin.py:190} INFO - [2026-09-07T10:07:45.100+0000] {dagbag.py:588} INFO - Filling up the DagBag from /opt/airflow/dags/ml_04_steam_discount_prediction.py
[2026-09-07T10:07:46.346+0000] {processor.py:925} INFO - DAG(s) 'steam_discount_prediction_dag' retrieved from /opt/airflow/dags/ml_04_steam_discount_prediction.py
[2026-09-07T10:07:46.369+0000] {logging_mixin.py:190} INFO - [2026-09-07T10:07:46.369+0000] {dag.py:3239} INFO - Sync 1 DAGs
[2026-09-07T10:07:46.388+0000] {logging_mixin.py:190} INFO - [2026-09-07T10:07:46.388+0000] {dag.py:4180} INFO - Setting next_dagrun for steam_discount_prediction_dag to 2026-09-07 00:00:00+00:00, run_after=2026-09-08 00:00:00+00:00
[2026-09-07T10:07:46.406+0000] {processor.py:208} INFO - Processing /opt/airflow/dags/ml_04_steam_discount_prediction.py took 1.314 seconds
[2026-09-07T10:08:17.304+0000] {processor.py:186} INFO - Started process (PID=16445) to work on /opt/airflow/dags/ml_04_steam_discount_prediction.py
[2026-09-07T10:08:17.304+0000] {processor.py:914} INFO - Processing file /opt/airflow/dags/ml_04_steam_discount_prediction.py for tasks to queue
[2026-09-07T10:08:17.306+0000] {logging_mixin.py:190} INFO - [2026-09-07T10:08:17.305+0000] {dagbag.py:588} INFO - Filling up the DagBag from /opt/airflow/dags/ml_04_steam_discount_prediction.py
[2026-09-07T10:08:18.509+0000] {processor.py:925} INFO - DAG(s) 'steam_discount_prediction_dag' retrieved from /opt/airflow/dags/ml_04_steam_discount_prediction.py
[2026-09-07T10:08:18.531+0000] {logging_mixin.py:190} INFO - [2026-09-07T10:08:18.530+0000] {dag.py:3239} INFO - Sync 1 DAGs
[2026-09-07T10:08:18.550+0000] {logging_mixin.py:190} INFO - [2026-09-07T10:08:18.550+0000] {dag.py:4180} INFO - Setting next_dagrun for steam_discount_prediction_dag to 2026-09-07 00:00:00+00:00, run_after=2026-09-08 00:00:00+00:00
[2026-09-07T10:08:18.568+0000] {processor.py:208} INFO - Processing /opt/airflow/dags/ml_04_steam_discount_prediction.py took 1.270 seconds
[2026-09-07T10:08:48.617+0000] {processor.py:186} INFO - Started process (PID=16476) to work on /opt/airflow/dags/ml_04_steam_discount_prediction.py
[2026-09-07T10:08:48.618+0000] {processor.py:914} INFO - Processing file /opt/airflow/dags/ml_04_steam_discount_prediction.py for tasks to queue
[2026-09-07T10:08:48.619+0000] {logging_mixin.py:190} INFO - [2026-09-07T10:08:48.618+0000] {dagbag.py:588} INFO - Filling up the DagBag from /opt/airflow/dags/ml_04_steam_discount_prediction.py
[2026-09-07T10:08:49.767+0000] {processor.py:925} INFO - DAG(s) 'steam_discount_prediction_dag' retrieved from /opt/airflow/dags/ml_04_steam_discount_prediction.py
[2026-09-07T10:08:49.792+0000] {logging_mixin.py:190} INFO - [2026-09-07T10:08:49.792+0000] {dag.py:3239} INFO - Sync 1 DAGs
[2026-09-07T10:08:49.811+0000] {logging_mixin.py:190} INFO - [2026-09-07T10:08:49.811+0000] {dag.py:4180} INFO - Setting next_dagrun for steam_discount_prediction_dag to 2026-09-07 00:00:00+00:00, run_after=2026-09-08 00:00:00+00:00
[2026-09-07T10:08:49.828+0000] {processor.py:208} INFO - Processing /opt/airflow/dags/ml_04_steam_discount_prediction.py took 1.217 seconds
[2026-09-07T10:09:20.626+0000] {processor.py:186} INFO - Started process (PID=16507) to work on /opt/airflow/dags/ml_04_steam_discount_prediction.py
[2026-09-07T10:09:20.627+0000] {processor.py:914} INFO - Processing file /opt/airflow/dags/ml_04_steam_discount_prediction.py for tasks to queue
[2026-09-07T10:09:20.628+0000] {logging_mixin.py:190} INFO - [2026-09-07T10:09:20.628+0000] {dagbag.py:588} INFO - Filling up the DagBag from /opt/airflow/dags/ml_04_steam_discount_prediction.py
[2026-09-07T10:09:21.858+0000] {processor.py:925} INFO - DAG(s) 'steam_discount_prediction_dag' retrieved from /opt/airflow/dags/ml_04_steam_discount_prediction.py
[2026-09-07T10:09:21.882+0000] {logging_mixin.py:190} INFO - [2026-09-07T10:09:21.881+0000] {dag.py:3239} INFO - Sync 1 DAGs
[2026-09-07T10:09:21.903+0000] {logging_mixin.py:190} INFO - [2026-09-07T10:09:21.903+0000] {dag.py:4180} INFO - Setting next_dagrun for steam_discount_prediction_dag to 2026-09-07 00:00:00+00:00, run_after=2026-09-08 00:00:00+00:00
[2026-09-07T10:09:21.918+0000] {processor.py:208} INFO - Processing /opt/airflow/dags/ml_04_steam_discount_prediction.py took 1.298 seconds
[2026-09-07T10:09:52.119+0000] {processor.py:186} INFO - Started process (PID=16538) to work on /opt/airflow/dags/ml_04_steam_discount_prediction.py
[2026-09-07T10:09:52.119+0000] {processor.py:914} INFO - Processing file /opt/airflow/dags/ml_04_steam_discount_prediction.py for tasks to queue
[2026-09-07T10:09:52.121+0000] {logging_mixin.py:190} INFO - [2026-09-07T10:09:52.120+0000] {dagbag.py:588} INFO - Filling up the DagBag from /opt/airflow/dags/ml_04_steam_discount_prediction.py
[2026-09-07T10:09:53.310+0000] {processor.py:925} INFO - DAG(s) 'steam_discount_prediction_dag' retrieved from /opt/airflow/dags/ml_04_steam_discount_prediction.py
[2026-09-07T10:09:53.333+0000] {logging_mixin.py:190} INFO - [2026-09-07T10:09:53.333+0000] {dag.py:3239} INFO - Sync 1 DAGs
[2026-09-07T10:09:53.351+0000] {logging_mixin.py:190} INFO - [2026-09-07T10:09:53.351+0000] {dag.py:4180} INFO - Setting next_dagrun for steam_discount_prediction_dag to 2026-09-07 00:00:00+00:00, run_after=2026-09-08 00:00:00+00:00
[2026-09-07T10:09:53.368+0000] {processor.py:208} INFO - Processing /opt/airflow/dags/ml_04_steam_discount_prediction.py took 1.256 seconds
[2026-09-07T10:10:23.489+0000] {processor.py:186} INFO - Started process (PID=16571) to work on /opt/airflow/dags/ml_04_steam_discount_prediction.py
[2026-09-07T10:10:23.489+0000] {processor.py:914} INFO - Processing file /opt/airflow/dags/ml_04_steam_discount_prediction.py for tasks to queue
[2026-09-07T10:10:23.491+0000] {logging_mixin.py:190} INFO - [2026-09-07T10:10:23.490+0000] {dagbag.py:588} INFO - Filling up the DagBag from /opt/airflow/dags/ml_04_steam_discount_prediction.py
[2026-09-07T10:10:24.671+0000] {processor.py:925} INFO - DAG(s) 'steam_discount_prediction_dag' retrieved from /opt/airflow/dags/ml_04_steam_discount_prediction.py
[2026-09-07T10:10:24.694+0000] {logging_mixin.py:190} INFO - [2026-09-07T10:10:24.694+0000] {dag.py:3239} INFO - Sync 1 DAGs
[2026-09-07T10:10:24.713+0000] {logging_mixin.py:190} INFO - [2026-09-07T10:10:24.713+0000] {dag.py:4180} INFO - Setting next_dagrun for steam_discount_prediction_dag to 2026-09-07 00:00:00+00:00, run_after=2026-09-08 00:00:00+00:00
[2026-09-07T10:10:24.730+0000] {processor.py:208} INFO - Processing /opt/airflow/dags/ml_04_steam_discount_prediction.py took 1.247 seconds
[2026-09-07T10:10:55.697+0000] {processor.py:186} INFO - Started process (PID=16602) to work on /opt/airflow/dags/ml_04_steam_discount_prediction.py
[2026-09-07T10:10:55.698+0000] {processor.py:914} INFO - Processing file /opt/airflow/dags/ml_04_steam_discount_prediction.py for tasks to queue
[2026-09-07T10:10:55.700+0000] {logging_mixin.py:190} INFO - [2026-09-07T10:10:55.699+0000] {dagbag.py:588} INFO - Filling up the DagBag from /opt/airflow/dags/ml_04_steam_discount_prediction.py
[2026-09-07T10:10:56.904+0000] {processor.py:925} INFO - DAG(s) 'steam_discount_prediction_dag' retrieved from /opt/airflow/dags/ml_04_steam_discount_prediction.py
[2026-09-07T10:10:56.927+0000] {logging_mixin.py:190} INFO - [2026-09-07T10:10:56.926+0000] {dag.py:3239} INFO - Sync 1 DAGs
[2026-09-07T10:10:56.951+0000] {logging_mixin.py:190} INFO - [2026-09-07T10:10:56.950+0000] {dag.py:4180} INFO - Setting next_dagrun for steam_discount_prediction_dag to 2026-09-07 00:00:00+00:00, run_after=2026-09-08 00:00:00+00:00
[2026-09-07T10:10:56.966+0000] {processor.py:208} INFO - Processing /opt/airflow/dags/ml_04_steam_discount_prediction.py took 1.276 seconds
[2026-09-07T10:11:28.012+0000] {processor.py:186} INFO - Started process (PID=16633) to work on /opt/airflow/dags/ml_04_steam_discount_prediction.py
[2026-09-07T10:11:28.013+0000] {processor.py:914} INFO - Processing file /opt/airflow/dags/ml_04_steam_discount_prediction.py for tasks to queue
[2026-09-07T10:11:28.014+0000] {logging_mixin.py:190} INFO - [2026-09-07T10:11:28.014+0000] {dagbag.py:588} INFO - Filling up the DagBag from /opt/airflow/dags/ml_04_steam_discount_prediction.py
[2026-09-07T10:11:29.177+0000] {processor.py:925} INFO - DAG(s) 'steam_discount_prediction_dag' retrieved from /opt/airflow/dags/ml_04_steam_discount_prediction.py
[2026-09-07T10:11:29.202+0000] {logging_mixin.py:190} INFO - [2026-09-07T10:11:29.201+0000] {dag.py:3239} INFO - Sync 1 DAGs
[2026-09-07T10:11:29.222+0000] {logging_mixin.py:190} INFO - [2026-09-07T10:11:29.221+0000] {dag.py:4180} INFO - Setting next_dagrun for steam_discount_prediction_dag to 2026-09-07 00:00:00+00:00, run_after=2026-09-08 00:00:00+00:00
[2026-09-07T10:11:29.239+0000] {processor.py:208} INFO - Processing /opt/airflow/dags/ml_04_steam_discount_prediction.py took 1.233 seconds
[2026-09-07T10:12:00.263+0000] {processor.py:186} INFO - Started process (PID=16664) to work on /opt/airflow/dags/ml_04_steam_discount_prediction.py
[2026-09-07T10:12:00.264+0000] {processor.py:914} INFO - Processing file /opt/airflow/dags/ml_04_steam_discount_prediction.py for tasks to queue
[2026-09-07T10:12:00.265+0000] {logging_mixin.py:190} INFO - [2026-09-07T10:12:00.265+0000] {dagbag.py:588} INFO - Filling up the DagBag from /opt/airflow/dags/ml_04_steam_discount_prediction.py
[2026-09-07T10:12:01.453+0000] {processor.py:925} INFO - DAG(s) 'steam_discount_prediction_dag' retrieved from /opt/airflow/dags/ml_04_steam_discount_prediction.py
[2026-09-07T10:12:01.478+0000] {logging_mixin.py:190} INFO - [2026-09-07T10:12:01.477+0000] {dag.py:3239} INFO - Sync 1 DAGs
[2026-09-07T10:12:01.498+0000] {logging_mixin.py:190} INFO - [2026-09-07T10:12:01.498+0000] {dag.py:4180} INFO - Setting next_dagrun for steam_discount_prediction_dag to 2026-09-07 00:00:00+00:00, run_after=2026-09-08 00:00:00+00:00
[2026-09-07T10:12:01.515+0000] {processor.py:208} INFO - Processing /opt/airflow/dags/ml_04_steam_discount_prediction.py took 1.257 seconds
[2026-09-07T10:12:31.694+0000] {processor.py:186} INFO - Started process (PID=16696) to work on /opt/airflow/dags/ml_04_steam_discount_prediction.py
[2026-09-07T10:12:31.695+0000] {processor.py:914} INFO - Processing file /opt/airflow/dags/ml_04_steam_discount_prediction.py for tasks to queue
[2026-09-07T10:12:31.696+0000] {logging_mixin.py:190} INFO - [2026-09-07T10:12:31.695+0000] {dagbag.py:588} INFO - Filling up the DagBag from /opt/airflow/dags/ml_04_steam_discount_prediction.py
[2026-09-07T10:12:32.900+0000] {processor.py:925} INFO - DAG(s) 'steam_discount_prediction_dag' retrieved from /opt/airflow/dags/ml_04_steam_discount_prediction.py
[2026-09-07T10:12:32.927+0000] {logging_mixin.py:190} INFO - [2026-09-07T10:12:32.926+0000] {dag.py:3239} INFO - Sync 1 DAGs
[2026-09-07T10:12:32.947+0000] {logging_mixin.py:190} INFO - [2026-09-07T10:12:32.947+0000] {dag.py:4180} INFO - Setting next_dagrun for steam_discount_prediction_dag to 2026-09-07 00:00:00+00:00, run_after=2026-09-08 00:00:00+00:00
[2026-09-07T10:12:32.966+0000] {processor.py:208} INFO - Processing /opt/airflow/dags/ml_04_steam_discount_prediction.py took 1.277 seconds
[2026-09-07T10:13:03.093+0000] {processor.py:186} INFO - Started process (PID=16727) to work on /opt/airflow/dags/ml_04_steam_discount_prediction.py
[2026-09-07T10:13:03.094+0000] {processor.py:914} INFO - Processing file /opt/airflow/dags/ml_04_steam_discount_prediction.py for tasks to queue
[2026-09-07T10:13:03.095+0000] {logging_mixin.py:190} INFO - [2026-09-07T10:13:03.095+0000] {dagbag.py:588} INFO - Filling up the DagBag from /opt/airflow/dags/ml_04_steam_discount_prediction.py
[2026-09-07T10:13:04.301+0000] {processor.py:925} INFO - DAG(s) 'steam_discount_prediction_dag' retrieved from /opt/airflow/dags/ml_04_steam_discount_prediction.py
[2026-09-07T10:13:04.329+0000] {logging_mixin.py:190} INFO - [2026-09-07T10:13:04.327+0000] {dag.py:3239} INFO - Sync 1 DAGs
[2026-09-07T10:13:04.351+0000] {logging_mixin.py:190} INFO - [2026-09-07T10:13:04.350+0000] {dag.py:4180} INFO - Setting next_dagrun for steam_discount_prediction_dag to 2026-09-07 00:00:00+00:00, run_after=2026-09-08 00:00:00+00:00
[2026-09-07T10:13:04.368+0000] {processor.py:208} INFO - Processing /opt/airflow/dags/ml_04_steam_discount_prediction.py took 1.280 seconds
[2026-09-07T10:13:34.487+0000] {processor.py:186} INFO - Started process (PID=16758) to work on /opt/airflow/dags/ml_04_steam_discount_prediction.py
[2026-09-07T10:13:34.488+0000] {processor.py:914} INFO - Processing file /opt/airflow/dags/ml_04_steam_discount_prediction.py for tasks to queue
[2026-09-07T10:13:34.489+0000] {logging_mixin.py:190} INFO - [2026-09-07T10:13:34.489+0000] {dagbag.py:588} INFO - Filling up the DagBag from /opt/airflow/dags/ml_04_steam_discount_prediction.py
[2026-09-07T10:13:35.693+0000] {processor.py:925} INFO - DAG(s) 'steam_discount_prediction_dag' retrieved from /opt/airflow/dags/ml_04_steam_discount_prediction.py
[2026-09-07T10:13:35.722+0000] {logging_mixin.py:190} INFO - [2026-09-07T10:13:35.721+0000] {dag.py:3239} INFO - Sync 1 DAGs
[2026-09-07T10:13:35.739+0000] {logging_mixin.py:190} INFO - [2026-09-07T10:13:35.738+0000] {dag.py:4180} INFO - Setting next_dagrun for steam_discount_prediction_dag to 2026-09-07 00:00:00+00:00, run_after=2026-09-08 00:00:00+00:00
[2026-09-07T10:13:35.865+0000] {processor.py:208} INFO - Processing /opt/airflow/dags/ml_04_steam_discount_prediction.py took 1.384 seconds
[2026-09-07T10:14:06.796+0000] {processor.py:186} INFO - Started process (PID=16789) to work on /opt/airflow/dags/ml_04_steam_discount_prediction.py
[2026-09-07T10:14:06.797+0000] {processor.py:914} INFO - Processing file /opt/airflow/dags/ml_04_steam_discount_prediction.py for tasks to queue
[2026-09-07T10:14:06.798+0000] {logging_mixin.py:190} INFO - [2026-09-07T10:14:06.798+0000] {dagbag.py:588} INFO - Filling up the DagBag from /opt/airflow/dags/ml_04_steam_discount_prediction.py
[2026-09-07T10:14:07.975+0000] {processor.py:925} INFO - DAG(s) 'steam_discount_prediction_dag' retrieved from /opt/airflow/dags/ml_04_steam_discount_prediction.py
[2026-09-07T10:14:07.997+0000] {logging_mixin.py:190} INFO - [2026-09-07T10:14:07.997+0000] {dag.py:3239} INFO - Sync 1 DAGs
[2026-09-07T10:14:08.015+0000] {logging_mixin.py:190} INFO - [2026-09-07T10:14:08.015+0000] {dag.py:4180} INFO - Setting next_dagrun for steam_discount_prediction_dag to 2026-09-07 00:00:00+00:00, run_after=2026-09-08 00:00:00+00:00
[2026-09-07T10:14:08.029+0000] {processor.py:208} INFO - Processing /opt/airflow/dags/ml_04_steam_discount_prediction.py took 1.239 seconds
[2026-09-07T10:14:38.116+0000] {processor.py:186} INFO - Started process (PID=16820) to work on /opt/airflow/dags/ml_04_steam_discount_prediction.py
[2026-09-07T10:14:38.117+0000] {processor.py:914} INFO - Processing file /opt/airflow/dags/ml_04_steam_discount_prediction.py for tasks to queue
[2026-09-07T10:14:38.118+0000] {logging_mixin.py:190} INFO - [2026-09-07T10:14:38.118+0000] {dagbag.py:588} INFO - Filling up the DagBag from /opt/airflow/dags/ml_04_steam_discount_prediction.py
[2026-09-07T10:14:39.347+0000] {processor.py:925} INFO - DAG(s) 'steam_discount_prediction_dag' retrieved from /opt/airflow/dags/ml_04_steam_discount_prediction.py
[2026-09-07T10:14:39.375+0000] {logging_mixin.py:190} INFO - [2026-09-07T10:14:39.375+0000] {dag.py:3239} INFO - Sync 1 DAGs
[2026-09-07T10:14:39.401+0000] {logging_mixin.py:190} INFO - [2026-09-07T10:14:39.400+0000] {dag.py:4180} INFO - Setting next_dagrun for steam_discount_prediction_dag to 2026-09-07 00:00:00+00:00, run_after=2026-09-08 00:00:00+00:00
[2026-09-07T10:14:39.419+0000] {processor.py:208} INFO - Processing /opt/airflow/dags/ml_04_steam_discount_prediction.py took 1.309 seconds
[2026-09-07T10:15:09.535+0000] {processor.py:186} INFO - Started process (PID=16857) to work on /opt/airflow/dags/ml_04_steam_discount_prediction.py
[2026-09-07T10:15:09.535+0000] {processor.py:914} INFO - Processing file /opt/airflow/dags/ml_04_steam_discount_prediction.py for tasks to queue
[2026-09-07T10:15:09.536+0000] {logging_mixin.py:190} INFO - [2026-09-07T10:15:09.536+0000] {dagbag.py:588} INFO - Filling up the DagBag from /opt/airflow/dags/ml_04_steam_discount_prediction.py
[2026-09-07T10:15:10.814+0000] {processor.py:925} INFO - DAG(s) 'steam_discount_prediction_dag' retrieved from /opt/airflow/dags/ml_04_steam_discount_prediction.py
[2026-09-07T10:15:10.843+0000] {logging_mixin.py:190} INFO - [2026-09-07T10:15:10.842+0000] {dag.py:3239} INFO - Sync 1 DAGs
[2026-09-07T10:15:10.864+0000] {logging_mixin.py:190} INFO - [2026-09-07T10:15:10.864+0000] {dag.py:4180} INFO - Setting next_dagrun for steam_discount_prediction_dag to 2026-09-07 00:00:00+00:00, run_after=2026-09-08 00:00:00+00:00
[2026-09-07T10:15:10.881+0000] {processor.py:208} INFO - Processing /opt/airflow/dags/ml_04_steam_discount_prediction.py took 1.354 seconds
[2026-09-07T10:15:41.003+0000] {processor.py:186} INFO - Started process (PID=16891) to work on /opt/airflow/dags/ml_04_steam_discount_prediction.py
[2026-09-07T10:15:41.004+0000] {processor.py:914} INFO - Processing file /opt/airflow/dags/ml_04_steam_discount_prediction.py for tasks to queue
[2026-09-07T10:15:41.005+0000] {logging_mixin.py:190} INFO - [2026-09-07T10:15:41.005+0000] {dagbag.py:588} INFO - Filling up the DagBag from /opt/airflow/dags/ml_04_steam_discount_prediction.py
[2026-09-07T10:15:42.170+0000] {processor.py:925} INFO - DAG(s) 'steam_discount_prediction_dag' retrieved from /opt/airflow/dags/ml_04_steam_discount_prediction.py
[2026-09-07T10:15:42.192+0000] {logging_mixin.py:190} INFO - [2026-09-07T10:15:42.192+0000] {dag.py:3239} INFO - Sync 1 DAGs
[2026-09-07T10:15:42.211+0000] {logging_mixin.py:190} INFO - [2026-09-07T10:15:42.210+0000] {dag.py:4180} INFO - Setting next_dagrun for steam_discount_prediction_dag to 2026-09-07 00:00:00+00:00, run_after=2026-09-08 00:00:00+00:00
[2026-09-07T10:15:42.226+0000] {processor.py:208} INFO - Processing /opt/airflow/dags/ml_04_steam_discount_prediction.py took 1.230 seconds
[2026-09-07T10:16:12.431+0000] {processor.py:186} INFO - Started process (PID=16922) to work on /opt/airflow/dags/ml_04_steam_discount_prediction.py
[2026-09-07T10:16:12.431+0000] {processor.py:914} INFO - Processing file /opt/airflow/dags/ml_04_steam_discount_prediction.py for tasks to queue
[2026-09-07T10:16:12.432+0000] {logging_mixin.py:190} INFO - [2026-09-07T10:16:12.432+0000] {dagbag.py:588} INFO - Filling up the DagBag from /opt/airflow/dags/ml_04_steam_discount_prediction.py
[2026-09-07T10:16:13.604+0000] {processor.py:925} INFO - DAG(s) 'steam_discount_prediction_dag' retrieved from /opt/airflow/dags/ml_04_steam_discount_prediction.py
[2026-09-07T10:16:13.628+0000] {logging_mixin.py:190} INFO - [2026-09-07T10:16:13.627+0000] {dag.py:3239} INFO - Sync 1 DAGs
[2026-09-07T10:16:13.646+0000] {logging_mixin.py:190} INFO - [2026-09-07T10:16:13.646+0000] {dag.py:4180} INFO - Setting next_dagrun for steam_discount_prediction_dag to 2026-09-07 00:00:00+00:00, run_after=2026-09-08 00:00:00+00:00
[2026-09-07T10:16:13.663+0000] {processor.py:208} INFO - Processing /opt/airflow/dags/ml_04_steam_discount_prediction.py took 1.238 seconds
[2026-09-07T10:16:43.722+0000] {processor.py:186} INFO - Started process (PID=16953) to work on /opt/airflow/dags/ml_04_steam_discount_prediction.py
[2026-09-07T10:16:43.723+0000] {processor.py:914} INFO - Processing file /opt/airflow/dags/ml_04_steam_discount_prediction.py for tasks to queue
[2026-09-07T10:16:43.724+0000] {logging_mixin.py:190} INFO - [2026-09-07T10:16:43.724+0000] {dagbag.py:588} INFO - Filling up the DagBag from /opt/airflow/dags/ml_04_steam_discount_prediction.py
[2026-09-07T10:16:44.890+0000] {processor.py:925} INFO - DAG(s) 'steam_discount_prediction_dag' retrieved from /opt/airflow/dags/ml_04_steam_discount_prediction.py
[2026-09-07T10:16:44.911+0000] {logging_mixin.py:190} INFO - [2026-09-07T10:16:44.910+0000] {dag.py:3239} INFO - Sync 1 DAGs
[2026-09-07T10:16:45.035+0000] {logging_mixin.py:190} INFO - [2026-09-07T10:16:45.034+0000] {dag.py:4180} INFO - Setting next_dagrun for steam_discount_prediction_dag to 2026-09-07 00:00:00+00:00, run_after=2026-09-08 00:00:00+00:00
[2026-09-07T10:16:45.050+0000] {processor.py:208} INFO - Processing /opt/airflow/dags/ml_04_steam_discount_prediction.py took 1.336 seconds
[2026-09-07T10:17:15.156+0000] {processor.py:186} INFO - Started process (PID=16984) to work on /opt/airflow/dags/ml_04_steam_discount_prediction.py
[2026-09-07T10:17:15.157+0000] {processor.py:914} INFO - Processing file /opt/airflow/dags/ml_04_steam_discount_prediction.py for tasks to queue
[2026-09-07T10:17:15.159+0000] {logging_mixin.py:190} INFO - [2026-09-07T10:17:15.158+0000] {dagbag.py:588} INFO - Filling up the DagBag from /opt/airflow/dags/ml_04_steam_discount_prediction.py
[2026-09-07T10:17:16.681+0000] {processor.py:925} INFO - DAG(s) 'steam_discount_prediction_dag' retrieved from /opt/airflow/dags/ml_04_steam_discount_prediction.py
[2026-09-07T10:17:16.708+0000] {logging_mixin.py:190} INFO - [2026-09-07T10:17:16.707+0000] {dag.py:3239} INFO - Sync 1 DAGs
[2026-09-07T10:17:16.732+0000] {logging_mixin.py:190} INFO - [2026-09-07T10:17:16.732+0000] {dag.py:4180} INFO - Setting next_dagrun for steam_discount_prediction_dag to 2026-09-07 00:00:00+00:00, run_after=2026-09-08 00:00:00+00:00
[2026-09-07T10:17:16.756+0000] {processor.py:208} INFO - Processing /opt/airflow/dags/ml_04_steam_discount_prediction.py took 1.606 seconds
