[2026-08-23T15:26:00.256+0000] {processor.py:186} INFO - Started process (PID=409) to work on /opt/airflow/dags/03_branching_dag.py
[2026-08-23T15:26:00.257+0000] {processor.py:914} INFO - Processing file /opt/airflow/dags/03_branching_dag.py for tasks to queue
[2026-08-23T15:26:00.262+0000] {logging_mixin.py:190} INFO - [2026-08-23T15:26:00.261+0000] {dagbag.py:588} INFO - Filling up the DagBag from /opt/airflow/dags/03_branching_dag.py
[2026-08-23T15:26:00.281+0000] {processor.py:925} INFO - DAG(s) 'branching_dag' retrieved from /opt/airflow/dags/03_branching_dag.py
[2026-08-23T15:26:00.761+0000] {logging_mixin.py:190} INFO - [2026-08-23T15:26:00.761+0000] {override.py:1911} INFO - Created Permission View: can read on DAG:branching_dag
[2026-08-23T15:26:00.770+0000] {logging_mixin.py:190} INFO - [2026-08-23T15:26:00.770+0000] {override.py:1911} INFO - Created Permission View: can delete on DAG:branching_dag
[2026-08-23T15:26:00.775+0000] {logging_mixin.py:190} INFO - [2026-08-23T15:26:00.775+0000] {override.py:1911} INFO - Created Permission View: can edit on DAG:branching_dag
[2026-08-23T15:26:00.778+0000] {logging_mixin.py:190} INFO - [2026-08-23T15:26:00.778+0000] {override.py:1911} INFO - Created Permission View: can read on DAG Run:branching_dag
[2026-08-23T15:26:00.782+0000] {logging_mixin.py:190} INFO - [2026-08-23T15:26:00.782+0000] {override.py:1911} INFO - Created Permission View: can delete on DAG Run:branching_dag
[2026-08-23T15:26:00.786+0000] {logging_mixin.py:190} INFO - [2026-08-23T15:26:00.785+0000] {override.py:1911} INFO - Created Permission View: menu access on DAG Run:branching_dag
[2026-08-23T15:26:00.789+0000] {logging_mixin.py:190} INFO - [2026-08-23T15:26:00.789+0000] {override.py:1911} INFO - Created Permission View: can create on DAG Run:branching_dag
[2026-08-23T15:26:00.789+0000] {logging_mixin.py:190} INFO - [2026-08-23T15:26:00.789+0000] {dag.py:3239} INFO - Sync 1 DAGs
[2026-08-23T15:26:00.802+0000] {logging_mixin.py:190} INFO - [2026-08-23T15:26:00.802+0000] {dag.py:3262} INFO - Creating ORM DAG for branching_dag
[2026-08-23T15:26:00.802+0000] {logging_mixin.py:190} INFO - [2026-08-23T15:26:00.802+0000] {dag.py:4180} INFO - Setting next_dagrun for branching_dag to None, run_after=None
[2026-08-23T15:26:00.820+0000] {processor.py:208} INFO - Processing /opt/airflow/dags/03_branching_dag.py took 0.572 seconds
[2026-08-23T15:26:30.953+0000] {processor.py:186} INFO - Started process (PID=418) to work on /opt/airflow/dags/03_branching_dag.py
[2026-08-23T15:26:30.954+0000] {processor.py:914} INFO - Processing file /opt/airflow/dags/03_branching_dag.py for tasks to queue
[2026-08-23T15:26:30.958+0000] {logging_mixin.py:190} INFO - [2026-08-23T15:26:30.958+0000] {dagbag.py:588} INFO - Filling up the DagBag from /opt/airflow/dags/03_branching_dag.py
[2026-08-23T15:26:30.988+0000] {processor.py:925} INFO - DAG(s) 'branching_dag' retrieved from /opt/airflow/dags/03_branching_dag.py
[2026-08-23T15:26:31.037+0000] {logging_mixin.py:190} INFO - [2026-08-23T15:26:31.037+0000] {dag.py:3239} INFO - Sync 1 DAGs
[2026-08-23T15:26:31.055+0000] {logging_mixin.py:190} INFO - [2026-08-23T15:26:31.055+0000] {dag.py:4180} INFO - Setting next_dagrun for branching_dag to None, run_after=None
[2026-08-23T15:26:31.072+0000] {processor.py:208} INFO - Processing /opt/airflow/dags/03_branching_dag.py took 0.127 seconds
[2026-08-23T15:27:01.837+0000] {processor.py:186} INFO - Started process (PID=427) to work on /opt/airflow/dags/03_branching_dag.py
[2026-08-23T15:27:01.842+0000] {processor.py:914} INFO - Processing file /opt/airflow/dags/03_branching_dag.py for tasks to queue
[2026-08-23T15:27:01.849+0000] {logging_mixin.py:190} INFO - [2026-08-23T15:27:01.848+0000] {dagbag.py:588} INFO - Filling up the DagBag from /opt/airflow/dags/03_branching_dag.py
[2026-08-23T15:27:01.901+0000] {processor.py:925} INFO - DAG(s) 'branching_dag' retrieved from /opt/airflow/dags/03_branching_dag.py
[2026-08-23T15:27:02.085+0000] {logging_mixin.py:190} INFO - [2026-08-23T15:27:02.085+0000] {dag.py:3239} INFO - Sync 1 DAGs
[2026-08-23T15:27:02.128+0000] {logging_mixin.py:190} INFO - [2026-08-23T15:27:02.128+0000] {dag.py:4180} INFO - Setting next_dagrun for branching_dag to None, run_after=None
[2026-08-23T15:27:02.171+0000] {processor.py:208} INFO - Processing /opt/airflow/dags/03_branching_dag.py took 0.356 seconds
[2026-08-23T15:27:32.692+0000] {processor.py:186} INFO - Started process (PID=436) to work on /opt/airflow/dags/03_branching_dag.py
[2026-08-23T15:27:32.693+0000] {processor.py:914} INFO - Processing file /opt/airflow/dags/03_branching_dag.py for tasks to queue
[2026-08-23T15:27:32.701+0000] {logging_mixin.py:190} INFO - [2026-08-23T15:27:32.698+0000] {dagbag.py:588} INFO - Filling up the DagBag from /opt/airflow/dags/03_branching_dag.py
[2026-08-23T15:27:32.727+0000] {processor.py:925} INFO - DAG(s) 'branching_dag' retrieved from /opt/airflow/dags/03_branching_dag.py
[2026-08-23T15:27:32.781+0000] {logging_mixin.py:190} INFO - [2026-08-23T15:27:32.781+0000] {dag.py:3239} INFO - Sync 1 DAGs
[2026-08-23T15:27:33.172+0000] {logging_mixin.py:190} INFO - [2026-08-23T15:27:33.172+0000] {dag.py:4180} INFO - Setting next_dagrun for branching_dag to None, run_after=None
[2026-08-23T15:27:33.185+0000] {processor.py:208} INFO - Processing /opt/airflow/dags/03_branching_dag.py took 0.504 seconds
[2026-08-23T15:28:03.717+0000] {processor.py:186} INFO - Started process (PID=445) to work on /opt/airflow/dags/03_branching_dag.py
[2026-08-23T15:28:03.723+0000] {processor.py:914} INFO - Processing file /opt/airflow/dags/03_branching_dag.py for tasks to queue
[2026-08-23T15:28:03.733+0000] {logging_mixin.py:190} INFO - [2026-08-23T15:28:03.733+0000] {dagbag.py:588} INFO - Filling up the DagBag from /opt/airflow/dags/03_branching_dag.py
[2026-08-23T15:28:03.759+0000] {processor.py:925} INFO - DAG(s) 'branching_dag' retrieved from /opt/airflow/dags/03_branching_dag.py
[2026-08-23T15:28:04.147+0000] {logging_mixin.py:190} INFO - [2026-08-23T15:28:04.147+0000] {dag.py:3239} INFO - Sync 1 DAGs
[2026-08-23T15:28:04.158+0000] {logging_mixin.py:190} INFO - [2026-08-23T15:28:04.158+0000] {dag.py:4180} INFO - Setting next_dagrun for branching_dag to None, run_after=None
[2026-08-23T15:28:04.169+0000] {processor.py:208} INFO - Processing /opt/airflow/dags/03_branching_dag.py took 0.465 seconds
[2026-08-23T15:28:34.655+0000] {processor.py:186} INFO - Started process (PID=454) to work on /opt/airflow/dags/03_branching_dag.py
[2026-08-23T15:28:34.660+0000] {processor.py:914} INFO - Processing file /opt/airflow/dags/03_branching_dag.py for tasks to queue
[2026-08-23T15:28:34.668+0000] {logging_mixin.py:190} INFO - [2026-08-23T15:28:34.667+0000] {dagbag.py:588} INFO - Filling up the DagBag from /opt/airflow/dags/03_branching_dag.py
[2026-08-23T15:28:34.724+0000] {processor.py:925} INFO - DAG(s) 'branching_dag' retrieved from /opt/airflow/dags/03_branching_dag.py
[2026-08-23T15:28:34.789+0000] {logging_mixin.py:190} INFO - [2026-08-23T15:28:34.789+0000] {dag.py:3239} INFO - Sync 1 DAGs
[2026-08-23T15:28:34.811+0000] {logging_mixin.py:190} INFO - [2026-08-23T15:28:34.811+0000] {dag.py:4180} INFO - Setting next_dagrun for branching_dag to None, run_after=None
[2026-08-23T15:28:34.829+0000] {processor.py:208} INFO - Processing /opt/airflow/dags/03_branching_dag.py took 0.204 seconds
[2026-08-23T15:29:05.448+0000] {processor.py:186} INFO - Started process (PID=463) to work on /opt/airflow/dags/03_branching_dag.py
[2026-08-23T15:29:05.450+0000] {processor.py:914} INFO - Processing file /opt/airflow/dags/03_branching_dag.py for tasks to queue
[2026-08-23T15:29:05.457+0000] {logging_mixin.py:190} INFO - [2026-08-23T15:29:05.456+0000] {dagbag.py:588} INFO - Filling up the DagBag from /opt/airflow/dags/03_branching_dag.py
[2026-08-23T15:29:05.474+0000] {processor.py:925} INFO - DAG(s) 'branching_dag' retrieved from /opt/airflow/dags/03_branching_dag.py
[2026-08-23T15:29:05.516+0000] {logging_mixin.py:190} INFO - [2026-08-23T15:29:05.516+0000] {dag.py:3239} INFO - Sync 1 DAGs
[2026-08-23T15:29:05.532+0000] {logging_mixin.py:190} INFO - [2026-08-23T15:29:05.532+0000] {dag.py:4180} INFO - Setting next_dagrun for branching_dag to None, run_after=None
[2026-08-23T15:29:05.564+0000] {processor.py:208} INFO - Processing /opt/airflow/dags/03_branching_dag.py took 0.127 seconds
[2026-08-23T15:29:35.957+0000] {processor.py:186} INFO - Started process (PID=472) to work on /opt/airflow/dags/03_branching_dag.py
[2026-08-23T15:29:35.960+0000] {processor.py:914} INFO - Processing file /opt/airflow/dags/03_branching_dag.py for tasks to queue
[2026-08-23T15:29:35.966+0000] {logging_mixin.py:190} INFO - [2026-08-23T15:29:35.965+0000] {dagbag.py:588} INFO - Filling up the DagBag from /opt/airflow/dags/03_branching_dag.py
[2026-08-23T15:29:35.989+0000] {processor.py:925} INFO - DAG(s) 'branching_dag' retrieved from /opt/airflow/dags/03_branching_dag.py
[2026-08-23T15:29:36.033+0000] {logging_mixin.py:190} INFO - [2026-08-23T15:29:36.033+0000] {dag.py:3239} INFO - Sync 1 DAGs
[2026-08-23T15:29:36.046+0000] {logging_mixin.py:190} INFO - [2026-08-23T15:29:36.046+0000] {dag.py:4180} INFO - Setting next_dagrun for branching_dag to None, run_after=None
[2026-08-23T15:29:36.058+0000] {processor.py:208} INFO - Processing /opt/airflow/dags/03_branching_dag.py took 0.118 seconds
[2026-08-23T15:30:06.541+0000] {processor.py:186} INFO - Started process (PID=481) to work on /opt/airflow/dags/03_branching_dag.py
[2026-08-23T15:30:06.543+0000] {processor.py:914} INFO - Processing file /opt/airflow/dags/03_branching_dag.py for tasks to queue
[2026-08-23T15:30:06.547+0000] {logging_mixin.py:190} INFO - [2026-08-23T15:30:06.546+0000] {dagbag.py:588} INFO - Filling up the DagBag from /opt/airflow/dags/03_branching_dag.py
[2026-08-23T15:30:06.570+0000] {processor.py:925} INFO - DAG(s) 'branching_dag' retrieved from /opt/airflow/dags/03_branching_dag.py
[2026-08-23T15:30:06.616+0000] {logging_mixin.py:190} INFO - [2026-08-23T15:30:06.616+0000] {dag.py:3239} INFO - Sync 1 DAGs
[2026-08-23T15:30:06.905+0000] {logging_mixin.py:190} INFO - [2026-08-23T15:30:06.905+0000] {dag.py:4180} INFO - Setting next_dagrun for branching_dag to None, run_after=None
[2026-08-23T15:30:06.915+0000] {processor.py:208} INFO - Processing /opt/airflow/dags/03_branching_dag.py took 0.387 seconds
[2026-08-23T15:30:37.525+0000] {processor.py:186} INFO - Started process (PID=490) to work on /opt/airflow/dags/03_branching_dag.py
[2026-08-23T15:30:37.527+0000] {processor.py:914} INFO - Processing file /opt/airflow/dags/03_branching_dag.py for tasks to queue
[2026-08-23T15:30:37.531+0000] {logging_mixin.py:190} INFO - [2026-08-23T15:30:37.531+0000] {dagbag.py:588} INFO - Filling up the DagBag from /opt/airflow/dags/03_branching_dag.py
[2026-08-23T15:30:37.555+0000] {processor.py:925} INFO - DAG(s) 'branching_dag' retrieved from /opt/airflow/dags/03_branching_dag.py
[2026-08-23T15:30:37.919+0000] {logging_mixin.py:190} INFO - [2026-08-23T15:30:37.919+0000] {dag.py:3239} INFO - Sync 1 DAGs
[2026-08-23T15:30:37.928+0000] {logging_mixin.py:190} INFO - [2026-08-23T15:30:37.928+0000] {dag.py:4180} INFO - Setting next_dagrun for branching_dag to None, run_after=None
[2026-08-23T15:30:37.937+0000] {processor.py:208} INFO - Processing /opt/airflow/dags/03_branching_dag.py took 0.424 seconds
[2026-08-23T15:31:08.084+0000] {processor.py:186} INFO - Started process (PID=498) to work on /opt/airflow/dags/03_branching_dag.py
[2026-08-23T15:31:08.087+0000] {processor.py:914} INFO - Processing file /opt/airflow/dags/03_branching_dag.py for tasks to queue
[2026-08-23T15:31:08.094+0000] {logging_mixin.py:190} INFO - [2026-08-23T15:31:08.092+0000] {dagbag.py:588} INFO - Filling up the DagBag from /opt/airflow/dags/03_branching_dag.py
[2026-08-23T15:31:08.126+0000] {processor.py:925} INFO - DAG(s) 'branching_dag' retrieved from /opt/airflow/dags/03_branching_dag.py
[2026-08-23T15:31:08.176+0000] {logging_mixin.py:190} INFO - [2026-08-23T15:31:08.176+0000] {dag.py:3239} INFO - Sync 1 DAGs
[2026-08-23T15:31:08.199+0000] {logging_mixin.py:190} INFO - [2026-08-23T15:31:08.198+0000] {dag.py:4180} INFO - Setting next_dagrun for branching_dag to None, run_after=None
[2026-08-23T15:31:08.241+0000] {processor.py:208} INFO - Processing /opt/airflow/dags/03_branching_dag.py took 0.172 seconds
[2026-08-23T15:31:38.927+0000] {processor.py:186} INFO - Started process (PID=507) to work on /opt/airflow/dags/03_branching_dag.py
[2026-08-23T15:31:38.933+0000] {processor.py:914} INFO - Processing file /opt/airflow/dags/03_branching_dag.py for tasks to queue
[2026-08-23T15:31:38.937+0000] {logging_mixin.py:190} INFO - [2026-08-23T15:31:38.936+0000] {dagbag.py:588} INFO - Filling up the DagBag from /opt/airflow/dags/03_branching_dag.py
[2026-08-23T15:31:38.958+0000] {processor.py:925} INFO - DAG(s) 'branching_dag' retrieved from /opt/airflow/dags/03_branching_dag.py
[2026-08-23T15:31:39.008+0000] {logging_mixin.py:190} INFO - [2026-08-23T15:31:39.008+0000] {dag.py:3239} INFO - Sync 1 DAGs
[2026-08-23T15:31:39.028+0000] {logging_mixin.py:190} INFO - [2026-08-23T15:31:39.028+0000] {dag.py:4180} INFO - Setting next_dagrun for branching_dag to None, run_after=None
[2026-08-23T15:31:39.046+0000] {processor.py:208} INFO - Processing /opt/airflow/dags/03_branching_dag.py took 0.140 seconds
[2026-08-23T15:32:09.474+0000] {processor.py:186} INFO - Started process (PID=516) to work on /opt/airflow/dags/03_branching_dag.py
[2026-08-23T15:32:09.476+0000] {processor.py:914} INFO - Processing file /opt/airflow/dags/03_branching_dag.py for tasks to queue
[2026-08-23T15:32:09.483+0000] {logging_mixin.py:190} INFO - [2026-08-23T15:32:09.483+0000] {dagbag.py:588} INFO - Filling up the DagBag from /opt/airflow/dags/03_branching_dag.py
[2026-08-23T15:32:09.501+0000] {processor.py:925} INFO - DAG(s) 'branching_dag' retrieved from /opt/airflow/dags/03_branching_dag.py
[2026-08-23T15:32:09.544+0000] {logging_mixin.py:190} INFO - [2026-08-23T15:32:09.544+0000] {dag.py:3239} INFO - Sync 1 DAGs
[2026-08-23T15:32:09.565+0000] {logging_mixin.py:190} INFO - [2026-08-23T15:32:09.565+0000] {dag.py:4180} INFO - Setting next_dagrun for branching_dag to None, run_after=None
[2026-08-23T15:32:09.904+0000] {processor.py:208} INFO - Processing /opt/airflow/dags/03_branching_dag.py took 0.443 seconds
[2026-08-23T15:32:40.551+0000] {processor.py:186} INFO - Started process (PID=525) to work on /opt/airflow/dags/03_branching_dag.py
[2026-08-23T15:32:40.553+0000] {processor.py:914} INFO - Processing file /opt/airflow/dags/03_branching_dag.py for tasks to queue
[2026-08-23T15:32:40.558+0000] {logging_mixin.py:190} INFO - [2026-08-23T15:32:40.557+0000] {dagbag.py:588} INFO - Filling up the DagBag from /opt/airflow/dags/03_branching_dag.py
[2026-08-23T15:32:40.580+0000] {processor.py:925} INFO - DAG(s) 'branching_dag' retrieved from /opt/airflow/dags/03_branching_dag.py
[2026-08-23T15:32:40.655+0000] {logging_mixin.py:190} INFO - [2026-08-23T15:32:40.655+0000] {dag.py:3239} INFO - Sync 1 DAGs
[2026-08-23T15:32:41.034+0000] {logging_mixin.py:190} INFO - [2026-08-23T15:32:41.034+0000] {dag.py:4180} INFO - Setting next_dagrun for branching_dag to None, run_after=None
[2026-08-23T15:32:41.046+0000] {processor.py:208} INFO - Processing /opt/airflow/dags/03_branching_dag.py took 0.505 seconds
[2026-08-23T15:33:12.056+0000] {processor.py:186} INFO - Started process (PID=534) to work on /opt/airflow/dags/03_branching_dag.py
[2026-08-23T15:33:12.058+0000] {processor.py:914} INFO - Processing file /opt/airflow/dags/03_branching_dag.py for tasks to queue
[2026-08-23T15:33:12.062+0000] {logging_mixin.py:190} INFO - [2026-08-23T15:33:12.061+0000] {dagbag.py:588} INFO - Filling up the DagBag from /opt/airflow/dags/03_branching_dag.py
[2026-08-23T15:33:12.081+0000] {processor.py:925} INFO - DAG(s) 'branching_dag' retrieved from /opt/airflow/dags/03_branching_dag.py
[2026-08-23T15:33:12.420+0000] {logging_mixin.py:190} INFO - [2026-08-23T15:33:12.420+0000] {dag.py:3239} INFO - Sync 1 DAGs
[2026-08-23T15:33:12.429+0000] {logging_mixin.py:190} INFO - [2026-08-23T15:33:12.429+0000] {dag.py:4180} INFO - Setting next_dagrun for branching_dag to None, run_after=None
[2026-08-23T15:33:12.443+0000] {processor.py:208} INFO - Processing /opt/airflow/dags/03_branching_dag.py took 0.396 seconds
[2026-08-23T15:33:42.935+0000] {processor.py:186} INFO - Started process (PID=543) to work on /opt/airflow/dags/03_branching_dag.py
[2026-08-23T15:33:42.939+0000] {processor.py:914} INFO - Processing file /opt/airflow/dags/03_branching_dag.py for tasks to queue
[2026-08-23T15:33:42.947+0000] {logging_mixin.py:190} INFO - [2026-08-23T15:33:42.946+0000] {dagbag.py:588} INFO - Filling up the DagBag from /opt/airflow/dags/03_branching_dag.py
[2026-08-23T15:33:42.977+0000] {processor.py:925} INFO - DAG(s) 'branching_dag' retrieved from /opt/airflow/dags/03_branching_dag.py
[2026-08-23T15:33:43.032+0000] {logging_mixin.py:190} INFO - [2026-08-23T15:33:43.031+0000] {dag.py:3239} INFO - Sync 1 DAGs
[2026-08-23T15:33:43.052+0000] {logging_mixin.py:190} INFO - [2026-08-23T15:33:43.052+0000] {dag.py:4180} INFO - Setting next_dagrun for branching_dag to None, run_after=None
[2026-08-23T15:33:43.071+0000] {processor.py:208} INFO - Processing /opt/airflow/dags/03_branching_dag.py took 0.162 seconds
[2026-08-23T15:34:13.864+0000] {processor.py:186} INFO - Started process (PID=552) to work on /opt/airflow/dags/03_branching_dag.py
[2026-08-23T15:34:13.869+0000] {processor.py:914} INFO - Processing file /opt/airflow/dags/03_branching_dag.py for tasks to queue
[2026-08-23T15:34:13.878+0000] {logging_mixin.py:190} INFO - [2026-08-23T15:34:13.878+0000] {dagbag.py:588} INFO - Filling up the DagBag from /opt/airflow/dags/03_branching_dag.py
[2026-08-23T15:34:13.908+0000] {processor.py:925} INFO - DAG(s) 'branching_dag' retrieved from /opt/airflow/dags/03_branching_dag.py
[2026-08-23T15:34:13.969+0000] {logging_mixin.py:190} INFO - [2026-08-23T15:34:13.969+0000] {dag.py:3239} INFO - Sync 1 DAGs
[2026-08-23T15:34:13.991+0000] {logging_mixin.py:190} INFO - [2026-08-23T15:34:13.990+0000] {dag.py:4180} INFO - Setting next_dagrun for branching_dag to None, run_after=None
[2026-08-23T15:34:14.020+0000] {processor.py:208} INFO - Processing /opt/airflow/dags/03_branching_dag.py took 0.175 seconds
[2026-08-23T15:34:44.664+0000] {processor.py:186} INFO - Started process (PID=561) to work on /opt/airflow/dags/03_branching_dag.py
[2026-08-23T15:34:44.666+0000] {processor.py:914} INFO - Processing file /opt/airflow/dags/03_branching_dag.py for tasks to queue
[2026-08-23T15:34:44.672+0000] {logging_mixin.py:190} INFO - [2026-08-23T15:34:44.672+0000] {dagbag.py:588} INFO - Filling up the DagBag from /opt/airflow/dags/03_branching_dag.py
[2026-08-23T15:34:44.703+0000] {processor.py:925} INFO - DAG(s) 'branching_dag' retrieved from /opt/airflow/dags/03_branching_dag.py
[2026-08-23T15:34:44.751+0000] {logging_mixin.py:190} INFO - [2026-08-23T15:34:44.751+0000] {dag.py:3239} INFO - Sync 1 DAGs
[2026-08-23T15:34:44.769+0000] {logging_mixin.py:190} INFO - [2026-08-23T15:34:44.769+0000] {dag.py:4180} INFO - Setting next_dagrun for branching_dag to None, run_after=None
[2026-08-23T15:34:44.784+0000] {processor.py:208} INFO - Processing /opt/airflow/dags/03_branching_dag.py took 0.139 seconds
[2026-08-23T15:35:15.407+0000] {processor.py:186} INFO - Started process (PID=570) to work on /opt/airflow/dags/03_branching_dag.py
[2026-08-23T15:35:15.409+0000] {processor.py:914} INFO - Processing file /opt/airflow/dags/03_branching_dag.py for tasks to queue
[2026-08-23T15:35:15.414+0000] {logging_mixin.py:190} INFO - [2026-08-23T15:35:15.414+0000] {dagbag.py:588} INFO - Filling up the DagBag from /opt/airflow/dags/03_branching_dag.py
[2026-08-23T15:35:15.441+0000] {processor.py:925} INFO - DAG(s) 'branching_dag' retrieved from /opt/airflow/dags/03_branching_dag.py
[2026-08-23T15:35:15.501+0000] {logging_mixin.py:190} INFO - [2026-08-23T15:35:15.501+0000] {dag.py:3239} INFO - Sync 1 DAGs
[2026-08-23T15:35:15.525+0000] {logging_mixin.py:190} INFO - [2026-08-23T15:35:15.525+0000] {dag.py:4180} INFO - Setting next_dagrun for branching_dag to None, run_after=None
[2026-08-23T15:35:15.552+0000] {processor.py:208} INFO - Processing /opt/airflow/dags/03_branching_dag.py took 0.156 seconds
[2026-08-23T15:35:46.203+0000] {processor.py:186} INFO - Started process (PID=579) to work on /opt/airflow/dags/03_branching_dag.py
[2026-08-23T15:35:46.206+0000] {processor.py:914} INFO - Processing file /opt/airflow/dags/03_branching_dag.py for tasks to queue
[2026-08-23T15:35:46.219+0000] {logging_mixin.py:190} INFO - [2026-08-23T15:35:46.216+0000] {dagbag.py:588} INFO - Filling up the DagBag from /opt/airflow/dags/03_branching_dag.py
[2026-08-23T15:35:46.252+0000] {processor.py:925} INFO - DAG(s) 'branching_dag' retrieved from /opt/airflow/dags/03_branching_dag.py
[2026-08-23T15:35:46.303+0000] {logging_mixin.py:190} INFO - [2026-08-23T15:35:46.303+0000] {dag.py:3239} INFO - Sync 1 DAGs
[2026-08-23T15:35:46.324+0000] {logging_mixin.py:190} INFO - [2026-08-23T15:35:46.324+0000] {dag.py:4180} INFO - Setting next_dagrun for branching_dag to None, run_after=None
[2026-08-23T15:35:46.342+0000] {processor.py:208} INFO - Processing /opt/airflow/dags/03_branching_dag.py took 0.154 seconds
[2026-08-23T15:36:17.005+0000] {processor.py:186} INFO - Started process (PID=588) to work on /opt/airflow/dags/03_branching_dag.py
[2026-08-23T15:36:17.007+0000] {processor.py:914} INFO - Processing file /opt/airflow/dags/03_branching_dag.py for tasks to queue
[2026-08-23T15:36:17.010+0000] {logging_mixin.py:190} INFO - [2026-08-23T15:36:17.009+0000] {dagbag.py:588} INFO - Filling up the DagBag from /opt/airflow/dags/03_branching_dag.py
[2026-08-23T15:36:17.046+0000] {processor.py:925} INFO - DAG(s) 'branching_dag' retrieved from /opt/airflow/dags/03_branching_dag.py
[2026-08-23T15:36:17.121+0000] {logging_mixin.py:190} INFO - [2026-08-23T15:36:17.120+0000] {dag.py:3239} INFO - Sync 1 DAGs
[2026-08-23T15:36:17.155+0000] {logging_mixin.py:190} INFO - [2026-08-23T15:36:17.155+0000] {dag.py:4180} INFO - Setting next_dagrun for branching_dag to None, run_after=None
[2026-08-23T15:36:17.197+0000] {processor.py:208} INFO - Processing /opt/airflow/dags/03_branching_dag.py took 0.213 seconds
[2026-08-23T15:36:47.700+0000] {processor.py:186} INFO - Started process (PID=597) to work on /opt/airflow/dags/03_branching_dag.py
[2026-08-23T15:36:47.702+0000] {processor.py:914} INFO - Processing file /opt/airflow/dags/03_branching_dag.py for tasks to queue
[2026-08-23T15:36:47.705+0000] {logging_mixin.py:190} INFO - [2026-08-23T15:36:47.705+0000] {dagbag.py:588} INFO - Filling up the DagBag from /opt/airflow/dags/03_branching_dag.py
[2026-08-23T15:36:47.726+0000] {processor.py:925} INFO - DAG(s) 'branching_dag' retrieved from /opt/airflow/dags/03_branching_dag.py
[2026-08-23T15:36:47.774+0000] {logging_mixin.py:190} INFO - [2026-08-23T15:36:47.774+0000] {dag.py:3239} INFO - Sync 1 DAGs
[2026-08-23T15:36:47.796+0000] {logging_mixin.py:190} INFO - [2026-08-23T15:36:47.796+0000] {dag.py:4180} INFO - Setting next_dagrun for branching_dag to None, run_after=None
[2026-08-23T15:36:47.816+0000] {processor.py:208} INFO - Processing /opt/airflow/dags/03_branching_dag.py took 0.128 seconds
[2026-08-23T15:37:18.600+0000] {processor.py:186} INFO - Started process (PID=606) to work on /opt/airflow/dags/03_branching_dag.py
[2026-08-23T15:37:18.602+0000] {processor.py:914} INFO - Processing file /opt/airflow/dags/03_branching_dag.py for tasks to queue
[2026-08-23T15:37:18.610+0000] {logging_mixin.py:190} INFO - [2026-08-23T15:37:18.610+0000] {dagbag.py:588} INFO - Filling up the DagBag from /opt/airflow/dags/03_branching_dag.py
[2026-08-23T15:37:18.639+0000] {processor.py:925} INFO - DAG(s) 'branching_dag' retrieved from /opt/airflow/dags/03_branching_dag.py
[2026-08-23T15:37:18.686+0000] {logging_mixin.py:190} INFO - [2026-08-23T15:37:18.686+0000] {dag.py:3239} INFO - Sync 1 DAGs
[2026-08-23T15:37:18.707+0000] {logging_mixin.py:190} INFO - [2026-08-23T15:37:18.707+0000] {dag.py:4180} INFO - Setting next_dagrun for branching_dag to None, run_after=None
[2026-08-23T15:37:18.727+0000] {processor.py:208} INFO - Processing /opt/airflow/dags/03_branching_dag.py took 0.139 seconds
[2026-08-23T15:37:49.352+0000] {processor.py:186} INFO - Started process (PID=615) to work on /opt/airflow/dags/03_branching_dag.py
[2026-08-23T15:37:49.358+0000] {processor.py:914} INFO - Processing file /opt/airflow/dags/03_branching_dag.py for tasks to queue
[2026-08-23T15:37:49.361+0000] {logging_mixin.py:190} INFO - [2026-08-23T15:37:49.361+0000] {dagbag.py:588} INFO - Filling up the DagBag from /opt/airflow/dags/03_branching_dag.py
[2026-08-23T15:37:49.384+0000] {processor.py:925} INFO - DAG(s) 'branching_dag' retrieved from /opt/airflow/dags/03_branching_dag.py
[2026-08-23T15:37:49.444+0000] {logging_mixin.py:190} INFO - [2026-08-23T15:37:49.444+0000] {dag.py:3239} INFO - Sync 1 DAGs
[2026-08-23T15:37:49.460+0000] {logging_mixin.py:190} INFO - [2026-08-23T15:37:49.460+0000] {dag.py:4180} INFO - Setting next_dagrun for branching_dag to None, run_after=None
[2026-08-23T15:37:49.477+0000] {processor.py:208} INFO - Processing /opt/airflow/dags/03_branching_dag.py took 0.144 seconds
[2026-08-23T15:38:20.030+0000] {processor.py:186} INFO - Started process (PID=624) to work on /opt/airflow/dags/03_branching_dag.py
[2026-08-23T15:38:20.033+0000] {processor.py:914} INFO - Processing file /opt/airflow/dags/03_branching_dag.py for tasks to queue
[2026-08-23T15:38:20.041+0000] {logging_mixin.py:190} INFO - [2026-08-23T15:38:20.041+0000] {dagbag.py:588} INFO - Filling up the DagBag from /opt/airflow/dags/03_branching_dag.py
[2026-08-23T15:38:20.066+0000] {processor.py:925} INFO - DAG(s) 'branching_dag' retrieved from /opt/airflow/dags/03_branching_dag.py
[2026-08-23T15:38:20.117+0000] {logging_mixin.py:190} INFO - [2026-08-23T15:38:20.117+0000] {dag.py:3239} INFO - Sync 1 DAGs
[2026-08-23T15:38:20.135+0000] {logging_mixin.py:190} INFO - [2026-08-23T15:38:20.135+0000] {dag.py:4180} INFO - Setting next_dagrun for branching_dag to None, run_after=None
[2026-08-23T15:38:20.148+0000] {processor.py:208} INFO - Processing /opt/airflow/dags/03_branching_dag.py took 0.176 seconds
[2026-08-23T15:38:50.769+0000] {processor.py:186} INFO - Started process (PID=633) to work on /opt/airflow/dags/03_branching_dag.py
[2026-08-23T15:38:50.771+0000] {processor.py:914} INFO - Processing file /opt/airflow/dags/03_branching_dag.py for tasks to queue
[2026-08-23T15:38:50.782+0000] {logging_mixin.py:190} INFO - [2026-08-23T15:38:50.782+0000] {dagbag.py:588} INFO - Filling up the DagBag from /opt/airflow/dags/03_branching_dag.py
[2026-08-23T15:38:50.816+0000] {processor.py:925} INFO - DAG(s) 'branching_dag' retrieved from /opt/airflow/dags/03_branching_dag.py
[2026-08-23T15:38:50.864+0000] {logging_mixin.py:190} INFO - [2026-08-23T15:38:50.864+0000] {dag.py:3239} INFO - Sync 1 DAGs
[2026-08-23T15:38:50.883+0000] {logging_mixin.py:190} INFO - [2026-08-23T15:38:50.883+0000] {dag.py:4180} INFO - Setting next_dagrun for branching_dag to None, run_after=None
[2026-08-23T15:38:50.917+0000] {processor.py:208} INFO - Processing /opt/airflow/dags/03_branching_dag.py took 0.167 seconds
[2026-08-23T15:39:21.537+0000] {processor.py:186} INFO - Started process (PID=642) to work on /opt/airflow/dags/03_branching_dag.py
[2026-08-23T15:39:21.540+0000] {processor.py:914} INFO - Processing file /opt/airflow/dags/03_branching_dag.py for tasks to queue
[2026-08-23T15:39:21.546+0000] {logging_mixin.py:190} INFO - [2026-08-23T15:39:21.545+0000] {dagbag.py:588} INFO - Filling up the DagBag from /opt/airflow/dags/03_branching_dag.py
[2026-08-23T15:39:21.570+0000] {processor.py:925} INFO - DAG(s) 'branching_dag' retrieved from /opt/airflow/dags/03_branching_dag.py
[2026-08-23T15:39:21.610+0000] {logging_mixin.py:190} INFO - [2026-08-23T15:39:21.610+0000] {dag.py:3239} INFO - Sync 1 DAGs
[2026-08-23T15:39:21.625+0000] {logging_mixin.py:190} INFO - [2026-08-23T15:39:21.625+0000] {dag.py:4180} INFO - Setting next_dagrun for branching_dag to None, run_after=None
[2026-08-23T15:39:21.641+0000] {processor.py:208} INFO - Processing /opt/airflow/dags/03_branching_dag.py took 0.124 seconds
[2026-08-23T15:39:52.249+0000] {processor.py:186} INFO - Started process (PID=651) to work on /opt/airflow/dags/03_branching_dag.py
[2026-08-23T15:39:52.252+0000] {processor.py:914} INFO - Processing file /opt/airflow/dags/03_branching_dag.py for tasks to queue
[2026-08-23T15:39:52.257+0000] {logging_mixin.py:190} INFO - [2026-08-23T15:39:52.256+0000] {dagbag.py:588} INFO - Filling up the DagBag from /opt/airflow/dags/03_branching_dag.py
[2026-08-23T15:39:52.282+0000] {processor.py:925} INFO - DAG(s) 'branching_dag' retrieved from /opt/airflow/dags/03_branching_dag.py
[2026-08-23T15:39:52.320+0000] {logging_mixin.py:190} INFO - [2026-08-23T15:39:52.320+0000] {dag.py:3239} INFO - Sync 1 DAGs
[2026-08-23T15:39:52.341+0000] {logging_mixin.py:190} INFO - [2026-08-23T15:39:52.341+0000] {dag.py:4180} INFO - Setting next_dagrun for branching_dag to None, run_after=None
[2026-08-23T15:39:52.360+0000] {processor.py:208} INFO - Processing /opt/airflow/dags/03_branching_dag.py took 0.120 seconds
[2026-08-23T15:40:23.143+0000] {processor.py:186} INFO - Started process (PID=660) to work on /opt/airflow/dags/03_branching_dag.py
[2026-08-23T15:40:23.147+0000] {processor.py:914} INFO - Processing file /opt/airflow/dags/03_branching_dag.py for tasks to queue
[2026-08-23T15:40:23.152+0000] {logging_mixin.py:190} INFO - [2026-08-23T15:40:23.151+0000] {dagbag.py:588} INFO - Filling up the DagBag from /opt/airflow/dags/03_branching_dag.py
[2026-08-23T15:40:23.183+0000] {processor.py:925} INFO - DAG(s) 'branching_dag' retrieved from /opt/airflow/dags/03_branching_dag.py
[2026-08-23T15:40:23.242+0000] {logging_mixin.py:190} INFO - [2026-08-23T15:40:23.242+0000] {dag.py:3239} INFO - Sync 1 DAGs
[2026-08-23T15:40:23.259+0000] {logging_mixin.py:190} INFO - [2026-08-23T15:40:23.259+0000] {dag.py:4180} INFO - Setting next_dagrun for branching_dag to None, run_after=None
[2026-08-23T15:40:23.277+0000] {processor.py:208} INFO - Processing /opt/airflow/dags/03_branching_dag.py took 0.153 seconds
[2026-08-23T15:40:53.716+0000] {processor.py:186} INFO - Started process (PID=669) to work on /opt/airflow/dags/03_branching_dag.py
[2026-08-23T15:40:53.718+0000] {processor.py:914} INFO - Processing file /opt/airflow/dags/03_branching_dag.py for tasks to queue
[2026-08-23T15:40:53.722+0000] {logging_mixin.py:190} INFO - [2026-08-23T15:40:53.721+0000] {dagbag.py:588} INFO - Filling up the DagBag from /opt/airflow/dags/03_branching_dag.py
[2026-08-23T15:40:53.747+0000] {processor.py:925} INFO - DAG(s) 'branching_dag' retrieved from /opt/airflow/dags/03_branching_dag.py
[2026-08-23T15:40:53.801+0000] {logging_mixin.py:190} INFO - [2026-08-23T15:40:53.801+0000] {dag.py:3239} INFO - Sync 1 DAGs
[2026-08-23T15:40:53.819+0000] {logging_mixin.py:190} INFO - [2026-08-23T15:40:53.819+0000] {dag.py:4180} INFO - Setting next_dagrun for branching_dag to None, run_after=None
[2026-08-23T15:40:53.837+0000] {processor.py:208} INFO - Processing /opt/airflow/dags/03_branching_dag.py took 0.135 seconds
[2026-08-23T15:41:24.547+0000] {processor.py:186} INFO - Started process (PID=679) to work on /opt/airflow/dags/03_branching_dag.py
[2026-08-23T15:41:24.549+0000] {processor.py:914} INFO - Processing file /opt/airflow/dags/03_branching_dag.py for tasks to queue
[2026-08-23T15:41:24.558+0000] {logging_mixin.py:190} INFO - [2026-08-23T15:41:24.557+0000] {dagbag.py:588} INFO - Filling up the DagBag from /opt/airflow/dags/03_branching_dag.py
[2026-08-23T15:41:24.586+0000] {processor.py:925} INFO - DAG(s) 'branching_dag' retrieved from /opt/airflow/dags/03_branching_dag.py
[2026-08-23T15:41:24.662+0000] {logging_mixin.py:190} INFO - [2026-08-23T15:41:24.662+0000] {dag.py:3239} INFO - Sync 1 DAGs
[2026-08-23T15:41:24.706+0000] {logging_mixin.py:190} INFO - [2026-08-23T15:41:24.706+0000] {dag.py:4180} INFO - Setting next_dagrun for branching_dag to None, run_after=None
[2026-08-23T15:41:24.738+0000] {processor.py:208} INFO - Processing /opt/airflow/dags/03_branching_dag.py took 0.225 seconds
[2026-08-23T15:41:55.526+0000] {processor.py:186} INFO - Started process (PID=689) to work on /opt/airflow/dags/03_branching_dag.py
[2026-08-23T15:41:55.529+0000] {processor.py:914} INFO - Processing file /opt/airflow/dags/03_branching_dag.py for tasks to queue
[2026-08-23T15:41:55.534+0000] {logging_mixin.py:190} INFO - [2026-08-23T15:41:55.533+0000] {dagbag.py:588} INFO - Filling up the DagBag from /opt/airflow/dags/03_branching_dag.py
[2026-08-23T15:41:55.576+0000] {processor.py:925} INFO - DAG(s) 'branching_dag' retrieved from /opt/airflow/dags/03_branching_dag.py
[2026-08-23T15:41:55.649+0000] {logging_mixin.py:190} INFO - [2026-08-23T15:41:55.648+0000] {dag.py:3239} INFO - Sync 1 DAGs
[2026-08-23T15:41:55.671+0000] {logging_mixin.py:190} INFO - [2026-08-23T15:41:55.671+0000] {dag.py:4180} INFO - Setting next_dagrun for branching_dag to None, run_after=None
[2026-08-23T15:41:55.726+0000] {processor.py:208} INFO - Processing /opt/airflow/dags/03_branching_dag.py took 0.228 seconds
[2026-08-23T15:42:26.339+0000] {processor.py:186} INFO - Started process (PID=699) to work on /opt/airflow/dags/03_branching_dag.py
[2026-08-23T15:42:26.344+0000] {processor.py:914} INFO - Processing file /opt/airflow/dags/03_branching_dag.py for tasks to queue
[2026-08-23T15:42:26.353+0000] {logging_mixin.py:190} INFO - [2026-08-23T15:42:26.352+0000] {dagbag.py:588} INFO - Filling up the DagBag from /opt/airflow/dags/03_branching_dag.py
[2026-08-23T15:42:26.401+0000] {processor.py:925} INFO - DAG(s) 'branching_dag' retrieved from /opt/airflow/dags/03_branching_dag.py
[2026-08-23T15:42:26.487+0000] {logging_mixin.py:190} INFO - [2026-08-23T15:42:26.487+0000] {dag.py:3239} INFO - Sync 1 DAGs
[2026-08-23T15:42:26.511+0000] {logging_mixin.py:190} INFO - [2026-08-23T15:42:26.511+0000] {dag.py:4180} INFO - Setting next_dagrun for branching_dag to None, run_after=None
[2026-08-23T15:42:26.531+0000] {processor.py:208} INFO - Processing /opt/airflow/dags/03_branching_dag.py took 0.213 seconds
[2026-08-23T15:42:57.084+0000] {processor.py:186} INFO - Started process (PID=709) to work on /opt/airflow/dags/03_branching_dag.py
[2026-08-23T15:42:57.085+0000] {processor.py:914} INFO - Processing file /opt/airflow/dags/03_branching_dag.py for tasks to queue
[2026-08-23T15:42:57.091+0000] {logging_mixin.py:190} INFO - [2026-08-23T15:42:57.091+0000] {dagbag.py:588} INFO - Filling up the DagBag from /opt/airflow/dags/03_branching_dag.py
[2026-08-23T15:42:57.110+0000] {processor.py:925} INFO - DAG(s) 'branching_dag' retrieved from /opt/airflow/dags/03_branching_dag.py
[2026-08-23T15:42:57.152+0000] {logging_mixin.py:190} INFO - [2026-08-23T15:42:57.152+0000] {dag.py:3239} INFO - Sync 1 DAGs
[2026-08-23T15:42:57.166+0000] {logging_mixin.py:190} INFO - [2026-08-23T15:42:57.166+0000] {dag.py:4180} INFO - Setting next_dagrun for branching_dag to None, run_after=None
[2026-08-23T15:42:57.182+0000] {processor.py:208} INFO - Processing /opt/airflow/dags/03_branching_dag.py took 0.114 seconds
[2026-08-23T15:43:27.780+0000] {processor.py:186} INFO - Started process (PID=719) to work on /opt/airflow/dags/03_branching_dag.py
[2026-08-23T15:43:27.783+0000] {processor.py:914} INFO - Processing file /opt/airflow/dags/03_branching_dag.py for tasks to queue
[2026-08-23T15:43:27.794+0000] {logging_mixin.py:190} INFO - [2026-08-23T15:43:27.793+0000] {dagbag.py:588} INFO - Filling up the DagBag from /opt/airflow/dags/03_branching_dag.py
[2026-08-23T15:43:27.825+0000] {processor.py:925} INFO - DAG(s) 'branching_dag' retrieved from /opt/airflow/dags/03_branching_dag.py
[2026-08-23T15:43:27.913+0000] {logging_mixin.py:190} INFO - [2026-08-23T15:43:27.912+0000] {dag.py:3239} INFO - Sync 1 DAGs
[2026-08-23T15:43:27.950+0000] {logging_mixin.py:190} INFO - [2026-08-23T15:43:27.950+0000] {dag.py:4180} INFO - Setting next_dagrun for branching_dag to None, run_after=None
[2026-08-23T15:43:27.975+0000] {processor.py:208} INFO - Processing /opt/airflow/dags/03_branching_dag.py took 0.221 seconds
[2026-08-23T15:43:58.640+0000] {processor.py:186} INFO - Started process (PID=729) to work on /opt/airflow/dags/03_branching_dag.py
[2026-08-23T15:43:58.643+0000] {processor.py:914} INFO - Processing file /opt/airflow/dags/03_branching_dag.py for tasks to queue
[2026-08-23T15:43:58.652+0000] {logging_mixin.py:190} INFO - [2026-08-23T15:43:58.651+0000] {dagbag.py:588} INFO - Filling up the DagBag from /opt/airflow/dags/03_branching_dag.py
[2026-08-23T15:43:58.680+0000] {processor.py:925} INFO - DAG(s) 'branching_dag' retrieved from /opt/airflow/dags/03_branching_dag.py
[2026-08-23T15:43:58.730+0000] {logging_mixin.py:190} INFO - [2026-08-23T15:43:58.730+0000] {dag.py:3239} INFO - Sync 1 DAGs
[2026-08-23T15:43:58.750+0000] {logging_mixin.py:190} INFO - [2026-08-23T15:43:58.750+0000] {dag.py:4180} INFO - Setting next_dagrun for branching_dag to None, run_after=None
[2026-08-23T15:43:58.766+0000] {processor.py:208} INFO - Processing /opt/airflow/dags/03_branching_dag.py took 0.153 seconds
[2026-08-23T15:44:29.312+0000] {processor.py:186} INFO - Started process (PID=739) to work on /opt/airflow/dags/03_branching_dag.py
[2026-08-23T15:44:29.315+0000] {processor.py:914} INFO - Processing file /opt/airflow/dags/03_branching_dag.py for tasks to queue
[2026-08-23T15:44:29.321+0000] {logging_mixin.py:190} INFO - [2026-08-23T15:44:29.320+0000] {dagbag.py:588} INFO - Filling up the DagBag from /opt/airflow/dags/03_branching_dag.py
[2026-08-23T15:44:29.345+0000] {processor.py:925} INFO - DAG(s) 'branching_dag' retrieved from /opt/airflow/dags/03_branching_dag.py
[2026-08-23T15:44:29.412+0000] {logging_mixin.py:190} INFO - [2026-08-23T15:44:29.412+0000] {dag.py:3239} INFO - Sync 1 DAGs
[2026-08-23T15:44:29.435+0000] {logging_mixin.py:190} INFO - [2026-08-23T15:44:29.435+0000] {dag.py:4180} INFO - Setting next_dagrun for branching_dag to None, run_after=None
[2026-08-23T15:44:29.450+0000] {processor.py:208} INFO - Processing /opt/airflow/dags/03_branching_dag.py took 0.160 seconds
[2026-08-23T15:45:00.093+0000] {processor.py:186} INFO - Started process (PID=749) to work on /opt/airflow/dags/03_branching_dag.py
[2026-08-23T15:45:00.095+0000] {processor.py:914} INFO - Processing file /opt/airflow/dags/03_branching_dag.py for tasks to queue
[2026-08-23T15:45:00.101+0000] {logging_mixin.py:190} INFO - [2026-08-23T15:45:00.101+0000] {dagbag.py:588} INFO - Filling up the DagBag from /opt/airflow/dags/03_branching_dag.py
[2026-08-23T15:45:00.133+0000] {processor.py:925} INFO - DAG(s) 'branching_dag' retrieved from /opt/airflow/dags/03_branching_dag.py
[2026-08-23T15:45:00.218+0000] {logging_mixin.py:190} INFO - [2026-08-23T15:45:00.218+0000] {dag.py:3239} INFO - Sync 1 DAGs
[2026-08-23T15:45:00.237+0000] {logging_mixin.py:190} INFO - [2026-08-23T15:45:00.237+0000] {dag.py:4180} INFO - Setting next_dagrun for branching_dag to None, run_after=None
[2026-08-23T15:45:00.258+0000] {processor.py:208} INFO - Processing /opt/airflow/dags/03_branching_dag.py took 0.189 seconds
[2026-08-23T15:45:31.009+0000] {processor.py:186} INFO - Started process (PID=759) to work on /opt/airflow/dags/03_branching_dag.py
[2026-08-23T15:45:31.014+0000] {processor.py:914} INFO - Processing file /opt/airflow/dags/03_branching_dag.py for tasks to queue
[2026-08-23T15:45:31.022+0000] {logging_mixin.py:190} INFO - [2026-08-23T15:45:31.021+0000] {dagbag.py:588} INFO - Filling up the DagBag from /opt/airflow/dags/03_branching_dag.py
[2026-08-23T15:45:31.047+0000] {processor.py:925} INFO - DAG(s) 'branching_dag' retrieved from /opt/airflow/dags/03_branching_dag.py
[2026-08-23T15:45:31.109+0000] {logging_mixin.py:190} INFO - [2026-08-23T15:45:31.109+0000] {dag.py:3239} INFO - Sync 1 DAGs
[2026-08-23T15:45:31.139+0000] {logging_mixin.py:190} INFO - [2026-08-23T15:45:31.138+0000] {dag.py:4180} INFO - Setting next_dagrun for branching_dag to None, run_after=None
[2026-08-23T15:45:31.159+0000] {processor.py:208} INFO - Processing /opt/airflow/dags/03_branching_dag.py took 0.174 seconds
[2026-08-23T15:46:02.159+0000] {processor.py:186} INFO - Started process (PID=774) to work on /opt/airflow/dags/03_branching_dag.py
[2026-08-23T15:46:02.160+0000] {processor.py:914} INFO - Processing file /opt/airflow/dags/03_branching_dag.py for tasks to queue
[2026-08-23T15:46:02.166+0000] {logging_mixin.py:190} INFO - [2026-08-23T15:46:02.166+0000] {dagbag.py:588} INFO - Filling up the DagBag from /opt/airflow/dags/03_branching_dag.py
[2026-08-23T15:46:02.200+0000] {processor.py:925} INFO - DAG(s) 'branching_dag' retrieved from /opt/airflow/dags/03_branching_dag.py
[2026-08-23T15:46:02.254+0000] {logging_mixin.py:190} INFO - [2026-08-23T15:46:02.254+0000] {dag.py:3239} INFO - Sync 1 DAGs
[2026-08-23T15:46:02.277+0000] {logging_mixin.py:190} INFO - [2026-08-23T15:46:02.277+0000] {dag.py:4180} INFO - Setting next_dagrun for branching_dag to None, run_after=None
[2026-08-23T15:46:02.296+0000] {processor.py:208} INFO - Processing /opt/airflow/dags/03_branching_dag.py took 0.154 seconds
[2026-08-23T15:46:32.976+0000] {processor.py:186} INFO - Started process (PID=784) to work on /opt/airflow/dags/03_branching_dag.py
[2026-08-23T15:46:32.982+0000] {processor.py:914} INFO - Processing file /opt/airflow/dags/03_branching_dag.py for tasks to queue
[2026-08-23T15:46:32.987+0000] {logging_mixin.py:190} INFO - [2026-08-23T15:46:32.987+0000] {dagbag.py:588} INFO - Filling up the DagBag from /opt/airflow/dags/03_branching_dag.py
[2026-08-23T15:46:33.012+0000] {processor.py:925} INFO - DAG(s) 'branching_dag' retrieved from /opt/airflow/dags/03_branching_dag.py
[2026-08-23T15:46:33.073+0000] {logging_mixin.py:190} INFO - [2026-08-23T15:46:33.073+0000] {dag.py:3239} INFO - Sync 1 DAGs
[2026-08-23T15:46:33.090+0000] {logging_mixin.py:190} INFO - [2026-08-23T15:46:33.090+0000] {dag.py:4180} INFO - Setting next_dagrun for branching_dag to None, run_after=None
[2026-08-23T15:46:33.113+0000] {processor.py:208} INFO - Processing /opt/airflow/dags/03_branching_dag.py took 0.153 seconds
[2026-08-23T15:47:03.762+0000] {processor.py:186} INFO - Started process (PID=794) to work on /opt/airflow/dags/03_branching_dag.py
[2026-08-23T15:47:03.764+0000] {processor.py:914} INFO - Processing file /opt/airflow/dags/03_branching_dag.py for tasks to queue
[2026-08-23T15:47:03.773+0000] {logging_mixin.py:190} INFO - [2026-08-23T15:47:03.773+0000] {dagbag.py:588} INFO - Filling up the DagBag from /opt/airflow/dags/03_branching_dag.py
[2026-08-23T15:47:03.805+0000] {processor.py:925} INFO - DAG(s) 'branching_dag' retrieved from /opt/airflow/dags/03_branching_dag.py
[2026-08-23T15:47:03.858+0000] {logging_mixin.py:190} INFO - [2026-08-23T15:47:03.857+0000] {dag.py:3239} INFO - Sync 1 DAGs
[2026-08-23T15:47:03.886+0000] {logging_mixin.py:190} INFO - [2026-08-23T15:47:03.886+0000] {dag.py:4180} INFO - Setting next_dagrun for branching_dag to None, run_after=None
[2026-08-23T15:47:03.908+0000] {processor.py:208} INFO - Processing /opt/airflow/dags/03_branching_dag.py took 0.161 seconds
[2026-08-23T15:47:34.465+0000] {processor.py:186} INFO - Started process (PID=804) to work on /opt/airflow/dags/03_branching_dag.py
[2026-08-23T15:47:34.468+0000] {processor.py:914} INFO - Processing file /opt/airflow/dags/03_branching_dag.py for tasks to queue
[2026-08-23T15:47:34.478+0000] {logging_mixin.py:190} INFO - [2026-08-23T15:47:34.474+0000] {dagbag.py:588} INFO - Filling up the DagBag from /opt/airflow/dags/03_branching_dag.py
[2026-08-23T15:47:34.508+0000] {processor.py:925} INFO - DAG(s) 'branching_dag' retrieved from /opt/airflow/dags/03_branching_dag.py
[2026-08-23T15:47:34.599+0000] {logging_mixin.py:190} INFO - [2026-08-23T15:47:34.599+0000] {dag.py:3239} INFO - Sync 1 DAGs
[2026-08-23T15:47:34.638+0000] {logging_mixin.py:190} INFO - [2026-08-23T15:47:34.637+0000] {dag.py:4180} INFO - Setting next_dagrun for branching_dag to None, run_after=None
[2026-08-23T15:47:34.683+0000] {processor.py:208} INFO - Processing /opt/airflow/dags/03_branching_dag.py took 0.240 seconds
[2026-08-23T15:48:05.453+0000] {processor.py:186} INFO - Started process (PID=814) to work on /opt/airflow/dags/03_branching_dag.py
[2026-08-23T15:48:05.455+0000] {processor.py:914} INFO - Processing file /opt/airflow/dags/03_branching_dag.py for tasks to queue
[2026-08-23T15:48:05.463+0000] {logging_mixin.py:190} INFO - [2026-08-23T15:48:05.462+0000] {dagbag.py:588} INFO - Filling up the DagBag from /opt/airflow/dags/03_branching_dag.py
[2026-08-23T15:48:05.485+0000] {processor.py:925} INFO - DAG(s) 'branching_dag' retrieved from /opt/airflow/dags/03_branching_dag.py
[2026-08-23T15:48:05.538+0000] {logging_mixin.py:190} INFO - [2026-08-23T15:48:05.537+0000] {dag.py:3239} INFO - Sync 1 DAGs
[2026-08-23T15:48:05.564+0000] {logging_mixin.py:190} INFO - [2026-08-23T15:48:05.563+0000] {dag.py:4180} INFO - Setting next_dagrun for branching_dag to None, run_after=None
[2026-08-23T15:48:05.585+0000] {processor.py:208} INFO - Processing /opt/airflow/dags/03_branching_dag.py took 0.144 seconds
[2026-08-23T15:48:36.182+0000] {processor.py:186} INFO - Started process (PID=824) to work on /opt/airflow/dags/03_branching_dag.py
[2026-08-23T15:48:36.184+0000] {processor.py:914} INFO - Processing file /opt/airflow/dags/03_branching_dag.py for tasks to queue
[2026-08-23T15:48:36.192+0000] {logging_mixin.py:190} INFO - [2026-08-23T15:48:36.192+0000] {dagbag.py:588} INFO - Filling up the DagBag from /opt/airflow/dags/03_branching_dag.py
[2026-08-23T15:48:36.210+0000] {processor.py:925} INFO - DAG(s) 'branching_dag' retrieved from /opt/airflow/dags/03_branching_dag.py
[2026-08-23T15:48:36.263+0000] {logging_mixin.py:190} INFO - [2026-08-23T15:48:36.263+0000] {dag.py:3239} INFO - Sync 1 DAGs
[2026-08-23T15:48:36.286+0000] {logging_mixin.py:190} INFO - [2026-08-23T15:48:36.286+0000] {dag.py:4180} INFO - Setting next_dagrun for branching_dag to None, run_after=None
[2026-08-23T15:48:36.307+0000] {processor.py:208} INFO - Processing /opt/airflow/dags/03_branching_dag.py took 0.142 seconds
[2026-08-23T15:49:06.739+0000] {processor.py:186} INFO - Started process (PID=834) to work on /opt/airflow/dags/03_branching_dag.py
[2026-08-23T15:49:06.741+0000] {processor.py:914} INFO - Processing file /opt/airflow/dags/03_branching_dag.py for tasks to queue
[2026-08-23T15:49:06.753+0000] {logging_mixin.py:190} INFO - [2026-08-23T15:49:06.753+0000] {dagbag.py:588} INFO - Filling up the DagBag from /opt/airflow/dags/03_branching_dag.py
[2026-08-23T15:49:06.774+0000] {processor.py:925} INFO - DAG(s) 'branching_dag' retrieved from /opt/airflow/dags/03_branching_dag.py
[2026-08-23T15:49:06.813+0000] {logging_mixin.py:190} INFO - [2026-08-23T15:49:06.813+0000] {dag.py:3239} INFO - Sync 1 DAGs
[2026-08-23T15:49:06.829+0000] {logging_mixin.py:190} INFO - [2026-08-23T15:49:06.829+0000] {dag.py:4180} INFO - Setting next_dagrun for branching_dag to None, run_after=None
[2026-08-23T15:49:06.845+0000] {processor.py:208} INFO - Processing /opt/airflow/dags/03_branching_dag.py took 0.121 seconds
[2026-08-23T15:49:37.667+0000] {processor.py:186} INFO - Started process (PID=850) to work on /opt/airflow/dags/03_branching_dag.py
[2026-08-23T15:49:37.672+0000] {processor.py:914} INFO - Processing file /opt/airflow/dags/03_branching_dag.py for tasks to queue
[2026-08-23T15:49:37.681+0000] {logging_mixin.py:190} INFO - [2026-08-23T15:49:37.680+0000] {dagbag.py:588} INFO - Filling up the DagBag from /opt/airflow/dags/03_branching_dag.py
[2026-08-23T15:49:37.716+0000] {processor.py:925} INFO - DAG(s) 'branching_dag' retrieved from /opt/airflow/dags/03_branching_dag.py
[2026-08-23T15:49:37.807+0000] {logging_mixin.py:190} INFO - [2026-08-23T15:49:37.806+0000] {dag.py:3239} INFO - Sync 1 DAGs
[2026-08-23T15:49:37.879+0000] {logging_mixin.py:190} INFO - [2026-08-23T15:49:37.879+0000] {dag.py:4180} INFO - Setting next_dagrun for branching_dag to None, run_after=None
[2026-08-23T15:49:37.945+0000] {processor.py:208} INFO - Processing /opt/airflow/dags/03_branching_dag.py took 0.298 seconds
[2026-08-23T15:50:08.650+0000] {processor.py:186} INFO - Started process (PID=860) to work on /opt/airflow/dags/03_branching_dag.py
[2026-08-23T15:50:08.653+0000] {processor.py:914} INFO - Processing file /opt/airflow/dags/03_branching_dag.py for tasks to queue
[2026-08-23T15:50:08.659+0000] {logging_mixin.py:190} INFO - [2026-08-23T15:50:08.658+0000] {dagbag.py:588} INFO - Filling up the DagBag from /opt/airflow/dags/03_branching_dag.py
[2026-08-23T15:50:08.681+0000] {processor.py:925} INFO - DAG(s) 'branching_dag' retrieved from /opt/airflow/dags/03_branching_dag.py
[2026-08-23T15:50:08.730+0000] {logging_mixin.py:190} INFO - [2026-08-23T15:50:08.729+0000] {dag.py:3239} INFO - Sync 1 DAGs
[2026-08-23T15:50:08.752+0000] {logging_mixin.py:190} INFO - [2026-08-23T15:50:08.752+0000] {dag.py:4180} INFO - Setting next_dagrun for branching_dag to None, run_after=None
[2026-08-23T15:50:08.772+0000] {processor.py:208} INFO - Processing /opt/airflow/dags/03_branching_dag.py took 0.138 seconds
[2026-08-23T15:50:39.407+0000] {processor.py:186} INFO - Started process (PID=870) to work on /opt/airflow/dags/03_branching_dag.py
[2026-08-23T15:50:39.413+0000] {processor.py:914} INFO - Processing file /opt/airflow/dags/03_branching_dag.py for tasks to queue
[2026-08-23T15:50:39.419+0000] {logging_mixin.py:190} INFO - [2026-08-23T15:50:39.416+0000] {dagbag.py:588} INFO - Filling up the DagBag from /opt/airflow/dags/03_branching_dag.py
[2026-08-23T15:50:39.442+0000] {processor.py:925} INFO - DAG(s) 'branching_dag' retrieved from /opt/airflow/dags/03_branching_dag.py
[2026-08-23T15:50:39.503+0000] {logging_mixin.py:190} INFO - [2026-08-23T15:50:39.503+0000] {dag.py:3239} INFO - Sync 1 DAGs
[2026-08-23T15:50:39.523+0000] {logging_mixin.py:190} INFO - [2026-08-23T15:50:39.523+0000] {dag.py:4180} INFO - Setting next_dagrun for branching_dag to None, run_after=None
[2026-08-23T15:50:39.544+0000] {processor.py:208} INFO - Processing /opt/airflow/dags/03_branching_dag.py took 0.159 seconds
[2026-08-23T15:51:10.150+0000] {processor.py:186} INFO - Started process (PID=880) to work on /opt/airflow/dags/03_branching_dag.py
[2026-08-23T15:51:10.153+0000] {processor.py:914} INFO - Processing file /opt/airflow/dags/03_branching_dag.py for tasks to queue
[2026-08-23T15:51:10.161+0000] {logging_mixin.py:190} INFO - [2026-08-23T15:51:10.160+0000] {dagbag.py:588} INFO - Filling up the DagBag from /opt/airflow/dags/03_branching_dag.py
[2026-08-23T15:51:10.188+0000] {processor.py:925} INFO - DAG(s) 'branching_dag' retrieved from /opt/airflow/dags/03_branching_dag.py
[2026-08-23T15:51:10.247+0000] {logging_mixin.py:190} INFO - [2026-08-23T15:51:10.247+0000] {dag.py:3239} INFO - Sync 1 DAGs
[2026-08-23T15:51:10.271+0000] {logging_mixin.py:190} INFO - [2026-08-23T15:51:10.271+0000] {dag.py:4180} INFO - Setting next_dagrun for branching_dag to None, run_after=None
[2026-08-23T15:51:10.321+0000] {processor.py:208} INFO - Processing /opt/airflow/dags/03_branching_dag.py took 0.186 seconds
[2026-08-23T15:51:40.976+0000] {processor.py:186} INFO - Started process (PID=890) to work on /opt/airflow/dags/03_branching_dag.py
[2026-08-23T15:51:40.981+0000] {processor.py:914} INFO - Processing file /opt/airflow/dags/03_branching_dag.py for tasks to queue
[2026-08-23T15:51:40.992+0000] {logging_mixin.py:190} INFO - [2026-08-23T15:51:40.990+0000] {dagbag.py:588} INFO - Filling up the DagBag from /opt/airflow/dags/03_branching_dag.py
[2026-08-23T15:51:41.023+0000] {processor.py:925} INFO - DAG(s) 'branching_dag' retrieved from /opt/airflow/dags/03_branching_dag.py
[2026-08-23T15:51:41.074+0000] {logging_mixin.py:190} INFO - [2026-08-23T15:51:41.074+0000] {dag.py:3239} INFO - Sync 1 DAGs
[2026-08-23T15:51:41.095+0000] {logging_mixin.py:190} INFO - [2026-08-23T15:51:41.095+0000] {dag.py:4180} INFO - Setting next_dagrun for branching_dag to None, run_after=None
[2026-08-23T15:51:41.120+0000] {processor.py:208} INFO - Processing /opt/airflow/dags/03_branching_dag.py took 0.169 seconds
[2026-08-23T15:52:11.817+0000] {processor.py:186} INFO - Started process (PID=900) to work on /opt/airflow/dags/03_branching_dag.py
[2026-08-23T15:52:11.819+0000] {processor.py:914} INFO - Processing file /opt/airflow/dags/03_branching_dag.py for tasks to queue
[2026-08-23T15:52:11.827+0000] {logging_mixin.py:190} INFO - [2026-08-23T15:52:11.825+0000] {dagbag.py:588} INFO - Filling up the DagBag from /opt/airflow/dags/03_branching_dag.py
[2026-08-23T15:52:11.878+0000] {processor.py:925} INFO - DAG(s) 'branching_dag' retrieved from /opt/airflow/dags/03_branching_dag.py
[2026-08-23T15:52:11.946+0000] {logging_mixin.py:190} INFO - [2026-08-23T15:52:11.945+0000] {dag.py:3239} INFO - Sync 1 DAGs
[2026-08-23T15:52:11.962+0000] {logging_mixin.py:190} INFO - [2026-08-23T15:52:11.961+0000] {dag.py:4180} INFO - Setting next_dagrun for branching_dag to None, run_after=None
[2026-08-23T15:52:11.981+0000] {processor.py:208} INFO - Processing /opt/airflow/dags/03_branching_dag.py took 0.174 seconds
[2026-08-23T15:52:42.557+0000] {processor.py:186} INFO - Started process (PID=911) to work on /opt/airflow/dags/03_branching_dag.py
[2026-08-23T15:52:42.561+0000] {processor.py:914} INFO - Processing file /opt/airflow/dags/03_branching_dag.py for tasks to queue
[2026-08-23T15:52:42.570+0000] {logging_mixin.py:190} INFO - [2026-08-23T15:52:42.569+0000] {dagbag.py:588} INFO - Filling up the DagBag from /opt/airflow/dags/03_branching_dag.py
[2026-08-23T15:52:42.590+0000] {processor.py:925} INFO - DAG(s) 'branching_dag' retrieved from /opt/airflow/dags/03_branching_dag.py
[2026-08-23T15:52:42.638+0000] {logging_mixin.py:190} INFO - [2026-08-23T15:52:42.638+0000] {dag.py:3239} INFO - Sync 1 DAGs
[2026-08-23T15:52:42.659+0000] {logging_mixin.py:190} INFO - [2026-08-23T15:52:42.659+0000] {dag.py:4180} INFO - Setting next_dagrun for branching_dag to None, run_after=None
[2026-08-23T15:52:42.683+0000] {processor.py:208} INFO - Processing /opt/airflow/dags/03_branching_dag.py took 0.143 seconds
[2026-08-23T15:53:13.265+0000] {processor.py:186} INFO - Started process (PID=921) to work on /opt/airflow/dags/03_branching_dag.py
[2026-08-23T15:53:13.268+0000] {processor.py:914} INFO - Processing file /opt/airflow/dags/03_branching_dag.py for tasks to queue
[2026-08-23T15:53:13.277+0000] {logging_mixin.py:190} INFO - [2026-08-23T15:53:13.276+0000] {dagbag.py:588} INFO - Filling up the DagBag from /opt/airflow/dags/03_branching_dag.py
[2026-08-23T15:53:13.301+0000] {processor.py:925} INFO - DAG(s) 'branching_dag' retrieved from /opt/airflow/dags/03_branching_dag.py
[2026-08-23T15:53:13.354+0000] {logging_mixin.py:190} INFO - [2026-08-23T15:53:13.354+0000] {dag.py:3239} INFO - Sync 1 DAGs
[2026-08-23T15:53:13.371+0000] {logging_mixin.py:190} INFO - [2026-08-23T15:53:13.371+0000] {dag.py:4180} INFO - Setting next_dagrun for branching_dag to None, run_after=None
[2026-08-23T15:53:13.391+0000] {processor.py:208} INFO - Processing /opt/airflow/dags/03_branching_dag.py took 0.145 seconds
[2026-08-23T15:53:43.940+0000] {processor.py:186} INFO - Started process (PID=931) to work on /opt/airflow/dags/03_branching_dag.py
[2026-08-23T15:53:43.945+0000] {processor.py:914} INFO - Processing file /opt/airflow/dags/03_branching_dag.py for tasks to queue
[2026-08-23T15:53:43.961+0000] {logging_mixin.py:190} INFO - [2026-08-23T15:53:43.960+0000] {dagbag.py:588} INFO - Filling up the DagBag from /opt/airflow/dags/03_branching_dag.py
[2026-08-23T15:53:43.989+0000] {processor.py:925} INFO - DAG(s) 'branching_dag' retrieved from /opt/airflow/dags/03_branching_dag.py
[2026-08-23T15:53:44.036+0000] {logging_mixin.py:190} INFO - [2026-08-23T15:53:44.036+0000] {dag.py:3239} INFO - Sync 1 DAGs
[2026-08-23T15:53:44.051+0000] {logging_mixin.py:190} INFO - [2026-08-23T15:53:44.051+0000] {dag.py:4180} INFO - Setting next_dagrun for branching_dag to None, run_after=None
[2026-08-23T15:53:44.070+0000] {processor.py:208} INFO - Processing /opt/airflow/dags/03_branching_dag.py took 0.154 seconds
[2026-08-23T15:54:14.646+0000] {processor.py:186} INFO - Started process (PID=941) to work on /opt/airflow/dags/03_branching_dag.py
[2026-08-23T15:54:14.649+0000] {processor.py:914} INFO - Processing file /opt/airflow/dags/03_branching_dag.py for tasks to queue
[2026-08-23T15:54:14.656+0000] {logging_mixin.py:190} INFO - [2026-08-23T15:54:14.655+0000] {dagbag.py:588} INFO - Filling up the DagBag from /opt/airflow/dags/03_branching_dag.py
[2026-08-23T15:54:14.689+0000] {processor.py:925} INFO - DAG(s) 'branching_dag' retrieved from /opt/airflow/dags/03_branching_dag.py
[2026-08-23T15:54:14.749+0000] {logging_mixin.py:190} INFO - [2026-08-23T15:54:14.749+0000] {dag.py:3239} INFO - Sync 1 DAGs
[2026-08-23T15:54:14.775+0000] {logging_mixin.py:190} INFO - [2026-08-23T15:54:14.774+0000] {dag.py:4180} INFO - Setting next_dagrun for branching_dag to None, run_after=None
[2026-08-23T15:54:14.805+0000] {processor.py:208} INFO - Processing /opt/airflow/dags/03_branching_dag.py took 0.178 seconds
[2026-08-23T15:54:45.403+0000] {processor.py:186} INFO - Started process (PID=951) to work on /opt/airflow/dags/03_branching_dag.py
[2026-08-23T15:54:45.405+0000] {processor.py:914} INFO - Processing file /opt/airflow/dags/03_branching_dag.py for tasks to queue
[2026-08-23T15:54:45.414+0000] {logging_mixin.py:190} INFO - [2026-08-23T15:54:45.413+0000] {dagbag.py:588} INFO - Filling up the DagBag from /opt/airflow/dags/03_branching_dag.py
[2026-08-23T15:54:45.443+0000] {processor.py:925} INFO - DAG(s) 'branching_dag' retrieved from /opt/airflow/dags/03_branching_dag.py
[2026-08-23T15:54:45.496+0000] {logging_mixin.py:190} INFO - [2026-08-23T15:54:45.496+0000] {dag.py:3239} INFO - Sync 1 DAGs
[2026-08-23T15:54:45.516+0000] {logging_mixin.py:190} INFO - [2026-08-23T15:54:45.515+0000] {dag.py:4180} INFO - Setting next_dagrun for branching_dag to None, run_after=None
[2026-08-23T15:54:45.533+0000] {processor.py:208} INFO - Processing /opt/airflow/dags/03_branching_dag.py took 0.157 seconds
[2026-08-23T15:55:16.079+0000] {processor.py:186} INFO - Started process (PID=961) to work on /opt/airflow/dags/03_branching_dag.py
[2026-08-23T15:55:16.083+0000] {processor.py:914} INFO - Processing file /opt/airflow/dags/03_branching_dag.py for tasks to queue
[2026-08-23T15:55:16.089+0000] {logging_mixin.py:190} INFO - [2026-08-23T15:55:16.089+0000] {dagbag.py:588} INFO - Filling up the DagBag from /opt/airflow/dags/03_branching_dag.py
[2026-08-23T15:55:16.111+0000] {processor.py:925} INFO - DAG(s) 'branching_dag' retrieved from /opt/airflow/dags/03_branching_dag.py
[2026-08-23T15:55:16.172+0000] {logging_mixin.py:190} INFO - [2026-08-23T15:55:16.172+0000] {dag.py:3239} INFO - Sync 1 DAGs
[2026-08-23T15:55:16.200+0000] {logging_mixin.py:190} INFO - [2026-08-23T15:55:16.199+0000] {dag.py:4180} INFO - Setting next_dagrun for branching_dag to None, run_after=None
[2026-08-23T15:55:16.223+0000] {processor.py:208} INFO - Processing /opt/airflow/dags/03_branching_dag.py took 0.164 seconds
[2026-08-23T15:55:47.024+0000] {processor.py:186} INFO - Started process (PID=971) to work on /opt/airflow/dags/03_branching_dag.py
[2026-08-23T15:55:47.037+0000] {processor.py:914} INFO - Processing file /opt/airflow/dags/03_branching_dag.py for tasks to queue
[2026-08-23T15:55:47.050+0000] {logging_mixin.py:190} INFO - [2026-08-23T15:55:47.049+0000] {dagbag.py:588} INFO - Filling up the DagBag from /opt/airflow/dags/03_branching_dag.py
[2026-08-23T15:55:47.087+0000] {processor.py:925} INFO - DAG(s) 'branching_dag' retrieved from /opt/airflow/dags/03_branching_dag.py
[2026-08-23T15:55:47.156+0000] {logging_mixin.py:190} INFO - [2026-08-23T15:55:47.156+0000] {dag.py:3239} INFO - Sync 1 DAGs
[2026-08-23T15:55:47.182+0000] {logging_mixin.py:190} INFO - [2026-08-23T15:55:47.181+0000] {dag.py:4180} INFO - Setting next_dagrun for branching_dag to None, run_after=None
[2026-08-23T15:55:47.200+0000] {processor.py:208} INFO - Processing /opt/airflow/dags/03_branching_dag.py took 0.234 seconds
[2026-08-23T15:56:17.370+0000] {processor.py:186} INFO - Started process (PID=981) to work on /opt/airflow/dags/03_branching_dag.py
[2026-08-23T15:56:17.375+0000] {processor.py:914} INFO - Processing file /opt/airflow/dags/03_branching_dag.py for tasks to queue
[2026-08-23T15:56:17.381+0000] {logging_mixin.py:190} INFO - [2026-08-23T15:56:17.381+0000] {dagbag.py:588} INFO - Filling up the DagBag from /opt/airflow/dags/03_branching_dag.py
[2026-08-23T15:56:17.415+0000] {processor.py:925} INFO - DAG(s) 'branching_dag' retrieved from /opt/airflow/dags/03_branching_dag.py
[2026-08-23T15:56:17.472+0000] {logging_mixin.py:190} INFO - [2026-08-23T15:56:17.471+0000] {dag.py:3239} INFO - Sync 1 DAGs
[2026-08-23T15:56:17.499+0000] {logging_mixin.py:190} INFO - [2026-08-23T15:56:17.498+0000] {dag.py:4180} INFO - Setting next_dagrun for branching_dag to None, run_after=None
[2026-08-23T15:56:17.519+0000] {processor.py:208} INFO - Processing /opt/airflow/dags/03_branching_dag.py took 0.173 seconds
[2026-08-23T15:56:48.478+0000] {processor.py:186} INFO - Started process (PID=991) to work on /opt/airflow/dags/03_branching_dag.py
[2026-08-23T15:56:48.480+0000] {processor.py:914} INFO - Processing file /opt/airflow/dags/03_branching_dag.py for tasks to queue
[2026-08-23T15:56:48.495+0000] {logging_mixin.py:190} INFO - [2026-08-23T15:56:48.494+0000] {dagbag.py:588} INFO - Filling up the DagBag from /opt/airflow/dags/03_branching_dag.py
[2026-08-23T15:56:48.522+0000] {processor.py:925} INFO - DAG(s) 'branching_dag' retrieved from /opt/airflow/dags/03_branching_dag.py
[2026-08-23T15:56:48.653+0000] {logging_mixin.py:190} INFO - [2026-08-23T15:56:48.653+0000] {dag.py:3239} INFO - Sync 1 DAGs
[2026-08-23T15:56:48.708+0000] {logging_mixin.py:190} INFO - [2026-08-23T15:56:48.708+0000] {dag.py:4180} INFO - Setting next_dagrun for branching_dag to None, run_after=None
[2026-08-23T15:56:48.743+0000] {processor.py:208} INFO - Processing /opt/airflow/dags/03_branching_dag.py took 0.293 seconds
[2026-08-23T15:57:19.555+0000] {processor.py:186} INFO - Started process (PID=1001) to work on /opt/airflow/dags/03_branching_dag.py
[2026-08-23T15:57:19.558+0000] {processor.py:914} INFO - Processing file /opt/airflow/dags/03_branching_dag.py for tasks to queue
[2026-08-23T15:57:19.567+0000] {logging_mixin.py:190} INFO - [2026-08-23T15:57:19.565+0000] {dagbag.py:588} INFO - Filling up the DagBag from /opt/airflow/dags/03_branching_dag.py
[2026-08-23T15:57:19.602+0000] {processor.py:925} INFO - DAG(s) 'branching_dag' retrieved from /opt/airflow/dags/03_branching_dag.py
[2026-08-23T15:57:19.682+0000] {logging_mixin.py:190} INFO - [2026-08-23T15:57:19.681+0000] {dag.py:3239} INFO - Sync 1 DAGs
[2026-08-23T15:57:19.713+0000] {logging_mixin.py:190} INFO - [2026-08-23T15:57:19.713+0000] {dag.py:4180} INFO - Setting next_dagrun for branching_dag to None, run_after=None
[2026-08-23T15:57:19.743+0000] {processor.py:208} INFO - Processing /opt/airflow/dags/03_branching_dag.py took 0.205 seconds
[2026-08-23T15:57:50.371+0000] {processor.py:186} INFO - Started process (PID=1011) to work on /opt/airflow/dags/03_branching_dag.py
[2026-08-23T15:57:50.373+0000] {processor.py:914} INFO - Processing file /opt/airflow/dags/03_branching_dag.py for tasks to queue
[2026-08-23T15:57:50.378+0000] {logging_mixin.py:190} INFO - [2026-08-23T15:57:50.378+0000] {dagbag.py:588} INFO - Filling up the DagBag from /opt/airflow/dags/03_branching_dag.py
[2026-08-23T15:57:50.396+0000] {processor.py:925} INFO - DAG(s) 'branching_dag' retrieved from /opt/airflow/dags/03_branching_dag.py
[2026-08-23T15:57:50.444+0000] {logging_mixin.py:190} INFO - [2026-08-23T15:57:50.444+0000] {dag.py:3239} INFO - Sync 1 DAGs
[2026-08-23T15:57:50.461+0000] {logging_mixin.py:190} INFO - [2026-08-23T15:57:50.461+0000] {dag.py:4180} INFO - Setting next_dagrun for branching_dag to None, run_after=None
[2026-08-23T15:57:50.478+0000] {processor.py:208} INFO - Processing /opt/airflow/dags/03_branching_dag.py took 0.121 seconds
[2026-08-23T15:58:21.144+0000] {processor.py:186} INFO - Started process (PID=1021) to work on /opt/airflow/dags/03_branching_dag.py
[2026-08-23T15:58:21.148+0000] {processor.py:914} INFO - Processing file /opt/airflow/dags/03_branching_dag.py for tasks to queue
[2026-08-23T15:58:21.155+0000] {logging_mixin.py:190} INFO - [2026-08-23T15:58:21.155+0000] {dagbag.py:588} INFO - Filling up the DagBag from /opt/airflow/dags/03_branching_dag.py
[2026-08-23T15:58:21.220+0000] {processor.py:925} INFO - DAG(s) 'branching_dag' retrieved from /opt/airflow/dags/03_branching_dag.py
[2026-08-23T15:58:21.354+0000] {logging_mixin.py:190} INFO - [2026-08-23T15:58:21.354+0000] {dag.py:3239} INFO - Sync 1 DAGs
[2026-08-23T15:58:21.450+0000] {logging_mixin.py:190} INFO - [2026-08-23T15:58:21.449+0000] {dag.py:4180} INFO - Setting next_dagrun for branching_dag to None, run_after=None
[2026-08-23T15:58:21.520+0000] {processor.py:208} INFO - Processing /opt/airflow/dags/03_branching_dag.py took 0.398 seconds
[2026-08-23T15:58:52.312+0000] {processor.py:186} INFO - Started process (PID=1031) to work on /opt/airflow/dags/03_branching_dag.py
[2026-08-23T15:58:52.316+0000] {processor.py:914} INFO - Processing file /opt/airflow/dags/03_branching_dag.py for tasks to queue
[2026-08-23T15:58:52.329+0000] {logging_mixin.py:190} INFO - [2026-08-23T15:58:52.329+0000] {dagbag.py:588} INFO - Filling up the DagBag from /opt/airflow/dags/03_branching_dag.py
[2026-08-23T15:58:52.353+0000] {processor.py:925} INFO - DAG(s) 'branching_dag' retrieved from /opt/airflow/dags/03_branching_dag.py
[2026-08-23T15:58:52.415+0000] {logging_mixin.py:190} INFO - [2026-08-23T15:58:52.415+0000] {dag.py:3239} INFO - Sync 1 DAGs
[2026-08-23T15:58:52.433+0000] {logging_mixin.py:190} INFO - [2026-08-23T15:58:52.433+0000] {dag.py:4180} INFO - Setting next_dagrun for branching_dag to None, run_after=None
[2026-08-23T15:58:52.456+0000] {processor.py:208} INFO - Processing /opt/airflow/dags/03_branching_dag.py took 0.159 seconds
[2026-08-23T15:59:23.120+0000] {processor.py:186} INFO - Started process (PID=1041) to work on /opt/airflow/dags/03_branching_dag.py
[2026-08-23T15:59:23.123+0000] {processor.py:914} INFO - Processing file /opt/airflow/dags/03_branching_dag.py for tasks to queue
[2026-08-23T15:59:23.128+0000] {logging_mixin.py:190} INFO - [2026-08-23T15:59:23.127+0000] {dagbag.py:588} INFO - Filling up the DagBag from /opt/airflow/dags/03_branching_dag.py
[2026-08-23T15:59:23.159+0000] {processor.py:925} INFO - DAG(s) 'branching_dag' retrieved from /opt/airflow/dags/03_branching_dag.py
[2026-08-23T15:59:23.226+0000] {logging_mixin.py:190} INFO - [2026-08-23T15:59:23.225+0000] {dag.py:3239} INFO - Sync 1 DAGs
[2026-08-23T15:59:23.253+0000] {logging_mixin.py:190} INFO - [2026-08-23T15:59:23.252+0000] {dag.py:4180} INFO - Setting next_dagrun for branching_dag to None, run_after=None
[2026-08-23T15:59:23.271+0000] {processor.py:208} INFO - Processing /opt/airflow/dags/03_branching_dag.py took 0.164 seconds
[2026-08-23T15:59:53.953+0000] {processor.py:186} INFO - Started process (PID=1051) to work on /opt/airflow/dags/03_branching_dag.py
[2026-08-23T15:59:53.958+0000] {processor.py:914} INFO - Processing file /opt/airflow/dags/03_branching_dag.py for tasks to queue
[2026-08-23T15:59:53.966+0000] {logging_mixin.py:190} INFO - [2026-08-23T15:59:53.965+0000] {dagbag.py:588} INFO - Filling up the DagBag from /opt/airflow/dags/03_branching_dag.py
[2026-08-23T15:59:53.997+0000] {processor.py:925} INFO - DAG(s) 'branching_dag' retrieved from /opt/airflow/dags/03_branching_dag.py
[2026-08-23T15:59:54.059+0000] {logging_mixin.py:190} INFO - [2026-08-23T15:59:54.059+0000] {dag.py:3239} INFO - Sync 1 DAGs
[2026-08-23T15:59:54.082+0000] {logging_mixin.py:190} INFO - [2026-08-23T15:59:54.082+0000] {dag.py:4180} INFO - Setting next_dagrun for branching_dag to None, run_after=None
[2026-08-23T15:59:54.100+0000] {processor.py:208} INFO - Processing /opt/airflow/dags/03_branching_dag.py took 0.173 seconds
[2026-08-23T16:00:24.620+0000] {processor.py:186} INFO - Started process (PID=1061) to work on /opt/airflow/dags/03_branching_dag.py
[2026-08-23T16:00:24.622+0000] {processor.py:914} INFO - Processing file /opt/airflow/dags/03_branching_dag.py for tasks to queue
[2026-08-23T16:00:24.628+0000] {logging_mixin.py:190} INFO - [2026-08-23T16:00:24.627+0000] {dagbag.py:588} INFO - Filling up the DagBag from /opt/airflow/dags/03_branching_dag.py
[2026-08-23T16:00:24.652+0000] {processor.py:925} INFO - DAG(s) 'branching_dag' retrieved from /opt/airflow/dags/03_branching_dag.py
[2026-08-23T16:00:24.705+0000] {logging_mixin.py:190} INFO - [2026-08-23T16:00:24.705+0000] {dag.py:3239} INFO - Sync 1 DAGs
[2026-08-23T16:00:24.725+0000] {logging_mixin.py:190} INFO - [2026-08-23T16:00:24.725+0000] {dag.py:4180} INFO - Setting next_dagrun for branching_dag to None, run_after=None
[2026-08-23T16:00:24.743+0000] {processor.py:208} INFO - Processing /opt/airflow/dags/03_branching_dag.py took 0.145 seconds
[2026-08-23T16:00:55.498+0000] {processor.py:186} INFO - Started process (PID=1071) to work on /opt/airflow/dags/03_branching_dag.py
[2026-08-23T16:00:55.503+0000] {processor.py:914} INFO - Processing file /opt/airflow/dags/03_branching_dag.py for tasks to queue
[2026-08-23T16:00:55.522+0000] {logging_mixin.py:190} INFO - [2026-08-23T16:00:55.521+0000] {dagbag.py:588} INFO - Filling up the DagBag from /opt/airflow/dags/03_branching_dag.py
[2026-08-23T16:00:55.547+0000] {processor.py:925} INFO - DAG(s) 'branching_dag' retrieved from /opt/airflow/dags/03_branching_dag.py
[2026-08-23T16:00:55.615+0000] {logging_mixin.py:190} INFO - [2026-08-23T16:00:55.615+0000] {dag.py:3239} INFO - Sync 1 DAGs
[2026-08-23T16:00:55.635+0000] {logging_mixin.py:190} INFO - [2026-08-23T16:00:55.635+0000] {dag.py:4180} INFO - Setting next_dagrun for branching_dag to None, run_after=None
[2026-08-23T16:00:55.681+0000] {processor.py:208} INFO - Processing /opt/airflow/dags/03_branching_dag.py took 0.201 seconds
[2026-08-23T16:01:26.590+0000] {processor.py:186} INFO - Started process (PID=1081) to work on /opt/airflow/dags/03_branching_dag.py
[2026-08-23T16:01:26.593+0000] {processor.py:914} INFO - Processing file /opt/airflow/dags/03_branching_dag.py for tasks to queue
[2026-08-23T16:01:26.599+0000] {logging_mixin.py:190} INFO - [2026-08-23T16:01:26.599+0000] {dagbag.py:588} INFO - Filling up the DagBag from /opt/airflow/dags/03_branching_dag.py
[2026-08-23T16:01:26.623+0000] {processor.py:925} INFO - DAG(s) 'branching_dag' retrieved from /opt/airflow/dags/03_branching_dag.py
[2026-08-23T16:01:26.719+0000] {logging_mixin.py:190} INFO - [2026-08-23T16:01:26.719+0000] {dag.py:3239} INFO - Sync 1 DAGs
[2026-08-23T16:01:26.754+0000] {logging_mixin.py:190} INFO - [2026-08-23T16:01:26.754+0000] {dag.py:4180} INFO - Setting next_dagrun for branching_dag to None, run_after=None
[2026-08-23T16:01:26.789+0000] {processor.py:208} INFO - Processing /opt/airflow/dags/03_branching_dag.py took 0.211 seconds
[2026-08-23T16:01:56.898+0000] {processor.py:186} INFO - Started process (PID=1091) to work on /opt/airflow/dags/03_branching_dag.py
[2026-08-23T16:01:56.902+0000] {processor.py:914} INFO - Processing file /opt/airflow/dags/03_branching_dag.py for tasks to queue
[2026-08-23T16:01:56.914+0000] {logging_mixin.py:190} INFO - [2026-08-23T16:01:56.913+0000] {dagbag.py:588} INFO - Filling up the DagBag from /opt/airflow/dags/03_branching_dag.py
[2026-08-23T16:01:56.938+0000] {processor.py:925} INFO - DAG(s) 'branching_dag' retrieved from /opt/airflow/dags/03_branching_dag.py
[2026-08-23T16:01:57.025+0000] {logging_mixin.py:190} INFO - [2026-08-23T16:01:57.025+0000] {dag.py:3239} INFO - Sync 1 DAGs
[2026-08-23T16:01:57.051+0000] {logging_mixin.py:190} INFO - [2026-08-23T16:01:57.051+0000] {dag.py:4180} INFO - Setting next_dagrun for branching_dag to None, run_after=None
[2026-08-23T16:01:57.076+0000] {processor.py:208} INFO - Processing /opt/airflow/dags/03_branching_dag.py took 0.201 seconds
[2026-08-23T16:02:27.687+0000] {processor.py:186} INFO - Started process (PID=1101) to work on /opt/airflow/dags/03_branching_dag.py
[2026-08-23T16:02:27.693+0000] {processor.py:914} INFO - Processing file /opt/airflow/dags/03_branching_dag.py for tasks to queue
[2026-08-23T16:02:27.698+0000] {logging_mixin.py:190} INFO - [2026-08-23T16:02:27.697+0000] {dagbag.py:588} INFO - Filling up the DagBag from /opt/airflow/dags/03_branching_dag.py
[2026-08-23T16:02:27.722+0000] {processor.py:925} INFO - DAG(s) 'branching_dag' retrieved from /opt/airflow/dags/03_branching_dag.py
[2026-08-23T16:02:27.798+0000] {logging_mixin.py:190} INFO - [2026-08-23T16:02:27.798+0000] {dag.py:3239} INFO - Sync 1 DAGs
[2026-08-23T16:02:27.820+0000] {logging_mixin.py:190} INFO - [2026-08-23T16:02:27.820+0000] {dag.py:4180} INFO - Setting next_dagrun for branching_dag to None, run_after=None
[2026-08-23T16:02:27.842+0000] {processor.py:208} INFO - Processing /opt/airflow/dags/03_branching_dag.py took 0.167 seconds
[2026-08-23T16:02:58.558+0000] {processor.py:186} INFO - Started process (PID=1111) to work on /opt/airflow/dags/03_branching_dag.py
[2026-08-23T16:02:58.563+0000] {processor.py:914} INFO - Processing file /opt/airflow/dags/03_branching_dag.py for tasks to queue
[2026-08-23T16:02:58.573+0000] {logging_mixin.py:190} INFO - [2026-08-23T16:02:58.573+0000] {dagbag.py:588} INFO - Filling up the DagBag from /opt/airflow/dags/03_branching_dag.py
[2026-08-23T16:02:58.606+0000] {processor.py:925} INFO - DAG(s) 'branching_dag' retrieved from /opt/airflow/dags/03_branching_dag.py
[2026-08-23T16:02:58.697+0000] {logging_mixin.py:190} INFO - [2026-08-23T16:02:58.697+0000] {dag.py:3239} INFO - Sync 1 DAGs
[2026-08-23T16:02:58.724+0000] {logging_mixin.py:190} INFO - [2026-08-23T16:02:58.724+0000] {dag.py:4180} INFO - Setting next_dagrun for branching_dag to None, run_after=None
[2026-08-23T16:02:58.750+0000] {processor.py:208} INFO - Processing /opt/airflow/dags/03_branching_dag.py took 0.223 seconds
[2026-08-23T16:03:29.515+0000] {processor.py:186} INFO - Started process (PID=1121) to work on /opt/airflow/dags/03_branching_dag.py
[2026-08-23T16:03:29.520+0000] {processor.py:914} INFO - Processing file /opt/airflow/dags/03_branching_dag.py for tasks to queue
[2026-08-23T16:03:29.529+0000] {logging_mixin.py:190} INFO - [2026-08-23T16:03:29.528+0000] {dagbag.py:588} INFO - Filling up the DagBag from /opt/airflow/dags/03_branching_dag.py
[2026-08-23T16:03:29.570+0000] {processor.py:925} INFO - DAG(s) 'branching_dag' retrieved from /opt/airflow/dags/03_branching_dag.py
[2026-08-23T16:03:29.642+0000] {logging_mixin.py:190} INFO - [2026-08-23T16:03:29.642+0000] {dag.py:3239} INFO - Sync 1 DAGs
[2026-08-23T16:03:29.677+0000] {logging_mixin.py:190} INFO - [2026-08-23T16:03:29.677+0000] {dag.py:4180} INFO - Setting next_dagrun for branching_dag to None, run_after=None
[2026-08-23T16:03:29.705+0000] {processor.py:208} INFO - Processing /opt/airflow/dags/03_branching_dag.py took 0.210 seconds
[2026-08-23T16:04:00.582+0000] {processor.py:186} INFO - Started process (PID=1131) to work on /opt/airflow/dags/03_branching_dag.py
[2026-08-23T16:04:00.585+0000] {processor.py:914} INFO - Processing file /opt/airflow/dags/03_branching_dag.py for tasks to queue
[2026-08-23T16:04:00.595+0000] {logging_mixin.py:190} INFO - [2026-08-23T16:04:00.595+0000] {dagbag.py:588} INFO - Filling up the DagBag from /opt/airflow/dags/03_branching_dag.py
[2026-08-23T16:04:00.638+0000] {processor.py:925} INFO - DAG(s) 'branching_dag' retrieved from /opt/airflow/dags/03_branching_dag.py
[2026-08-23T16:04:00.699+0000] {logging_mixin.py:190} INFO - [2026-08-23T16:04:00.698+0000] {dag.py:3239} INFO - Sync 1 DAGs
[2026-08-23T16:04:00.724+0000] {logging_mixin.py:190} INFO - [2026-08-23T16:04:00.724+0000] {dag.py:4180} INFO - Setting next_dagrun for branching_dag to None, run_after=None
[2026-08-23T16:04:00.745+0000] {processor.py:208} INFO - Processing /opt/airflow/dags/03_branching_dag.py took 0.184 seconds
[2026-08-23T16:04:31.319+0000] {processor.py:186} INFO - Started process (PID=1141) to work on /opt/airflow/dags/03_branching_dag.py
[2026-08-23T16:04:31.324+0000] {processor.py:914} INFO - Processing file /opt/airflow/dags/03_branching_dag.py for tasks to queue
[2026-08-23T16:04:31.330+0000] {logging_mixin.py:190} INFO - [2026-08-23T16:04:31.329+0000] {dagbag.py:588} INFO - Filling up the DagBag from /opt/airflow/dags/03_branching_dag.py
[2026-08-23T16:04:31.352+0000] {processor.py:925} INFO - DAG(s) 'branching_dag' retrieved from /opt/airflow/dags/03_branching_dag.py
[2026-08-23T16:04:31.407+0000] {logging_mixin.py:190} INFO - [2026-08-23T16:04:31.407+0000] {dag.py:3239} INFO - Sync 1 DAGs
[2026-08-23T16:04:31.428+0000] {logging_mixin.py:190} INFO - [2026-08-23T16:04:31.428+0000] {dag.py:4180} INFO - Setting next_dagrun for branching_dag to None, run_after=None
[2026-08-23T16:04:31.445+0000] {processor.py:208} INFO - Processing /opt/airflow/dags/03_branching_dag.py took 0.139 seconds
[2026-08-23T16:05:02.277+0000] {processor.py:186} INFO - Started process (PID=1151) to work on /opt/airflow/dags/03_branching_dag.py
[2026-08-23T16:05:02.279+0000] {processor.py:914} INFO - Processing file /opt/airflow/dags/03_branching_dag.py for tasks to queue
[2026-08-23T16:05:02.288+0000] {logging_mixin.py:190} INFO - [2026-08-23T16:05:02.287+0000] {dagbag.py:588} INFO - Filling up the DagBag from /opt/airflow/dags/03_branching_dag.py
[2026-08-23T16:05:02.311+0000] {processor.py:925} INFO - DAG(s) 'branching_dag' retrieved from /opt/airflow/dags/03_branching_dag.py
[2026-08-23T16:05:02.371+0000] {logging_mixin.py:190} INFO - [2026-08-23T16:05:02.370+0000] {dag.py:3239} INFO - Sync 1 DAGs
[2026-08-23T16:05:02.395+0000] {logging_mixin.py:190} INFO - [2026-08-23T16:05:02.395+0000] {dag.py:4180} INFO - Setting next_dagrun for branching_dag to None, run_after=None
[2026-08-23T16:05:02.422+0000] {processor.py:208} INFO - Processing /opt/airflow/dags/03_branching_dag.py took 0.169 seconds
[2026-08-23T16:05:33.189+0000] {processor.py:186} INFO - Started process (PID=1161) to work on /opt/airflow/dags/03_branching_dag.py
[2026-08-23T16:05:33.193+0000] {processor.py:914} INFO - Processing file /opt/airflow/dags/03_branching_dag.py for tasks to queue
[2026-08-23T16:05:33.204+0000] {logging_mixin.py:190} INFO - [2026-08-23T16:05:33.203+0000] {dagbag.py:588} INFO - Filling up the DagBag from /opt/airflow/dags/03_branching_dag.py
[2026-08-23T16:05:33.236+0000] {processor.py:925} INFO - DAG(s) 'branching_dag' retrieved from /opt/airflow/dags/03_branching_dag.py
[2026-08-23T16:05:33.300+0000] {logging_mixin.py:190} INFO - [2026-08-23T16:05:33.300+0000] {dag.py:3239} INFO - Sync 1 DAGs
[2026-08-23T16:05:33.319+0000] {logging_mixin.py:190} INFO - [2026-08-23T16:05:33.318+0000] {dag.py:4180} INFO - Setting next_dagrun for branching_dag to None, run_after=None
[2026-08-23T16:05:33.337+0000] {processor.py:208} INFO - Processing /opt/airflow/dags/03_branching_dag.py took 0.177 seconds
[2026-08-23T16:06:04.401+0000] {processor.py:186} INFO - Started process (PID=1172) to work on /opt/airflow/dags/03_branching_dag.py
[2026-08-23T16:06:04.403+0000] {processor.py:914} INFO - Processing file /opt/airflow/dags/03_branching_dag.py for tasks to queue
[2026-08-23T16:06:04.406+0000] {logging_mixin.py:190} INFO - [2026-08-23T16:06:04.406+0000] {dagbag.py:588} INFO - Filling up the DagBag from /opt/airflow/dags/03_branching_dag.py
[2026-08-23T16:06:04.430+0000] {processor.py:925} INFO - DAG(s) 'branching_dag' retrieved from /opt/airflow/dags/03_branching_dag.py
[2026-08-23T16:06:04.499+0000] {logging_mixin.py:190} INFO - [2026-08-23T16:06:04.498+0000] {dag.py:3239} INFO - Sync 1 DAGs
[2026-08-23T16:06:04.527+0000] {logging_mixin.py:190} INFO - [2026-08-23T16:06:04.526+0000] {dag.py:4180} INFO - Setting next_dagrun for branching_dag to None, run_after=None
[2026-08-23T16:06:04.558+0000] {processor.py:208} INFO - Processing /opt/airflow/dags/03_branching_dag.py took 0.171 seconds
[2026-08-23T16:06:35.596+0000] {processor.py:186} INFO - Started process (PID=1183) to work on /opt/airflow/dags/03_branching_dag.py
[2026-08-23T16:06:35.601+0000] {processor.py:914} INFO - Processing file /opt/airflow/dags/03_branching_dag.py for tasks to queue
[2026-08-23T16:06:35.613+0000] {logging_mixin.py:190} INFO - [2026-08-23T16:06:35.612+0000] {dagbag.py:588} INFO - Filling up the DagBag from /opt/airflow/dags/03_branching_dag.py
[2026-08-23T16:06:35.645+0000] {processor.py:925} INFO - DAG(s) 'branching_dag' retrieved from /opt/airflow/dags/03_branching_dag.py
[2026-08-23T16:06:35.719+0000] {logging_mixin.py:190} INFO - [2026-08-23T16:06:35.718+0000] {dag.py:3239} INFO - Sync 1 DAGs
[2026-08-23T16:06:35.742+0000] {logging_mixin.py:190} INFO - [2026-08-23T16:06:35.742+0000] {dag.py:4180} INFO - Setting next_dagrun for branching_dag to None, run_after=None
[2026-08-23T16:06:35.774+0000] {processor.py:208} INFO - Processing /opt/airflow/dags/03_branching_dag.py took 0.192 seconds
[2026-08-23T16:07:06.621+0000] {processor.py:186} INFO - Started process (PID=1194) to work on /opt/airflow/dags/03_branching_dag.py
[2026-08-23T16:07:06.623+0000] {processor.py:914} INFO - Processing file /opt/airflow/dags/03_branching_dag.py for tasks to queue
[2026-08-23T16:07:06.630+0000] {logging_mixin.py:190} INFO - [2026-08-23T16:07:06.630+0000] {dagbag.py:588} INFO - Filling up the DagBag from /opt/airflow/dags/03_branching_dag.py
[2026-08-23T16:07:06.655+0000] {processor.py:925} INFO - DAG(s) 'branching_dag' retrieved from /opt/airflow/dags/03_branching_dag.py
[2026-08-23T16:07:06.706+0000] {logging_mixin.py:190} INFO - [2026-08-23T16:07:06.706+0000] {dag.py:3239} INFO - Sync 1 DAGs
[2026-08-23T16:07:06.722+0000] {logging_mixin.py:190} INFO - [2026-08-23T16:07:06.722+0000] {dag.py:4180} INFO - Setting next_dagrun for branching_dag to None, run_after=None
[2026-08-23T16:07:06.738+0000] {processor.py:208} INFO - Processing /opt/airflow/dags/03_branching_dag.py took 0.130 seconds
[2026-08-23T16:07:36.824+0000] {processor.py:186} INFO - Started process (PID=1205) to work on /opt/airflow/dags/03_branching_dag.py
[2026-08-23T16:07:36.827+0000] {processor.py:914} INFO - Processing file /opt/airflow/dags/03_branching_dag.py for tasks to queue
[2026-08-23T16:07:36.835+0000] {logging_mixin.py:190} INFO - [2026-08-23T16:07:36.834+0000] {dagbag.py:588} INFO - Filling up the DagBag from /opt/airflow/dags/03_branching_dag.py
[2026-08-23T16:07:36.856+0000] {processor.py:925} INFO - DAG(s) 'branching_dag' retrieved from /opt/airflow/dags/03_branching_dag.py
[2026-08-23T16:07:36.901+0000] {logging_mixin.py:190} INFO - [2026-08-23T16:07:36.901+0000] {dag.py:3239} INFO - Sync 1 DAGs
[2026-08-23T16:07:36.924+0000] {logging_mixin.py:190} INFO - [2026-08-23T16:07:36.924+0000] {dag.py:4180} INFO - Setting next_dagrun for branching_dag to None, run_after=None
[2026-08-23T16:07:36.966+0000] {processor.py:208} INFO - Processing /opt/airflow/dags/03_branching_dag.py took 0.162 seconds
[2026-08-23T16:08:07.465+0000] {processor.py:186} INFO - Started process (PID=1216) to work on /opt/airflow/dags/03_branching_dag.py
[2026-08-23T16:08:07.470+0000] {processor.py:914} INFO - Processing file /opt/airflow/dags/03_branching_dag.py for tasks to queue
[2026-08-23T16:08:07.475+0000] {logging_mixin.py:190} INFO - [2026-08-23T16:08:07.474+0000] {dagbag.py:588} INFO - Filling up the DagBag from /opt/airflow/dags/03_branching_dag.py
[2026-08-23T16:08:07.499+0000] {processor.py:925} INFO - DAG(s) 'branching_dag' retrieved from /opt/airflow/dags/03_branching_dag.py
[2026-08-23T16:08:07.549+0000] {logging_mixin.py:190} INFO - [2026-08-23T16:08:07.549+0000] {dag.py:3239} INFO - Sync 1 DAGs
[2026-08-23T16:08:07.572+0000] {logging_mixin.py:190} INFO - [2026-08-23T16:08:07.572+0000] {dag.py:4180} INFO - Setting next_dagrun for branching_dag to None, run_after=None
[2026-08-23T16:08:07.603+0000] {processor.py:208} INFO - Processing /opt/airflow/dags/03_branching_dag.py took 0.149 seconds
[2026-08-23T16:08:38.609+0000] {processor.py:186} INFO - Started process (PID=1233) to work on /opt/airflow/dags/03_branching_dag.py
[2026-08-23T16:08:38.611+0000] {processor.py:914} INFO - Processing file /opt/airflow/dags/03_branching_dag.py for tasks to queue
[2026-08-23T16:08:38.619+0000] {logging_mixin.py:190} INFO - [2026-08-23T16:08:38.618+0000] {dagbag.py:588} INFO - Filling up the DagBag from /opt/airflow/dags/03_branching_dag.py
[2026-08-23T16:08:38.649+0000] {processor.py:925} INFO - DAG(s) 'branching_dag' retrieved from /opt/airflow/dags/03_branching_dag.py
[2026-08-23T16:08:38.719+0000] {logging_mixin.py:190} INFO - [2026-08-23T16:08:38.719+0000] {dag.py:3239} INFO - Sync 1 DAGs
[2026-08-23T16:08:38.736+0000] {logging_mixin.py:190} INFO - [2026-08-23T16:08:38.736+0000] {dag.py:4180} INFO - Setting next_dagrun for branching_dag to None, run_after=None
[2026-08-23T16:08:38.760+0000] {processor.py:208} INFO - Processing /opt/airflow/dags/03_branching_dag.py took 0.163 seconds
[2026-08-23T16:09:09.381+0000] {processor.py:186} INFO - Started process (PID=1244) to work on /opt/airflow/dags/03_branching_dag.py
[2026-08-23T16:09:09.382+0000] {processor.py:914} INFO - Processing file /opt/airflow/dags/03_branching_dag.py for tasks to queue
[2026-08-23T16:09:09.386+0000] {logging_mixin.py:190} INFO - [2026-08-23T16:09:09.386+0000] {dagbag.py:588} INFO - Filling up the DagBag from /opt/airflow/dags/03_branching_dag.py
[2026-08-23T16:09:09.406+0000] {processor.py:925} INFO - DAG(s) 'branching_dag' retrieved from /opt/airflow/dags/03_branching_dag.py
[2026-08-23T16:09:09.443+0000] {logging_mixin.py:190} INFO - [2026-08-23T16:09:09.443+0000] {dag.py:3239} INFO - Sync 1 DAGs
[2026-08-23T16:09:09.459+0000] {logging_mixin.py:190} INFO - [2026-08-23T16:09:09.459+0000] {dag.py:4180} INFO - Setting next_dagrun for branching_dag to None, run_after=None
[2026-08-23T16:09:09.476+0000] {processor.py:208} INFO - Processing /opt/airflow/dags/03_branching_dag.py took 0.105 seconds
[2026-08-23T16:09:40.048+0000] {processor.py:186} INFO - Started process (PID=1262) to work on /opt/airflow/dags/03_branching_dag.py
[2026-08-23T16:09:40.051+0000] {processor.py:914} INFO - Processing file /opt/airflow/dags/03_branching_dag.py for tasks to queue
[2026-08-23T16:09:40.057+0000] {logging_mixin.py:190} INFO - [2026-08-23T16:09:40.056+0000] {dagbag.py:588} INFO - Filling up the DagBag from /opt/airflow/dags/03_branching_dag.py
[2026-08-23T16:09:40.103+0000] {processor.py:925} INFO - DAG(s) 'branching_dag' retrieved from /opt/airflow/dags/03_branching_dag.py
[2026-08-23T16:09:40.177+0000] {logging_mixin.py:190} INFO - [2026-08-23T16:09:40.177+0000] {dag.py:3239} INFO - Sync 1 DAGs
[2026-08-23T16:09:40.200+0000] {logging_mixin.py:190} INFO - [2026-08-23T16:09:40.200+0000] {dag.py:4180} INFO - Setting next_dagrun for branching_dag to None, run_after=None
[2026-08-23T16:09:40.220+0000] {processor.py:208} INFO - Processing /opt/airflow/dags/03_branching_dag.py took 0.193 seconds
[2026-08-23T16:10:10.996+0000] {processor.py:186} INFO - Started process (PID=1273) to work on /opt/airflow/dags/03_branching_dag.py
[2026-08-23T16:10:10.998+0000] {processor.py:914} INFO - Processing file /opt/airflow/dags/03_branching_dag.py for tasks to queue
[2026-08-23T16:10:11.004+0000] {logging_mixin.py:190} INFO - [2026-08-23T16:10:11.003+0000] {dagbag.py:588} INFO - Filling up the DagBag from /opt/airflow/dags/03_branching_dag.py
[2026-08-23T16:10:11.040+0000] {processor.py:925} INFO - DAG(s) 'branching_dag' retrieved from /opt/airflow/dags/03_branching_dag.py
[2026-08-23T16:10:11.106+0000] {logging_mixin.py:190} INFO - [2026-08-23T16:10:11.105+0000] {dag.py:3239} INFO - Sync 1 DAGs
[2026-08-23T16:10:11.132+0000] {logging_mixin.py:190} INFO - [2026-08-23T16:10:11.132+0000] {dag.py:4180} INFO - Setting next_dagrun for branching_dag to None, run_after=None
[2026-08-23T16:10:11.156+0000] {processor.py:208} INFO - Processing /opt/airflow/dags/03_branching_dag.py took 0.173 seconds
[2026-08-23T16:10:42.008+0000] {processor.py:186} INFO - Started process (PID=1284) to work on /opt/airflow/dags/03_branching_dag.py
[2026-08-23T16:10:42.009+0000] {processor.py:914} INFO - Processing file /opt/airflow/dags/03_branching_dag.py for tasks to queue
[2026-08-23T16:10:42.014+0000] {logging_mixin.py:190} INFO - [2026-08-23T16:10:42.014+0000] {dagbag.py:588} INFO - Filling up the DagBag from /opt/airflow/dags/03_branching_dag.py
[2026-08-23T16:10:42.045+0000] {processor.py:925} INFO - DAG(s) 'branching_dag' retrieved from /opt/airflow/dags/03_branching_dag.py
[2026-08-23T16:10:42.121+0000] {logging_mixin.py:190} INFO - [2026-08-23T16:10:42.121+0000] {dag.py:3239} INFO - Sync 1 DAGs
[2026-08-23T16:10:42.141+0000] {logging_mixin.py:190} INFO - [2026-08-23T16:10:42.140+0000] {dag.py:4180} INFO - Setting next_dagrun for branching_dag to None, run_after=None
[2026-08-23T16:10:42.168+0000] {processor.py:208} INFO - Processing /opt/airflow/dags/03_branching_dag.py took 0.174 seconds
[2026-08-23T16:11:13.013+0000] {processor.py:186} INFO - Started process (PID=1295) to work on /opt/airflow/dags/03_branching_dag.py
[2026-08-23T16:11:13.015+0000] {processor.py:914} INFO - Processing file /opt/airflow/dags/03_branching_dag.py for tasks to queue
[2026-08-23T16:11:13.022+0000] {logging_mixin.py:190} INFO - [2026-08-23T16:11:13.022+0000] {dagbag.py:588} INFO - Filling up the DagBag from /opt/airflow/dags/03_branching_dag.py
[2026-08-23T16:11:13.049+0000] {processor.py:925} INFO - DAG(s) 'branching_dag' retrieved from /opt/airflow/dags/03_branching_dag.py
[2026-08-23T16:11:13.111+0000] {logging_mixin.py:190} INFO - [2026-08-23T16:11:13.110+0000] {dag.py:3239} INFO - Sync 1 DAGs
[2026-08-23T16:11:13.135+0000] {logging_mixin.py:190} INFO - [2026-08-23T16:11:13.134+0000] {dag.py:4180} INFO - Setting next_dagrun for branching_dag to None, run_after=None
[2026-08-23T16:11:13.158+0000] {processor.py:208} INFO - Processing /opt/airflow/dags/03_branching_dag.py took 0.160 seconds
[2026-08-23T16:11:43.957+0000] {processor.py:186} INFO - Started process (PID=1306) to work on /opt/airflow/dags/03_branching_dag.py
[2026-08-23T16:11:43.960+0000] {processor.py:914} INFO - Processing file /opt/airflow/dags/03_branching_dag.py for tasks to queue
[2026-08-23T16:11:43.973+0000] {logging_mixin.py:190} INFO - [2026-08-23T16:11:43.969+0000] {dagbag.py:588} INFO - Filling up the DagBag from /opt/airflow/dags/03_branching_dag.py
[2026-08-23T16:11:44.087+0000] {processor.py:925} INFO - DAG(s) 'branching_dag' retrieved from /opt/airflow/dags/03_branching_dag.py
[2026-08-23T16:11:44.149+0000] {logging_mixin.py:190} INFO - [2026-08-23T16:11:44.149+0000] {dag.py:3239} INFO - Sync 1 DAGs
[2026-08-23T16:11:44.186+0000] {logging_mixin.py:190} INFO - [2026-08-23T16:11:44.186+0000] {dag.py:4180} INFO - Setting next_dagrun for branching_dag to None, run_after=None
[2026-08-23T16:11:44.209+0000] {processor.py:208} INFO - Processing /opt/airflow/dags/03_branching_dag.py took 0.287 seconds
[2026-08-23T16:12:15.192+0000] {processor.py:186} INFO - Started process (PID=1317) to work on /opt/airflow/dags/03_branching_dag.py
[2026-08-23T16:12:15.195+0000] {processor.py:914} INFO - Processing file /opt/airflow/dags/03_branching_dag.py for tasks to queue
[2026-08-23T16:12:15.204+0000] {logging_mixin.py:190} INFO - [2026-08-23T16:12:15.203+0000] {dagbag.py:588} INFO - Filling up the DagBag from /opt/airflow/dags/03_branching_dag.py
[2026-08-23T16:12:15.231+0000] {processor.py:925} INFO - DAG(s) 'branching_dag' retrieved from /opt/airflow/dags/03_branching_dag.py
[2026-08-23T16:12:15.310+0000] {logging_mixin.py:190} INFO - [2026-08-23T16:12:15.309+0000] {dag.py:3239} INFO - Sync 1 DAGs
[2026-08-23T16:12:15.337+0000] {logging_mixin.py:190} INFO - [2026-08-23T16:12:15.337+0000] {dag.py:4180} INFO - Setting next_dagrun for branching_dag to None, run_after=None
[2026-08-23T16:12:15.364+0000] {processor.py:208} INFO - Processing /opt/airflow/dags/03_branching_dag.py took 0.197 seconds
[2026-08-23T16:12:46.456+0000] {processor.py:186} INFO - Started process (PID=1328) to work on /opt/airflow/dags/03_branching_dag.py
[2026-08-23T16:12:46.460+0000] {processor.py:914} INFO - Processing file /opt/airflow/dags/03_branching_dag.py for tasks to queue
[2026-08-23T16:12:46.480+0000] {logging_mixin.py:190} INFO - [2026-08-23T16:12:46.478+0000] {dagbag.py:588} INFO - Filling up the DagBag from /opt/airflow/dags/03_branching_dag.py
[2026-08-23T16:12:46.522+0000] {processor.py:925} INFO - DAG(s) 'branching_dag' retrieved from /opt/airflow/dags/03_branching_dag.py
[2026-08-23T16:12:46.578+0000] {logging_mixin.py:190} INFO - [2026-08-23T16:12:46.578+0000] {dag.py:3239} INFO - Sync 1 DAGs
[2026-08-23T16:12:46.607+0000] {logging_mixin.py:190} INFO - [2026-08-23T16:12:46.607+0000] {dag.py:4180} INFO - Setting next_dagrun for branching_dag to None, run_after=None
[2026-08-23T16:12:46.643+0000] {processor.py:208} INFO - Processing /opt/airflow/dags/03_branching_dag.py took 0.208 seconds
[2026-08-23T16:13:17.365+0000] {processor.py:186} INFO - Started process (PID=1339) to work on /opt/airflow/dags/03_branching_dag.py
[2026-08-23T16:13:17.367+0000] {processor.py:914} INFO - Processing file /opt/airflow/dags/03_branching_dag.py for tasks to queue
[2026-08-23T16:13:17.379+0000] {logging_mixin.py:190} INFO - [2026-08-23T16:13:17.378+0000] {dagbag.py:588} INFO - Filling up the DagBag from /opt/airflow/dags/03_branching_dag.py
[2026-08-23T16:13:17.405+0000] {processor.py:925} INFO - DAG(s) 'branching_dag' retrieved from /opt/airflow/dags/03_branching_dag.py
[2026-08-23T16:13:17.465+0000] {logging_mixin.py:190} INFO - [2026-08-23T16:13:17.464+0000] {dag.py:3239} INFO - Sync 1 DAGs
[2026-08-23T16:13:17.493+0000] {logging_mixin.py:190} INFO - [2026-08-23T16:13:17.493+0000] {dag.py:4180} INFO - Setting next_dagrun for branching_dag to None, run_after=None
[2026-08-23T16:13:17.514+0000] {processor.py:208} INFO - Processing /opt/airflow/dags/03_branching_dag.py took 0.158 seconds
[2026-08-23T16:13:48.341+0000] {processor.py:186} INFO - Started process (PID=1350) to work on /opt/airflow/dags/03_branching_dag.py
[2026-08-23T16:13:48.345+0000] {processor.py:914} INFO - Processing file /opt/airflow/dags/03_branching_dag.py for tasks to queue
[2026-08-23T16:13:48.353+0000] {logging_mixin.py:190} INFO - [2026-08-23T16:13:48.352+0000] {dagbag.py:588} INFO - Filling up the DagBag from /opt/airflow/dags/03_branching_dag.py
[2026-08-23T16:13:48.386+0000] {processor.py:925} INFO - DAG(s) 'branching_dag' retrieved from /opt/airflow/dags/03_branching_dag.py
[2026-08-23T16:13:48.545+0000] {logging_mixin.py:190} INFO - [2026-08-23T16:13:48.545+0000] {dag.py:3239} INFO - Sync 1 DAGs
[2026-08-23T16:13:48.575+0000] {logging_mixin.py:190} INFO - [2026-08-23T16:13:48.575+0000] {dag.py:4180} INFO - Setting next_dagrun for branching_dag to None, run_after=None
[2026-08-23T16:13:48.611+0000] {processor.py:208} INFO - Processing /opt/airflow/dags/03_branching_dag.py took 0.286 seconds
[2026-08-23T16:14:19.522+0000] {processor.py:186} INFO - Started process (PID=1361) to work on /opt/airflow/dags/03_branching_dag.py
[2026-08-23T16:14:19.525+0000] {processor.py:914} INFO - Processing file /opt/airflow/dags/03_branching_dag.py for tasks to queue
[2026-08-23T16:14:19.537+0000] {logging_mixin.py:190} INFO - [2026-08-23T16:14:19.536+0000] {dagbag.py:588} INFO - Filling up the DagBag from /opt/airflow/dags/03_branching_dag.py
[2026-08-23T16:14:19.578+0000] {processor.py:925} INFO - DAG(s) 'branching_dag' retrieved from /opt/airflow/dags/03_branching_dag.py
[2026-08-23T16:14:19.685+0000] {logging_mixin.py:190} INFO - [2026-08-23T16:14:19.685+0000] {dag.py:3239} INFO - Sync 1 DAGs
[2026-08-23T16:14:19.708+0000] {logging_mixin.py:190} INFO - [2026-08-23T16:14:19.708+0000] {dag.py:4180} INFO - Setting next_dagrun for branching_dag to None, run_after=None
[2026-08-23T16:14:19.738+0000] {processor.py:208} INFO - Processing /opt/airflow/dags/03_branching_dag.py took 0.242 seconds
[2026-08-23T16:14:50.514+0000] {processor.py:186} INFO - Started process (PID=1372) to work on /opt/airflow/dags/03_branching_dag.py
[2026-08-23T16:14:50.516+0000] {processor.py:914} INFO - Processing file /opt/airflow/dags/03_branching_dag.py for tasks to queue
[2026-08-23T16:14:50.520+0000] {logging_mixin.py:190} INFO - [2026-08-23T16:14:50.520+0000] {dagbag.py:588} INFO - Filling up the DagBag from /opt/airflow/dags/03_branching_dag.py
[2026-08-23T16:14:50.547+0000] {processor.py:925} INFO - DAG(s) 'branching_dag' retrieved from /opt/airflow/dags/03_branching_dag.py
[2026-08-23T16:14:50.605+0000] {logging_mixin.py:190} INFO - [2026-08-23T16:14:50.604+0000] {dag.py:3239} INFO - Sync 1 DAGs
[2026-08-23T16:14:50.629+0000] {logging_mixin.py:190} INFO - [2026-08-23T16:14:50.628+0000] {dag.py:4180} INFO - Setting next_dagrun for branching_dag to None, run_after=None
[2026-08-23T16:14:50.653+0000] {processor.py:208} INFO - Processing /opt/airflow/dags/03_branching_dag.py took 0.154 seconds
[2026-08-23T16:15:21.541+0000] {processor.py:186} INFO - Started process (PID=1382) to work on /opt/airflow/dags/03_branching_dag.py
[2026-08-23T16:15:21.543+0000] {processor.py:914} INFO - Processing file /opt/airflow/dags/03_branching_dag.py for tasks to queue
[2026-08-23T16:15:21.547+0000] {logging_mixin.py:190} INFO - [2026-08-23T16:15:21.547+0000] {dagbag.py:588} INFO - Filling up the DagBag from /opt/airflow/dags/03_branching_dag.py
[2026-08-23T16:15:21.566+0000] {processor.py:925} INFO - DAG(s) 'branching_dag' retrieved from /opt/airflow/dags/03_branching_dag.py
[2026-08-23T16:15:21.614+0000] {logging_mixin.py:190} INFO - [2026-08-23T16:15:21.614+0000] {dag.py:3239} INFO - Sync 1 DAGs
[2026-08-23T16:15:21.630+0000] {logging_mixin.py:190} INFO - [2026-08-23T16:15:21.630+0000] {dag.py:4180} INFO - Setting next_dagrun for branching_dag to None, run_after=None
[2026-08-23T16:15:21.651+0000] {processor.py:208} INFO - Processing /opt/airflow/dags/03_branching_dag.py took 0.117 seconds
[2026-08-23T16:15:52.640+0000] {processor.py:186} INFO - Started process (PID=1393) to work on /opt/airflow/dags/03_branching_dag.py
[2026-08-23T16:15:52.642+0000] {processor.py:914} INFO - Processing file /opt/airflow/dags/03_branching_dag.py for tasks to queue
[2026-08-23T16:15:52.651+0000] {logging_mixin.py:190} INFO - [2026-08-23T16:15:52.650+0000] {dagbag.py:588} INFO - Filling up the DagBag from /opt/airflow/dags/03_branching_dag.py
[2026-08-23T16:15:52.674+0000] {processor.py:925} INFO - DAG(s) 'branching_dag' retrieved from /opt/airflow/dags/03_branching_dag.py
[2026-08-23T16:15:52.747+0000] {logging_mixin.py:190} INFO - [2026-08-23T16:15:52.746+0000] {dag.py:3239} INFO - Sync 1 DAGs
[2026-08-23T16:15:52.785+0000] {logging_mixin.py:190} INFO - [2026-08-23T16:15:52.785+0000] {dag.py:4180} INFO - Setting next_dagrun for branching_dag to None, run_after=None
[2026-08-23T16:15:52.809+0000] {processor.py:208} INFO - Processing /opt/airflow/dags/03_branching_dag.py took 0.179 seconds
[2026-08-23T16:16:23.551+0000] {processor.py:186} INFO - Started process (PID=1404) to work on /opt/airflow/dags/03_branching_dag.py
[2026-08-23T16:16:23.554+0000] {processor.py:914} INFO - Processing file /opt/airflow/dags/03_branching_dag.py for tasks to queue
[2026-08-23T16:16:23.561+0000] {logging_mixin.py:190} INFO - [2026-08-23T16:16:23.560+0000] {dagbag.py:588} INFO - Filling up the DagBag from /opt/airflow/dags/03_branching_dag.py
[2026-08-23T16:16:23.584+0000] {processor.py:925} INFO - DAG(s) 'branching_dag' retrieved from /opt/airflow/dags/03_branching_dag.py
[2026-08-23T16:16:23.639+0000] {logging_mixin.py:190} INFO - [2026-08-23T16:16:23.639+0000] {dag.py:3239} INFO - Sync 1 DAGs
[2026-08-23T16:16:23.667+0000] {logging_mixin.py:190} INFO - [2026-08-23T16:16:23.667+0000] {dag.py:4180} INFO - Setting next_dagrun for branching_dag to None, run_after=None
[2026-08-23T16:16:23.687+0000] {processor.py:208} INFO - Processing /opt/airflow/dags/03_branching_dag.py took 0.146 seconds
[2026-08-23T16:16:54.413+0000] {processor.py:186} INFO - Started process (PID=1416) to work on /opt/airflow/dags/03_branching_dag.py
[2026-08-23T16:16:54.414+0000] {processor.py:914} INFO - Processing file /opt/airflow/dags/03_branching_dag.py for tasks to queue
[2026-08-23T16:16:54.419+0000] {logging_mixin.py:190} INFO - [2026-08-23T16:16:54.418+0000] {dagbag.py:588} INFO - Filling up the DagBag from /opt/airflow/dags/03_branching_dag.py
[2026-08-23T16:16:54.449+0000] {processor.py:925} INFO - DAG(s) 'branching_dag' retrieved from /opt/airflow/dags/03_branching_dag.py
[2026-08-23T16:16:54.508+0000] {logging_mixin.py:190} INFO - [2026-08-23T16:16:54.508+0000] {dag.py:3239} INFO - Sync 1 DAGs
[2026-08-23T16:16:54.527+0000] {logging_mixin.py:190} INFO - [2026-08-23T16:16:54.527+0000] {dag.py:4180} INFO - Setting next_dagrun for branching_dag to None, run_after=None
[2026-08-23T16:16:54.547+0000] {processor.py:208} INFO - Processing /opt/airflow/dags/03_branching_dag.py took 0.146 seconds
[2026-08-23T16:17:25.256+0000] {processor.py:186} INFO - Started process (PID=1427) to work on /opt/airflow/dags/03_branching_dag.py
[2026-08-23T16:17:25.257+0000] {processor.py:914} INFO - Processing file /opt/airflow/dags/03_branching_dag.py for tasks to queue
[2026-08-23T16:17:25.263+0000] {logging_mixin.py:190} INFO - [2026-08-23T16:17:25.262+0000] {dagbag.py:588} INFO - Filling up the DagBag from /opt/airflow/dags/03_branching_dag.py
[2026-08-23T16:17:25.281+0000] {processor.py:925} INFO - DAG(s) 'branching_dag' retrieved from /opt/airflow/dags/03_branching_dag.py
[2026-08-23T16:17:25.359+0000] {logging_mixin.py:190} INFO - [2026-08-23T16:17:25.359+0000] {dag.py:3239} INFO - Sync 1 DAGs
[2026-08-23T16:17:25.388+0000] {logging_mixin.py:190} INFO - [2026-08-23T16:17:25.387+0000] {dag.py:4180} INFO - Setting next_dagrun for branching_dag to None, run_after=None
[2026-08-23T16:17:25.411+0000] {processor.py:208} INFO - Processing /opt/airflow/dags/03_branching_dag.py took 0.163 seconds
[2026-08-23T16:17:56.255+0000] {processor.py:186} INFO - Started process (PID=1438) to work on /opt/airflow/dags/03_branching_dag.py
[2026-08-23T16:17:56.257+0000] {processor.py:914} INFO - Processing file /opt/airflow/dags/03_branching_dag.py for tasks to queue
[2026-08-23T16:17:56.261+0000] {logging_mixin.py:190} INFO - [2026-08-23T16:17:56.261+0000] {dagbag.py:588} INFO - Filling up the DagBag from /opt/airflow/dags/03_branching_dag.py
[2026-08-23T16:17:56.281+0000] {processor.py:925} INFO - DAG(s) 'branching_dag' retrieved from /opt/airflow/dags/03_branching_dag.py
[2026-08-23T16:17:56.384+0000] {logging_mixin.py:190} INFO - [2026-08-23T16:17:56.383+0000] {dag.py:3239} INFO - Sync 1 DAGs
[2026-08-23T16:17:56.452+0000] {logging_mixin.py:190} INFO - [2026-08-23T16:17:56.451+0000] {dag.py:4180} INFO - Setting next_dagrun for branching_dag to None, run_after=None
[2026-08-23T16:17:56.494+0000] {processor.py:208} INFO - Processing /opt/airflow/dags/03_branching_dag.py took 0.248 seconds
[2026-08-23T16:18:27.255+0000] {processor.py:186} INFO - Started process (PID=1449) to work on /opt/airflow/dags/03_branching_dag.py
[2026-08-23T16:18:27.259+0000] {processor.py:914} INFO - Processing file /opt/airflow/dags/03_branching_dag.py for tasks to queue
[2026-08-23T16:18:27.265+0000] {logging_mixin.py:190} INFO - [2026-08-23T16:18:27.264+0000] {dagbag.py:588} INFO - Filling up the DagBag from /opt/airflow/dags/03_branching_dag.py
[2026-08-23T16:18:27.287+0000] {processor.py:925} INFO - DAG(s) 'branching_dag' retrieved from /opt/airflow/dags/03_branching_dag.py
[2026-08-23T16:18:27.334+0000] {logging_mixin.py:190} INFO - [2026-08-23T16:18:27.334+0000] {dag.py:3239} INFO - Sync 1 DAGs
[2026-08-23T16:18:27.356+0000] {logging_mixin.py:190} INFO - [2026-08-23T16:18:27.355+0000] {dag.py:4180} INFO - Setting next_dagrun for branching_dag to None, run_after=None
[2026-08-23T16:18:27.381+0000] {processor.py:208} INFO - Processing /opt/airflow/dags/03_branching_dag.py took 0.139 seconds
[2026-08-23T16:18:58.060+0000] {processor.py:186} INFO - Started process (PID=1460) to work on /opt/airflow/dags/03_branching_dag.py
[2026-08-23T16:18:58.062+0000] {processor.py:914} INFO - Processing file /opt/airflow/dags/03_branching_dag.py for tasks to queue
[2026-08-23T16:18:58.069+0000] {logging_mixin.py:190} INFO - [2026-08-23T16:18:58.068+0000] {dagbag.py:588} INFO - Filling up the DagBag from /opt/airflow/dags/03_branching_dag.py
[2026-08-23T16:18:58.096+0000] {processor.py:925} INFO - DAG(s) 'branching_dag' retrieved from /opt/airflow/dags/03_branching_dag.py
[2026-08-23T16:18:58.156+0000] {logging_mixin.py:190} INFO - [2026-08-23T16:18:58.156+0000] {dag.py:3239} INFO - Sync 1 DAGs
[2026-08-23T16:18:58.184+0000] {logging_mixin.py:190} INFO - [2026-08-23T16:18:58.184+0000] {dag.py:4180} INFO - Setting next_dagrun for branching_dag to None, run_after=None
[2026-08-23T16:18:58.209+0000] {processor.py:208} INFO - Processing /opt/airflow/dags/03_branching_dag.py took 0.158 seconds
[2026-08-23T16:19:28.976+0000] {processor.py:186} INFO - Started process (PID=1471) to work on /opt/airflow/dags/03_branching_dag.py
[2026-08-23T16:19:28.979+0000] {processor.py:914} INFO - Processing file /opt/airflow/dags/03_branching_dag.py for tasks to queue
[2026-08-23T16:19:28.994+0000] {logging_mixin.py:190} INFO - [2026-08-23T16:19:28.992+0000] {dagbag.py:588} INFO - Filling up the DagBag from /opt/airflow/dags/03_branching_dag.py
[2026-08-23T16:19:29.042+0000] {processor.py:925} INFO - DAG(s) 'branching_dag' retrieved from /opt/airflow/dags/03_branching_dag.py
[2026-08-23T16:19:29.102+0000] {logging_mixin.py:190} INFO - [2026-08-23T16:19:29.102+0000] {dag.py:3239} INFO - Sync 1 DAGs
[2026-08-23T16:19:29.128+0000] {logging_mixin.py:190} INFO - [2026-08-23T16:19:29.128+0000] {dag.py:4180} INFO - Setting next_dagrun for branching_dag to None, run_after=None
[2026-08-23T16:19:29.151+0000] {processor.py:208} INFO - Processing /opt/airflow/dags/03_branching_dag.py took 0.192 seconds
[2026-08-23T16:19:59.880+0000] {processor.py:186} INFO - Started process (PID=1481) to work on /opt/airflow/dags/03_branching_dag.py
[2026-08-23T16:19:59.882+0000] {processor.py:914} INFO - Processing file /opt/airflow/dags/03_branching_dag.py for tasks to queue
[2026-08-23T16:19:59.885+0000] {logging_mixin.py:190} INFO - [2026-08-23T16:19:59.884+0000] {dagbag.py:588} INFO - Filling up the DagBag from /opt/airflow/dags/03_branching_dag.py
[2026-08-23T16:19:59.906+0000] {processor.py:925} INFO - DAG(s) 'branching_dag' retrieved from /opt/airflow/dags/03_branching_dag.py
[2026-08-23T16:19:59.962+0000] {logging_mixin.py:190} INFO - [2026-08-23T16:19:59.962+0000] {dag.py:3239} INFO - Sync 1 DAGs
[2026-08-23T16:19:59.985+0000] {logging_mixin.py:190} INFO - [2026-08-23T16:19:59.985+0000] {dag.py:4180} INFO - Setting next_dagrun for branching_dag to None, run_after=None
[2026-08-23T16:20:00.004+0000] {processor.py:208} INFO - Processing /opt/airflow/dags/03_branching_dag.py took 0.139 seconds
[2026-08-23T16:20:30.471+0000] {processor.py:186} INFO - Started process (PID=1491) to work on /opt/airflow/dags/03_branching_dag.py
[2026-08-23T16:20:30.476+0000] {processor.py:914} INFO - Processing file /opt/airflow/dags/03_branching_dag.py for tasks to queue
[2026-08-23T16:20:30.479+0000] {logging_mixin.py:190} INFO - [2026-08-23T16:20:30.478+0000] {dagbag.py:588} INFO - Filling up the DagBag from /opt/airflow/dags/03_branching_dag.py
[2026-08-23T16:20:30.504+0000] {processor.py:925} INFO - DAG(s) 'branching_dag' retrieved from /opt/airflow/dags/03_branching_dag.py
[2026-08-23T16:20:30.552+0000] {logging_mixin.py:190} INFO - [2026-08-23T16:20:30.552+0000] {dag.py:3239} INFO - Sync 1 DAGs
[2026-08-23T16:20:30.574+0000] {logging_mixin.py:190} INFO - [2026-08-23T16:20:30.573+0000] {dag.py:4180} INFO - Setting next_dagrun for branching_dag to None, run_after=None
[2026-08-23T16:20:30.594+0000] {processor.py:208} INFO - Processing /opt/airflow/dags/03_branching_dag.py took 0.141 seconds
[2026-08-23T16:21:01.049+0000] {processor.py:186} INFO - Started process (PID=1501) to work on /opt/airflow/dags/03_branching_dag.py
[2026-08-23T16:21:01.051+0000] {processor.py:914} INFO - Processing file /opt/airflow/dags/03_branching_dag.py for tasks to queue
[2026-08-23T16:21:01.054+0000] {logging_mixin.py:190} INFO - [2026-08-23T16:21:01.053+0000] {dagbag.py:588} INFO - Filling up the DagBag from /opt/airflow/dags/03_branching_dag.py
[2026-08-23T16:21:01.093+0000] {processor.py:925} INFO - DAG(s) 'branching_dag' retrieved from /opt/airflow/dags/03_branching_dag.py
[2026-08-23T16:21:01.154+0000] {logging_mixin.py:190} INFO - [2026-08-23T16:21:01.153+0000] {dag.py:3239} INFO - Sync 1 DAGs
[2026-08-23T16:21:01.177+0000] {logging_mixin.py:190} INFO - [2026-08-23T16:21:01.177+0000] {dag.py:4180} INFO - Setting next_dagrun for branching_dag to None, run_after=None
[2026-08-23T16:21:01.193+0000] {processor.py:208} INFO - Processing /opt/airflow/dags/03_branching_dag.py took 0.159 seconds
[2026-08-23T16:21:31.766+0000] {processor.py:186} INFO - Started process (PID=1512) to work on /opt/airflow/dags/03_branching_dag.py
[2026-08-23T16:21:31.768+0000] {processor.py:914} INFO - Processing file /opt/airflow/dags/03_branching_dag.py for tasks to queue
[2026-08-23T16:21:31.771+0000] {logging_mixin.py:190} INFO - [2026-08-23T16:21:31.770+0000] {dagbag.py:588} INFO - Filling up the DagBag from /opt/airflow/dags/03_branching_dag.py
[2026-08-23T16:21:31.799+0000] {processor.py:925} INFO - DAG(s) 'branching_dag' retrieved from /opt/airflow/dags/03_branching_dag.py
[2026-08-23T16:21:31.849+0000] {logging_mixin.py:190} INFO - [2026-08-23T16:21:31.849+0000] {dag.py:3239} INFO - Sync 1 DAGs
[2026-08-23T16:21:31.870+0000] {logging_mixin.py:190} INFO - [2026-08-23T16:21:31.870+0000] {dag.py:4180} INFO - Setting next_dagrun for branching_dag to None, run_after=None
[2026-08-23T16:21:31.894+0000] {processor.py:208} INFO - Processing /opt/airflow/dags/03_branching_dag.py took 0.140 seconds
[2026-08-23T16:22:02.474+0000] {processor.py:186} INFO - Started process (PID=1523) to work on /opt/airflow/dags/03_branching_dag.py
[2026-08-23T16:22:02.477+0000] {processor.py:914} INFO - Processing file /opt/airflow/dags/03_branching_dag.py for tasks to queue
[2026-08-23T16:22:02.480+0000] {logging_mixin.py:190} INFO - [2026-08-23T16:22:02.479+0000] {dagbag.py:588} INFO - Filling up the DagBag from /opt/airflow/dags/03_branching_dag.py
[2026-08-23T16:22:02.510+0000] {processor.py:925} INFO - DAG(s) 'branching_dag' retrieved from /opt/airflow/dags/03_branching_dag.py
[2026-08-23T16:22:02.573+0000] {logging_mixin.py:190} INFO - [2026-08-23T16:22:02.573+0000] {dag.py:3239} INFO - Sync 1 DAGs
[2026-08-23T16:22:02.600+0000] {logging_mixin.py:190} INFO - [2026-08-23T16:22:02.600+0000] {dag.py:4180} INFO - Setting next_dagrun for branching_dag to None, run_after=None
[2026-08-23T16:22:02.623+0000] {processor.py:208} INFO - Processing /opt/airflow/dags/03_branching_dag.py took 0.167 seconds
[2026-08-23T16:22:33.242+0000] {processor.py:186} INFO - Started process (PID=1534) to work on /opt/airflow/dags/03_branching_dag.py
[2026-08-23T16:22:33.250+0000] {processor.py:914} INFO - Processing file /opt/airflow/dags/03_branching_dag.py for tasks to queue
[2026-08-23T16:22:33.253+0000] {logging_mixin.py:190} INFO - [2026-08-23T16:22:33.252+0000] {dagbag.py:588} INFO - Filling up the DagBag from /opt/airflow/dags/03_branching_dag.py
[2026-08-23T16:22:33.287+0000] {processor.py:925} INFO - DAG(s) 'branching_dag' retrieved from /opt/airflow/dags/03_branching_dag.py
[2026-08-23T16:22:33.350+0000] {logging_mixin.py:190} INFO - [2026-08-23T16:22:33.350+0000] {dag.py:3239} INFO - Sync 1 DAGs
[2026-08-23T16:22:33.375+0000] {logging_mixin.py:190} INFO - [2026-08-23T16:22:33.375+0000] {dag.py:4180} INFO - Setting next_dagrun for branching_dag to None, run_after=None
[2026-08-23T16:22:33.393+0000] {processor.py:208} INFO - Processing /opt/airflow/dags/03_branching_dag.py took 0.170 seconds
[2026-08-23T16:23:03.991+0000] {processor.py:186} INFO - Started process (PID=1545) to work on /opt/airflow/dags/03_branching_dag.py
[2026-08-23T16:23:03.993+0000] {processor.py:914} INFO - Processing file /opt/airflow/dags/03_branching_dag.py for tasks to queue
[2026-08-23T16:23:03.997+0000] {logging_mixin.py:190} INFO - [2026-08-23T16:23:03.997+0000] {dagbag.py:588} INFO - Filling up the DagBag from /opt/airflow/dags/03_branching_dag.py
[2026-08-23T16:23:04.028+0000] {processor.py:925} INFO - DAG(s) 'branching_dag' retrieved from /opt/airflow/dags/03_branching_dag.py
[2026-08-23T16:23:04.186+0000] {logging_mixin.py:190} INFO - [2026-08-23T16:23:04.164+0000] {dag.py:3239} INFO - Sync 1 DAGs
[2026-08-23T16:23:04.252+0000] {logging_mixin.py:190} INFO - [2026-08-23T16:23:04.252+0000] {dag.py:4180} INFO - Setting next_dagrun for branching_dag to None, run_after=None
[2026-08-23T16:23:04.276+0000] {processor.py:208} INFO - Processing /opt/airflow/dags/03_branching_dag.py took 0.302 seconds
[2026-08-23T16:23:35.238+0000] {processor.py:186} INFO - Started process (PID=1563) to work on /opt/airflow/dags/03_branching_dag.py
[2026-08-23T16:23:35.242+0000] {processor.py:914} INFO - Processing file /opt/airflow/dags/03_branching_dag.py for tasks to queue
[2026-08-23T16:23:35.251+0000] {logging_mixin.py:190} INFO - [2026-08-23T16:23:35.250+0000] {dagbag.py:588} INFO - Filling up the DagBag from /opt/airflow/dags/03_branching_dag.py
[2026-08-23T16:23:35.319+0000] {processor.py:925} INFO - DAG(s) 'branching_dag' retrieved from /opt/airflow/dags/03_branching_dag.py
[2026-08-23T16:23:35.393+0000] {logging_mixin.py:190} INFO - [2026-08-23T16:23:35.393+0000] {dag.py:3239} INFO - Sync 1 DAGs
[2026-08-23T16:23:35.424+0000] {logging_mixin.py:190} INFO - [2026-08-23T16:23:35.424+0000] {dag.py:4180} INFO - Setting next_dagrun for branching_dag to None, run_after=None
[2026-08-23T16:23:35.448+0000] {processor.py:208} INFO - Processing /opt/airflow/dags/03_branching_dag.py took 0.237 seconds
[2026-08-23T16:24:06.248+0000] {processor.py:186} INFO - Started process (PID=1574) to work on /opt/airflow/dags/03_branching_dag.py
[2026-08-23T16:24:06.251+0000] {processor.py:914} INFO - Processing file /opt/airflow/dags/03_branching_dag.py for tasks to queue
[2026-08-23T16:24:06.257+0000] {logging_mixin.py:190} INFO - [2026-08-23T16:24:06.255+0000] {dagbag.py:588} INFO - Filling up the DagBag from /opt/airflow/dags/03_branching_dag.py
[2026-08-23T16:24:06.348+0000] {processor.py:925} INFO - DAG(s) 'branching_dag' retrieved from /opt/airflow/dags/03_branching_dag.py
[2026-08-23T16:24:06.489+0000] {logging_mixin.py:190} INFO - [2026-08-23T16:24:06.488+0000] {dag.py:3239} INFO - Sync 1 DAGs
[2026-08-23T16:24:06.526+0000] {logging_mixin.py:190} INFO - [2026-08-23T16:24:06.525+0000] {dag.py:4180} INFO - Setting next_dagrun for branching_dag to None, run_after=None
[2026-08-23T16:24:06.580+0000] {processor.py:208} INFO - Processing /opt/airflow/dags/03_branching_dag.py took 0.350 seconds
[2026-08-23T16:24:37.489+0000] {processor.py:186} INFO - Started process (PID=1585) to work on /opt/airflow/dags/03_branching_dag.py
[2026-08-23T16:24:37.493+0000] {processor.py:914} INFO - Processing file /opt/airflow/dags/03_branching_dag.py for tasks to queue
[2026-08-23T16:24:37.495+0000] {logging_mixin.py:190} INFO - [2026-08-23T16:24:37.494+0000] {dagbag.py:588} INFO - Filling up the DagBag from /opt/airflow/dags/03_branching_dag.py
[2026-08-23T16:24:37.524+0000] {processor.py:925} INFO - DAG(s) 'branching_dag' retrieved from /opt/airflow/dags/03_branching_dag.py
[2026-08-23T16:24:37.569+0000] {logging_mixin.py:190} INFO - [2026-08-23T16:24:37.569+0000] {dag.py:3239} INFO - Sync 1 DAGs
[2026-08-23T16:24:37.586+0000] {logging_mixin.py:190} INFO - [2026-08-23T16:24:37.586+0000] {dag.py:4180} INFO - Setting next_dagrun for branching_dag to None, run_after=None
[2026-08-23T16:24:37.604+0000] {processor.py:208} INFO - Processing /opt/airflow/dags/03_branching_dag.py took 0.131 seconds
[2026-08-23T16:25:08.154+0000] {processor.py:186} INFO - Started process (PID=1596) to work on /opt/airflow/dags/03_branching_dag.py
[2026-08-23T16:25:08.160+0000] {processor.py:914} INFO - Processing file /opt/airflow/dags/03_branching_dag.py for tasks to queue
[2026-08-23T16:25:08.162+0000] {logging_mixin.py:190} INFO - [2026-08-23T16:25:08.161+0000] {dagbag.py:588} INFO - Filling up the DagBag from /opt/airflow/dags/03_branching_dag.py
[2026-08-23T16:25:08.193+0000] {processor.py:925} INFO - DAG(s) 'branching_dag' retrieved from /opt/airflow/dags/03_branching_dag.py
[2026-08-23T16:25:08.258+0000] {logging_mixin.py:190} INFO - [2026-08-23T16:25:08.257+0000] {dag.py:3239} INFO - Sync 1 DAGs
[2026-08-23T16:25:08.286+0000] {logging_mixin.py:190} INFO - [2026-08-23T16:25:08.286+0000] {dag.py:4180} INFO - Setting next_dagrun for branching_dag to None, run_after=None
[2026-08-23T16:25:08.308+0000] {processor.py:208} INFO - Processing /opt/airflow/dags/03_branching_dag.py took 0.173 seconds
[2026-08-23T16:25:38.830+0000] {processor.py:186} INFO - Started process (PID=1607) to work on /opt/airflow/dags/03_branching_dag.py
[2026-08-23T16:25:38.833+0000] {processor.py:914} INFO - Processing file /opt/airflow/dags/03_branching_dag.py for tasks to queue
[2026-08-23T16:25:38.838+0000] {logging_mixin.py:190} INFO - [2026-08-23T16:25:38.837+0000] {dagbag.py:588} INFO - Filling up the DagBag from /opt/airflow/dags/03_branching_dag.py
[2026-08-23T16:25:38.868+0000] {processor.py:925} INFO - DAG(s) 'branching_dag' retrieved from /opt/airflow/dags/03_branching_dag.py
[2026-08-23T16:25:38.932+0000] {logging_mixin.py:190} INFO - [2026-08-23T16:25:38.932+0000] {dag.py:3239} INFO - Sync 1 DAGs
[2026-08-23T16:25:38.952+0000] {logging_mixin.py:190} INFO - [2026-08-23T16:25:38.952+0000] {dag.py:4180} INFO - Setting next_dagrun for branching_dag to None, run_after=None
[2026-08-23T16:25:38.969+0000] {processor.py:208} INFO - Processing /opt/airflow/dags/03_branching_dag.py took 0.154 seconds
[2026-08-23T16:26:09.772+0000] {processor.py:186} INFO - Started process (PID=1618) to work on /opt/airflow/dags/03_branching_dag.py
[2026-08-23T16:26:09.774+0000] {processor.py:914} INFO - Processing file /opt/airflow/dags/03_branching_dag.py for tasks to queue
[2026-08-23T16:26:09.776+0000] {logging_mixin.py:190} INFO - [2026-08-23T16:26:09.776+0000] {dagbag.py:588} INFO - Filling up the DagBag from /opt/airflow/dags/03_branching_dag.py
[2026-08-23T16:26:09.802+0000] {processor.py:925} INFO - DAG(s) 'branching_dag' retrieved from /opt/airflow/dags/03_branching_dag.py
[2026-08-23T16:26:09.875+0000] {logging_mixin.py:190} INFO - [2026-08-23T16:26:09.875+0000] {dag.py:3239} INFO - Sync 1 DAGs
[2026-08-23T16:26:09.903+0000] {logging_mixin.py:190} INFO - [2026-08-23T16:26:09.902+0000] {dag.py:4180} INFO - Setting next_dagrun for branching_dag to None, run_after=None
[2026-08-23T16:26:09.929+0000] {processor.py:208} INFO - Processing /opt/airflow/dags/03_branching_dag.py took 0.171 seconds
[2026-08-23T16:26:40.533+0000] {processor.py:186} INFO - Started process (PID=1629) to work on /opt/airflow/dags/03_branching_dag.py
[2026-08-23T16:26:40.536+0000] {processor.py:914} INFO - Processing file /opt/airflow/dags/03_branching_dag.py for tasks to queue
[2026-08-23T16:26:40.539+0000] {logging_mixin.py:190} INFO - [2026-08-23T16:26:40.537+0000] {dagbag.py:588} INFO - Filling up the DagBag from /opt/airflow/dags/03_branching_dag.py
[2026-08-23T16:26:40.576+0000] {processor.py:925} INFO - DAG(s) 'branching_dag' retrieved from /opt/airflow/dags/03_branching_dag.py
[2026-08-23T16:26:40.635+0000] {logging_mixin.py:190} INFO - [2026-08-23T16:26:40.634+0000] {dag.py:3239} INFO - Sync 1 DAGs
[2026-08-23T16:26:40.658+0000] {logging_mixin.py:190} INFO - [2026-08-23T16:26:40.658+0000] {dag.py:4180} INFO - Setting next_dagrun for branching_dag to None, run_after=None
[2026-08-23T16:26:40.681+0000] {processor.py:208} INFO - Processing /opt/airflow/dags/03_branching_dag.py took 0.171 seconds
[2026-08-23T16:27:11.194+0000] {processor.py:186} INFO - Started process (PID=1640) to work on /opt/airflow/dags/03_branching_dag.py
[2026-08-23T16:27:11.196+0000] {processor.py:914} INFO - Processing file /opt/airflow/dags/03_branching_dag.py for tasks to queue
[2026-08-23T16:27:11.197+0000] {logging_mixin.py:190} INFO - [2026-08-23T16:27:11.197+0000] {dagbag.py:588} INFO - Filling up the DagBag from /opt/airflow/dags/03_branching_dag.py
[2026-08-23T16:27:11.215+0000] {processor.py:925} INFO - DAG(s) 'branching_dag' retrieved from /opt/airflow/dags/03_branching_dag.py
[2026-08-23T16:27:11.252+0000] {logging_mixin.py:190} INFO - [2026-08-23T16:27:11.252+0000] {dag.py:3239} INFO - Sync 1 DAGs
[2026-08-23T16:27:11.270+0000] {logging_mixin.py:190} INFO - [2026-08-23T16:27:11.270+0000] {dag.py:4180} INFO - Setting next_dagrun for branching_dag to None, run_after=None
[2026-08-23T16:27:11.297+0000] {processor.py:208} INFO - Processing /opt/airflow/dags/03_branching_dag.py took 0.114 seconds
[2026-08-23T16:27:41.841+0000] {processor.py:186} INFO - Started process (PID=1651) to work on /opt/airflow/dags/03_branching_dag.py
[2026-08-23T16:27:41.843+0000] {processor.py:914} INFO - Processing file /opt/airflow/dags/03_branching_dag.py for tasks to queue
[2026-08-23T16:27:41.848+0000] {logging_mixin.py:190} INFO - [2026-08-23T16:27:41.845+0000] {dagbag.py:588} INFO - Filling up the DagBag from /opt/airflow/dags/03_branching_dag.py
[2026-08-23T16:27:41.874+0000] {processor.py:925} INFO - DAG(s) 'branching_dag' retrieved from /opt/airflow/dags/03_branching_dag.py
[2026-08-23T16:27:41.913+0000] {logging_mixin.py:190} INFO - [2026-08-23T16:27:41.913+0000] {dag.py:3239} INFO - Sync 1 DAGs
[2026-08-23T16:27:41.936+0000] {logging_mixin.py:190} INFO - [2026-08-23T16:27:41.936+0000] {dag.py:4180} INFO - Setting next_dagrun for branching_dag to None, run_after=None
[2026-08-23T16:27:41.973+0000] {processor.py:208} INFO - Processing /opt/airflow/dags/03_branching_dag.py took 0.149 seconds
[2026-08-23T16:28:12.645+0000] {processor.py:186} INFO - Started process (PID=1668) to work on /opt/airflow/dags/03_branching_dag.py
[2026-08-23T16:28:12.650+0000] {processor.py:914} INFO - Processing file /opt/airflow/dags/03_branching_dag.py for tasks to queue
[2026-08-23T16:28:12.653+0000] {logging_mixin.py:190} INFO - [2026-08-23T16:28:12.652+0000] {dagbag.py:588} INFO - Filling up the DagBag from /opt/airflow/dags/03_branching_dag.py
[2026-08-23T16:28:12.683+0000] {processor.py:925} INFO - DAG(s) 'branching_dag' retrieved from /opt/airflow/dags/03_branching_dag.py
[2026-08-23T16:28:12.735+0000] {logging_mixin.py:190} INFO - [2026-08-23T16:28:12.735+0000] {dag.py:3239} INFO - Sync 1 DAGs
[2026-08-23T16:28:12.768+0000] {logging_mixin.py:190} INFO - [2026-08-23T16:28:12.767+0000] {dag.py:4180} INFO - Setting next_dagrun for branching_dag to None, run_after=None
[2026-08-23T16:28:12.792+0000] {processor.py:208} INFO - Processing /opt/airflow/dags/03_branching_dag.py took 0.160 seconds
[2026-08-23T16:28:43.243+0000] {processor.py:186} INFO - Started process (PID=1679) to work on /opt/airflow/dags/03_branching_dag.py
[2026-08-23T16:28:43.250+0000] {processor.py:914} INFO - Processing file /opt/airflow/dags/03_branching_dag.py for tasks to queue
[2026-08-23T16:28:43.254+0000] {logging_mixin.py:190} INFO - [2026-08-23T16:28:43.252+0000] {dagbag.py:588} INFO - Filling up the DagBag from /opt/airflow/dags/03_branching_dag.py
[2026-08-23T16:28:43.290+0000] {processor.py:925} INFO - DAG(s) 'branching_dag' retrieved from /opt/airflow/dags/03_branching_dag.py
[2026-08-23T16:28:43.351+0000] {logging_mixin.py:190} INFO - [2026-08-23T16:28:43.351+0000] {dag.py:3239} INFO - Sync 1 DAGs
[2026-08-23T16:28:43.368+0000] {logging_mixin.py:190} INFO - [2026-08-23T16:28:43.368+0000] {dag.py:4180} INFO - Setting next_dagrun for branching_dag to None, run_after=None
[2026-08-23T16:28:43.387+0000] {processor.py:208} INFO - Processing /opt/airflow/dags/03_branching_dag.py took 0.164 seconds
[2026-08-23T16:29:13.997+0000] {processor.py:186} INFO - Started process (PID=1690) to work on /opt/airflow/dags/03_branching_dag.py
[2026-08-23T16:29:14.000+0000] {processor.py:914} INFO - Processing file /opt/airflow/dags/03_branching_dag.py for tasks to queue
[2026-08-23T16:29:14.002+0000] {logging_mixin.py:190} INFO - [2026-08-23T16:29:14.001+0000] {dagbag.py:588} INFO - Filling up the DagBag from /opt/airflow/dags/03_branching_dag.py
[2026-08-23T16:29:14.055+0000] {processor.py:925} INFO - DAG(s) 'branching_dag' retrieved from /opt/airflow/dags/03_branching_dag.py
[2026-08-23T16:29:14.139+0000] {logging_mixin.py:190} INFO - [2026-08-23T16:29:14.139+0000] {dag.py:3239} INFO - Sync 1 DAGs
[2026-08-23T16:29:14.184+0000] {logging_mixin.py:190} INFO - [2026-08-23T16:29:14.183+0000] {dag.py:4180} INFO - Setting next_dagrun for branching_dag to None, run_after=None
[2026-08-23T16:29:14.237+0000] {processor.py:208} INFO - Processing /opt/airflow/dags/03_branching_dag.py took 0.260 seconds
[2026-08-23T16:29:44.863+0000] {processor.py:186} INFO - Started process (PID=1701) to work on /opt/airflow/dags/03_branching_dag.py
[2026-08-23T16:29:44.866+0000] {processor.py:914} INFO - Processing file /opt/airflow/dags/03_branching_dag.py for tasks to queue
[2026-08-23T16:29:44.868+0000] {logging_mixin.py:190} INFO - [2026-08-23T16:29:44.867+0000] {dagbag.py:588} INFO - Filling up the DagBag from /opt/airflow/dags/03_branching_dag.py
[2026-08-23T16:29:44.897+0000] {processor.py:925} INFO - DAG(s) 'branching_dag' retrieved from /opt/airflow/dags/03_branching_dag.py
[2026-08-23T16:29:44.953+0000] {logging_mixin.py:190} INFO - [2026-08-23T16:29:44.952+0000] {dag.py:3239} INFO - Sync 1 DAGs
[2026-08-23T16:29:44.976+0000] {logging_mixin.py:190} INFO - [2026-08-23T16:29:44.976+0000] {dag.py:4180} INFO - Setting next_dagrun for branching_dag to None, run_after=None
[2026-08-23T16:29:44.992+0000] {processor.py:208} INFO - Processing /opt/airflow/dags/03_branching_dag.py took 0.159 seconds
[2026-08-23T16:30:15.570+0000] {processor.py:186} INFO - Started process (PID=1712) to work on /opt/airflow/dags/03_branching_dag.py
[2026-08-23T16:30:15.573+0000] {processor.py:914} INFO - Processing file /opt/airflow/dags/03_branching_dag.py for tasks to queue
[2026-08-23T16:30:15.578+0000] {logging_mixin.py:190} INFO - [2026-08-23T16:30:15.577+0000] {dagbag.py:588} INFO - Filling up the DagBag from /opt/airflow/dags/03_branching_dag.py
[2026-08-23T16:30:15.613+0000] {processor.py:925} INFO - DAG(s) 'branching_dag' retrieved from /opt/airflow/dags/03_branching_dag.py
[2026-08-23T16:30:15.664+0000] {logging_mixin.py:190} INFO - [2026-08-23T16:30:15.664+0000] {dag.py:3239} INFO - Sync 1 DAGs
[2026-08-23T16:30:15.698+0000] {logging_mixin.py:190} INFO - [2026-08-23T16:30:15.697+0000] {dag.py:4180} INFO - Setting next_dagrun for branching_dag to None, run_after=None
[2026-08-23T16:30:15.719+0000] {processor.py:208} INFO - Processing /opt/airflow/dags/03_branching_dag.py took 0.164 seconds
[2026-08-23T16:30:46.450+0000] {processor.py:186} INFO - Started process (PID=1723) to work on /opt/airflow/dags/03_branching_dag.py
[2026-08-23T16:30:46.452+0000] {processor.py:914} INFO - Processing file /opt/airflow/dags/03_branching_dag.py for tasks to queue
[2026-08-23T16:30:46.455+0000] {logging_mixin.py:190} INFO - [2026-08-23T16:30:46.454+0000] {dagbag.py:588} INFO - Filling up the DagBag from /opt/airflow/dags/03_branching_dag.py
[2026-08-23T16:30:46.484+0000] {processor.py:925} INFO - DAG(s) 'branching_dag' retrieved from /opt/airflow/dags/03_branching_dag.py
[2026-08-23T16:30:46.549+0000] {logging_mixin.py:190} INFO - [2026-08-23T16:30:46.548+0000] {dag.py:3239} INFO - Sync 1 DAGs
[2026-08-23T16:30:46.569+0000] {logging_mixin.py:190} INFO - [2026-08-23T16:30:46.569+0000] {dag.py:4180} INFO - Setting next_dagrun for branching_dag to None, run_after=None
[2026-08-23T16:30:46.587+0000] {processor.py:208} INFO - Processing /opt/airflow/dags/03_branching_dag.py took 0.151 seconds
[2026-08-23T16:31:17.320+0000] {processor.py:186} INFO - Started process (PID=1734) to work on /opt/airflow/dags/03_branching_dag.py
[2026-08-23T16:31:17.322+0000] {processor.py:914} INFO - Processing file /opt/airflow/dags/03_branching_dag.py for tasks to queue
[2026-08-23T16:31:17.324+0000] {logging_mixin.py:190} INFO - [2026-08-23T16:31:17.323+0000] {dagbag.py:588} INFO - Filling up the DagBag from /opt/airflow/dags/03_branching_dag.py
[2026-08-23T16:31:17.358+0000] {processor.py:925} INFO - DAG(s) 'branching_dag' retrieved from /opt/airflow/dags/03_branching_dag.py
[2026-08-23T16:31:17.430+0000] {logging_mixin.py:190} INFO - [2026-08-23T16:31:17.429+0000] {dag.py:3239} INFO - Sync 1 DAGs
[2026-08-23T16:31:17.477+0000] {logging_mixin.py:190} INFO - [2026-08-23T16:31:17.477+0000] {dag.py:4180} INFO - Setting next_dagrun for branching_dag to None, run_after=None
[2026-08-23T16:31:17.498+0000] {processor.py:208} INFO - Processing /opt/airflow/dags/03_branching_dag.py took 0.203 seconds
[2026-08-23T16:31:48.119+0000] {processor.py:186} INFO - Started process (PID=1745) to work on /opt/airflow/dags/03_branching_dag.py
[2026-08-23T16:31:48.123+0000] {processor.py:914} INFO - Processing file /opt/airflow/dags/03_branching_dag.py for tasks to queue
[2026-08-23T16:31:48.129+0000] {logging_mixin.py:190} INFO - [2026-08-23T16:31:48.126+0000] {dagbag.py:588} INFO - Filling up the DagBag from /opt/airflow/dags/03_branching_dag.py
[2026-08-23T16:31:48.162+0000] {processor.py:925} INFO - DAG(s) 'branching_dag' retrieved from /opt/airflow/dags/03_branching_dag.py
[2026-08-23T16:31:48.229+0000] {logging_mixin.py:190} INFO - [2026-08-23T16:31:48.228+0000] {dag.py:3239} INFO - Sync 1 DAGs
[2026-08-23T16:31:48.248+0000] {logging_mixin.py:190} INFO - [2026-08-23T16:31:48.248+0000] {dag.py:4180} INFO - Setting next_dagrun for branching_dag to None, run_after=None
[2026-08-23T16:31:48.268+0000] {processor.py:208} INFO - Processing /opt/airflow/dags/03_branching_dag.py took 0.171 seconds
[2026-08-23T16:32:18.874+0000] {processor.py:186} INFO - Started process (PID=1756) to work on /opt/airflow/dags/03_branching_dag.py
[2026-08-23T16:32:18.881+0000] {processor.py:914} INFO - Processing file /opt/airflow/dags/03_branching_dag.py for tasks to queue
[2026-08-23T16:32:18.885+0000] {logging_mixin.py:190} INFO - [2026-08-23T16:32:18.884+0000] {dagbag.py:588} INFO - Filling up the DagBag from /opt/airflow/dags/03_branching_dag.py
[2026-08-23T16:32:18.915+0000] {processor.py:925} INFO - DAG(s) 'branching_dag' retrieved from /opt/airflow/dags/03_branching_dag.py
[2026-08-23T16:32:18.987+0000] {logging_mixin.py:190} INFO - [2026-08-23T16:32:18.987+0000] {dag.py:3239} INFO - Sync 1 DAGs
[2026-08-23T16:32:19.035+0000] {logging_mixin.py:190} INFO - [2026-08-23T16:32:19.035+0000] {dag.py:4180} INFO - Setting next_dagrun for branching_dag to None, run_after=None
[2026-08-23T16:32:19.080+0000] {processor.py:208} INFO - Processing /opt/airflow/dags/03_branching_dag.py took 0.227 seconds
[2026-08-23T16:32:49.744+0000] {processor.py:186} INFO - Started process (PID=1767) to work on /opt/airflow/dags/03_branching_dag.py
[2026-08-23T16:32:49.747+0000] {processor.py:914} INFO - Processing file /opt/airflow/dags/03_branching_dag.py for tasks to queue
[2026-08-23T16:32:49.751+0000] {logging_mixin.py:190} INFO - [2026-08-23T16:32:49.750+0000] {dagbag.py:588} INFO - Filling up the DagBag from /opt/airflow/dags/03_branching_dag.py
[2026-08-23T16:32:49.779+0000] {processor.py:925} INFO - DAG(s) 'branching_dag' retrieved from /opt/airflow/dags/03_branching_dag.py
[2026-08-23T16:32:49.846+0000] {logging_mixin.py:190} INFO - [2026-08-23T16:32:49.846+0000] {dag.py:3239} INFO - Sync 1 DAGs
[2026-08-23T16:32:49.870+0000] {logging_mixin.py:190} INFO - [2026-08-23T16:32:49.870+0000] {dag.py:4180} INFO - Setting next_dagrun for branching_dag to None, run_after=None
[2026-08-23T16:32:49.890+0000] {processor.py:208} INFO - Processing /opt/airflow/dags/03_branching_dag.py took 0.159 seconds
[2026-08-23T16:33:20.398+0000] {processor.py:186} INFO - Started process (PID=1778) to work on /opt/airflow/dags/03_branching_dag.py
[2026-08-23T16:33:20.400+0000] {processor.py:914} INFO - Processing file /opt/airflow/dags/03_branching_dag.py for tasks to queue
[2026-08-23T16:33:20.403+0000] {logging_mixin.py:190} INFO - [2026-08-23T16:33:20.402+0000] {dagbag.py:588} INFO - Filling up the DagBag from /opt/airflow/dags/03_branching_dag.py
[2026-08-23T16:33:20.436+0000] {processor.py:925} INFO - DAG(s) 'branching_dag' retrieved from /opt/airflow/dags/03_branching_dag.py
[2026-08-23T16:33:20.488+0000] {logging_mixin.py:190} INFO - [2026-08-23T16:33:20.488+0000] {dag.py:3239} INFO - Sync 1 DAGs
[2026-08-23T16:33:20.503+0000] {logging_mixin.py:190} INFO - [2026-08-23T16:33:20.503+0000] {dag.py:4180} INFO - Setting next_dagrun for branching_dag to None, run_after=None
[2026-08-23T16:33:20.523+0000] {processor.py:208} INFO - Processing /opt/airflow/dags/03_branching_dag.py took 0.144 seconds
[2026-08-23T16:33:51.236+0000] {processor.py:186} INFO - Started process (PID=1789) to work on /opt/airflow/dags/03_branching_dag.py
[2026-08-23T16:33:51.240+0000] {processor.py:914} INFO - Processing file /opt/airflow/dags/03_branching_dag.py for tasks to queue
[2026-08-23T16:33:51.245+0000] {logging_mixin.py:190} INFO - [2026-08-23T16:33:51.242+0000] {dagbag.py:588} INFO - Filling up the DagBag from /opt/airflow/dags/03_branching_dag.py
[2026-08-23T16:33:51.285+0000] {processor.py:925} INFO - DAG(s) 'branching_dag' retrieved from /opt/airflow/dags/03_branching_dag.py
[2026-08-23T16:33:51.360+0000] {logging_mixin.py:190} INFO - [2026-08-23T16:33:51.359+0000] {dag.py:3239} INFO - Sync 1 DAGs
[2026-08-23T16:33:51.394+0000] {logging_mixin.py:190} INFO - [2026-08-23T16:33:51.393+0000] {dag.py:4180} INFO - Setting next_dagrun for branching_dag to None, run_after=None
[2026-08-23T16:33:51.427+0000] {processor.py:208} INFO - Processing /opt/airflow/dags/03_branching_dag.py took 0.212 seconds
[2026-08-23T16:34:22.147+0000] {processor.py:186} INFO - Started process (PID=1800) to work on /opt/airflow/dags/03_branching_dag.py
[2026-08-23T16:34:22.150+0000] {processor.py:914} INFO - Processing file /opt/airflow/dags/03_branching_dag.py for tasks to queue
[2026-08-23T16:34:22.156+0000] {logging_mixin.py:190} INFO - [2026-08-23T16:34:22.153+0000] {dagbag.py:588} INFO - Filling up the DagBag from /opt/airflow/dags/03_branching_dag.py
[2026-08-23T16:34:22.192+0000] {processor.py:925} INFO - DAG(s) 'branching_dag' retrieved from /opt/airflow/dags/03_branching_dag.py
[2026-08-23T16:34:22.245+0000] {logging_mixin.py:190} INFO - [2026-08-23T16:34:22.244+0000] {dag.py:3239} INFO - Sync 1 DAGs
[2026-08-23T16:34:22.275+0000] {logging_mixin.py:190} INFO - [2026-08-23T16:34:22.275+0000] {dag.py:4180} INFO - Setting next_dagrun for branching_dag to None, run_after=None
[2026-08-23T16:34:22.299+0000] {processor.py:208} INFO - Processing /opt/airflow/dags/03_branching_dag.py took 0.170 seconds
[2026-08-23T16:34:53.580+0000] {processor.py:186} INFO - Started process (PID=1818) to work on /opt/airflow/dags/03_branching_dag.py
[2026-08-23T16:34:53.652+0000] {processor.py:914} INFO - Processing file /opt/airflow/dags/03_branching_dag.py for tasks to queue
[2026-08-23T16:34:53.688+0000] {logging_mixin.py:190} INFO - [2026-08-23T16:34:53.683+0000] {dagbag.py:588} INFO - Filling up the DagBag from /opt/airflow/dags/03_branching_dag.py
[2026-08-23T16:34:54.506+0000] {processor.py:925} INFO - DAG(s) 'branching_dag' retrieved from /opt/airflow/dags/03_branching_dag.py
[2026-08-23T16:34:59.969+0000] {logging_mixin.py:190} INFO - [2026-08-23T16:34:59.959+0000] {dag.py:3239} INFO - Sync 1 DAGs
[2026-08-23T16:35:00.297+0000] {logging_mixin.py:190} INFO - [2026-08-23T16:35:00.296+0000] {dag.py:4180} INFO - Setting next_dagrun for branching_dag to None, run_after=None
[2026-08-23T16:35:00.741+0000] {processor.py:208} INFO - Processing /opt/airflow/dags/03_branching_dag.py took 7.548 seconds
[2026-08-23T16:35:37.280+0000] {processor.py:186} INFO - Started process (PID=1829) to work on /opt/airflow/dags/03_branching_dag.py
[2026-08-23T16:35:37.291+0000] {processor.py:914} INFO - Processing file /opt/airflow/dags/03_branching_dag.py for tasks to queue
[2026-08-23T16:35:37.325+0000] {logging_mixin.py:190} INFO - [2026-08-23T16:35:37.308+0000] {dagbag.py:588} INFO - Filling up the DagBag from /opt/airflow/dags/03_branching_dag.py
[2026-08-23T16:35:37.687+0000] {processor.py:925} INFO - DAG(s) 'branching_dag' retrieved from /opt/airflow/dags/03_branching_dag.py
[2026-08-23T16:35:39.927+0000] {logging_mixin.py:190} INFO - [2026-08-23T16:35:39.913+0000] {dag.py:3239} INFO - Sync 1 DAGs
[2026-08-23T16:35:40.486+0000] {logging_mixin.py:190} INFO - [2026-08-23T16:35:40.421+0000] {dag.py:4180} INFO - Setting next_dagrun for branching_dag to None, run_after=None
[2026-08-23T16:35:40.784+0000] {processor.py:208} INFO - Processing /opt/airflow/dags/03_branching_dag.py took 3.693 seconds
[2026-08-23T16:36:11.326+0000] {processor.py:186} INFO - Started process (PID=1841) to work on /opt/airflow/dags/03_branching_dag.py
[2026-08-23T16:36:11.336+0000] {processor.py:914} INFO - Processing file /opt/airflow/dags/03_branching_dag.py for tasks to queue
[2026-08-23T16:36:11.347+0000] {logging_mixin.py:190} INFO - [2026-08-23T16:36:11.346+0000] {dagbag.py:588} INFO - Filling up the DagBag from /opt/airflow/dags/03_branching_dag.py
[2026-08-23T16:36:11.400+0000] {processor.py:925} INFO - DAG(s) 'branching_dag' retrieved from /opt/airflow/dags/03_branching_dag.py
[2026-08-23T16:36:11.458+0000] {logging_mixin.py:190} INFO - [2026-08-23T16:36:11.458+0000] {dag.py:3239} INFO - Sync 1 DAGs
[2026-08-23T16:36:11.475+0000] {logging_mixin.py:190} INFO - [2026-08-23T16:36:11.475+0000] {dag.py:4180} INFO - Setting next_dagrun for branching_dag to None, run_after=None
[2026-08-23T16:36:11.492+0000] {processor.py:208} INFO - Processing /opt/airflow/dags/03_branching_dag.py took 0.207 seconds
[2026-08-23T16:36:42.274+0000] {processor.py:186} INFO - Started process (PID=1852) to work on /opt/airflow/dags/03_branching_dag.py
[2026-08-23T16:36:42.276+0000] {processor.py:914} INFO - Processing file /opt/airflow/dags/03_branching_dag.py for tasks to queue
[2026-08-23T16:36:42.278+0000] {logging_mixin.py:190} INFO - [2026-08-23T16:36:42.277+0000] {dagbag.py:588} INFO - Filling up the DagBag from /opt/airflow/dags/03_branching_dag.py
[2026-08-23T16:36:42.300+0000] {processor.py:925} INFO - DAG(s) 'branching_dag' retrieved from /opt/airflow/dags/03_branching_dag.py
[2026-08-23T16:36:42.351+0000] {logging_mixin.py:190} INFO - [2026-08-23T16:36:42.351+0000] {dag.py:3239} INFO - Sync 1 DAGs
[2026-08-23T16:36:42.376+0000] {logging_mixin.py:190} INFO - [2026-08-23T16:36:42.376+0000] {dag.py:4180} INFO - Setting next_dagrun for branching_dag to None, run_after=None
[2026-08-23T16:36:42.390+0000] {processor.py:208} INFO - Processing /opt/airflow/dags/03_branching_dag.py took 0.129 seconds
[2026-08-23T16:37:12.667+0000] {processor.py:186} INFO - Started process (PID=1863) to work on /opt/airflow/dags/03_branching_dag.py
[2026-08-23T16:37:12.677+0000] {processor.py:914} INFO - Processing file /opt/airflow/dags/03_branching_dag.py for tasks to queue
[2026-08-23T16:37:12.685+0000] {logging_mixin.py:190} INFO - [2026-08-23T16:37:12.683+0000] {dagbag.py:588} INFO - Filling up the DagBag from /opt/airflow/dags/03_branching_dag.py
[2026-08-23T16:37:12.771+0000] {processor.py:925} INFO - DAG(s) 'branching_dag' retrieved from /opt/airflow/dags/03_branching_dag.py
[2026-08-23T16:37:12.918+0000] {logging_mixin.py:190} INFO - [2026-08-23T16:37:12.917+0000] {dag.py:3239} INFO - Sync 1 DAGs
[2026-08-23T16:37:12.945+0000] {logging_mixin.py:190} INFO - [2026-08-23T16:37:12.945+0000] {dag.py:4180} INFO - Setting next_dagrun for branching_dag to None, run_after=None
[2026-08-23T16:37:12.968+0000] {processor.py:208} INFO - Processing /opt/airflow/dags/03_branching_dag.py took 0.350 seconds
[2026-08-23T16:37:43.304+0000] {processor.py:186} INFO - Started process (PID=1874) to work on /opt/airflow/dags/03_branching_dag.py
[2026-08-23T16:37:43.307+0000] {processor.py:914} INFO - Processing file /opt/airflow/dags/03_branching_dag.py for tasks to queue
[2026-08-23T16:37:43.309+0000] {logging_mixin.py:190} INFO - [2026-08-23T16:37:43.308+0000] {dagbag.py:588} INFO - Filling up the DagBag from /opt/airflow/dags/03_branching_dag.py
[2026-08-23T16:37:43.354+0000] {processor.py:925} INFO - DAG(s) 'branching_dag' retrieved from /opt/airflow/dags/03_branching_dag.py
[2026-08-23T16:37:43.453+0000] {logging_mixin.py:190} INFO - [2026-08-23T16:37:43.452+0000] {dag.py:3239} INFO - Sync 1 DAGs
[2026-08-23T16:37:43.505+0000] {logging_mixin.py:190} INFO - [2026-08-23T16:37:43.505+0000] {dag.py:4180} INFO - Setting next_dagrun for branching_dag to None, run_after=None
[2026-08-23T16:37:43.550+0000] {processor.py:208} INFO - Processing /opt/airflow/dags/03_branching_dag.py took 0.277 seconds
[2026-08-23T16:38:13.843+0000] {processor.py:186} INFO - Started process (PID=1885) to work on /opt/airflow/dags/03_branching_dag.py
[2026-08-23T16:38:13.847+0000] {processor.py:914} INFO - Processing file /opt/airflow/dags/03_branching_dag.py for tasks to queue
[2026-08-23T16:38:13.849+0000] {logging_mixin.py:190} INFO - [2026-08-23T16:38:13.848+0000] {dagbag.py:588} INFO - Filling up the DagBag from /opt/airflow/dags/03_branching_dag.py
[2026-08-23T16:38:13.880+0000] {processor.py:925} INFO - DAG(s) 'branching_dag' retrieved from /opt/airflow/dags/03_branching_dag.py
[2026-08-23T16:38:14.030+0000] {logging_mixin.py:190} INFO - [2026-08-23T16:38:14.030+0000] {dag.py:3239} INFO - Sync 1 DAGs
[2026-08-23T16:38:14.055+0000] {logging_mixin.py:190} INFO - [2026-08-23T16:38:14.055+0000] {dag.py:4180} INFO - Setting next_dagrun for branching_dag to None, run_after=None
[2026-08-23T16:38:14.077+0000] {processor.py:208} INFO - Processing /opt/airflow/dags/03_branching_dag.py took 0.251 seconds
[2026-08-23T16:38:44.289+0000] {processor.py:186} INFO - Started process (PID=1900) to work on /opt/airflow/dags/03_branching_dag.py
[2026-08-23T16:38:44.291+0000] {processor.py:914} INFO - Processing file /opt/airflow/dags/03_branching_dag.py for tasks to queue
[2026-08-23T16:38:44.292+0000] {logging_mixin.py:190} INFO - [2026-08-23T16:38:44.291+0000] {dagbag.py:588} INFO - Filling up the DagBag from /opt/airflow/dags/03_branching_dag.py
[2026-08-23T16:38:44.335+0000] {processor.py:925} INFO - DAG(s) 'branching_dag' retrieved from /opt/airflow/dags/03_branching_dag.py
[2026-08-23T16:38:44.442+0000] {logging_mixin.py:190} INFO - [2026-08-23T16:38:44.440+0000] {dag.py:3239} INFO - Sync 1 DAGs
[2026-08-23T16:38:44.469+0000] {logging_mixin.py:190} INFO - [2026-08-23T16:38:44.468+0000] {dag.py:4180} INFO - Setting next_dagrun for branching_dag to None, run_after=None
[2026-08-23T16:38:44.489+0000] {processor.py:208} INFO - Processing /opt/airflow/dags/03_branching_dag.py took 0.214 seconds
[2026-08-23T16:39:14.790+0000] {processor.py:186} INFO - Started process (PID=1911) to work on /opt/airflow/dags/03_branching_dag.py
[2026-08-23T16:39:14.794+0000] {processor.py:914} INFO - Processing file /opt/airflow/dags/03_branching_dag.py for tasks to queue
[2026-08-23T16:39:14.796+0000] {logging_mixin.py:190} INFO - [2026-08-23T16:39:14.796+0000] {dagbag.py:588} INFO - Filling up the DagBag from /opt/airflow/dags/03_branching_dag.py
[2026-08-23T16:39:14.823+0000] {processor.py:925} INFO - DAG(s) 'branching_dag' retrieved from /opt/airflow/dags/03_branching_dag.py
[2026-08-23T16:39:14.893+0000] {logging_mixin.py:190} INFO - [2026-08-23T16:39:14.892+0000] {dag.py:3239} INFO - Sync 1 DAGs
[2026-08-23T16:39:14.915+0000] {logging_mixin.py:190} INFO - [2026-08-23T16:39:14.915+0000] {dag.py:4180} INFO - Setting next_dagrun for branching_dag to None, run_after=None
[2026-08-23T16:39:14.932+0000] {processor.py:208} INFO - Processing /opt/airflow/dags/03_branching_dag.py took 0.151 seconds
[2026-08-23T16:39:45.627+0000] {processor.py:186} INFO - Started process (PID=1922) to work on /opt/airflow/dags/03_branching_dag.py
[2026-08-23T16:39:45.629+0000] {processor.py:914} INFO - Processing file /opt/airflow/dags/03_branching_dag.py for tasks to queue
[2026-08-23T16:39:45.631+0000] {logging_mixin.py:190} INFO - [2026-08-23T16:39:45.630+0000] {dagbag.py:588} INFO - Filling up the DagBag from /opt/airflow/dags/03_branching_dag.py
[2026-08-23T16:39:45.653+0000] {processor.py:925} INFO - DAG(s) 'branching_dag' retrieved from /opt/airflow/dags/03_branching_dag.py
[2026-08-23T16:39:45.703+0000] {logging_mixin.py:190} INFO - [2026-08-23T16:39:45.703+0000] {dag.py:3239} INFO - Sync 1 DAGs
[2026-08-23T16:39:45.734+0000] {logging_mixin.py:190} INFO - [2026-08-23T16:39:45.734+0000] {dag.py:4180} INFO - Setting next_dagrun for branching_dag to None, run_after=None
[2026-08-23T16:39:45.754+0000] {processor.py:208} INFO - Processing /opt/airflow/dags/03_branching_dag.py took 0.138 seconds
[2026-08-23T16:40:16.683+0000] {processor.py:186} INFO - Started process (PID=1933) to work on /opt/airflow/dags/03_branching_dag.py
[2026-08-23T16:40:16.685+0000] {processor.py:914} INFO - Processing file /opt/airflow/dags/03_branching_dag.py for tasks to queue
[2026-08-23T16:40:16.687+0000] {logging_mixin.py:190} INFO - [2026-08-23T16:40:16.686+0000] {dagbag.py:588} INFO - Filling up the DagBag from /opt/airflow/dags/03_branching_dag.py
[2026-08-23T16:40:16.709+0000] {processor.py:925} INFO - DAG(s) 'branching_dag' retrieved from /opt/airflow/dags/03_branching_dag.py
[2026-08-23T16:40:16.758+0000] {logging_mixin.py:190} INFO - [2026-08-23T16:40:16.758+0000] {dag.py:3239} INFO - Sync 1 DAGs
[2026-08-23T16:40:16.782+0000] {logging_mixin.py:190} INFO - [2026-08-23T16:40:16.782+0000] {dag.py:4180} INFO - Setting next_dagrun for branching_dag to None, run_after=None
[2026-08-23T16:40:16.800+0000] {processor.py:208} INFO - Processing /opt/airflow/dags/03_branching_dag.py took 0.129 seconds
[2026-08-23T16:41:21.713+0000] {processor.py:186} INFO - Started process (PID=88) to work on /opt/airflow/dags/03_branching_dag.py
[2026-08-23T16:41:21.718+0000] {processor.py:914} INFO - Processing file /opt/airflow/dags/03_branching_dag.py for tasks to queue
[2026-08-23T16:41:21.723+0000] {logging_mixin.py:190} INFO - [2026-08-23T16:41:21.723+0000] {dagbag.py:588} INFO - Filling up the DagBag from /opt/airflow/dags/03_branching_dag.py
[2026-08-23T16:41:21.768+0000] {processor.py:925} INFO - DAG(s) 'branching_dag' retrieved from /opt/airflow/dags/03_branching_dag.py
[2026-08-23T16:41:21.874+0000] {logging_mixin.py:190} INFO - [2026-08-23T16:41:21.873+0000] {dag.py:3239} INFO - Sync 1 DAGs
[2026-08-23T16:41:21.910+0000] {logging_mixin.py:190} INFO - [2026-08-23T16:41:21.910+0000] {dag.py:4180} INFO - Setting next_dagrun for branching_dag to None, run_after=None
[2026-08-23T16:41:21.947+0000] {processor.py:208} INFO - Processing /opt/airflow/dags/03_branching_dag.py took 0.260 seconds
[2026-08-23T16:41:52.997+0000] {processor.py:186} INFO - Started process (PID=99) to work on /opt/airflow/dags/03_branching_dag.py
[2026-08-23T16:41:52.999+0000] {processor.py:914} INFO - Processing file /opt/airflow/dags/03_branching_dag.py for tasks to queue
[2026-08-23T16:41:53.001+0000] {logging_mixin.py:190} INFO - [2026-08-23T16:41:53.001+0000] {dagbag.py:588} INFO - Filling up the DagBag from /opt/airflow/dags/03_branching_dag.py
[2026-08-23T16:41:53.018+0000] {processor.py:925} INFO - DAG(s) 'branching_dag' retrieved from /opt/airflow/dags/03_branching_dag.py
[2026-08-23T16:41:53.066+0000] {logging_mixin.py:190} INFO - [2026-08-23T16:41:53.066+0000] {dag.py:3239} INFO - Sync 1 DAGs
[2026-08-23T16:41:53.075+0000] {logging_mixin.py:190} INFO - [2026-08-23T16:41:53.075+0000] {dag.py:4180} INFO - Setting next_dagrun for branching_dag to None, run_after=None
[2026-08-23T16:41:53.096+0000] {processor.py:208} INFO - Processing /opt/airflow/dags/03_branching_dag.py took 0.105 seconds
[2026-08-23T16:42:23.862+0000] {processor.py:186} INFO - Started process (PID=110) to work on /opt/airflow/dags/03_branching_dag.py
[2026-08-23T16:42:23.863+0000] {processor.py:914} INFO - Processing file /opt/airflow/dags/03_branching_dag.py for tasks to queue
[2026-08-23T16:42:23.864+0000] {logging_mixin.py:190} INFO - [2026-08-23T16:42:23.864+0000] {dagbag.py:588} INFO - Filling up the DagBag from /opt/airflow/dags/03_branching_dag.py
[2026-08-23T16:42:23.872+0000] {processor.py:925} INFO - DAG(s) 'branching_dag' retrieved from /opt/airflow/dags/03_branching_dag.py
[2026-08-23T16:42:23.890+0000] {logging_mixin.py:190} INFO - [2026-08-23T16:42:23.890+0000] {dag.py:3239} INFO - Sync 1 DAGs
[2026-08-23T16:42:23.897+0000] {logging_mixin.py:190} INFO - [2026-08-23T16:42:23.897+0000] {dag.py:4180} INFO - Setting next_dagrun for branching_dag to None, run_after=None
[2026-08-23T16:42:23.905+0000] {processor.py:208} INFO - Processing /opt/airflow/dags/03_branching_dag.py took 0.047 seconds
[2026-08-23T16:42:54.985+0000] {processor.py:186} INFO - Started process (PID=121) to work on /opt/airflow/dags/03_branching_dag.py
[2026-08-23T16:42:54.985+0000] {processor.py:914} INFO - Processing file /opt/airflow/dags/03_branching_dag.py for tasks to queue
[2026-08-23T16:42:54.987+0000] {logging_mixin.py:190} INFO - [2026-08-23T16:42:54.986+0000] {dagbag.py:588} INFO - Filling up the DagBag from /opt/airflow/dags/03_branching_dag.py
[2026-08-23T16:42:54.993+0000] {processor.py:925} INFO - DAG(s) 'branching_dag' retrieved from /opt/airflow/dags/03_branching_dag.py
[2026-08-23T16:42:55.010+0000] {logging_mixin.py:190} INFO - [2026-08-23T16:42:55.010+0000] {dag.py:3239} INFO - Sync 1 DAGs
[2026-08-23T16:42:55.016+0000] {logging_mixin.py:190} INFO - [2026-08-23T16:42:55.016+0000] {dag.py:4180} INFO - Setting next_dagrun for branching_dag to None, run_after=None
[2026-08-23T16:42:55.025+0000] {processor.py:208} INFO - Processing /opt/airflow/dags/03_branching_dag.py took 0.044 seconds
[2026-08-23T16:43:26.495+0000] {processor.py:186} INFO - Started process (PID=132) to work on /opt/airflow/dags/03_branching_dag.py
[2026-08-23T16:43:26.496+0000] {processor.py:914} INFO - Processing file /opt/airflow/dags/03_branching_dag.py for tasks to queue
[2026-08-23T16:43:26.500+0000] {logging_mixin.py:190} INFO - [2026-08-23T16:43:26.500+0000] {dagbag.py:588} INFO - Filling up the DagBag from /opt/airflow/dags/03_branching_dag.py
[2026-08-23T16:43:26.519+0000] {processor.py:925} INFO - DAG(s) 'branching_dag' retrieved from /opt/airflow/dags/03_branching_dag.py
[2026-08-23T16:43:26.591+0000] {logging_mixin.py:190} INFO - [2026-08-23T16:43:26.590+0000] {dag.py:3239} INFO - Sync 1 DAGs
[2026-08-23T16:43:27.253+0000] {logging_mixin.py:190} INFO - [2026-08-23T16:43:27.253+0000] {dag.py:4180} INFO - Setting next_dagrun for branching_dag to None, run_after=None
[2026-08-23T16:43:27.268+0000] {processor.py:208} INFO - Processing /opt/airflow/dags/03_branching_dag.py took 0.783 seconds
[2026-08-23T16:43:57.926+0000] {processor.py:186} INFO - Started process (PID=143) to work on /opt/airflow/dags/03_branching_dag.py
[2026-08-23T16:43:57.927+0000] {processor.py:914} INFO - Processing file /opt/airflow/dags/03_branching_dag.py for tasks to queue
[2026-08-23T16:43:57.929+0000] {logging_mixin.py:190} INFO - [2026-08-23T16:43:57.929+0000] {dagbag.py:588} INFO - Filling up the DagBag from /opt/airflow/dags/03_branching_dag.py
[2026-08-23T16:43:57.942+0000] {processor.py:925} INFO - DAG(s) 'branching_dag' retrieved from /opt/airflow/dags/03_branching_dag.py
[2026-08-23T16:43:58.334+0000] {logging_mixin.py:190} INFO - [2026-08-23T16:43:58.334+0000] {dag.py:3239} INFO - Sync 1 DAGs
[2026-08-23T16:43:58.354+0000] {logging_mixin.py:190} INFO - [2026-08-23T16:43:58.354+0000] {dag.py:4180} INFO - Setting next_dagrun for branching_dag to None, run_after=None
[2026-08-23T16:43:58.397+0000] {processor.py:208} INFO - Processing /opt/airflow/dags/03_branching_dag.py took 0.479 seconds
[2026-08-23T16:44:28.714+0000] {processor.py:186} INFO - Started process (PID=154) to work on /opt/airflow/dags/03_branching_dag.py
[2026-08-23T16:44:28.715+0000] {processor.py:914} INFO - Processing file /opt/airflow/dags/03_branching_dag.py for tasks to queue
[2026-08-23T16:44:28.716+0000] {logging_mixin.py:190} INFO - [2026-08-23T16:44:28.716+0000] {dagbag.py:588} INFO - Filling up the DagBag from /opt/airflow/dags/03_branching_dag.py
[2026-08-23T16:44:28.724+0000] {processor.py:925} INFO - DAG(s) 'branching_dag' retrieved from /opt/airflow/dags/03_branching_dag.py
[2026-08-23T16:44:28.755+0000] {logging_mixin.py:190} INFO - [2026-08-23T16:44:28.755+0000] {dag.py:3239} INFO - Sync 1 DAGs
[2026-08-23T16:44:28.766+0000] {logging_mixin.py:190} INFO - [2026-08-23T16:44:28.766+0000] {dag.py:4180} INFO - Setting next_dagrun for branching_dag to None, run_after=None
[2026-08-23T16:44:28.781+0000] {processor.py:208} INFO - Processing /opt/airflow/dags/03_branching_dag.py took 0.073 seconds
[2026-08-23T16:44:59.861+0000] {processor.py:186} INFO - Started process (PID=165) to work on /opt/airflow/dags/03_branching_dag.py
[2026-08-23T16:44:59.862+0000] {processor.py:914} INFO - Processing file /opt/airflow/dags/03_branching_dag.py for tasks to queue
[2026-08-23T16:44:59.863+0000] {logging_mixin.py:190} INFO - [2026-08-23T16:44:59.863+0000] {dagbag.py:588} INFO - Filling up the DagBag from /opt/airflow/dags/03_branching_dag.py
[2026-08-23T16:44:59.870+0000] {processor.py:925} INFO - DAG(s) 'branching_dag' retrieved from /opt/airflow/dags/03_branching_dag.py
[2026-08-23T16:44:59.890+0000] {logging_mixin.py:190} INFO - [2026-08-23T16:44:59.890+0000] {dag.py:3239} INFO - Sync 1 DAGs
[2026-08-23T16:44:59.907+0000] {logging_mixin.py:190} INFO - [2026-08-23T16:44:59.907+0000] {dag.py:4180} INFO - Setting next_dagrun for branching_dag to None, run_after=None
[2026-08-23T16:44:59.918+0000] {processor.py:208} INFO - Processing /opt/airflow/dags/03_branching_dag.py took 0.062 seconds
[2026-08-23T16:45:30.888+0000] {processor.py:186} INFO - Started process (PID=176) to work on /opt/airflow/dags/03_branching_dag.py
[2026-08-23T16:45:30.890+0000] {processor.py:914} INFO - Processing file /opt/airflow/dags/03_branching_dag.py for tasks to queue
[2026-08-23T16:45:30.891+0000] {logging_mixin.py:190} INFO - [2026-08-23T16:45:30.891+0000] {dagbag.py:588} INFO - Filling up the DagBag from /opt/airflow/dags/03_branching_dag.py
[2026-08-23T16:45:30.898+0000] {processor.py:925} INFO - DAG(s) 'branching_dag' retrieved from /opt/airflow/dags/03_branching_dag.py
[2026-08-23T16:45:30.919+0000] {logging_mixin.py:190} INFO - [2026-08-23T16:45:30.919+0000] {dag.py:3239} INFO - Sync 1 DAGs
[2026-08-23T16:45:30.927+0000] {logging_mixin.py:190} INFO - [2026-08-23T16:45:30.927+0000] {dag.py:4180} INFO - Setting next_dagrun for branching_dag to None, run_after=None
[2026-08-23T16:45:30.936+0000] {processor.py:208} INFO - Processing /opt/airflow/dags/03_branching_dag.py took 0.061 seconds
[2026-08-23T16:46:02.072+0000] {processor.py:186} INFO - Started process (PID=187) to work on /opt/airflow/dags/03_branching_dag.py
[2026-08-23T16:46:02.074+0000] {processor.py:914} INFO - Processing file /opt/airflow/dags/03_branching_dag.py for tasks to queue
[2026-08-23T16:46:02.079+0000] {logging_mixin.py:190} INFO - [2026-08-23T16:46:02.078+0000] {dagbag.py:588} INFO - Filling up the DagBag from /opt/airflow/dags/03_branching_dag.py
[2026-08-23T16:46:02.088+0000] {processor.py:925} INFO - DAG(s) 'branching_dag' retrieved from /opt/airflow/dags/03_branching_dag.py
[2026-08-23T16:46:02.112+0000] {logging_mixin.py:190} INFO - [2026-08-23T16:46:02.112+0000] {dag.py:3239} INFO - Sync 1 DAGs
[2026-08-23T16:46:02.125+0000] {logging_mixin.py:190} INFO - [2026-08-23T16:46:02.124+0000] {dag.py:4180} INFO - Setting next_dagrun for branching_dag to None, run_after=None
[2026-08-23T16:46:02.145+0000] {processor.py:208} INFO - Processing /opt/airflow/dags/03_branching_dag.py took 0.081 seconds
[2026-08-23T16:46:32.993+0000] {processor.py:186} INFO - Started process (PID=198) to work on /opt/airflow/dags/03_branching_dag.py
[2026-08-23T16:46:32.995+0000] {processor.py:914} INFO - Processing file /opt/airflow/dags/03_branching_dag.py for tasks to queue
[2026-08-23T16:46:32.997+0000] {logging_mixin.py:190} INFO - [2026-08-23T16:46:32.997+0000] {dagbag.py:588} INFO - Filling up the DagBag from /opt/airflow/dags/03_branching_dag.py
[2026-08-23T16:46:33.010+0000] {processor.py:925} INFO - DAG(s) 'branching_dag' retrieved from /opt/airflow/dags/03_branching_dag.py
[2026-08-23T16:46:33.069+0000] {logging_mixin.py:190} INFO - [2026-08-23T16:46:33.068+0000] {dag.py:3239} INFO - Sync 1 DAGs
[2026-08-23T16:46:33.099+0000] {logging_mixin.py:190} INFO - [2026-08-23T16:46:33.099+0000] {dag.py:4180} INFO - Setting next_dagrun for branching_dag to None, run_after=None
[2026-08-23T16:46:33.134+0000] {processor.py:208} INFO - Processing /opt/airflow/dags/03_branching_dag.py took 0.151 seconds
[2026-08-23T16:47:04.007+0000] {processor.py:186} INFO - Started process (PID=209) to work on /opt/airflow/dags/03_branching_dag.py
[2026-08-23T16:47:04.008+0000] {processor.py:914} INFO - Processing file /opt/airflow/dags/03_branching_dag.py for tasks to queue
[2026-08-23T16:47:04.010+0000] {logging_mixin.py:190} INFO - [2026-08-23T16:47:04.010+0000] {dagbag.py:588} INFO - Filling up the DagBag from /opt/airflow/dags/03_branching_dag.py
[2026-08-23T16:47:04.017+0000] {processor.py:925} INFO - DAG(s) 'branching_dag' retrieved from /opt/airflow/dags/03_branching_dag.py
[2026-08-23T16:47:04.042+0000] {logging_mixin.py:190} INFO - [2026-08-23T16:47:04.042+0000] {dag.py:3239} INFO - Sync 1 DAGs
[2026-08-23T16:47:04.061+0000] {logging_mixin.py:190} INFO - [2026-08-23T16:47:04.061+0000] {dag.py:4180} INFO - Setting next_dagrun for branching_dag to None, run_after=None
[2026-08-23T16:47:04.081+0000] {processor.py:208} INFO - Processing /opt/airflow/dags/03_branching_dag.py took 0.084 seconds
[2026-08-23T16:47:34.902+0000] {processor.py:186} INFO - Started process (PID=220) to work on /opt/airflow/dags/03_branching_dag.py
[2026-08-23T16:47:34.902+0000] {processor.py:914} INFO - Processing file /opt/airflow/dags/03_branching_dag.py for tasks to queue
[2026-08-23T16:47:34.904+0000] {logging_mixin.py:190} INFO - [2026-08-23T16:47:34.904+0000] {dagbag.py:588} INFO - Filling up the DagBag from /opt/airflow/dags/03_branching_dag.py
[2026-08-23T16:47:34.910+0000] {processor.py:925} INFO - DAG(s) 'branching_dag' retrieved from /opt/airflow/dags/03_branching_dag.py
[2026-08-23T16:47:34.928+0000] {logging_mixin.py:190} INFO - [2026-08-23T16:47:34.928+0000] {dag.py:3239} INFO - Sync 1 DAGs
[2026-08-23T16:47:34.938+0000] {logging_mixin.py:190} INFO - [2026-08-23T16:47:34.938+0000] {dag.py:4180} INFO - Setting next_dagrun for branching_dag to None, run_after=None
[2026-08-23T16:47:34.950+0000] {processor.py:208} INFO - Processing /opt/airflow/dags/03_branching_dag.py took 0.053 seconds
[2026-08-23T16:48:05.931+0000] {processor.py:186} INFO - Started process (PID=231) to work on /opt/airflow/dags/03_branching_dag.py
[2026-08-23T16:48:05.932+0000] {processor.py:914} INFO - Processing file /opt/airflow/dags/03_branching_dag.py for tasks to queue
[2026-08-23T16:48:05.933+0000] {logging_mixin.py:190} INFO - [2026-08-23T16:48:05.933+0000] {dagbag.py:588} INFO - Filling up the DagBag from /opt/airflow/dags/03_branching_dag.py
[2026-08-23T16:48:05.940+0000] {processor.py:925} INFO - DAG(s) 'branching_dag' retrieved from /opt/airflow/dags/03_branching_dag.py
[2026-08-23T16:48:05.958+0000] {logging_mixin.py:190} INFO - [2026-08-23T16:48:05.958+0000] {dag.py:3239} INFO - Sync 1 DAGs
[2026-08-23T16:48:05.966+0000] {logging_mixin.py:190} INFO - [2026-08-23T16:48:05.966+0000] {dag.py:4180} INFO - Setting next_dagrun for branching_dag to None, run_after=None
[2026-08-23T16:48:05.975+0000] {processor.py:208} INFO - Processing /opt/airflow/dags/03_branching_dag.py took 0.050 seconds
[2026-08-23T16:48:36.851+0000] {processor.py:186} INFO - Started process (PID=242) to work on /opt/airflow/dags/03_branching_dag.py
[2026-08-23T16:48:36.852+0000] {processor.py:914} INFO - Processing file /opt/airflow/dags/03_branching_dag.py for tasks to queue
[2026-08-23T16:48:36.854+0000] {logging_mixin.py:190} INFO - [2026-08-23T16:48:36.854+0000] {dagbag.py:588} INFO - Filling up the DagBag from /opt/airflow/dags/03_branching_dag.py
[2026-08-23T16:48:36.862+0000] {processor.py:925} INFO - DAG(s) 'branching_dag' retrieved from /opt/airflow/dags/03_branching_dag.py
[2026-08-23T16:48:36.894+0000] {logging_mixin.py:190} INFO - [2026-08-23T16:48:36.893+0000] {dag.py:3239} INFO - Sync 1 DAGs
[2026-08-23T16:48:36.916+0000] {logging_mixin.py:190} INFO - [2026-08-23T16:48:36.915+0000] {dag.py:4180} INFO - Setting next_dagrun for branching_dag to None, run_after=None
[2026-08-23T16:48:36.941+0000] {processor.py:208} INFO - Processing /opt/airflow/dags/03_branching_dag.py took 0.102 seconds
[2026-08-23T16:49:07.789+0000] {processor.py:186} INFO - Started process (PID=254) to work on /opt/airflow/dags/03_branching_dag.py
[2026-08-23T16:49:07.790+0000] {processor.py:914} INFO - Processing file /opt/airflow/dags/03_branching_dag.py for tasks to queue
[2026-08-23T16:49:07.793+0000] {logging_mixin.py:190} INFO - [2026-08-23T16:49:07.792+0000] {dagbag.py:588} INFO - Filling up the DagBag from /opt/airflow/dags/03_branching_dag.py
[2026-08-23T16:49:07.800+0000] {processor.py:925} INFO - DAG(s) 'branching_dag' retrieved from /opt/airflow/dags/03_branching_dag.py
[2026-08-23T16:49:07.832+0000] {logging_mixin.py:190} INFO - [2026-08-23T16:49:07.832+0000] {dag.py:3239} INFO - Sync 1 DAGs
[2026-08-23T16:49:07.842+0000] {logging_mixin.py:190} INFO - [2026-08-23T16:49:07.841+0000] {dag.py:4180} INFO - Setting next_dagrun for branching_dag to None, run_after=None
[2026-08-23T16:49:07.856+0000] {processor.py:208} INFO - Processing /opt/airflow/dags/03_branching_dag.py took 0.073 seconds
[2026-08-23T16:49:38.817+0000] {processor.py:186} INFO - Started process (PID=265) to work on /opt/airflow/dags/03_branching_dag.py
[2026-08-23T16:49:38.819+0000] {processor.py:914} INFO - Processing file /opt/airflow/dags/03_branching_dag.py for tasks to queue
[2026-08-23T16:49:38.821+0000] {logging_mixin.py:190} INFO - [2026-08-23T16:49:38.820+0000] {dagbag.py:588} INFO - Filling up the DagBag from /opt/airflow/dags/03_branching_dag.py
[2026-08-23T16:49:38.831+0000] {processor.py:925} INFO - DAG(s) 'branching_dag' retrieved from /opt/airflow/dags/03_branching_dag.py
[2026-08-23T16:49:38.860+0000] {logging_mixin.py:190} INFO - [2026-08-23T16:49:38.860+0000] {dag.py:3239} INFO - Sync 1 DAGs
[2026-08-23T16:49:38.869+0000] {logging_mixin.py:190} INFO - [2026-08-23T16:49:38.869+0000] {dag.py:4180} INFO - Setting next_dagrun for branching_dag to None, run_after=None
[2026-08-23T16:49:38.882+0000] {processor.py:208} INFO - Processing /opt/airflow/dags/03_branching_dag.py took 0.071 seconds
[2026-08-23T16:50:09.610+0000] {processor.py:186} INFO - Started process (PID=276) to work on /opt/airflow/dags/03_branching_dag.py
[2026-08-23T16:50:09.611+0000] {processor.py:914} INFO - Processing file /opt/airflow/dags/03_branching_dag.py for tasks to queue
[2026-08-23T16:50:09.613+0000] {logging_mixin.py:190} INFO - [2026-08-23T16:50:09.613+0000] {dagbag.py:588} INFO - Filling up the DagBag from /opt/airflow/dags/03_branching_dag.py
[2026-08-23T16:50:09.623+0000] {processor.py:925} INFO - DAG(s) 'branching_dag' retrieved from /opt/airflow/dags/03_branching_dag.py
[2026-08-23T16:50:09.648+0000] {logging_mixin.py:190} INFO - [2026-08-23T16:50:09.647+0000] {dag.py:3239} INFO - Sync 1 DAGs
[2026-08-23T16:50:09.660+0000] {logging_mixin.py:190} INFO - [2026-08-23T16:50:09.660+0000] {dag.py:4180} INFO - Setting next_dagrun for branching_dag to None, run_after=None
[2026-08-23T16:50:09.671+0000] {processor.py:208} INFO - Processing /opt/airflow/dags/03_branching_dag.py took 0.067 seconds
[2026-08-23T16:50:40.443+0000] {processor.py:186} INFO - Started process (PID=287) to work on /opt/airflow/dags/03_branching_dag.py
[2026-08-23T16:50:40.444+0000] {processor.py:914} INFO - Processing file /opt/airflow/dags/03_branching_dag.py for tasks to queue
[2026-08-23T16:50:40.446+0000] {logging_mixin.py:190} INFO - [2026-08-23T16:50:40.446+0000] {dagbag.py:588} INFO - Filling up the DagBag from /opt/airflow/dags/03_branching_dag.py
[2026-08-23T16:50:40.453+0000] {processor.py:925} INFO - DAG(s) 'branching_dag' retrieved from /opt/airflow/dags/03_branching_dag.py
[2026-08-23T16:50:40.471+0000] {logging_mixin.py:190} INFO - [2026-08-23T16:50:40.471+0000] {dag.py:3239} INFO - Sync 1 DAGs
[2026-08-23T16:50:40.478+0000] {logging_mixin.py:190} INFO - [2026-08-23T16:50:40.478+0000] {dag.py:4180} INFO - Setting next_dagrun for branching_dag to None, run_after=None
[2026-08-23T16:50:40.486+0000] {processor.py:208} INFO - Processing /opt/airflow/dags/03_branching_dag.py took 0.053 seconds
[2026-08-23T16:51:11.257+0000] {processor.py:186} INFO - Started process (PID=298) to work on /opt/airflow/dags/03_branching_dag.py
[2026-08-23T16:51:11.258+0000] {processor.py:914} INFO - Processing file /opt/airflow/dags/03_branching_dag.py for tasks to queue
[2026-08-23T16:51:11.259+0000] {logging_mixin.py:190} INFO - [2026-08-23T16:51:11.259+0000] {dagbag.py:588} INFO - Filling up the DagBag from /opt/airflow/dags/03_branching_dag.py
[2026-08-23T16:51:11.267+0000] {processor.py:925} INFO - DAG(s) 'branching_dag' retrieved from /opt/airflow/dags/03_branching_dag.py
[2026-08-23T16:51:11.286+0000] {logging_mixin.py:190} INFO - [2026-08-23T16:51:11.286+0000] {dag.py:3239} INFO - Sync 1 DAGs
[2026-08-23T16:51:11.294+0000] {logging_mixin.py:190} INFO - [2026-08-23T16:51:11.294+0000] {dag.py:4180} INFO - Setting next_dagrun for branching_dag to None, run_after=None
[2026-08-23T16:51:11.304+0000] {processor.py:208} INFO - Processing /opt/airflow/dags/03_branching_dag.py took 0.061 seconds
[2026-08-23T16:51:42.089+0000] {processor.py:186} INFO - Started process (PID=309) to work on /opt/airflow/dags/03_branching_dag.py
[2026-08-23T16:51:42.090+0000] {processor.py:914} INFO - Processing file /opt/airflow/dags/03_branching_dag.py for tasks to queue
[2026-08-23T16:51:42.091+0000] {logging_mixin.py:190} INFO - [2026-08-23T16:51:42.091+0000] {dagbag.py:588} INFO - Filling up the DagBag from /opt/airflow/dags/03_branching_dag.py
[2026-08-23T16:51:42.097+0000] {processor.py:925} INFO - DAG(s) 'branching_dag' retrieved from /opt/airflow/dags/03_branching_dag.py
[2026-08-23T16:51:42.115+0000] {logging_mixin.py:190} INFO - [2026-08-23T16:51:42.115+0000] {dag.py:3239} INFO - Sync 1 DAGs
[2026-08-23T16:51:42.122+0000] {logging_mixin.py:190} INFO - [2026-08-23T16:51:42.122+0000] {dag.py:4180} INFO - Setting next_dagrun for branching_dag to None, run_after=None
[2026-08-23T16:51:42.132+0000] {processor.py:208} INFO - Processing /opt/airflow/dags/03_branching_dag.py took 0.047 seconds
[2026-08-23T16:52:12.828+0000] {processor.py:186} INFO - Started process (PID=320) to work on /opt/airflow/dags/03_branching_dag.py
[2026-08-23T16:52:12.829+0000] {processor.py:914} INFO - Processing file /opt/airflow/dags/03_branching_dag.py for tasks to queue
[2026-08-23T16:52:12.830+0000] {logging_mixin.py:190} INFO - [2026-08-23T16:52:12.830+0000] {dagbag.py:588} INFO - Filling up the DagBag from /opt/airflow/dags/03_branching_dag.py
[2026-08-23T16:52:12.838+0000] {processor.py:925} INFO - DAG(s) 'branching_dag' retrieved from /opt/airflow/dags/03_branching_dag.py
[2026-08-23T16:52:12.863+0000] {logging_mixin.py:190} INFO - [2026-08-23T16:52:12.863+0000] {dag.py:3239} INFO - Sync 1 DAGs
[2026-08-23T16:52:12.875+0000] {logging_mixin.py:190} INFO - [2026-08-23T16:52:12.875+0000] {dag.py:4180} INFO - Setting next_dagrun for branching_dag to None, run_after=None
[2026-08-23T16:52:12.891+0000] {processor.py:208} INFO - Processing /opt/airflow/dags/03_branching_dag.py took 0.068 seconds
[2026-08-23T16:52:43.853+0000] {processor.py:186} INFO - Started process (PID=331) to work on /opt/airflow/dags/03_branching_dag.py
[2026-08-23T16:52:43.853+0000] {processor.py:914} INFO - Processing file /opt/airflow/dags/03_branching_dag.py for tasks to queue
[2026-08-23T16:52:43.855+0000] {logging_mixin.py:190} INFO - [2026-08-23T16:52:43.855+0000] {dagbag.py:588} INFO - Filling up the DagBag from /opt/airflow/dags/03_branching_dag.py
[2026-08-23T16:52:43.862+0000] {processor.py:925} INFO - DAG(s) 'branching_dag' retrieved from /opt/airflow/dags/03_branching_dag.py
[2026-08-23T16:52:43.878+0000] {logging_mixin.py:190} INFO - [2026-08-23T16:52:43.878+0000] {dag.py:3239} INFO - Sync 1 DAGs
[2026-08-23T16:52:43.891+0000] {logging_mixin.py:190} INFO - [2026-08-23T16:52:43.891+0000] {dag.py:4180} INFO - Setting next_dagrun for branching_dag to None, run_after=None
[2026-08-23T16:52:43.905+0000] {processor.py:208} INFO - Processing /opt/airflow/dags/03_branching_dag.py took 0.058 seconds
[2026-08-23T16:53:14.680+0000] {processor.py:186} INFO - Started process (PID=342) to work on /opt/airflow/dags/03_branching_dag.py
[2026-08-23T16:53:14.681+0000] {processor.py:914} INFO - Processing file /opt/airflow/dags/03_branching_dag.py for tasks to queue
[2026-08-23T16:53:14.683+0000] {logging_mixin.py:190} INFO - [2026-08-23T16:53:14.682+0000] {dagbag.py:588} INFO - Filling up the DagBag from /opt/airflow/dags/03_branching_dag.py
[2026-08-23T16:53:14.689+0000] {processor.py:925} INFO - DAG(s) 'branching_dag' retrieved from /opt/airflow/dags/03_branching_dag.py
[2026-08-23T16:53:14.707+0000] {logging_mixin.py:190} INFO - [2026-08-23T16:53:14.706+0000] {dag.py:3239} INFO - Sync 1 DAGs
[2026-08-23T16:53:14.716+0000] {logging_mixin.py:190} INFO - [2026-08-23T16:53:14.715+0000] {dag.py:4180} INFO - Setting next_dagrun for branching_dag to None, run_after=None
[2026-08-23T16:53:14.726+0000] {processor.py:208} INFO - Processing /opt/airflow/dags/03_branching_dag.py took 0.052 seconds
[2026-08-23T16:53:45.507+0000] {processor.py:186} INFO - Started process (PID=353) to work on /opt/airflow/dags/03_branching_dag.py
[2026-08-23T16:53:45.508+0000] {processor.py:914} INFO - Processing file /opt/airflow/dags/03_branching_dag.py for tasks to queue
[2026-08-23T16:53:45.509+0000] {logging_mixin.py:190} INFO - [2026-08-23T16:53:45.509+0000] {dagbag.py:588} INFO - Filling up the DagBag from /opt/airflow/dags/03_branching_dag.py
[2026-08-23T16:53:45.516+0000] {processor.py:925} INFO - DAG(s) 'branching_dag' retrieved from /opt/airflow/dags/03_branching_dag.py
[2026-08-23T16:53:45.541+0000] {logging_mixin.py:190} INFO - [2026-08-23T16:53:45.541+0000] {dag.py:3239} INFO - Sync 1 DAGs
[2026-08-23T16:53:45.549+0000] {logging_mixin.py:190} INFO - [2026-08-23T16:53:45.549+0000] {dag.py:4180} INFO - Setting next_dagrun for branching_dag to None, run_after=None
[2026-08-23T16:53:45.564+0000] {processor.py:208} INFO - Processing /opt/airflow/dags/03_branching_dag.py took 0.063 seconds
[2026-08-23T16:54:16.753+0000] {processor.py:186} INFO - Started process (PID=364) to work on /opt/airflow/dags/03_branching_dag.py
[2026-08-23T16:54:16.755+0000] {processor.py:914} INFO - Processing file /opt/airflow/dags/03_branching_dag.py for tasks to queue
[2026-08-23T16:54:16.759+0000] {logging_mixin.py:190} INFO - [2026-08-23T16:54:16.759+0000] {dagbag.py:588} INFO - Filling up the DagBag from /opt/airflow/dags/03_branching_dag.py
[2026-08-23T16:54:16.892+0000] {processor.py:925} INFO - DAG(s) 'branching_dag' retrieved from /opt/airflow/dags/03_branching_dag.py
[2026-08-23T16:54:16.989+0000] {logging_mixin.py:190} INFO - [2026-08-23T16:54:16.988+0000] {dag.py:3239} INFO - Sync 1 DAGs
[2026-08-23T16:54:17.003+0000] {logging_mixin.py:190} INFO - [2026-08-23T16:54:17.003+0000] {dag.py:4180} INFO - Setting next_dagrun for branching_dag to None, run_after=None
[2026-08-23T16:54:17.020+0000] {processor.py:208} INFO - Processing /opt/airflow/dags/03_branching_dag.py took 0.276 seconds
[2026-08-23T16:54:47.762+0000] {processor.py:186} INFO - Started process (PID=381) to work on /opt/airflow/dags/03_branching_dag.py
[2026-08-23T16:54:47.764+0000] {processor.py:914} INFO - Processing file /opt/airflow/dags/03_branching_dag.py for tasks to queue
[2026-08-23T16:54:47.766+0000] {logging_mixin.py:190} INFO - [2026-08-23T16:54:47.766+0000] {dagbag.py:588} INFO - Filling up the DagBag from /opt/airflow/dags/03_branching_dag.py
[2026-08-23T16:54:47.777+0000] {processor.py:925} INFO - DAG(s) 'branching_dag' retrieved from /opt/airflow/dags/03_branching_dag.py
[2026-08-23T16:54:47.805+0000] {logging_mixin.py:190} INFO - [2026-08-23T16:54:47.805+0000] {dag.py:3239} INFO - Sync 1 DAGs
[2026-08-23T16:54:47.825+0000] {logging_mixin.py:190} INFO - [2026-08-23T16:54:47.825+0000] {dag.py:4180} INFO - Setting next_dagrun for branching_dag to None, run_after=None
[2026-08-23T16:54:47.849+0000] {processor.py:208} INFO - Processing /opt/airflow/dags/03_branching_dag.py took 0.099 seconds
[2026-08-23T16:55:18.980+0000] {processor.py:186} INFO - Started process (PID=392) to work on /opt/airflow/dags/03_branching_dag.py
[2026-08-23T16:55:18.982+0000] {processor.py:914} INFO - Processing file /opt/airflow/dags/03_branching_dag.py for tasks to queue
[2026-08-23T16:55:18.985+0000] {logging_mixin.py:190} INFO - [2026-08-23T16:55:18.984+0000] {dagbag.py:588} INFO - Filling up the DagBag from /opt/airflow/dags/03_branching_dag.py
[2026-08-23T16:55:18.994+0000] {processor.py:925} INFO - DAG(s) 'branching_dag' retrieved from /opt/airflow/dags/03_branching_dag.py
[2026-08-23T16:55:19.013+0000] {logging_mixin.py:190} INFO - [2026-08-23T16:55:19.013+0000] {dag.py:3239} INFO - Sync 1 DAGs
[2026-08-23T16:55:19.023+0000] {logging_mixin.py:190} INFO - [2026-08-23T16:55:19.023+0000] {dag.py:4180} INFO - Setting next_dagrun for branching_dag to None, run_after=None
[2026-08-23T16:55:19.033+0000] {processor.py:208} INFO - Processing /opt/airflow/dags/03_branching_dag.py took 0.058 seconds
[2026-08-23T16:55:49.377+0000] {processor.py:186} INFO - Started process (PID=403) to work on /opt/airflow/dags/03_branching_dag.py
[2026-08-23T16:55:49.378+0000] {processor.py:914} INFO - Processing file /opt/airflow/dags/03_branching_dag.py for tasks to queue
[2026-08-23T16:55:49.380+0000] {logging_mixin.py:190} INFO - [2026-08-23T16:55:49.380+0000] {dagbag.py:588} INFO - Filling up the DagBag from /opt/airflow/dags/03_branching_dag.py
[2026-08-23T16:55:49.392+0000] {processor.py:925} INFO - DAG(s) 'branching_dag' retrieved from /opt/airflow/dags/03_branching_dag.py
[2026-08-23T16:55:49.428+0000] {logging_mixin.py:190} INFO - [2026-08-23T16:55:49.428+0000] {dag.py:3239} INFO - Sync 1 DAGs
[2026-08-23T16:55:49.441+0000] {logging_mixin.py:190} INFO - [2026-08-23T16:55:49.441+0000] {dag.py:4180} INFO - Setting next_dagrun for branching_dag to None, run_after=None
[2026-08-23T16:55:49.454+0000] {processor.py:208} INFO - Processing /opt/airflow/dags/03_branching_dag.py took 0.087 seconds
[2026-08-23T16:56:19.850+0000] {processor.py:186} INFO - Started process (PID=414) to work on /opt/airflow/dags/03_branching_dag.py
[2026-08-23T16:56:19.851+0000] {processor.py:914} INFO - Processing file /opt/airflow/dags/03_branching_dag.py for tasks to queue
[2026-08-23T16:56:19.853+0000] {logging_mixin.py:190} INFO - [2026-08-23T16:56:19.852+0000] {dagbag.py:588} INFO - Filling up the DagBag from /opt/airflow/dags/03_branching_dag.py
[2026-08-23T16:56:19.859+0000] {processor.py:925} INFO - DAG(s) 'branching_dag' retrieved from /opt/airflow/dags/03_branching_dag.py
[2026-08-23T16:56:19.878+0000] {logging_mixin.py:190} INFO - [2026-08-23T16:56:19.878+0000] {dag.py:3239} INFO - Sync 1 DAGs
[2026-08-23T16:56:19.892+0000] {logging_mixin.py:190} INFO - [2026-08-23T16:56:19.892+0000] {dag.py:4180} INFO - Setting next_dagrun for branching_dag to None, run_after=None
[2026-08-23T16:56:19.906+0000] {processor.py:208} INFO - Processing /opt/airflow/dags/03_branching_dag.py took 0.062 seconds
[2026-08-23T16:56:50.900+0000] {processor.py:186} INFO - Started process (PID=425) to work on /opt/airflow/dags/03_branching_dag.py
[2026-08-23T16:56:50.903+0000] {processor.py:914} INFO - Processing file /opt/airflow/dags/03_branching_dag.py for tasks to queue
[2026-08-23T16:56:50.906+0000] {logging_mixin.py:190} INFO - [2026-08-23T16:56:50.906+0000] {dagbag.py:588} INFO - Filling up the DagBag from /opt/airflow/dags/03_branching_dag.py
[2026-08-23T16:56:50.918+0000] {processor.py:925} INFO - DAG(s) 'branching_dag' retrieved from /opt/airflow/dags/03_branching_dag.py
[2026-08-23T16:56:50.952+0000] {logging_mixin.py:190} INFO - [2026-08-23T16:56:50.952+0000] {dag.py:3239} INFO - Sync 1 DAGs
[2026-08-23T16:56:50.973+0000] {logging_mixin.py:190} INFO - [2026-08-23T16:56:50.973+0000] {dag.py:4180} INFO - Setting next_dagrun for branching_dag to None, run_after=None
[2026-08-23T16:56:50.990+0000] {processor.py:208} INFO - Processing /opt/airflow/dags/03_branching_dag.py took 0.095 seconds
[2026-08-23T16:57:22.110+0000] {processor.py:186} INFO - Started process (PID=436) to work on /opt/airflow/dags/03_branching_dag.py
[2026-08-23T16:57:22.111+0000] {processor.py:914} INFO - Processing file /opt/airflow/dags/03_branching_dag.py for tasks to queue
[2026-08-23T16:57:22.113+0000] {logging_mixin.py:190} INFO - [2026-08-23T16:57:22.113+0000] {dagbag.py:588} INFO - Filling up the DagBag from /opt/airflow/dags/03_branching_dag.py
[2026-08-23T16:57:22.120+0000] {processor.py:925} INFO - DAG(s) 'branching_dag' retrieved from /opt/airflow/dags/03_branching_dag.py
[2026-08-23T16:57:22.142+0000] {logging_mixin.py:190} INFO - [2026-08-23T16:57:22.142+0000] {dag.py:3239} INFO - Sync 1 DAGs
[2026-08-23T16:57:22.152+0000] {logging_mixin.py:190} INFO - [2026-08-23T16:57:22.151+0000] {dag.py:4180} INFO - Setting next_dagrun for branching_dag to None, run_after=None
[2026-08-23T16:57:22.163+0000] {processor.py:208} INFO - Processing /opt/airflow/dags/03_branching_dag.py took 0.060 seconds
