[2026-09-04T17:47:05.370+0000] {local_task_job_runner.py:123} INFO - ::group::Pre task execution logs
[2026-09-04T17:47:05.387+0000] {taskinstance.py:2613} INFO - Dependencies all met for dep_context=non-requeueable deps ti=<TaskInstance: steam_etl_dag.calculate_regional_distribution manual__2026-09-04T17:46:27.302626+00:00 [queued]>
[2026-09-04T17:47:05.395+0000] {taskinstance.py:2613} INFO - Dependencies all met for dep_context=requeueable deps ti=<TaskInstance: steam_etl_dag.calculate_regional_distribution manual__2026-09-04T17:46:27.302626+00:00 [queued]>
[2026-09-04T17:47:05.396+0000] {taskinstance.py:2866} INFO - Starting attempt 1 of 3
[2026-09-04T17:47:05.408+0000] {taskinstance.py:2889} INFO - Executing <Task(PythonOperator): calculate_regional_distribution> on 2026-09-04 17:46:27.302626+00:00
[2026-09-04T17:47:05.413+0000] {warnings.py:112} WARNING - /home/***/.local/lib/python3.12/site-packages/***/task/task_runner/standard_task_runner.py:70: DeprecationWarning: This process (pid=1881) is multi-threaded, use of fork() may lead to deadlocks in the child.
  pid = os.fork()

[2026-09-04T17:47:05.416+0000] {standard_task_runner.py:72} INFO - Started process 1884 to run task
[2026-09-04T17:47:05.415+0000] {standard_task_runner.py:104} INFO - Running: ['***', 'tasks', 'run', 'steam_etl_dag', 'calculate_regional_distribution', 'manual__2026-09-04T17:46:27.302626+00:00', '--job-id', '83', '--raw', '--subdir', 'DAGS_FOLDER/07_etl_steam.py', '--cfg-path', '/tmp/tmp_qnk1e2m']
[2026-09-04T17:47:05.416+0000] {standard_task_runner.py:105} INFO - Job 83: Subtask calculate_regional_distribution
[2026-09-04T17:47:05.469+0000] {task_command.py:467} INFO - Running <TaskInstance: steam_etl_dag.calculate_regional_distribution manual__2026-09-04T17:46:27.302626+00:00 [running]> on host f2a568a9a0b0
[2026-09-04T17:47:05.554+0000] {taskinstance.py:3132} INFO - Exporting env vars: AIRFLOW_CTX_DAG_OWNER='steam_project' AIRFLOW_CTX_DAG_ID='steam_etl_dag' AIRFLOW_CTX_TASK_ID='calculate_regional_distribution' AIRFLOW_CTX_EXECUTION_DATE='2026-09-04T17:46:27.302626+00:00' AIRFLOW_CTX_TRY_NUMBER='1' AIRFLOW_CTX_DAG_RUN_ID='manual__2026-09-04T17:46:27.302626+00:00'
[2026-09-04T17:47:05.555+0000] {taskinstance.py:731} INFO - ::endgroup::
[2026-09-04T17:47:05.581+0000] {base.py:84} INFO - Retrieving connection 'postgres_target'
[2026-09-04T17:47:05.588+0000] {sql.py:553} INFO - Running statement: SELECT appid, name, ccu FROM steam_games WHERE snapshot_date = %s;, parameters: ('2026-09-04',)
[2026-09-04T17:47:05.589+0000] {sql.py:562} INFO - Rows affected: 25
[2026-09-04T17:47:05.601+0000] {sql.py:553} INFO - Running statement: 
        INSERT INTO steam_game_regions (
            snapshot_date, appid, game_name, region_code, region_name,
            country_iso3, country_name, player_count, share_percentage, peak_time_bkk, created_at
        ) VALUES (
            %s, %s, %s, %s, %s,
            %s, %s, %s, %s, %s, NOW()
        ) ON CONFLICT (snapshot_date, appid, region_code, country_iso3) DO UPDATE SET
            player_count = EXCLUDED.player_count,
            share_percentage = EXCLUDED.share_percentage,
            peak_time_bkk = EXCLUDED.peak_time_bkk;
        , parameters: ('2026-09-04', 1172470, 'Apex Legends™', 'ASIA_EAST', 'เอเชียตะวันออก', 'CHN', 'จีน', 33780, 27.18, '19:00 - 23:00 น.')
[2026-09-04T17:47:05.616+0000] {sql.py:562} INFO - Rows affected: 1
[2026-09-04T17:47:05.626+0000] {sql.py:553} INFO - Running statement: 
        INSERT INTO steam_game_regions (
            snapshot_date, appid, game_name, region_code, region_name,
            country_iso3, country_name, player_count, share_percentage, peak_time_bkk, created_at
        ) VALUES (
            %s, %s, %s, %s, %s,
            %s, %s, %s, %s, %s, NOW()
        ) ON CONFLICT (snapshot_date, appid, region_code, country_iso3) DO UPDATE SET
            player_count = EXCLUDED.player_count,
            share_percentage = EXCLUDED.share_percentage,
            peak_time_bkk = EXCLUDED.peak_time_bkk;
        , parameters: ('2026-09-04', 1172470, 'Apex Legends™', 'ASIA_EAST', 'เอเชียตะวันออก', 'JPN', 'ญี่ปุ่น', 6032, 4.85, '19:00 - 23:00 น.')
[2026-09-04T17:47:05.629+0000] {sql.py:562} INFO - Rows affected: 1
[2026-09-04T17:47:05.639+0000] {sql.py:553} INFO - Running statement: 
        INSERT INTO steam_game_regions (
            snapshot_date, appid, game_name, region_code, region_name,
            country_iso3, country_name, player_count, share_percentage, peak_time_bkk, created_at
        ) VALUES (
            %s, %s, %s, %s, %s,
            %s, %s, %s, %s, %s, NOW()
        ) ON CONFLICT (snapshot_date, appid, region_code, country_iso3) DO UPDATE SET
            player_count = EXCLUDED.player_count,
            share_percentage = EXCLUDED.share_percentage,
            peak_time_bkk = EXCLUDED.peak_time_bkk;
        , parameters: ('2026-09-04', 1172470, 'Apex Legends™', 'ASIA_EAST', 'เอเชียตะวันออก', 'KOR', 'เกาหลีใต้', 4826, 3.88, '19:00 - 23:00 น.')
[2026-09-04T17:47:05.642+0000] {sql.py:562} INFO - Rows affected: 1
[2026-09-04T17:47:05.653+0000] {sql.py:553} INFO - Running statement: 
        INSERT INTO steam_game_regions (
            snapshot_date, appid, game_name, region_code, region_name,
            country_iso3, country_name, player_count, share_percentage, peak_time_bkk, created_at
        ) VALUES (
            %s, %s, %s, %s, %s,
            %s, %s, %s, %s, %s, NOW()
        ) ON CONFLICT (snapshot_date, appid, region_code, country_iso3) DO UPDATE SET
            player_count = EXCLUDED.player_count,
            share_percentage = EXCLUDED.share_percentage,
            peak_time_bkk = EXCLUDED.peak_time_bkk;
        , parameters: ('2026-09-04', 1172470, 'Apex Legends™', 'ASIA_EAST', 'เอเชียตะวันออก', 'TWN', 'ไต้หวัน', 2413, 1.94, '19:00 - 23:00 น.')
[2026-09-04T17:47:05.655+0000] {sql.py:562} INFO - Rows affected: 1
[2026-09-04T17:47:05.669+0000] {sql.py:553} INFO - Running statement: 
        INSERT INTO steam_game_regions (
            snapshot_date, appid, game_name, region_code, region_name,
            country_iso3, country_name, player_count, share_percentage, peak_time_bkk, created_at
        ) VALUES (
            %s, %s, %s, %s, %s,
            %s, %s, %s, %s, %s, NOW()
        ) ON CONFLICT (snapshot_date, appid, region_code, country_iso3) DO UPDATE SET
            player_count = EXCLUDED.player_count,
            share_percentage = EXCLUDED.share_percentage,
            peak_time_bkk = EXCLUDED.peak_time_bkk;
        , parameters: ('2026-09-04', 1172470, 'Apex Legends™', 'ASIA_SEA', 'เอเชียตะวันออกเฉียงใต้', 'THA', 'ประเทศไทย', 5429, 4.37, '20:00 - 00:00 น.')
[2026-09-04T17:47:05.671+0000] {sql.py:562} INFO - Rows affected: 1
[2026-09-04T17:47:05.680+0000] {sql.py:553} INFO - Running statement: 
        INSERT INTO steam_game_regions (
            snapshot_date, appid, game_name, region_code, region_name,
            country_iso3, country_name, player_count, share_percentage, peak_time_bkk, created_at
        ) VALUES (
            %s, %s, %s, %s, %s,
            %s, %s, %s, %s, %s, NOW()
        ) ON CONFLICT (snapshot_date, appid, region_code, country_iso3) DO UPDATE SET
            player_count = EXCLUDED.player_count,
            share_percentage = EXCLUDED.share_percentage,
            peak_time_bkk = EXCLUDED.peak_time_bkk;
        , parameters: ('2026-09-04', 1172470, 'Apex Legends™', 'ASIA_SEA', 'เอเชียตะวันออกเฉียงใต้', 'VNM', 'เวียดนาม', 4222, 3.4, '20:00 - 00:00 น.')
[2026-09-04T17:47:05.683+0000] {sql.py:562} INFO - Rows affected: 1
[2026-09-04T17:47:05.692+0000] {sql.py:553} INFO - Running statement: 
        INSERT INTO steam_game_regions (
            snapshot_date, appid, game_name, region_code, region_name,
            country_iso3, country_name, player_count, share_percentage, peak_time_bkk, created_at
        ) VALUES (
            %s, %s, %s, %s, %s,
            %s, %s, %s, %s, %s, NOW()
        ) ON CONFLICT (snapshot_date, appid, region_code, country_iso3) DO UPDATE SET
            player_count = EXCLUDED.player_count,
            share_percentage = EXCLUDED.share_percentage,
            peak_time_bkk = EXCLUDED.peak_time_bkk;
        , parameters: ('2026-09-04', 1172470, 'Apex Legends™', 'ASIA_SEA', 'เอเชียตะวันออกเฉียงใต้', 'IDN', 'อินโดนีเซีย', 3619, 2.91, '20:00 - 00:00 น.')
[2026-09-04T17:47:05.694+0000] {sql.py:562} INFO - Rows affected: 1
[2026-09-04T17:47:05.703+0000] {sql.py:553} INFO - Running statement: 
        INSERT INTO steam_game_regions (
            snapshot_date, appid, game_name, region_code, region_name,
            country_iso3, country_name, player_count, share_percentage, peak_time_bkk, created_at
        ) VALUES (
            %s, %s, %s, %s, %s,
            %s, %s, %s, %s, %s, NOW()
        ) ON CONFLICT (snapshot_date, appid, region_code, country_iso3) DO UPDATE SET
            player_count = EXCLUDED.player_count,
            share_percentage = EXCLUDED.share_percentage,
            peak_time_bkk = EXCLUDED.peak_time_bkk;
        , parameters: ('2026-09-04', 1172470, 'Apex Legends™', 'ASIA_SEA', 'เอเชียตะวันออกเฉียงใต้', 'PHL', 'ฟิลิปปินส์', 3016, 2.43, '20:00 - 00:00 น.')
[2026-09-04T17:47:05.705+0000] {sql.py:562} INFO - Rows affected: 1
[2026-09-04T17:47:05.712+0000] {sql.py:553} INFO - Running statement: 
        INSERT INTO steam_game_regions (
            snapshot_date, appid, game_name, region_code, region_name,
            country_iso3, country_name, player_count, share_percentage, peak_time_bkk, created_at
        ) VALUES (
            %s, %s, %s, %s, %s,
            %s, %s, %s, %s, %s, NOW()
        ) ON CONFLICT (snapshot_date, appid, region_code, country_iso3) DO UPDATE SET
            player_count = EXCLUDED.player_count,
            share_percentage = EXCLUDED.share_percentage,
            peak_time_bkk = EXCLUDED.peak_time_bkk;
        , parameters: ('2026-09-04', 1172470, 'Apex Legends™', 'ASIA_SEA', 'เอเชียตะวันออกเฉียงใต้', 'MYS', 'มาเลเซีย', 1810, 1.46, '20:00 - 00:00 น.')
[2026-09-04T17:47:05.713+0000] {sql.py:562} INFO - Rows affected: 1
[2026-09-04T17:47:05.720+0000] {sql.py:553} INFO - Running statement: 
        INSERT INTO steam_game_regions (
            snapshot_date, appid, game_name, region_code, region_name,
            country_iso3, country_name, player_count, share_percentage, peak_time_bkk, created_at
        ) VALUES (
            %s, %s, %s, %s, %s,
            %s, %s, %s, %s, %s, NOW()
        ) ON CONFLICT (snapshot_date, appid, region_code, country_iso3) DO UPDATE SET
            player_count = EXCLUDED.player_count,
            share_percentage = EXCLUDED.share_percentage,
            peak_time_bkk = EXCLUDED.peak_time_bkk;
        , parameters: ('2026-09-04', 1172470, 'Apex Legends™', 'ASIA_SEA', 'เอเชียตะวันออกเฉียงใต้', 'SGP', 'สิงคโปร์', 1206, 0.97, '20:00 - 00:00 น.')
[2026-09-04T17:47:05.722+0000] {sql.py:562} INFO - Rows affected: 1
[2026-09-04T17:47:05.728+0000] {sql.py:553} INFO - Running statement: 
        INSERT INTO steam_game_regions (
            snapshot_date, appid, game_name, region_code, region_name,
            country_iso3, country_name, player_count, share_percentage, peak_time_bkk, created_at
        ) VALUES (
            %s, %s, %s, %s, %s,
            %s, %s, %s, %s, %s, NOW()
        ) ON CONFLICT (snapshot_date, appid, region_code, country_iso3) DO UPDATE SET
            player_count = EXCLUDED.player_count,
            share_percentage = EXCLUDED.share_percentage,
            peak_time_bkk = EXCLUDED.peak_time_bkk;
        , parameters: ('2026-09-04', 1172470, 'Apex Legends™', 'EUROPE', 'ยุโรป', 'RUS', 'รัสเซีย', 14477, 11.65, '22:00 - 02:00 น.')
[2026-09-04T17:47:05.730+0000] {sql.py:562} INFO - Rows affected: 1
[2026-09-04T17:47:05.737+0000] {sql.py:553} INFO - Running statement: 
        INSERT INTO steam_game_regions (
            snapshot_date, appid, game_name, region_code, region_name,
            country_iso3, country_name, player_count, share_percentage, peak_time_bkk, created_at
        ) VALUES (
            %s, %s, %s, %s, %s,
            %s, %s, %s, %s, %s, NOW()
        ) ON CONFLICT (snapshot_date, appid, region_code, country_iso3) DO UPDATE SET
            player_count = EXCLUDED.player_count,
            share_percentage = EXCLUDED.share_percentage,
            peak_time_bkk = EXCLUDED.peak_time_bkk;
        , parameters: ('2026-09-04', 1172470, 'Apex Legends™', 'EUROPE', 'ยุโรป', 'DEU', 'เยอรมนี', 7239, 5.83, '00:00 - 04:00 น.')
[2026-09-04T17:47:05.739+0000] {sql.py:562} INFO - Rows affected: 1
[2026-09-04T17:47:05.746+0000] {sql.py:553} INFO - Running statement: 
        INSERT INTO steam_game_regions (
            snapshot_date, appid, game_name, region_code, region_name,
            country_iso3, country_name, player_count, share_percentage, peak_time_bkk, created_at
        ) VALUES (
            %s, %s, %s, %s, %s,
            %s, %s, %s, %s, %s, NOW()
        ) ON CONFLICT (snapshot_date, appid, region_code, country_iso3) DO UPDATE SET
            player_count = EXCLUDED.player_count,
            share_percentage = EXCLUDED.share_percentage,
            peak_time_bkk = EXCLUDED.peak_time_bkk;
        , parameters: ('2026-09-04', 1172470, 'Apex Legends™', 'EUROPE', 'ยุโรป', 'GBR', 'สหราชอาณาจักร', 4826, 3.88, '01:00 - 05:00 น.')
[2026-09-04T17:47:05.748+0000] {sql.py:562} INFO - Rows affected: 1
[2026-09-04T17:47:05.754+0000] {sql.py:553} INFO - Running statement: 
        INSERT INTO steam_game_regions (
            snapshot_date, appid, game_name, region_code, region_name,
            country_iso3, country_name, player_count, share_percentage, peak_time_bkk, created_at
        ) VALUES (
            %s, %s, %s, %s, %s,
            %s, %s, %s, %s, %s, NOW()
        ) ON CONFLICT (snapshot_date, appid, region_code, country_iso3) DO UPDATE SET
            player_count = EXCLUDED.player_count,
            share_percentage = EXCLUDED.share_percentage,
            peak_time_bkk = EXCLUDED.peak_time_bkk;
        , parameters: ('2026-09-04', 1172470, 'Apex Legends™', 'EUROPE', 'ยุโรป', 'FRA', 'ฝรั่งเศส', 3619, 2.91, '00:00 - 04:00 น.')
[2026-09-04T17:47:05.756+0000] {sql.py:562} INFO - Rows affected: 1
[2026-09-04T17:47:05.762+0000] {sql.py:553} INFO - Running statement: 
        INSERT INTO steam_game_regions (
            snapshot_date, appid, game_name, region_code, region_name,
            country_iso3, country_name, player_count, share_percentage, peak_time_bkk, created_at
        ) VALUES (
            %s, %s, %s, %s, %s,
            %s, %s, %s, %s, %s, NOW()
        ) ON CONFLICT (snapshot_date, appid, region_code, country_iso3) DO UPDATE SET
            player_count = EXCLUDED.player_count,
            share_percentage = EXCLUDED.share_percentage,
            peak_time_bkk = EXCLUDED.peak_time_bkk;
        , parameters: ('2026-09-04', 1172470, 'Apex Legends™', 'EUROPE', 'ยุโรป', 'POL', 'โปแลนด์', 3619, 2.91, '00:00 - 04:00 น.')
[2026-09-04T17:47:05.764+0000] {sql.py:562} INFO - Rows affected: 1
[2026-09-04T17:47:05.771+0000] {sql.py:553} INFO - Running statement: 
        INSERT INTO steam_game_regions (
            snapshot_date, appid, game_name, region_code, region_name,
            country_iso3, country_name, player_count, share_percentage, peak_time_bkk, created_at
        ) VALUES (
            %s, %s, %s, %s, %s,
            %s, %s, %s, %s, %s, NOW()
        ) ON CONFLICT (snapshot_date, appid, region_code, country_iso3) DO UPDATE SET
            player_count = EXCLUDED.player_count,
            share_percentage = EXCLUDED.share_percentage,
            peak_time_bkk = EXCLUDED.peak_time_bkk;
        , parameters: ('2026-09-04', 1172470, 'Apex Legends™', 'NORTH_AMERICA', 'อเมริกาเหนือ', 'USA', 'สหรัฐอเมริกา', 13271, 10.68, '07:00 - 11:00 น.')
[2026-09-04T17:47:05.773+0000] {sql.py:562} INFO - Rows affected: 1
[2026-09-04T17:47:05.779+0000] {sql.py:553} INFO - Running statement: 
        INSERT INTO steam_game_regions (
            snapshot_date, appid, game_name, region_code, region_name,
            country_iso3, country_name, player_count, share_percentage, peak_time_bkk, created_at
        ) VALUES (
            %s, %s, %s, %s, %s,
            %s, %s, %s, %s, %s, NOW()
        ) ON CONFLICT (snapshot_date, appid, region_code, country_iso3) DO UPDATE SET
            player_count = EXCLUDED.player_count,
            share_percentage = EXCLUDED.share_percentage,
            peak_time_bkk = EXCLUDED.peak_time_bkk;
        , parameters: ('2026-09-04', 1172470, 'Apex Legends™', 'NORTH_AMERICA', 'อเมริกาเหนือ', 'CAN', 'แคนาดา', 2413, 1.94, '07:00 - 11:00 น.')
[2026-09-04T17:47:05.781+0000] {sql.py:562} INFO - Rows affected: 1
[2026-09-04T17:47:05.787+0000] {sql.py:553} INFO - Running statement: 
        INSERT INTO steam_game_regions (
            snapshot_date, appid, game_name, region_code, region_name,
            country_iso3, country_name, player_count, share_percentage, peak_time_bkk, created_at
        ) VALUES (
            %s, %s, %s, %s, %s,
            %s, %s, %s, %s, %s, NOW()
        ) ON CONFLICT (snapshot_date, appid, region_code, country_iso3) DO UPDATE SET
            player_count = EXCLUDED.player_count,
            share_percentage = EXCLUDED.share_percentage,
            peak_time_bkk = EXCLUDED.peak_time_bkk;
        , parameters: ('2026-09-04', 1172470, 'Apex Legends™', 'LATIN_AMERICA', 'ลาตินอเมริกา', 'BRA', 'บราซิล', 4826, 3.88, '05:00 - 09:00 น.')
[2026-09-04T17:47:05.789+0000] {sql.py:562} INFO - Rows affected: 1
[2026-09-04T17:47:05.796+0000] {sql.py:553} INFO - Running statement: 
        INSERT INTO steam_game_regions (
            snapshot_date, appid, game_name, region_code, region_name,
            country_iso3, country_name, player_count, share_percentage, peak_time_bkk, created_at
        ) VALUES (
            %s, %s, %s, %s, %s,
            %s, %s, %s, %s, %s, NOW()
        ) ON CONFLICT (snapshot_date, appid, region_code, country_iso3) DO UPDATE SET
            player_count = EXCLUDED.player_count,
            share_percentage = EXCLUDED.share_percentage,
            peak_time_bkk = EXCLUDED.peak_time_bkk;
        , parameters: ('2026-09-04', 1172470, 'Apex Legends™', 'LATIN_AMERICA', 'ลาตินอเมริกา', 'ARG', 'อาร์เจนตินา', 1810, 1.46, '05:00 - 09:00 น.')
[2026-09-04T17:47:05.797+0000] {sql.py:562} INFO - Rows affected: 1
[2026-09-04T17:47:05.804+0000] {sql.py:553} INFO - Running statement: 
        INSERT INTO steam_game_regions (
            snapshot_date, appid, game_name, region_code, region_name,
            country_iso3, country_name, player_count, share_percentage, peak_time_bkk, created_at
        ) VALUES (
            %s, %s, %s, %s, %s,
            %s, %s, %s, %s, %s, NOW()
        ) ON CONFLICT (snapshot_date, appid, region_code, country_iso3) DO UPDATE SET
            player_count = EXCLUDED.player_count,
            share_percentage = EXCLUDED.share_percentage,
            peak_time_bkk = EXCLUDED.peak_time_bkk;
        , parameters: ('2026-09-04', 1172470, 'Apex Legends™', 'OCEANIA', 'โอเชียเนีย', 'AUS', 'ออสเตรเลีย', 1810, 1.46, '16:00 - 20:00 น.')
[2026-09-04T17:47:05.805+0000] {sql.py:562} INFO - Rows affected: 1
[2026-09-04T17:47:05.812+0000] {sql.py:553} INFO - Running statement: 
        INSERT INTO steam_game_regions (
            snapshot_date, appid, game_name, region_code, region_name,
            country_iso3, country_name, player_count, share_percentage, peak_time_bkk, created_at
        ) VALUES (
            %s, %s, %s, %s, %s,
            %s, %s, %s, %s, %s, NOW()
        ) ON CONFLICT (snapshot_date, appid, region_code, country_iso3) DO UPDATE SET
            player_count = EXCLUDED.player_count,
            share_percentage = EXCLUDED.share_percentage,
            peak_time_bkk = EXCLUDED.peak_time_bkk;
        , parameters: ('2026-09-04', 1245620, 'ELDEN RING', 'ASIA_EAST', 'เอเชียตะวันออก', 'CHN', 'จีน', 8027, 27.18, '19:00 - 23:00 น.')
[2026-09-04T17:47:05.814+0000] {sql.py:562} INFO - Rows affected: 1
[2026-09-04T17:47:05.821+0000] {sql.py:553} INFO - Running statement: 
        INSERT INTO steam_game_regions (
            snapshot_date, appid, game_name, region_code, region_name,
            country_iso3, country_name, player_count, share_percentage, peak_time_bkk, created_at
        ) VALUES (
            %s, %s, %s, %s, %s,
            %s, %s, %s, %s, %s, NOW()
        ) ON CONFLICT (snapshot_date, appid, region_code, country_iso3) DO UPDATE SET
            player_count = EXCLUDED.player_count,
            share_percentage = EXCLUDED.share_percentage,
            peak_time_bkk = EXCLUDED.peak_time_bkk;
        , parameters: ('2026-09-04', 1245620, 'ELDEN RING', 'ASIA_EAST', 'เอเชียตะวันออก', 'JPN', 'ญี่ปุ่น', 1433, 4.85, '19:00 - 23:00 น.')
[2026-09-04T17:47:05.822+0000] {sql.py:562} INFO - Rows affected: 1
[2026-09-04T17:47:05.829+0000] {sql.py:553} INFO - Running statement: 
        INSERT INTO steam_game_regions (
            snapshot_date, appid, game_name, region_code, region_name,
            country_iso3, country_name, player_count, share_percentage, peak_time_bkk, created_at
        ) VALUES (
            %s, %s, %s, %s, %s,
            %s, %s, %s, %s, %s, NOW()
        ) ON CONFLICT (snapshot_date, appid, region_code, country_iso3) DO UPDATE SET
            player_count = EXCLUDED.player_count,
            share_percentage = EXCLUDED.share_percentage,
            peak_time_bkk = EXCLUDED.peak_time_bkk;
        , parameters: ('2026-09-04', 1245620, 'ELDEN RING', 'ASIA_EAST', 'เอเชียตะวันออก', 'KOR', 'เกาหลีใต้', 1147, 3.88, '19:00 - 23:00 น.')
[2026-09-04T17:47:05.831+0000] {sql.py:562} INFO - Rows affected: 1
[2026-09-04T17:47:05.837+0000] {sql.py:553} INFO - Running statement: 
        INSERT INTO steam_game_regions (
            snapshot_date, appid, game_name, region_code, region_name,
            country_iso3, country_name, player_count, share_percentage, peak_time_bkk, created_at
        ) VALUES (
            %s, %s, %s, %s, %s,
            %s, %s, %s, %s, %s, NOW()
        ) ON CONFLICT (snapshot_date, appid, region_code, country_iso3) DO UPDATE SET
            player_count = EXCLUDED.player_count,
            share_percentage = EXCLUDED.share_percentage,
            peak_time_bkk = EXCLUDED.peak_time_bkk;
        , parameters: ('2026-09-04', 1245620, 'ELDEN RING', 'ASIA_EAST', 'เอเชียตะวันออก', 'TWN', 'ไต้หวัน', 573, 1.94, '19:00 - 23:00 น.')
[2026-09-04T17:47:05.839+0000] {sql.py:562} INFO - Rows affected: 1
[2026-09-04T17:47:05.845+0000] {sql.py:553} INFO - Running statement: 
        INSERT INTO steam_game_regions (
            snapshot_date, appid, game_name, region_code, region_name,
            country_iso3, country_name, player_count, share_percentage, peak_time_bkk, created_at
        ) VALUES (
            %s, %s, %s, %s, %s,
            %s, %s, %s, %s, %s, NOW()
        ) ON CONFLICT (snapshot_date, appid, region_code, country_iso3) DO UPDATE SET
            player_count = EXCLUDED.player_count,
            share_percentage = EXCLUDED.share_percentage,
            peak_time_bkk = EXCLUDED.peak_time_bkk;
        , parameters: ('2026-09-04', 1245620, 'ELDEN RING', 'ASIA_SEA', 'เอเชียตะวันออกเฉียงใต้', 'THA', 'ประเทศไทย', 1290, 4.37, '20:00 - 00:00 น.')
[2026-09-04T17:47:05.847+0000] {sql.py:562} INFO - Rows affected: 1
[2026-09-04T17:47:05.854+0000] {sql.py:553} INFO - Running statement: 
        INSERT INTO steam_game_regions (
            snapshot_date, appid, game_name, region_code, region_name,
            country_iso3, country_name, player_count, share_percentage, peak_time_bkk, created_at
        ) VALUES (
            %s, %s, %s, %s, %s,
            %s, %s, %s, %s, %s, NOW()
        ) ON CONFLICT (snapshot_date, appid, region_code, country_iso3) DO UPDATE SET
            player_count = EXCLUDED.player_count,
            share_percentage = EXCLUDED.share_percentage,
            peak_time_bkk = EXCLUDED.peak_time_bkk;
        , parameters: ('2026-09-04', 1245620, 'ELDEN RING', 'ASIA_SEA', 'เอเชียตะวันออกเฉียงใต้', 'VNM', 'เวียดนาม', 1003, 3.4, '20:00 - 00:00 น.')
[2026-09-04T17:47:05.855+0000] {sql.py:562} INFO - Rows affected: 1
[2026-09-04T17:47:05.862+0000] {sql.py:553} INFO - Running statement: 
        INSERT INTO steam_game_regions (
            snapshot_date, appid, game_name, region_code, region_name,
            country_iso3, country_name, player_count, share_percentage, peak_time_bkk, created_at
        ) VALUES (
            %s, %s, %s, %s, %s,
            %s, %s, %s, %s, %s, NOW()
        ) ON CONFLICT (snapshot_date, appid, region_code, country_iso3) DO UPDATE SET
            player_count = EXCLUDED.player_count,
            share_percentage = EXCLUDED.share_percentage,
            peak_time_bkk = EXCLUDED.peak_time_bkk;
        , parameters: ('2026-09-04', 1245620, 'ELDEN RING', 'ASIA_SEA', 'เอเชียตะวันออกเฉียงใต้', 'IDN', 'อินโดนีเซีย', 860, 2.91, '20:00 - 00:00 น.')
[2026-09-04T17:47:05.863+0000] {sql.py:562} INFO - Rows affected: 1
[2026-09-04T17:47:05.870+0000] {sql.py:553} INFO - Running statement: 
        INSERT INTO steam_game_regions (
            snapshot_date, appid, game_name, region_code, region_name,
            country_iso3, country_name, player_count, share_percentage, peak_time_bkk, created_at
        ) VALUES (
            %s, %s, %s, %s, %s,
            %s, %s, %s, %s, %s, NOW()
        ) ON CONFLICT (snapshot_date, appid, region_code, country_iso3) DO UPDATE SET
            player_count = EXCLUDED.player_count,
            share_percentage = EXCLUDED.share_percentage,
            peak_time_bkk = EXCLUDED.peak_time_bkk;
        , parameters: ('2026-09-04', 1245620, 'ELDEN RING', 'ASIA_SEA', 'เอเชียตะวันออกเฉียงใต้', 'PHL', 'ฟิลิปปินส์', 717, 2.43, '20:00 - 00:00 น.')
[2026-09-04T17:47:05.871+0000] {sql.py:562} INFO - Rows affected: 1
[2026-09-04T17:47:05.878+0000] {sql.py:553} INFO - Running statement: 
        INSERT INTO steam_game_regions (
            snapshot_date, appid, game_name, region_code, region_name,
            country_iso3, country_name, player_count, share_percentage, peak_time_bkk, created_at
        ) VALUES (
            %s, %s, %s, %s, %s,
            %s, %s, %s, %s, %s, NOW()
        ) ON CONFLICT (snapshot_date, appid, region_code, country_iso3) DO UPDATE SET
            player_count = EXCLUDED.player_count,
            share_percentage = EXCLUDED.share_percentage,
            peak_time_bkk = EXCLUDED.peak_time_bkk;
        , parameters: ('2026-09-04', 1245620, 'ELDEN RING', 'ASIA_SEA', 'เอเชียตะวันออกเฉียงใต้', 'MYS', 'มาเลเซีย', 430, 1.46, '20:00 - 00:00 น.')
[2026-09-04T17:47:05.879+0000] {sql.py:562} INFO - Rows affected: 1
[2026-09-04T17:47:05.886+0000] {sql.py:553} INFO - Running statement: 
        INSERT INTO steam_game_regions (
            snapshot_date, appid, game_name, region_code, region_name,
            country_iso3, country_name, player_count, share_percentage, peak_time_bkk, created_at
        ) VALUES (
            %s, %s, %s, %s, %s,
            %s, %s, %s, %s, %s, NOW()
        ) ON CONFLICT (snapshot_date, appid, region_code, country_iso3) DO UPDATE SET
            player_count = EXCLUDED.player_count,
            share_percentage = EXCLUDED.share_percentage,
            peak_time_bkk = EXCLUDED.peak_time_bkk;
        , parameters: ('2026-09-04', 1245620, 'ELDEN RING', 'ASIA_SEA', 'เอเชียตะวันออกเฉียงใต้', 'SGP', 'สิงคโปร์', 287, 0.97, '20:00 - 00:00 น.')
[2026-09-04T17:47:05.888+0000] {sql.py:562} INFO - Rows affected: 1
[2026-09-04T17:47:05.894+0000] {sql.py:553} INFO - Running statement: 
        INSERT INTO steam_game_regions (
            snapshot_date, appid, game_name, region_code, region_name,
            country_iso3, country_name, player_count, share_percentage, peak_time_bkk, created_at
        ) VALUES (
            %s, %s, %s, %s, %s,
            %s, %s, %s, %s, %s, NOW()
        ) ON CONFLICT (snapshot_date, appid, region_code, country_iso3) DO UPDATE SET
            player_count = EXCLUDED.player_count,
            share_percentage = EXCLUDED.share_percentage,
            peak_time_bkk = EXCLUDED.peak_time_bkk;
        , parameters: ('2026-09-04', 1245620, 'ELDEN RING', 'EUROPE', 'ยุโรป', 'RUS', 'รัสเซีย', 3440, 11.65, '22:00 - 02:00 น.')
[2026-09-04T17:47:05.896+0000] {sql.py:562} INFO - Rows affected: 1
[2026-09-04T17:47:05.902+0000] {sql.py:553} INFO - Running statement: 
        INSERT INTO steam_game_regions (
            snapshot_date, appid, game_name, region_code, region_name,
            country_iso3, country_name, player_count, share_percentage, peak_time_bkk, created_at
        ) VALUES (
            %s, %s, %s, %s, %s,
            %s, %s, %s, %s, %s, NOW()
        ) ON CONFLICT (snapshot_date, appid, region_code, country_iso3) DO UPDATE SET
            player_count = EXCLUDED.player_count,
            share_percentage = EXCLUDED.share_percentage,
            peak_time_bkk = EXCLUDED.peak_time_bkk;
        , parameters: ('2026-09-04', 1245620, 'ELDEN RING', 'EUROPE', 'ยุโรป', 'DEU', 'เยอรมนี', 1720, 5.83, '00:00 - 04:00 น.')
[2026-09-04T17:47:05.904+0000] {sql.py:562} INFO - Rows affected: 1
[2026-09-04T17:47:05.910+0000] {sql.py:553} INFO - Running statement: 
        INSERT INTO steam_game_regions (
            snapshot_date, appid, game_name, region_code, region_name,
            country_iso3, country_name, player_count, share_percentage, peak_time_bkk, created_at
        ) VALUES (
            %s, %s, %s, %s, %s,
            %s, %s, %s, %s, %s, NOW()
        ) ON CONFLICT (snapshot_date, appid, region_code, country_iso3) DO UPDATE SET
            player_count = EXCLUDED.player_count,
            share_percentage = EXCLUDED.share_percentage,
            peak_time_bkk = EXCLUDED.peak_time_bkk;
        , parameters: ('2026-09-04', 1245620, 'ELDEN RING', 'EUROPE', 'ยุโรป', 'GBR', 'สหราชอาณาจักร', 1147, 3.88, '01:00 - 05:00 น.')
[2026-09-04T17:47:05.911+0000] {sql.py:562} INFO - Rows affected: 1
[2026-09-04T17:47:05.918+0000] {sql.py:553} INFO - Running statement: 
        INSERT INTO steam_game_regions (
            snapshot_date, appid, game_name, region_code, region_name,
            country_iso3, country_name, player_count, share_percentage, peak_time_bkk, created_at
        ) VALUES (
            %s, %s, %s, %s, %s,
            %s, %s, %s, %s, %s, NOW()
        ) ON CONFLICT (snapshot_date, appid, region_code, country_iso3) DO UPDATE SET
            player_count = EXCLUDED.player_count,
            share_percentage = EXCLUDED.share_percentage,
            peak_time_bkk = EXCLUDED.peak_time_bkk;
        , parameters: ('2026-09-04', 1245620, 'ELDEN RING', 'EUROPE', 'ยุโรป', 'FRA', 'ฝรั่งเศส', 860, 2.91, '00:00 - 04:00 น.')
[2026-09-04T17:47:05.920+0000] {sql.py:562} INFO - Rows affected: 1
[2026-09-04T17:47:05.926+0000] {sql.py:553} INFO - Running statement: 
        INSERT INTO steam_game_regions (
            snapshot_date, appid, game_name, region_code, region_name,
            country_iso3, country_name, player_count, share_percentage, peak_time_bkk, created_at
        ) VALUES (
            %s, %s, %s, %s, %s,
            %s, %s, %s, %s, %s, NOW()
        ) ON CONFLICT (snapshot_date, appid, region_code, country_iso3) DO UPDATE SET
            player_count = EXCLUDED.player_count,
            share_percentage = EXCLUDED.share_percentage,
            peak_time_bkk = EXCLUDED.peak_time_bkk;
        , parameters: ('2026-09-04', 1245620, 'ELDEN RING', 'EUROPE', 'ยุโรป', 'POL', 'โปแลนด์', 860, 2.91, '00:00 - 04:00 น.')
[2026-09-04T17:47:05.928+0000] {sql.py:562} INFO - Rows affected: 1
[2026-09-04T17:47:05.934+0000] {sql.py:553} INFO - Running statement: 
        INSERT INTO steam_game_regions (
            snapshot_date, appid, game_name, region_code, region_name,
            country_iso3, country_name, player_count, share_percentage, peak_time_bkk, created_at
        ) VALUES (
            %s, %s, %s, %s, %s,
            %s, %s, %s, %s, %s, NOW()
        ) ON CONFLICT (snapshot_date, appid, region_code, country_iso3) DO UPDATE SET
            player_count = EXCLUDED.player_count,
            share_percentage = EXCLUDED.share_percentage,
            peak_time_bkk = EXCLUDED.peak_time_bkk;
        , parameters: ('2026-09-04', 1245620, 'ELDEN RING', 'NORTH_AMERICA', 'อเมริกาเหนือ', 'USA', 'สหรัฐอเมริกา', 3154, 10.68, '07:00 - 11:00 น.')
[2026-09-04T17:47:05.936+0000] {sql.py:562} INFO - Rows affected: 1
[2026-09-04T17:47:05.942+0000] {sql.py:553} INFO - Running statement: 
        INSERT INTO steam_game_regions (
            snapshot_date, appid, game_name, region_code, region_name,
            country_iso3, country_name, player_count, share_percentage, peak_time_bkk, created_at
        ) VALUES (
            %s, %s, %s, %s, %s,
            %s, %s, %s, %s, %s, NOW()
        ) ON CONFLICT (snapshot_date, appid, region_code, country_iso3) DO UPDATE SET
            player_count = EXCLUDED.player_count,
            share_percentage = EXCLUDED.share_percentage,
            peak_time_bkk = EXCLUDED.peak_time_bkk;
        , parameters: ('2026-09-04', 1245620, 'ELDEN RING', 'NORTH_AMERICA', 'อเมริกาเหนือ', 'CAN', 'แคนาดา', 573, 1.94, '07:00 - 11:00 น.')
[2026-09-04T17:47:05.944+0000] {sql.py:562} INFO - Rows affected: 1
[2026-09-04T17:47:05.950+0000] {sql.py:553} INFO - Running statement: 
        INSERT INTO steam_game_regions (
            snapshot_date, appid, game_name, region_code, region_name,
            country_iso3, country_name, player_count, share_percentage, peak_time_bkk, created_at
        ) VALUES (
            %s, %s, %s, %s, %s,
            %s, %s, %s, %s, %s, NOW()
        ) ON CONFLICT (snapshot_date, appid, region_code, country_iso3) DO UPDATE SET
            player_count = EXCLUDED.player_count,
            share_percentage = EXCLUDED.share_percentage,
            peak_time_bkk = EXCLUDED.peak_time_bkk;
        , parameters: ('2026-09-04', 1245620, 'ELDEN RING', 'LATIN_AMERICA', 'ลาตินอเมริกา', 'BRA', 'บราซิล', 1147, 3.88, '05:00 - 09:00 น.')
[2026-09-04T17:47:05.952+0000] {sql.py:562} INFO - Rows affected: 1
[2026-09-04T17:47:05.959+0000] {sql.py:553} INFO - Running statement: 
        INSERT INTO steam_game_regions (
            snapshot_date, appid, game_name, region_code, region_name,
            country_iso3, country_name, player_count, share_percentage, peak_time_bkk, created_at
        ) VALUES (
            %s, %s, %s, %s, %s,
            %s, %s, %s, %s, %s, NOW()
        ) ON CONFLICT (snapshot_date, appid, region_code, country_iso3) DO UPDATE SET
            player_count = EXCLUDED.player_count,
            share_percentage = EXCLUDED.share_percentage,
            peak_time_bkk = EXCLUDED.peak_time_bkk;
        , parameters: ('2026-09-04', 1245620, 'ELDEN RING', 'LATIN_AMERICA', 'ลาตินอเมริกา', 'ARG', 'อาร์เจนตินา', 430, 1.46, '05:00 - 09:00 น.')
[2026-09-04T17:47:05.960+0000] {sql.py:562} INFO - Rows affected: 1
[2026-09-04T17:47:05.967+0000] {sql.py:553} INFO - Running statement: 
        INSERT INTO steam_game_regions (
            snapshot_date, appid, game_name, region_code, region_name,
            country_iso3, country_name, player_count, share_percentage, peak_time_bkk, created_at
        ) VALUES (
            %s, %s, %s, %s, %s,
            %s, %s, %s, %s, %s, NOW()
        ) ON CONFLICT (snapshot_date, appid, region_code, country_iso3) DO UPDATE SET
            player_count = EXCLUDED.player_count,
            share_percentage = EXCLUDED.share_percentage,
            peak_time_bkk = EXCLUDED.peak_time_bkk;
        , parameters: ('2026-09-04', 1245620, 'ELDEN RING', 'OCEANIA', 'โอเชียเนีย', 'AUS', 'ออสเตรเลีย', 430, 1.46, '16:00 - 20:00 น.')
[2026-09-04T17:47:05.969+0000] {sql.py:562} INFO - Rows affected: 1
[2026-09-04T17:47:05.976+0000] {sql.py:553} INFO - Running statement: 
        INSERT INTO steam_game_regions (
            snapshot_date, appid, game_name, region_code, region_name,
            country_iso3, country_name, player_count, share_percentage, peak_time_bkk, created_at
        ) VALUES (
            %s, %s, %s, %s, %s,
            %s, %s, %s, %s, %s, NOW()
        ) ON CONFLICT (snapshot_date, appid, region_code, country_iso3) DO UPDATE SET
            player_count = EXCLUDED.player_count,
            share_percentage = EXCLUDED.share_percentage,
            peak_time_bkk = EXCLUDED.peak_time_bkk;
        , parameters: ('2026-09-04', 1086940, "Baldur's Gate 3", 'ASIA_EAST', 'เอเชียตะวันออก', 'CHN', 'จีน', 14889, 27.18, '19:00 - 23:00 น.')
[2026-09-04T17:47:05.978+0000] {sql.py:562} INFO - Rows affected: 1
[2026-09-04T17:47:05.985+0000] {sql.py:553} INFO - Running statement: 
        INSERT INTO steam_game_regions (
            snapshot_date, appid, game_name, region_code, region_name,
            country_iso3, country_name, player_count, share_percentage, peak_time_bkk, created_at
        ) VALUES (
            %s, %s, %s, %s, %s,
            %s, %s, %s, %s, %s, NOW()
        ) ON CONFLICT (snapshot_date, appid, region_code, country_iso3) DO UPDATE SET
            player_count = EXCLUDED.player_count,
            share_percentage = EXCLUDED.share_percentage,
            peak_time_bkk = EXCLUDED.peak_time_bkk;
        , parameters: ('2026-09-04', 1086940, "Baldur's Gate 3", 'ASIA_EAST', 'เอเชียตะวันออก', 'JPN', 'ญี่ปุ่น', 2659, 4.85, '19:00 - 23:00 น.')
[2026-09-04T17:47:05.986+0000] {sql.py:562} INFO - Rows affected: 1
[2026-09-04T17:47:05.993+0000] {sql.py:553} INFO - Running statement: 
        INSERT INTO steam_game_regions (
            snapshot_date, appid, game_name, region_code, region_name,
            country_iso3, country_name, player_count, share_percentage, peak_time_bkk, created_at
        ) VALUES (
            %s, %s, %s, %s, %s,
            %s, %s, %s, %s, %s, NOW()
        ) ON CONFLICT (snapshot_date, appid, region_code, country_iso3) DO UPDATE SET
            player_count = EXCLUDED.player_count,
            share_percentage = EXCLUDED.share_percentage,
            peak_time_bkk = EXCLUDED.peak_time_bkk;
        , parameters: ('2026-09-04', 1086940, "Baldur's Gate 3", 'ASIA_EAST', 'เอเชียตะวันออก', 'KOR', 'เกาหลีใต้', 2127, 3.88, '19:00 - 23:00 น.')
[2026-09-04T17:47:05.994+0000] {sql.py:562} INFO - Rows affected: 1
[2026-09-04T17:47:06.000+0000] {sql.py:553} INFO - Running statement: 
        INSERT INTO steam_game_regions (
            snapshot_date, appid, game_name, region_code, region_name,
            country_iso3, country_name, player_count, share_percentage, peak_time_bkk, created_at
        ) VALUES (
            %s, %s, %s, %s, %s,
            %s, %s, %s, %s, %s, NOW()
        ) ON CONFLICT (snapshot_date, appid, region_code, country_iso3) DO UPDATE SET
            player_count = EXCLUDED.player_count,
            share_percentage = EXCLUDED.share_percentage,
            peak_time_bkk = EXCLUDED.peak_time_bkk;
        , parameters: ('2026-09-04', 1086940, "Baldur's Gate 3", 'ASIA_EAST', 'เอเชียตะวันออก', 'TWN', 'ไต้หวัน', 1064, 1.94, '19:00 - 23:00 น.')
[2026-09-04T17:47:06.002+0000] {sql.py:562} INFO - Rows affected: 1
[2026-09-04T17:47:06.008+0000] {sql.py:553} INFO - Running statement: 
        INSERT INTO steam_game_regions (
            snapshot_date, appid, game_name, region_code, region_name,
            country_iso3, country_name, player_count, share_percentage, peak_time_bkk, created_at
        ) VALUES (
            %s, %s, %s, %s, %s,
            %s, %s, %s, %s, %s, NOW()
        ) ON CONFLICT (snapshot_date, appid, region_code, country_iso3) DO UPDATE SET
            player_count = EXCLUDED.player_count,
            share_percentage = EXCLUDED.share_percentage,
            peak_time_bkk = EXCLUDED.peak_time_bkk;
        , parameters: ('2026-09-04', 1086940, "Baldur's Gate 3", 'ASIA_SEA', 'เอเชียตะวันออกเฉียงใต้', 'THA', 'ประเทศไทย', 2393, 4.37, '20:00 - 00:00 น.')
[2026-09-04T17:47:06.010+0000] {sql.py:562} INFO - Rows affected: 1
[2026-09-04T17:47:06.017+0000] {sql.py:553} INFO - Running statement: 
        INSERT INTO steam_game_regions (
            snapshot_date, appid, game_name, region_code, region_name,
            country_iso3, country_name, player_count, share_percentage, peak_time_bkk, created_at
        ) VALUES (
            %s, %s, %s, %s, %s,
            %s, %s, %s, %s, %s, NOW()
        ) ON CONFLICT (snapshot_date, appid, region_code, country_iso3) DO UPDATE SET
            player_count = EXCLUDED.player_count,
            share_percentage = EXCLUDED.share_percentage,
            peak_time_bkk = EXCLUDED.peak_time_bkk;
        , parameters: ('2026-09-04', 1086940, "Baldur's Gate 3", 'ASIA_SEA', 'เอเชียตะวันออกเฉียงใต้', 'VNM', 'เวียดนาม', 1861, 3.4, '20:00 - 00:00 น.')
[2026-09-04T17:47:06.018+0000] {sql.py:562} INFO - Rows affected: 1
[2026-09-04T17:47:06.025+0000] {sql.py:553} INFO - Running statement: 
        INSERT INTO steam_game_regions (
            snapshot_date, appid, game_name, region_code, region_name,
            country_iso3, country_name, player_count, share_percentage, peak_time_bkk, created_at
        ) VALUES (
            %s, %s, %s, %s, %s,
            %s, %s, %s, %s, %s, NOW()
        ) ON CONFLICT (snapshot_date, appid, region_code, country_iso3) DO UPDATE SET
            player_count = EXCLUDED.player_count,
            share_percentage = EXCLUDED.share_percentage,
            peak_time_bkk = EXCLUDED.peak_time_bkk;
        , parameters: ('2026-09-04', 1086940, "Baldur's Gate 3", 'ASIA_SEA', 'เอเชียตะวันออกเฉียงใต้', 'IDN', 'อินโดนีเซีย', 1595, 2.91, '20:00 - 00:00 น.')
[2026-09-04T17:47:06.026+0000] {sql.py:562} INFO - Rows affected: 1
[2026-09-04T17:47:06.033+0000] {sql.py:553} INFO - Running statement: 
        INSERT INTO steam_game_regions (
            snapshot_date, appid, game_name, region_code, region_name,
            country_iso3, country_name, player_count, share_percentage, peak_time_bkk, created_at
        ) VALUES (
            %s, %s, %s, %s, %s,
            %s, %s, %s, %s, %s, NOW()
        ) ON CONFLICT (snapshot_date, appid, region_code, country_iso3) DO UPDATE SET
            player_count = EXCLUDED.player_count,
            share_percentage = EXCLUDED.share_percentage,
            peak_time_bkk = EXCLUDED.peak_time_bkk;
        , parameters: ('2026-09-04', 1086940, "Baldur's Gate 3", 'ASIA_SEA', 'เอเชียตะวันออกเฉียงใต้', 'PHL', 'ฟิลิปปินส์', 1329, 2.43, '20:00 - 00:00 น.')
[2026-09-04T17:47:06.034+0000] {sql.py:562} INFO - Rows affected: 1
[2026-09-04T17:47:06.041+0000] {sql.py:553} INFO - Running statement: 
        INSERT INTO steam_game_regions (
            snapshot_date, appid, game_name, region_code, region_name,
            country_iso3, country_name, player_count, share_percentage, peak_time_bkk, created_at
        ) VALUES (
            %s, %s, %s, %s, %s,
            %s, %s, %s, %s, %s, NOW()
        ) ON CONFLICT (snapshot_date, appid, region_code, country_iso3) DO UPDATE SET
            player_count = EXCLUDED.player_count,
            share_percentage = EXCLUDED.share_percentage,
            peak_time_bkk = EXCLUDED.peak_time_bkk;
        , parameters: ('2026-09-04', 1086940, "Baldur's Gate 3", 'ASIA_SEA', 'เอเชียตะวันออกเฉียงใต้', 'MYS', 'มาเลเซีย', 798, 1.46, '20:00 - 00:00 น.')
[2026-09-04T17:47:06.042+0000] {sql.py:562} INFO - Rows affected: 1
[2026-09-04T17:47:06.049+0000] {sql.py:553} INFO - Running statement: 
        INSERT INTO steam_game_regions (
            snapshot_date, appid, game_name, region_code, region_name,
            country_iso3, country_name, player_count, share_percentage, peak_time_bkk, created_at
        ) VALUES (
            %s, %s, %s, %s, %s,
            %s, %s, %s, %s, %s, NOW()
        ) ON CONFLICT (snapshot_date, appid, region_code, country_iso3) DO UPDATE SET
            player_count = EXCLUDED.player_count,
            share_percentage = EXCLUDED.share_percentage,
            peak_time_bkk = EXCLUDED.peak_time_bkk;
        , parameters: ('2026-09-04', 1086940, "Baldur's Gate 3", 'ASIA_SEA', 'เอเชียตะวันออกเฉียงใต้', 'SGP', 'สิงคโปร์', 532, 0.97, '20:00 - 00:00 น.')
[2026-09-04T17:47:06.051+0000] {sql.py:562} INFO - Rows affected: 1
[2026-09-04T17:47:06.058+0000] {sql.py:553} INFO - Running statement: 
        INSERT INTO steam_game_regions (
            snapshot_date, appid, game_name, region_code, region_name,
            country_iso3, country_name, player_count, share_percentage, peak_time_bkk, created_at
        ) VALUES (
            %s, %s, %s, %s, %s,
            %s, %s, %s, %s, %s, NOW()
        ) ON CONFLICT (snapshot_date, appid, region_code, country_iso3) DO UPDATE SET
            player_count = EXCLUDED.player_count,
            share_percentage = EXCLUDED.share_percentage,
            peak_time_bkk = EXCLUDED.peak_time_bkk;
        , parameters: ('2026-09-04', 1086940, "Baldur's Gate 3", 'EUROPE', 'ยุโรป', 'RUS', 'รัสเซีย', 6381, 11.65, '22:00 - 02:00 น.')
[2026-09-04T17:47:06.059+0000] {sql.py:562} INFO - Rows affected: 1
[2026-09-04T17:47:06.066+0000] {sql.py:553} INFO - Running statement: 
        INSERT INTO steam_game_regions (
            snapshot_date, appid, game_name, region_code, region_name,
            country_iso3, country_name, player_count, share_percentage, peak_time_bkk, created_at
        ) VALUES (
            %s, %s, %s, %s, %s,
            %s, %s, %s, %s, %s, NOW()
        ) ON CONFLICT (snapshot_date, appid, region_code, country_iso3) DO UPDATE SET
            player_count = EXCLUDED.player_count,
            share_percentage = EXCLUDED.share_percentage,
            peak_time_bkk = EXCLUDED.peak_time_bkk;
        , parameters: ('2026-09-04', 1086940, "Baldur's Gate 3", 'EUROPE', 'ยุโรป', 'DEU', 'เยอรมนี', 3191, 5.83, '00:00 - 04:00 น.')
[2026-09-04T17:47:06.067+0000] {sql.py:562} INFO - Rows affected: 1
[2026-09-04T17:47:06.074+0000] {sql.py:553} INFO - Running statement: 
        INSERT INTO steam_game_regions (
            snapshot_date, appid, game_name, region_code, region_name,
            country_iso3, country_name, player_count, share_percentage, peak_time_bkk, created_at
        ) VALUES (
            %s, %s, %s, %s, %s,
            %s, %s, %s, %s, %s, NOW()
        ) ON CONFLICT (snapshot_date, appid, region_code, country_iso3) DO UPDATE SET
            player_count = EXCLUDED.player_count,
            share_percentage = EXCLUDED.share_percentage,
            peak_time_bkk = EXCLUDED.peak_time_bkk;
        , parameters: ('2026-09-04', 1086940, "Baldur's Gate 3", 'EUROPE', 'ยุโรป', 'GBR', 'สหราชอาณาจักร', 2127, 3.88, '01:00 - 05:00 น.')
[2026-09-04T17:47:06.075+0000] {sql.py:562} INFO - Rows affected: 1
[2026-09-04T17:47:06.082+0000] {sql.py:553} INFO - Running statement: 
        INSERT INTO steam_game_regions (
            snapshot_date, appid, game_name, region_code, region_name,
            country_iso3, country_name, player_count, share_percentage, peak_time_bkk, created_at
        ) VALUES (
            %s, %s, %s, %s, %s,
            %s, %s, %s, %s, %s, NOW()
        ) ON CONFLICT (snapshot_date, appid, region_code, country_iso3) DO UPDATE SET
            player_count = EXCLUDED.player_count,
            share_percentage = EXCLUDED.share_percentage,
            peak_time_bkk = EXCLUDED.peak_time_bkk;
        , parameters: ('2026-09-04', 1086940, "Baldur's Gate 3", 'EUROPE', 'ยุโรป', 'FRA', 'ฝรั่งเศส', 1595, 2.91, '00:00 - 04:00 น.')
[2026-09-04T17:47:06.084+0000] {sql.py:562} INFO - Rows affected: 1
[2026-09-04T17:47:06.091+0000] {sql.py:553} INFO - Running statement: 
        INSERT INTO steam_game_regions (
            snapshot_date, appid, game_name, region_code, region_name,
            country_iso3, country_name, player_count, share_percentage, peak_time_bkk, created_at
        ) VALUES (
            %s, %s, %s, %s, %s,
            %s, %s, %s, %s, %s, NOW()
        ) ON CONFLICT (snapshot_date, appid, region_code, country_iso3) DO UPDATE SET
            player_count = EXCLUDED.player_count,
            share_percentage = EXCLUDED.share_percentage,
            peak_time_bkk = EXCLUDED.peak_time_bkk;
        , parameters: ('2026-09-04', 1086940, "Baldur's Gate 3", 'EUROPE', 'ยุโรป', 'POL', 'โปแลนด์', 1595, 2.91, '00:00 - 04:00 น.')
[2026-09-04T17:47:06.093+0000] {sql.py:562} INFO - Rows affected: 1
[2026-09-04T17:47:06.099+0000] {sql.py:553} INFO - Running statement: 
        INSERT INTO steam_game_regions (
            snapshot_date, appid, game_name, region_code, region_name,
            country_iso3, country_name, player_count, share_percentage, peak_time_bkk, created_at
        ) VALUES (
            %s, %s, %s, %s, %s,
            %s, %s, %s, %s, %s, NOW()
        ) ON CONFLICT (snapshot_date, appid, region_code, country_iso3) DO UPDATE SET
            player_count = EXCLUDED.player_count,
            share_percentage = EXCLUDED.share_percentage,
            peak_time_bkk = EXCLUDED.peak_time_bkk;
        , parameters: ('2026-09-04', 1086940, "Baldur's Gate 3", 'NORTH_AMERICA', 'อเมริกาเหนือ', 'USA', 'สหรัฐอเมริกา', 5849, 10.68, '07:00 - 11:00 น.')
[2026-09-04T17:47:06.101+0000] {sql.py:562} INFO - Rows affected: 1
[2026-09-04T17:47:06.108+0000] {sql.py:553} INFO - Running statement: 
        INSERT INTO steam_game_regions (
            snapshot_date, appid, game_name, region_code, region_name,
            country_iso3, country_name, player_count, share_percentage, peak_time_bkk, created_at
        ) VALUES (
            %s, %s, %s, %s, %s,
            %s, %s, %s, %s, %s, NOW()
        ) ON CONFLICT (snapshot_date, appid, region_code, country_iso3) DO UPDATE SET
            player_count = EXCLUDED.player_count,
            share_percentage = EXCLUDED.share_percentage,
            peak_time_bkk = EXCLUDED.peak_time_bkk;
        , parameters: ('2026-09-04', 1086940, "Baldur's Gate 3", 'NORTH_AMERICA', 'อเมริกาเหนือ', 'CAN', 'แคนาดา', 1064, 1.94, '07:00 - 11:00 น.')
[2026-09-04T17:47:06.109+0000] {sql.py:562} INFO - Rows affected: 1
[2026-09-04T17:47:06.116+0000] {sql.py:553} INFO - Running statement: 
        INSERT INTO steam_game_regions (
            snapshot_date, appid, game_name, region_code, region_name,
            country_iso3, country_name, player_count, share_percentage, peak_time_bkk, created_at
        ) VALUES (
            %s, %s, %s, %s, %s,
            %s, %s, %s, %s, %s, NOW()
        ) ON CONFLICT (snapshot_date, appid, region_code, country_iso3) DO UPDATE SET
            player_count = EXCLUDED.player_count,
            share_percentage = EXCLUDED.share_percentage,
            peak_time_bkk = EXCLUDED.peak_time_bkk;
        , parameters: ('2026-09-04', 1086940, "Baldur's Gate 3", 'LATIN_AMERICA', 'ลาตินอเมริกา', 'BRA', 'บราซิล', 2127, 3.88, '05:00 - 09:00 น.')
[2026-09-04T17:47:06.118+0000] {sql.py:562} INFO - Rows affected: 1
[2026-09-04T17:47:06.125+0000] {sql.py:553} INFO - Running statement: 
        INSERT INTO steam_game_regions (
            snapshot_date, appid, game_name, region_code, region_name,
            country_iso3, country_name, player_count, share_percentage, peak_time_bkk, created_at
        ) VALUES (
            %s, %s, %s, %s, %s,
            %s, %s, %s, %s, %s, NOW()
        ) ON CONFLICT (snapshot_date, appid, region_code, country_iso3) DO UPDATE SET
            player_count = EXCLUDED.player_count,
            share_percentage = EXCLUDED.share_percentage,
            peak_time_bkk = EXCLUDED.peak_time_bkk;
        , parameters: ('2026-09-04', 1086940, "Baldur's Gate 3", 'LATIN_AMERICA', 'ลาตินอเมริกา', 'ARG', 'อาร์เจนตินา', 798, 1.46, '05:00 - 09:00 น.')
[2026-09-04T17:47:06.127+0000] {sql.py:562} INFO - Rows affected: 1
[2026-09-04T17:47:06.134+0000] {sql.py:553} INFO - Running statement: 
        INSERT INTO steam_game_regions (
            snapshot_date, appid, game_name, region_code, region_name,
            country_iso3, country_name, player_count, share_percentage, peak_time_bkk, created_at
        ) VALUES (
            %s, %s, %s, %s, %s,
            %s, %s, %s, %s, %s, NOW()
        ) ON CONFLICT (snapshot_date, appid, region_code, country_iso3) DO UPDATE SET
            player_count = EXCLUDED.player_count,
            share_percentage = EXCLUDED.share_percentage,
            peak_time_bkk = EXCLUDED.peak_time_bkk;
        , parameters: ('2026-09-04', 1086940, "Baldur's Gate 3", 'OCEANIA', 'โอเชียเนีย', 'AUS', 'ออสเตรเลีย', 798, 1.46, '16:00 - 20:00 น.')
[2026-09-04T17:47:06.136+0000] {sql.py:562} INFO - Rows affected: 1
[2026-09-04T17:47:06.143+0000] {sql.py:553} INFO - Running statement: 
        INSERT INTO steam_game_regions (
            snapshot_date, appid, game_name, region_code, region_name,
            country_iso3, country_name, player_count, share_percentage, peak_time_bkk, created_at
        ) VALUES (
            %s, %s, %s, %s, %s,
            %s, %s, %s, %s, %s, NOW()
        ) ON CONFLICT (snapshot_date, appid, region_code, country_iso3) DO UPDATE SET
            player_count = EXCLUDED.player_count,
            share_percentage = EXCLUDED.share_percentage,
            peak_time_bkk = EXCLUDED.peak_time_bkk;
        , parameters: ('2026-09-04', 2358720, 'Black Myth: Wukong', 'ASIA_EAST', 'เอเชียตะวันออก', 'CHN', 'จีน', 8284, 55.21, '19:00 - 23:00 น.')
[2026-09-04T17:47:06.145+0000] {sql.py:562} INFO - Rows affected: 1
[2026-09-04T17:47:06.151+0000] {sql.py:553} INFO - Running statement: 
        INSERT INTO steam_game_regions (
            snapshot_date, appid, game_name, region_code, region_name,
            country_iso3, country_name, player_count, share_percentage, peak_time_bkk, created_at
        ) VALUES (
            %s, %s, %s, %s, %s,
            %s, %s, %s, %s, %s, NOW()
        ) ON CONFLICT (snapshot_date, appid, region_code, country_iso3) DO UPDATE SET
            player_count = EXCLUDED.player_count,
            share_percentage = EXCLUDED.share_percentage,
            peak_time_bkk = EXCLUDED.peak_time_bkk;
        , parameters: ('2026-09-04', 2358720, 'Black Myth: Wukong', 'ASIA_EAST', 'เอเชียตะวันออก', 'JPN', 'ญี่ปุ่น', 683, 4.55, '19:00 - 23:00 น.')
[2026-09-04T17:47:06.154+0000] {sql.py:562} INFO - Rows affected: 1
[2026-09-04T17:47:06.161+0000] {sql.py:553} INFO - Running statement: 
        INSERT INTO steam_game_regions (
            snapshot_date, appid, game_name, region_code, region_name,
            country_iso3, country_name, player_count, share_percentage, peak_time_bkk, created_at
        ) VALUES (
            %s, %s, %s, %s, %s,
            %s, %s, %s, %s, %s, NOW()
        ) ON CONFLICT (snapshot_date, appid, region_code, country_iso3) DO UPDATE SET
            player_count = EXCLUDED.player_count,
            share_percentage = EXCLUDED.share_percentage,
            peak_time_bkk = EXCLUDED.peak_time_bkk;
        , parameters: ('2026-09-04', 2358720, 'Black Myth: Wukong', 'ASIA_EAST', 'เอเชียตะวันออก', 'KOR', 'เกาหลีใต้', 455, 3.03, '19:00 - 23:00 น.')
[2026-09-04T17:47:06.163+0000] {sql.py:562} INFO - Rows affected: 1
[2026-09-04T17:47:06.170+0000] {sql.py:553} INFO - Running statement: 
        INSERT INTO steam_game_regions (
            snapshot_date, appid, game_name, region_code, region_name,
            country_iso3, country_name, player_count, share_percentage, peak_time_bkk, created_at
        ) VALUES (
            %s, %s, %s, %s, %s,
            %s, %s, %s, %s, %s, NOW()
        ) ON CONFLICT (snapshot_date, appid, region_code, country_iso3) DO UPDATE SET
            player_count = EXCLUDED.player_count,
            share_percentage = EXCLUDED.share_percentage,
            peak_time_bkk = EXCLUDED.peak_time_bkk;
        , parameters: ('2026-09-04', 2358720, 'Black Myth: Wukong', 'ASIA_EAST', 'เอเชียตะวันออก', 'TWN', 'ไต้หวัน', 228, 1.52, '19:00 - 23:00 น.')
[2026-09-04T17:47:06.172+0000] {sql.py:562} INFO - Rows affected: 1
[2026-09-04T17:47:06.179+0000] {sql.py:553} INFO - Running statement: 
        INSERT INTO steam_game_regions (
            snapshot_date, appid, game_name, region_code, region_name,
            country_iso3, country_name, player_count, share_percentage, peak_time_bkk, created_at
        ) VALUES (
            %s, %s, %s, %s, %s,
            %s, %s, %s, %s, %s, NOW()
        ) ON CONFLICT (snapshot_date, appid, region_code, country_iso3) DO UPDATE SET
            player_count = EXCLUDED.player_count,
            share_percentage = EXCLUDED.share_percentage,
            peak_time_bkk = EXCLUDED.peak_time_bkk;
        , parameters: ('2026-09-04', 2358720, 'Black Myth: Wukong', 'ASIA_SEA', 'เอเชียตะวันออกเฉียงใต้', 'THA', 'ประเทศไทย', 768, 5.12, '20:00 - 00:00 น.')
[2026-09-04T17:47:06.181+0000] {sql.py:562} INFO - Rows affected: 1
[2026-09-04T17:47:06.187+0000] {sql.py:553} INFO - Running statement: 
        INSERT INTO steam_game_regions (
            snapshot_date, appid, game_name, region_code, region_name,
            country_iso3, country_name, player_count, share_percentage, peak_time_bkk, created_at
        ) VALUES (
            %s, %s, %s, %s, %s,
            %s, %s, %s, %s, %s, NOW()
        ) ON CONFLICT (snapshot_date, appid, region_code, country_iso3) DO UPDATE SET
            player_count = EXCLUDED.player_count,
            share_percentage = EXCLUDED.share_percentage,
            peak_time_bkk = EXCLUDED.peak_time_bkk;
        , parameters: ('2026-09-04', 2358720, 'Black Myth: Wukong', 'ASIA_SEA', 'เอเชียตะวันออกเฉียงใต้', 'VNM', 'เวียดนาม', 398, 2.65, '20:00 - 00:00 น.')
[2026-09-04T17:47:06.190+0000] {sql.py:562} INFO - Rows affected: 1
[2026-09-04T17:47:06.196+0000] {sql.py:553} INFO - Running statement: 
        INSERT INTO steam_game_regions (
            snapshot_date, appid, game_name, region_code, region_name,
            country_iso3, country_name, player_count, share_percentage, peak_time_bkk, created_at
        ) VALUES (
            %s, %s, %s, %s, %s,
            %s, %s, %s, %s, %s, NOW()
        ) ON CONFLICT (snapshot_date, appid, region_code, country_iso3) DO UPDATE SET
            player_count = EXCLUDED.player_count,
            share_percentage = EXCLUDED.share_percentage,
            peak_time_bkk = EXCLUDED.peak_time_bkk;
        , parameters: ('2026-09-04', 2358720, 'Black Myth: Wukong', 'ASIA_SEA', 'เอเชียตะวันออกเฉียงใต้', 'IDN', 'อินโดนีเซีย', 341, 2.28, '20:00 - 00:00 น.')
[2026-09-04T17:47:06.198+0000] {sql.py:562} INFO - Rows affected: 1
[2026-09-04T17:47:06.205+0000] {sql.py:553} INFO - Running statement: 
        INSERT INTO steam_game_regions (
            snapshot_date, appid, game_name, region_code, region_name,
            country_iso3, country_name, player_count, share_percentage, peak_time_bkk, created_at
        ) VALUES (
            %s, %s, %s, %s, %s,
            %s, %s, %s, %s, %s, NOW()
        ) ON CONFLICT (snapshot_date, appid, region_code, country_iso3) DO UPDATE SET
            player_count = EXCLUDED.player_count,
            share_percentage = EXCLUDED.share_percentage,
            peak_time_bkk = EXCLUDED.peak_time_bkk;
        , parameters: ('2026-09-04', 2358720, 'Black Myth: Wukong', 'ASIA_SEA', 'เอเชียตะวันออกเฉียงใต้', 'PHL', 'ฟิลิปปินส์', 284, 1.9, '20:00 - 00:00 น.')
[2026-09-04T17:47:06.207+0000] {sql.py:562} INFO - Rows affected: 1
[2026-09-04T17:47:06.213+0000] {sql.py:553} INFO - Running statement: 
        INSERT INTO steam_game_regions (
            snapshot_date, appid, game_name, region_code, region_name,
            country_iso3, country_name, player_count, share_percentage, peak_time_bkk, created_at
        ) VALUES (
            %s, %s, %s, %s, %s,
            %s, %s, %s, %s, %s, NOW()
        ) ON CONFLICT (snapshot_date, appid, region_code, country_iso3) DO UPDATE SET
            player_count = EXCLUDED.player_count,
            share_percentage = EXCLUDED.share_percentage,
            peak_time_bkk = EXCLUDED.peak_time_bkk;
        , parameters: ('2026-09-04', 2358720, 'Black Myth: Wukong', 'ASIA_SEA', 'เอเชียตะวันออกเฉียงใต้', 'MYS', 'มาเลเซีย', 171, 1.14, '20:00 - 00:00 น.')
[2026-09-04T17:47:06.215+0000] {sql.py:562} INFO - Rows affected: 1
[2026-09-04T17:47:06.222+0000] {sql.py:553} INFO - Running statement: 
        INSERT INTO steam_game_regions (
            snapshot_date, appid, game_name, region_code, region_name,
            country_iso3, country_name, player_count, share_percentage, peak_time_bkk, created_at
        ) VALUES (
            %s, %s, %s, %s, %s,
            %s, %s, %s, %s, %s, NOW()
        ) ON CONFLICT (snapshot_date, appid, region_code, country_iso3) DO UPDATE SET
            player_count = EXCLUDED.player_count,
            share_percentage = EXCLUDED.share_percentage,
            peak_time_bkk = EXCLUDED.peak_time_bkk;
        , parameters: ('2026-09-04', 2358720, 'Black Myth: Wukong', 'ASIA_SEA', 'เอเชียตะวันออกเฉียงใต้', 'SGP', 'สิงคโปร์', 114, 0.76, '20:00 - 00:00 น.')
[2026-09-04T17:47:06.224+0000] {sql.py:562} INFO - Rows affected: 1
[2026-09-04T17:47:06.231+0000] {sql.py:553} INFO - Running statement: 
        INSERT INTO steam_game_regions (
            snapshot_date, appid, game_name, region_code, region_name,
            country_iso3, country_name, player_count, share_percentage, peak_time_bkk, created_at
        ) VALUES (
            %s, %s, %s, %s, %s,
            %s, %s, %s, %s, %s, NOW()
        ) ON CONFLICT (snapshot_date, appid, region_code, country_iso3) DO UPDATE SET
            player_count = EXCLUDED.player_count,
            share_percentage = EXCLUDED.share_percentage,
            peak_time_bkk = EXCLUDED.peak_time_bkk;
        , parameters: ('2026-09-04', 2358720, 'Black Myth: Wukong', 'EUROPE', 'ยุโรป', 'RUS', 'รัสเซีย', 410, 2.73, '22:00 - 02:00 น.')
[2026-09-04T17:47:06.233+0000] {sql.py:562} INFO - Rows affected: 1
[2026-09-04T17:47:06.240+0000] {sql.py:553} INFO - Running statement: 
        INSERT INTO steam_game_regions (
            snapshot_date, appid, game_name, region_code, region_name,
            country_iso3, country_name, player_count, share_percentage, peak_time_bkk, created_at
        ) VALUES (
            %s, %s, %s, %s, %s,
            %s, %s, %s, %s, %s, NOW()
        ) ON CONFLICT (snapshot_date, appid, region_code, country_iso3) DO UPDATE SET
            player_count = EXCLUDED.player_count,
            share_percentage = EXCLUDED.share_percentage,
            peak_time_bkk = EXCLUDED.peak_time_bkk;
        , parameters: ('2026-09-04', 2358720, 'Black Myth: Wukong', 'EUROPE', 'ยุโรป', 'DEU', 'เยอรมนี', 205, 1.37, '00:00 - 04:00 น.')
[2026-09-04T17:47:06.241+0000] {sql.py:562} INFO - Rows affected: 1
[2026-09-04T17:47:06.248+0000] {sql.py:553} INFO - Running statement: 
        INSERT INTO steam_game_regions (
            snapshot_date, appid, game_name, region_code, region_name,
            country_iso3, country_name, player_count, share_percentage, peak_time_bkk, created_at
        ) VALUES (
            %s, %s, %s, %s, %s,
            %s, %s, %s, %s, %s, NOW()
        ) ON CONFLICT (snapshot_date, appid, region_code, country_iso3) DO UPDATE SET
            player_count = EXCLUDED.player_count,
            share_percentage = EXCLUDED.share_percentage,
            peak_time_bkk = EXCLUDED.peak_time_bkk;
        , parameters: ('2026-09-04', 2358720, 'Black Myth: Wukong', 'EUROPE', 'ยุโรป', 'GBR', 'สหราชอาณาจักร', 455, 3.03, '01:00 - 05:00 น.')
[2026-09-04T17:47:06.251+0000] {sql.py:562} INFO - Rows affected: 1
[2026-09-04T17:47:06.264+0000] {sql.py:553} INFO - Running statement: 
        INSERT INTO steam_game_regions (
            snapshot_date, appid, game_name, region_code, region_name,
            country_iso3, country_name, player_count, share_percentage, peak_time_bkk, created_at
        ) VALUES (
            %s, %s, %s, %s, %s,
            %s, %s, %s, %s, %s, NOW()
        ) ON CONFLICT (snapshot_date, appid, region_code, country_iso3) DO UPDATE SET
            player_count = EXCLUDED.player_count,
            share_percentage = EXCLUDED.share_percentage,
            peak_time_bkk = EXCLUDED.peak_time_bkk;
        , parameters: ('2026-09-04', 2358720, 'Black Myth: Wukong', 'EUROPE', 'ยุโรป', 'FRA', 'ฝรั่งเศส', 341, 2.28, '00:00 - 04:00 น.')
[2026-09-04T17:47:06.267+0000] {sql.py:562} INFO - Rows affected: 1
[2026-09-04T17:47:06.278+0000] {sql.py:553} INFO - Running statement: 
        INSERT INTO steam_game_regions (
            snapshot_date, appid, game_name, region_code, region_name,
            country_iso3, country_name, player_count, share_percentage, peak_time_bkk, created_at
        ) VALUES (
            %s, %s, %s, %s, %s,
            %s, %s, %s, %s, %s, NOW()
        ) ON CONFLICT (snapshot_date, appid, region_code, country_iso3) DO UPDATE SET
            player_count = EXCLUDED.player_count,
            share_percentage = EXCLUDED.share_percentage,
            peak_time_bkk = EXCLUDED.peak_time_bkk;
        , parameters: ('2026-09-04', 2358720, 'Black Myth: Wukong', 'EUROPE', 'ยุโรป', 'POL', 'โปแลนด์', 341, 2.28, '00:00 - 04:00 น.')
[2026-09-04T17:47:06.282+0000] {sql.py:562} INFO - Rows affected: 1
[2026-09-04T17:47:06.292+0000] {sql.py:553} INFO - Running statement: 
        INSERT INTO steam_game_regions (
            snapshot_date, appid, game_name, region_code, region_name,
            country_iso3, country_name, player_count, share_percentage, peak_time_bkk, created_at
        ) VALUES (
            %s, %s, %s, %s, %s,
            %s, %s, %s, %s, %s, NOW()
        ) ON CONFLICT (snapshot_date, appid, region_code, country_iso3) DO UPDATE SET
            player_count = EXCLUDED.player_count,
            share_percentage = EXCLUDED.share_percentage,
            peak_time_bkk = EXCLUDED.peak_time_bkk;
        , parameters: ('2026-09-04', 2358720, 'Black Myth: Wukong', 'NORTH_AMERICA', 'อเมริกาเหนือ', 'USA', 'สหรัฐอเมริกา', 501, 3.34, '07:00 - 11:00 น.')
[2026-09-04T17:47:06.294+0000] {sql.py:562} INFO - Rows affected: 1
[2026-09-04T17:47:06.303+0000] {sql.py:553} INFO - Running statement: 
        INSERT INTO steam_game_regions (
            snapshot_date, appid, game_name, region_code, region_name,
            country_iso3, country_name, player_count, share_percentage, peak_time_bkk, created_at
        ) VALUES (
            %s, %s, %s, %s, %s,
            %s, %s, %s, %s, %s, NOW()
        ) ON CONFLICT (snapshot_date, appid, region_code, country_iso3) DO UPDATE SET
            player_count = EXCLUDED.player_count,
            share_percentage = EXCLUDED.share_percentage,
            peak_time_bkk = EXCLUDED.peak_time_bkk;
        , parameters: ('2026-09-04', 2358720, 'Black Myth: Wukong', 'NORTH_AMERICA', 'อเมริกาเหนือ', 'CAN', 'แคนาดา', 228, 1.52, '07:00 - 11:00 น.')
[2026-09-04T17:47:06.306+0000] {sql.py:562} INFO - Rows affected: 1
[2026-09-04T17:47:06.315+0000] {sql.py:553} INFO - Running statement: 
        INSERT INTO steam_game_regions (
            snapshot_date, appid, game_name, region_code, region_name,
            country_iso3, country_name, player_count, share_percentage, peak_time_bkk, created_at
        ) VALUES (
            %s, %s, %s, %s, %s,
            %s, %s, %s, %s, %s, NOW()
        ) ON CONFLICT (snapshot_date, appid, region_code, country_iso3) DO UPDATE SET
            player_count = EXCLUDED.player_count,
            share_percentage = EXCLUDED.share_percentage,
            peak_time_bkk = EXCLUDED.peak_time_bkk;
        , parameters: ('2026-09-04', 2358720, 'Black Myth: Wukong', 'LATIN_AMERICA', 'ลาตินอเมริกา', 'BRA', 'บราซิล', 455, 3.03, '05:00 - 09:00 น.')
[2026-09-04T17:47:06.317+0000] {sql.py:562} INFO - Rows affected: 1
[2026-09-04T17:47:06.326+0000] {sql.py:553} INFO - Running statement: 
        INSERT INTO steam_game_regions (
            snapshot_date, appid, game_name, region_code, region_name,
            country_iso3, country_name, player_count, share_percentage, peak_time_bkk, created_at
        ) VALUES (
            %s, %s, %s, %s, %s,
            %s, %s, %s, %s, %s, NOW()
        ) ON CONFLICT (snapshot_date, appid, region_code, country_iso3) DO UPDATE SET
            player_count = EXCLUDED.player_count,
            share_percentage = EXCLUDED.share_percentage,
            peak_time_bkk = EXCLUDED.peak_time_bkk;
        , parameters: ('2026-09-04', 2358720, 'Black Myth: Wukong', 'LATIN_AMERICA', 'ลาตินอเมริกา', 'ARG', 'อาร์เจนตินา', 171, 1.14, '05:00 - 09:00 น.')
[2026-09-04T17:47:06.328+0000] {sql.py:562} INFO - Rows affected: 1
[2026-09-04T17:47:06.336+0000] {sql.py:553} INFO - Running statement: 
        INSERT INTO steam_game_regions (
            snapshot_date, appid, game_name, region_code, region_name,
            country_iso3, country_name, player_count, share_percentage, peak_time_bkk, created_at
        ) VALUES (
            %s, %s, %s, %s, %s,
            %s, %s, %s, %s, %s, NOW()
        ) ON CONFLICT (snapshot_date, appid, region_code, country_iso3) DO UPDATE SET
            player_count = EXCLUDED.player_count,
            share_percentage = EXCLUDED.share_percentage,
            peak_time_bkk = EXCLUDED.peak_time_bkk;
        , parameters: ('2026-09-04', 2358720, 'Black Myth: Wukong', 'OCEANIA', 'โอเชียเนีย', 'AUS', 'ออสเตรเลีย', 171, 1.14, '16:00 - 20:00 น.')
[2026-09-04T17:47:06.338+0000] {sql.py:562} INFO - Rows affected: 1
[2026-09-04T17:47:06.347+0000] {sql.py:553} INFO - Running statement: 
        INSERT INTO steam_game_regions (
            snapshot_date, appid, game_name, region_code, region_name,
            country_iso3, country_name, player_count, share_percentage, peak_time_bkk, created_at
        ) VALUES (
            %s, %s, %s, %s, %s,
            %s, %s, %s, %s, %s, NOW()
        ) ON CONFLICT (snapshot_date, appid, region_code, country_iso3) DO UPDATE SET
            player_count = EXCLUDED.player_count,
            share_percentage = EXCLUDED.share_percentage,
            peak_time_bkk = EXCLUDED.peak_time_bkk;
        , parameters: ('2026-09-04', 2246340, 'Monster Hunter Wilds', 'ASIA_EAST', 'เอเชียตะวันออก', 'CHN', 'จีน', 3396, 27.18, '19:00 - 23:00 น.')
[2026-09-04T17:47:06.350+0000] {sql.py:562} INFO - Rows affected: 1
[2026-09-04T17:47:06.358+0000] {sql.py:553} INFO - Running statement: 
        INSERT INTO steam_game_regions (
            snapshot_date, appid, game_name, region_code, region_name,
            country_iso3, country_name, player_count, share_percentage, peak_time_bkk, created_at
        ) VALUES (
            %s, %s, %s, %s, %s,
            %s, %s, %s, %s, %s, NOW()
        ) ON CONFLICT (snapshot_date, appid, region_code, country_iso3) DO UPDATE SET
            player_count = EXCLUDED.player_count,
            share_percentage = EXCLUDED.share_percentage,
            peak_time_bkk = EXCLUDED.peak_time_bkk;
        , parameters: ('2026-09-04', 2246340, 'Monster Hunter Wilds', 'ASIA_EAST', 'เอเชียตะวันออก', 'JPN', 'ญี่ปุ่น', 607, 4.85, '19:00 - 23:00 น.')
[2026-09-04T17:47:06.360+0000] {sql.py:562} INFO - Rows affected: 1
[2026-09-04T17:47:06.368+0000] {sql.py:553} INFO - Running statement: 
        INSERT INTO steam_game_regions (
            snapshot_date, appid, game_name, region_code, region_name,
            country_iso3, country_name, player_count, share_percentage, peak_time_bkk, created_at
        ) VALUES (
            %s, %s, %s, %s, %s,
            %s, %s, %s, %s, %s, NOW()
        ) ON CONFLICT (snapshot_date, appid, region_code, country_iso3) DO UPDATE SET
            player_count = EXCLUDED.player_count,
            share_percentage = EXCLUDED.share_percentage,
            peak_time_bkk = EXCLUDED.peak_time_bkk;
        , parameters: ('2026-09-04', 2246340, 'Monster Hunter Wilds', 'ASIA_EAST', 'เอเชียตะวันออก', 'KOR', 'เกาหลีใต้', 485, 3.88, '19:00 - 23:00 น.')
[2026-09-04T17:47:06.370+0000] {sql.py:562} INFO - Rows affected: 1
[2026-09-04T17:47:06.377+0000] {sql.py:553} INFO - Running statement: 
        INSERT INTO steam_game_regions (
            snapshot_date, appid, game_name, region_code, region_name,
            country_iso3, country_name, player_count, share_percentage, peak_time_bkk, created_at
        ) VALUES (
            %s, %s, %s, %s, %s,
            %s, %s, %s, %s, %s, NOW()
        ) ON CONFLICT (snapshot_date, appid, region_code, country_iso3) DO UPDATE SET
            player_count = EXCLUDED.player_count,
            share_percentage = EXCLUDED.share_percentage,
            peak_time_bkk = EXCLUDED.peak_time_bkk;
        , parameters: ('2026-09-04', 2246340, 'Monster Hunter Wilds', 'ASIA_EAST', 'เอเชียตะวันออก', 'TWN', 'ไต้หวัน', 243, 1.94, '19:00 - 23:00 น.')
[2026-09-04T17:47:06.380+0000] {sql.py:562} INFO - Rows affected: 1
[2026-09-04T17:47:06.388+0000] {sql.py:553} INFO - Running statement: 
        INSERT INTO steam_game_regions (
            snapshot_date, appid, game_name, region_code, region_name,
            country_iso3, country_name, player_count, share_percentage, peak_time_bkk, created_at
        ) VALUES (
            %s, %s, %s, %s, %s,
            %s, %s, %s, %s, %s, NOW()
        ) ON CONFLICT (snapshot_date, appid, region_code, country_iso3) DO UPDATE SET
            player_count = EXCLUDED.player_count,
            share_percentage = EXCLUDED.share_percentage,
            peak_time_bkk = EXCLUDED.peak_time_bkk;
        , parameters: ('2026-09-04', 2246340, 'Monster Hunter Wilds', 'ASIA_SEA', 'เอเชียตะวันออกเฉียงใต้', 'THA', 'ประเทศไทย', 546, 4.37, '20:00 - 00:00 น.')
[2026-09-04T17:47:06.391+0000] {sql.py:562} INFO - Rows affected: 1
[2026-09-04T17:47:06.398+0000] {sql.py:553} INFO - Running statement: 
        INSERT INTO steam_game_regions (
            snapshot_date, appid, game_name, region_code, region_name,
            country_iso3, country_name, player_count, share_percentage, peak_time_bkk, created_at
        ) VALUES (
            %s, %s, %s, %s, %s,
            %s, %s, %s, %s, %s, NOW()
        ) ON CONFLICT (snapshot_date, appid, region_code, country_iso3) DO UPDATE SET
            player_count = EXCLUDED.player_count,
            share_percentage = EXCLUDED.share_percentage,
            peak_time_bkk = EXCLUDED.peak_time_bkk;
        , parameters: ('2026-09-04', 2246340, 'Monster Hunter Wilds', 'ASIA_SEA', 'เอเชียตะวันออกเฉียงใต้', 'VNM', 'เวียดนาม', 425, 3.4, '20:00 - 00:00 น.')
[2026-09-04T17:47:06.400+0000] {sql.py:562} INFO - Rows affected: 1
[2026-09-04T17:47:06.408+0000] {sql.py:553} INFO - Running statement: 
        INSERT INTO steam_game_regions (
            snapshot_date, appid, game_name, region_code, region_name,
            country_iso3, country_name, player_count, share_percentage, peak_time_bkk, created_at
        ) VALUES (
            %s, %s, %s, %s, %s,
            %s, %s, %s, %s, %s, NOW()
        ) ON CONFLICT (snapshot_date, appid, region_code, country_iso3) DO UPDATE SET
            player_count = EXCLUDED.player_count,
            share_percentage = EXCLUDED.share_percentage,
            peak_time_bkk = EXCLUDED.peak_time_bkk;
        , parameters: ('2026-09-04', 2246340, 'Monster Hunter Wilds', 'ASIA_SEA', 'เอเชียตะวันออกเฉียงใต้', 'IDN', 'อินโดนีเซีย', 364, 2.91, '20:00 - 00:00 น.')
[2026-09-04T17:47:06.410+0000] {sql.py:562} INFO - Rows affected: 1
[2026-09-04T17:47:06.418+0000] {sql.py:553} INFO - Running statement: 
        INSERT INTO steam_game_regions (
            snapshot_date, appid, game_name, region_code, region_name,
            country_iso3, country_name, player_count, share_percentage, peak_time_bkk, created_at
        ) VALUES (
            %s, %s, %s, %s, %s,
            %s, %s, %s, %s, %s, NOW()
        ) ON CONFLICT (snapshot_date, appid, region_code, country_iso3) DO UPDATE SET
            player_count = EXCLUDED.player_count,
            share_percentage = EXCLUDED.share_percentage,
            peak_time_bkk = EXCLUDED.peak_time_bkk;
        , parameters: ('2026-09-04', 2246340, 'Monster Hunter Wilds', 'ASIA_SEA', 'เอเชียตะวันออกเฉียงใต้', 'PHL', 'ฟิลิปปินส์', 303, 2.43, '20:00 - 00:00 น.')
[2026-09-04T17:47:06.421+0000] {sql.py:562} INFO - Rows affected: 1
[2026-09-04T17:47:06.429+0000] {sql.py:553} INFO - Running statement: 
        INSERT INTO steam_game_regions (
            snapshot_date, appid, game_name, region_code, region_name,
            country_iso3, country_name, player_count, share_percentage, peak_time_bkk, created_at
        ) VALUES (
            %s, %s, %s, %s, %s,
            %s, %s, %s, %s, %s, NOW()
        ) ON CONFLICT (snapshot_date, appid, region_code, country_iso3) DO UPDATE SET
            player_count = EXCLUDED.player_count,
            share_percentage = EXCLUDED.share_percentage,
            peak_time_bkk = EXCLUDED.peak_time_bkk;
        , parameters: ('2026-09-04', 2246340, 'Monster Hunter Wilds', 'ASIA_SEA', 'เอเชียตะวันออกเฉียงใต้', 'MYS', 'มาเลเซีย', 182, 1.46, '20:00 - 00:00 น.')
[2026-09-04T17:47:06.431+0000] {sql.py:562} INFO - Rows affected: 1
[2026-09-04T17:47:06.439+0000] {sql.py:553} INFO - Running statement: 
        INSERT INTO steam_game_regions (
            snapshot_date, appid, game_name, region_code, region_name,
            country_iso3, country_name, player_count, share_percentage, peak_time_bkk, created_at
        ) VALUES (
            %s, %s, %s, %s, %s,
            %s, %s, %s, %s, %s, NOW()
        ) ON CONFLICT (snapshot_date, appid, region_code, country_iso3) DO UPDATE SET
            player_count = EXCLUDED.player_count,
            share_percentage = EXCLUDED.share_percentage,
            peak_time_bkk = EXCLUDED.peak_time_bkk;
        , parameters: ('2026-09-04', 2246340, 'Monster Hunter Wilds', 'ASIA_SEA', 'เอเชียตะวันออกเฉียงใต้', 'SGP', 'สิงคโปร์', 121, 0.97, '20:00 - 00:00 น.')
[2026-09-04T17:47:06.440+0000] {sql.py:562} INFO - Rows affected: 1
[2026-09-04T17:47:06.448+0000] {sql.py:553} INFO - Running statement: 
        INSERT INTO steam_game_regions (
            snapshot_date, appid, game_name, region_code, region_name,
            country_iso3, country_name, player_count, share_percentage, peak_time_bkk, created_at
        ) VALUES (
            %s, %s, %s, %s, %s,
            %s, %s, %s, %s, %s, NOW()
        ) ON CONFLICT (snapshot_date, appid, region_code, country_iso3) DO UPDATE SET
            player_count = EXCLUDED.player_count,
            share_percentage = EXCLUDED.share_percentage,
            peak_time_bkk = EXCLUDED.peak_time_bkk;
        , parameters: ('2026-09-04', 2246340, 'Monster Hunter Wilds', 'EUROPE', 'ยุโรป', 'RUS', 'รัสเซีย', 1456, 11.65, '22:00 - 02:00 น.')
[2026-09-04T17:47:06.450+0000] {sql.py:562} INFO - Rows affected: 1
[2026-09-04T17:47:06.458+0000] {sql.py:553} INFO - Running statement: 
        INSERT INTO steam_game_regions (
            snapshot_date, appid, game_name, region_code, region_name,
            country_iso3, country_name, player_count, share_percentage, peak_time_bkk, created_at
        ) VALUES (
            %s, %s, %s, %s, %s,
            %s, %s, %s, %s, %s, NOW()
        ) ON CONFLICT (snapshot_date, appid, region_code, country_iso3) DO UPDATE SET
            player_count = EXCLUDED.player_count,
            share_percentage = EXCLUDED.share_percentage,
            peak_time_bkk = EXCLUDED.peak_time_bkk;
        , parameters: ('2026-09-04', 2246340, 'Monster Hunter Wilds', 'EUROPE', 'ยุโรป', 'DEU', 'เยอรมนี', 728, 5.83, '00:00 - 04:00 น.')
[2026-09-04T17:47:06.461+0000] {sql.py:562} INFO - Rows affected: 1
[2026-09-04T17:47:06.470+0000] {sql.py:553} INFO - Running statement: 
        INSERT INTO steam_game_regions (
            snapshot_date, appid, game_name, region_code, region_name,
            country_iso3, country_name, player_count, share_percentage, peak_time_bkk, created_at
        ) VALUES (
            %s, %s, %s, %s, %s,
            %s, %s, %s, %s, %s, NOW()
        ) ON CONFLICT (snapshot_date, appid, region_code, country_iso3) DO UPDATE SET
            player_count = EXCLUDED.player_count,
            share_percentage = EXCLUDED.share_percentage,
            peak_time_bkk = EXCLUDED.peak_time_bkk;
        , parameters: ('2026-09-04', 2246340, 'Monster Hunter Wilds', 'EUROPE', 'ยุโรป', 'GBR', 'สหราชอาณาจักร', 485, 3.88, '01:00 - 05:00 น.')
[2026-09-04T17:47:06.472+0000] {sql.py:562} INFO - Rows affected: 1
[2026-09-04T17:47:06.480+0000] {sql.py:553} INFO - Running statement: 
        INSERT INTO steam_game_regions (
            snapshot_date, appid, game_name, region_code, region_name,
            country_iso3, country_name, player_count, share_percentage, peak_time_bkk, created_at
        ) VALUES (
            %s, %s, %s, %s, %s,
            %s, %s, %s, %s, %s, NOW()
        ) ON CONFLICT (snapshot_date, appid, region_code, country_iso3) DO UPDATE SET
            player_count = EXCLUDED.player_count,
            share_percentage = EXCLUDED.share_percentage,
            peak_time_bkk = EXCLUDED.peak_time_bkk;
        , parameters: ('2026-09-04', 2246340, 'Monster Hunter Wilds', 'EUROPE', 'ยุโรป', 'FRA', 'ฝรั่งเศส', 364, 2.91, '00:00 - 04:00 น.')
[2026-09-04T17:47:06.482+0000] {sql.py:562} INFO - Rows affected: 1
[2026-09-04T17:47:06.490+0000] {sql.py:553} INFO - Running statement: 
        INSERT INTO steam_game_regions (
            snapshot_date, appid, game_name, region_code, region_name,
            country_iso3, country_name, player_count, share_percentage, peak_time_bkk, created_at
        ) VALUES (
            %s, %s, %s, %s, %s,
            %s, %s, %s, %s, %s, NOW()
        ) ON CONFLICT (snapshot_date, appid, region_code, country_iso3) DO UPDATE SET
            player_count = EXCLUDED.player_count,
            share_percentage = EXCLUDED.share_percentage,
            peak_time_bkk = EXCLUDED.peak_time_bkk;
        , parameters: ('2026-09-04', 2246340, 'Monster Hunter Wilds', 'EUROPE', 'ยุโรป', 'POL', 'โปแลนด์', 364, 2.91, '00:00 - 04:00 น.')
[2026-09-04T17:47:06.491+0000] {sql.py:562} INFO - Rows affected: 1
[2026-09-04T17:47:06.500+0000] {sql.py:553} INFO - Running statement: 
        INSERT INTO steam_game_regions (
            snapshot_date, appid, game_name, region_code, region_name,
            country_iso3, country_name, player_count, share_percentage, peak_time_bkk, created_at
        ) VALUES (
            %s, %s, %s, %s, %s,
            %s, %s, %s, %s, %s, NOW()
        ) ON CONFLICT (snapshot_date, appid, region_code, country_iso3) DO UPDATE SET
            player_count = EXCLUDED.player_count,
            share_percentage = EXCLUDED.share_percentage,
            peak_time_bkk = EXCLUDED.peak_time_bkk;
        , parameters: ('2026-09-04', 2246340, 'Monster Hunter Wilds', 'NORTH_AMERICA', 'อเมริกาเหนือ', 'USA', 'สหรัฐอเมริกา', 1334, 10.68, '07:00 - 11:00 น.')
[2026-09-04T17:47:06.502+0000] {sql.py:562} INFO - Rows affected: 1
[2026-09-04T17:47:06.510+0000] {sql.py:553} INFO - Running statement: 
        INSERT INTO steam_game_regions (
            snapshot_date, appid, game_name, region_code, region_name,
            country_iso3, country_name, player_count, share_percentage, peak_time_bkk, created_at
        ) VALUES (
            %s, %s, %s, %s, %s,
            %s, %s, %s, %s, %s, NOW()
        ) ON CONFLICT (snapshot_date, appid, region_code, country_iso3) DO UPDATE SET
            player_count = EXCLUDED.player_count,
            share_percentage = EXCLUDED.share_percentage,
            peak_time_bkk = EXCLUDED.peak_time_bkk;
        , parameters: ('2026-09-04', 2246340, 'Monster Hunter Wilds', 'NORTH_AMERICA', 'อเมริกาเหนือ', 'CAN', 'แคนาดา', 243, 1.94, '07:00 - 11:00 น.')
[2026-09-04T17:47:06.512+0000] {sql.py:562} INFO - Rows affected: 1
[2026-09-04T17:47:06.520+0000] {sql.py:553} INFO - Running statement: 
        INSERT INTO steam_game_regions (
            snapshot_date, appid, game_name, region_code, region_name,
            country_iso3, country_name, player_count, share_percentage, peak_time_bkk, created_at
        ) VALUES (
            %s, %s, %s, %s, %s,
            %s, %s, %s, %s, %s, NOW()
        ) ON CONFLICT (snapshot_date, appid, region_code, country_iso3) DO UPDATE SET
            player_count = EXCLUDED.player_count,
            share_percentage = EXCLUDED.share_percentage,
            peak_time_bkk = EXCLUDED.peak_time_bkk;
        , parameters: ('2026-09-04', 2246340, 'Monster Hunter Wilds', 'LATIN_AMERICA', 'ลาตินอเมริกา', 'BRA', 'บราซิล', 485, 3.88, '05:00 - 09:00 น.')
[2026-09-04T17:47:06.522+0000] {sql.py:562} INFO - Rows affected: 1
[2026-09-04T17:47:06.530+0000] {sql.py:553} INFO - Running statement: 
        INSERT INTO steam_game_regions (
            snapshot_date, appid, game_name, region_code, region_name,
            country_iso3, country_name, player_count, share_percentage, peak_time_bkk, created_at
        ) VALUES (
            %s, %s, %s, %s, %s,
            %s, %s, %s, %s, %s, NOW()
        ) ON CONFLICT (snapshot_date, appid, region_code, country_iso3) DO UPDATE SET
            player_count = EXCLUDED.player_count,
            share_percentage = EXCLUDED.share_percentage,
            peak_time_bkk = EXCLUDED.peak_time_bkk;
        , parameters: ('2026-09-04', 2246340, 'Monster Hunter Wilds', 'LATIN_AMERICA', 'ลาตินอเมริกา', 'ARG', 'อาร์เจนตินา', 182, 1.46, '05:00 - 09:00 น.')
[2026-09-04T17:47:06.533+0000] {sql.py:562} INFO - Rows affected: 1
[2026-09-04T17:47:06.541+0000] {sql.py:553} INFO - Running statement: 
        INSERT INTO steam_game_regions (
            snapshot_date, appid, game_name, region_code, region_name,
            country_iso3, country_name, player_count, share_percentage, peak_time_bkk, created_at
        ) VALUES (
            %s, %s, %s, %s, %s,
            %s, %s, %s, %s, %s, NOW()
        ) ON CONFLICT (snapshot_date, appid, region_code, country_iso3) DO UPDATE SET
            player_count = EXCLUDED.player_count,
            share_percentage = EXCLUDED.share_percentage,
            peak_time_bkk = EXCLUDED.peak_time_bkk;
        , parameters: ('2026-09-04', 2246340, 'Monster Hunter Wilds', 'OCEANIA', 'โอเชียเนีย', 'AUS', 'ออสเตรเลีย', 182, 1.46, '16:00 - 20:00 น.')
[2026-09-04T17:47:06.543+0000] {sql.py:562} INFO - Rows affected: 1
[2026-09-04T17:47:06.554+0000] {sql.py:553} INFO - Running statement: 
        INSERT INTO steam_game_regions (
            snapshot_date, appid, game_name, region_code, region_name,
            country_iso3, country_name, player_count, share_percentage, peak_time_bkk, created_at
        ) VALUES (
            %s, %s, %s, %s, %s,
            %s, %s, %s, %s, %s, NOW()
        ) ON CONFLICT (snapshot_date, appid, region_code, country_iso3) DO UPDATE SET
            player_count = EXCLUDED.player_count,
            share_percentage = EXCLUDED.share_percentage,
            peak_time_bkk = EXCLUDED.peak_time_bkk;
        , parameters: ('2026-09-04', 553850, 'HELLDIVERS™ 2', 'ASIA_EAST', 'เอเชียตะวันออก', 'CHN', 'จีน', 14516, 27.18, '19:00 - 23:00 น.')
[2026-09-04T17:47:06.556+0000] {sql.py:562} INFO - Rows affected: 1
[2026-09-04T17:47:06.566+0000] {sql.py:553} INFO - Running statement: 
        INSERT INTO steam_game_regions (
            snapshot_date, appid, game_name, region_code, region_name,
            country_iso3, country_name, player_count, share_percentage, peak_time_bkk, created_at
        ) VALUES (
            %s, %s, %s, %s, %s,
            %s, %s, %s, %s, %s, NOW()
        ) ON CONFLICT (snapshot_date, appid, region_code, country_iso3) DO UPDATE SET
            player_count = EXCLUDED.player_count,
            share_percentage = EXCLUDED.share_percentage,
            peak_time_bkk = EXCLUDED.peak_time_bkk;
        , parameters: ('2026-09-04', 553850, 'HELLDIVERS™ 2', 'ASIA_EAST', 'เอเชียตะวันออก', 'JPN', 'ญี่ปุ่น', 2592, 4.85, '19:00 - 23:00 น.')
[2026-09-04T17:47:06.568+0000] {sql.py:562} INFO - Rows affected: 1
[2026-09-04T17:47:06.577+0000] {sql.py:553} INFO - Running statement: 
        INSERT INTO steam_game_regions (
            snapshot_date, appid, game_name, region_code, region_name,
            country_iso3, country_name, player_count, share_percentage, peak_time_bkk, created_at
        ) VALUES (
            %s, %s, %s, %s, %s,
            %s, %s, %s, %s, %s, NOW()
        ) ON CONFLICT (snapshot_date, appid, region_code, country_iso3) DO UPDATE SET
            player_count = EXCLUDED.player_count,
            share_percentage = EXCLUDED.share_percentage,
            peak_time_bkk = EXCLUDED.peak_time_bkk;
        , parameters: ('2026-09-04', 553850, 'HELLDIVERS™ 2', 'ASIA_EAST', 'เอเชียตะวันออก', 'KOR', 'เกาหลีใต้', 2074, 3.88, '19:00 - 23:00 น.')
[2026-09-04T17:47:06.580+0000] {sql.py:562} INFO - Rows affected: 1
[2026-09-04T17:47:06.589+0000] {sql.py:553} INFO - Running statement: 
        INSERT INTO steam_game_regions (
            snapshot_date, appid, game_name, region_code, region_name,
            country_iso3, country_name, player_count, share_percentage, peak_time_bkk, created_at
        ) VALUES (
            %s, %s, %s, %s, %s,
            %s, %s, %s, %s, %s, NOW()
        ) ON CONFLICT (snapshot_date, appid, region_code, country_iso3) DO UPDATE SET
            player_count = EXCLUDED.player_count,
            share_percentage = EXCLUDED.share_percentage,
            peak_time_bkk = EXCLUDED.peak_time_bkk;
        , parameters: ('2026-09-04', 553850, 'HELLDIVERS™ 2', 'ASIA_EAST', 'เอเชียตะวันออก', 'TWN', 'ไต้หวัน', 1037, 1.94, '19:00 - 23:00 น.')
[2026-09-04T17:47:06.592+0000] {sql.py:562} INFO - Rows affected: 1
[2026-09-04T17:47:06.600+0000] {sql.py:553} INFO - Running statement: 
        INSERT INTO steam_game_regions (
            snapshot_date, appid, game_name, region_code, region_name,
            country_iso3, country_name, player_count, share_percentage, peak_time_bkk, created_at
        ) VALUES (
            %s, %s, %s, %s, %s,
            %s, %s, %s, %s, %s, NOW()
        ) ON CONFLICT (snapshot_date, appid, region_code, country_iso3) DO UPDATE SET
            player_count = EXCLUDED.player_count,
            share_percentage = EXCLUDED.share_percentage,
            peak_time_bkk = EXCLUDED.peak_time_bkk;
        , parameters: ('2026-09-04', 553850, 'HELLDIVERS™ 2', 'ASIA_SEA', 'เอเชียตะวันออกเฉียงใต้', 'THA', 'ประเทศไทย', 2333, 4.37, '20:00 - 00:00 น.')
[2026-09-04T17:47:06.602+0000] {sql.py:562} INFO - Rows affected: 1
[2026-09-04T17:47:06.609+0000] {sql.py:553} INFO - Running statement: 
        INSERT INTO steam_game_regions (
            snapshot_date, appid, game_name, region_code, region_name,
            country_iso3, country_name, player_count, share_percentage, peak_time_bkk, created_at
        ) VALUES (
            %s, %s, %s, %s, %s,
            %s, %s, %s, %s, %s, NOW()
        ) ON CONFLICT (snapshot_date, appid, region_code, country_iso3) DO UPDATE SET
            player_count = EXCLUDED.player_count,
            share_percentage = EXCLUDED.share_percentage,
            peak_time_bkk = EXCLUDED.peak_time_bkk;
        , parameters: ('2026-09-04', 553850, 'HELLDIVERS™ 2', 'ASIA_SEA', 'เอเชียตะวันออกเฉียงใต้', 'VNM', 'เวียดนาม', 1815, 3.4, '20:00 - 00:00 น.')
[2026-09-04T17:47:06.611+0000] {sql.py:562} INFO - Rows affected: 1
[2026-09-04T17:47:06.620+0000] {sql.py:553} INFO - Running statement: 
        INSERT INTO steam_game_regions (
            snapshot_date, appid, game_name, region_code, region_name,
            country_iso3, country_name, player_count, share_percentage, peak_time_bkk, created_at
        ) VALUES (
            %s, %s, %s, %s, %s,
            %s, %s, %s, %s, %s, NOW()
        ) ON CONFLICT (snapshot_date, appid, region_code, country_iso3) DO UPDATE SET
            player_count = EXCLUDED.player_count,
            share_percentage = EXCLUDED.share_percentage,
            peak_time_bkk = EXCLUDED.peak_time_bkk;
        , parameters: ('2026-09-04', 553850, 'HELLDIVERS™ 2', 'ASIA_SEA', 'เอเชียตะวันออกเฉียงใต้', 'IDN', 'อินโดนีเซีย', 1555, 2.91, '20:00 - 00:00 น.')
[2026-09-04T17:47:06.622+0000] {sql.py:562} INFO - Rows affected: 1
[2026-09-04T17:47:06.630+0000] {sql.py:553} INFO - Running statement: 
        INSERT INTO steam_game_regions (
            snapshot_date, appid, game_name, region_code, region_name,
            country_iso3, country_name, player_count, share_percentage, peak_time_bkk, created_at
        ) VALUES (
            %s, %s, %s, %s, %s,
            %s, %s, %s, %s, %s, NOW()
        ) ON CONFLICT (snapshot_date, appid, region_code, country_iso3) DO UPDATE SET
            player_count = EXCLUDED.player_count,
            share_percentage = EXCLUDED.share_percentage,
            peak_time_bkk = EXCLUDED.peak_time_bkk;
        , parameters: ('2026-09-04', 553850, 'HELLDIVERS™ 2', 'ASIA_SEA', 'เอเชียตะวันออกเฉียงใต้', 'PHL', 'ฟิลิปปินส์', 1296, 2.43, '20:00 - 00:00 น.')
[2026-09-04T17:47:06.632+0000] {sql.py:562} INFO - Rows affected: 1
[2026-09-04T17:47:06.640+0000] {sql.py:553} INFO - Running statement: 
        INSERT INTO steam_game_regions (
            snapshot_date, appid, game_name, region_code, region_name,
            country_iso3, country_name, player_count, share_percentage, peak_time_bkk, created_at
        ) VALUES (
            %s, %s, %s, %s, %s,
            %s, %s, %s, %s, %s, NOW()
        ) ON CONFLICT (snapshot_date, appid, region_code, country_iso3) DO UPDATE SET
            player_count = EXCLUDED.player_count,
            share_percentage = EXCLUDED.share_percentage,
            peak_time_bkk = EXCLUDED.peak_time_bkk;
        , parameters: ('2026-09-04', 553850, 'HELLDIVERS™ 2', 'ASIA_SEA', 'เอเชียตะวันออกเฉียงใต้', 'MYS', 'มาเลเซีย', 778, 1.46, '20:00 - 00:00 น.')
[2026-09-04T17:47:06.642+0000] {sql.py:562} INFO - Rows affected: 1
[2026-09-04T17:47:06.650+0000] {sql.py:553} INFO - Running statement: 
        INSERT INTO steam_game_regions (
            snapshot_date, appid, game_name, region_code, region_name,
            country_iso3, country_name, player_count, share_percentage, peak_time_bkk, created_at
        ) VALUES (
            %s, %s, %s, %s, %s,
            %s, %s, %s, %s, %s, NOW()
        ) ON CONFLICT (snapshot_date, appid, region_code, country_iso3) DO UPDATE SET
            player_count = EXCLUDED.player_count,
            share_percentage = EXCLUDED.share_percentage,
            peak_time_bkk = EXCLUDED.peak_time_bkk;
        , parameters: ('2026-09-04', 553850, 'HELLDIVERS™ 2', 'ASIA_SEA', 'เอเชียตะวันออกเฉียงใต้', 'SGP', 'สิงคโปร์', 518, 0.97, '20:00 - 00:00 น.')
[2026-09-04T17:47:06.652+0000] {sql.py:562} INFO - Rows affected: 1
[2026-09-04T17:47:06.660+0000] {sql.py:553} INFO - Running statement: 
        INSERT INTO steam_game_regions (
            snapshot_date, appid, game_name, region_code, region_name,
            country_iso3, country_name, player_count, share_percentage, peak_time_bkk, created_at
        ) VALUES (
            %s, %s, %s, %s, %s,
            %s, %s, %s, %s, %s, NOW()
        ) ON CONFLICT (snapshot_date, appid, region_code, country_iso3) DO UPDATE SET
            player_count = EXCLUDED.player_count,
            share_percentage = EXCLUDED.share_percentage,
            peak_time_bkk = EXCLUDED.peak_time_bkk;
        , parameters: ('2026-09-04', 553850, 'HELLDIVERS™ 2', 'EUROPE', 'ยุโรป', 'RUS', 'รัสเซีย', 6221, 11.65, '22:00 - 02:00 น.')
[2026-09-04T17:47:06.662+0000] {sql.py:562} INFO - Rows affected: 1
[2026-09-04T17:47:06.670+0000] {sql.py:553} INFO - Running statement: 
        INSERT INTO steam_game_regions (
            snapshot_date, appid, game_name, region_code, region_name,
            country_iso3, country_name, player_count, share_percentage, peak_time_bkk, created_at
        ) VALUES (
            %s, %s, %s, %s, %s,
            %s, %s, %s, %s, %s, NOW()
        ) ON CONFLICT (snapshot_date, appid, region_code, country_iso3) DO UPDATE SET
            player_count = EXCLUDED.player_count,
            share_percentage = EXCLUDED.share_percentage,
            peak_time_bkk = EXCLUDED.peak_time_bkk;
        , parameters: ('2026-09-04', 553850, 'HELLDIVERS™ 2', 'EUROPE', 'ยุโรป', 'DEU', 'เยอรมนี', 3111, 5.83, '00:00 - 04:00 น.')
[2026-09-04T17:47:06.672+0000] {sql.py:562} INFO - Rows affected: 1
[2026-09-04T17:47:06.681+0000] {sql.py:553} INFO - Running statement: 
        INSERT INTO steam_game_regions (
            snapshot_date, appid, game_name, region_code, region_name,
            country_iso3, country_name, player_count, share_percentage, peak_time_bkk, created_at
        ) VALUES (
            %s, %s, %s, %s, %s,
            %s, %s, %s, %s, %s, NOW()
        ) ON CONFLICT (snapshot_date, appid, region_code, country_iso3) DO UPDATE SET
            player_count = EXCLUDED.player_count,
            share_percentage = EXCLUDED.share_percentage,
            peak_time_bkk = EXCLUDED.peak_time_bkk;
        , parameters: ('2026-09-04', 553850, 'HELLDIVERS™ 2', 'EUROPE', 'ยุโรป', 'GBR', 'สหราชอาณาจักร', 2074, 3.88, '01:00 - 05:00 น.')
[2026-09-04T17:47:06.684+0000] {sql.py:562} INFO - Rows affected: 1
[2026-09-04T17:47:06.693+0000] {sql.py:553} INFO - Running statement: 
        INSERT INTO steam_game_regions (
            snapshot_date, appid, game_name, region_code, region_name,
            country_iso3, country_name, player_count, share_percentage, peak_time_bkk, created_at
        ) VALUES (
            %s, %s, %s, %s, %s,
            %s, %s, %s, %s, %s, NOW()
        ) ON CONFLICT (snapshot_date, appid, region_code, country_iso3) DO UPDATE SET
            player_count = EXCLUDED.player_count,
            share_percentage = EXCLUDED.share_percentage,
            peak_time_bkk = EXCLUDED.peak_time_bkk;
        , parameters: ('2026-09-04', 553850, 'HELLDIVERS™ 2', 'EUROPE', 'ยุโรป', 'FRA', 'ฝรั่งเศส', 1555, 2.91, '00:00 - 04:00 น.')
[2026-09-04T17:47:06.696+0000] {sql.py:562} INFO - Rows affected: 1
[2026-09-04T17:47:06.705+0000] {sql.py:553} INFO - Running statement: 
        INSERT INTO steam_game_regions (
            snapshot_date, appid, game_name, region_code, region_name,
            country_iso3, country_name, player_count, share_percentage, peak_time_bkk, created_at
        ) VALUES (
            %s, %s, %s, %s, %s,
            %s, %s, %s, %s, %s, NOW()
        ) ON CONFLICT (snapshot_date, appid, region_code, country_iso3) DO UPDATE SET
            player_count = EXCLUDED.player_count,
            share_percentage = EXCLUDED.share_percentage,
            peak_time_bkk = EXCLUDED.peak_time_bkk;
        , parameters: ('2026-09-04', 553850, 'HELLDIVERS™ 2', 'EUROPE', 'ยุโรป', 'POL', 'โปแลนด์', 1555, 2.91, '00:00 - 04:00 น.')
[2026-09-04T17:47:06.707+0000] {sql.py:562} INFO - Rows affected: 1
[2026-09-04T17:47:06.717+0000] {sql.py:553} INFO - Running statement: 
        INSERT INTO steam_game_regions (
            snapshot_date, appid, game_name, region_code, region_name,
            country_iso3, country_name, player_count, share_percentage, peak_time_bkk, created_at
        ) VALUES (
            %s, %s, %s, %s, %s,
            %s, %s, %s, %s, %s, NOW()
        ) ON CONFLICT (snapshot_date, appid, region_code, country_iso3) DO UPDATE SET
            player_count = EXCLUDED.player_count,
            share_percentage = EXCLUDED.share_percentage,
            peak_time_bkk = EXCLUDED.peak_time_bkk;
        , parameters: ('2026-09-04', 553850, 'HELLDIVERS™ 2', 'NORTH_AMERICA', 'อเมริกาเหนือ', 'USA', 'สหรัฐอเมริกา', 5703, 10.68, '07:00 - 11:00 น.')
[2026-09-04T17:47:06.719+0000] {sql.py:562} INFO - Rows affected: 1
[2026-09-04T17:47:06.728+0000] {sql.py:553} INFO - Running statement: 
        INSERT INTO steam_game_regions (
            snapshot_date, appid, game_name, region_code, region_name,
            country_iso3, country_name, player_count, share_percentage, peak_time_bkk, created_at
        ) VALUES (
            %s, %s, %s, %s, %s,
            %s, %s, %s, %s, %s, NOW()
        ) ON CONFLICT (snapshot_date, appid, region_code, country_iso3) DO UPDATE SET
            player_count = EXCLUDED.player_count,
            share_percentage = EXCLUDED.share_percentage,
            peak_time_bkk = EXCLUDED.peak_time_bkk;
        , parameters: ('2026-09-04', 553850, 'HELLDIVERS™ 2', 'NORTH_AMERICA', 'อเมริกาเหนือ', 'CAN', 'แคนาดา', 1037, 1.94, '07:00 - 11:00 น.')
[2026-09-04T17:47:06.731+0000] {sql.py:562} INFO - Rows affected: 1
[2026-09-04T17:47:06.739+0000] {sql.py:553} INFO - Running statement: 
        INSERT INTO steam_game_regions (
            snapshot_date, appid, game_name, region_code, region_name,
            country_iso3, country_name, player_count, share_percentage, peak_time_bkk, created_at
        ) VALUES (
            %s, %s, %s, %s, %s,
            %s, %s, %s, %s, %s, NOW()
        ) ON CONFLICT (snapshot_date, appid, region_code, country_iso3) DO UPDATE SET
            player_count = EXCLUDED.player_count,
            share_percentage = EXCLUDED.share_percentage,
            peak_time_bkk = EXCLUDED.peak_time_bkk;
        , parameters: ('2026-09-04', 553850, 'HELLDIVERS™ 2', 'LATIN_AMERICA', 'ลาตินอเมริกา', 'BRA', 'บราซิล', 2074, 3.88, '05:00 - 09:00 น.')
[2026-09-04T17:47:06.741+0000] {sql.py:562} INFO - Rows affected: 1
[2026-09-04T17:47:06.750+0000] {sql.py:553} INFO - Running statement: 
        INSERT INTO steam_game_regions (
            snapshot_date, appid, game_name, region_code, region_name,
            country_iso3, country_name, player_count, share_percentage, peak_time_bkk, created_at
        ) VALUES (
            %s, %s, %s, %s, %s,
            %s, %s, %s, %s, %s, NOW()
        ) ON CONFLICT (snapshot_date, appid, region_code, country_iso3) DO UPDATE SET
            player_count = EXCLUDED.player_count,
            share_percentage = EXCLUDED.share_percentage,
            peak_time_bkk = EXCLUDED.peak_time_bkk;
        , parameters: ('2026-09-04', 553850, 'HELLDIVERS™ 2', 'LATIN_AMERICA', 'ลาตินอเมริกา', 'ARG', 'อาร์เจนตินา', 778, 1.46, '05:00 - 09:00 น.')
[2026-09-04T17:47:06.752+0000] {sql.py:562} INFO - Rows affected: 1
[2026-09-04T17:47:06.760+0000] {sql.py:553} INFO - Running statement: 
        INSERT INTO steam_game_regions (
            snapshot_date, appid, game_name, region_code, region_name,
            country_iso3, country_name, player_count, share_percentage, peak_time_bkk, created_at
        ) VALUES (
            %s, %s, %s, %s, %s,
            %s, %s, %s, %s, %s, NOW()
        ) ON CONFLICT (snapshot_date, appid, region_code, country_iso3) DO UPDATE SET
            player_count = EXCLUDED.player_count,
            share_percentage = EXCLUDED.share_percentage,
            peak_time_bkk = EXCLUDED.peak_time_bkk;
        , parameters: ('2026-09-04', 553850, 'HELLDIVERS™ 2', 'OCEANIA', 'โอเชียเนีย', 'AUS', 'ออสเตรเลีย', 778, 1.46, '16:00 - 20:00 น.')
[2026-09-04T17:47:06.763+0000] {sql.py:562} INFO - Rows affected: 1
[2026-09-04T17:47:06.772+0000] {sql.py:553} INFO - Running statement: 
        INSERT INTO steam_game_regions (
            snapshot_date, appid, game_name, region_code, region_name,
            country_iso3, country_name, player_count, share_percentage, peak_time_bkk, created_at
        ) VALUES (
            %s, %s, %s, %s, %s,
            %s, %s, %s, %s, %s, NOW()
        ) ON CONFLICT (snapshot_date, appid, region_code, country_iso3) DO UPDATE SET
            player_count = EXCLUDED.player_count,
            share_percentage = EXCLUDED.share_percentage,
            peak_time_bkk = EXCLUDED.peak_time_bkk;
        , parameters: ('2026-09-04', 1623730, 'Palworld', 'ASIA_EAST', 'เอเชียตะวันออก', 'CHN', 'จีน', 4901, 27.18, '19:00 - 23:00 น.')
[2026-09-04T17:47:06.773+0000] {sql.py:562} INFO - Rows affected: 1
[2026-09-04T17:47:06.783+0000] {sql.py:553} INFO - Running statement: 
        INSERT INTO steam_game_regions (
            snapshot_date, appid, game_name, region_code, region_name,
            country_iso3, country_name, player_count, share_percentage, peak_time_bkk, created_at
        ) VALUES (
            %s, %s, %s, %s, %s,
            %s, %s, %s, %s, %s, NOW()
        ) ON CONFLICT (snapshot_date, appid, region_code, country_iso3) DO UPDATE SET
            player_count = EXCLUDED.player_count,
            share_percentage = EXCLUDED.share_percentage,
            peak_time_bkk = EXCLUDED.peak_time_bkk;
        , parameters: ('2026-09-04', 1623730, 'Palworld', 'ASIA_EAST', 'เอเชียตะวันออก', 'JPN', 'ญี่ปุ่น', 875, 4.85, '19:00 - 23:00 น.')
[2026-09-04T17:47:06.786+0000] {sql.py:562} INFO - Rows affected: 1
[2026-09-04T17:47:06.796+0000] {sql.py:553} INFO - Running statement: 
        INSERT INTO steam_game_regions (
            snapshot_date, appid, game_name, region_code, region_name,
            country_iso3, country_name, player_count, share_percentage, peak_time_bkk, created_at
        ) VALUES (
            %s, %s, %s, %s, %s,
            %s, %s, %s, %s, %s, NOW()
        ) ON CONFLICT (snapshot_date, appid, region_code, country_iso3) DO UPDATE SET
            player_count = EXCLUDED.player_count,
            share_percentage = EXCLUDED.share_percentage,
            peak_time_bkk = EXCLUDED.peak_time_bkk;
        , parameters: ('2026-09-04', 1623730, 'Palworld', 'ASIA_EAST', 'เอเชียตะวันออก', 'KOR', 'เกาหลีใต้', 700, 3.88, '19:00 - 23:00 น.')
[2026-09-04T17:47:06.798+0000] {sql.py:562} INFO - Rows affected: 1
[2026-09-04T17:47:06.807+0000] {sql.py:553} INFO - Running statement: 
        INSERT INTO steam_game_regions (
            snapshot_date, appid, game_name, region_code, region_name,
            country_iso3, country_name, player_count, share_percentage, peak_time_bkk, created_at
        ) VALUES (
            %s, %s, %s, %s, %s,
            %s, %s, %s, %s, %s, NOW()
        ) ON CONFLICT (snapshot_date, appid, region_code, country_iso3) DO UPDATE SET
            player_count = EXCLUDED.player_count,
            share_percentage = EXCLUDED.share_percentage,
            peak_time_bkk = EXCLUDED.peak_time_bkk;
        , parameters: ('2026-09-04', 1623730, 'Palworld', 'ASIA_EAST', 'เอเชียตะวันออก', 'TWN', 'ไต้หวัน', 350, 1.94, '19:00 - 23:00 น.')
[2026-09-04T17:47:06.809+0000] {sql.py:562} INFO - Rows affected: 1
[2026-09-04T17:47:06.817+0000] {sql.py:553} INFO - Running statement: 
        INSERT INTO steam_game_regions (
            snapshot_date, appid, game_name, region_code, region_name,
            country_iso3, country_name, player_count, share_percentage, peak_time_bkk, created_at
        ) VALUES (
            %s, %s, %s, %s, %s,
            %s, %s, %s, %s, %s, NOW()
        ) ON CONFLICT (snapshot_date, appid, region_code, country_iso3) DO UPDATE SET
            player_count = EXCLUDED.player_count,
            share_percentage = EXCLUDED.share_percentage,
            peak_time_bkk = EXCLUDED.peak_time_bkk;
        , parameters: ('2026-09-04', 1623730, 'Palworld', 'ASIA_SEA', 'เอเชียตะวันออกเฉียงใต้', 'THA', 'ประเทศไทย', 788, 4.37, '20:00 - 00:00 น.')
[2026-09-04T17:47:06.819+0000] {sql.py:562} INFO - Rows affected: 1
[2026-09-04T17:47:06.828+0000] {sql.py:553} INFO - Running statement: 
        INSERT INTO steam_game_regions (
            snapshot_date, appid, game_name, region_code, region_name,
            country_iso3, country_name, player_count, share_percentage, peak_time_bkk, created_at
        ) VALUES (
            %s, %s, %s, %s, %s,
            %s, %s, %s, %s, %s, NOW()
        ) ON CONFLICT (snapshot_date, appid, region_code, country_iso3) DO UPDATE SET
            player_count = EXCLUDED.player_count,
            share_percentage = EXCLUDED.share_percentage,
            peak_time_bkk = EXCLUDED.peak_time_bkk;
        , parameters: ('2026-09-04', 1623730, 'Palworld', 'ASIA_SEA', 'เอเชียตะวันออกเฉียงใต้', 'VNM', 'เวียดนาม', 613, 3.4, '20:00 - 00:00 น.')
[2026-09-04T17:47:06.830+0000] {sql.py:562} INFO - Rows affected: 1
[2026-09-04T17:47:06.837+0000] {sql.py:553} INFO - Running statement: 
        INSERT INTO steam_game_regions (
            snapshot_date, appid, game_name, region_code, region_name,
            country_iso3, country_name, player_count, share_percentage, peak_time_bkk, created_at
        ) VALUES (
            %s, %s, %s, %s, %s,
            %s, %s, %s, %s, %s, NOW()
        ) ON CONFLICT (snapshot_date, appid, region_code, country_iso3) DO UPDATE SET
            player_count = EXCLUDED.player_count,
            share_percentage = EXCLUDED.share_percentage,
            peak_time_bkk = EXCLUDED.peak_time_bkk;
        , parameters: ('2026-09-04', 1623730, 'Palworld', 'ASIA_SEA', 'เอเชียตะวันออกเฉียงใต้', 'IDN', 'อินโดนีเซีย', 525, 2.91, '20:00 - 00:00 น.')
[2026-09-04T17:47:06.839+0000] {sql.py:562} INFO - Rows affected: 1
[2026-09-04T17:47:06.847+0000] {sql.py:553} INFO - Running statement: 
        INSERT INTO steam_game_regions (
            snapshot_date, appid, game_name, region_code, region_name,
            country_iso3, country_name, player_count, share_percentage, peak_time_bkk, created_at
        ) VALUES (
            %s, %s, %s, %s, %s,
            %s, %s, %s, %s, %s, NOW()
        ) ON CONFLICT (snapshot_date, appid, region_code, country_iso3) DO UPDATE SET
            player_count = EXCLUDED.player_count,
            share_percentage = EXCLUDED.share_percentage,
            peak_time_bkk = EXCLUDED.peak_time_bkk;
        , parameters: ('2026-09-04', 1623730, 'Palworld', 'ASIA_SEA', 'เอเชียตะวันออกเฉียงใต้', 'PHL', 'ฟิลิปปินส์', 438, 2.43, '20:00 - 00:00 น.')
[2026-09-04T17:47:06.849+0000] {sql.py:562} INFO - Rows affected: 1
[2026-09-04T17:47:06.858+0000] {sql.py:553} INFO - Running statement: 
        INSERT INTO steam_game_regions (
            snapshot_date, appid, game_name, region_code, region_name,
            country_iso3, country_name, player_count, share_percentage, peak_time_bkk, created_at
        ) VALUES (
            %s, %s, %s, %s, %s,
            %s, %s, %s, %s, %s, NOW()
        ) ON CONFLICT (snapshot_date, appid, region_code, country_iso3) DO UPDATE SET
            player_count = EXCLUDED.player_count,
            share_percentage = EXCLUDED.share_percentage,
            peak_time_bkk = EXCLUDED.peak_time_bkk;
        , parameters: ('2026-09-04', 1623730, 'Palworld', 'ASIA_SEA', 'เอเชียตะวันออกเฉียงใต้', 'MYS', 'มาเลเซีย', 263, 1.46, '20:00 - 00:00 น.')
[2026-09-04T17:47:06.859+0000] {sql.py:562} INFO - Rows affected: 1
[2026-09-04T17:47:06.866+0000] {sql.py:553} INFO - Running statement: 
        INSERT INTO steam_game_regions (
            snapshot_date, appid, game_name, region_code, region_name,
            country_iso3, country_name, player_count, share_percentage, peak_time_bkk, created_at
        ) VALUES (
            %s, %s, %s, %s, %s,
            %s, %s, %s, %s, %s, NOW()
        ) ON CONFLICT (snapshot_date, appid, region_code, country_iso3) DO UPDATE SET
            player_count = EXCLUDED.player_count,
            share_percentage = EXCLUDED.share_percentage,
            peak_time_bkk = EXCLUDED.peak_time_bkk;
        , parameters: ('2026-09-04', 1623730, 'Palworld', 'ASIA_SEA', 'เอเชียตะวันออกเฉียงใต้', 'SGP', 'สิงคโปร์', 175, 0.97, '20:00 - 00:00 น.')
[2026-09-04T17:47:06.868+0000] {sql.py:562} INFO - Rows affected: 1
[2026-09-04T17:47:06.876+0000] {sql.py:553} INFO - Running statement: 
        INSERT INTO steam_game_regions (
            snapshot_date, appid, game_name, region_code, region_name,
            country_iso3, country_name, player_count, share_percentage, peak_time_bkk, created_at
        ) VALUES (
            %s, %s, %s, %s, %s,
            %s, %s, %s, %s, %s, NOW()
        ) ON CONFLICT (snapshot_date, appid, region_code, country_iso3) DO UPDATE SET
            player_count = EXCLUDED.player_count,
            share_percentage = EXCLUDED.share_percentage,
            peak_time_bkk = EXCLUDED.peak_time_bkk;
        , parameters: ('2026-09-04', 1623730, 'Palworld', 'EUROPE', 'ยุโรป', 'RUS', 'รัสเซีย', 2100, 11.65, '22:00 - 02:00 น.')
[2026-09-04T17:47:06.877+0000] {sql.py:562} INFO - Rows affected: 1
[2026-09-04T17:47:06.886+0000] {sql.py:553} INFO - Running statement: 
        INSERT INTO steam_game_regions (
            snapshot_date, appid, game_name, region_code, region_name,
            country_iso3, country_name, player_count, share_percentage, peak_time_bkk, created_at
        ) VALUES (
            %s, %s, %s, %s, %s,
            %s, %s, %s, %s, %s, NOW()
        ) ON CONFLICT (snapshot_date, appid, region_code, country_iso3) DO UPDATE SET
            player_count = EXCLUDED.player_count,
            share_percentage = EXCLUDED.share_percentage,
            peak_time_bkk = EXCLUDED.peak_time_bkk;
        , parameters: ('2026-09-04', 1623730, 'Palworld', 'EUROPE', 'ยุโรป', 'DEU', 'เยอรมนี', 1050, 5.83, '00:00 - 04:00 น.')
[2026-09-04T17:47:06.889+0000] {sql.py:562} INFO - Rows affected: 1
[2026-09-04T17:47:06.898+0000] {sql.py:553} INFO - Running statement: 
        INSERT INTO steam_game_regions (
            snapshot_date, appid, game_name, region_code, region_name,
            country_iso3, country_name, player_count, share_percentage, peak_time_bkk, created_at
        ) VALUES (
            %s, %s, %s, %s, %s,
            %s, %s, %s, %s, %s, NOW()
        ) ON CONFLICT (snapshot_date, appid, region_code, country_iso3) DO UPDATE SET
            player_count = EXCLUDED.player_count,
            share_percentage = EXCLUDED.share_percentage,
            peak_time_bkk = EXCLUDED.peak_time_bkk;
        , parameters: ('2026-09-04', 1623730, 'Palworld', 'EUROPE', 'ยุโรป', 'GBR', 'สหราชอาณาจักร', 700, 3.88, '01:00 - 05:00 น.')
[2026-09-04T17:47:06.900+0000] {sql.py:562} INFO - Rows affected: 1
[2026-09-04T17:47:06.908+0000] {sql.py:553} INFO - Running statement: 
        INSERT INTO steam_game_regions (
            snapshot_date, appid, game_name, region_code, region_name,
            country_iso3, country_name, player_count, share_percentage, peak_time_bkk, created_at
        ) VALUES (
            %s, %s, %s, %s, %s,
            %s, %s, %s, %s, %s, NOW()
        ) ON CONFLICT (snapshot_date, appid, region_code, country_iso3) DO UPDATE SET
            player_count = EXCLUDED.player_count,
            share_percentage = EXCLUDED.share_percentage,
            peak_time_bkk = EXCLUDED.peak_time_bkk;
        , parameters: ('2026-09-04', 1623730, 'Palworld', 'EUROPE', 'ยุโรป', 'FRA', 'ฝรั่งเศส', 525, 2.91, '00:00 - 04:00 น.')
[2026-09-04T17:47:06.910+0000] {sql.py:562} INFO - Rows affected: 1
[2026-09-04T17:47:06.917+0000] {sql.py:553} INFO - Running statement: 
        INSERT INTO steam_game_regions (
            snapshot_date, appid, game_name, region_code, region_name,
            country_iso3, country_name, player_count, share_percentage, peak_time_bkk, created_at
        ) VALUES (
            %s, %s, %s, %s, %s,
            %s, %s, %s, %s, %s, NOW()
        ) ON CONFLICT (snapshot_date, appid, region_code, country_iso3) DO UPDATE SET
            player_count = EXCLUDED.player_count,
            share_percentage = EXCLUDED.share_percentage,
            peak_time_bkk = EXCLUDED.peak_time_bkk;
        , parameters: ('2026-09-04', 1623730, 'Palworld', 'EUROPE', 'ยุโรป', 'POL', 'โปแลนด์', 525, 2.91, '00:00 - 04:00 น.')
[2026-09-04T17:47:06.918+0000] {sql.py:562} INFO - Rows affected: 1
[2026-09-04T17:47:06.925+0000] {sql.py:553} INFO - Running statement: 
        INSERT INTO steam_game_regions (
            snapshot_date, appid, game_name, region_code, region_name,
            country_iso3, country_name, player_count, share_percentage, peak_time_bkk, created_at
        ) VALUES (
            %s, %s, %s, %s, %s,
            %s, %s, %s, %s, %s, NOW()
        ) ON CONFLICT (snapshot_date, appid, region_code, country_iso3) DO UPDATE SET
            player_count = EXCLUDED.player_count,
            share_percentage = EXCLUDED.share_percentage,
            peak_time_bkk = EXCLUDED.peak_time_bkk;
        , parameters: ('2026-09-04', 1623730, 'Palworld', 'NORTH_AMERICA', 'อเมริกาเหนือ', 'USA', 'สหรัฐอเมริกา', 1925, 10.68, '07:00 - 11:00 น.')
[2026-09-04T17:47:06.926+0000] {sql.py:562} INFO - Rows affected: 1
[2026-09-04T17:47:06.932+0000] {sql.py:553} INFO - Running statement: 
        INSERT INTO steam_game_regions (
            snapshot_date, appid, game_name, region_code, region_name,
            country_iso3, country_name, player_count, share_percentage, peak_time_bkk, created_at
        ) VALUES (
            %s, %s, %s, %s, %s,
            %s, %s, %s, %s, %s, NOW()
        ) ON CONFLICT (snapshot_date, appid, region_code, country_iso3) DO UPDATE SET
            player_count = EXCLUDED.player_count,
            share_percentage = EXCLUDED.share_percentage,
            peak_time_bkk = EXCLUDED.peak_time_bkk;
        , parameters: ('2026-09-04', 1623730, 'Palworld', 'NORTH_AMERICA', 'อเมริกาเหนือ', 'CAN', 'แคนาดา', 350, 1.94, '07:00 - 11:00 น.')
[2026-09-04T17:47:06.934+0000] {sql.py:562} INFO - Rows affected: 1
[2026-09-04T17:47:06.941+0000] {sql.py:553} INFO - Running statement: 
        INSERT INTO steam_game_regions (
            snapshot_date, appid, game_name, region_code, region_name,
            country_iso3, country_name, player_count, share_percentage, peak_time_bkk, created_at
        ) VALUES (
            %s, %s, %s, %s, %s,
            %s, %s, %s, %s, %s, NOW()
        ) ON CONFLICT (snapshot_date, appid, region_code, country_iso3) DO UPDATE SET
            player_count = EXCLUDED.player_count,
            share_percentage = EXCLUDED.share_percentage,
            peak_time_bkk = EXCLUDED.peak_time_bkk;
        , parameters: ('2026-09-04', 1623730, 'Palworld', 'LATIN_AMERICA', 'ลาตินอเมริกา', 'BRA', 'บราซิล', 700, 3.88, '05:00 - 09:00 น.')
[2026-09-04T17:47:06.942+0000] {sql.py:562} INFO - Rows affected: 1
[2026-09-04T17:47:06.950+0000] {sql.py:553} INFO - Running statement: 
        INSERT INTO steam_game_regions (
            snapshot_date, appid, game_name, region_code, region_name,
            country_iso3, country_name, player_count, share_percentage, peak_time_bkk, created_at
        ) VALUES (
            %s, %s, %s, %s, %s,
            %s, %s, %s, %s, %s, NOW()
        ) ON CONFLICT (snapshot_date, appid, region_code, country_iso3) DO UPDATE SET
            player_count = EXCLUDED.player_count,
            share_percentage = EXCLUDED.share_percentage,
            peak_time_bkk = EXCLUDED.peak_time_bkk;
        , parameters: ('2026-09-04', 1623730, 'Palworld', 'LATIN_AMERICA', 'ลาตินอเมริกา', 'ARG', 'อาร์เจนตินา', 263, 1.46, '05:00 - 09:00 น.')
[2026-09-04T17:47:06.952+0000] {sql.py:562} INFO - Rows affected: 1
[2026-09-04T17:47:06.958+0000] {sql.py:553} INFO - Running statement: 
        INSERT INTO steam_game_regions (
            snapshot_date, appid, game_name, region_code, region_name,
            country_iso3, country_name, player_count, share_percentage, peak_time_bkk, created_at
        ) VALUES (
            %s, %s, %s, %s, %s,
            %s, %s, %s, %s, %s, NOW()
        ) ON CONFLICT (snapshot_date, appid, region_code, country_iso3) DO UPDATE SET
            player_count = EXCLUDED.player_count,
            share_percentage = EXCLUDED.share_percentage,
            peak_time_bkk = EXCLUDED.peak_time_bkk;
        , parameters: ('2026-09-04', 1623730, 'Palworld', 'OCEANIA', 'โอเชียเนีย', 'AUS', 'ออสเตรเลีย', 263, 1.46, '16:00 - 20:00 น.')
[2026-09-04T17:47:06.960+0000] {sql.py:562} INFO - Rows affected: 1
[2026-09-04T17:47:06.966+0000] {sql.py:553} INFO - Running statement: 
        INSERT INTO steam_game_regions (
            snapshot_date, appid, game_name, region_code, region_name,
            country_iso3, country_name, player_count, share_percentage, peak_time_bkk, created_at
        ) VALUES (
            %s, %s, %s, %s, %s,
            %s, %s, %s, %s, %s, NOW()
        ) ON CONFLICT (snapshot_date, appid, region_code, country_iso3) DO UPDATE SET
            player_count = EXCLUDED.player_count,
            share_percentage = EXCLUDED.share_percentage,
            peak_time_bkk = EXCLUDED.peak_time_bkk;
        , parameters: ('2026-09-04', 105600, 'Terraria', 'ASIA_EAST', 'เอเชียตะวันออก', 'CHN', 'จีน', 6682, 27.18, '19:00 - 23:00 น.')
[2026-09-04T17:47:06.968+0000] {sql.py:562} INFO - Rows affected: 1
[2026-09-04T17:47:06.974+0000] {sql.py:553} INFO - Running statement: 
        INSERT INTO steam_game_regions (
            snapshot_date, appid, game_name, region_code, region_name,
            country_iso3, country_name, player_count, share_percentage, peak_time_bkk, created_at
        ) VALUES (
            %s, %s, %s, %s, %s,
            %s, %s, %s, %s, %s, NOW()
        ) ON CONFLICT (snapshot_date, appid, region_code, country_iso3) DO UPDATE SET
            player_count = EXCLUDED.player_count,
            share_percentage = EXCLUDED.share_percentage,
            peak_time_bkk = EXCLUDED.peak_time_bkk;
        , parameters: ('2026-09-04', 105600, 'Terraria', 'ASIA_EAST', 'เอเชียตะวันออก', 'JPN', 'ญี่ปุ่น', 1193, 4.85, '19:00 - 23:00 น.')
[2026-09-04T17:47:06.976+0000] {sql.py:562} INFO - Rows affected: 1
[2026-09-04T17:47:06.983+0000] {sql.py:553} INFO - Running statement: 
        INSERT INTO steam_game_regions (
            snapshot_date, appid, game_name, region_code, region_name,
            country_iso3, country_name, player_count, share_percentage, peak_time_bkk, created_at
        ) VALUES (
            %s, %s, %s, %s, %s,
            %s, %s, %s, %s, %s, NOW()
        ) ON CONFLICT (snapshot_date, appid, region_code, country_iso3) DO UPDATE SET
            player_count = EXCLUDED.player_count,
            share_percentage = EXCLUDED.share_percentage,
            peak_time_bkk = EXCLUDED.peak_time_bkk;
        , parameters: ('2026-09-04', 105600, 'Terraria', 'ASIA_EAST', 'เอเชียตะวันออก', 'KOR', 'เกาหลีใต้', 955, 3.88, '19:00 - 23:00 น.')
[2026-09-04T17:47:06.985+0000] {sql.py:562} INFO - Rows affected: 1
[2026-09-04T17:47:06.991+0000] {sql.py:553} INFO - Running statement: 
        INSERT INTO steam_game_regions (
            snapshot_date, appid, game_name, region_code, region_name,
            country_iso3, country_name, player_count, share_percentage, peak_time_bkk, created_at
        ) VALUES (
            %s, %s, %s, %s, %s,
            %s, %s, %s, %s, %s, NOW()
        ) ON CONFLICT (snapshot_date, appid, region_code, country_iso3) DO UPDATE SET
            player_count = EXCLUDED.player_count,
            share_percentage = EXCLUDED.share_percentage,
            peak_time_bkk = EXCLUDED.peak_time_bkk;
        , parameters: ('2026-09-04', 105600, 'Terraria', 'ASIA_EAST', 'เอเชียตะวันออก', 'TWN', 'ไต้หวัน', 477, 1.94, '19:00 - 23:00 น.')
[2026-09-04T17:47:06.993+0000] {sql.py:562} INFO - Rows affected: 1
[2026-09-04T17:47:06.999+0000] {sql.py:553} INFO - Running statement: 
        INSERT INTO steam_game_regions (
            snapshot_date, appid, game_name, region_code, region_name,
            country_iso3, country_name, player_count, share_percentage, peak_time_bkk, created_at
        ) VALUES (
            %s, %s, %s, %s, %s,
            %s, %s, %s, %s, %s, NOW()
        ) ON CONFLICT (snapshot_date, appid, region_code, country_iso3) DO UPDATE SET
            player_count = EXCLUDED.player_count,
            share_percentage = EXCLUDED.share_percentage,
            peak_time_bkk = EXCLUDED.peak_time_bkk;
        , parameters: ('2026-09-04', 105600, 'Terraria', 'ASIA_SEA', 'เอเชียตะวันออกเฉียงใต้', 'THA', 'ประเทศไทย', 1074, 4.37, '20:00 - 00:00 น.')
[2026-09-04T17:47:07.001+0000] {sql.py:562} INFO - Rows affected: 1
[2026-09-04T17:47:07.007+0000] {sql.py:553} INFO - Running statement: 
        INSERT INTO steam_game_regions (
            snapshot_date, appid, game_name, region_code, region_name,
            country_iso3, country_name, player_count, share_percentage, peak_time_bkk, created_at
        ) VALUES (
            %s, %s, %s, %s, %s,
            %s, %s, %s, %s, %s, NOW()
        ) ON CONFLICT (snapshot_date, appid, region_code, country_iso3) DO UPDATE SET
            player_count = EXCLUDED.player_count,
            share_percentage = EXCLUDED.share_percentage,
            peak_time_bkk = EXCLUDED.peak_time_bkk;
        , parameters: ('2026-09-04', 105600, 'Terraria', 'ASIA_SEA', 'เอเชียตะวันออกเฉียงใต้', 'VNM', 'เวียดนาม', 835, 3.4, '20:00 - 00:00 น.')
[2026-09-04T17:47:07.009+0000] {sql.py:562} INFO - Rows affected: 1
[2026-09-04T17:47:07.016+0000] {sql.py:553} INFO - Running statement: 
        INSERT INTO steam_game_regions (
            snapshot_date, appid, game_name, region_code, region_name,
            country_iso3, country_name, player_count, share_percentage, peak_time_bkk, created_at
        ) VALUES (
            %s, %s, %s, %s, %s,
            %s, %s, %s, %s, %s, NOW()
        ) ON CONFLICT (snapshot_date, appid, region_code, country_iso3) DO UPDATE SET
            player_count = EXCLUDED.player_count,
            share_percentage = EXCLUDED.share_percentage,
            peak_time_bkk = EXCLUDED.peak_time_bkk;
        , parameters: ('2026-09-04', 105600, 'Terraria', 'ASIA_SEA', 'เอเชียตะวันออกเฉียงใต้', 'IDN', 'อินโดนีเซีย', 716, 2.91, '20:00 - 00:00 น.')
[2026-09-04T17:47:07.017+0000] {sql.py:562} INFO - Rows affected: 1
[2026-09-04T17:47:07.024+0000] {sql.py:553} INFO - Running statement: 
        INSERT INTO steam_game_regions (
            snapshot_date, appid, game_name, region_code, region_name,
            country_iso3, country_name, player_count, share_percentage, peak_time_bkk, created_at
        ) VALUES (
            %s, %s, %s, %s, %s,
            %s, %s, %s, %s, %s, NOW()
        ) ON CONFLICT (snapshot_date, appid, region_code, country_iso3) DO UPDATE SET
            player_count = EXCLUDED.player_count,
            share_percentage = EXCLUDED.share_percentage,
            peak_time_bkk = EXCLUDED.peak_time_bkk;
        , parameters: ('2026-09-04', 105600, 'Terraria', 'ASIA_SEA', 'เอเชียตะวันออกเฉียงใต้', 'PHL', 'ฟิลิปปินส์', 597, 2.43, '20:00 - 00:00 น.')
[2026-09-04T17:47:07.025+0000] {sql.py:562} INFO - Rows affected: 1
[2026-09-04T17:47:07.032+0000] {sql.py:553} INFO - Running statement: 
        INSERT INTO steam_game_regions (
            snapshot_date, appid, game_name, region_code, region_name,
            country_iso3, country_name, player_count, share_percentage, peak_time_bkk, created_at
        ) VALUES (
            %s, %s, %s, %s, %s,
            %s, %s, %s, %s, %s, NOW()
        ) ON CONFLICT (snapshot_date, appid, region_code, country_iso3) DO UPDATE SET
            player_count = EXCLUDED.player_count,
            share_percentage = EXCLUDED.share_percentage,
            peak_time_bkk = EXCLUDED.peak_time_bkk;
        , parameters: ('2026-09-04', 105600, 'Terraria', 'ASIA_SEA', 'เอเชียตะวันออกเฉียงใต้', 'MYS', 'มาเลเซีย', 358, 1.46, '20:00 - 00:00 น.')
[2026-09-04T17:47:07.034+0000] {sql.py:562} INFO - Rows affected: 1
[2026-09-04T17:47:07.040+0000] {sql.py:553} INFO - Running statement: 
        INSERT INTO steam_game_regions (
            snapshot_date, appid, game_name, region_code, region_name,
            country_iso3, country_name, player_count, share_percentage, peak_time_bkk, created_at
        ) VALUES (
            %s, %s, %s, %s, %s,
            %s, %s, %s, %s, %s, NOW()
        ) ON CONFLICT (snapshot_date, appid, region_code, country_iso3) DO UPDATE SET
            player_count = EXCLUDED.player_count,
            share_percentage = EXCLUDED.share_percentage,
            peak_time_bkk = EXCLUDED.peak_time_bkk;
        , parameters: ('2026-09-04', 105600, 'Terraria', 'ASIA_SEA', 'เอเชียตะวันออกเฉียงใต้', 'SGP', 'สิงคโปร์', 239, 0.97, '20:00 - 00:00 น.')
[2026-09-04T17:47:07.042+0000] {sql.py:562} INFO - Rows affected: 1
[2026-09-04T17:47:07.048+0000] {sql.py:553} INFO - Running statement: 
        INSERT INTO steam_game_regions (
            snapshot_date, appid, game_name, region_code, region_name,
            country_iso3, country_name, player_count, share_percentage, peak_time_bkk, created_at
        ) VALUES (
            %s, %s, %s, %s, %s,
            %s, %s, %s, %s, %s, NOW()
        ) ON CONFLICT (snapshot_date, appid, region_code, country_iso3) DO UPDATE SET
            player_count = EXCLUDED.player_count,
            share_percentage = EXCLUDED.share_percentage,
            peak_time_bkk = EXCLUDED.peak_time_bkk;
        , parameters: ('2026-09-04', 105600, 'Terraria', 'EUROPE', 'ยุโรป', 'RUS', 'รัสเซีย', 2864, 11.65, '22:00 - 02:00 น.')
[2026-09-04T17:47:07.050+0000] {sql.py:562} INFO - Rows affected: 1
[2026-09-04T17:47:07.056+0000] {sql.py:553} INFO - Running statement: 
        INSERT INTO steam_game_regions (
            snapshot_date, appid, game_name, region_code, region_name,
            country_iso3, country_name, player_count, share_percentage, peak_time_bkk, created_at
        ) VALUES (
            %s, %s, %s, %s, %s,
            %s, %s, %s, %s, %s, NOW()
        ) ON CONFLICT (snapshot_date, appid, region_code, country_iso3) DO UPDATE SET
            player_count = EXCLUDED.player_count,
            share_percentage = EXCLUDED.share_percentage,
            peak_time_bkk = EXCLUDED.peak_time_bkk;
        , parameters: ('2026-09-04', 105600, 'Terraria', 'EUROPE', 'ยุโรป', 'DEU', 'เยอรมนี', 1432, 5.83, '00:00 - 04:00 น.')
[2026-09-04T17:47:07.058+0000] {sql.py:562} INFO - Rows affected: 1
[2026-09-04T17:47:07.064+0000] {sql.py:553} INFO - Running statement: 
        INSERT INTO steam_game_regions (
            snapshot_date, appid, game_name, region_code, region_name,
            country_iso3, country_name, player_count, share_percentage, peak_time_bkk, created_at
        ) VALUES (
            %s, %s, %s, %s, %s,
            %s, %s, %s, %s, %s, NOW()
        ) ON CONFLICT (snapshot_date, appid, region_code, country_iso3) DO UPDATE SET
            player_count = EXCLUDED.player_count,
            share_percentage = EXCLUDED.share_percentage,
            peak_time_bkk = EXCLUDED.peak_time_bkk;
        , parameters: ('2026-09-04', 105600, 'Terraria', 'EUROPE', 'ยุโรป', 'GBR', 'สหราชอาณาจักร', 955, 3.88, '01:00 - 05:00 น.')
[2026-09-04T17:47:07.066+0000] {sql.py:562} INFO - Rows affected: 1
[2026-09-04T17:47:07.072+0000] {sql.py:553} INFO - Running statement: 
        INSERT INTO steam_game_regions (
            snapshot_date, appid, game_name, region_code, region_name,
            country_iso3, country_name, player_count, share_percentage, peak_time_bkk, created_at
        ) VALUES (
            %s, %s, %s, %s, %s,
            %s, %s, %s, %s, %s, NOW()
        ) ON CONFLICT (snapshot_date, appid, region_code, country_iso3) DO UPDATE SET
            player_count = EXCLUDED.player_count,
            share_percentage = EXCLUDED.share_percentage,
            peak_time_bkk = EXCLUDED.peak_time_bkk;
        , parameters: ('2026-09-04', 105600, 'Terraria', 'EUROPE', 'ยุโรป', 'FRA', 'ฝรั่งเศส', 716, 2.91, '00:00 - 04:00 น.')
[2026-09-04T17:47:07.074+0000] {sql.py:562} INFO - Rows affected: 1
[2026-09-04T17:47:07.080+0000] {sql.py:553} INFO - Running statement: 
        INSERT INTO steam_game_regions (
            snapshot_date, appid, game_name, region_code, region_name,
            country_iso3, country_name, player_count, share_percentage, peak_time_bkk, created_at
        ) VALUES (
            %s, %s, %s, %s, %s,
            %s, %s, %s, %s, %s, NOW()
        ) ON CONFLICT (snapshot_date, appid, region_code, country_iso3) DO UPDATE SET
            player_count = EXCLUDED.player_count,
            share_percentage = EXCLUDED.share_percentage,
            peak_time_bkk = EXCLUDED.peak_time_bkk;
        , parameters: ('2026-09-04', 105600, 'Terraria', 'EUROPE', 'ยุโรป', 'POL', 'โปแลนด์', 716, 2.91, '00:00 - 04:00 น.')
[2026-09-04T17:47:07.082+0000] {sql.py:562} INFO - Rows affected: 1
[2026-09-04T17:47:07.089+0000] {sql.py:553} INFO - Running statement: 
        INSERT INTO steam_game_regions (
            snapshot_date, appid, game_name, region_code, region_name,
            country_iso3, country_name, player_count, share_percentage, peak_time_bkk, created_at
        ) VALUES (
            %s, %s, %s, %s, %s,
            %s, %s, %s, %s, %s, NOW()
        ) ON CONFLICT (snapshot_date, appid, region_code, country_iso3) DO UPDATE SET
            player_count = EXCLUDED.player_count,
            share_percentage = EXCLUDED.share_percentage,
            peak_time_bkk = EXCLUDED.peak_time_bkk;
        , parameters: ('2026-09-04', 105600, 'Terraria', 'NORTH_AMERICA', 'อเมริกาเหนือ', 'USA', 'สหรัฐอเมริกา', 2625, 10.68, '07:00 - 11:00 น.')
[2026-09-04T17:47:07.090+0000] {sql.py:562} INFO - Rows affected: 1
[2026-09-04T17:47:07.097+0000] {sql.py:553} INFO - Running statement: 
        INSERT INTO steam_game_regions (
            snapshot_date, appid, game_name, region_code, region_name,
            country_iso3, country_name, player_count, share_percentage, peak_time_bkk, created_at
        ) VALUES (
            %s, %s, %s, %s, %s,
            %s, %s, %s, %s, %s, NOW()
        ) ON CONFLICT (snapshot_date, appid, region_code, country_iso3) DO UPDATE SET
            player_count = EXCLUDED.player_count,
            share_percentage = EXCLUDED.share_percentage,
            peak_time_bkk = EXCLUDED.peak_time_bkk;
        , parameters: ('2026-09-04', 105600, 'Terraria', 'NORTH_AMERICA', 'อเมริกาเหนือ', 'CAN', 'แคนาดา', 477, 1.94, '07:00 - 11:00 น.')
[2026-09-04T17:47:07.098+0000] {sql.py:562} INFO - Rows affected: 1
[2026-09-04T17:47:07.106+0000] {sql.py:553} INFO - Running statement: 
        INSERT INTO steam_game_regions (
            snapshot_date, appid, game_name, region_code, region_name,
            country_iso3, country_name, player_count, share_percentage, peak_time_bkk, created_at
        ) VALUES (
            %s, %s, %s, %s, %s,
            %s, %s, %s, %s, %s, NOW()
        ) ON CONFLICT (snapshot_date, appid, region_code, country_iso3) DO UPDATE SET
            player_count = EXCLUDED.player_count,
            share_percentage = EXCLUDED.share_percentage,
            peak_time_bkk = EXCLUDED.peak_time_bkk;
        , parameters: ('2026-09-04', 105600, 'Terraria', 'LATIN_AMERICA', 'ลาตินอเมริกา', 'BRA', 'บราซิล', 955, 3.88, '05:00 - 09:00 น.')
[2026-09-04T17:47:07.108+0000] {sql.py:562} INFO - Rows affected: 1
[2026-09-04T17:47:07.116+0000] {sql.py:553} INFO - Running statement: 
        INSERT INTO steam_game_regions (
            snapshot_date, appid, game_name, region_code, region_name,
            country_iso3, country_name, player_count, share_percentage, peak_time_bkk, created_at
        ) VALUES (
            %s, %s, %s, %s, %s,
            %s, %s, %s, %s, %s, NOW()
        ) ON CONFLICT (snapshot_date, appid, region_code, country_iso3) DO UPDATE SET
            player_count = EXCLUDED.player_count,
            share_percentage = EXCLUDED.share_percentage,
            peak_time_bkk = EXCLUDED.peak_time_bkk;
        , parameters: ('2026-09-04', 105600, 'Terraria', 'LATIN_AMERICA', 'ลาตินอเมริกา', 'ARG', 'อาร์เจนตินา', 358, 1.46, '05:00 - 09:00 น.')
[2026-09-04T17:47:07.118+0000] {sql.py:562} INFO - Rows affected: 1
[2026-09-04T17:47:07.125+0000] {sql.py:553} INFO - Running statement: 
        INSERT INTO steam_game_regions (
            snapshot_date, appid, game_name, region_code, region_name,
            country_iso3, country_name, player_count, share_percentage, peak_time_bkk, created_at
        ) VALUES (
            %s, %s, %s, %s, %s,
            %s, %s, %s, %s, %s, NOW()
        ) ON CONFLICT (snapshot_date, appid, region_code, country_iso3) DO UPDATE SET
            player_count = EXCLUDED.player_count,
            share_percentage = EXCLUDED.share_percentage,
            peak_time_bkk = EXCLUDED.peak_time_bkk;
        , parameters: ('2026-09-04', 105600, 'Terraria', 'OCEANIA', 'โอเชียเนีย', 'AUS', 'ออสเตรเลีย', 358, 1.46, '16:00 - 20:00 น.')
[2026-09-04T17:47:07.127+0000] {sql.py:562} INFO - Rows affected: 1
[2026-09-04T17:47:07.135+0000] {sql.py:553} INFO - Running statement: 
        INSERT INTO steam_game_regions (
            snapshot_date, appid, game_name, region_code, region_name,
            country_iso3, country_name, player_count, share_percentage, peak_time_bkk, created_at
        ) VALUES (
            %s, %s, %s, %s, %s,
            %s, %s, %s, %s, %s, NOW()
        ) ON CONFLICT (snapshot_date, appid, region_code, country_iso3) DO UPDATE SET
            player_count = EXCLUDED.player_count,
            share_percentage = EXCLUDED.share_percentage,
            peak_time_bkk = EXCLUDED.peak_time_bkk;
        , parameters: ('2026-09-04', 440, 'Team Fortress 2', 'ASIA_EAST', 'เอเชียตะวันออก', 'CHN', 'จีน', 11912, 27.18, '19:00 - 23:00 น.')
[2026-09-04T17:47:07.136+0000] {sql.py:562} INFO - Rows affected: 1
[2026-09-04T17:47:07.143+0000] {sql.py:553} INFO - Running statement: 
        INSERT INTO steam_game_regions (
            snapshot_date, appid, game_name, region_code, region_name,
            country_iso3, country_name, player_count, share_percentage, peak_time_bkk, created_at
        ) VALUES (
            %s, %s, %s, %s, %s,
            %s, %s, %s, %s, %s, NOW()
        ) ON CONFLICT (snapshot_date, appid, region_code, country_iso3) DO UPDATE SET
            player_count = EXCLUDED.player_count,
            share_percentage = EXCLUDED.share_percentage,
            peak_time_bkk = EXCLUDED.peak_time_bkk;
        , parameters: ('2026-09-04', 440, 'Team Fortress 2', 'ASIA_EAST', 'เอเชียตะวันออก', 'JPN', 'ญี่ปุ่น', 2127, 4.85, '19:00 - 23:00 น.')
[2026-09-04T17:47:07.145+0000] {sql.py:562} INFO - Rows affected: 1
[2026-09-04T17:47:07.152+0000] {sql.py:553} INFO - Running statement: 
        INSERT INTO steam_game_regions (
            snapshot_date, appid, game_name, region_code, region_name,
            country_iso3, country_name, player_count, share_percentage, peak_time_bkk, created_at
        ) VALUES (
            %s, %s, %s, %s, %s,
            %s, %s, %s, %s, %s, NOW()
        ) ON CONFLICT (snapshot_date, appid, region_code, country_iso3) DO UPDATE SET
            player_count = EXCLUDED.player_count,
            share_percentage = EXCLUDED.share_percentage,
            peak_time_bkk = EXCLUDED.peak_time_bkk;
        , parameters: ('2026-09-04', 440, 'Team Fortress 2', 'ASIA_EAST', 'เอเชียตะวันออก', 'KOR', 'เกาหลีใต้', 1702, 3.88, '19:00 - 23:00 น.')
[2026-09-04T17:47:07.154+0000] {sql.py:562} INFO - Rows affected: 1
[2026-09-04T17:47:07.161+0000] {sql.py:553} INFO - Running statement: 
        INSERT INTO steam_game_regions (
            snapshot_date, appid, game_name, region_code, region_name,
            country_iso3, country_name, player_count, share_percentage, peak_time_bkk, created_at
        ) VALUES (
            %s, %s, %s, %s, %s,
            %s, %s, %s, %s, %s, NOW()
        ) ON CONFLICT (snapshot_date, appid, region_code, country_iso3) DO UPDATE SET
            player_count = EXCLUDED.player_count,
            share_percentage = EXCLUDED.share_percentage,
            peak_time_bkk = EXCLUDED.peak_time_bkk;
        , parameters: ('2026-09-04', 440, 'Team Fortress 2', 'ASIA_EAST', 'เอเชียตะวันออก', 'TWN', 'ไต้หวัน', 851, 1.94, '19:00 - 23:00 น.')
[2026-09-04T17:47:07.163+0000] {sql.py:562} INFO - Rows affected: 1
[2026-09-04T17:47:07.171+0000] {sql.py:553} INFO - Running statement: 
        INSERT INTO steam_game_regions (
            snapshot_date, appid, game_name, region_code, region_name,
            country_iso3, country_name, player_count, share_percentage, peak_time_bkk, created_at
        ) VALUES (
            %s, %s, %s, %s, %s,
            %s, %s, %s, %s, %s, NOW()
        ) ON CONFLICT (snapshot_date, appid, region_code, country_iso3) DO UPDATE SET
            player_count = EXCLUDED.player_count,
            share_percentage = EXCLUDED.share_percentage,
            peak_time_bkk = EXCLUDED.peak_time_bkk;
        , parameters: ('2026-09-04', 440, 'Team Fortress 2', 'ASIA_SEA', 'เอเชียตะวันออกเฉียงใต้', 'THA', 'ประเทศไทย', 1914, 4.37, '20:00 - 00:00 น.')
[2026-09-04T17:47:07.173+0000] {sql.py:562} INFO - Rows affected: 1
[2026-09-04T17:47:07.181+0000] {sql.py:553} INFO - Running statement: 
        INSERT INTO steam_game_regions (
            snapshot_date, appid, game_name, region_code, region_name,
            country_iso3, country_name, player_count, share_percentage, peak_time_bkk, created_at
        ) VALUES (
            %s, %s, %s, %s, %s,
            %s, %s, %s, %s, %s, NOW()
        ) ON CONFLICT (snapshot_date, appid, region_code, country_iso3) DO UPDATE SET
            player_count = EXCLUDED.player_count,
            share_percentage = EXCLUDED.share_percentage,
            peak_time_bkk = EXCLUDED.peak_time_bkk;
        , parameters: ('2026-09-04', 440, 'Team Fortress 2', 'ASIA_SEA', 'เอเชียตะวันออกเฉียงใต้', 'VNM', 'เวียดนาม', 1489, 3.4, '20:00 - 00:00 น.')
[2026-09-04T17:47:07.183+0000] {sql.py:562} INFO - Rows affected: 1
[2026-09-04T17:47:07.192+0000] {sql.py:553} INFO - Running statement: 
        INSERT INTO steam_game_regions (
            snapshot_date, appid, game_name, region_code, region_name,
            country_iso3, country_name, player_count, share_percentage, peak_time_bkk, created_at
        ) VALUES (
            %s, %s, %s, %s, %s,
            %s, %s, %s, %s, %s, NOW()
        ) ON CONFLICT (snapshot_date, appid, region_code, country_iso3) DO UPDATE SET
            player_count = EXCLUDED.player_count,
            share_percentage = EXCLUDED.share_percentage,
            peak_time_bkk = EXCLUDED.peak_time_bkk;
        , parameters: ('2026-09-04', 440, 'Team Fortress 2', 'ASIA_SEA', 'เอเชียตะวันออกเฉียงใต้', 'IDN', 'อินโดนีเซีย', 1276, 2.91, '20:00 - 00:00 น.')
[2026-09-04T17:47:07.194+0000] {sql.py:562} INFO - Rows affected: 1
[2026-09-04T17:47:07.202+0000] {sql.py:553} INFO - Running statement: 
        INSERT INTO steam_game_regions (
            snapshot_date, appid, game_name, region_code, region_name,
            country_iso3, country_name, player_count, share_percentage, peak_time_bkk, created_at
        ) VALUES (
            %s, %s, %s, %s, %s,
            %s, %s, %s, %s, %s, NOW()
        ) ON CONFLICT (snapshot_date, appid, region_code, country_iso3) DO UPDATE SET
            player_count = EXCLUDED.player_count,
            share_percentage = EXCLUDED.share_percentage,
            peak_time_bkk = EXCLUDED.peak_time_bkk;
        , parameters: ('2026-09-04', 440, 'Team Fortress 2', 'ASIA_SEA', 'เอเชียตะวันออกเฉียงใต้', 'PHL', 'ฟิลิปปินส์', 1064, 2.43, '20:00 - 00:00 น.')
[2026-09-04T17:47:07.204+0000] {sql.py:562} INFO - Rows affected: 1
[2026-09-04T17:47:07.211+0000] {sql.py:553} INFO - Running statement: 
        INSERT INTO steam_game_regions (
            snapshot_date, appid, game_name, region_code, region_name,
            country_iso3, country_name, player_count, share_percentage, peak_time_bkk, created_at
        ) VALUES (
            %s, %s, %s, %s, %s,
            %s, %s, %s, %s, %s, NOW()
        ) ON CONFLICT (snapshot_date, appid, region_code, country_iso3) DO UPDATE SET
            player_count = EXCLUDED.player_count,
            share_percentage = EXCLUDED.share_percentage,
            peak_time_bkk = EXCLUDED.peak_time_bkk;
        , parameters: ('2026-09-04', 440, 'Team Fortress 2', 'ASIA_SEA', 'เอเชียตะวันออกเฉียงใต้', 'MYS', 'มาเลเซีย', 638, 1.46, '20:00 - 00:00 น.')
[2026-09-04T17:47:07.213+0000] {sql.py:562} INFO - Rows affected: 1
[2026-09-04T17:47:07.220+0000] {sql.py:553} INFO - Running statement: 
        INSERT INTO steam_game_regions (
            snapshot_date, appid, game_name, region_code, region_name,
            country_iso3, country_name, player_count, share_percentage, peak_time_bkk, created_at
        ) VALUES (
            %s, %s, %s, %s, %s,
            %s, %s, %s, %s, %s, NOW()
        ) ON CONFLICT (snapshot_date, appid, region_code, country_iso3) DO UPDATE SET
            player_count = EXCLUDED.player_count,
            share_percentage = EXCLUDED.share_percentage,
            peak_time_bkk = EXCLUDED.peak_time_bkk;
        , parameters: ('2026-09-04', 440, 'Team Fortress 2', 'ASIA_SEA', 'เอเชียตะวันออกเฉียงใต้', 'SGP', 'สิงคโปร์', 425, 0.97, '20:00 - 00:00 น.')
[2026-09-04T17:47:07.222+0000] {sql.py:562} INFO - Rows affected: 1
[2026-09-04T17:47:07.230+0000] {sql.py:553} INFO - Running statement: 
        INSERT INTO steam_game_regions (
            snapshot_date, appid, game_name, region_code, region_name,
            country_iso3, country_name, player_count, share_percentage, peak_time_bkk, created_at
        ) VALUES (
            %s, %s, %s, %s, %s,
            %s, %s, %s, %s, %s, NOW()
        ) ON CONFLICT (snapshot_date, appid, region_code, country_iso3) DO UPDATE SET
            player_count = EXCLUDED.player_count,
            share_percentage = EXCLUDED.share_percentage,
            peak_time_bkk = EXCLUDED.peak_time_bkk;
        , parameters: ('2026-09-04', 440, 'Team Fortress 2', 'EUROPE', 'ยุโรป', 'RUS', 'รัสเซีย', 5105, 11.65, '22:00 - 02:00 น.')
[2026-09-04T17:47:07.232+0000] {sql.py:562} INFO - Rows affected: 1
[2026-09-04T17:47:07.240+0000] {sql.py:553} INFO - Running statement: 
        INSERT INTO steam_game_regions (
            snapshot_date, appid, game_name, region_code, region_name,
            country_iso3, country_name, player_count, share_percentage, peak_time_bkk, created_at
        ) VALUES (
            %s, %s, %s, %s, %s,
            %s, %s, %s, %s, %s, NOW()
        ) ON CONFLICT (snapshot_date, appid, region_code, country_iso3) DO UPDATE SET
            player_count = EXCLUDED.player_count,
            share_percentage = EXCLUDED.share_percentage,
            peak_time_bkk = EXCLUDED.peak_time_bkk;
        , parameters: ('2026-09-04', 440, 'Team Fortress 2', 'EUROPE', 'ยุโรป', 'DEU', 'เยอรมนี', 2553, 5.83, '00:00 - 04:00 น.')
[2026-09-04T17:47:07.241+0000] {sql.py:562} INFO - Rows affected: 1
[2026-09-04T17:47:07.249+0000] {sql.py:553} INFO - Running statement: 
        INSERT INTO steam_game_regions (
            snapshot_date, appid, game_name, region_code, region_name,
            country_iso3, country_name, player_count, share_percentage, peak_time_bkk, created_at
        ) VALUES (
            %s, %s, %s, %s, %s,
            %s, %s, %s, %s, %s, NOW()
        ) ON CONFLICT (snapshot_date, appid, region_code, country_iso3) DO UPDATE SET
            player_count = EXCLUDED.player_count,
            share_percentage = EXCLUDED.share_percentage,
            peak_time_bkk = EXCLUDED.peak_time_bkk;
        , parameters: ('2026-09-04', 440, 'Team Fortress 2', 'EUROPE', 'ยุโรป', 'GBR', 'สหราชอาณาจักร', 1702, 3.88, '01:00 - 05:00 น.')
[2026-09-04T17:47:07.251+0000] {sql.py:562} INFO - Rows affected: 1
[2026-09-04T17:47:07.257+0000] {sql.py:553} INFO - Running statement: 
        INSERT INTO steam_game_regions (
            snapshot_date, appid, game_name, region_code, region_name,
            country_iso3, country_name, player_count, share_percentage, peak_time_bkk, created_at
        ) VALUES (
            %s, %s, %s, %s, %s,
            %s, %s, %s, %s, %s, NOW()
        ) ON CONFLICT (snapshot_date, appid, region_code, country_iso3) DO UPDATE SET
            player_count = EXCLUDED.player_count,
            share_percentage = EXCLUDED.share_percentage,
            peak_time_bkk = EXCLUDED.peak_time_bkk;
        , parameters: ('2026-09-04', 440, 'Team Fortress 2', 'EUROPE', 'ยุโรป', 'FRA', 'ฝรั่งเศส', 1276, 2.91, '00:00 - 04:00 น.')
[2026-09-04T17:47:07.259+0000] {sql.py:562} INFO - Rows affected: 1
[2026-09-04T17:47:07.266+0000] {sql.py:553} INFO - Running statement: 
        INSERT INTO steam_game_regions (
            snapshot_date, appid, game_name, region_code, region_name,
            country_iso3, country_name, player_count, share_percentage, peak_time_bkk, created_at
        ) VALUES (
            %s, %s, %s, %s, %s,
            %s, %s, %s, %s, %s, NOW()
        ) ON CONFLICT (snapshot_date, appid, region_code, country_iso3) DO UPDATE SET
            player_count = EXCLUDED.player_count,
            share_percentage = EXCLUDED.share_percentage,
            peak_time_bkk = EXCLUDED.peak_time_bkk;
        , parameters: ('2026-09-04', 440, 'Team Fortress 2', 'EUROPE', 'ยุโรป', 'POL', 'โปแลนด์', 1276, 2.91, '00:00 - 04:00 น.')
[2026-09-04T17:47:07.268+0000] {sql.py:562} INFO - Rows affected: 1
[2026-09-04T17:47:07.275+0000] {sql.py:553} INFO - Running statement: 
        INSERT INTO steam_game_regions (
            snapshot_date, appid, game_name, region_code, region_name,
            country_iso3, country_name, player_count, share_percentage, peak_time_bkk, created_at
        ) VALUES (
            %s, %s, %s, %s, %s,
            %s, %s, %s, %s, %s, NOW()
        ) ON CONFLICT (snapshot_date, appid, region_code, country_iso3) DO UPDATE SET
            player_count = EXCLUDED.player_count,
            share_percentage = EXCLUDED.share_percentage,
            peak_time_bkk = EXCLUDED.peak_time_bkk;
        , parameters: ('2026-09-04', 440, 'Team Fortress 2', 'NORTH_AMERICA', 'อเมริกาเหนือ', 'USA', 'สหรัฐอเมริกา', 4680, 10.68, '07:00 - 11:00 น.')
[2026-09-04T17:47:07.278+0000] {sql.py:562} INFO - Rows affected: 1
[2026-09-04T17:47:07.285+0000] {sql.py:553} INFO - Running statement: 
        INSERT INTO steam_game_regions (
            snapshot_date, appid, game_name, region_code, region_name,
            country_iso3, country_name, player_count, share_percentage, peak_time_bkk, created_at
        ) VALUES (
            %s, %s, %s, %s, %s,
            %s, %s, %s, %s, %s, NOW()
        ) ON CONFLICT (snapshot_date, appid, region_code, country_iso3) DO UPDATE SET
            player_count = EXCLUDED.player_count,
            share_percentage = EXCLUDED.share_percentage,
            peak_time_bkk = EXCLUDED.peak_time_bkk;
        , parameters: ('2026-09-04', 440, 'Team Fortress 2', 'NORTH_AMERICA', 'อเมริกาเหนือ', 'CAN', 'แคนาดา', 851, 1.94, '07:00 - 11:00 น.')
[2026-09-04T17:47:07.287+0000] {sql.py:562} INFO - Rows affected: 1
[2026-09-04T17:47:07.295+0000] {sql.py:553} INFO - Running statement: 
        INSERT INTO steam_game_regions (
            snapshot_date, appid, game_name, region_code, region_name,
            country_iso3, country_name, player_count, share_percentage, peak_time_bkk, created_at
        ) VALUES (
            %s, %s, %s, %s, %s,
            %s, %s, %s, %s, %s, NOW()
        ) ON CONFLICT (snapshot_date, appid, region_code, country_iso3) DO UPDATE SET
            player_count = EXCLUDED.player_count,
            share_percentage = EXCLUDED.share_percentage,
            peak_time_bkk = EXCLUDED.peak_time_bkk;
        , parameters: ('2026-09-04', 440, 'Team Fortress 2', 'LATIN_AMERICA', 'ลาตินอเมริกา', 'BRA', 'บราซิล', 1702, 3.88, '05:00 - 09:00 น.')
[2026-09-04T17:47:07.297+0000] {sql.py:562} INFO - Rows affected: 1
[2026-09-04T17:47:07.304+0000] {sql.py:553} INFO - Running statement: 
        INSERT INTO steam_game_regions (
            snapshot_date, appid, game_name, region_code, region_name,
            country_iso3, country_name, player_count, share_percentage, peak_time_bkk, created_at
        ) VALUES (
            %s, %s, %s, %s, %s,
            %s, %s, %s, %s, %s, NOW()
        ) ON CONFLICT (snapshot_date, appid, region_code, country_iso3) DO UPDATE SET
            player_count = EXCLUDED.player_count,
            share_percentage = EXCLUDED.share_percentage,
            peak_time_bkk = EXCLUDED.peak_time_bkk;
        , parameters: ('2026-09-04', 440, 'Team Fortress 2', 'LATIN_AMERICA', 'ลาตินอเมริกา', 'ARG', 'อาร์เจนตินา', 638, 1.46, '05:00 - 09:00 น.')
[2026-09-04T17:47:07.306+0000] {sql.py:562} INFO - Rows affected: 1
[2026-09-04T17:47:07.313+0000] {sql.py:553} INFO - Running statement: 
        INSERT INTO steam_game_regions (
            snapshot_date, appid, game_name, region_code, region_name,
            country_iso3, country_name, player_count, share_percentage, peak_time_bkk, created_at
        ) VALUES (
            %s, %s, %s, %s, %s,
            %s, %s, %s, %s, %s, NOW()
        ) ON CONFLICT (snapshot_date, appid, region_code, country_iso3) DO UPDATE SET
            player_count = EXCLUDED.player_count,
            share_percentage = EXCLUDED.share_percentage,
            peak_time_bkk = EXCLUDED.peak_time_bkk;
        , parameters: ('2026-09-04', 440, 'Team Fortress 2', 'OCEANIA', 'โอเชียเนีย', 'AUS', 'ออสเตรเลีย', 638, 1.46, '16:00 - 20:00 น.')
[2026-09-04T17:47:07.315+0000] {sql.py:562} INFO - Rows affected: 1
[2026-09-04T17:47:07.322+0000] {sql.py:553} INFO - Running statement: 
        INSERT INTO steam_game_regions (
            snapshot_date, appid, game_name, region_code, region_name,
            country_iso3, country_name, player_count, share_percentage, peak_time_bkk, created_at
        ) VALUES (
            %s, %s, %s, %s, %s,
            %s, %s, %s, %s, %s, NOW()
        ) ON CONFLICT (snapshot_date, appid, region_code, country_iso3) DO UPDATE SET
            player_count = EXCLUDED.player_count,
            share_percentage = EXCLUDED.share_percentage,
            peak_time_bkk = EXCLUDED.peak_time_bkk;
        , parameters: ('2026-09-04', 271590, 'Grand Theft Auto V Legacy', 'ASIA_EAST', 'เอเชียตะวันออก', 'CHN', 'จีน', 12234, 18.03, '19:00 - 23:00 น.')
[2026-09-04T17:47:07.324+0000] {sql.py:562} INFO - Rows affected: 1
[2026-09-04T17:47:07.330+0000] {sql.py:553} INFO - Running statement: 
        INSERT INTO steam_game_regions (
            snapshot_date, appid, game_name, region_code, region_name,
            country_iso3, country_name, player_count, share_percentage, peak_time_bkk, created_at
        ) VALUES (
            %s, %s, %s, %s, %s,
            %s, %s, %s, %s, %s, NOW()
        ) ON CONFLICT (snapshot_date, appid, region_code, country_iso3) DO UPDATE SET
            player_count = EXCLUDED.player_count,
            share_percentage = EXCLUDED.share_percentage,
            peak_time_bkk = EXCLUDED.peak_time_bkk;
        , parameters: ('2026-09-04', 271590, 'Grand Theft Auto V Legacy', 'ASIA_EAST', 'เอเชียตะวันออก', 'JPN', 'ญี่ปุ่น', 3121, 4.6, '19:00 - 23:00 น.')
[2026-09-04T17:47:07.333+0000] {sql.py:562} INFO - Rows affected: 1
[2026-09-04T17:47:07.340+0000] {sql.py:553} INFO - Running statement: 
        INSERT INTO steam_game_regions (
            snapshot_date, appid, game_name, region_code, region_name,
            country_iso3, country_name, player_count, share_percentage, peak_time_bkk, created_at
        ) VALUES (
            %s, %s, %s, %s, %s,
            %s, %s, %s, %s, %s, NOW()
        ) ON CONFLICT (snapshot_date, appid, region_code, country_iso3) DO UPDATE SET
            player_count = EXCLUDED.player_count,
            share_percentage = EXCLUDED.share_percentage,
            peak_time_bkk = EXCLUDED.peak_time_bkk;
        , parameters: ('2026-09-04', 271590, 'Grand Theft Auto V Legacy', 'ASIA_EAST', 'เอเชียตะวันออก', 'KOR', 'เกาหลีใต้', 2497, 3.68, '19:00 - 23:00 น.')
[2026-09-04T17:47:07.342+0000] {sql.py:562} INFO - Rows affected: 1
[2026-09-04T17:47:07.348+0000] {sql.py:553} INFO - Running statement: 
        INSERT INTO steam_game_regions (
            snapshot_date, appid, game_name, region_code, region_name,
            country_iso3, country_name, player_count, share_percentage, peak_time_bkk, created_at
        ) VALUES (
            %s, %s, %s, %s, %s,
            %s, %s, %s, %s, %s, NOW()
        ) ON CONFLICT (snapshot_date, appid, region_code, country_iso3) DO UPDATE SET
            player_count = EXCLUDED.player_count,
            share_percentage = EXCLUDED.share_percentage,
            peak_time_bkk = EXCLUDED.peak_time_bkk;
        , parameters: ('2026-09-04', 271590, 'Grand Theft Auto V Legacy', 'ASIA_EAST', 'เอเชียตะวันออก', 'TWN', 'ไต้หวัน', 1248, 1.84, '19:00 - 23:00 น.')
[2026-09-04T17:47:07.350+0000] {sql.py:562} INFO - Rows affected: 1
[2026-09-04T17:47:07.357+0000] {sql.py:553} INFO - Running statement: 
        INSERT INTO steam_game_regions (
            snapshot_date, appid, game_name, region_code, region_name,
            country_iso3, country_name, player_count, share_percentage, peak_time_bkk, created_at
        ) VALUES (
            %s, %s, %s, %s, %s,
            %s, %s, %s, %s, %s, NOW()
        ) ON CONFLICT (snapshot_date, appid, region_code, country_iso3) DO UPDATE SET
            player_count = EXCLUDED.player_count,
            share_percentage = EXCLUDED.share_percentage,
            peak_time_bkk = EXCLUDED.peak_time_bkk;
        , parameters: ('2026-09-04', 271590, 'Grand Theft Auto V Legacy', 'ASIA_SEA', 'เอเชียตะวันออกเฉียงใต้', 'THA', 'ประเทศไทย', 3371, 4.97, '20:00 - 00:00 น.')
[2026-09-04T17:47:07.359+0000] {sql.py:562} INFO - Rows affected: 1
[2026-09-04T17:47:07.365+0000] {sql.py:553} INFO - Running statement: 
        INSERT INTO steam_game_regions (
            snapshot_date, appid, game_name, region_code, region_name,
            country_iso3, country_name, player_count, share_percentage, peak_time_bkk, created_at
        ) VALUES (
            %s, %s, %s, %s, %s,
            %s, %s, %s, %s, %s, NOW()
        ) ON CONFLICT (snapshot_date, appid, region_code, country_iso3) DO UPDATE SET
            player_count = EXCLUDED.player_count,
            share_percentage = EXCLUDED.share_percentage,
            peak_time_bkk = EXCLUDED.peak_time_bkk;
        , parameters: ('2026-09-04', 271590, 'Grand Theft Auto V Legacy', 'ASIA_SEA', 'เอเชียตะวันออกเฉียงใต้', 'VNM', 'เวียดนาม', 2185, 3.22, '20:00 - 00:00 น.')
[2026-09-04T17:47:07.367+0000] {sql.py:562} INFO - Rows affected: 1
[2026-09-04T17:47:07.373+0000] {sql.py:553} INFO - Running statement: 
        INSERT INTO steam_game_regions (
            snapshot_date, appid, game_name, region_code, region_name,
            country_iso3, country_name, player_count, share_percentage, peak_time_bkk, created_at
        ) VALUES (
            %s, %s, %s, %s, %s,
            %s, %s, %s, %s, %s, NOW()
        ) ON CONFLICT (snapshot_date, appid, region_code, country_iso3) DO UPDATE SET
            player_count = EXCLUDED.player_count,
            share_percentage = EXCLUDED.share_percentage,
            peak_time_bkk = EXCLUDED.peak_time_bkk;
        , parameters: ('2026-09-04', 271590, 'Grand Theft Auto V Legacy', 'ASIA_SEA', 'เอเชียตะวันออกเฉียงใต้', 'IDN', 'อินโดนีเซีย', 1873, 2.76, '20:00 - 00:00 น.')
[2026-09-04T17:47:07.375+0000] {sql.py:562} INFO - Rows affected: 1
[2026-09-04T17:47:07.381+0000] {sql.py:553} INFO - Running statement: 
        INSERT INTO steam_game_regions (
            snapshot_date, appid, game_name, region_code, region_name,
            country_iso3, country_name, player_count, share_percentage, peak_time_bkk, created_at
        ) VALUES (
            %s, %s, %s, %s, %s,
            %s, %s, %s, %s, %s, NOW()
        ) ON CONFLICT (snapshot_date, appid, region_code, country_iso3) DO UPDATE SET
            player_count = EXCLUDED.player_count,
            share_percentage = EXCLUDED.share_percentage,
            peak_time_bkk = EXCLUDED.peak_time_bkk;
        , parameters: ('2026-09-04', 271590, 'Grand Theft Auto V Legacy', 'ASIA_SEA', 'เอเชียตะวันออกเฉียงใต้', 'PHL', 'ฟิลิปปินส์', 1561, 2.3, '20:00 - 00:00 น.')
[2026-09-04T17:47:07.383+0000] {sql.py:562} INFO - Rows affected: 1
[2026-09-04T17:47:07.389+0000] {sql.py:553} INFO - Running statement: 
        INSERT INTO steam_game_regions (
            snapshot_date, appid, game_name, region_code, region_name,
            country_iso3, country_name, player_count, share_percentage, peak_time_bkk, created_at
        ) VALUES (
            %s, %s, %s, %s, %s,
            %s, %s, %s, %s, %s, NOW()
        ) ON CONFLICT (snapshot_date, appid, region_code, country_iso3) DO UPDATE SET
            player_count = EXCLUDED.player_count,
            share_percentage = EXCLUDED.share_percentage,
            peak_time_bkk = EXCLUDED.peak_time_bkk;
        , parameters: ('2026-09-04', 271590, 'Grand Theft Auto V Legacy', 'ASIA_SEA', 'เอเชียตะวันออกเฉียงใต้', 'MYS', 'มาเลเซีย', 936, 1.38, '20:00 - 00:00 น.')
[2026-09-04T17:47:07.391+0000] {sql.py:562} INFO - Rows affected: 1
[2026-09-04T17:47:07.397+0000] {sql.py:553} INFO - Running statement: 
        INSERT INTO steam_game_regions (
            snapshot_date, appid, game_name, region_code, region_name,
            country_iso3, country_name, player_count, share_percentage, peak_time_bkk, created_at
        ) VALUES (
            %s, %s, %s, %s, %s,
            %s, %s, %s, %s, %s, NOW()
        ) ON CONFLICT (snapshot_date, appid, region_code, country_iso3) DO UPDATE SET
            player_count = EXCLUDED.player_count,
            share_percentage = EXCLUDED.share_percentage,
            peak_time_bkk = EXCLUDED.peak_time_bkk;
        , parameters: ('2026-09-04', 271590, 'Grand Theft Auto V Legacy', 'ASIA_SEA', 'เอเชียตะวันออกเฉียงใต้', 'SGP', 'สิงคโปร์', 624, 0.92, '20:00 - 00:00 น.')
[2026-09-04T17:47:07.399+0000] {sql.py:562} INFO - Rows affected: 1
[2026-09-04T17:47:07.405+0000] {sql.py:553} INFO - Running statement: 
        INSERT INTO steam_game_regions (
            snapshot_date, appid, game_name, region_code, region_name,
            country_iso3, country_name, player_count, share_percentage, peak_time_bkk, created_at
        ) VALUES (
            %s, %s, %s, %s, %s,
            %s, %s, %s, %s, %s, NOW()
        ) ON CONFLICT (snapshot_date, appid, region_code, country_iso3) DO UPDATE SET
            player_count = EXCLUDED.player_count,
            share_percentage = EXCLUDED.share_percentage,
            peak_time_bkk = EXCLUDED.peak_time_bkk;
        , parameters: ('2026-09-04', 271590, 'Grand Theft Auto V Legacy', 'EUROPE', 'ยุโรป', 'RUS', 'รัสเซีย', 7490, 11.04, '22:00 - 02:00 น.')
[2026-09-04T17:47:07.407+0000] {sql.py:562} INFO - Rows affected: 1
[2026-09-04T17:47:07.414+0000] {sql.py:553} INFO - Running statement: 
        INSERT INTO steam_game_regions (
            snapshot_date, appid, game_name, region_code, region_name,
            country_iso3, country_name, player_count, share_percentage, peak_time_bkk, created_at
        ) VALUES (
            %s, %s, %s, %s, %s,
            %s, %s, %s, %s, %s, NOW()
        ) ON CONFLICT (snapshot_date, appid, region_code, country_iso3) DO UPDATE SET
            player_count = EXCLUDED.player_count,
            share_percentage = EXCLUDED.share_percentage,
            peak_time_bkk = EXCLUDED.peak_time_bkk;
        , parameters: ('2026-09-04', 271590, 'Grand Theft Auto V Legacy', 'EUROPE', 'ยุโรป', 'DEU', 'เยอรมนี', 4869, 7.18, '00:00 - 04:00 น.')
[2026-09-04T17:47:07.416+0000] {sql.py:562} INFO - Rows affected: 1
[2026-09-04T17:47:07.423+0000] {sql.py:553} INFO - Running statement: 
        INSERT INTO steam_game_regions (
            snapshot_date, appid, game_name, region_code, region_name,
            country_iso3, country_name, player_count, share_percentage, peak_time_bkk, created_at
        ) VALUES (
            %s, %s, %s, %s, %s,
            %s, %s, %s, %s, %s, NOW()
        ) ON CONFLICT (snapshot_date, appid, region_code, country_iso3) DO UPDATE SET
            player_count = EXCLUDED.player_count,
            share_percentage = EXCLUDED.share_percentage,
            peak_time_bkk = EXCLUDED.peak_time_bkk;
        , parameters: ('2026-09-04', 271590, 'Grand Theft Auto V Legacy', 'EUROPE', 'ยุโรป', 'GBR', 'สหราชอาณาจักร', 3496, 5.15, '01:00 - 05:00 น.')
[2026-09-04T17:47:07.425+0000] {sql.py:562} INFO - Rows affected: 1
[2026-09-04T17:47:07.431+0000] {sql.py:553} INFO - Running statement: 
        INSERT INTO steam_game_regions (
            snapshot_date, appid, game_name, region_code, region_name,
            country_iso3, country_name, player_count, share_percentage, peak_time_bkk, created_at
        ) VALUES (
            %s, %s, %s, %s, %s,
            %s, %s, %s, %s, %s, NOW()
        ) ON CONFLICT (snapshot_date, appid, region_code, country_iso3) DO UPDATE SET
            player_count = EXCLUDED.player_count,
            share_percentage = EXCLUDED.share_percentage,
            peak_time_bkk = EXCLUDED.peak_time_bkk;
        , parameters: ('2026-09-04', 271590, 'Grand Theft Auto V Legacy', 'EUROPE', 'ยุโรป', 'FRA', 'ฝรั่งเศส', 1873, 2.76, '00:00 - 04:00 น.')
[2026-09-04T17:47:07.433+0000] {sql.py:562} INFO - Rows affected: 1
[2026-09-04T17:47:07.439+0000] {sql.py:553} INFO - Running statement: 
        INSERT INTO steam_game_regions (
            snapshot_date, appid, game_name, region_code, region_name,
            country_iso3, country_name, player_count, share_percentage, peak_time_bkk, created_at
        ) VALUES (
            %s, %s, %s, %s, %s,
            %s, %s, %s, %s, %s, NOW()
        ) ON CONFLICT (snapshot_date, appid, region_code, country_iso3) DO UPDATE SET
            player_count = EXCLUDED.player_count,
            share_percentage = EXCLUDED.share_percentage,
            peak_time_bkk = EXCLUDED.peak_time_bkk;
        , parameters: ('2026-09-04', 271590, 'Grand Theft Auto V Legacy', 'EUROPE', 'ยุโรป', 'POL', 'โปแลนด์', 1873, 2.76, '00:00 - 04:00 น.')
[2026-09-04T17:47:07.441+0000] {sql.py:562} INFO - Rows affected: 1
[2026-09-04T17:47:07.447+0000] {sql.py:553} INFO - Running statement: 
        INSERT INTO steam_game_regions (
            snapshot_date, appid, game_name, region_code, region_name,
            country_iso3, country_name, player_count, share_percentage, peak_time_bkk, created_at
        ) VALUES (
            %s, %s, %s, %s, %s,
            %s, %s, %s, %s, %s, NOW()
        ) ON CONFLICT (snapshot_date, appid, region_code, country_iso3) DO UPDATE SET
            player_count = EXCLUDED.player_count,
            share_percentage = EXCLUDED.share_percentage,
            peak_time_bkk = EXCLUDED.peak_time_bkk;
        , parameters: ('2026-09-04', 271590, 'Grand Theft Auto V Legacy', 'NORTH_AMERICA', 'อเมริกาเหนือ', 'USA', 'สหรัฐอเมริกา', 10986, 16.19, '07:00 - 11:00 น.')
[2026-09-04T17:47:07.449+0000] {sql.py:562} INFO - Rows affected: 1
[2026-09-04T17:47:07.455+0000] {sql.py:553} INFO - Running statement: 
        INSERT INTO steam_game_regions (
            snapshot_date, appid, game_name, region_code, region_name,
            country_iso3, country_name, player_count, share_percentage, peak_time_bkk, created_at
        ) VALUES (
            %s, %s, %s, %s, %s,
            %s, %s, %s, %s, %s, NOW()
        ) ON CONFLICT (snapshot_date, appid, region_code, country_iso3) DO UPDATE SET
            player_count = EXCLUDED.player_count,
            share_percentage = EXCLUDED.share_percentage,
            peak_time_bkk = EXCLUDED.peak_time_bkk;
        , parameters: ('2026-09-04', 271590, 'Grand Theft Auto V Legacy', 'NORTH_AMERICA', 'อเมริกาเหนือ', 'CAN', 'แคนาดา', 1248, 1.84, '07:00 - 11:00 น.')
[2026-09-04T17:47:07.457+0000] {sql.py:562} INFO - Rows affected: 1
[2026-09-04T17:47:07.463+0000] {sql.py:553} INFO - Running statement: 
        INSERT INTO steam_game_regions (
            snapshot_date, appid, game_name, region_code, region_name,
            country_iso3, country_name, player_count, share_percentage, peak_time_bkk, created_at
        ) VALUES (
            %s, %s, %s, %s, %s,
            %s, %s, %s, %s, %s, NOW()
        ) ON CONFLICT (snapshot_date, appid, region_code, country_iso3) DO UPDATE SET
            player_count = EXCLUDED.player_count,
            share_percentage = EXCLUDED.share_percentage,
            peak_time_bkk = EXCLUDED.peak_time_bkk;
        , parameters: ('2026-09-04', 271590, 'Grand Theft Auto V Legacy', 'LATIN_AMERICA', 'ลาตินอเมริกา', 'BRA', 'บราซิล', 4494, 6.62, '05:00 - 09:00 น.')
[2026-09-04T17:47:07.465+0000] {sql.py:562} INFO - Rows affected: 1
[2026-09-04T17:47:07.471+0000] {sql.py:553} INFO - Running statement: 
        INSERT INTO steam_game_regions (
            snapshot_date, appid, game_name, region_code, region_name,
            country_iso3, country_name, player_count, share_percentage, peak_time_bkk, created_at
        ) VALUES (
            %s, %s, %s, %s, %s,
            %s, %s, %s, %s, %s, NOW()
        ) ON CONFLICT (snapshot_date, appid, region_code, country_iso3) DO UPDATE SET
            player_count = EXCLUDED.player_count,
            share_percentage = EXCLUDED.share_percentage,
            peak_time_bkk = EXCLUDED.peak_time_bkk;
        , parameters: ('2026-09-04', 271590, 'Grand Theft Auto V Legacy', 'LATIN_AMERICA', 'ลาตินอเมริกา', 'ARG', 'อาร์เจนตินา', 936, 1.38, '05:00 - 09:00 น.')
[2026-09-04T17:47:07.473+0000] {sql.py:562} INFO - Rows affected: 1
[2026-09-04T17:47:07.479+0000] {sql.py:553} INFO - Running statement: 
        INSERT INTO steam_game_regions (
            snapshot_date, appid, game_name, region_code, region_name,
            country_iso3, country_name, player_count, share_percentage, peak_time_bkk, created_at
        ) VALUES (
            %s, %s, %s, %s, %s,
            %s, %s, %s, %s, %s, NOW()
        ) ON CONFLICT (snapshot_date, appid, region_code, country_iso3) DO UPDATE SET
            player_count = EXCLUDED.player_count,
            share_percentage = EXCLUDED.share_percentage,
            peak_time_bkk = EXCLUDED.peak_time_bkk;
        , parameters: ('2026-09-04', 271590, 'Grand Theft Auto V Legacy', 'OCEANIA', 'โอเชียเนีย', 'AUS', 'ออสเตรเลีย', 936, 1.38, '16:00 - 20:00 น.')
[2026-09-04T17:47:07.481+0000] {sql.py:562} INFO - Rows affected: 1
[2026-09-04T17:47:07.488+0000] {sql.py:553} INFO - Running statement: 
        INSERT INTO steam_game_regions (
            snapshot_date, appid, game_name, region_code, region_name,
            country_iso3, country_name, player_count, share_percentage, peak_time_bkk, created_at
        ) VALUES (
            %s, %s, %s, %s, %s,
            %s, %s, %s, %s, %s, NOW()
        ) ON CONFLICT (snapshot_date, appid, region_code, country_iso3) DO UPDATE SET
            player_count = EXCLUDED.player_count,
            share_percentage = EXCLUDED.share_percentage,
            peak_time_bkk = EXCLUDED.peak_time_bkk;
        , parameters: ('2026-09-04', 550, 'Left 4 Dead 2', 'ASIA_EAST', 'เอเชียตะวันออก', 'CHN', 'จีน', 6829, 27.18, '19:00 - 23:00 น.')
[2026-09-04T17:47:07.489+0000] {sql.py:562} INFO - Rows affected: 1
[2026-09-04T17:47:07.497+0000] {sql.py:553} INFO - Running statement: 
        INSERT INTO steam_game_regions (
            snapshot_date, appid, game_name, region_code, region_name,
            country_iso3, country_name, player_count, share_percentage, peak_time_bkk, created_at
        ) VALUES (
            %s, %s, %s, %s, %s,
            %s, %s, %s, %s, %s, NOW()
        ) ON CONFLICT (snapshot_date, appid, region_code, country_iso3) DO UPDATE SET
            player_count = EXCLUDED.player_count,
            share_percentage = EXCLUDED.share_percentage,
            peak_time_bkk = EXCLUDED.peak_time_bkk;
        , parameters: ('2026-09-04', 550, 'Left 4 Dead 2', 'ASIA_EAST', 'เอเชียตะวันออก', 'JPN', 'ญี่ปุ่น', 1220, 4.85, '19:00 - 23:00 น.')
[2026-09-04T17:47:07.499+0000] {sql.py:562} INFO - Rows affected: 1
[2026-09-04T17:47:07.505+0000] {sql.py:553} INFO - Running statement: 
        INSERT INTO steam_game_regions (
            snapshot_date, appid, game_name, region_code, region_name,
            country_iso3, country_name, player_count, share_percentage, peak_time_bkk, created_at
        ) VALUES (
            %s, %s, %s, %s, %s,
            %s, %s, %s, %s, %s, NOW()
        ) ON CONFLICT (snapshot_date, appid, region_code, country_iso3) DO UPDATE SET
            player_count = EXCLUDED.player_count,
            share_percentage = EXCLUDED.share_percentage,
            peak_time_bkk = EXCLUDED.peak_time_bkk;
        , parameters: ('2026-09-04', 550, 'Left 4 Dead 2', 'ASIA_EAST', 'เอเชียตะวันออก', 'KOR', 'เกาหลีใต้', 976, 3.88, '19:00 - 23:00 น.')
[2026-09-04T17:47:07.507+0000] {sql.py:562} INFO - Rows affected: 1
[2026-09-04T17:47:07.514+0000] {sql.py:553} INFO - Running statement: 
        INSERT INTO steam_game_regions (
            snapshot_date, appid, game_name, region_code, region_name,
            country_iso3, country_name, player_count, share_percentage, peak_time_bkk, created_at
        ) VALUES (
            %s, %s, %s, %s, %s,
            %s, %s, %s, %s, %s, NOW()
        ) ON CONFLICT (snapshot_date, appid, region_code, country_iso3) DO UPDATE SET
            player_count = EXCLUDED.player_count,
            share_percentage = EXCLUDED.share_percentage,
            peak_time_bkk = EXCLUDED.peak_time_bkk;
        , parameters: ('2026-09-04', 550, 'Left 4 Dead 2', 'ASIA_EAST', 'เอเชียตะวันออก', 'TWN', 'ไต้หวัน', 488, 1.94, '19:00 - 23:00 น.')
[2026-09-04T17:47:07.516+0000] {sql.py:562} INFO - Rows affected: 1
[2026-09-04T17:47:07.522+0000] {sql.py:553} INFO - Running statement: 
        INSERT INTO steam_game_regions (
            snapshot_date, appid, game_name, region_code, region_name,
            country_iso3, country_name, player_count, share_percentage, peak_time_bkk, created_at
        ) VALUES (
            %s, %s, %s, %s, %s,
            %s, %s, %s, %s, %s, NOW()
        ) ON CONFLICT (snapshot_date, appid, region_code, country_iso3) DO UPDATE SET
            player_count = EXCLUDED.player_count,
            share_percentage = EXCLUDED.share_percentage,
            peak_time_bkk = EXCLUDED.peak_time_bkk;
        , parameters: ('2026-09-04', 550, 'Left 4 Dead 2', 'ASIA_SEA', 'เอเชียตะวันออกเฉียงใต้', 'THA', 'ประเทศไทย', 1098, 4.37, '20:00 - 00:00 น.')
[2026-09-04T17:47:07.524+0000] {sql.py:562} INFO - Rows affected: 1
[2026-09-04T17:47:07.531+0000] {sql.py:553} INFO - Running statement: 
        INSERT INTO steam_game_regions (
            snapshot_date, appid, game_name, region_code, region_name,
            country_iso3, country_name, player_count, share_percentage, peak_time_bkk, created_at
        ) VALUES (
            %s, %s, %s, %s, %s,
            %s, %s, %s, %s, %s, NOW()
        ) ON CONFLICT (snapshot_date, appid, region_code, country_iso3) DO UPDATE SET
            player_count = EXCLUDED.player_count,
            share_percentage = EXCLUDED.share_percentage,
            peak_time_bkk = EXCLUDED.peak_time_bkk;
        , parameters: ('2026-09-04', 550, 'Left 4 Dead 2', 'ASIA_SEA', 'เอเชียตะวันออกเฉียงใต้', 'VNM', 'เวียดนาม', 854, 3.4, '20:00 - 00:00 น.')
[2026-09-04T17:47:07.532+0000] {sql.py:562} INFO - Rows affected: 1
[2026-09-04T17:47:07.539+0000] {sql.py:553} INFO - Running statement: 
        INSERT INTO steam_game_regions (
            snapshot_date, appid, game_name, region_code, region_name,
            country_iso3, country_name, player_count, share_percentage, peak_time_bkk, created_at
        ) VALUES (
            %s, %s, %s, %s, %s,
            %s, %s, %s, %s, %s, NOW()
        ) ON CONFLICT (snapshot_date, appid, region_code, country_iso3) DO UPDATE SET
            player_count = EXCLUDED.player_count,
            share_percentage = EXCLUDED.share_percentage,
            peak_time_bkk = EXCLUDED.peak_time_bkk;
        , parameters: ('2026-09-04', 550, 'Left 4 Dead 2', 'ASIA_SEA', 'เอเชียตะวันออกเฉียงใต้', 'IDN', 'อินโดนีเซีย', 732, 2.91, '20:00 - 00:00 น.')
[2026-09-04T17:47:07.540+0000] {sql.py:562} INFO - Rows affected: 1
[2026-09-04T17:47:07.547+0000] {sql.py:553} INFO - Running statement: 
        INSERT INTO steam_game_regions (
            snapshot_date, appid, game_name, region_code, region_name,
            country_iso3, country_name, player_count, share_percentage, peak_time_bkk, created_at
        ) VALUES (
            %s, %s, %s, %s, %s,
            %s, %s, %s, %s, %s, NOW()
        ) ON CONFLICT (snapshot_date, appid, region_code, country_iso3) DO UPDATE SET
            player_count = EXCLUDED.player_count,
            share_percentage = EXCLUDED.share_percentage,
            peak_time_bkk = EXCLUDED.peak_time_bkk;
        , parameters: ('2026-09-04', 550, 'Left 4 Dead 2', 'ASIA_SEA', 'เอเชียตะวันออกเฉียงใต้', 'PHL', 'ฟิลิปปินส์', 610, 2.43, '20:00 - 00:00 น.')
[2026-09-04T17:47:07.548+0000] {sql.py:562} INFO - Rows affected: 1
[2026-09-04T17:47:07.555+0000] {sql.py:553} INFO - Running statement: 
        INSERT INTO steam_game_regions (
            snapshot_date, appid, game_name, region_code, region_name,
            country_iso3, country_name, player_count, share_percentage, peak_time_bkk, created_at
        ) VALUES (
            %s, %s, %s, %s, %s,
            %s, %s, %s, %s, %s, NOW()
        ) ON CONFLICT (snapshot_date, appid, region_code, country_iso3) DO UPDATE SET
            player_count = EXCLUDED.player_count,
            share_percentage = EXCLUDED.share_percentage,
            peak_time_bkk = EXCLUDED.peak_time_bkk;
        , parameters: ('2026-09-04', 550, 'Left 4 Dead 2', 'ASIA_SEA', 'เอเชียตะวันออกเฉียงใต้', 'MYS', 'มาเลเซีย', 366, 1.46, '20:00 - 00:00 น.')
[2026-09-04T17:47:07.557+0000] {sql.py:562} INFO - Rows affected: 1
[2026-09-04T17:47:07.563+0000] {sql.py:553} INFO - Running statement: 
        INSERT INTO steam_game_regions (
            snapshot_date, appid, game_name, region_code, region_name,
            country_iso3, country_name, player_count, share_percentage, peak_time_bkk, created_at
        ) VALUES (
            %s, %s, %s, %s, %s,
            %s, %s, %s, %s, %s, NOW()
        ) ON CONFLICT (snapshot_date, appid, region_code, country_iso3) DO UPDATE SET
            player_count = EXCLUDED.player_count,
            share_percentage = EXCLUDED.share_percentage,
            peak_time_bkk = EXCLUDED.peak_time_bkk;
        , parameters: ('2026-09-04', 550, 'Left 4 Dead 2', 'ASIA_SEA', 'เอเชียตะวันออกเฉียงใต้', 'SGP', 'สิงคโปร์', 244, 0.97, '20:00 - 00:00 น.')
[2026-09-04T17:47:07.565+0000] {sql.py:562} INFO - Rows affected: 1
[2026-09-04T17:47:07.571+0000] {sql.py:553} INFO - Running statement: 
        INSERT INTO steam_game_regions (
            snapshot_date, appid, game_name, region_code, region_name,
            country_iso3, country_name, player_count, share_percentage, peak_time_bkk, created_at
        ) VALUES (
            %s, %s, %s, %s, %s,
            %s, %s, %s, %s, %s, NOW()
        ) ON CONFLICT (snapshot_date, appid, region_code, country_iso3) DO UPDATE SET
            player_count = EXCLUDED.player_count,
            share_percentage = EXCLUDED.share_percentage,
            peak_time_bkk = EXCLUDED.peak_time_bkk;
        , parameters: ('2026-09-04', 550, 'Left 4 Dead 2', 'EUROPE', 'ยุโรป', 'RUS', 'รัสเซีย', 2927, 11.65, '22:00 - 02:00 น.')
[2026-09-04T17:47:07.573+0000] {sql.py:562} INFO - Rows affected: 1
[2026-09-04T17:47:07.580+0000] {sql.py:553} INFO - Running statement: 
        INSERT INTO steam_game_regions (
            snapshot_date, appid, game_name, region_code, region_name,
            country_iso3, country_name, player_count, share_percentage, peak_time_bkk, created_at
        ) VALUES (
            %s, %s, %s, %s, %s,
            %s, %s, %s, %s, %s, NOW()
        ) ON CONFLICT (snapshot_date, appid, region_code, country_iso3) DO UPDATE SET
            player_count = EXCLUDED.player_count,
            share_percentage = EXCLUDED.share_percentage,
            peak_time_bkk = EXCLUDED.peak_time_bkk;
        , parameters: ('2026-09-04', 550, 'Left 4 Dead 2', 'EUROPE', 'ยุโรป', 'DEU', 'เยอรมนี', 1463, 5.83, '00:00 - 04:00 น.')
[2026-09-04T17:47:07.582+0000] {sql.py:562} INFO - Rows affected: 1
[2026-09-04T17:47:07.588+0000] {sql.py:553} INFO - Running statement: 
        INSERT INTO steam_game_regions (
            snapshot_date, appid, game_name, region_code, region_name,
            country_iso3, country_name, player_count, share_percentage, peak_time_bkk, created_at
        ) VALUES (
            %s, %s, %s, %s, %s,
            %s, %s, %s, %s, %s, NOW()
        ) ON CONFLICT (snapshot_date, appid, region_code, country_iso3) DO UPDATE SET
            player_count = EXCLUDED.player_count,
            share_percentage = EXCLUDED.share_percentage,
            peak_time_bkk = EXCLUDED.peak_time_bkk;
        , parameters: ('2026-09-04', 550, 'Left 4 Dead 2', 'EUROPE', 'ยุโรป', 'GBR', 'สหราชอาณาจักร', 976, 3.88, '01:00 - 05:00 น.')
[2026-09-04T17:47:07.590+0000] {sql.py:562} INFO - Rows affected: 1
[2026-09-04T17:47:07.596+0000] {sql.py:553} INFO - Running statement: 
        INSERT INTO steam_game_regions (
            snapshot_date, appid, game_name, region_code, region_name,
            country_iso3, country_name, player_count, share_percentage, peak_time_bkk, created_at
        ) VALUES (
            %s, %s, %s, %s, %s,
            %s, %s, %s, %s, %s, NOW()
        ) ON CONFLICT (snapshot_date, appid, region_code, country_iso3) DO UPDATE SET
            player_count = EXCLUDED.player_count,
            share_percentage = EXCLUDED.share_percentage,
            peak_time_bkk = EXCLUDED.peak_time_bkk;
        , parameters: ('2026-09-04', 550, 'Left 4 Dead 2', 'EUROPE', 'ยุโรป', 'FRA', 'ฝรั่งเศส', 732, 2.91, '00:00 - 04:00 น.')
[2026-09-04T17:47:07.598+0000] {sql.py:562} INFO - Rows affected: 1
[2026-09-04T17:47:07.604+0000] {sql.py:553} INFO - Running statement: 
        INSERT INTO steam_game_regions (
            snapshot_date, appid, game_name, region_code, region_name,
            country_iso3, country_name, player_count, share_percentage, peak_time_bkk, created_at
        ) VALUES (
            %s, %s, %s, %s, %s,
            %s, %s, %s, %s, %s, NOW()
        ) ON CONFLICT (snapshot_date, appid, region_code, country_iso3) DO UPDATE SET
            player_count = EXCLUDED.player_count,
            share_percentage = EXCLUDED.share_percentage,
            peak_time_bkk = EXCLUDED.peak_time_bkk;
        , parameters: ('2026-09-04', 550, 'Left 4 Dead 2', 'EUROPE', 'ยุโรป', 'POL', 'โปแลนด์', 732, 2.91, '00:00 - 04:00 น.')
[2026-09-04T17:47:07.606+0000] {sql.py:562} INFO - Rows affected: 1
[2026-09-04T17:47:07.612+0000] {sql.py:553} INFO - Running statement: 
        INSERT INTO steam_game_regions (
            snapshot_date, appid, game_name, region_code, region_name,
            country_iso3, country_name, player_count, share_percentage, peak_time_bkk, created_at
        ) VALUES (
            %s, %s, %s, %s, %s,
            %s, %s, %s, %s, %s, NOW()
        ) ON CONFLICT (snapshot_date, appid, region_code, country_iso3) DO UPDATE SET
            player_count = EXCLUDED.player_count,
            share_percentage = EXCLUDED.share_percentage,
            peak_time_bkk = EXCLUDED.peak_time_bkk;
        , parameters: ('2026-09-04', 550, 'Left 4 Dead 2', 'NORTH_AMERICA', 'อเมริกาเหนือ', 'USA', 'สหรัฐอเมริกา', 2683, 10.68, '07:00 - 11:00 น.')
[2026-09-04T17:47:07.614+0000] {sql.py:562} INFO - Rows affected: 1
[2026-09-04T17:47:07.621+0000] {sql.py:553} INFO - Running statement: 
        INSERT INTO steam_game_regions (
            snapshot_date, appid, game_name, region_code, region_name,
            country_iso3, country_name, player_count, share_percentage, peak_time_bkk, created_at
        ) VALUES (
            %s, %s, %s, %s, %s,
            %s, %s, %s, %s, %s, NOW()
        ) ON CONFLICT (snapshot_date, appid, region_code, country_iso3) DO UPDATE SET
            player_count = EXCLUDED.player_count,
            share_percentage = EXCLUDED.share_percentage,
            peak_time_bkk = EXCLUDED.peak_time_bkk;
        , parameters: ('2026-09-04', 550, 'Left 4 Dead 2', 'NORTH_AMERICA', 'อเมริกาเหนือ', 'CAN', 'แคนาดา', 488, 1.94, '07:00 - 11:00 น.')
[2026-09-04T17:47:07.622+0000] {sql.py:562} INFO - Rows affected: 1
[2026-09-04T17:47:07.629+0000] {sql.py:553} INFO - Running statement: 
        INSERT INTO steam_game_regions (
            snapshot_date, appid, game_name, region_code, region_name,
            country_iso3, country_name, player_count, share_percentage, peak_time_bkk, created_at
        ) VALUES (
            %s, %s, %s, %s, %s,
            %s, %s, %s, %s, %s, NOW()
        ) ON CONFLICT (snapshot_date, appid, region_code, country_iso3) DO UPDATE SET
            player_count = EXCLUDED.player_count,
            share_percentage = EXCLUDED.share_percentage,
            peak_time_bkk = EXCLUDED.peak_time_bkk;
        , parameters: ('2026-09-04', 550, 'Left 4 Dead 2', 'LATIN_AMERICA', 'ลาตินอเมริกา', 'BRA', 'บราซิล', 976, 3.88, '05:00 - 09:00 น.')
[2026-09-04T17:47:07.630+0000] {sql.py:562} INFO - Rows affected: 1
[2026-09-04T17:47:07.640+0000] {sql.py:553} INFO - Running statement: 
        INSERT INTO steam_game_regions (
            snapshot_date, appid, game_name, region_code, region_name,
            country_iso3, country_name, player_count, share_percentage, peak_time_bkk, created_at
        ) VALUES (
            %s, %s, %s, %s, %s,
            %s, %s, %s, %s, %s, NOW()
        ) ON CONFLICT (snapshot_date, appid, region_code, country_iso3) DO UPDATE SET
            player_count = EXCLUDED.player_count,
            share_percentage = EXCLUDED.share_percentage,
            peak_time_bkk = EXCLUDED.peak_time_bkk;
        , parameters: ('2026-09-04', 550, 'Left 4 Dead 2', 'LATIN_AMERICA', 'ลาตินอเมริกา', 'ARG', 'อาร์เจนตินา', 366, 1.46, '05:00 - 09:00 น.')
[2026-09-04T17:47:07.642+0000] {sql.py:562} INFO - Rows affected: 1
[2026-09-04T17:47:07.649+0000] {sql.py:553} INFO - Running statement: 
        INSERT INTO steam_game_regions (
            snapshot_date, appid, game_name, region_code, region_name,
            country_iso3, country_name, player_count, share_percentage, peak_time_bkk, created_at
        ) VALUES (
            %s, %s, %s, %s, %s,
            %s, %s, %s, %s, %s, NOW()
        ) ON CONFLICT (snapshot_date, appid, region_code, country_iso3) DO UPDATE SET
            player_count = EXCLUDED.player_count,
            share_percentage = EXCLUDED.share_percentage,
            peak_time_bkk = EXCLUDED.peak_time_bkk;
        , parameters: ('2026-09-04', 550, 'Left 4 Dead 2', 'OCEANIA', 'โอเชียเนีย', 'AUS', 'ออสเตรเลีย', 366, 1.46, '16:00 - 20:00 น.')
[2026-09-04T17:47:07.650+0000] {sql.py:562} INFO - Rows affected: 1
[2026-09-04T17:47:07.657+0000] {sql.py:553} INFO - Running statement: 
        INSERT INTO steam_game_regions (
            snapshot_date, appid, game_name, region_code, region_name,
            country_iso3, country_name, player_count, share_percentage, peak_time_bkk, created_at
        ) VALUES (
            %s, %s, %s, %s, %s,
            %s, %s, %s, %s, %s, NOW()
        ) ON CONFLICT (snapshot_date, appid, region_code, country_iso3) DO UPDATE SET
            player_count = EXCLUDED.player_count,
            share_percentage = EXCLUDED.share_percentage,
            peak_time_bkk = EXCLUDED.peak_time_bkk;
        , parameters: ('2026-09-04', 236390, 'War Thunder', 'ASIA_EAST', 'เอเชียตะวันออก', 'CHN', 'จีน', 13722, 27.18, '19:00 - 23:00 น.')
[2026-09-04T17:47:07.658+0000] {sql.py:562} INFO - Rows affected: 1
[2026-09-04T17:47:07.665+0000] {sql.py:553} INFO - Running statement: 
        INSERT INTO steam_game_regions (
            snapshot_date, appid, game_name, region_code, region_name,
            country_iso3, country_name, player_count, share_percentage, peak_time_bkk, created_at
        ) VALUES (
            %s, %s, %s, %s, %s,
            %s, %s, %s, %s, %s, NOW()
        ) ON CONFLICT (snapshot_date, appid, region_code, country_iso3) DO UPDATE SET
            player_count = EXCLUDED.player_count,
            share_percentage = EXCLUDED.share_percentage,
            peak_time_bkk = EXCLUDED.peak_time_bkk;
        , parameters: ('2026-09-04', 236390, 'War Thunder', 'ASIA_EAST', 'เอเชียตะวันออก', 'JPN', 'ญี่ปุ่น', 2450, 4.85, '19:00 - 23:00 น.')
[2026-09-04T17:47:07.667+0000] {sql.py:562} INFO - Rows affected: 1
[2026-09-04T17:47:07.673+0000] {sql.py:553} INFO - Running statement: 
        INSERT INTO steam_game_regions (
            snapshot_date, appid, game_name, region_code, region_name,
            country_iso3, country_name, player_count, share_percentage, peak_time_bkk, created_at
        ) VALUES (
            %s, %s, %s, %s, %s,
            %s, %s, %s, %s, %s, NOW()
        ) ON CONFLICT (snapshot_date, appid, region_code, country_iso3) DO UPDATE SET
            player_count = EXCLUDED.player_count,
            share_percentage = EXCLUDED.share_percentage,
            peak_time_bkk = EXCLUDED.peak_time_bkk;
        , parameters: ('2026-09-04', 236390, 'War Thunder', 'ASIA_EAST', 'เอเชียตะวันออก', 'KOR', 'เกาหลีใต้', 1960, 3.88, '19:00 - 23:00 น.')
[2026-09-04T17:47:07.675+0000] {sql.py:562} INFO - Rows affected: 1
[2026-09-04T17:47:07.682+0000] {sql.py:553} INFO - Running statement: 
        INSERT INTO steam_game_regions (
            snapshot_date, appid, game_name, region_code, region_name,
            country_iso3, country_name, player_count, share_percentage, peak_time_bkk, created_at
        ) VALUES (
            %s, %s, %s, %s, %s,
            %s, %s, %s, %s, %s, NOW()
        ) ON CONFLICT (snapshot_date, appid, region_code, country_iso3) DO UPDATE SET
            player_count = EXCLUDED.player_count,
            share_percentage = EXCLUDED.share_percentage,
            peak_time_bkk = EXCLUDED.peak_time_bkk;
        , parameters: ('2026-09-04', 236390, 'War Thunder', 'ASIA_EAST', 'เอเชียตะวันออก', 'TWN', 'ไต้หวัน', 980, 1.94, '19:00 - 23:00 น.')
[2026-09-04T17:47:07.684+0000] {sql.py:562} INFO - Rows affected: 1
[2026-09-04T17:47:07.690+0000] {sql.py:553} INFO - Running statement: 
        INSERT INTO steam_game_regions (
            snapshot_date, appid, game_name, region_code, region_name,
            country_iso3, country_name, player_count, share_percentage, peak_time_bkk, created_at
        ) VALUES (
            %s, %s, %s, %s, %s,
            %s, %s, %s, %s, %s, NOW()
        ) ON CONFLICT (snapshot_date, appid, region_code, country_iso3) DO UPDATE SET
            player_count = EXCLUDED.player_count,
            share_percentage = EXCLUDED.share_percentage,
            peak_time_bkk = EXCLUDED.peak_time_bkk;
        , parameters: ('2026-09-04', 236390, 'War Thunder', 'ASIA_SEA', 'เอเชียตะวันออกเฉียงใต้', 'THA', 'ประเทศไทย', 2205, 4.37, '20:00 - 00:00 น.')
[2026-09-04T17:47:07.692+0000] {sql.py:562} INFO - Rows affected: 1
[2026-09-04T17:47:07.699+0000] {sql.py:553} INFO - Running statement: 
        INSERT INTO steam_game_regions (
            snapshot_date, appid, game_name, region_code, region_name,
            country_iso3, country_name, player_count, share_percentage, peak_time_bkk, created_at
        ) VALUES (
            %s, %s, %s, %s, %s,
            %s, %s, %s, %s, %s, NOW()
        ) ON CONFLICT (snapshot_date, appid, region_code, country_iso3) DO UPDATE SET
            player_count = EXCLUDED.player_count,
            share_percentage = EXCLUDED.share_percentage,
            peak_time_bkk = EXCLUDED.peak_time_bkk;
        , parameters: ('2026-09-04', 236390, 'War Thunder', 'ASIA_SEA', 'เอเชียตะวันออกเฉียงใต้', 'VNM', 'เวียดนาม', 1715, 3.4, '20:00 - 00:00 น.')
[2026-09-04T17:47:07.701+0000] {sql.py:562} INFO - Rows affected: 1
[2026-09-04T17:47:07.708+0000] {sql.py:553} INFO - Running statement: 
        INSERT INTO steam_game_regions (
            snapshot_date, appid, game_name, region_code, region_name,
            country_iso3, country_name, player_count, share_percentage, peak_time_bkk, created_at
        ) VALUES (
            %s, %s, %s, %s, %s,
            %s, %s, %s, %s, %s, NOW()
        ) ON CONFLICT (snapshot_date, appid, region_code, country_iso3) DO UPDATE SET
            player_count = EXCLUDED.player_count,
            share_percentage = EXCLUDED.share_percentage,
            peak_time_bkk = EXCLUDED.peak_time_bkk;
        , parameters: ('2026-09-04', 236390, 'War Thunder', 'ASIA_SEA', 'เอเชียตะวันออกเฉียงใต้', 'IDN', 'อินโดนีเซีย', 1470, 2.91, '20:00 - 00:00 น.')
[2026-09-04T17:47:07.710+0000] {sql.py:562} INFO - Rows affected: 1
[2026-09-04T17:47:07.717+0000] {sql.py:553} INFO - Running statement: 
        INSERT INTO steam_game_regions (
            snapshot_date, appid, game_name, region_code, region_name,
            country_iso3, country_name, player_count, share_percentage, peak_time_bkk, created_at
        ) VALUES (
            %s, %s, %s, %s, %s,
            %s, %s, %s, %s, %s, NOW()
        ) ON CONFLICT (snapshot_date, appid, region_code, country_iso3) DO UPDATE SET
            player_count = EXCLUDED.player_count,
            share_percentage = EXCLUDED.share_percentage,
            peak_time_bkk = EXCLUDED.peak_time_bkk;
        , parameters: ('2026-09-04', 236390, 'War Thunder', 'ASIA_SEA', 'เอเชียตะวันออกเฉียงใต้', 'PHL', 'ฟิลิปปินส์', 1225, 2.43, '20:00 - 00:00 น.')
[2026-09-04T17:47:07.719+0000] {sql.py:562} INFO - Rows affected: 1
[2026-09-04T17:47:07.727+0000] {sql.py:553} INFO - Running statement: 
        INSERT INTO steam_game_regions (
            snapshot_date, appid, game_name, region_code, region_name,
            country_iso3, country_name, player_count, share_percentage, peak_time_bkk, created_at
        ) VALUES (
            %s, %s, %s, %s, %s,
            %s, %s, %s, %s, %s, NOW()
        ) ON CONFLICT (snapshot_date, appid, region_code, country_iso3) DO UPDATE SET
            player_count = EXCLUDED.player_count,
            share_percentage = EXCLUDED.share_percentage,
            peak_time_bkk = EXCLUDED.peak_time_bkk;
        , parameters: ('2026-09-04', 236390, 'War Thunder', 'ASIA_SEA', 'เอเชียตะวันออกเฉียงใต้', 'MYS', 'มาเลเซีย', 735, 1.46, '20:00 - 00:00 น.')
[2026-09-04T17:47:07.728+0000] {sql.py:562} INFO - Rows affected: 1
[2026-09-04T17:47:07.735+0000] {sql.py:553} INFO - Running statement: 
        INSERT INTO steam_game_regions (
            snapshot_date, appid, game_name, region_code, region_name,
            country_iso3, country_name, player_count, share_percentage, peak_time_bkk, created_at
        ) VALUES (
            %s, %s, %s, %s, %s,
            %s, %s, %s, %s, %s, NOW()
        ) ON CONFLICT (snapshot_date, appid, region_code, country_iso3) DO UPDATE SET
            player_count = EXCLUDED.player_count,
            share_percentage = EXCLUDED.share_percentage,
            peak_time_bkk = EXCLUDED.peak_time_bkk;
        , parameters: ('2026-09-04', 236390, 'War Thunder', 'ASIA_SEA', 'เอเชียตะวันออกเฉียงใต้', 'SGP', 'สิงคโปร์', 490, 0.97, '20:00 - 00:00 น.')
[2026-09-04T17:47:07.737+0000] {sql.py:562} INFO - Rows affected: 1
[2026-09-04T17:47:07.744+0000] {sql.py:553} INFO - Running statement: 
        INSERT INTO steam_game_regions (
            snapshot_date, appid, game_name, region_code, region_name,
            country_iso3, country_name, player_count, share_percentage, peak_time_bkk, created_at
        ) VALUES (
            %s, %s, %s, %s, %s,
            %s, %s, %s, %s, %s, NOW()
        ) ON CONFLICT (snapshot_date, appid, region_code, country_iso3) DO UPDATE SET
            player_count = EXCLUDED.player_count,
            share_percentage = EXCLUDED.share_percentage,
            peak_time_bkk = EXCLUDED.peak_time_bkk;
        , parameters: ('2026-09-04', 236390, 'War Thunder', 'EUROPE', 'ยุโรป', 'RUS', 'รัสเซีย', 5881, 11.65, '22:00 - 02:00 น.')
[2026-09-04T17:47:07.745+0000] {sql.py:562} INFO - Rows affected: 1
[2026-09-04T17:47:07.752+0000] {sql.py:553} INFO - Running statement: 
        INSERT INTO steam_game_regions (
            snapshot_date, appid, game_name, region_code, region_name,
            country_iso3, country_name, player_count, share_percentage, peak_time_bkk, created_at
        ) VALUES (
            %s, %s, %s, %s, %s,
            %s, %s, %s, %s, %s, NOW()
        ) ON CONFLICT (snapshot_date, appid, region_code, country_iso3) DO UPDATE SET
            player_count = EXCLUDED.player_count,
            share_percentage = EXCLUDED.share_percentage,
            peak_time_bkk = EXCLUDED.peak_time_bkk;
        , parameters: ('2026-09-04', 236390, 'War Thunder', 'EUROPE', 'ยุโรป', 'DEU', 'เยอรมนี', 2940, 5.83, '00:00 - 04:00 น.')
[2026-09-04T17:47:07.754+0000] {sql.py:562} INFO - Rows affected: 1
[2026-09-04T17:47:07.760+0000] {sql.py:553} INFO - Running statement: 
        INSERT INTO steam_game_regions (
            snapshot_date, appid, game_name, region_code, region_name,
            country_iso3, country_name, player_count, share_percentage, peak_time_bkk, created_at
        ) VALUES (
            %s, %s, %s, %s, %s,
            %s, %s, %s, %s, %s, NOW()
        ) ON CONFLICT (snapshot_date, appid, region_code, country_iso3) DO UPDATE SET
            player_count = EXCLUDED.player_count,
            share_percentage = EXCLUDED.share_percentage,
            peak_time_bkk = EXCLUDED.peak_time_bkk;
        , parameters: ('2026-09-04', 236390, 'War Thunder', 'EUROPE', 'ยุโรป', 'GBR', 'สหราชอาณาจักร', 1960, 3.88, '01:00 - 05:00 น.')
[2026-09-04T17:47:07.762+0000] {sql.py:562} INFO - Rows affected: 1
[2026-09-04T17:47:07.768+0000] {sql.py:553} INFO - Running statement: 
        INSERT INTO steam_game_regions (
            snapshot_date, appid, game_name, region_code, region_name,
            country_iso3, country_name, player_count, share_percentage, peak_time_bkk, created_at
        ) VALUES (
            %s, %s, %s, %s, %s,
            %s, %s, %s, %s, %s, NOW()
        ) ON CONFLICT (snapshot_date, appid, region_code, country_iso3) DO UPDATE SET
            player_count = EXCLUDED.player_count,
            share_percentage = EXCLUDED.share_percentage,
            peak_time_bkk = EXCLUDED.peak_time_bkk;
        , parameters: ('2026-09-04', 236390, 'War Thunder', 'EUROPE', 'ยุโรป', 'FRA', 'ฝรั่งเศส', 1470, 2.91, '00:00 - 04:00 น.')
[2026-09-04T17:47:07.770+0000] {sql.py:562} INFO - Rows affected: 1
[2026-09-04T17:47:07.776+0000] {sql.py:553} INFO - Running statement: 
        INSERT INTO steam_game_regions (
            snapshot_date, appid, game_name, region_code, region_name,
            country_iso3, country_name, player_count, share_percentage, peak_time_bkk, created_at
        ) VALUES (
            %s, %s, %s, %s, %s,
            %s, %s, %s, %s, %s, NOW()
        ) ON CONFLICT (snapshot_date, appid, region_code, country_iso3) DO UPDATE SET
            player_count = EXCLUDED.player_count,
            share_percentage = EXCLUDED.share_percentage,
            peak_time_bkk = EXCLUDED.peak_time_bkk;
        , parameters: ('2026-09-04', 236390, 'War Thunder', 'EUROPE', 'ยุโรป', 'POL', 'โปแลนด์', 1470, 2.91, '00:00 - 04:00 น.')
[2026-09-04T17:47:07.778+0000] {sql.py:562} INFO - Rows affected: 1
[2026-09-04T17:47:07.785+0000] {sql.py:553} INFO - Running statement: 
        INSERT INTO steam_game_regions (
            snapshot_date, appid, game_name, region_code, region_name,
            country_iso3, country_name, player_count, share_percentage, peak_time_bkk, created_at
        ) VALUES (
            %s, %s, %s, %s, %s,
            %s, %s, %s, %s, %s, NOW()
        ) ON CONFLICT (snapshot_date, appid, region_code, country_iso3) DO UPDATE SET
            player_count = EXCLUDED.player_count,
            share_percentage = EXCLUDED.share_percentage,
            peak_time_bkk = EXCLUDED.peak_time_bkk;
        , parameters: ('2026-09-04', 236390, 'War Thunder', 'NORTH_AMERICA', 'อเมริกาเหนือ', 'USA', 'สหรัฐอเมริกา', 5391, 10.68, '07:00 - 11:00 น.')
[2026-09-04T17:47:07.787+0000] {sql.py:562} INFO - Rows affected: 1
[2026-09-04T17:47:07.793+0000] {sql.py:553} INFO - Running statement: 
        INSERT INTO steam_game_regions (
            snapshot_date, appid, game_name, region_code, region_name,
            country_iso3, country_name, player_count, share_percentage, peak_time_bkk, created_at
        ) VALUES (
            %s, %s, %s, %s, %s,
            %s, %s, %s, %s, %s, NOW()
        ) ON CONFLICT (snapshot_date, appid, region_code, country_iso3) DO UPDATE SET
            player_count = EXCLUDED.player_count,
            share_percentage = EXCLUDED.share_percentage,
            peak_time_bkk = EXCLUDED.peak_time_bkk;
        , parameters: ('2026-09-04', 236390, 'War Thunder', 'NORTH_AMERICA', 'อเมริกาเหนือ', 'CAN', 'แคนาดา', 980, 1.94, '07:00 - 11:00 น.')
[2026-09-04T17:47:07.795+0000] {sql.py:562} INFO - Rows affected: 1
[2026-09-04T17:47:07.802+0000] {sql.py:553} INFO - Running statement: 
        INSERT INTO steam_game_regions (
            snapshot_date, appid, game_name, region_code, region_name,
            country_iso3, country_name, player_count, share_percentage, peak_time_bkk, created_at
        ) VALUES (
            %s, %s, %s, %s, %s,
            %s, %s, %s, %s, %s, NOW()
        ) ON CONFLICT (snapshot_date, appid, region_code, country_iso3) DO UPDATE SET
            player_count = EXCLUDED.player_count,
            share_percentage = EXCLUDED.share_percentage,
            peak_time_bkk = EXCLUDED.peak_time_bkk;
        , parameters: ('2026-09-04', 236390, 'War Thunder', 'LATIN_AMERICA', 'ลาตินอเมริกา', 'BRA', 'บราซิล', 1960, 3.88, '05:00 - 09:00 น.')
[2026-09-04T17:47:07.804+0000] {sql.py:562} INFO - Rows affected: 1
[2026-09-04T17:47:07.811+0000] {sql.py:553} INFO - Running statement: 
        INSERT INTO steam_game_regions (
            snapshot_date, appid, game_name, region_code, region_name,
            country_iso3, country_name, player_count, share_percentage, peak_time_bkk, created_at
        ) VALUES (
            %s, %s, %s, %s, %s,
            %s, %s, %s, %s, %s, NOW()
        ) ON CONFLICT (snapshot_date, appid, region_code, country_iso3) DO UPDATE SET
            player_count = EXCLUDED.player_count,
            share_percentage = EXCLUDED.share_percentage,
            peak_time_bkk = EXCLUDED.peak_time_bkk;
        , parameters: ('2026-09-04', 236390, 'War Thunder', 'LATIN_AMERICA', 'ลาตินอเมริกา', 'ARG', 'อาร์เจนตินา', 735, 1.46, '05:00 - 09:00 น.')
[2026-09-04T17:47:07.813+0000] {sql.py:562} INFO - Rows affected: 1
[2026-09-04T17:47:07.820+0000] {sql.py:553} INFO - Running statement: 
        INSERT INTO steam_game_regions (
            snapshot_date, appid, game_name, region_code, region_name,
            country_iso3, country_name, player_count, share_percentage, peak_time_bkk, created_at
        ) VALUES (
            %s, %s, %s, %s, %s,
            %s, %s, %s, %s, %s, NOW()
        ) ON CONFLICT (snapshot_date, appid, region_code, country_iso3) DO UPDATE SET
            player_count = EXCLUDED.player_count,
            share_percentage = EXCLUDED.share_percentage,
            peak_time_bkk = EXCLUDED.peak_time_bkk;
        , parameters: ('2026-09-04', 236390, 'War Thunder', 'OCEANIA', 'โอเชียเนีย', 'AUS', 'ออสเตรเลีย', 735, 1.46, '16:00 - 20:00 น.')
[2026-09-04T17:47:07.821+0000] {sql.py:562} INFO - Rows affected: 1
[2026-09-04T17:47:07.828+0000] {sql.py:553} INFO - Running statement: 
        INSERT INTO steam_game_regions (
            snapshot_date, appid, game_name, region_code, region_name,
            country_iso3, country_name, player_count, share_percentage, peak_time_bkk, created_at
        ) VALUES (
            %s, %s, %s, %s, %s,
            %s, %s, %s, %s, %s, NOW()
        ) ON CONFLICT (snapshot_date, appid, region_code, country_iso3) DO UPDATE SET
            player_count = EXCLUDED.player_count,
            share_percentage = EXCLUDED.share_percentage,
            peak_time_bkk = EXCLUDED.peak_time_bkk;
        , parameters: ('2026-09-04', 230410, 'Warframe', 'ASIA_EAST', 'เอเชียตะวันออก', 'CHN', 'จีน', 9839, 27.18, '19:00 - 23:00 น.')
[2026-09-04T17:47:07.830+0000] {sql.py:562} INFO - Rows affected: 1
[2026-09-04T17:47:07.838+0000] {sql.py:553} INFO - Running statement: 
        INSERT INTO steam_game_regions (
            snapshot_date, appid, game_name, region_code, region_name,
            country_iso3, country_name, player_count, share_percentage, peak_time_bkk, created_at
        ) VALUES (
            %s, %s, %s, %s, %s,
            %s, %s, %s, %s, %s, NOW()
        ) ON CONFLICT (snapshot_date, appid, region_code, country_iso3) DO UPDATE SET
            player_count = EXCLUDED.player_count,
            share_percentage = EXCLUDED.share_percentage,
            peak_time_bkk = EXCLUDED.peak_time_bkk;
        , parameters: ('2026-09-04', 230410, 'Warframe', 'ASIA_EAST', 'เอเชียตะวันออก', 'JPN', 'ญี่ปุ่น', 1757, 4.85, '19:00 - 23:00 น.')
[2026-09-04T17:47:07.840+0000] {sql.py:562} INFO - Rows affected: 1
[2026-09-04T17:47:07.846+0000] {sql.py:553} INFO - Running statement: 
        INSERT INTO steam_game_regions (
            snapshot_date, appid, game_name, region_code, region_name,
            country_iso3, country_name, player_count, share_percentage, peak_time_bkk, created_at
        ) VALUES (
            %s, %s, %s, %s, %s,
            %s, %s, %s, %s, %s, NOW()
        ) ON CONFLICT (snapshot_date, appid, region_code, country_iso3) DO UPDATE SET
            player_count = EXCLUDED.player_count,
            share_percentage = EXCLUDED.share_percentage,
            peak_time_bkk = EXCLUDED.peak_time_bkk;
        , parameters: ('2026-09-04', 230410, 'Warframe', 'ASIA_EAST', 'เอเชียตะวันออก', 'KOR', 'เกาหลีใต้', 1406, 3.88, '19:00 - 23:00 น.')
[2026-09-04T17:47:07.848+0000] {sql.py:562} INFO - Rows affected: 1
[2026-09-04T17:47:07.855+0000] {sql.py:553} INFO - Running statement: 
        INSERT INTO steam_game_regions (
            snapshot_date, appid, game_name, region_code, region_name,
            country_iso3, country_name, player_count, share_percentage, peak_time_bkk, created_at
        ) VALUES (
            %s, %s, %s, %s, %s,
            %s, %s, %s, %s, %s, NOW()
        ) ON CONFLICT (snapshot_date, appid, region_code, country_iso3) DO UPDATE SET
            player_count = EXCLUDED.player_count,
            share_percentage = EXCLUDED.share_percentage,
            peak_time_bkk = EXCLUDED.peak_time_bkk;
        , parameters: ('2026-09-04', 230410, 'Warframe', 'ASIA_EAST', 'เอเชียตะวันออก', 'TWN', 'ไต้หวัน', 703, 1.94, '19:00 - 23:00 น.')
[2026-09-04T17:47:07.856+0000] {sql.py:562} INFO - Rows affected: 1
[2026-09-04T17:47:07.863+0000] {sql.py:553} INFO - Running statement: 
        INSERT INTO steam_game_regions (
            snapshot_date, appid, game_name, region_code, region_name,
            country_iso3, country_name, player_count, share_percentage, peak_time_bkk, created_at
        ) VALUES (
            %s, %s, %s, %s, %s,
            %s, %s, %s, %s, %s, NOW()
        ) ON CONFLICT (snapshot_date, appid, region_code, country_iso3) DO UPDATE SET
            player_count = EXCLUDED.player_count,
            share_percentage = EXCLUDED.share_percentage,
            peak_time_bkk = EXCLUDED.peak_time_bkk;
        , parameters: ('2026-09-04', 230410, 'Warframe', 'ASIA_SEA', 'เอเชียตะวันออกเฉียงใต้', 'THA', 'ประเทศไทย', 1581, 4.37, '20:00 - 00:00 น.')
[2026-09-04T17:47:07.865+0000] {sql.py:562} INFO - Rows affected: 1
[2026-09-04T17:47:07.871+0000] {sql.py:553} INFO - Running statement: 
        INSERT INTO steam_game_regions (
            snapshot_date, appid, game_name, region_code, region_name,
            country_iso3, country_name, player_count, share_percentage, peak_time_bkk, created_at
        ) VALUES (
            %s, %s, %s, %s, %s,
            %s, %s, %s, %s, %s, NOW()
        ) ON CONFLICT (snapshot_date, appid, region_code, country_iso3) DO UPDATE SET
            player_count = EXCLUDED.player_count,
            share_percentage = EXCLUDED.share_percentage,
            peak_time_bkk = EXCLUDED.peak_time_bkk;
        , parameters: ('2026-09-04', 230410, 'Warframe', 'ASIA_SEA', 'เอเชียตะวันออกเฉียงใต้', 'VNM', 'เวียดนาม', 1230, 3.4, '20:00 - 00:00 น.')
[2026-09-04T17:47:07.873+0000] {sql.py:562} INFO - Rows affected: 1
[2026-09-04T17:47:07.879+0000] {sql.py:553} INFO - Running statement: 
        INSERT INTO steam_game_regions (
            snapshot_date, appid, game_name, region_code, region_name,
            country_iso3, country_name, player_count, share_percentage, peak_time_bkk, created_at
        ) VALUES (
            %s, %s, %s, %s, %s,
            %s, %s, %s, %s, %s, NOW()
        ) ON CONFLICT (snapshot_date, appid, region_code, country_iso3) DO UPDATE SET
            player_count = EXCLUDED.player_count,
            share_percentage = EXCLUDED.share_percentage,
            peak_time_bkk = EXCLUDED.peak_time_bkk;
        , parameters: ('2026-09-04', 230410, 'Warframe', 'ASIA_SEA', 'เอเชียตะวันออกเฉียงใต้', 'IDN', 'อินโดนีเซีย', 1054, 2.91, '20:00 - 00:00 น.')
[2026-09-04T17:47:07.881+0000] {sql.py:562} INFO - Rows affected: 1
[2026-09-04T17:47:07.887+0000] {sql.py:553} INFO - Running statement: 
        INSERT INTO steam_game_regions (
            snapshot_date, appid, game_name, region_code, region_name,
            country_iso3, country_name, player_count, share_percentage, peak_time_bkk, created_at
        ) VALUES (
            %s, %s, %s, %s, %s,
            %s, %s, %s, %s, %s, NOW()
        ) ON CONFLICT (snapshot_date, appid, region_code, country_iso3) DO UPDATE SET
            player_count = EXCLUDED.player_count,
            share_percentage = EXCLUDED.share_percentage,
            peak_time_bkk = EXCLUDED.peak_time_bkk;
        , parameters: ('2026-09-04', 230410, 'Warframe', 'ASIA_SEA', 'เอเชียตะวันออกเฉียงใต้', 'PHL', 'ฟิลิปปินส์', 879, 2.43, '20:00 - 00:00 น.')
[2026-09-04T17:47:07.889+0000] {sql.py:562} INFO - Rows affected: 1
[2026-09-04T17:47:07.896+0000] {sql.py:553} INFO - Running statement: 
        INSERT INTO steam_game_regions (
            snapshot_date, appid, game_name, region_code, region_name,
            country_iso3, country_name, player_count, share_percentage, peak_time_bkk, created_at
        ) VALUES (
            %s, %s, %s, %s, %s,
            %s, %s, %s, %s, %s, NOW()
        ) ON CONFLICT (snapshot_date, appid, region_code, country_iso3) DO UPDATE SET
            player_count = EXCLUDED.player_count,
            share_percentage = EXCLUDED.share_percentage,
            peak_time_bkk = EXCLUDED.peak_time_bkk;
        , parameters: ('2026-09-04', 230410, 'Warframe', 'ASIA_SEA', 'เอเชียตะวันออกเฉียงใต้', 'MYS', 'มาเลเซีย', 527, 1.46, '20:00 - 00:00 น.')
[2026-09-04T17:47:07.898+0000] {sql.py:562} INFO - Rows affected: 1
[2026-09-04T17:47:07.905+0000] {sql.py:553} INFO - Running statement: 
        INSERT INTO steam_game_regions (
            snapshot_date, appid, game_name, region_code, region_name,
            country_iso3, country_name, player_count, share_percentage, peak_time_bkk, created_at
        ) VALUES (
            %s, %s, %s, %s, %s,
            %s, %s, %s, %s, %s, NOW()
        ) ON CONFLICT (snapshot_date, appid, region_code, country_iso3) DO UPDATE SET
            player_count = EXCLUDED.player_count,
            share_percentage = EXCLUDED.share_percentage,
            peak_time_bkk = EXCLUDED.peak_time_bkk;
        , parameters: ('2026-09-04', 230410, 'Warframe', 'ASIA_SEA', 'เอเชียตะวันออกเฉียงใต้', 'SGP', 'สิงคโปร์', 351, 0.97, '20:00 - 00:00 น.')
[2026-09-04T17:47:07.907+0000] {sql.py:562} INFO - Rows affected: 1
[2026-09-04T17:47:07.913+0000] {sql.py:553} INFO - Running statement: 
        INSERT INTO steam_game_regions (
            snapshot_date, appid, game_name, region_code, region_name,
            country_iso3, country_name, player_count, share_percentage, peak_time_bkk, created_at
        ) VALUES (
            %s, %s, %s, %s, %s,
            %s, %s, %s, %s, %s, NOW()
        ) ON CONFLICT (snapshot_date, appid, region_code, country_iso3) DO UPDATE SET
            player_count = EXCLUDED.player_count,
            share_percentage = EXCLUDED.share_percentage,
            peak_time_bkk = EXCLUDED.peak_time_bkk;
        , parameters: ('2026-09-04', 230410, 'Warframe', 'EUROPE', 'ยุโรป', 'RUS', 'รัสเซีย', 4217, 11.65, '22:00 - 02:00 น.')
[2026-09-04T17:47:07.915+0000] {sql.py:562} INFO - Rows affected: 1
[2026-09-04T17:47:07.921+0000] {sql.py:553} INFO - Running statement: 
        INSERT INTO steam_game_regions (
            snapshot_date, appid, game_name, region_code, region_name,
            country_iso3, country_name, player_count, share_percentage, peak_time_bkk, created_at
        ) VALUES (
            %s, %s, %s, %s, %s,
            %s, %s, %s, %s, %s, NOW()
        ) ON CONFLICT (snapshot_date, appid, region_code, country_iso3) DO UPDATE SET
            player_count = EXCLUDED.player_count,
            share_percentage = EXCLUDED.share_percentage,
            peak_time_bkk = EXCLUDED.peak_time_bkk;
        , parameters: ('2026-09-04', 230410, 'Warframe', 'EUROPE', 'ยุโรป', 'DEU', 'เยอรมนี', 2108, 5.83, '00:00 - 04:00 น.')
[2026-09-04T17:47:07.923+0000] {sql.py:562} INFO - Rows affected: 1
[2026-09-04T17:47:07.930+0000] {sql.py:553} INFO - Running statement: 
        INSERT INTO steam_game_regions (
            snapshot_date, appid, game_name, region_code, region_name,
            country_iso3, country_name, player_count, share_percentage, peak_time_bkk, created_at
        ) VALUES (
            %s, %s, %s, %s, %s,
            %s, %s, %s, %s, %s, NOW()
        ) ON CONFLICT (snapshot_date, appid, region_code, country_iso3) DO UPDATE SET
            player_count = EXCLUDED.player_count,
            share_percentage = EXCLUDED.share_percentage,
            peak_time_bkk = EXCLUDED.peak_time_bkk;
        , parameters: ('2026-09-04', 230410, 'Warframe', 'EUROPE', 'ยุโรป', 'GBR', 'สหราชอาณาจักร', 1406, 3.88, '01:00 - 05:00 น.')
[2026-09-04T17:47:07.931+0000] {sql.py:562} INFO - Rows affected: 1
[2026-09-04T17:47:07.938+0000] {sql.py:553} INFO - Running statement: 
        INSERT INTO steam_game_regions (
            snapshot_date, appid, game_name, region_code, region_name,
            country_iso3, country_name, player_count, share_percentage, peak_time_bkk, created_at
        ) VALUES (
            %s, %s, %s, %s, %s,
            %s, %s, %s, %s, %s, NOW()
        ) ON CONFLICT (snapshot_date, appid, region_code, country_iso3) DO UPDATE SET
            player_count = EXCLUDED.player_count,
            share_percentage = EXCLUDED.share_percentage,
            peak_time_bkk = EXCLUDED.peak_time_bkk;
        , parameters: ('2026-09-04', 230410, 'Warframe', 'EUROPE', 'ยุโรป', 'FRA', 'ฝรั่งเศส', 1054, 2.91, '00:00 - 04:00 น.')
[2026-09-04T17:47:07.940+0000] {sql.py:562} INFO - Rows affected: 1
[2026-09-04T17:47:07.946+0000] {sql.py:553} INFO - Running statement: 
        INSERT INTO steam_game_regions (
            snapshot_date, appid, game_name, region_code, region_name,
            country_iso3, country_name, player_count, share_percentage, peak_time_bkk, created_at
        ) VALUES (
            %s, %s, %s, %s, %s,
            %s, %s, %s, %s, %s, NOW()
        ) ON CONFLICT (snapshot_date, appid, region_code, country_iso3) DO UPDATE SET
            player_count = EXCLUDED.player_count,
            share_percentage = EXCLUDED.share_percentage,
            peak_time_bkk = EXCLUDED.peak_time_bkk;
        , parameters: ('2026-09-04', 230410, 'Warframe', 'EUROPE', 'ยุโรป', 'POL', 'โปแลนด์', 1054, 2.91, '00:00 - 04:00 น.')
[2026-09-04T17:47:07.948+0000] {sql.py:562} INFO - Rows affected: 1
[2026-09-04T17:47:07.955+0000] {sql.py:553} INFO - Running statement: 
        INSERT INTO steam_game_regions (
            snapshot_date, appid, game_name, region_code, region_name,
            country_iso3, country_name, player_count, share_percentage, peak_time_bkk, created_at
        ) VALUES (
            %s, %s, %s, %s, %s,
            %s, %s, %s, %s, %s, NOW()
        ) ON CONFLICT (snapshot_date, appid, region_code, country_iso3) DO UPDATE SET
            player_count = EXCLUDED.player_count,
            share_percentage = EXCLUDED.share_percentage,
            peak_time_bkk = EXCLUDED.peak_time_bkk;
        , parameters: ('2026-09-04', 230410, 'Warframe', 'NORTH_AMERICA', 'อเมริกาเหนือ', 'USA', 'สหรัฐอเมริกา', 3865, 10.68, '07:00 - 11:00 น.')
[2026-09-04T17:47:07.956+0000] {sql.py:562} INFO - Rows affected: 1
[2026-09-04T17:47:07.963+0000] {sql.py:553} INFO - Running statement: 
        INSERT INTO steam_game_regions (
            snapshot_date, appid, game_name, region_code, region_name,
            country_iso3, country_name, player_count, share_percentage, peak_time_bkk, created_at
        ) VALUES (
            %s, %s, %s, %s, %s,
            %s, %s, %s, %s, %s, NOW()
        ) ON CONFLICT (snapshot_date, appid, region_code, country_iso3) DO UPDATE SET
            player_count = EXCLUDED.player_count,
            share_percentage = EXCLUDED.share_percentage,
            peak_time_bkk = EXCLUDED.peak_time_bkk;
        , parameters: ('2026-09-04', 230410, 'Warframe', 'NORTH_AMERICA', 'อเมริกาเหนือ', 'CAN', 'แคนาดา', 703, 1.94, '07:00 - 11:00 น.')
[2026-09-04T17:47:07.965+0000] {sql.py:562} INFO - Rows affected: 1
[2026-09-04T17:47:07.971+0000] {sql.py:553} INFO - Running statement: 
        INSERT INTO steam_game_regions (
            snapshot_date, appid, game_name, region_code, region_name,
            country_iso3, country_name, player_count, share_percentage, peak_time_bkk, created_at
        ) VALUES (
            %s, %s, %s, %s, %s,
            %s, %s, %s, %s, %s, NOW()
        ) ON CONFLICT (snapshot_date, appid, region_code, country_iso3) DO UPDATE SET
            player_count = EXCLUDED.player_count,
            share_percentage = EXCLUDED.share_percentage,
            peak_time_bkk = EXCLUDED.peak_time_bkk;
        , parameters: ('2026-09-04', 230410, 'Warframe', 'LATIN_AMERICA', 'ลาตินอเมริกา', 'BRA', 'บราซิล', 1406, 3.88, '05:00 - 09:00 น.')
[2026-09-04T17:47:07.973+0000] {sql.py:562} INFO - Rows affected: 1
[2026-09-04T17:47:07.980+0000] {sql.py:553} INFO - Running statement: 
        INSERT INTO steam_game_regions (
            snapshot_date, appid, game_name, region_code, region_name,
            country_iso3, country_name, player_count, share_percentage, peak_time_bkk, created_at
        ) VALUES (
            %s, %s, %s, %s, %s,
            %s, %s, %s, %s, %s, NOW()
        ) ON CONFLICT (snapshot_date, appid, region_code, country_iso3) DO UPDATE SET
            player_count = EXCLUDED.player_count,
            share_percentage = EXCLUDED.share_percentage,
            peak_time_bkk = EXCLUDED.peak_time_bkk;
        , parameters: ('2026-09-04', 230410, 'Warframe', 'LATIN_AMERICA', 'ลาตินอเมริกา', 'ARG', 'อาร์เจนตินา', 527, 1.46, '05:00 - 09:00 น.')
[2026-09-04T17:47:07.982+0000] {sql.py:562} INFO - Rows affected: 1
[2026-09-04T17:47:07.989+0000] {sql.py:553} INFO - Running statement: 
        INSERT INTO steam_game_regions (
            snapshot_date, appid, game_name, region_code, region_name,
            country_iso3, country_name, player_count, share_percentage, peak_time_bkk, created_at
        ) VALUES (
            %s, %s, %s, %s, %s,
            %s, %s, %s, %s, %s, NOW()
        ) ON CONFLICT (snapshot_date, appid, region_code, country_iso3) DO UPDATE SET
            player_count = EXCLUDED.player_count,
            share_percentage = EXCLUDED.share_percentage,
            peak_time_bkk = EXCLUDED.peak_time_bkk;
        , parameters: ('2026-09-04', 230410, 'Warframe', 'OCEANIA', 'โอเชียเนีย', 'AUS', 'ออสเตรเลีย', 527, 1.46, '16:00 - 20:00 น.')
[2026-09-04T17:47:07.991+0000] {sql.py:562} INFO - Rows affected: 1
[2026-09-04T17:47:07.998+0000] {sql.py:553} INFO - Running statement: 
        INSERT INTO steam_game_regions (
            snapshot_date, appid, game_name, region_code, region_name,
            country_iso3, country_name, player_count, share_percentage, peak_time_bkk, created_at
        ) VALUES (
            %s, %s, %s, %s, %s,
            %s, %s, %s, %s, %s, NOW()
        ) ON CONFLICT (snapshot_date, appid, region_code, country_iso3) DO UPDATE SET
            player_count = EXCLUDED.player_count,
            share_percentage = EXCLUDED.share_percentage,
            peak_time_bkk = EXCLUDED.peak_time_bkk;
        , parameters: ('2026-09-04', 2694490, 'Path of Exile 2', 'ASIA_EAST', 'เอเชียตะวันออก', 'CHN', 'จีน', 4547, 27.18, '19:00 - 23:00 น.')
[2026-09-04T17:47:08.000+0000] {sql.py:562} INFO - Rows affected: 1
[2026-09-04T17:47:08.007+0000] {sql.py:553} INFO - Running statement: 
        INSERT INTO steam_game_regions (
            snapshot_date, appid, game_name, region_code, region_name,
            country_iso3, country_name, player_count, share_percentage, peak_time_bkk, created_at
        ) VALUES (
            %s, %s, %s, %s, %s,
            %s, %s, %s, %s, %s, NOW()
        ) ON CONFLICT (snapshot_date, appid, region_code, country_iso3) DO UPDATE SET
            player_count = EXCLUDED.player_count,
            share_percentage = EXCLUDED.share_percentage,
            peak_time_bkk = EXCLUDED.peak_time_bkk;
        , parameters: ('2026-09-04', 2694490, 'Path of Exile 2', 'ASIA_EAST', 'เอเชียตะวันออก', 'JPN', 'ญี่ปุ่น', 812, 4.85, '19:00 - 23:00 น.')
[2026-09-04T17:47:08.009+0000] {sql.py:562} INFO - Rows affected: 1
[2026-09-04T17:47:08.016+0000] {sql.py:553} INFO - Running statement: 
        INSERT INTO steam_game_regions (
            snapshot_date, appid, game_name, region_code, region_name,
            country_iso3, country_name, player_count, share_percentage, peak_time_bkk, created_at
        ) VALUES (
            %s, %s, %s, %s, %s,
            %s, %s, %s, %s, %s, NOW()
        ) ON CONFLICT (snapshot_date, appid, region_code, country_iso3) DO UPDATE SET
            player_count = EXCLUDED.player_count,
            share_percentage = EXCLUDED.share_percentage,
            peak_time_bkk = EXCLUDED.peak_time_bkk;
        , parameters: ('2026-09-04', 2694490, 'Path of Exile 2', 'ASIA_EAST', 'เอเชียตะวันออก', 'KOR', 'เกาหลีใต้', 650, 3.88, '19:00 - 23:00 น.')
[2026-09-04T17:47:08.018+0000] {sql.py:562} INFO - Rows affected: 1
[2026-09-04T17:47:08.024+0000] {sql.py:553} INFO - Running statement: 
        INSERT INTO steam_game_regions (
            snapshot_date, appid, game_name, region_code, region_name,
            country_iso3, country_name, player_count, share_percentage, peak_time_bkk, created_at
        ) VALUES (
            %s, %s, %s, %s, %s,
            %s, %s, %s, %s, %s, NOW()
        ) ON CONFLICT (snapshot_date, appid, region_code, country_iso3) DO UPDATE SET
            player_count = EXCLUDED.player_count,
            share_percentage = EXCLUDED.share_percentage,
            peak_time_bkk = EXCLUDED.peak_time_bkk;
        , parameters: ('2026-09-04', 2694490, 'Path of Exile 2', 'ASIA_EAST', 'เอเชียตะวันออก', 'TWN', 'ไต้หวัน', 325, 1.94, '19:00 - 23:00 น.')
[2026-09-04T17:47:08.026+0000] {sql.py:562} INFO - Rows affected: 1
[2026-09-04T17:47:08.033+0000] {sql.py:553} INFO - Running statement: 
        INSERT INTO steam_game_regions (
            snapshot_date, appid, game_name, region_code, region_name,
            country_iso3, country_name, player_count, share_percentage, peak_time_bkk, created_at
        ) VALUES (
            %s, %s, %s, %s, %s,
            %s, %s, %s, %s, %s, NOW()
        ) ON CONFLICT (snapshot_date, appid, region_code, country_iso3) DO UPDATE SET
            player_count = EXCLUDED.player_count,
            share_percentage = EXCLUDED.share_percentage,
            peak_time_bkk = EXCLUDED.peak_time_bkk;
        , parameters: ('2026-09-04', 2694490, 'Path of Exile 2', 'ASIA_SEA', 'เอเชียตะวันออกเฉียงใต้', 'THA', 'ประเทศไทย', 731, 4.37, '20:00 - 00:00 น.')
[2026-09-04T17:47:08.034+0000] {sql.py:562} INFO - Rows affected: 1
[2026-09-04T17:47:08.041+0000] {sql.py:553} INFO - Running statement: 
        INSERT INTO steam_game_regions (
            snapshot_date, appid, game_name, region_code, region_name,
            country_iso3, country_name, player_count, share_percentage, peak_time_bkk, created_at
        ) VALUES (
            %s, %s, %s, %s, %s,
            %s, %s, %s, %s, %s, NOW()
        ) ON CONFLICT (snapshot_date, appid, region_code, country_iso3) DO UPDATE SET
            player_count = EXCLUDED.player_count,
            share_percentage = EXCLUDED.share_percentage,
            peak_time_bkk = EXCLUDED.peak_time_bkk;
        , parameters: ('2026-09-04', 2694490, 'Path of Exile 2', 'ASIA_SEA', 'เอเชียตะวันออกเฉียงใต้', 'VNM', 'เวียดนาม', 568, 3.4, '20:00 - 00:00 น.')
[2026-09-04T17:47:08.043+0000] {sql.py:562} INFO - Rows affected: 1
[2026-09-04T17:47:08.051+0000] {sql.py:553} INFO - Running statement: 
        INSERT INTO steam_game_regions (
            snapshot_date, appid, game_name, region_code, region_name,
            country_iso3, country_name, player_count, share_percentage, peak_time_bkk, created_at
        ) VALUES (
            %s, %s, %s, %s, %s,
            %s, %s, %s, %s, %s, NOW()
        ) ON CONFLICT (snapshot_date, appid, region_code, country_iso3) DO UPDATE SET
            player_count = EXCLUDED.player_count,
            share_percentage = EXCLUDED.share_percentage,
            peak_time_bkk = EXCLUDED.peak_time_bkk;
        , parameters: ('2026-09-04', 2694490, 'Path of Exile 2', 'ASIA_SEA', 'เอเชียตะวันออกเฉียงใต้', 'IDN', 'อินโดนีเซีย', 487, 2.91, '20:00 - 00:00 น.')
[2026-09-04T17:47:08.053+0000] {sql.py:562} INFO - Rows affected: 1
[2026-09-04T17:47:08.059+0000] {sql.py:553} INFO - Running statement: 
        INSERT INTO steam_game_regions (
            snapshot_date, appid, game_name, region_code, region_name,
            country_iso3, country_name, player_count, share_percentage, peak_time_bkk, created_at
        ) VALUES (
            %s, %s, %s, %s, %s,
            %s, %s, %s, %s, %s, NOW()
        ) ON CONFLICT (snapshot_date, appid, region_code, country_iso3) DO UPDATE SET
            player_count = EXCLUDED.player_count,
            share_percentage = EXCLUDED.share_percentage,
            peak_time_bkk = EXCLUDED.peak_time_bkk;
        , parameters: ('2026-09-04', 2694490, 'Path of Exile 2', 'ASIA_SEA', 'เอเชียตะวันออกเฉียงใต้', 'PHL', 'ฟิลิปปินส์', 406, 2.43, '20:00 - 00:00 น.')
[2026-09-04T17:47:08.061+0000] {sql.py:562} INFO - Rows affected: 1
[2026-09-04T17:47:08.067+0000] {sql.py:553} INFO - Running statement: 
        INSERT INTO steam_game_regions (
            snapshot_date, appid, game_name, region_code, region_name,
            country_iso3, country_name, player_count, share_percentage, peak_time_bkk, created_at
        ) VALUES (
            %s, %s, %s, %s, %s,
            %s, %s, %s, %s, %s, NOW()
        ) ON CONFLICT (snapshot_date, appid, region_code, country_iso3) DO UPDATE SET
            player_count = EXCLUDED.player_count,
            share_percentage = EXCLUDED.share_percentage,
            peak_time_bkk = EXCLUDED.peak_time_bkk;
        , parameters: ('2026-09-04', 2694490, 'Path of Exile 2', 'ASIA_SEA', 'เอเชียตะวันออกเฉียงใต้', 'MYS', 'มาเลเซีย', 244, 1.46, '20:00 - 00:00 น.')
[2026-09-04T17:47:08.069+0000] {sql.py:562} INFO - Rows affected: 1
[2026-09-04T17:47:08.076+0000] {sql.py:553} INFO - Running statement: 
        INSERT INTO steam_game_regions (
            snapshot_date, appid, game_name, region_code, region_name,
            country_iso3, country_name, player_count, share_percentage, peak_time_bkk, created_at
        ) VALUES (
            %s, %s, %s, %s, %s,
            %s, %s, %s, %s, %s, NOW()
        ) ON CONFLICT (snapshot_date, appid, region_code, country_iso3) DO UPDATE SET
            player_count = EXCLUDED.player_count,
            share_percentage = EXCLUDED.share_percentage,
            peak_time_bkk = EXCLUDED.peak_time_bkk;
        , parameters: ('2026-09-04', 2694490, 'Path of Exile 2', 'ASIA_SEA', 'เอเชียตะวันออกเฉียงใต้', 'SGP', 'สิงคโปร์', 162, 0.97, '20:00 - 00:00 น.')
[2026-09-04T17:47:08.078+0000] {sql.py:562} INFO - Rows affected: 1
[2026-09-04T17:47:08.085+0000] {sql.py:553} INFO - Running statement: 
        INSERT INTO steam_game_regions (
            snapshot_date, appid, game_name, region_code, region_name,
            country_iso3, country_name, player_count, share_percentage, peak_time_bkk, created_at
        ) VALUES (
            %s, %s, %s, %s, %s,
            %s, %s, %s, %s, %s, NOW()
        ) ON CONFLICT (snapshot_date, appid, region_code, country_iso3) DO UPDATE SET
            player_count = EXCLUDED.player_count,
            share_percentage = EXCLUDED.share_percentage,
            peak_time_bkk = EXCLUDED.peak_time_bkk;
        , parameters: ('2026-09-04', 2694490, 'Path of Exile 2', 'EUROPE', 'ยุโรป', 'RUS', 'รัสเซีย', 1949, 11.65, '22:00 - 02:00 น.')
[2026-09-04T17:47:08.087+0000] {sql.py:562} INFO - Rows affected: 1
[2026-09-04T17:47:08.093+0000] {sql.py:553} INFO - Running statement: 
        INSERT INTO steam_game_regions (
            snapshot_date, appid, game_name, region_code, region_name,
            country_iso3, country_name, player_count, share_percentage, peak_time_bkk, created_at
        ) VALUES (
            %s, %s, %s, %s, %s,
            %s, %s, %s, %s, %s, NOW()
        ) ON CONFLICT (snapshot_date, appid, region_code, country_iso3) DO UPDATE SET
            player_count = EXCLUDED.player_count,
            share_percentage = EXCLUDED.share_percentage,
            peak_time_bkk = EXCLUDED.peak_time_bkk;
        , parameters: ('2026-09-04', 2694490, 'Path of Exile 2', 'EUROPE', 'ยุโรป', 'DEU', 'เยอรมนี', 974, 5.83, '00:00 - 04:00 น.')
[2026-09-04T17:47:08.095+0000] {sql.py:562} INFO - Rows affected: 1
[2026-09-04T17:47:08.101+0000] {sql.py:553} INFO - Running statement: 
        INSERT INTO steam_game_regions (
            snapshot_date, appid, game_name, region_code, region_name,
            country_iso3, country_name, player_count, share_percentage, peak_time_bkk, created_at
        ) VALUES (
            %s, %s, %s, %s, %s,
            %s, %s, %s, %s, %s, NOW()
        ) ON CONFLICT (snapshot_date, appid, region_code, country_iso3) DO UPDATE SET
            player_count = EXCLUDED.player_count,
            share_percentage = EXCLUDED.share_percentage,
            peak_time_bkk = EXCLUDED.peak_time_bkk;
        , parameters: ('2026-09-04', 2694490, 'Path of Exile 2', 'EUROPE', 'ยุโรป', 'GBR', 'สหราชอาณาจักร', 650, 3.88, '01:00 - 05:00 น.')
[2026-09-04T17:47:08.103+0000] {sql.py:562} INFO - Rows affected: 1
[2026-09-04T17:47:08.110+0000] {sql.py:553} INFO - Running statement: 
        INSERT INTO steam_game_regions (
            snapshot_date, appid, game_name, region_code, region_name,
            country_iso3, country_name, player_count, share_percentage, peak_time_bkk, created_at
        ) VALUES (
            %s, %s, %s, %s, %s,
            %s, %s, %s, %s, %s, NOW()
        ) ON CONFLICT (snapshot_date, appid, region_code, country_iso3) DO UPDATE SET
            player_count = EXCLUDED.player_count,
            share_percentage = EXCLUDED.share_percentage,
            peak_time_bkk = EXCLUDED.peak_time_bkk;
        , parameters: ('2026-09-04', 2694490, 'Path of Exile 2', 'EUROPE', 'ยุโรป', 'FRA', 'ฝรั่งเศส', 487, 2.91, '00:00 - 04:00 น.')
[2026-09-04T17:47:08.112+0000] {sql.py:562} INFO - Rows affected: 1
[2026-09-04T17:47:08.119+0000] {sql.py:553} INFO - Running statement: 
        INSERT INTO steam_game_regions (
            snapshot_date, appid, game_name, region_code, region_name,
            country_iso3, country_name, player_count, share_percentage, peak_time_bkk, created_at
        ) VALUES (
            %s, %s, %s, %s, %s,
            %s, %s, %s, %s, %s, NOW()
        ) ON CONFLICT (snapshot_date, appid, region_code, country_iso3) DO UPDATE SET
            player_count = EXCLUDED.player_count,
            share_percentage = EXCLUDED.share_percentage,
            peak_time_bkk = EXCLUDED.peak_time_bkk;
        , parameters: ('2026-09-04', 2694490, 'Path of Exile 2', 'EUROPE', 'ยุโรป', 'POL', 'โปแลนด์', 487, 2.91, '00:00 - 04:00 น.')
[2026-09-04T17:47:08.121+0000] {sql.py:562} INFO - Rows affected: 1
[2026-09-04T17:47:08.127+0000] {sql.py:553} INFO - Running statement: 
        INSERT INTO steam_game_regions (
            snapshot_date, appid, game_name, region_code, region_name,
            country_iso3, country_name, player_count, share_percentage, peak_time_bkk, created_at
        ) VALUES (
            %s, %s, %s, %s, %s,
            %s, %s, %s, %s, %s, NOW()
        ) ON CONFLICT (snapshot_date, appid, region_code, country_iso3) DO UPDATE SET
            player_count = EXCLUDED.player_count,
            share_percentage = EXCLUDED.share_percentage,
            peak_time_bkk = EXCLUDED.peak_time_bkk;
        , parameters: ('2026-09-04', 2694490, 'Path of Exile 2', 'NORTH_AMERICA', 'อเมริกาเหนือ', 'USA', 'สหรัฐอเมริกา', 1786, 10.68, '07:00 - 11:00 น.')
[2026-09-04T17:47:08.129+0000] {sql.py:562} INFO - Rows affected: 1
[2026-09-04T17:47:08.135+0000] {sql.py:553} INFO - Running statement: 
        INSERT INTO steam_game_regions (
            snapshot_date, appid, game_name, region_code, region_name,
            country_iso3, country_name, player_count, share_percentage, peak_time_bkk, created_at
        ) VALUES (
            %s, %s, %s, %s, %s,
            %s, %s, %s, %s, %s, NOW()
        ) ON CONFLICT (snapshot_date, appid, region_code, country_iso3) DO UPDATE SET
            player_count = EXCLUDED.player_count,
            share_percentage = EXCLUDED.share_percentage,
            peak_time_bkk = EXCLUDED.peak_time_bkk;
        , parameters: ('2026-09-04', 2694490, 'Path of Exile 2', 'NORTH_AMERICA', 'อเมริกาเหนือ', 'CAN', 'แคนาดา', 325, 1.94, '07:00 - 11:00 น.')
[2026-09-04T17:47:08.137+0000] {sql.py:562} INFO - Rows affected: 1
[2026-09-04T17:47:08.143+0000] {sql.py:553} INFO - Running statement: 
        INSERT INTO steam_game_regions (
            snapshot_date, appid, game_name, region_code, region_name,
            country_iso3, country_name, player_count, share_percentage, peak_time_bkk, created_at
        ) VALUES (
            %s, %s, %s, %s, %s,
            %s, %s, %s, %s, %s, NOW()
        ) ON CONFLICT (snapshot_date, appid, region_code, country_iso3) DO UPDATE SET
            player_count = EXCLUDED.player_count,
            share_percentage = EXCLUDED.share_percentage,
            peak_time_bkk = EXCLUDED.peak_time_bkk;
        , parameters: ('2026-09-04', 2694490, 'Path of Exile 2', 'LATIN_AMERICA', 'ลาตินอเมริกา', 'BRA', 'บราซิล', 650, 3.88, '05:00 - 09:00 น.')
[2026-09-04T17:47:08.145+0000] {sql.py:562} INFO - Rows affected: 1
[2026-09-04T17:47:08.152+0000] {sql.py:553} INFO - Running statement: 
        INSERT INTO steam_game_regions (
            snapshot_date, appid, game_name, region_code, region_name,
            country_iso3, country_name, player_count, share_percentage, peak_time_bkk, created_at
        ) VALUES (
            %s, %s, %s, %s, %s,
            %s, %s, %s, %s, %s, NOW()
        ) ON CONFLICT (snapshot_date, appid, region_code, country_iso3) DO UPDATE SET
            player_count = EXCLUDED.player_count,
            share_percentage = EXCLUDED.share_percentage,
            peak_time_bkk = EXCLUDED.peak_time_bkk;
        , parameters: ('2026-09-04', 2694490, 'Path of Exile 2', 'LATIN_AMERICA', 'ลาตินอเมริกา', 'ARG', 'อาร์เจนตินา', 244, 1.46, '05:00 - 09:00 น.')
[2026-09-04T17:47:08.153+0000] {sql.py:562} INFO - Rows affected: 1
[2026-09-04T17:47:08.160+0000] {sql.py:553} INFO - Running statement: 
        INSERT INTO steam_game_regions (
            snapshot_date, appid, game_name, region_code, region_name,
            country_iso3, country_name, player_count, share_percentage, peak_time_bkk, created_at
        ) VALUES (
            %s, %s, %s, %s, %s,
            %s, %s, %s, %s, %s, NOW()
        ) ON CONFLICT (snapshot_date, appid, region_code, country_iso3) DO UPDATE SET
            player_count = EXCLUDED.player_count,
            share_percentage = EXCLUDED.share_percentage,
            peak_time_bkk = EXCLUDED.peak_time_bkk;
        , parameters: ('2026-09-04', 2694490, 'Path of Exile 2', 'OCEANIA', 'โอเชียเนีย', 'AUS', 'ออสเตรเลีย', 244, 1.46, '16:00 - 20:00 น.')
[2026-09-04T17:47:08.161+0000] {sql.py:562} INFO - Rows affected: 1
[2026-09-04T17:47:08.168+0000] {sql.py:553} INFO - Running statement: 
        INSERT INTO steam_game_regions (
            snapshot_date, appid, game_name, region_code, region_name,
            country_iso3, country_name, player_count, share_percentage, peak_time_bkk, created_at
        ) VALUES (
            %s, %s, %s, %s, %s,
            %s, %s, %s, %s, %s, NOW()
        ) ON CONFLICT (snapshot_date, appid, region_code, country_iso3) DO UPDATE SET
            player_count = EXCLUDED.player_count,
            share_percentage = EXCLUDED.share_percentage,
            peak_time_bkk = EXCLUDED.peak_time_bkk;
        , parameters: ('2026-09-04', 431960, 'Wallpaper Engine', 'ASIA_EAST', 'เอเชียตะวันออก', 'CHN', 'จีน', 24788, 27.18, '19:00 - 23:00 น.')
[2026-09-04T17:47:08.169+0000] {sql.py:562} INFO - Rows affected: 1
[2026-09-04T17:47:08.176+0000] {sql.py:553} INFO - Running statement: 
        INSERT INTO steam_game_regions (
            snapshot_date, appid, game_name, region_code, region_name,
            country_iso3, country_name, player_count, share_percentage, peak_time_bkk, created_at
        ) VALUES (
            %s, %s, %s, %s, %s,
            %s, %s, %s, %s, %s, NOW()
        ) ON CONFLICT (snapshot_date, appid, region_code, country_iso3) DO UPDATE SET
            player_count = EXCLUDED.player_count,
            share_percentage = EXCLUDED.share_percentage,
            peak_time_bkk = EXCLUDED.peak_time_bkk;
        , parameters: ('2026-09-04', 431960, 'Wallpaper Engine', 'ASIA_EAST', 'เอเชียตะวันออก', 'JPN', 'ญี่ปุ่น', 4426, 4.85, '19:00 - 23:00 น.')
[2026-09-04T17:47:08.178+0000] {sql.py:562} INFO - Rows affected: 1
[2026-09-04T17:47:08.184+0000] {sql.py:553} INFO - Running statement: 
        INSERT INTO steam_game_regions (
            snapshot_date, appid, game_name, region_code, region_name,
            country_iso3, country_name, player_count, share_percentage, peak_time_bkk, created_at
        ) VALUES (
            %s, %s, %s, %s, %s,
            %s, %s, %s, %s, %s, NOW()
        ) ON CONFLICT (snapshot_date, appid, region_code, country_iso3) DO UPDATE SET
            player_count = EXCLUDED.player_count,
            share_percentage = EXCLUDED.share_percentage,
            peak_time_bkk = EXCLUDED.peak_time_bkk;
        , parameters: ('2026-09-04', 431960, 'Wallpaper Engine', 'ASIA_EAST', 'เอเชียตะวันออก', 'KOR', 'เกาหลีใต้', 3541, 3.88, '19:00 - 23:00 น.')
[2026-09-04T17:47:08.186+0000] {sql.py:562} INFO - Rows affected: 1
[2026-09-04T17:47:08.193+0000] {sql.py:553} INFO - Running statement: 
        INSERT INTO steam_game_regions (
            snapshot_date, appid, game_name, region_code, region_name,
            country_iso3, country_name, player_count, share_percentage, peak_time_bkk, created_at
        ) VALUES (
            %s, %s, %s, %s, %s,
            %s, %s, %s, %s, %s, NOW()
        ) ON CONFLICT (snapshot_date, appid, region_code, country_iso3) DO UPDATE SET
            player_count = EXCLUDED.player_count,
            share_percentage = EXCLUDED.share_percentage,
            peak_time_bkk = EXCLUDED.peak_time_bkk;
        , parameters: ('2026-09-04', 431960, 'Wallpaper Engine', 'ASIA_EAST', 'เอเชียตะวันออก', 'TWN', 'ไต้หวัน', 1771, 1.94, '19:00 - 23:00 น.')
[2026-09-04T17:47:08.194+0000] {sql.py:562} INFO - Rows affected: 1
[2026-09-04T17:47:08.201+0000] {sql.py:553} INFO - Running statement: 
        INSERT INTO steam_game_regions (
            snapshot_date, appid, game_name, region_code, region_name,
            country_iso3, country_name, player_count, share_percentage, peak_time_bkk, created_at
        ) VALUES (
            %s, %s, %s, %s, %s,
            %s, %s, %s, %s, %s, NOW()
        ) ON CONFLICT (snapshot_date, appid, region_code, country_iso3) DO UPDATE SET
            player_count = EXCLUDED.player_count,
            share_percentage = EXCLUDED.share_percentage,
            peak_time_bkk = EXCLUDED.peak_time_bkk;
        , parameters: ('2026-09-04', 431960, 'Wallpaper Engine', 'ASIA_SEA', 'เอเชียตะวันออกเฉียงใต้', 'THA', 'ประเทศไทย', 3984, 4.37, '20:00 - 00:00 น.')
[2026-09-04T17:47:08.202+0000] {sql.py:562} INFO - Rows affected: 1
[2026-09-04T17:47:08.208+0000] {sql.py:553} INFO - Running statement: 
        INSERT INTO steam_game_regions (
            snapshot_date, appid, game_name, region_code, region_name,
            country_iso3, country_name, player_count, share_percentage, peak_time_bkk, created_at
        ) VALUES (
            %s, %s, %s, %s, %s,
            %s, %s, %s, %s, %s, NOW()
        ) ON CONFLICT (snapshot_date, appid, region_code, country_iso3) DO UPDATE SET
            player_count = EXCLUDED.player_count,
            share_percentage = EXCLUDED.share_percentage,
            peak_time_bkk = EXCLUDED.peak_time_bkk;
        , parameters: ('2026-09-04', 431960, 'Wallpaper Engine', 'ASIA_SEA', 'เอเชียตะวันออกเฉียงใต้', 'VNM', 'เวียดนาม', 3098, 3.4, '20:00 - 00:00 น.')
[2026-09-04T17:47:08.210+0000] {sql.py:562} INFO - Rows affected: 1
[2026-09-04T17:47:08.217+0000] {sql.py:553} INFO - Running statement: 
        INSERT INTO steam_game_regions (
            snapshot_date, appid, game_name, region_code, region_name,
            country_iso3, country_name, player_count, share_percentage, peak_time_bkk, created_at
        ) VALUES (
            %s, %s, %s, %s, %s,
            %s, %s, %s, %s, %s, NOW()
        ) ON CONFLICT (snapshot_date, appid, region_code, country_iso3) DO UPDATE SET
            player_count = EXCLUDED.player_count,
            share_percentage = EXCLUDED.share_percentage,
            peak_time_bkk = EXCLUDED.peak_time_bkk;
        , parameters: ('2026-09-04', 431960, 'Wallpaper Engine', 'ASIA_SEA', 'เอเชียตะวันออกเฉียงใต้', 'IDN', 'อินโดนีเซีย', 2656, 2.91, '20:00 - 00:00 น.')
[2026-09-04T17:47:08.219+0000] {sql.py:562} INFO - Rows affected: 1
[2026-09-04T17:47:08.225+0000] {sql.py:553} INFO - Running statement: 
        INSERT INTO steam_game_regions (
            snapshot_date, appid, game_name, region_code, region_name,
            country_iso3, country_name, player_count, share_percentage, peak_time_bkk, created_at
        ) VALUES (
            %s, %s, %s, %s, %s,
            %s, %s, %s, %s, %s, NOW()
        ) ON CONFLICT (snapshot_date, appid, region_code, country_iso3) DO UPDATE SET
            player_count = EXCLUDED.player_count,
            share_percentage = EXCLUDED.share_percentage,
            peak_time_bkk = EXCLUDED.peak_time_bkk;
        , parameters: ('2026-09-04', 431960, 'Wallpaper Engine', 'ASIA_SEA', 'เอเชียตะวันออกเฉียงใต้', 'PHL', 'ฟิลิปปินส์', 2213, 2.43, '20:00 - 00:00 น.')
[2026-09-04T17:47:08.227+0000] {sql.py:562} INFO - Rows affected: 1
[2026-09-04T17:47:08.233+0000] {sql.py:553} INFO - Running statement: 
        INSERT INTO steam_game_regions (
            snapshot_date, appid, game_name, region_code, region_name,
            country_iso3, country_name, player_count, share_percentage, peak_time_bkk, created_at
        ) VALUES (
            %s, %s, %s, %s, %s,
            %s, %s, %s, %s, %s, NOW()
        ) ON CONFLICT (snapshot_date, appid, region_code, country_iso3) DO UPDATE SET
            player_count = EXCLUDED.player_count,
            share_percentage = EXCLUDED.share_percentage,
            peak_time_bkk = EXCLUDED.peak_time_bkk;
        , parameters: ('2026-09-04', 431960, 'Wallpaper Engine', 'ASIA_SEA', 'เอเชียตะวันออกเฉียงใต้', 'MYS', 'มาเลเซีย', 1328, 1.46, '20:00 - 00:00 น.')
[2026-09-04T17:47:08.235+0000] {sql.py:562} INFO - Rows affected: 1
[2026-09-04T17:47:08.241+0000] {sql.py:553} INFO - Running statement: 
        INSERT INTO steam_game_regions (
            snapshot_date, appid, game_name, region_code, region_name,
            country_iso3, country_name, player_count, share_percentage, peak_time_bkk, created_at
        ) VALUES (
            %s, %s, %s, %s, %s,
            %s, %s, %s, %s, %s, NOW()
        ) ON CONFLICT (snapshot_date, appid, region_code, country_iso3) DO UPDATE SET
            player_count = EXCLUDED.player_count,
            share_percentage = EXCLUDED.share_percentage,
            peak_time_bkk = EXCLUDED.peak_time_bkk;
        , parameters: ('2026-09-04', 431960, 'Wallpaper Engine', 'ASIA_SEA', 'เอเชียตะวันออกเฉียงใต้', 'SGP', 'สิงคโปร์', 885, 0.97, '20:00 - 00:00 น.')
[2026-09-04T17:47:08.243+0000] {sql.py:562} INFO - Rows affected: 1
[2026-09-04T17:47:08.250+0000] {sql.py:553} INFO - Running statement: 
        INSERT INTO steam_game_regions (
            snapshot_date, appid, game_name, region_code, region_name,
            country_iso3, country_name, player_count, share_percentage, peak_time_bkk, created_at
        ) VALUES (
            %s, %s, %s, %s, %s,
            %s, %s, %s, %s, %s, NOW()
        ) ON CONFLICT (snapshot_date, appid, region_code, country_iso3) DO UPDATE SET
            player_count = EXCLUDED.player_count,
            share_percentage = EXCLUDED.share_percentage,
            peak_time_bkk = EXCLUDED.peak_time_bkk;
        , parameters: ('2026-09-04', 431960, 'Wallpaper Engine', 'EUROPE', 'ยุโรป', 'RUS', 'รัสเซีย', 10623, 11.65, '22:00 - 02:00 น.')
[2026-09-04T17:47:08.252+0000] {sql.py:562} INFO - Rows affected: 1
[2026-09-04T17:47:08.258+0000] {sql.py:553} INFO - Running statement: 
        INSERT INTO steam_game_regions (
            snapshot_date, appid, game_name, region_code, region_name,
            country_iso3, country_name, player_count, share_percentage, peak_time_bkk, created_at
        ) VALUES (
            %s, %s, %s, %s, %s,
            %s, %s, %s, %s, %s, NOW()
        ) ON CONFLICT (snapshot_date, appid, region_code, country_iso3) DO UPDATE SET
            player_count = EXCLUDED.player_count,
            share_percentage = EXCLUDED.share_percentage,
            peak_time_bkk = EXCLUDED.peak_time_bkk;
        , parameters: ('2026-09-04', 431960, 'Wallpaper Engine', 'EUROPE', 'ยุโรป', 'DEU', 'เยอรมนี', 5312, 5.83, '00:00 - 04:00 น.')
[2026-09-04T17:47:08.260+0000] {sql.py:562} INFO - Rows affected: 1
[2026-09-04T17:47:08.267+0000] {sql.py:553} INFO - Running statement: 
        INSERT INTO steam_game_regions (
            snapshot_date, appid, game_name, region_code, region_name,
            country_iso3, country_name, player_count, share_percentage, peak_time_bkk, created_at
        ) VALUES (
            %s, %s, %s, %s, %s,
            %s, %s, %s, %s, %s, NOW()
        ) ON CONFLICT (snapshot_date, appid, region_code, country_iso3) DO UPDATE SET
            player_count = EXCLUDED.player_count,
            share_percentage = EXCLUDED.share_percentage,
            peak_time_bkk = EXCLUDED.peak_time_bkk;
        , parameters: ('2026-09-04', 431960, 'Wallpaper Engine', 'EUROPE', 'ยุโรป', 'GBR', 'สหราชอาณาจักร', 3541, 3.88, '01:00 - 05:00 น.')
[2026-09-04T17:47:08.268+0000] {sql.py:562} INFO - Rows affected: 1
[2026-09-04T17:47:08.274+0000] {sql.py:553} INFO - Running statement: 
        INSERT INTO steam_game_regions (
            snapshot_date, appid, game_name, region_code, region_name,
            country_iso3, country_name, player_count, share_percentage, peak_time_bkk, created_at
        ) VALUES (
            %s, %s, %s, %s, %s,
            %s, %s, %s, %s, %s, NOW()
        ) ON CONFLICT (snapshot_date, appid, region_code, country_iso3) DO UPDATE SET
            player_count = EXCLUDED.player_count,
            share_percentage = EXCLUDED.share_percentage,
            peak_time_bkk = EXCLUDED.peak_time_bkk;
        , parameters: ('2026-09-04', 431960, 'Wallpaper Engine', 'EUROPE', 'ยุโรป', 'FRA', 'ฝรั่งเศส', 2656, 2.91, '00:00 - 04:00 น.')
[2026-09-04T17:47:08.276+0000] {sql.py:562} INFO - Rows affected: 1
[2026-09-04T17:47:08.282+0000] {sql.py:553} INFO - Running statement: 
        INSERT INTO steam_game_regions (
            snapshot_date, appid, game_name, region_code, region_name,
            country_iso3, country_name, player_count, share_percentage, peak_time_bkk, created_at
        ) VALUES (
            %s, %s, %s, %s, %s,
            %s, %s, %s, %s, %s, NOW()
        ) ON CONFLICT (snapshot_date, appid, region_code, country_iso3) DO UPDATE SET
            player_count = EXCLUDED.player_count,
            share_percentage = EXCLUDED.share_percentage,
            peak_time_bkk = EXCLUDED.peak_time_bkk;
        , parameters: ('2026-09-04', 431960, 'Wallpaper Engine', 'EUROPE', 'ยุโรป', 'POL', 'โปแลนด์', 2656, 2.91, '00:00 - 04:00 น.')
[2026-09-04T17:47:08.284+0000] {sql.py:562} INFO - Rows affected: 1
[2026-09-04T17:47:08.290+0000] {sql.py:553} INFO - Running statement: 
        INSERT INTO steam_game_regions (
            snapshot_date, appid, game_name, region_code, region_name,
            country_iso3, country_name, player_count, share_percentage, peak_time_bkk, created_at
        ) VALUES (
            %s, %s, %s, %s, %s,
            %s, %s, %s, %s, %s, NOW()
        ) ON CONFLICT (snapshot_date, appid, region_code, country_iso3) DO UPDATE SET
            player_count = EXCLUDED.player_count,
            share_percentage = EXCLUDED.share_percentage,
            peak_time_bkk = EXCLUDED.peak_time_bkk;
        , parameters: ('2026-09-04', 431960, 'Wallpaper Engine', 'NORTH_AMERICA', 'อเมริกาเหนือ', 'USA', 'สหรัฐอเมริกา', 9738, 10.68, '07:00 - 11:00 น.')
[2026-09-04T17:47:08.291+0000] {sql.py:562} INFO - Rows affected: 1
[2026-09-04T17:47:08.298+0000] {sql.py:553} INFO - Running statement: 
        INSERT INTO steam_game_regions (
            snapshot_date, appid, game_name, region_code, region_name,
            country_iso3, country_name, player_count, share_percentage, peak_time_bkk, created_at
        ) VALUES (
            %s, %s, %s, %s, %s,
            %s, %s, %s, %s, %s, NOW()
        ) ON CONFLICT (snapshot_date, appid, region_code, country_iso3) DO UPDATE SET
            player_count = EXCLUDED.player_count,
            share_percentage = EXCLUDED.share_percentage,
            peak_time_bkk = EXCLUDED.peak_time_bkk;
        , parameters: ('2026-09-04', 431960, 'Wallpaper Engine', 'NORTH_AMERICA', 'อเมริกาเหนือ', 'CAN', 'แคนาดา', 1771, 1.94, '07:00 - 11:00 น.')
[2026-09-04T17:47:08.300+0000] {sql.py:562} INFO - Rows affected: 1
[2026-09-04T17:47:08.306+0000] {sql.py:553} INFO - Running statement: 
        INSERT INTO steam_game_regions (
            snapshot_date, appid, game_name, region_code, region_name,
            country_iso3, country_name, player_count, share_percentage, peak_time_bkk, created_at
        ) VALUES (
            %s, %s, %s, %s, %s,
            %s, %s, %s, %s, %s, NOW()
        ) ON CONFLICT (snapshot_date, appid, region_code, country_iso3) DO UPDATE SET
            player_count = EXCLUDED.player_count,
            share_percentage = EXCLUDED.share_percentage,
            peak_time_bkk = EXCLUDED.peak_time_bkk;
        , parameters: ('2026-09-04', 431960, 'Wallpaper Engine', 'LATIN_AMERICA', 'ลาตินอเมริกา', 'BRA', 'บราซิล', 3541, 3.88, '05:00 - 09:00 น.')
[2026-09-04T17:47:08.308+0000] {sql.py:562} INFO - Rows affected: 1
[2026-09-04T17:47:08.314+0000] {sql.py:553} INFO - Running statement: 
        INSERT INTO steam_game_regions (
            snapshot_date, appid, game_name, region_code, region_name,
            country_iso3, country_name, player_count, share_percentage, peak_time_bkk, created_at
        ) VALUES (
            %s, %s, %s, %s, %s,
            %s, %s, %s, %s, %s, NOW()
        ) ON CONFLICT (snapshot_date, appid, region_code, country_iso3) DO UPDATE SET
            player_count = EXCLUDED.player_count,
            share_percentage = EXCLUDED.share_percentage,
            peak_time_bkk = EXCLUDED.peak_time_bkk;
        , parameters: ('2026-09-04', 431960, 'Wallpaper Engine', 'LATIN_AMERICA', 'ลาตินอเมริกา', 'ARG', 'อาร์เจนตินา', 1328, 1.46, '05:00 - 09:00 น.')
[2026-09-04T17:47:08.316+0000] {sql.py:562} INFO - Rows affected: 1
[2026-09-04T17:47:08.322+0000] {sql.py:553} INFO - Running statement: 
        INSERT INTO steam_game_regions (
            snapshot_date, appid, game_name, region_code, region_name,
            country_iso3, country_name, player_count, share_percentage, peak_time_bkk, created_at
        ) VALUES (
            %s, %s, %s, %s, %s,
            %s, %s, %s, %s, %s, NOW()
        ) ON CONFLICT (snapshot_date, appid, region_code, country_iso3) DO UPDATE SET
            player_count = EXCLUDED.player_count,
            share_percentage = EXCLUDED.share_percentage,
            peak_time_bkk = EXCLUDED.peak_time_bkk;
        , parameters: ('2026-09-04', 431960, 'Wallpaper Engine', 'OCEANIA', 'โอเชียเนีย', 'AUS', 'ออสเตรเลีย', 1328, 1.46, '16:00 - 20:00 น.')
[2026-09-04T17:47:08.324+0000] {sql.py:562} INFO - Rows affected: 1
[2026-09-04T17:47:08.330+0000] {sql.py:553} INFO - Running statement: 
        INSERT INTO steam_game_regions (
            snapshot_date, appid, game_name, region_code, region_name,
            country_iso3, country_name, player_count, share_percentage, peak_time_bkk, created_at
        ) VALUES (
            %s, %s, %s, %s, %s,
            %s, %s, %s, %s, %s, NOW()
        ) ON CONFLICT (snapshot_date, appid, region_code, country_iso3) DO UPDATE SET
            player_count = EXCLUDED.player_count,
            share_percentage = EXCLUDED.share_percentage,
            peak_time_bkk = EXCLUDED.peak_time_bkk;
        , parameters: ('2026-09-04', 291550, 'Brawlhalla', 'ASIA_EAST', 'เอเชียตะวันออก', 'CHN', 'จีน', 3852, 27.18, '19:00 - 23:00 น.')
[2026-09-04T17:47:08.332+0000] {sql.py:562} INFO - Rows affected: 1
[2026-09-04T17:47:08.338+0000] {sql.py:553} INFO - Running statement: 
        INSERT INTO steam_game_regions (
            snapshot_date, appid, game_name, region_code, region_name,
            country_iso3, country_name, player_count, share_percentage, peak_time_bkk, created_at
        ) VALUES (
            %s, %s, %s, %s, %s,
            %s, %s, %s, %s, %s, NOW()
        ) ON CONFLICT (snapshot_date, appid, region_code, country_iso3) DO UPDATE SET
            player_count = EXCLUDED.player_count,
            share_percentage = EXCLUDED.share_percentage,
            peak_time_bkk = EXCLUDED.peak_time_bkk;
        , parameters: ('2026-09-04', 291550, 'Brawlhalla', 'ASIA_EAST', 'เอเชียตะวันออก', 'JPN', 'ญี่ปุ่น', 688, 4.85, '19:00 - 23:00 น.')
[2026-09-04T17:47:08.340+0000] {sql.py:562} INFO - Rows affected: 1
[2026-09-04T17:47:08.346+0000] {sql.py:553} INFO - Running statement: 
        INSERT INTO steam_game_regions (
            snapshot_date, appid, game_name, region_code, region_name,
            country_iso3, country_name, player_count, share_percentage, peak_time_bkk, created_at
        ) VALUES (
            %s, %s, %s, %s, %s,
            %s, %s, %s, %s, %s, NOW()
        ) ON CONFLICT (snapshot_date, appid, region_code, country_iso3) DO UPDATE SET
            player_count = EXCLUDED.player_count,
            share_percentage = EXCLUDED.share_percentage,
            peak_time_bkk = EXCLUDED.peak_time_bkk;
        , parameters: ('2026-09-04', 291550, 'Brawlhalla', 'ASIA_EAST', 'เอเชียตะวันออก', 'KOR', 'เกาหลีใต้', 550, 3.88, '19:00 - 23:00 น.')
[2026-09-04T17:47:08.348+0000] {sql.py:562} INFO - Rows affected: 1
[2026-09-04T17:47:08.355+0000] {sql.py:553} INFO - Running statement: 
        INSERT INTO steam_game_regions (
            snapshot_date, appid, game_name, region_code, region_name,
            country_iso3, country_name, player_count, share_percentage, peak_time_bkk, created_at
        ) VALUES (
            %s, %s, %s, %s, %s,
            %s, %s, %s, %s, %s, NOW()
        ) ON CONFLICT (snapshot_date, appid, region_code, country_iso3) DO UPDATE SET
            player_count = EXCLUDED.player_count,
            share_percentage = EXCLUDED.share_percentage,
            peak_time_bkk = EXCLUDED.peak_time_bkk;
        , parameters: ('2026-09-04', 291550, 'Brawlhalla', 'ASIA_EAST', 'เอเชียตะวันออก', 'TWN', 'ไต้หวัน', 275, 1.94, '19:00 - 23:00 น.')
[2026-09-04T17:47:08.356+0000] {sql.py:562} INFO - Rows affected: 1
[2026-09-04T17:47:08.362+0000] {sql.py:553} INFO - Running statement: 
        INSERT INTO steam_game_regions (
            snapshot_date, appid, game_name, region_code, region_name,
            country_iso3, country_name, player_count, share_percentage, peak_time_bkk, created_at
        ) VALUES (
            %s, %s, %s, %s, %s,
            %s, %s, %s, %s, %s, NOW()
        ) ON CONFLICT (snapshot_date, appid, region_code, country_iso3) DO UPDATE SET
            player_count = EXCLUDED.player_count,
            share_percentage = EXCLUDED.share_percentage,
            peak_time_bkk = EXCLUDED.peak_time_bkk;
        , parameters: ('2026-09-04', 291550, 'Brawlhalla', 'ASIA_SEA', 'เอเชียตะวันออกเฉียงใต้', 'THA', 'ประเทศไทย', 619, 4.37, '20:00 - 00:00 น.')
[2026-09-04T17:47:08.365+0000] {sql.py:562} INFO - Rows affected: 1
[2026-09-04T17:47:08.371+0000] {sql.py:553} INFO - Running statement: 
        INSERT INTO steam_game_regions (
            snapshot_date, appid, game_name, region_code, region_name,
            country_iso3, country_name, player_count, share_percentage, peak_time_bkk, created_at
        ) VALUES (
            %s, %s, %s, %s, %s,
            %s, %s, %s, %s, %s, NOW()
        ) ON CONFLICT (snapshot_date, appid, region_code, country_iso3) DO UPDATE SET
            player_count = EXCLUDED.player_count,
            share_percentage = EXCLUDED.share_percentage,
            peak_time_bkk = EXCLUDED.peak_time_bkk;
        , parameters: ('2026-09-04', 291550, 'Brawlhalla', 'ASIA_SEA', 'เอเชียตะวันออกเฉียงใต้', 'VNM', 'เวียดนาม', 481, 3.4, '20:00 - 00:00 น.')
[2026-09-04T17:47:08.373+0000] {sql.py:562} INFO - Rows affected: 1
[2026-09-04T17:47:08.379+0000] {sql.py:553} INFO - Running statement: 
        INSERT INTO steam_game_regions (
            snapshot_date, appid, game_name, region_code, region_name,
            country_iso3, country_name, player_count, share_percentage, peak_time_bkk, created_at
        ) VALUES (
            %s, %s, %s, %s, %s,
            %s, %s, %s, %s, %s, NOW()
        ) ON CONFLICT (snapshot_date, appid, region_code, country_iso3) DO UPDATE SET
            player_count = EXCLUDED.player_count,
            share_percentage = EXCLUDED.share_percentage,
            peak_time_bkk = EXCLUDED.peak_time_bkk;
        , parameters: ('2026-09-04', 291550, 'Brawlhalla', 'ASIA_SEA', 'เอเชียตะวันออกเฉียงใต้', 'IDN', 'อินโดนีเซีย', 413, 2.91, '20:00 - 00:00 น.')
[2026-09-04T17:47:08.380+0000] {sql.py:562} INFO - Rows affected: 1
[2026-09-04T17:47:08.387+0000] {sql.py:553} INFO - Running statement: 
        INSERT INTO steam_game_regions (
            snapshot_date, appid, game_name, region_code, region_name,
            country_iso3, country_name, player_count, share_percentage, peak_time_bkk, created_at
        ) VALUES (
            %s, %s, %s, %s, %s,
            %s, %s, %s, %s, %s, NOW()
        ) ON CONFLICT (snapshot_date, appid, region_code, country_iso3) DO UPDATE SET
            player_count = EXCLUDED.player_count,
            share_percentage = EXCLUDED.share_percentage,
            peak_time_bkk = EXCLUDED.peak_time_bkk;
        , parameters: ('2026-09-04', 291550, 'Brawlhalla', 'ASIA_SEA', 'เอเชียตะวันออกเฉียงใต้', 'PHL', 'ฟิลิปปินส์', 344, 2.43, '20:00 - 00:00 น.')
[2026-09-04T17:47:08.389+0000] {sql.py:562} INFO - Rows affected: 1
[2026-09-04T17:47:08.395+0000] {sql.py:553} INFO - Running statement: 
        INSERT INTO steam_game_regions (
            snapshot_date, appid, game_name, region_code, region_name,
            country_iso3, country_name, player_count, share_percentage, peak_time_bkk, created_at
        ) VALUES (
            %s, %s, %s, %s, %s,
            %s, %s, %s, %s, %s, NOW()
        ) ON CONFLICT (snapshot_date, appid, region_code, country_iso3) DO UPDATE SET
            player_count = EXCLUDED.player_count,
            share_percentage = EXCLUDED.share_percentage,
            peak_time_bkk = EXCLUDED.peak_time_bkk;
        , parameters: ('2026-09-04', 291550, 'Brawlhalla', 'ASIA_SEA', 'เอเชียตะวันออกเฉียงใต้', 'MYS', 'มาเลเซีย', 206, 1.46, '20:00 - 00:00 น.')
[2026-09-04T17:47:08.396+0000] {sql.py:562} INFO - Rows affected: 1
[2026-09-04T17:47:08.403+0000] {sql.py:553} INFO - Running statement: 
        INSERT INTO steam_game_regions (
            snapshot_date, appid, game_name, region_code, region_name,
            country_iso3, country_name, player_count, share_percentage, peak_time_bkk, created_at
        ) VALUES (
            %s, %s, %s, %s, %s,
            %s, %s, %s, %s, %s, NOW()
        ) ON CONFLICT (snapshot_date, appid, region_code, country_iso3) DO UPDATE SET
            player_count = EXCLUDED.player_count,
            share_percentage = EXCLUDED.share_percentage,
            peak_time_bkk = EXCLUDED.peak_time_bkk;
        , parameters: ('2026-09-04', 291550, 'Brawlhalla', 'ASIA_SEA', 'เอเชียตะวันออกเฉียงใต้', 'SGP', 'สิงคโปร์', 138, 0.97, '20:00 - 00:00 น.')
[2026-09-04T17:47:08.405+0000] {sql.py:562} INFO - Rows affected: 1
[2026-09-04T17:47:08.411+0000] {sql.py:553} INFO - Running statement: 
        INSERT INTO steam_game_regions (
            snapshot_date, appid, game_name, region_code, region_name,
            country_iso3, country_name, player_count, share_percentage, peak_time_bkk, created_at
        ) VALUES (
            %s, %s, %s, %s, %s,
            %s, %s, %s, %s, %s, NOW()
        ) ON CONFLICT (snapshot_date, appid, region_code, country_iso3) DO UPDATE SET
            player_count = EXCLUDED.player_count,
            share_percentage = EXCLUDED.share_percentage,
            peak_time_bkk = EXCLUDED.peak_time_bkk;
        , parameters: ('2026-09-04', 291550, 'Brawlhalla', 'EUROPE', 'ยุโรป', 'RUS', 'รัสเซีย', 1651, 11.65, '22:00 - 02:00 น.')
[2026-09-04T17:47:08.413+0000] {sql.py:562} INFO - Rows affected: 1
[2026-09-04T17:47:08.420+0000] {sql.py:553} INFO - Running statement: 
        INSERT INTO steam_game_regions (
            snapshot_date, appid, game_name, region_code, region_name,
            country_iso3, country_name, player_count, share_percentage, peak_time_bkk, created_at
        ) VALUES (
            %s, %s, %s, %s, %s,
            %s, %s, %s, %s, %s, NOW()
        ) ON CONFLICT (snapshot_date, appid, region_code, country_iso3) DO UPDATE SET
            player_count = EXCLUDED.player_count,
            share_percentage = EXCLUDED.share_percentage,
            peak_time_bkk = EXCLUDED.peak_time_bkk;
        , parameters: ('2026-09-04', 291550, 'Brawlhalla', 'EUROPE', 'ยุโรป', 'DEU', 'เยอรมนี', 825, 5.83, '00:00 - 04:00 น.')
[2026-09-04T17:47:08.421+0000] {sql.py:562} INFO - Rows affected: 1
[2026-09-04T17:47:08.427+0000] {sql.py:553} INFO - Running statement: 
        INSERT INTO steam_game_regions (
            snapshot_date, appid, game_name, region_code, region_name,
            country_iso3, country_name, player_count, share_percentage, peak_time_bkk, created_at
        ) VALUES (
            %s, %s, %s, %s, %s,
            %s, %s, %s, %s, %s, NOW()
        ) ON CONFLICT (snapshot_date, appid, region_code, country_iso3) DO UPDATE SET
            player_count = EXCLUDED.player_count,
            share_percentage = EXCLUDED.share_percentage,
            peak_time_bkk = EXCLUDED.peak_time_bkk;
        , parameters: ('2026-09-04', 291550, 'Brawlhalla', 'EUROPE', 'ยุโรป', 'GBR', 'สหราชอาณาจักร', 550, 3.88, '01:00 - 05:00 น.')
[2026-09-04T17:47:08.429+0000] {sql.py:562} INFO - Rows affected: 1
[2026-09-04T17:47:08.435+0000] {sql.py:553} INFO - Running statement: 
        INSERT INTO steam_game_regions (
            snapshot_date, appid, game_name, region_code, region_name,
            country_iso3, country_name, player_count, share_percentage, peak_time_bkk, created_at
        ) VALUES (
            %s, %s, %s, %s, %s,
            %s, %s, %s, %s, %s, NOW()
        ) ON CONFLICT (snapshot_date, appid, region_code, country_iso3) DO UPDATE SET
            player_count = EXCLUDED.player_count,
            share_percentage = EXCLUDED.share_percentage,
            peak_time_bkk = EXCLUDED.peak_time_bkk;
        , parameters: ('2026-09-04', 291550, 'Brawlhalla', 'EUROPE', 'ยุโรป', 'FRA', 'ฝรั่งเศส', 413, 2.91, '00:00 - 04:00 น.')
[2026-09-04T17:47:08.437+0000] {sql.py:562} INFO - Rows affected: 1
[2026-09-04T17:47:08.443+0000] {sql.py:553} INFO - Running statement: 
        INSERT INTO steam_game_regions (
            snapshot_date, appid, game_name, region_code, region_name,
            country_iso3, country_name, player_count, share_percentage, peak_time_bkk, created_at
        ) VALUES (
            %s, %s, %s, %s, %s,
            %s, %s, %s, %s, %s, NOW()
        ) ON CONFLICT (snapshot_date, appid, region_code, country_iso3) DO UPDATE SET
            player_count = EXCLUDED.player_count,
            share_percentage = EXCLUDED.share_percentage,
            peak_time_bkk = EXCLUDED.peak_time_bkk;
        , parameters: ('2026-09-04', 291550, 'Brawlhalla', 'EUROPE', 'ยุโรป', 'POL', 'โปแลนด์', 413, 2.91, '00:00 - 04:00 น.')
[2026-09-04T17:47:08.445+0000] {sql.py:562} INFO - Rows affected: 1
[2026-09-04T17:47:08.451+0000] {sql.py:553} INFO - Running statement: 
        INSERT INTO steam_game_regions (
            snapshot_date, appid, game_name, region_code, region_name,
            country_iso3, country_name, player_count, share_percentage, peak_time_bkk, created_at
        ) VALUES (
            %s, %s, %s, %s, %s,
            %s, %s, %s, %s, %s, NOW()
        ) ON CONFLICT (snapshot_date, appid, region_code, country_iso3) DO UPDATE SET
            player_count = EXCLUDED.player_count,
            share_percentage = EXCLUDED.share_percentage,
            peak_time_bkk = EXCLUDED.peak_time_bkk;
        , parameters: ('2026-09-04', 291550, 'Brawlhalla', 'NORTH_AMERICA', 'อเมริกาเหนือ', 'USA', 'สหรัฐอเมริกา', 1513, 10.68, '07:00 - 11:00 น.')
[2026-09-04T17:47:08.453+0000] {sql.py:562} INFO - Rows affected: 1
[2026-09-04T17:47:08.460+0000] {sql.py:553} INFO - Running statement: 
        INSERT INTO steam_game_regions (
            snapshot_date, appid, game_name, region_code, region_name,
            country_iso3, country_name, player_count, share_percentage, peak_time_bkk, created_at
        ) VALUES (
            %s, %s, %s, %s, %s,
            %s, %s, %s, %s, %s, NOW()
        ) ON CONFLICT (snapshot_date, appid, region_code, country_iso3) DO UPDATE SET
            player_count = EXCLUDED.player_count,
            share_percentage = EXCLUDED.share_percentage,
            peak_time_bkk = EXCLUDED.peak_time_bkk;
        , parameters: ('2026-09-04', 291550, 'Brawlhalla', 'NORTH_AMERICA', 'อเมริกาเหนือ', 'CAN', 'แคนาดา', 275, 1.94, '07:00 - 11:00 น.')
[2026-09-04T17:47:08.461+0000] {sql.py:562} INFO - Rows affected: 1
[2026-09-04T17:47:08.468+0000] {sql.py:553} INFO - Running statement: 
        INSERT INTO steam_game_regions (
            snapshot_date, appid, game_name, region_code, region_name,
            country_iso3, country_name, player_count, share_percentage, peak_time_bkk, created_at
        ) VALUES (
            %s, %s, %s, %s, %s,
            %s, %s, %s, %s, %s, NOW()
        ) ON CONFLICT (snapshot_date, appid, region_code, country_iso3) DO UPDATE SET
            player_count = EXCLUDED.player_count,
            share_percentage = EXCLUDED.share_percentage,
            peak_time_bkk = EXCLUDED.peak_time_bkk;
        , parameters: ('2026-09-04', 291550, 'Brawlhalla', 'LATIN_AMERICA', 'ลาตินอเมริกา', 'BRA', 'บราซิล', 550, 3.88, '05:00 - 09:00 น.')
[2026-09-04T17:47:08.469+0000] {sql.py:562} INFO - Rows affected: 1
[2026-09-04T17:47:08.476+0000] {sql.py:553} INFO - Running statement: 
        INSERT INTO steam_game_regions (
            snapshot_date, appid, game_name, region_code, region_name,
            country_iso3, country_name, player_count, share_percentage, peak_time_bkk, created_at
        ) VALUES (
            %s, %s, %s, %s, %s,
            %s, %s, %s, %s, %s, NOW()
        ) ON CONFLICT (snapshot_date, appid, region_code, country_iso3) DO UPDATE SET
            player_count = EXCLUDED.player_count,
            share_percentage = EXCLUDED.share_percentage,
            peak_time_bkk = EXCLUDED.peak_time_bkk;
        , parameters: ('2026-09-04', 291550, 'Brawlhalla', 'LATIN_AMERICA', 'ลาตินอเมริกา', 'ARG', 'อาร์เจนตินา', 206, 1.46, '05:00 - 09:00 น.')
[2026-09-04T17:47:08.478+0000] {sql.py:562} INFO - Rows affected: 1
[2026-09-04T17:47:08.485+0000] {sql.py:553} INFO - Running statement: 
        INSERT INTO steam_game_regions (
            snapshot_date, appid, game_name, region_code, region_name,
            country_iso3, country_name, player_count, share_percentage, peak_time_bkk, created_at
        ) VALUES (
            %s, %s, %s, %s, %s,
            %s, %s, %s, %s, %s, NOW()
        ) ON CONFLICT (snapshot_date, appid, region_code, country_iso3) DO UPDATE SET
            player_count = EXCLUDED.player_count,
            share_percentage = EXCLUDED.share_percentage,
            peak_time_bkk = EXCLUDED.peak_time_bkk;
        , parameters: ('2026-09-04', 291550, 'Brawlhalla', 'OCEANIA', 'โอเชียเนีย', 'AUS', 'ออสเตรเลีย', 206, 1.46, '16:00 - 20:00 น.')
[2026-09-04T17:47:08.486+0000] {sql.py:562} INFO - Rows affected: 1
[2026-09-04T17:47:08.493+0000] {sql.py:553} INFO - Running statement: 
        INSERT INTO steam_game_regions (
            snapshot_date, appid, game_name, region_code, region_name,
            country_iso3, country_name, player_count, share_percentage, peak_time_bkk, created_at
        ) VALUES (
            %s, %s, %s, %s, %s,
            %s, %s, %s, %s, %s, NOW()
        ) ON CONFLICT (snapshot_date, appid, region_code, country_iso3) DO UPDATE SET
            player_count = EXCLUDED.player_count,
            share_percentage = EXCLUDED.share_percentage,
            peak_time_bkk = EXCLUDED.peak_time_bkk;
        , parameters: ('2026-09-04', 252490, 'Rust', 'ASIA_EAST', 'เอเชียตะวันออก', 'CHN', 'จีน', 39110, 27.18, '19:00 - 23:00 น.')
[2026-09-04T17:47:08.495+0000] {sql.py:562} INFO - Rows affected: 1
[2026-09-04T17:47:08.501+0000] {sql.py:553} INFO - Running statement: 
        INSERT INTO steam_game_regions (
            snapshot_date, appid, game_name, region_code, region_name,
            country_iso3, country_name, player_count, share_percentage, peak_time_bkk, created_at
        ) VALUES (
            %s, %s, %s, %s, %s,
            %s, %s, %s, %s, %s, NOW()
        ) ON CONFLICT (snapshot_date, appid, region_code, country_iso3) DO UPDATE SET
            player_count = EXCLUDED.player_count,
            share_percentage = EXCLUDED.share_percentage,
            peak_time_bkk = EXCLUDED.peak_time_bkk;
        , parameters: ('2026-09-04', 252490, 'Rust', 'ASIA_EAST', 'เอเชียตะวันออก', 'JPN', 'ญี่ปุ่น', 6984, 4.85, '19:00 - 23:00 น.')
[2026-09-04T17:47:08.502+0000] {sql.py:562} INFO - Rows affected: 1
[2026-09-04T17:47:08.509+0000] {sql.py:553} INFO - Running statement: 
        INSERT INTO steam_game_regions (
            snapshot_date, appid, game_name, region_code, region_name,
            country_iso3, country_name, player_count, share_percentage, peak_time_bkk, created_at
        ) VALUES (
            %s, %s, %s, %s, %s,
            %s, %s, %s, %s, %s, NOW()
        ) ON CONFLICT (snapshot_date, appid, region_code, country_iso3) DO UPDATE SET
            player_count = EXCLUDED.player_count,
            share_percentage = EXCLUDED.share_percentage,
            peak_time_bkk = EXCLUDED.peak_time_bkk;
        , parameters: ('2026-09-04', 252490, 'Rust', 'ASIA_EAST', 'เอเชียตะวันออก', 'KOR', 'เกาหลีใต้', 5587, 3.88, '19:00 - 23:00 น.')
[2026-09-04T17:47:08.510+0000] {sql.py:562} INFO - Rows affected: 1
[2026-09-04T17:47:08.517+0000] {sql.py:553} INFO - Running statement: 
        INSERT INTO steam_game_regions (
            snapshot_date, appid, game_name, region_code, region_name,
            country_iso3, country_name, player_count, share_percentage, peak_time_bkk, created_at
        ) VALUES (
            %s, %s, %s, %s, %s,
            %s, %s, %s, %s, %s, NOW()
        ) ON CONFLICT (snapshot_date, appid, region_code, country_iso3) DO UPDATE SET
            player_count = EXCLUDED.player_count,
            share_percentage = EXCLUDED.share_percentage,
            peak_time_bkk = EXCLUDED.peak_time_bkk;
        , parameters: ('2026-09-04', 252490, 'Rust', 'ASIA_EAST', 'เอเชียตะวันออก', 'TWN', 'ไต้หวัน', 2794, 1.94, '19:00 - 23:00 น.')
[2026-09-04T17:47:08.518+0000] {sql.py:562} INFO - Rows affected: 1
[2026-09-04T17:47:08.525+0000] {sql.py:553} INFO - Running statement: 
        INSERT INTO steam_game_regions (
            snapshot_date, appid, game_name, region_code, region_name,
            country_iso3, country_name, player_count, share_percentage, peak_time_bkk, created_at
        ) VALUES (
            %s, %s, %s, %s, %s,
            %s, %s, %s, %s, %s, NOW()
        ) ON CONFLICT (snapshot_date, appid, region_code, country_iso3) DO UPDATE SET
            player_count = EXCLUDED.player_count,
            share_percentage = EXCLUDED.share_percentage,
            peak_time_bkk = EXCLUDED.peak_time_bkk;
        , parameters: ('2026-09-04', 252490, 'Rust', 'ASIA_SEA', 'เอเชียตะวันออกเฉียงใต้', 'THA', 'ประเทศไทย', 6286, 4.37, '20:00 - 00:00 น.')
[2026-09-04T17:47:08.527+0000] {sql.py:562} INFO - Rows affected: 1
[2026-09-04T17:47:08.533+0000] {sql.py:553} INFO - Running statement: 
        INSERT INTO steam_game_regions (
            snapshot_date, appid, game_name, region_code, region_name,
            country_iso3, country_name, player_count, share_percentage, peak_time_bkk, created_at
        ) VALUES (
            %s, %s, %s, %s, %s,
            %s, %s, %s, %s, %s, NOW()
        ) ON CONFLICT (snapshot_date, appid, region_code, country_iso3) DO UPDATE SET
            player_count = EXCLUDED.player_count,
            share_percentage = EXCLUDED.share_percentage,
            peak_time_bkk = EXCLUDED.peak_time_bkk;
        , parameters: ('2026-09-04', 252490, 'Rust', 'ASIA_SEA', 'เอเชียตะวันออกเฉียงใต้', 'VNM', 'เวียดนาม', 4889, 3.4, '20:00 - 00:00 น.')
[2026-09-04T17:47:08.535+0000] {sql.py:562} INFO - Rows affected: 1
[2026-09-04T17:47:08.541+0000] {sql.py:553} INFO - Running statement: 
        INSERT INTO steam_game_regions (
            snapshot_date, appid, game_name, region_code, region_name,
            country_iso3, country_name, player_count, share_percentage, peak_time_bkk, created_at
        ) VALUES (
            %s, %s, %s, %s, %s,
            %s, %s, %s, %s, %s, NOW()
        ) ON CONFLICT (snapshot_date, appid, region_code, country_iso3) DO UPDATE SET
            player_count = EXCLUDED.player_count,
            share_percentage = EXCLUDED.share_percentage,
            peak_time_bkk = EXCLUDED.peak_time_bkk;
        , parameters: ('2026-09-04', 252490, 'Rust', 'ASIA_SEA', 'เอเชียตะวันออกเฉียงใต้', 'IDN', 'อินโดนีเซีย', 4190, 2.91, '20:00 - 00:00 น.')
[2026-09-04T17:47:08.543+0000] {sql.py:562} INFO - Rows affected: 1
[2026-09-04T17:47:08.550+0000] {sql.py:553} INFO - Running statement: 
        INSERT INTO steam_game_regions (
            snapshot_date, appid, game_name, region_code, region_name,
            country_iso3, country_name, player_count, share_percentage, peak_time_bkk, created_at
        ) VALUES (
            %s, %s, %s, %s, %s,
            %s, %s, %s, %s, %s, NOW()
        ) ON CONFLICT (snapshot_date, appid, region_code, country_iso3) DO UPDATE SET
            player_count = EXCLUDED.player_count,
            share_percentage = EXCLUDED.share_percentage,
            peak_time_bkk = EXCLUDED.peak_time_bkk;
        , parameters: ('2026-09-04', 252490, 'Rust', 'ASIA_SEA', 'เอเชียตะวันออกเฉียงใต้', 'PHL', 'ฟิลิปปินส์', 3492, 2.43, '20:00 - 00:00 น.')
[2026-09-04T17:47:08.551+0000] {sql.py:562} INFO - Rows affected: 1
[2026-09-04T17:47:08.558+0000] {sql.py:553} INFO - Running statement: 
        INSERT INTO steam_game_regions (
            snapshot_date, appid, game_name, region_code, region_name,
            country_iso3, country_name, player_count, share_percentage, peak_time_bkk, created_at
        ) VALUES (
            %s, %s, %s, %s, %s,
            %s, %s, %s, %s, %s, NOW()
        ) ON CONFLICT (snapshot_date, appid, region_code, country_iso3) DO UPDATE SET
            player_count = EXCLUDED.player_count,
            share_percentage = EXCLUDED.share_percentage,
            peak_time_bkk = EXCLUDED.peak_time_bkk;
        , parameters: ('2026-09-04', 252490, 'Rust', 'ASIA_SEA', 'เอเชียตะวันออกเฉียงใต้', 'MYS', 'มาเลเซีย', 2095, 1.46, '20:00 - 00:00 น.')
[2026-09-04T17:47:08.559+0000] {sql.py:562} INFO - Rows affected: 1
[2026-09-04T17:47:08.566+0000] {sql.py:553} INFO - Running statement: 
        INSERT INTO steam_game_regions (
            snapshot_date, appid, game_name, region_code, region_name,
            country_iso3, country_name, player_count, share_percentage, peak_time_bkk, created_at
        ) VALUES (
            %s, %s, %s, %s, %s,
            %s, %s, %s, %s, %s, NOW()
        ) ON CONFLICT (snapshot_date, appid, region_code, country_iso3) DO UPDATE SET
            player_count = EXCLUDED.player_count,
            share_percentage = EXCLUDED.share_percentage,
            peak_time_bkk = EXCLUDED.peak_time_bkk;
        , parameters: ('2026-09-04', 252490, 'Rust', 'ASIA_SEA', 'เอเชียตะวันออกเฉียงใต้', 'SGP', 'สิงคโปร์', 1397, 0.97, '20:00 - 00:00 น.')
[2026-09-04T17:47:08.567+0000] {sql.py:562} INFO - Rows affected: 1
[2026-09-04T17:47:08.574+0000] {sql.py:553} INFO - Running statement: 
        INSERT INTO steam_game_regions (
            snapshot_date, appid, game_name, region_code, region_name,
            country_iso3, country_name, player_count, share_percentage, peak_time_bkk, created_at
        ) VALUES (
            %s, %s, %s, %s, %s,
            %s, %s, %s, %s, %s, NOW()
        ) ON CONFLICT (snapshot_date, appid, region_code, country_iso3) DO UPDATE SET
            player_count = EXCLUDED.player_count,
            share_percentage = EXCLUDED.share_percentage,
            peak_time_bkk = EXCLUDED.peak_time_bkk;
        , parameters: ('2026-09-04', 252490, 'Rust', 'EUROPE', 'ยุโรป', 'RUS', 'รัสเซีย', 16762, 11.65, '22:00 - 02:00 น.')
[2026-09-04T17:47:08.575+0000] {sql.py:562} INFO - Rows affected: 1
[2026-09-04T17:47:08.581+0000] {sql.py:553} INFO - Running statement: 
        INSERT INTO steam_game_regions (
            snapshot_date, appid, game_name, region_code, region_name,
            country_iso3, country_name, player_count, share_percentage, peak_time_bkk, created_at
        ) VALUES (
            %s, %s, %s, %s, %s,
            %s, %s, %s, %s, %s, NOW()
        ) ON CONFLICT (snapshot_date, appid, region_code, country_iso3) DO UPDATE SET
            player_count = EXCLUDED.player_count,
            share_percentage = EXCLUDED.share_percentage,
            peak_time_bkk = EXCLUDED.peak_time_bkk;
        , parameters: ('2026-09-04', 252490, 'Rust', 'EUROPE', 'ยุโรป', 'DEU', 'เยอรมนี', 8381, 5.83, '00:00 - 04:00 น.')
[2026-09-04T17:47:08.583+0000] {sql.py:562} INFO - Rows affected: 1
[2026-09-04T17:47:08.589+0000] {sql.py:553} INFO - Running statement: 
        INSERT INTO steam_game_regions (
            snapshot_date, appid, game_name, region_code, region_name,
            country_iso3, country_name, player_count, share_percentage, peak_time_bkk, created_at
        ) VALUES (
            %s, %s, %s, %s, %s,
            %s, %s, %s, %s, %s, NOW()
        ) ON CONFLICT (snapshot_date, appid, region_code, country_iso3) DO UPDATE SET
            player_count = EXCLUDED.player_count,
            share_percentage = EXCLUDED.share_percentage,
            peak_time_bkk = EXCLUDED.peak_time_bkk;
        , parameters: ('2026-09-04', 252490, 'Rust', 'EUROPE', 'ยุโรป', 'GBR', 'สหราชอาณาจักร', 5587, 3.88, '01:00 - 05:00 น.')
[2026-09-04T17:47:08.591+0000] {sql.py:562} INFO - Rows affected: 1
[2026-09-04T17:47:08.597+0000] {sql.py:553} INFO - Running statement: 
        INSERT INTO steam_game_regions (
            snapshot_date, appid, game_name, region_code, region_name,
            country_iso3, country_name, player_count, share_percentage, peak_time_bkk, created_at
        ) VALUES (
            %s, %s, %s, %s, %s,
            %s, %s, %s, %s, %s, NOW()
        ) ON CONFLICT (snapshot_date, appid, region_code, country_iso3) DO UPDATE SET
            player_count = EXCLUDED.player_count,
            share_percentage = EXCLUDED.share_percentage,
            peak_time_bkk = EXCLUDED.peak_time_bkk;
        , parameters: ('2026-09-04', 252490, 'Rust', 'EUROPE', 'ยุโรป', 'FRA', 'ฝรั่งเศส', 4190, 2.91, '00:00 - 04:00 น.')
[2026-09-04T17:47:08.599+0000] {sql.py:562} INFO - Rows affected: 1
[2026-09-04T17:47:08.605+0000] {sql.py:553} INFO - Running statement: 
        INSERT INTO steam_game_regions (
            snapshot_date, appid, game_name, region_code, region_name,
            country_iso3, country_name, player_count, share_percentage, peak_time_bkk, created_at
        ) VALUES (
            %s, %s, %s, %s, %s,
            %s, %s, %s, %s, %s, NOW()
        ) ON CONFLICT (snapshot_date, appid, region_code, country_iso3) DO UPDATE SET
            player_count = EXCLUDED.player_count,
            share_percentage = EXCLUDED.share_percentage,
            peak_time_bkk = EXCLUDED.peak_time_bkk;
        , parameters: ('2026-09-04', 252490, 'Rust', 'EUROPE', 'ยุโรป', 'POL', 'โปแลนด์', 4190, 2.91, '00:00 - 04:00 น.')
[2026-09-04T17:47:08.607+0000] {sql.py:562} INFO - Rows affected: 1
[2026-09-04T17:47:08.613+0000] {sql.py:553} INFO - Running statement: 
        INSERT INTO steam_game_regions (
            snapshot_date, appid, game_name, region_code, region_name,
            country_iso3, country_name, player_count, share_percentage, peak_time_bkk, created_at
        ) VALUES (
            %s, %s, %s, %s, %s,
            %s, %s, %s, %s, %s, NOW()
        ) ON CONFLICT (snapshot_date, appid, region_code, country_iso3) DO UPDATE SET
            player_count = EXCLUDED.player_count,
            share_percentage = EXCLUDED.share_percentage,
            peak_time_bkk = EXCLUDED.peak_time_bkk;
        , parameters: ('2026-09-04', 252490, 'Rust', 'NORTH_AMERICA', 'อเมริกาเหนือ', 'USA', 'สหรัฐอเมริกา', 15365, 10.68, '07:00 - 11:00 น.')
[2026-09-04T17:47:08.615+0000] {sql.py:562} INFO - Rows affected: 1
[2026-09-04T17:47:08.621+0000] {sql.py:553} INFO - Running statement: 
        INSERT INTO steam_game_regions (
            snapshot_date, appid, game_name, region_code, region_name,
            country_iso3, country_name, player_count, share_percentage, peak_time_bkk, created_at
        ) VALUES (
            %s, %s, %s, %s, %s,
            %s, %s, %s, %s, %s, NOW()
        ) ON CONFLICT (snapshot_date, appid, region_code, country_iso3) DO UPDATE SET
            player_count = EXCLUDED.player_count,
            share_percentage = EXCLUDED.share_percentage,
            peak_time_bkk = EXCLUDED.peak_time_bkk;
        , parameters: ('2026-09-04', 252490, 'Rust', 'NORTH_AMERICA', 'อเมริกาเหนือ', 'CAN', 'แคนาดา', 2794, 1.94, '07:00 - 11:00 น.')
[2026-09-04T17:47:08.623+0000] {sql.py:562} INFO - Rows affected: 1
[2026-09-04T17:47:08.629+0000] {sql.py:553} INFO - Running statement: 
        INSERT INTO steam_game_regions (
            snapshot_date, appid, game_name, region_code, region_name,
            country_iso3, country_name, player_count, share_percentage, peak_time_bkk, created_at
        ) VALUES (
            %s, %s, %s, %s, %s,
            %s, %s, %s, %s, %s, NOW()
        ) ON CONFLICT (snapshot_date, appid, region_code, country_iso3) DO UPDATE SET
            player_count = EXCLUDED.player_count,
            share_percentage = EXCLUDED.share_percentage,
            peak_time_bkk = EXCLUDED.peak_time_bkk;
        , parameters: ('2026-09-04', 252490, 'Rust', 'LATIN_AMERICA', 'ลาตินอเมริกา', 'BRA', 'บราซิล', 5587, 3.88, '05:00 - 09:00 น.')
[2026-09-04T17:47:08.631+0000] {sql.py:562} INFO - Rows affected: 1
[2026-09-04T17:47:08.637+0000] {sql.py:553} INFO - Running statement: 
        INSERT INTO steam_game_regions (
            snapshot_date, appid, game_name, region_code, region_name,
            country_iso3, country_name, player_count, share_percentage, peak_time_bkk, created_at
        ) VALUES (
            %s, %s, %s, %s, %s,
            %s, %s, %s, %s, %s, NOW()
        ) ON CONFLICT (snapshot_date, appid, region_code, country_iso3) DO UPDATE SET
            player_count = EXCLUDED.player_count,
            share_percentage = EXCLUDED.share_percentage,
            peak_time_bkk = EXCLUDED.peak_time_bkk;
        , parameters: ('2026-09-04', 252490, 'Rust', 'LATIN_AMERICA', 'ลาตินอเมริกา', 'ARG', 'อาร์เจนตินา', 2095, 1.46, '05:00 - 09:00 น.')
[2026-09-04T17:47:08.639+0000] {sql.py:562} INFO - Rows affected: 1
[2026-09-04T17:47:08.645+0000] {sql.py:553} INFO - Running statement: 
        INSERT INTO steam_game_regions (
            snapshot_date, appid, game_name, region_code, region_name,
            country_iso3, country_name, player_count, share_percentage, peak_time_bkk, created_at
        ) VALUES (
            %s, %s, %s, %s, %s,
            %s, %s, %s, %s, %s, NOW()
        ) ON CONFLICT (snapshot_date, appid, region_code, country_iso3) DO UPDATE SET
            player_count = EXCLUDED.player_count,
            share_percentage = EXCLUDED.share_percentage,
            peak_time_bkk = EXCLUDED.peak_time_bkk;
        , parameters: ('2026-09-04', 252490, 'Rust', 'OCEANIA', 'โอเชียเนีย', 'AUS', 'ออสเตรเลีย', 2095, 1.46, '16:00 - 20:00 น.')
[2026-09-04T17:47:08.647+0000] {sql.py:562} INFO - Rows affected: 1
[2026-09-04T17:47:08.653+0000] {sql.py:553} INFO - Running statement: 
        INSERT INTO steam_game_regions (
            snapshot_date, appid, game_name, region_code, region_name,
            country_iso3, country_name, player_count, share_percentage, peak_time_bkk, created_at
        ) VALUES (
            %s, %s, %s, %s, %s,
            %s, %s, %s, %s, %s, NOW()
        ) ON CONFLICT (snapshot_date, appid, region_code, country_iso3) DO UPDATE SET
            player_count = EXCLUDED.player_count,
            share_percentage = EXCLUDED.share_percentage,
            peak_time_bkk = EXCLUDED.peak_time_bkk;
        , parameters: ('2026-09-04', 359550, "Tom Clancy's Rainbow Six Siege", 'ASIA_EAST', 'เอเชียตะวันออก', 'CHN', 'จีน', 14094, 27.18, '19:00 - 23:00 น.')
[2026-09-04T17:47:08.655+0000] {sql.py:562} INFO - Rows affected: 1
[2026-09-04T17:47:08.661+0000] {sql.py:553} INFO - Running statement: 
        INSERT INTO steam_game_regions (
            snapshot_date, appid, game_name, region_code, region_name,
            country_iso3, country_name, player_count, share_percentage, peak_time_bkk, created_at
        ) VALUES (
            %s, %s, %s, %s, %s,
            %s, %s, %s, %s, %s, NOW()
        ) ON CONFLICT (snapshot_date, appid, region_code, country_iso3) DO UPDATE SET
            player_count = EXCLUDED.player_count,
            share_percentage = EXCLUDED.share_percentage,
            peak_time_bkk = EXCLUDED.peak_time_bkk;
        , parameters: ('2026-09-04', 359550, "Tom Clancy's Rainbow Six Siege", 'ASIA_EAST', 'เอเชียตะวันออก', 'JPN', 'ญี่ปุ่น', 2517, 4.85, '19:00 - 23:00 น.')
[2026-09-04T17:47:08.662+0000] {sql.py:562} INFO - Rows affected: 1
[2026-09-04T17:47:08.670+0000] {sql.py:553} INFO - Running statement: 
        INSERT INTO steam_game_regions (
            snapshot_date, appid, game_name, region_code, region_name,
            country_iso3, country_name, player_count, share_percentage, peak_time_bkk, created_at
        ) VALUES (
            %s, %s, %s, %s, %s,
            %s, %s, %s, %s, %s, NOW()
        ) ON CONFLICT (snapshot_date, appid, region_code, country_iso3) DO UPDATE SET
            player_count = EXCLUDED.player_count,
            share_percentage = EXCLUDED.share_percentage,
            peak_time_bkk = EXCLUDED.peak_time_bkk;
        , parameters: ('2026-09-04', 359550, "Tom Clancy's Rainbow Six Siege", 'ASIA_EAST', 'เอเชียตะวันออก', 'KOR', 'เกาหลีใต้', 2013, 3.88, '19:00 - 23:00 น.')
[2026-09-04T17:47:08.673+0000] {sql.py:562} INFO - Rows affected: 1
[2026-09-04T17:47:08.682+0000] {sql.py:553} INFO - Running statement: 
        INSERT INTO steam_game_regions (
            snapshot_date, appid, game_name, region_code, region_name,
            country_iso3, country_name, player_count, share_percentage, peak_time_bkk, created_at
        ) VALUES (
            %s, %s, %s, %s, %s,
            %s, %s, %s, %s, %s, NOW()
        ) ON CONFLICT (snapshot_date, appid, region_code, country_iso3) DO UPDATE SET
            player_count = EXCLUDED.player_count,
            share_percentage = EXCLUDED.share_percentage,
            peak_time_bkk = EXCLUDED.peak_time_bkk;
        , parameters: ('2026-09-04', 359550, "Tom Clancy's Rainbow Six Siege", 'ASIA_EAST', 'เอเชียตะวันออก', 'TWN', 'ไต้หวัน', 1007, 1.94, '19:00 - 23:00 น.')
[2026-09-04T17:47:08.685+0000] {sql.py:562} INFO - Rows affected: 1
[2026-09-04T17:47:08.695+0000] {sql.py:553} INFO - Running statement: 
        INSERT INTO steam_game_regions (
            snapshot_date, appid, game_name, region_code, region_name,
            country_iso3, country_name, player_count, share_percentage, peak_time_bkk, created_at
        ) VALUES (
            %s, %s, %s, %s, %s,
            %s, %s, %s, %s, %s, NOW()
        ) ON CONFLICT (snapshot_date, appid, region_code, country_iso3) DO UPDATE SET
            player_count = EXCLUDED.player_count,
            share_percentage = EXCLUDED.share_percentage,
            peak_time_bkk = EXCLUDED.peak_time_bkk;
        , parameters: ('2026-09-04', 359550, "Tom Clancy's Rainbow Six Siege", 'ASIA_SEA', 'เอเชียตะวันออกเฉียงใต้', 'THA', 'ประเทศไทย', 2265, 4.37, '20:00 - 00:00 น.')
[2026-09-04T17:47:08.697+0000] {sql.py:562} INFO - Rows affected: 1
[2026-09-04T17:47:08.707+0000] {sql.py:553} INFO - Running statement: 
        INSERT INTO steam_game_regions (
            snapshot_date, appid, game_name, region_code, region_name,
            country_iso3, country_name, player_count, share_percentage, peak_time_bkk, created_at
        ) VALUES (
            %s, %s, %s, %s, %s,
            %s, %s, %s, %s, %s, NOW()
        ) ON CONFLICT (snapshot_date, appid, region_code, country_iso3) DO UPDATE SET
            player_count = EXCLUDED.player_count,
            share_percentage = EXCLUDED.share_percentage,
            peak_time_bkk = EXCLUDED.peak_time_bkk;
        , parameters: ('2026-09-04', 359550, "Tom Clancy's Rainbow Six Siege", 'ASIA_SEA', 'เอเชียตะวันออกเฉียงใต้', 'VNM', 'เวียดนาม', 1762, 3.4, '20:00 - 00:00 น.')
[2026-09-04T17:47:08.711+0000] {sql.py:562} INFO - Rows affected: 1
[2026-09-04T17:47:08.721+0000] {sql.py:553} INFO - Running statement: 
        INSERT INTO steam_game_regions (
            snapshot_date, appid, game_name, region_code, region_name,
            country_iso3, country_name, player_count, share_percentage, peak_time_bkk, created_at
        ) VALUES (
            %s, %s, %s, %s, %s,
            %s, %s, %s, %s, %s, NOW()
        ) ON CONFLICT (snapshot_date, appid, region_code, country_iso3) DO UPDATE SET
            player_count = EXCLUDED.player_count,
            share_percentage = EXCLUDED.share_percentage,
            peak_time_bkk = EXCLUDED.peak_time_bkk;
        , parameters: ('2026-09-04', 359550, "Tom Clancy's Rainbow Six Siege", 'ASIA_SEA', 'เอเชียตะวันออกเฉียงใต้', 'IDN', 'อินโดนีเซีย', 1510, 2.91, '20:00 - 00:00 น.')
[2026-09-04T17:47:08.723+0000] {sql.py:562} INFO - Rows affected: 1
[2026-09-04T17:47:08.733+0000] {sql.py:553} INFO - Running statement: 
        INSERT INTO steam_game_regions (
            snapshot_date, appid, game_name, region_code, region_name,
            country_iso3, country_name, player_count, share_percentage, peak_time_bkk, created_at
        ) VALUES (
            %s, %s, %s, %s, %s,
            %s, %s, %s, %s, %s, NOW()
        ) ON CONFLICT (snapshot_date, appid, region_code, country_iso3) DO UPDATE SET
            player_count = EXCLUDED.player_count,
            share_percentage = EXCLUDED.share_percentage,
            peak_time_bkk = EXCLUDED.peak_time_bkk;
        , parameters: ('2026-09-04', 359550, "Tom Clancy's Rainbow Six Siege", 'ASIA_SEA', 'เอเชียตะวันออกเฉียงใต้', 'PHL', 'ฟิลิปปินส์', 1258, 2.43, '20:00 - 00:00 น.')
[2026-09-04T17:47:08.736+0000] {sql.py:562} INFO - Rows affected: 1
[2026-09-04T17:47:08.743+0000] {sql.py:553} INFO - Running statement: 
        INSERT INTO steam_game_regions (
            snapshot_date, appid, game_name, region_code, region_name,
            country_iso3, country_name, player_count, share_percentage, peak_time_bkk, created_at
        ) VALUES (
            %s, %s, %s, %s, %s,
            %s, %s, %s, %s, %s, NOW()
        ) ON CONFLICT (snapshot_date, appid, region_code, country_iso3) DO UPDATE SET
            player_count = EXCLUDED.player_count,
            share_percentage = EXCLUDED.share_percentage,
            peak_time_bkk = EXCLUDED.peak_time_bkk;
        , parameters: ('2026-09-04', 359550, "Tom Clancy's Rainbow Six Siege", 'ASIA_SEA', 'เอเชียตะวันออกเฉียงใต้', 'MYS', 'มาเลเซีย', 755, 1.46, '20:00 - 00:00 น.')
[2026-09-04T17:47:08.745+0000] {sql.py:562} INFO - Rows affected: 1
[2026-09-04T17:47:08.752+0000] {sql.py:553} INFO - Running statement: 
        INSERT INTO steam_game_regions (
            snapshot_date, appid, game_name, region_code, region_name,
            country_iso3, country_name, player_count, share_percentage, peak_time_bkk, created_at
        ) VALUES (
            %s, %s, %s, %s, %s,
            %s, %s, %s, %s, %s, NOW()
        ) ON CONFLICT (snapshot_date, appid, region_code, country_iso3) DO UPDATE SET
            player_count = EXCLUDED.player_count,
            share_percentage = EXCLUDED.share_percentage,
            peak_time_bkk = EXCLUDED.peak_time_bkk;
        , parameters: ('2026-09-04', 359550, "Tom Clancy's Rainbow Six Siege", 'ASIA_SEA', 'เอเชียตะวันออกเฉียงใต้', 'SGP', 'สิงคโปร์', 503, 0.97, '20:00 - 00:00 น.')
[2026-09-04T17:47:08.753+0000] {sql.py:562} INFO - Rows affected: 1
[2026-09-04T17:47:08.760+0000] {sql.py:553} INFO - Running statement: 
        INSERT INTO steam_game_regions (
            snapshot_date, appid, game_name, region_code, region_name,
            country_iso3, country_name, player_count, share_percentage, peak_time_bkk, created_at
        ) VALUES (
            %s, %s, %s, %s, %s,
            %s, %s, %s, %s, %s, NOW()
        ) ON CONFLICT (snapshot_date, appid, region_code, country_iso3) DO UPDATE SET
            player_count = EXCLUDED.player_count,
            share_percentage = EXCLUDED.share_percentage,
            peak_time_bkk = EXCLUDED.peak_time_bkk;
        , parameters: ('2026-09-04', 359550, "Tom Clancy's Rainbow Six Siege", 'EUROPE', 'ยุโรป', 'RUS', 'รัสเซีย', 6040, 11.65, '22:00 - 02:00 น.')
[2026-09-04T17:47:08.762+0000] {sql.py:562} INFO - Rows affected: 1
[2026-09-04T17:47:08.769+0000] {sql.py:553} INFO - Running statement: 
        INSERT INTO steam_game_regions (
            snapshot_date, appid, game_name, region_code, region_name,
            country_iso3, country_name, player_count, share_percentage, peak_time_bkk, created_at
        ) VALUES (
            %s, %s, %s, %s, %s,
            %s, %s, %s, %s, %s, NOW()
        ) ON CONFLICT (snapshot_date, appid, region_code, country_iso3) DO UPDATE SET
            player_count = EXCLUDED.player_count,
            share_percentage = EXCLUDED.share_percentage,
            peak_time_bkk = EXCLUDED.peak_time_bkk;
        , parameters: ('2026-09-04', 359550, "Tom Clancy's Rainbow Six Siege", 'EUROPE', 'ยุโรป', 'DEU', 'เยอรมนี', 3020, 5.83, '00:00 - 04:00 น.')
[2026-09-04T17:47:08.771+0000] {sql.py:562} INFO - Rows affected: 1
[2026-09-04T17:47:08.778+0000] {sql.py:553} INFO - Running statement: 
        INSERT INTO steam_game_regions (
            snapshot_date, appid, game_name, region_code, region_name,
            country_iso3, country_name, player_count, share_percentage, peak_time_bkk, created_at
        ) VALUES (
            %s, %s, %s, %s, %s,
            %s, %s, %s, %s, %s, NOW()
        ) ON CONFLICT (snapshot_date, appid, region_code, country_iso3) DO UPDATE SET
            player_count = EXCLUDED.player_count,
            share_percentage = EXCLUDED.share_percentage,
            peak_time_bkk = EXCLUDED.peak_time_bkk;
        , parameters: ('2026-09-04', 359550, "Tom Clancy's Rainbow Six Siege", 'EUROPE', 'ยุโรป', 'GBR', 'สหราชอาณาจักร', 2013, 3.88, '01:00 - 05:00 น.')
[2026-09-04T17:47:08.781+0000] {sql.py:562} INFO - Rows affected: 1
[2026-09-04T17:47:08.789+0000] {sql.py:553} INFO - Running statement: 
        INSERT INTO steam_game_regions (
            snapshot_date, appid, game_name, region_code, region_name,
            country_iso3, country_name, player_count, share_percentage, peak_time_bkk, created_at
        ) VALUES (
            %s, %s, %s, %s, %s,
            %s, %s, %s, %s, %s, NOW()
        ) ON CONFLICT (snapshot_date, appid, region_code, country_iso3) DO UPDATE SET
            player_count = EXCLUDED.player_count,
            share_percentage = EXCLUDED.share_percentage,
            peak_time_bkk = EXCLUDED.peak_time_bkk;
        , parameters: ('2026-09-04', 359550, "Tom Clancy's Rainbow Six Siege", 'EUROPE', 'ยุโรป', 'FRA', 'ฝรั่งเศส', 1510, 2.91, '00:00 - 04:00 น.')
[2026-09-04T17:47:08.791+0000] {sql.py:562} INFO - Rows affected: 1
[2026-09-04T17:47:08.800+0000] {sql.py:553} INFO - Running statement: 
        INSERT INTO steam_game_regions (
            snapshot_date, appid, game_name, region_code, region_name,
            country_iso3, country_name, player_count, share_percentage, peak_time_bkk, created_at
        ) VALUES (
            %s, %s, %s, %s, %s,
            %s, %s, %s, %s, %s, NOW()
        ) ON CONFLICT (snapshot_date, appid, region_code, country_iso3) DO UPDATE SET
            player_count = EXCLUDED.player_count,
            share_percentage = EXCLUDED.share_percentage,
            peak_time_bkk = EXCLUDED.peak_time_bkk;
        , parameters: ('2026-09-04', 359550, "Tom Clancy's Rainbow Six Siege", 'EUROPE', 'ยุโรป', 'POL', 'โปแลนด์', 1510, 2.91, '00:00 - 04:00 น.')
[2026-09-04T17:47:08.803+0000] {sql.py:562} INFO - Rows affected: 1
[2026-09-04T17:47:08.811+0000] {sql.py:553} INFO - Running statement: 
        INSERT INTO steam_game_regions (
            snapshot_date, appid, game_name, region_code, region_name,
            country_iso3, country_name, player_count, share_percentage, peak_time_bkk, created_at
        ) VALUES (
            %s, %s, %s, %s, %s,
            %s, %s, %s, %s, %s, NOW()
        ) ON CONFLICT (snapshot_date, appid, region_code, country_iso3) DO UPDATE SET
            player_count = EXCLUDED.player_count,
            share_percentage = EXCLUDED.share_percentage,
            peak_time_bkk = EXCLUDED.peak_time_bkk;
        , parameters: ('2026-09-04', 359550, "Tom Clancy's Rainbow Six Siege", 'NORTH_AMERICA', 'อเมริกาเหนือ', 'USA', 'สหรัฐอเมริกา', 5537, 10.68, '07:00 - 11:00 น.')
[2026-09-04T17:47:08.814+0000] {sql.py:562} INFO - Rows affected: 1
[2026-09-04T17:47:08.823+0000] {sql.py:553} INFO - Running statement: 
        INSERT INTO steam_game_regions (
            snapshot_date, appid, game_name, region_code, region_name,
            country_iso3, country_name, player_count, share_percentage, peak_time_bkk, created_at
        ) VALUES (
            %s, %s, %s, %s, %s,
            %s, %s, %s, %s, %s, NOW()
        ) ON CONFLICT (snapshot_date, appid, region_code, country_iso3) DO UPDATE SET
            player_count = EXCLUDED.player_count,
            share_percentage = EXCLUDED.share_percentage,
            peak_time_bkk = EXCLUDED.peak_time_bkk;
        , parameters: ('2026-09-04', 359550, "Tom Clancy's Rainbow Six Siege", 'NORTH_AMERICA', 'อเมริกาเหนือ', 'CAN', 'แคนาดา', 1007, 1.94, '07:00 - 11:00 น.')
[2026-09-04T17:47:08.826+0000] {sql.py:562} INFO - Rows affected: 1
[2026-09-04T17:47:08.835+0000] {sql.py:553} INFO - Running statement: 
        INSERT INTO steam_game_regions (
            snapshot_date, appid, game_name, region_code, region_name,
            country_iso3, country_name, player_count, share_percentage, peak_time_bkk, created_at
        ) VALUES (
            %s, %s, %s, %s, %s,
            %s, %s, %s, %s, %s, NOW()
        ) ON CONFLICT (snapshot_date, appid, region_code, country_iso3) DO UPDATE SET
            player_count = EXCLUDED.player_count,
            share_percentage = EXCLUDED.share_percentage,
            peak_time_bkk = EXCLUDED.peak_time_bkk;
        , parameters: ('2026-09-04', 359550, "Tom Clancy's Rainbow Six Siege", 'LATIN_AMERICA', 'ลาตินอเมริกา', 'BRA', 'บราซิล', 2013, 3.88, '05:00 - 09:00 น.')
[2026-09-04T17:47:08.837+0000] {sql.py:562} INFO - Rows affected: 1
[2026-09-04T17:47:08.845+0000] {sql.py:553} INFO - Running statement: 
        INSERT INTO steam_game_regions (
            snapshot_date, appid, game_name, region_code, region_name,
            country_iso3, country_name, player_count, share_percentage, peak_time_bkk, created_at
        ) VALUES (
            %s, %s, %s, %s, %s,
            %s, %s, %s, %s, %s, NOW()
        ) ON CONFLICT (snapshot_date, appid, region_code, country_iso3) DO UPDATE SET
            player_count = EXCLUDED.player_count,
            share_percentage = EXCLUDED.share_percentage,
            peak_time_bkk = EXCLUDED.peak_time_bkk;
        , parameters: ('2026-09-04', 359550, "Tom Clancy's Rainbow Six Siege", 'LATIN_AMERICA', 'ลาตินอเมริกา', 'ARG', 'อาร์เจนตินา', 755, 1.46, '05:00 - 09:00 น.')
[2026-09-04T17:47:08.847+0000] {sql.py:562} INFO - Rows affected: 1
[2026-09-04T17:47:08.856+0000] {sql.py:553} INFO - Running statement: 
        INSERT INTO steam_game_regions (
            snapshot_date, appid, game_name, region_code, region_name,
            country_iso3, country_name, player_count, share_percentage, peak_time_bkk, created_at
        ) VALUES (
            %s, %s, %s, %s, %s,
            %s, %s, %s, %s, %s, NOW()
        ) ON CONFLICT (snapshot_date, appid, region_code, country_iso3) DO UPDATE SET
            player_count = EXCLUDED.player_count,
            share_percentage = EXCLUDED.share_percentage,
            peak_time_bkk = EXCLUDED.peak_time_bkk;
        , parameters: ('2026-09-04', 359550, "Tom Clancy's Rainbow Six Siege", 'OCEANIA', 'โอเชียเนีย', 'AUS', 'ออสเตรเลีย', 755, 1.46, '16:00 - 20:00 น.')
[2026-09-04T17:47:08.858+0000] {sql.py:562} INFO - Rows affected: 1
[2026-09-04T17:47:08.867+0000] {sql.py:553} INFO - Running statement: 
        INSERT INTO steam_game_regions (
            snapshot_date, appid, game_name, region_code, region_name,
            country_iso3, country_name, player_count, share_percentage, peak_time_bkk, created_at
        ) VALUES (
            %s, %s, %s, %s, %s,
            %s, %s, %s, %s, %s, NOW()
        ) ON CONFLICT (snapshot_date, appid, region_code, country_iso3) DO UPDATE SET
            player_count = EXCLUDED.player_count,
            share_percentage = EXCLUDED.share_percentage,
            peak_time_bkk = EXCLUDED.peak_time_bkk;
        , parameters: ('2026-09-04', 1091500, 'Cyberpunk 2077', 'ASIA_EAST', 'เอเชียตะวันออก', 'CHN', 'จีน', 6053, 27.18, '19:00 - 23:00 น.')
[2026-09-04T17:47:08.871+0000] {sql.py:562} INFO - Rows affected: 1
[2026-09-04T17:47:08.879+0000] {sql.py:553} INFO - Running statement: 
        INSERT INTO steam_game_regions (
            snapshot_date, appid, game_name, region_code, region_name,
            country_iso3, country_name, player_count, share_percentage, peak_time_bkk, created_at
        ) VALUES (
            %s, %s, %s, %s, %s,
            %s, %s, %s, %s, %s, NOW()
        ) ON CONFLICT (snapshot_date, appid, region_code, country_iso3) DO UPDATE SET
            player_count = EXCLUDED.player_count,
            share_percentage = EXCLUDED.share_percentage,
            peak_time_bkk = EXCLUDED.peak_time_bkk;
        , parameters: ('2026-09-04', 1091500, 'Cyberpunk 2077', 'ASIA_EAST', 'เอเชียตะวันออก', 'JPN', 'ญี่ปุ่น', 1081, 4.85, '19:00 - 23:00 น.')
[2026-09-04T17:47:08.881+0000] {sql.py:562} INFO - Rows affected: 1
[2026-09-04T17:47:08.889+0000] {sql.py:553} INFO - Running statement: 
        INSERT INTO steam_game_regions (
            snapshot_date, appid, game_name, region_code, region_name,
            country_iso3, country_name, player_count, share_percentage, peak_time_bkk, created_at
        ) VALUES (
            %s, %s, %s, %s, %s,
            %s, %s, %s, %s, %s, NOW()
        ) ON CONFLICT (snapshot_date, appid, region_code, country_iso3) DO UPDATE SET
            player_count = EXCLUDED.player_count,
            share_percentage = EXCLUDED.share_percentage,
            peak_time_bkk = EXCLUDED.peak_time_bkk;
        , parameters: ('2026-09-04', 1091500, 'Cyberpunk 2077', 'ASIA_EAST', 'เอเชียตะวันออก', 'KOR', 'เกาหลีใต้', 865, 3.88, '19:00 - 23:00 น.')
[2026-09-04T17:47:08.891+0000] {sql.py:562} INFO - Rows affected: 1
[2026-09-04T17:47:08.899+0000] {sql.py:553} INFO - Running statement: 
        INSERT INTO steam_game_regions (
            snapshot_date, appid, game_name, region_code, region_name,
            country_iso3, country_name, player_count, share_percentage, peak_time_bkk, created_at
        ) VALUES (
            %s, %s, %s, %s, %s,
            %s, %s, %s, %s, %s, NOW()
        ) ON CONFLICT (snapshot_date, appid, region_code, country_iso3) DO UPDATE SET
            player_count = EXCLUDED.player_count,
            share_percentage = EXCLUDED.share_percentage,
            peak_time_bkk = EXCLUDED.peak_time_bkk;
        , parameters: ('2026-09-04', 1091500, 'Cyberpunk 2077', 'ASIA_EAST', 'เอเชียตะวันออก', 'TWN', 'ไต้หวัน', 432, 1.94, '19:00 - 23:00 น.')
[2026-09-04T17:47:08.901+0000] {sql.py:562} INFO - Rows affected: 1
[2026-09-04T17:47:08.909+0000] {sql.py:553} INFO - Running statement: 
        INSERT INTO steam_game_regions (
            snapshot_date, appid, game_name, region_code, region_name,
            country_iso3, country_name, player_count, share_percentage, peak_time_bkk, created_at
        ) VALUES (
            %s, %s, %s, %s, %s,
            %s, %s, %s, %s, %s, NOW()
        ) ON CONFLICT (snapshot_date, appid, region_code, country_iso3) DO UPDATE SET
            player_count = EXCLUDED.player_count,
            share_percentage = EXCLUDED.share_percentage,
            peak_time_bkk = EXCLUDED.peak_time_bkk;
        , parameters: ('2026-09-04', 1091500, 'Cyberpunk 2077', 'ASIA_SEA', 'เอเชียตะวันออกเฉียงใต้', 'THA', 'ประเทศไทย', 973, 4.37, '20:00 - 00:00 น.')
[2026-09-04T17:47:08.911+0000] {sql.py:562} INFO - Rows affected: 1
[2026-09-04T17:47:08.919+0000] {sql.py:553} INFO - Running statement: 
        INSERT INTO steam_game_regions (
            snapshot_date, appid, game_name, region_code, region_name,
            country_iso3, country_name, player_count, share_percentage, peak_time_bkk, created_at
        ) VALUES (
            %s, %s, %s, %s, %s,
            %s, %s, %s, %s, %s, NOW()
        ) ON CONFLICT (snapshot_date, appid, region_code, country_iso3) DO UPDATE SET
            player_count = EXCLUDED.player_count,
            share_percentage = EXCLUDED.share_percentage,
            peak_time_bkk = EXCLUDED.peak_time_bkk;
        , parameters: ('2026-09-04', 1091500, 'Cyberpunk 2077', 'ASIA_SEA', 'เอเชียตะวันออกเฉียงใต้', 'VNM', 'เวียดนาม', 757, 3.4, '20:00 - 00:00 น.')
[2026-09-04T17:47:08.921+0000] {sql.py:562} INFO - Rows affected: 1
[2026-09-04T17:47:08.929+0000] {sql.py:553} INFO - Running statement: 
        INSERT INTO steam_game_regions (
            snapshot_date, appid, game_name, region_code, region_name,
            country_iso3, country_name, player_count, share_percentage, peak_time_bkk, created_at
        ) VALUES (
            %s, %s, %s, %s, %s,
            %s, %s, %s, %s, %s, NOW()
        ) ON CONFLICT (snapshot_date, appid, region_code, country_iso3) DO UPDATE SET
            player_count = EXCLUDED.player_count,
            share_percentage = EXCLUDED.share_percentage,
            peak_time_bkk = EXCLUDED.peak_time_bkk;
        , parameters: ('2026-09-04', 1091500, 'Cyberpunk 2077', 'ASIA_SEA', 'เอเชียตะวันออกเฉียงใต้', 'IDN', 'อินโดนีเซีย', 648, 2.91, '20:00 - 00:00 น.')
[2026-09-04T17:47:08.931+0000] {sql.py:562} INFO - Rows affected: 1
[2026-09-04T17:47:08.939+0000] {sql.py:553} INFO - Running statement: 
        INSERT INTO steam_game_regions (
            snapshot_date, appid, game_name, region_code, region_name,
            country_iso3, country_name, player_count, share_percentage, peak_time_bkk, created_at
        ) VALUES (
            %s, %s, %s, %s, %s,
            %s, %s, %s, %s, %s, NOW()
        ) ON CONFLICT (snapshot_date, appid, region_code, country_iso3) DO UPDATE SET
            player_count = EXCLUDED.player_count,
            share_percentage = EXCLUDED.share_percentage,
            peak_time_bkk = EXCLUDED.peak_time_bkk;
        , parameters: ('2026-09-04', 1091500, 'Cyberpunk 2077', 'ASIA_SEA', 'เอเชียตะวันออกเฉียงใต้', 'PHL', 'ฟิลิปปินส์', 540, 2.43, '20:00 - 00:00 น.')
[2026-09-04T17:47:08.941+0000] {sql.py:562} INFO - Rows affected: 1
[2026-09-04T17:47:08.950+0000] {sql.py:553} INFO - Running statement: 
        INSERT INTO steam_game_regions (
            snapshot_date, appid, game_name, region_code, region_name,
            country_iso3, country_name, player_count, share_percentage, peak_time_bkk, created_at
        ) VALUES (
            %s, %s, %s, %s, %s,
            %s, %s, %s, %s, %s, NOW()
        ) ON CONFLICT (snapshot_date, appid, region_code, country_iso3) DO UPDATE SET
            player_count = EXCLUDED.player_count,
            share_percentage = EXCLUDED.share_percentage,
            peak_time_bkk = EXCLUDED.peak_time_bkk;
        , parameters: ('2026-09-04', 1091500, 'Cyberpunk 2077', 'ASIA_SEA', 'เอเชียตะวันออกเฉียงใต้', 'MYS', 'มาเลเซีย', 324, 1.46, '20:00 - 00:00 น.')
[2026-09-04T17:47:08.952+0000] {sql.py:562} INFO - Rows affected: 1
[2026-09-04T17:47:08.960+0000] {sql.py:553} INFO - Running statement: 
        INSERT INTO steam_game_regions (
            snapshot_date, appid, game_name, region_code, region_name,
            country_iso3, country_name, player_count, share_percentage, peak_time_bkk, created_at
        ) VALUES (
            %s, %s, %s, %s, %s,
            %s, %s, %s, %s, %s, NOW()
        ) ON CONFLICT (snapshot_date, appid, region_code, country_iso3) DO UPDATE SET
            player_count = EXCLUDED.player_count,
            share_percentage = EXCLUDED.share_percentage,
            peak_time_bkk = EXCLUDED.peak_time_bkk;
        , parameters: ('2026-09-04', 1091500, 'Cyberpunk 2077', 'ASIA_SEA', 'เอเชียตะวันออกเฉียงใต้', 'SGP', 'สิงคโปร์', 216, 0.97, '20:00 - 00:00 น.')
[2026-09-04T17:47:08.962+0000] {sql.py:562} INFO - Rows affected: 1
[2026-09-04T17:47:08.969+0000] {sql.py:553} INFO - Running statement: 
        INSERT INTO steam_game_regions (
            snapshot_date, appid, game_name, region_code, region_name,
            country_iso3, country_name, player_count, share_percentage, peak_time_bkk, created_at
        ) VALUES (
            %s, %s, %s, %s, %s,
            %s, %s, %s, %s, %s, NOW()
        ) ON CONFLICT (snapshot_date, appid, region_code, country_iso3) DO UPDATE SET
            player_count = EXCLUDED.player_count,
            share_percentage = EXCLUDED.share_percentage,
            peak_time_bkk = EXCLUDED.peak_time_bkk;
        , parameters: ('2026-09-04', 1091500, 'Cyberpunk 2077', 'EUROPE', 'ยุโรป', 'RUS', 'รัสเซีย', 2594, 11.65, '22:00 - 02:00 น.')
[2026-09-04T17:47:08.971+0000] {sql.py:562} INFO - Rows affected: 1
[2026-09-04T17:47:08.979+0000] {sql.py:553} INFO - Running statement: 
        INSERT INTO steam_game_regions (
            snapshot_date, appid, game_name, region_code, region_name,
            country_iso3, country_name, player_count, share_percentage, peak_time_bkk, created_at
        ) VALUES (
            %s, %s, %s, %s, %s,
            %s, %s, %s, %s, %s, NOW()
        ) ON CONFLICT (snapshot_date, appid, region_code, country_iso3) DO UPDATE SET
            player_count = EXCLUDED.player_count,
            share_percentage = EXCLUDED.share_percentage,
            peak_time_bkk = EXCLUDED.peak_time_bkk;
        , parameters: ('2026-09-04', 1091500, 'Cyberpunk 2077', 'EUROPE', 'ยุโรป', 'DEU', 'เยอรมนี', 1297, 5.83, '00:00 - 04:00 น.')
[2026-09-04T17:47:08.982+0000] {sql.py:562} INFO - Rows affected: 1
[2026-09-04T17:47:08.989+0000] {sql.py:553} INFO - Running statement: 
        INSERT INTO steam_game_regions (
            snapshot_date, appid, game_name, region_code, region_name,
            country_iso3, country_name, player_count, share_percentage, peak_time_bkk, created_at
        ) VALUES (
            %s, %s, %s, %s, %s,
            %s, %s, %s, %s, %s, NOW()
        ) ON CONFLICT (snapshot_date, appid, region_code, country_iso3) DO UPDATE SET
            player_count = EXCLUDED.player_count,
            share_percentage = EXCLUDED.share_percentage,
            peak_time_bkk = EXCLUDED.peak_time_bkk;
        , parameters: ('2026-09-04', 1091500, 'Cyberpunk 2077', 'EUROPE', 'ยุโรป', 'GBR', 'สหราชอาณาจักร', 865, 3.88, '01:00 - 05:00 น.')
[2026-09-04T17:47:08.991+0000] {sql.py:562} INFO - Rows affected: 1
[2026-09-04T17:47:08.999+0000] {sql.py:553} INFO - Running statement: 
        INSERT INTO steam_game_regions (
            snapshot_date, appid, game_name, region_code, region_name,
            country_iso3, country_name, player_count, share_percentage, peak_time_bkk, created_at
        ) VALUES (
            %s, %s, %s, %s, %s,
            %s, %s, %s, %s, %s, NOW()
        ) ON CONFLICT (snapshot_date, appid, region_code, country_iso3) DO UPDATE SET
            player_count = EXCLUDED.player_count,
            share_percentage = EXCLUDED.share_percentage,
            peak_time_bkk = EXCLUDED.peak_time_bkk;
        , parameters: ('2026-09-04', 1091500, 'Cyberpunk 2077', 'EUROPE', 'ยุโรป', 'FRA', 'ฝรั่งเศส', 648, 2.91, '00:00 - 04:00 น.')
[2026-09-04T17:47:09.001+0000] {sql.py:562} INFO - Rows affected: 1
[2026-09-04T17:47:09.008+0000] {sql.py:553} INFO - Running statement: 
        INSERT INTO steam_game_regions (
            snapshot_date, appid, game_name, region_code, region_name,
            country_iso3, country_name, player_count, share_percentage, peak_time_bkk, created_at
        ) VALUES (
            %s, %s, %s, %s, %s,
            %s, %s, %s, %s, %s, NOW()
        ) ON CONFLICT (snapshot_date, appid, region_code, country_iso3) DO UPDATE SET
            player_count = EXCLUDED.player_count,
            share_percentage = EXCLUDED.share_percentage,
            peak_time_bkk = EXCLUDED.peak_time_bkk;
        , parameters: ('2026-09-04', 1091500, 'Cyberpunk 2077', 'EUROPE', 'ยุโรป', 'POL', 'โปแลนด์', 648, 2.91, '00:00 - 04:00 น.')
[2026-09-04T17:47:09.010+0000] {sql.py:562} INFO - Rows affected: 1
[2026-09-04T17:47:09.018+0000] {sql.py:553} INFO - Running statement: 
        INSERT INTO steam_game_regions (
            snapshot_date, appid, game_name, region_code, region_name,
            country_iso3, country_name, player_count, share_percentage, peak_time_bkk, created_at
        ) VALUES (
            %s, %s, %s, %s, %s,
            %s, %s, %s, %s, %s, NOW()
        ) ON CONFLICT (snapshot_date, appid, region_code, country_iso3) DO UPDATE SET
            player_count = EXCLUDED.player_count,
            share_percentage = EXCLUDED.share_percentage,
            peak_time_bkk = EXCLUDED.peak_time_bkk;
        , parameters: ('2026-09-04', 1091500, 'Cyberpunk 2077', 'NORTH_AMERICA', 'อเมริกาเหนือ', 'USA', 'สหรัฐอเมริกา', 2378, 10.68, '07:00 - 11:00 น.')
[2026-09-04T17:47:09.019+0000] {sql.py:562} INFO - Rows affected: 1
[2026-09-04T17:47:09.026+0000] {sql.py:553} INFO - Running statement: 
        INSERT INTO steam_game_regions (
            snapshot_date, appid, game_name, region_code, region_name,
            country_iso3, country_name, player_count, share_percentage, peak_time_bkk, created_at
        ) VALUES (
            %s, %s, %s, %s, %s,
            %s, %s, %s, %s, %s, NOW()
        ) ON CONFLICT (snapshot_date, appid, region_code, country_iso3) DO UPDATE SET
            player_count = EXCLUDED.player_count,
            share_percentage = EXCLUDED.share_percentage,
            peak_time_bkk = EXCLUDED.peak_time_bkk;
        , parameters: ('2026-09-04', 1091500, 'Cyberpunk 2077', 'NORTH_AMERICA', 'อเมริกาเหนือ', 'CAN', 'แคนาดา', 432, 1.94, '07:00 - 11:00 น.')
[2026-09-04T17:47:09.028+0000] {sql.py:562} INFO - Rows affected: 1
[2026-09-04T17:47:09.035+0000] {sql.py:553} INFO - Running statement: 
        INSERT INTO steam_game_regions (
            snapshot_date, appid, game_name, region_code, region_name,
            country_iso3, country_name, player_count, share_percentage, peak_time_bkk, created_at
        ) VALUES (
            %s, %s, %s, %s, %s,
            %s, %s, %s, %s, %s, NOW()
        ) ON CONFLICT (snapshot_date, appid, region_code, country_iso3) DO UPDATE SET
            player_count = EXCLUDED.player_count,
            share_percentage = EXCLUDED.share_percentage,
            peak_time_bkk = EXCLUDED.peak_time_bkk;
        , parameters: ('2026-09-04', 1091500, 'Cyberpunk 2077', 'LATIN_AMERICA', 'ลาตินอเมริกา', 'BRA', 'บราซิล', 865, 3.88, '05:00 - 09:00 น.')
[2026-09-04T17:47:09.036+0000] {sql.py:562} INFO - Rows affected: 1
[2026-09-04T17:47:09.043+0000] {sql.py:553} INFO - Running statement: 
        INSERT INTO steam_game_regions (
            snapshot_date, appid, game_name, region_code, region_name,
            country_iso3, country_name, player_count, share_percentage, peak_time_bkk, created_at
        ) VALUES (
            %s, %s, %s, %s, %s,
            %s, %s, %s, %s, %s, NOW()
        ) ON CONFLICT (snapshot_date, appid, region_code, country_iso3) DO UPDATE SET
            player_count = EXCLUDED.player_count,
            share_percentage = EXCLUDED.share_percentage,
            peak_time_bkk = EXCLUDED.peak_time_bkk;
        , parameters: ('2026-09-04', 1091500, 'Cyberpunk 2077', 'LATIN_AMERICA', 'ลาตินอเมริกา', 'ARG', 'อาร์เจนตินา', 324, 1.46, '05:00 - 09:00 น.')
[2026-09-04T17:47:09.045+0000] {sql.py:562} INFO - Rows affected: 1
[2026-09-04T17:47:09.052+0000] {sql.py:553} INFO - Running statement: 
        INSERT INTO steam_game_regions (
            snapshot_date, appid, game_name, region_code, region_name,
            country_iso3, country_name, player_count, share_percentage, peak_time_bkk, created_at
        ) VALUES (
            %s, %s, %s, %s, %s,
            %s, %s, %s, %s, %s, NOW()
        ) ON CONFLICT (snapshot_date, appid, region_code, country_iso3) DO UPDATE SET
            player_count = EXCLUDED.player_count,
            share_percentage = EXCLUDED.share_percentage,
            peak_time_bkk = EXCLUDED.peak_time_bkk;
        , parameters: ('2026-09-04', 1091500, 'Cyberpunk 2077', 'OCEANIA', 'โอเชียเนีย', 'AUS', 'ออสเตรเลีย', 324, 1.46, '16:00 - 20:00 น.')
[2026-09-04T17:47:09.054+0000] {sql.py:562} INFO - Rows affected: 1
[2026-09-04T17:47:09.060+0000] {sql.py:553} INFO - Running statement: 
        INSERT INTO steam_game_regions (
            snapshot_date, appid, game_name, region_code, region_name,
            country_iso3, country_name, player_count, share_percentage, peak_time_bkk, created_at
        ) VALUES (
            %s, %s, %s, %s, %s,
            %s, %s, %s, %s, %s, NOW()
        ) ON CONFLICT (snapshot_date, appid, region_code, country_iso3) DO UPDATE SET
            player_count = EXCLUDED.player_count,
            share_percentage = EXCLUDED.share_percentage,
            peak_time_bkk = EXCLUDED.peak_time_bkk;
        , parameters: ('2026-09-04', 1145360, 'Hades', 'ASIA_EAST', 'เอเชียตะวันออก', 'CHN', 'จีน', 612, 27.18, '19:00 - 23:00 น.')
[2026-09-04T17:47:09.062+0000] {sql.py:562} INFO - Rows affected: 1
[2026-09-04T17:47:09.069+0000] {sql.py:553} INFO - Running statement: 
        INSERT INTO steam_game_regions (
            snapshot_date, appid, game_name, region_code, region_name,
            country_iso3, country_name, player_count, share_percentage, peak_time_bkk, created_at
        ) VALUES (
            %s, %s, %s, %s, %s,
            %s, %s, %s, %s, %s, NOW()
        ) ON CONFLICT (snapshot_date, appid, region_code, country_iso3) DO UPDATE SET
            player_count = EXCLUDED.player_count,
            share_percentage = EXCLUDED.share_percentage,
            peak_time_bkk = EXCLUDED.peak_time_bkk;
        , parameters: ('2026-09-04', 1145360, 'Hades', 'ASIA_EAST', 'เอเชียตะวันออก', 'JPN', 'ญี่ปุ่น', 109, 4.85, '19:00 - 23:00 น.')
[2026-09-04T17:47:09.071+0000] {sql.py:562} INFO - Rows affected: 1
[2026-09-04T17:47:09.078+0000] {sql.py:553} INFO - Running statement: 
        INSERT INTO steam_game_regions (
            snapshot_date, appid, game_name, region_code, region_name,
            country_iso3, country_name, player_count, share_percentage, peak_time_bkk, created_at
        ) VALUES (
            %s, %s, %s, %s, %s,
            %s, %s, %s, %s, %s, NOW()
        ) ON CONFLICT (snapshot_date, appid, region_code, country_iso3) DO UPDATE SET
            player_count = EXCLUDED.player_count,
            share_percentage = EXCLUDED.share_percentage,
            peak_time_bkk = EXCLUDED.peak_time_bkk;
        , parameters: ('2026-09-04', 1145360, 'Hades', 'ASIA_EAST', 'เอเชียตะวันออก', 'KOR', 'เกาหลีใต้', 87, 3.88, '19:00 - 23:00 น.')
[2026-09-04T17:47:09.080+0000] {sql.py:562} INFO - Rows affected: 1
[2026-09-04T17:47:09.087+0000] {sql.py:553} INFO - Running statement: 
        INSERT INTO steam_game_regions (
            snapshot_date, appid, game_name, region_code, region_name,
            country_iso3, country_name, player_count, share_percentage, peak_time_bkk, created_at
        ) VALUES (
            %s, %s, %s, %s, %s,
            %s, %s, %s, %s, %s, NOW()
        ) ON CONFLICT (snapshot_date, appid, region_code, country_iso3) DO UPDATE SET
            player_count = EXCLUDED.player_count,
            share_percentage = EXCLUDED.share_percentage,
            peak_time_bkk = EXCLUDED.peak_time_bkk;
        , parameters: ('2026-09-04', 1145360, 'Hades', 'ASIA_EAST', 'เอเชียตะวันออก', 'TWN', 'ไต้หวัน', 44, 1.94, '19:00 - 23:00 น.')
[2026-09-04T17:47:09.088+0000] {sql.py:562} INFO - Rows affected: 1
[2026-09-04T17:47:09.095+0000] {sql.py:553} INFO - Running statement: 
        INSERT INTO steam_game_regions (
            snapshot_date, appid, game_name, region_code, region_name,
            country_iso3, country_name, player_count, share_percentage, peak_time_bkk, created_at
        ) VALUES (
            %s, %s, %s, %s, %s,
            %s, %s, %s, %s, %s, NOW()
        ) ON CONFLICT (snapshot_date, appid, region_code, country_iso3) DO UPDATE SET
            player_count = EXCLUDED.player_count,
            share_percentage = EXCLUDED.share_percentage,
            peak_time_bkk = EXCLUDED.peak_time_bkk;
        , parameters: ('2026-09-04', 1145360, 'Hades', 'ASIA_SEA', 'เอเชียตะวันออกเฉียงใต้', 'THA', 'ประเทศไทย', 98, 4.37, '20:00 - 00:00 น.')
[2026-09-04T17:47:09.097+0000] {sql.py:562} INFO - Rows affected: 1
[2026-09-04T17:47:09.103+0000] {sql.py:553} INFO - Running statement: 
        INSERT INTO steam_game_regions (
            snapshot_date, appid, game_name, region_code, region_name,
            country_iso3, country_name, player_count, share_percentage, peak_time_bkk, created_at
        ) VALUES (
            %s, %s, %s, %s, %s,
            %s, %s, %s, %s, %s, NOW()
        ) ON CONFLICT (snapshot_date, appid, region_code, country_iso3) DO UPDATE SET
            player_count = EXCLUDED.player_count,
            share_percentage = EXCLUDED.share_percentage,
            peak_time_bkk = EXCLUDED.peak_time_bkk;
        , parameters: ('2026-09-04', 1145360, 'Hades', 'ASIA_SEA', 'เอเชียตะวันออกเฉียงใต้', 'VNM', 'เวียดนาม', 77, 3.4, '20:00 - 00:00 น.')
[2026-09-04T17:47:09.105+0000] {sql.py:562} INFO - Rows affected: 1
[2026-09-04T17:47:09.114+0000] {sql.py:553} INFO - Running statement: 
        INSERT INTO steam_game_regions (
            snapshot_date, appid, game_name, region_code, region_name,
            country_iso3, country_name, player_count, share_percentage, peak_time_bkk, created_at
        ) VALUES (
            %s, %s, %s, %s, %s,
            %s, %s, %s, %s, %s, NOW()
        ) ON CONFLICT (snapshot_date, appid, region_code, country_iso3) DO UPDATE SET
            player_count = EXCLUDED.player_count,
            share_percentage = EXCLUDED.share_percentage,
            peak_time_bkk = EXCLUDED.peak_time_bkk;
        , parameters: ('2026-09-04', 1145360, 'Hades', 'ASIA_SEA', 'เอเชียตะวันออกเฉียงใต้', 'IDN', 'อินโดนีเซีย', 66, 2.91, '20:00 - 00:00 น.')
[2026-09-04T17:47:09.117+0000] {sql.py:562} INFO - Rows affected: 1
[2026-09-04T17:47:09.125+0000] {sql.py:553} INFO - Running statement: 
        INSERT INTO steam_game_regions (
            snapshot_date, appid, game_name, region_code, region_name,
            country_iso3, country_name, player_count, share_percentage, peak_time_bkk, created_at
        ) VALUES (
            %s, %s, %s, %s, %s,
            %s, %s, %s, %s, %s, NOW()
        ) ON CONFLICT (snapshot_date, appid, region_code, country_iso3) DO UPDATE SET
            player_count = EXCLUDED.player_count,
            share_percentage = EXCLUDED.share_percentage,
            peak_time_bkk = EXCLUDED.peak_time_bkk;
        , parameters: ('2026-09-04', 1145360, 'Hades', 'ASIA_SEA', 'เอเชียตะวันออกเฉียงใต้', 'PHL', 'ฟิลิปปินส์', 55, 2.43, '20:00 - 00:00 น.')
[2026-09-04T17:47:09.128+0000] {sql.py:562} INFO - Rows affected: 1
[2026-09-04T17:47:09.136+0000] {sql.py:553} INFO - Running statement: 
        INSERT INTO steam_game_regions (
            snapshot_date, appid, game_name, region_code, region_name,
            country_iso3, country_name, player_count, share_percentage, peak_time_bkk, created_at
        ) VALUES (
            %s, %s, %s, %s, %s,
            %s, %s, %s, %s, %s, NOW()
        ) ON CONFLICT (snapshot_date, appid, region_code, country_iso3) DO UPDATE SET
            player_count = EXCLUDED.player_count,
            share_percentage = EXCLUDED.share_percentage,
            peak_time_bkk = EXCLUDED.peak_time_bkk;
        , parameters: ('2026-09-04', 1145360, 'Hades', 'ASIA_SEA', 'เอเชียตะวันออกเฉียงใต้', 'MYS', 'มาเลเซีย', 33, 1.46, '20:00 - 00:00 น.')
[2026-09-04T17:47:09.138+0000] {sql.py:562} INFO - Rows affected: 1
[2026-09-04T17:47:09.147+0000] {sql.py:553} INFO - Running statement: 
        INSERT INTO steam_game_regions (
            snapshot_date, appid, game_name, region_code, region_name,
            country_iso3, country_name, player_count, share_percentage, peak_time_bkk, created_at
        ) VALUES (
            %s, %s, %s, %s, %s,
            %s, %s, %s, %s, %s, NOW()
        ) ON CONFLICT (snapshot_date, appid, region_code, country_iso3) DO UPDATE SET
            player_count = EXCLUDED.player_count,
            share_percentage = EXCLUDED.share_percentage,
            peak_time_bkk = EXCLUDED.peak_time_bkk;
        , parameters: ('2026-09-04', 1145360, 'Hades', 'ASIA_SEA', 'เอเชียตะวันออกเฉียงใต้', 'SGP', 'สิงคโปร์', 22, 0.97, '20:00 - 00:00 น.')
[2026-09-04T17:47:09.149+0000] {sql.py:562} INFO - Rows affected: 1
[2026-09-04T17:47:09.158+0000] {sql.py:553} INFO - Running statement: 
        INSERT INTO steam_game_regions (
            snapshot_date, appid, game_name, region_code, region_name,
            country_iso3, country_name, player_count, share_percentage, peak_time_bkk, created_at
        ) VALUES (
            %s, %s, %s, %s, %s,
            %s, %s, %s, %s, %s, NOW()
        ) ON CONFLICT (snapshot_date, appid, region_code, country_iso3) DO UPDATE SET
            player_count = EXCLUDED.player_count,
            share_percentage = EXCLUDED.share_percentage,
            peak_time_bkk = EXCLUDED.peak_time_bkk;
        , parameters: ('2026-09-04', 1145360, 'Hades', 'EUROPE', 'ยุโรป', 'RUS', 'รัสเซีย', 262, 11.65, '22:00 - 02:00 น.')
[2026-09-04T17:47:09.161+0000] {sql.py:562} INFO - Rows affected: 1
[2026-09-04T17:47:09.169+0000] {sql.py:553} INFO - Running statement: 
        INSERT INTO steam_game_regions (
            snapshot_date, appid, game_name, region_code, region_name,
            country_iso3, country_name, player_count, share_percentage, peak_time_bkk, created_at
        ) VALUES (
            %s, %s, %s, %s, %s,
            %s, %s, %s, %s, %s, NOW()
        ) ON CONFLICT (snapshot_date, appid, region_code, country_iso3) DO UPDATE SET
            player_count = EXCLUDED.player_count,
            share_percentage = EXCLUDED.share_percentage,
            peak_time_bkk = EXCLUDED.peak_time_bkk;
        , parameters: ('2026-09-04', 1145360, 'Hades', 'EUROPE', 'ยุโรป', 'DEU', 'เยอรมนี', 131, 5.83, '00:00 - 04:00 น.')
[2026-09-04T17:47:09.172+0000] {sql.py:562} INFO - Rows affected: 1
[2026-09-04T17:47:09.181+0000] {sql.py:553} INFO - Running statement: 
        INSERT INTO steam_game_regions (
            snapshot_date, appid, game_name, region_code, region_name,
            country_iso3, country_name, player_count, share_percentage, peak_time_bkk, created_at
        ) VALUES (
            %s, %s, %s, %s, %s,
            %s, %s, %s, %s, %s, NOW()
        ) ON CONFLICT (snapshot_date, appid, region_code, country_iso3) DO UPDATE SET
            player_count = EXCLUDED.player_count,
            share_percentage = EXCLUDED.share_percentage,
            peak_time_bkk = EXCLUDED.peak_time_bkk;
        , parameters: ('2026-09-04', 1145360, 'Hades', 'EUROPE', 'ยุโรป', 'GBR', 'สหราชอาณาจักร', 87, 3.88, '01:00 - 05:00 น.')
[2026-09-04T17:47:09.184+0000] {sql.py:562} INFO - Rows affected: 1
[2026-09-04T17:47:09.193+0000] {sql.py:553} INFO - Running statement: 
        INSERT INTO steam_game_regions (
            snapshot_date, appid, game_name, region_code, region_name,
            country_iso3, country_name, player_count, share_percentage, peak_time_bkk, created_at
        ) VALUES (
            %s, %s, %s, %s, %s,
            %s, %s, %s, %s, %s, NOW()
        ) ON CONFLICT (snapshot_date, appid, region_code, country_iso3) DO UPDATE SET
            player_count = EXCLUDED.player_count,
            share_percentage = EXCLUDED.share_percentage,
            peak_time_bkk = EXCLUDED.peak_time_bkk;
        , parameters: ('2026-09-04', 1145360, 'Hades', 'EUROPE', 'ยุโรป', 'FRA', 'ฝรั่งเศส', 66, 2.91, '00:00 - 04:00 น.')
[2026-09-04T17:47:09.195+0000] {sql.py:562} INFO - Rows affected: 1
[2026-09-04T17:47:09.204+0000] {sql.py:553} INFO - Running statement: 
        INSERT INTO steam_game_regions (
            snapshot_date, appid, game_name, region_code, region_name,
            country_iso3, country_name, player_count, share_percentage, peak_time_bkk, created_at
        ) VALUES (
            %s, %s, %s, %s, %s,
            %s, %s, %s, %s, %s, NOW()
        ) ON CONFLICT (snapshot_date, appid, region_code, country_iso3) DO UPDATE SET
            player_count = EXCLUDED.player_count,
            share_percentage = EXCLUDED.share_percentage,
            peak_time_bkk = EXCLUDED.peak_time_bkk;
        , parameters: ('2026-09-04', 1145360, 'Hades', 'EUROPE', 'ยุโรป', 'POL', 'โปแลนด์', 66, 2.91, '00:00 - 04:00 น.')
[2026-09-04T17:47:09.206+0000] {sql.py:562} INFO - Rows affected: 1
[2026-09-04T17:47:09.215+0000] {sql.py:553} INFO - Running statement: 
        INSERT INTO steam_game_regions (
            snapshot_date, appid, game_name, region_code, region_name,
            country_iso3, country_name, player_count, share_percentage, peak_time_bkk, created_at
        ) VALUES (
            %s, %s, %s, %s, %s,
            %s, %s, %s, %s, %s, NOW()
        ) ON CONFLICT (snapshot_date, appid, region_code, country_iso3) DO UPDATE SET
            player_count = EXCLUDED.player_count,
            share_percentage = EXCLUDED.share_percentage,
            peak_time_bkk = EXCLUDED.peak_time_bkk;
        , parameters: ('2026-09-04', 1145360, 'Hades', 'NORTH_AMERICA', 'อเมริกาเหนือ', 'USA', 'สหรัฐอเมริกา', 241, 10.68, '07:00 - 11:00 น.')
[2026-09-04T17:47:09.218+0000] {sql.py:562} INFO - Rows affected: 1
[2026-09-04T17:47:09.227+0000] {sql.py:553} INFO - Running statement: 
        INSERT INTO steam_game_regions (
            snapshot_date, appid, game_name, region_code, region_name,
            country_iso3, country_name, player_count, share_percentage, peak_time_bkk, created_at
        ) VALUES (
            %s, %s, %s, %s, %s,
            %s, %s, %s, %s, %s, NOW()
        ) ON CONFLICT (snapshot_date, appid, region_code, country_iso3) DO UPDATE SET
            player_count = EXCLUDED.player_count,
            share_percentage = EXCLUDED.share_percentage,
            peak_time_bkk = EXCLUDED.peak_time_bkk;
        , parameters: ('2026-09-04', 1145360, 'Hades', 'NORTH_AMERICA', 'อเมริกาเหนือ', 'CAN', 'แคนาดา', 44, 1.94, '07:00 - 11:00 น.')
[2026-09-04T17:47:09.229+0000] {sql.py:562} INFO - Rows affected: 1
[2026-09-04T17:47:09.238+0000] {sql.py:553} INFO - Running statement: 
        INSERT INTO steam_game_regions (
            snapshot_date, appid, game_name, region_code, region_name,
            country_iso3, country_name, player_count, share_percentage, peak_time_bkk, created_at
        ) VALUES (
            %s, %s, %s, %s, %s,
            %s, %s, %s, %s, %s, NOW()
        ) ON CONFLICT (snapshot_date, appid, region_code, country_iso3) DO UPDATE SET
            player_count = EXCLUDED.player_count,
            share_percentage = EXCLUDED.share_percentage,
            peak_time_bkk = EXCLUDED.peak_time_bkk;
        , parameters: ('2026-09-04', 1145360, 'Hades', 'LATIN_AMERICA', 'ลาตินอเมริกา', 'BRA', 'บราซิล', 87, 3.88, '05:00 - 09:00 น.')
[2026-09-04T17:47:09.240+0000] {sql.py:562} INFO - Rows affected: 1
[2026-09-04T17:47:09.248+0000] {sql.py:553} INFO - Running statement: 
        INSERT INTO steam_game_regions (
            snapshot_date, appid, game_name, region_code, region_name,
            country_iso3, country_name, player_count, share_percentage, peak_time_bkk, created_at
        ) VALUES (
            %s, %s, %s, %s, %s,
            %s, %s, %s, %s, %s, NOW()
        ) ON CONFLICT (snapshot_date, appid, region_code, country_iso3) DO UPDATE SET
            player_count = EXCLUDED.player_count,
            share_percentage = EXCLUDED.share_percentage,
            peak_time_bkk = EXCLUDED.peak_time_bkk;
        , parameters: ('2026-09-04', 1145360, 'Hades', 'LATIN_AMERICA', 'ลาตินอเมริกา', 'ARG', 'อาร์เจนตินา', 33, 1.46, '05:00 - 09:00 น.')
[2026-09-04T17:47:09.252+0000] {sql.py:562} INFO - Rows affected: 1
[2026-09-04T17:47:09.261+0000] {sql.py:553} INFO - Running statement: 
        INSERT INTO steam_game_regions (
            snapshot_date, appid, game_name, region_code, region_name,
            country_iso3, country_name, player_count, share_percentage, peak_time_bkk, created_at
        ) VALUES (
            %s, %s, %s, %s, %s,
            %s, %s, %s, %s, %s, NOW()
        ) ON CONFLICT (snapshot_date, appid, region_code, country_iso3) DO UPDATE SET
            player_count = EXCLUDED.player_count,
            share_percentage = EXCLUDED.share_percentage,
            peak_time_bkk = EXCLUDED.peak_time_bkk;
        , parameters: ('2026-09-04', 1145360, 'Hades', 'OCEANIA', 'โอเชียเนีย', 'AUS', 'ออสเตรเลีย', 33, 1.46, '16:00 - 20:00 น.')
[2026-09-04T17:47:09.263+0000] {sql.py:562} INFO - Rows affected: 1
[2026-09-04T17:47:09.273+0000] {sql.py:553} INFO - Running statement: 
        INSERT INTO steam_game_regions (
            snapshot_date, appid, game_name, region_code, region_name,
            country_iso3, country_name, player_count, share_percentage, peak_time_bkk, created_at
        ) VALUES (
            %s, %s, %s, %s, %s,
            %s, %s, %s, %s, %s, NOW()
        ) ON CONFLICT (snapshot_date, appid, region_code, country_iso3) DO UPDATE SET
            player_count = EXCLUDED.player_count,
            share_percentage = EXCLUDED.share_percentage,
            peak_time_bkk = EXCLUDED.peak_time_bkk;
        , parameters: ('2026-09-04', 814380, 'Sekiro™: Shadows Die Twice - GOTY Edition', 'ASIA_EAST', 'เอเชียตะวันออก', 'CHN', 'จีน', 1840, 27.18, '19:00 - 23:00 น.')
[2026-09-04T17:47:09.275+0000] {sql.py:562} INFO - Rows affected: 1
[2026-09-04T17:47:09.283+0000] {sql.py:553} INFO - Running statement: 
        INSERT INTO steam_game_regions (
            snapshot_date, appid, game_name, region_code, region_name,
            country_iso3, country_name, player_count, share_percentage, peak_time_bkk, created_at
        ) VALUES (
            %s, %s, %s, %s, %s,
            %s, %s, %s, %s, %s, NOW()
        ) ON CONFLICT (snapshot_date, appid, region_code, country_iso3) DO UPDATE SET
            player_count = EXCLUDED.player_count,
            share_percentage = EXCLUDED.share_percentage,
            peak_time_bkk = EXCLUDED.peak_time_bkk;
        , parameters: ('2026-09-04', 814380, 'Sekiro™: Shadows Die Twice - GOTY Edition', 'ASIA_EAST', 'เอเชียตะวันออก', 'JPN', 'ญี่ปุ่น', 328, 4.85, '19:00 - 23:00 น.')
[2026-09-04T17:47:09.286+0000] {sql.py:562} INFO - Rows affected: 1
[2026-09-04T17:47:09.293+0000] {sql.py:553} INFO - Running statement: 
        INSERT INTO steam_game_regions (
            snapshot_date, appid, game_name, region_code, region_name,
            country_iso3, country_name, player_count, share_percentage, peak_time_bkk, created_at
        ) VALUES (
            %s, %s, %s, %s, %s,
            %s, %s, %s, %s, %s, NOW()
        ) ON CONFLICT (snapshot_date, appid, region_code, country_iso3) DO UPDATE SET
            player_count = EXCLUDED.player_count,
            share_percentage = EXCLUDED.share_percentage,
            peak_time_bkk = EXCLUDED.peak_time_bkk;
        , parameters: ('2026-09-04', 814380, 'Sekiro™: Shadows Die Twice - GOTY Edition', 'ASIA_EAST', 'เอเชียตะวันออก', 'KOR', 'เกาหลีใต้', 263, 3.88, '19:00 - 23:00 น.')
[2026-09-04T17:47:09.295+0000] {sql.py:562} INFO - Rows affected: 1
[2026-09-04T17:47:09.303+0000] {sql.py:553} INFO - Running statement: 
        INSERT INTO steam_game_regions (
            snapshot_date, appid, game_name, region_code, region_name,
            country_iso3, country_name, player_count, share_percentage, peak_time_bkk, created_at
        ) VALUES (
            %s, %s, %s, %s, %s,
            %s, %s, %s, %s, %s, NOW()
        ) ON CONFLICT (snapshot_date, appid, region_code, country_iso3) DO UPDATE SET
            player_count = EXCLUDED.player_count,
            share_percentage = EXCLUDED.share_percentage,
            peak_time_bkk = EXCLUDED.peak_time_bkk;
        , parameters: ('2026-09-04', 814380, 'Sekiro™: Shadows Die Twice - GOTY Edition', 'ASIA_EAST', 'เอเชียตะวันออก', 'TWN', 'ไต้หวัน', 131, 1.94, '19:00 - 23:00 น.')
[2026-09-04T17:47:09.305+0000] {sql.py:562} INFO - Rows affected: 1
[2026-09-04T17:47:09.312+0000] {sql.py:553} INFO - Running statement: 
        INSERT INTO steam_game_regions (
            snapshot_date, appid, game_name, region_code, region_name,
            country_iso3, country_name, player_count, share_percentage, peak_time_bkk, created_at
        ) VALUES (
            %s, %s, %s, %s, %s,
            %s, %s, %s, %s, %s, NOW()
        ) ON CONFLICT (snapshot_date, appid, region_code, country_iso3) DO UPDATE SET
            player_count = EXCLUDED.player_count,
            share_percentage = EXCLUDED.share_percentage,
            peak_time_bkk = EXCLUDED.peak_time_bkk;
        , parameters: ('2026-09-04', 814380, 'Sekiro™: Shadows Die Twice - GOTY Edition', 'ASIA_SEA', 'เอเชียตะวันออกเฉียงใต้', 'THA', 'ประเทศไทย', 296, 4.37, '20:00 - 00:00 น.')
[2026-09-04T17:47:09.314+0000] {sql.py:562} INFO - Rows affected: 1
[2026-09-04T17:47:09.321+0000] {sql.py:553} INFO - Running statement: 
        INSERT INTO steam_game_regions (
            snapshot_date, appid, game_name, region_code, region_name,
            country_iso3, country_name, player_count, share_percentage, peak_time_bkk, created_at
        ) VALUES (
            %s, %s, %s, %s, %s,
            %s, %s, %s, %s, %s, NOW()
        ) ON CONFLICT (snapshot_date, appid, region_code, country_iso3) DO UPDATE SET
            player_count = EXCLUDED.player_count,
            share_percentage = EXCLUDED.share_percentage,
            peak_time_bkk = EXCLUDED.peak_time_bkk;
        , parameters: ('2026-09-04', 814380, 'Sekiro™: Shadows Die Twice - GOTY Edition', 'ASIA_SEA', 'เอเชียตะวันออกเฉียงใต้', 'VNM', 'เวียดนาม', 230, 3.4, '20:00 - 00:00 น.')
[2026-09-04T17:47:09.323+0000] {sql.py:562} INFO - Rows affected: 1
[2026-09-04T17:47:09.331+0000] {sql.py:553} INFO - Running statement: 
        INSERT INTO steam_game_regions (
            snapshot_date, appid, game_name, region_code, region_name,
            country_iso3, country_name, player_count, share_percentage, peak_time_bkk, created_at
        ) VALUES (
            %s, %s, %s, %s, %s,
            %s, %s, %s, %s, %s, NOW()
        ) ON CONFLICT (snapshot_date, appid, region_code, country_iso3) DO UPDATE SET
            player_count = EXCLUDED.player_count,
            share_percentage = EXCLUDED.share_percentage,
            peak_time_bkk = EXCLUDED.peak_time_bkk;
        , parameters: ('2026-09-04', 814380, 'Sekiro™: Shadows Die Twice - GOTY Edition', 'ASIA_SEA', 'เอเชียตะวันออกเฉียงใต้', 'IDN', 'อินโดนีเซีย', 197, 2.91, '20:00 - 00:00 น.')
[2026-09-04T17:47:09.332+0000] {sql.py:562} INFO - Rows affected: 1
[2026-09-04T17:47:09.339+0000] {sql.py:553} INFO - Running statement: 
        INSERT INTO steam_game_regions (
            snapshot_date, appid, game_name, region_code, region_name,
            country_iso3, country_name, player_count, share_percentage, peak_time_bkk, created_at
        ) VALUES (
            %s, %s, %s, %s, %s,
            %s, %s, %s, %s, %s, NOW()
        ) ON CONFLICT (snapshot_date, appid, region_code, country_iso3) DO UPDATE SET
            player_count = EXCLUDED.player_count,
            share_percentage = EXCLUDED.share_percentage,
            peak_time_bkk = EXCLUDED.peak_time_bkk;
        , parameters: ('2026-09-04', 814380, 'Sekiro™: Shadows Die Twice - GOTY Edition', 'ASIA_SEA', 'เอเชียตะวันออกเฉียงใต้', 'PHL', 'ฟิลิปปินส์', 164, 2.43, '20:00 - 00:00 น.')
[2026-09-04T17:47:09.341+0000] {sql.py:562} INFO - Rows affected: 1
[2026-09-04T17:47:09.348+0000] {sql.py:553} INFO - Running statement: 
        INSERT INTO steam_game_regions (
            snapshot_date, appid, game_name, region_code, region_name,
            country_iso3, country_name, player_count, share_percentage, peak_time_bkk, created_at
        ) VALUES (
            %s, %s, %s, %s, %s,
            %s, %s, %s, %s, %s, NOW()
        ) ON CONFLICT (snapshot_date, appid, region_code, country_iso3) DO UPDATE SET
            player_count = EXCLUDED.player_count,
            share_percentage = EXCLUDED.share_percentage,
            peak_time_bkk = EXCLUDED.peak_time_bkk;
        , parameters: ('2026-09-04', 814380, 'Sekiro™: Shadows Die Twice - GOTY Edition', 'ASIA_SEA', 'เอเชียตะวันออกเฉียงใต้', 'MYS', 'มาเลเซีย', 99, 1.46, '20:00 - 00:00 น.')
[2026-09-04T17:47:09.350+0000] {sql.py:562} INFO - Rows affected: 1
[2026-09-04T17:47:09.357+0000] {sql.py:553} INFO - Running statement: 
        INSERT INTO steam_game_regions (
            snapshot_date, appid, game_name, region_code, region_name,
            country_iso3, country_name, player_count, share_percentage, peak_time_bkk, created_at
        ) VALUES (
            %s, %s, %s, %s, %s,
            %s, %s, %s, %s, %s, NOW()
        ) ON CONFLICT (snapshot_date, appid, region_code, country_iso3) DO UPDATE SET
            player_count = EXCLUDED.player_count,
            share_percentage = EXCLUDED.share_percentage,
            peak_time_bkk = EXCLUDED.peak_time_bkk;
        , parameters: ('2026-09-04', 814380, 'Sekiro™: Shadows Die Twice - GOTY Edition', 'ASIA_SEA', 'เอเชียตะวันออกเฉียงใต้', 'SGP', 'สิงคโปร์', 66, 0.97, '20:00 - 00:00 น.')
[2026-09-04T17:47:09.359+0000] {sql.py:562} INFO - Rows affected: 1
[2026-09-04T17:47:09.366+0000] {sql.py:553} INFO - Running statement: 
        INSERT INTO steam_game_regions (
            snapshot_date, appid, game_name, region_code, region_name,
            country_iso3, country_name, player_count, share_percentage, peak_time_bkk, created_at
        ) VALUES (
            %s, %s, %s, %s, %s,
            %s, %s, %s, %s, %s, NOW()
        ) ON CONFLICT (snapshot_date, appid, region_code, country_iso3) DO UPDATE SET
            player_count = EXCLUDED.player_count,
            share_percentage = EXCLUDED.share_percentage,
            peak_time_bkk = EXCLUDED.peak_time_bkk;
        , parameters: ('2026-09-04', 814380, 'Sekiro™: Shadows Die Twice - GOTY Edition', 'EUROPE', 'ยุโรป', 'RUS', 'รัสเซีย', 788, 11.65, '22:00 - 02:00 น.')
[2026-09-04T17:47:09.368+0000] {sql.py:562} INFO - Rows affected: 1
[2026-09-04T17:47:09.374+0000] {sql.py:553} INFO - Running statement: 
        INSERT INTO steam_game_regions (
            snapshot_date, appid, game_name, region_code, region_name,
            country_iso3, country_name, player_count, share_percentage, peak_time_bkk, created_at
        ) VALUES (
            %s, %s, %s, %s, %s,
            %s, %s, %s, %s, %s, NOW()
        ) ON CONFLICT (snapshot_date, appid, region_code, country_iso3) DO UPDATE SET
            player_count = EXCLUDED.player_count,
            share_percentage = EXCLUDED.share_percentage,
            peak_time_bkk = EXCLUDED.peak_time_bkk;
        , parameters: ('2026-09-04', 814380, 'Sekiro™: Shadows Die Twice - GOTY Edition', 'EUROPE', 'ยุโรป', 'DEU', 'เยอรมนี', 394, 5.83, '00:00 - 04:00 น.')
[2026-09-04T17:47:09.376+0000] {sql.py:562} INFO - Rows affected: 1
[2026-09-04T17:47:09.383+0000] {sql.py:553} INFO - Running statement: 
        INSERT INTO steam_game_regions (
            snapshot_date, appid, game_name, region_code, region_name,
            country_iso3, country_name, player_count, share_percentage, peak_time_bkk, created_at
        ) VALUES (
            %s, %s, %s, %s, %s,
            %s, %s, %s, %s, %s, NOW()
        ) ON CONFLICT (snapshot_date, appid, region_code, country_iso3) DO UPDATE SET
            player_count = EXCLUDED.player_count,
            share_percentage = EXCLUDED.share_percentage,
            peak_time_bkk = EXCLUDED.peak_time_bkk;
        , parameters: ('2026-09-04', 814380, 'Sekiro™: Shadows Die Twice - GOTY Edition', 'EUROPE', 'ยุโรป', 'GBR', 'สหราชอาณาจักร', 263, 3.88, '01:00 - 05:00 น.')
[2026-09-04T17:47:09.385+0000] {sql.py:562} INFO - Rows affected: 1
[2026-09-04T17:47:09.392+0000] {sql.py:553} INFO - Running statement: 
        INSERT INTO steam_game_regions (
            snapshot_date, appid, game_name, region_code, region_name,
            country_iso3, country_name, player_count, share_percentage, peak_time_bkk, created_at
        ) VALUES (
            %s, %s, %s, %s, %s,
            %s, %s, %s, %s, %s, NOW()
        ) ON CONFLICT (snapshot_date, appid, region_code, country_iso3) DO UPDATE SET
            player_count = EXCLUDED.player_count,
            share_percentage = EXCLUDED.share_percentage,
            peak_time_bkk = EXCLUDED.peak_time_bkk;
        , parameters: ('2026-09-04', 814380, 'Sekiro™: Shadows Die Twice - GOTY Edition', 'EUROPE', 'ยุโรป', 'FRA', 'ฝรั่งเศส', 197, 2.91, '00:00 - 04:00 น.')
[2026-09-04T17:47:09.393+0000] {sql.py:562} INFO - Rows affected: 1
[2026-09-04T17:47:09.400+0000] {sql.py:553} INFO - Running statement: 
        INSERT INTO steam_game_regions (
            snapshot_date, appid, game_name, region_code, region_name,
            country_iso3, country_name, player_count, share_percentage, peak_time_bkk, created_at
        ) VALUES (
            %s, %s, %s, %s, %s,
            %s, %s, %s, %s, %s, NOW()
        ) ON CONFLICT (snapshot_date, appid, region_code, country_iso3) DO UPDATE SET
            player_count = EXCLUDED.player_count,
            share_percentage = EXCLUDED.share_percentage,
            peak_time_bkk = EXCLUDED.peak_time_bkk;
        , parameters: ('2026-09-04', 814380, 'Sekiro™: Shadows Die Twice - GOTY Edition', 'EUROPE', 'ยุโรป', 'POL', 'โปแลนด์', 197, 2.91, '00:00 - 04:00 น.')
[2026-09-04T17:47:09.402+0000] {sql.py:562} INFO - Rows affected: 1
[2026-09-04T17:47:09.409+0000] {sql.py:553} INFO - Running statement: 
        INSERT INTO steam_game_regions (
            snapshot_date, appid, game_name, region_code, region_name,
            country_iso3, country_name, player_count, share_percentage, peak_time_bkk, created_at
        ) VALUES (
            %s, %s, %s, %s, %s,
            %s, %s, %s, %s, %s, NOW()
        ) ON CONFLICT (snapshot_date, appid, region_code, country_iso3) DO UPDATE SET
            player_count = EXCLUDED.player_count,
            share_percentage = EXCLUDED.share_percentage,
            peak_time_bkk = EXCLUDED.peak_time_bkk;
        , parameters: ('2026-09-04', 814380, 'Sekiro™: Shadows Die Twice - GOTY Edition', 'NORTH_AMERICA', 'อเมริกาเหนือ', 'USA', 'สหรัฐอเมริกา', 723, 10.68, '07:00 - 11:00 น.')
[2026-09-04T17:47:09.410+0000] {sql.py:562} INFO - Rows affected: 1
[2026-09-04T17:47:09.417+0000] {sql.py:553} INFO - Running statement: 
        INSERT INTO steam_game_regions (
            snapshot_date, appid, game_name, region_code, region_name,
            country_iso3, country_name, player_count, share_percentage, peak_time_bkk, created_at
        ) VALUES (
            %s, %s, %s, %s, %s,
            %s, %s, %s, %s, %s, NOW()
        ) ON CONFLICT (snapshot_date, appid, region_code, country_iso3) DO UPDATE SET
            player_count = EXCLUDED.player_count,
            share_percentage = EXCLUDED.share_percentage,
            peak_time_bkk = EXCLUDED.peak_time_bkk;
        , parameters: ('2026-09-04', 814380, 'Sekiro™: Shadows Die Twice - GOTY Edition', 'NORTH_AMERICA', 'อเมริกาเหนือ', 'CAN', 'แคนาดา', 131, 1.94, '07:00 - 11:00 น.')
[2026-09-04T17:47:09.419+0000] {sql.py:562} INFO - Rows affected: 1
[2026-09-04T17:47:09.425+0000] {sql.py:553} INFO - Running statement: 
        INSERT INTO steam_game_regions (
            snapshot_date, appid, game_name, region_code, region_name,
            country_iso3, country_name, player_count, share_percentage, peak_time_bkk, created_at
        ) VALUES (
            %s, %s, %s, %s, %s,
            %s, %s, %s, %s, %s, NOW()
        ) ON CONFLICT (snapshot_date, appid, region_code, country_iso3) DO UPDATE SET
            player_count = EXCLUDED.player_count,
            share_percentage = EXCLUDED.share_percentage,
            peak_time_bkk = EXCLUDED.peak_time_bkk;
        , parameters: ('2026-09-04', 814380, 'Sekiro™: Shadows Die Twice - GOTY Edition', 'LATIN_AMERICA', 'ลาตินอเมริกา', 'BRA', 'บราซิล', 263, 3.88, '05:00 - 09:00 น.')
[2026-09-04T17:47:09.427+0000] {sql.py:562} INFO - Rows affected: 1
[2026-09-04T17:47:09.433+0000] {sql.py:553} INFO - Running statement: 
        INSERT INTO steam_game_regions (
            snapshot_date, appid, game_name, region_code, region_name,
            country_iso3, country_name, player_count, share_percentage, peak_time_bkk, created_at
        ) VALUES (
            %s, %s, %s, %s, %s,
            %s, %s, %s, %s, %s, NOW()
        ) ON CONFLICT (snapshot_date, appid, region_code, country_iso3) DO UPDATE SET
            player_count = EXCLUDED.player_count,
            share_percentage = EXCLUDED.share_percentage,
            peak_time_bkk = EXCLUDED.peak_time_bkk;
        , parameters: ('2026-09-04', 814380, 'Sekiro™: Shadows Die Twice - GOTY Edition', 'LATIN_AMERICA', 'ลาตินอเมริกา', 'ARG', 'อาร์เจนตินา', 99, 1.46, '05:00 - 09:00 น.')
[2026-09-04T17:47:09.435+0000] {sql.py:562} INFO - Rows affected: 1
[2026-09-04T17:47:09.441+0000] {sql.py:553} INFO - Running statement: 
        INSERT INTO steam_game_regions (
            snapshot_date, appid, game_name, region_code, region_name,
            country_iso3, country_name, player_count, share_percentage, peak_time_bkk, created_at
        ) VALUES (
            %s, %s, %s, %s, %s,
            %s, %s, %s, %s, %s, NOW()
        ) ON CONFLICT (snapshot_date, appid, region_code, country_iso3) DO UPDATE SET
            player_count = EXCLUDED.player_count,
            share_percentage = EXCLUDED.share_percentage,
            peak_time_bkk = EXCLUDED.peak_time_bkk;
        , parameters: ('2026-09-04', 814380, 'Sekiro™: Shadows Die Twice - GOTY Edition', 'OCEANIA', 'โอเชียเนีย', 'AUS', 'ออสเตรเลีย', 99, 1.46, '16:00 - 20:00 น.')
[2026-09-04T17:47:09.443+0000] {sql.py:562} INFO - Rows affected: 1
[2026-09-04T17:47:09.449+0000] {sql.py:553} INFO - Running statement: 
        INSERT INTO steam_game_regions (
            snapshot_date, appid, game_name, region_code, region_name,
            country_iso3, country_name, player_count, share_percentage, peak_time_bkk, created_at
        ) VALUES (
            %s, %s, %s, %s, %s,
            %s, %s, %s, %s, %s, NOW()
        ) ON CONFLICT (snapshot_date, appid, region_code, country_iso3) DO UPDATE SET
            player_count = EXCLUDED.player_count,
            share_percentage = EXCLUDED.share_percentage,
            peak_time_bkk = EXCLUDED.peak_time_bkk;
        , parameters: ('2026-09-04', 1174180, 'Red Dead Redemption 2', 'ASIA_EAST', 'เอเชียตะวันออก', 'CHN', 'จีน', 8124, 27.18, '19:00 - 23:00 น.')
[2026-09-04T17:47:09.451+0000] {sql.py:562} INFO - Rows affected: 1
[2026-09-04T17:47:09.457+0000] {sql.py:553} INFO - Running statement: 
        INSERT INTO steam_game_regions (
            snapshot_date, appid, game_name, region_code, region_name,
            country_iso3, country_name, player_count, share_percentage, peak_time_bkk, created_at
        ) VALUES (
            %s, %s, %s, %s, %s,
            %s, %s, %s, %s, %s, NOW()
        ) ON CONFLICT (snapshot_date, appid, region_code, country_iso3) DO UPDATE SET
            player_count = EXCLUDED.player_count,
            share_percentage = EXCLUDED.share_percentage,
            peak_time_bkk = EXCLUDED.peak_time_bkk;
        , parameters: ('2026-09-04', 1174180, 'Red Dead Redemption 2', 'ASIA_EAST', 'เอเชียตะวันออก', 'JPN', 'ญี่ปุ่น', 1451, 4.85, '19:00 - 23:00 น.')
[2026-09-04T17:47:09.459+0000] {sql.py:562} INFO - Rows affected: 1
[2026-09-04T17:47:09.465+0000] {sql.py:553} INFO - Running statement: 
        INSERT INTO steam_game_regions (
            snapshot_date, appid, game_name, region_code, region_name,
            country_iso3, country_name, player_count, share_percentage, peak_time_bkk, created_at
        ) VALUES (
            %s, %s, %s, %s, %s,
            %s, %s, %s, %s, %s, NOW()
        ) ON CONFLICT (snapshot_date, appid, region_code, country_iso3) DO UPDATE SET
            player_count = EXCLUDED.player_count,
            share_percentage = EXCLUDED.share_percentage,
            peak_time_bkk = EXCLUDED.peak_time_bkk;
        , parameters: ('2026-09-04', 1174180, 'Red Dead Redemption 2', 'ASIA_EAST', 'เอเชียตะวันออก', 'KOR', 'เกาหลีใต้', 1161, 3.88, '19:00 - 23:00 น.')
[2026-09-04T17:47:09.467+0000] {sql.py:562} INFO - Rows affected: 1
[2026-09-04T17:47:09.474+0000] {sql.py:553} INFO - Running statement: 
        INSERT INTO steam_game_regions (
            snapshot_date, appid, game_name, region_code, region_name,
            country_iso3, country_name, player_count, share_percentage, peak_time_bkk, created_at
        ) VALUES (
            %s, %s, %s, %s, %s,
            %s, %s, %s, %s, %s, NOW()
        ) ON CONFLICT (snapshot_date, appid, region_code, country_iso3) DO UPDATE SET
            player_count = EXCLUDED.player_count,
            share_percentage = EXCLUDED.share_percentage,
            peak_time_bkk = EXCLUDED.peak_time_bkk;
        , parameters: ('2026-09-04', 1174180, 'Red Dead Redemption 2', 'ASIA_EAST', 'เอเชียตะวันออก', 'TWN', 'ไต้หวัน', 580, 1.94, '19:00 - 23:00 น.')
[2026-09-04T17:47:09.475+0000] {sql.py:562} INFO - Rows affected: 1
[2026-09-04T17:47:09.482+0000] {sql.py:553} INFO - Running statement: 
        INSERT INTO steam_game_regions (
            snapshot_date, appid, game_name, region_code, region_name,
            country_iso3, country_name, player_count, share_percentage, peak_time_bkk, created_at
        ) VALUES (
            %s, %s, %s, %s, %s,
            %s, %s, %s, %s, %s, NOW()
        ) ON CONFLICT (snapshot_date, appid, region_code, country_iso3) DO UPDATE SET
            player_count = EXCLUDED.player_count,
            share_percentage = EXCLUDED.share_percentage,
            peak_time_bkk = EXCLUDED.peak_time_bkk;
        , parameters: ('2026-09-04', 1174180, 'Red Dead Redemption 2', 'ASIA_SEA', 'เอเชียตะวันออกเฉียงใต้', 'THA', 'ประเทศไทย', 1306, 4.37, '20:00 - 00:00 น.')
[2026-09-04T17:47:09.484+0000] {sql.py:562} INFO - Rows affected: 1
[2026-09-04T17:47:09.490+0000] {sql.py:553} INFO - Running statement: 
        INSERT INTO steam_game_regions (
            snapshot_date, appid, game_name, region_code, region_name,
            country_iso3, country_name, player_count, share_percentage, peak_time_bkk, created_at
        ) VALUES (
            %s, %s, %s, %s, %s,
            %s, %s, %s, %s, %s, NOW()
        ) ON CONFLICT (snapshot_date, appid, region_code, country_iso3) DO UPDATE SET
            player_count = EXCLUDED.player_count,
            share_percentage = EXCLUDED.share_percentage,
            peak_time_bkk = EXCLUDED.peak_time_bkk;
        , parameters: ('2026-09-04', 1174180, 'Red Dead Redemption 2', 'ASIA_SEA', 'เอเชียตะวันออกเฉียงใต้', 'VNM', 'เวียดนาม', 1016, 3.4, '20:00 - 00:00 น.')
[2026-09-04T17:47:09.492+0000] {sql.py:562} INFO - Rows affected: 1
[2026-09-04T17:47:09.498+0000] {sql.py:553} INFO - Running statement: 
        INSERT INTO steam_game_regions (
            snapshot_date, appid, game_name, region_code, region_name,
            country_iso3, country_name, player_count, share_percentage, peak_time_bkk, created_at
        ) VALUES (
            %s, %s, %s, %s, %s,
            %s, %s, %s, %s, %s, NOW()
        ) ON CONFLICT (snapshot_date, appid, region_code, country_iso3) DO UPDATE SET
            player_count = EXCLUDED.player_count,
            share_percentage = EXCLUDED.share_percentage,
            peak_time_bkk = EXCLUDED.peak_time_bkk;
        , parameters: ('2026-09-04', 1174180, 'Red Dead Redemption 2', 'ASIA_SEA', 'เอเชียตะวันออกเฉียงใต้', 'IDN', 'อินโดนีเซีย', 870, 2.91, '20:00 - 00:00 น.')
[2026-09-04T17:47:09.501+0000] {sql.py:562} INFO - Rows affected: 1
[2026-09-04T17:47:09.507+0000] {sql.py:553} INFO - Running statement: 
        INSERT INTO steam_game_regions (
            snapshot_date, appid, game_name, region_code, region_name,
            country_iso3, country_name, player_count, share_percentage, peak_time_bkk, created_at
        ) VALUES (
            %s, %s, %s, %s, %s,
            %s, %s, %s, %s, %s, NOW()
        ) ON CONFLICT (snapshot_date, appid, region_code, country_iso3) DO UPDATE SET
            player_count = EXCLUDED.player_count,
            share_percentage = EXCLUDED.share_percentage,
            peak_time_bkk = EXCLUDED.peak_time_bkk;
        , parameters: ('2026-09-04', 1174180, 'Red Dead Redemption 2', 'ASIA_SEA', 'เอเชียตะวันออกเฉียงใต้', 'PHL', 'ฟิลิปปินส์', 725, 2.43, '20:00 - 00:00 น.')
[2026-09-04T17:47:09.509+0000] {sql.py:562} INFO - Rows affected: 1
[2026-09-04T17:47:09.515+0000] {sql.py:553} INFO - Running statement: 
        INSERT INTO steam_game_regions (
            snapshot_date, appid, game_name, region_code, region_name,
            country_iso3, country_name, player_count, share_percentage, peak_time_bkk, created_at
        ) VALUES (
            %s, %s, %s, %s, %s,
            %s, %s, %s, %s, %s, NOW()
        ) ON CONFLICT (snapshot_date, appid, region_code, country_iso3) DO UPDATE SET
            player_count = EXCLUDED.player_count,
            share_percentage = EXCLUDED.share_percentage,
            peak_time_bkk = EXCLUDED.peak_time_bkk;
        , parameters: ('2026-09-04', 1174180, 'Red Dead Redemption 2', 'ASIA_SEA', 'เอเชียตะวันออกเฉียงใต้', 'MYS', 'มาเลเซีย', 435, 1.46, '20:00 - 00:00 น.')
[2026-09-04T17:47:09.517+0000] {sql.py:562} INFO - Rows affected: 1
[2026-09-04T17:47:09.523+0000] {sql.py:553} INFO - Running statement: 
        INSERT INTO steam_game_regions (
            snapshot_date, appid, game_name, region_code, region_name,
            country_iso3, country_name, player_count, share_percentage, peak_time_bkk, created_at
        ) VALUES (
            %s, %s, %s, %s, %s,
            %s, %s, %s, %s, %s, NOW()
        ) ON CONFLICT (snapshot_date, appid, region_code, country_iso3) DO UPDATE SET
            player_count = EXCLUDED.player_count,
            share_percentage = EXCLUDED.share_percentage,
            peak_time_bkk = EXCLUDED.peak_time_bkk;
        , parameters: ('2026-09-04', 1174180, 'Red Dead Redemption 2', 'ASIA_SEA', 'เอเชียตะวันออกเฉียงใต้', 'SGP', 'สิงคโปร์', 290, 0.97, '20:00 - 00:00 น.')
[2026-09-04T17:47:09.525+0000] {sql.py:562} INFO - Rows affected: 1
[2026-09-04T17:47:09.531+0000] {sql.py:553} INFO - Running statement: 
        INSERT INTO steam_game_regions (
            snapshot_date, appid, game_name, region_code, region_name,
            country_iso3, country_name, player_count, share_percentage, peak_time_bkk, created_at
        ) VALUES (
            %s, %s, %s, %s, %s,
            %s, %s, %s, %s, %s, NOW()
        ) ON CONFLICT (snapshot_date, appid, region_code, country_iso3) DO UPDATE SET
            player_count = EXCLUDED.player_count,
            share_percentage = EXCLUDED.share_percentage,
            peak_time_bkk = EXCLUDED.peak_time_bkk;
        , parameters: ('2026-09-04', 1174180, 'Red Dead Redemption 2', 'EUROPE', 'ยุโรป', 'RUS', 'รัสเซีย', 3482, 11.65, '22:00 - 02:00 น.')
[2026-09-04T17:47:09.533+0000] {sql.py:562} INFO - Rows affected: 1
[2026-09-04T17:47:09.539+0000] {sql.py:553} INFO - Running statement: 
        INSERT INTO steam_game_regions (
            snapshot_date, appid, game_name, region_code, region_name,
            country_iso3, country_name, player_count, share_percentage, peak_time_bkk, created_at
        ) VALUES (
            %s, %s, %s, %s, %s,
            %s, %s, %s, %s, %s, NOW()
        ) ON CONFLICT (snapshot_date, appid, region_code, country_iso3) DO UPDATE SET
            player_count = EXCLUDED.player_count,
            share_percentage = EXCLUDED.share_percentage,
            peak_time_bkk = EXCLUDED.peak_time_bkk;
        , parameters: ('2026-09-04', 1174180, 'Red Dead Redemption 2', 'EUROPE', 'ยุโรป', 'DEU', 'เยอรมนี', 1741, 5.83, '00:00 - 04:00 น.')
[2026-09-04T17:47:09.541+0000] {sql.py:562} INFO - Rows affected: 1
[2026-09-04T17:47:09.548+0000] {sql.py:553} INFO - Running statement: 
        INSERT INTO steam_game_regions (
            snapshot_date, appid, game_name, region_code, region_name,
            country_iso3, country_name, player_count, share_percentage, peak_time_bkk, created_at
        ) VALUES (
            %s, %s, %s, %s, %s,
            %s, %s, %s, %s, %s, NOW()
        ) ON CONFLICT (snapshot_date, appid, region_code, country_iso3) DO UPDATE SET
            player_count = EXCLUDED.player_count,
            share_percentage = EXCLUDED.share_percentage,
            peak_time_bkk = EXCLUDED.peak_time_bkk;
        , parameters: ('2026-09-04', 1174180, 'Red Dead Redemption 2', 'EUROPE', 'ยุโรป', 'GBR', 'สหราชอาณาจักร', 1161, 3.88, '01:00 - 05:00 น.')
[2026-09-04T17:47:09.550+0000] {sql.py:562} INFO - Rows affected: 1
[2026-09-04T17:47:09.556+0000] {sql.py:553} INFO - Running statement: 
        INSERT INTO steam_game_regions (
            snapshot_date, appid, game_name, region_code, region_name,
            country_iso3, country_name, player_count, share_percentage, peak_time_bkk, created_at
        ) VALUES (
            %s, %s, %s, %s, %s,
            %s, %s, %s, %s, %s, NOW()
        ) ON CONFLICT (snapshot_date, appid, region_code, country_iso3) DO UPDATE SET
            player_count = EXCLUDED.player_count,
            share_percentage = EXCLUDED.share_percentage,
            peak_time_bkk = EXCLUDED.peak_time_bkk;
        , parameters: ('2026-09-04', 1174180, 'Red Dead Redemption 2', 'EUROPE', 'ยุโรป', 'FRA', 'ฝรั่งเศส', 870, 2.91, '00:00 - 04:00 น.')
[2026-09-04T17:47:09.559+0000] {sql.py:562} INFO - Rows affected: 1
[2026-09-04T17:47:09.566+0000] {sql.py:553} INFO - Running statement: 
        INSERT INTO steam_game_regions (
            snapshot_date, appid, game_name, region_code, region_name,
            country_iso3, country_name, player_count, share_percentage, peak_time_bkk, created_at
        ) VALUES (
            %s, %s, %s, %s, %s,
            %s, %s, %s, %s, %s, NOW()
        ) ON CONFLICT (snapshot_date, appid, region_code, country_iso3) DO UPDATE SET
            player_count = EXCLUDED.player_count,
            share_percentage = EXCLUDED.share_percentage,
            peak_time_bkk = EXCLUDED.peak_time_bkk;
        , parameters: ('2026-09-04', 1174180, 'Red Dead Redemption 2', 'EUROPE', 'ยุโรป', 'POL', 'โปแลนด์', 870, 2.91, '00:00 - 04:00 น.')
[2026-09-04T17:47:09.568+0000] {sql.py:562} INFO - Rows affected: 1
[2026-09-04T17:47:09.575+0000] {sql.py:553} INFO - Running statement: 
        INSERT INTO steam_game_regions (
            snapshot_date, appid, game_name, region_code, region_name,
            country_iso3, country_name, player_count, share_percentage, peak_time_bkk, created_at
        ) VALUES (
            %s, %s, %s, %s, %s,
            %s, %s, %s, %s, %s, NOW()
        ) ON CONFLICT (snapshot_date, appid, region_code, country_iso3) DO UPDATE SET
            player_count = EXCLUDED.player_count,
            share_percentage = EXCLUDED.share_percentage,
            peak_time_bkk = EXCLUDED.peak_time_bkk;
        , parameters: ('2026-09-04', 1174180, 'Red Dead Redemption 2', 'NORTH_AMERICA', 'อเมริกาเหนือ', 'USA', 'สหรัฐอเมริกา', 3192, 10.68, '07:00 - 11:00 น.')
[2026-09-04T17:47:09.577+0000] {sql.py:562} INFO - Rows affected: 1
[2026-09-04T17:47:09.583+0000] {sql.py:553} INFO - Running statement: 
        INSERT INTO steam_game_regions (
            snapshot_date, appid, game_name, region_code, region_name,
            country_iso3, country_name, player_count, share_percentage, peak_time_bkk, created_at
        ) VALUES (
            %s, %s, %s, %s, %s,
            %s, %s, %s, %s, %s, NOW()
        ) ON CONFLICT (snapshot_date, appid, region_code, country_iso3) DO UPDATE SET
            player_count = EXCLUDED.player_count,
            share_percentage = EXCLUDED.share_percentage,
            peak_time_bkk = EXCLUDED.peak_time_bkk;
        , parameters: ('2026-09-04', 1174180, 'Red Dead Redemption 2', 'NORTH_AMERICA', 'อเมริกาเหนือ', 'CAN', 'แคนาดา', 580, 1.94, '07:00 - 11:00 น.')
[2026-09-04T17:47:09.585+0000] {sql.py:562} INFO - Rows affected: 1
[2026-09-04T17:47:09.592+0000] {sql.py:553} INFO - Running statement: 
        INSERT INTO steam_game_regions (
            snapshot_date, appid, game_name, region_code, region_name,
            country_iso3, country_name, player_count, share_percentage, peak_time_bkk, created_at
        ) VALUES (
            %s, %s, %s, %s, %s,
            %s, %s, %s, %s, %s, NOW()
        ) ON CONFLICT (snapshot_date, appid, region_code, country_iso3) DO UPDATE SET
            player_count = EXCLUDED.player_count,
            share_percentage = EXCLUDED.share_percentage,
            peak_time_bkk = EXCLUDED.peak_time_bkk;
        , parameters: ('2026-09-04', 1174180, 'Red Dead Redemption 2', 'LATIN_AMERICA', 'ลาตินอเมริกา', 'BRA', 'บราซิล', 1161, 3.88, '05:00 - 09:00 น.')
[2026-09-04T17:47:09.594+0000] {sql.py:562} INFO - Rows affected: 1
[2026-09-04T17:47:09.600+0000] {sql.py:553} INFO - Running statement: 
        INSERT INTO steam_game_regions (
            snapshot_date, appid, game_name, region_code, region_name,
            country_iso3, country_name, player_count, share_percentage, peak_time_bkk, created_at
        ) VALUES (
            %s, %s, %s, %s, %s,
            %s, %s, %s, %s, %s, NOW()
        ) ON CONFLICT (snapshot_date, appid, region_code, country_iso3) DO UPDATE SET
            player_count = EXCLUDED.player_count,
            share_percentage = EXCLUDED.share_percentage,
            peak_time_bkk = EXCLUDED.peak_time_bkk;
        , parameters: ('2026-09-04', 1174180, 'Red Dead Redemption 2', 'LATIN_AMERICA', 'ลาตินอเมริกา', 'ARG', 'อาร์เจนตินา', 435, 1.46, '05:00 - 09:00 น.')
[2026-09-04T17:47:09.602+0000] {sql.py:562} INFO - Rows affected: 1
[2026-09-04T17:47:09.609+0000] {sql.py:553} INFO - Running statement: 
        INSERT INTO steam_game_regions (
            snapshot_date, appid, game_name, region_code, region_name,
            country_iso3, country_name, player_count, share_percentage, peak_time_bkk, created_at
        ) VALUES (
            %s, %s, %s, %s, %s,
            %s, %s, %s, %s, %s, NOW()
        ) ON CONFLICT (snapshot_date, appid, region_code, country_iso3) DO UPDATE SET
            player_count = EXCLUDED.player_count,
            share_percentage = EXCLUDED.share_percentage,
            peak_time_bkk = EXCLUDED.peak_time_bkk;
        , parameters: ('2026-09-04', 1174180, 'Red Dead Redemption 2', 'OCEANIA', 'โอเชียเนีย', 'AUS', 'ออสเตรเลีย', 435, 1.46, '16:00 - 20:00 น.')
[2026-09-04T17:47:09.611+0000] {sql.py:562} INFO - Rows affected: 1
[2026-09-04T17:47:09.618+0000] {sql.py:553} INFO - Running statement: 
        INSERT INTO steam_game_regions (
            snapshot_date, appid, game_name, region_code, region_name,
            country_iso3, country_name, player_count, share_percentage, peak_time_bkk, created_at
        ) VALUES (
            %s, %s, %s, %s, %s,
            %s, %s, %s, %s, %s, NOW()
        ) ON CONFLICT (snapshot_date, appid, region_code, country_iso3) DO UPDATE SET
            player_count = EXCLUDED.player_count,
            share_percentage = EXCLUDED.share_percentage,
            peak_time_bkk = EXCLUDED.peak_time_bkk;
        , parameters: ('2026-09-04', 289070, 'Sid Meier’s Civilization® VI', 'ASIA_EAST', 'เอเชียตะวันออก', 'CHN', 'จีน', 6910, 27.18, '19:00 - 23:00 น.')
[2026-09-04T17:47:09.620+0000] {sql.py:562} INFO - Rows affected: 1
[2026-09-04T17:47:09.626+0000] {sql.py:553} INFO - Running statement: 
        INSERT INTO steam_game_regions (
            snapshot_date, appid, game_name, region_code, region_name,
            country_iso3, country_name, player_count, share_percentage, peak_time_bkk, created_at
        ) VALUES (
            %s, %s, %s, %s, %s,
            %s, %s, %s, %s, %s, NOW()
        ) ON CONFLICT (snapshot_date, appid, region_code, country_iso3) DO UPDATE SET
            player_count = EXCLUDED.player_count,
            share_percentage = EXCLUDED.share_percentage,
            peak_time_bkk = EXCLUDED.peak_time_bkk;
        , parameters: ('2026-09-04', 289070, 'Sid Meier’s Civilization® VI', 'ASIA_EAST', 'เอเชียตะวันออก', 'JPN', 'ญี่ปุ่น', 1234, 4.85, '19:00 - 23:00 น.')
[2026-09-04T17:47:09.628+0000] {sql.py:562} INFO - Rows affected: 1
[2026-09-04T17:47:09.635+0000] {sql.py:553} INFO - Running statement: 
        INSERT INTO steam_game_regions (
            snapshot_date, appid, game_name, region_code, region_name,
            country_iso3, country_name, player_count, share_percentage, peak_time_bkk, created_at
        ) VALUES (
            %s, %s, %s, %s, %s,
            %s, %s, %s, %s, %s, NOW()
        ) ON CONFLICT (snapshot_date, appid, region_code, country_iso3) DO UPDATE SET
            player_count = EXCLUDED.player_count,
            share_percentage = EXCLUDED.share_percentage,
            peak_time_bkk = EXCLUDED.peak_time_bkk;
        , parameters: ('2026-09-04', 289070, 'Sid Meier’s Civilization® VI', 'ASIA_EAST', 'เอเชียตะวันออก', 'KOR', 'เกาหลีใต้', 987, 3.88, '19:00 - 23:00 น.')
[2026-09-04T17:47:09.636+0000] {sql.py:562} INFO - Rows affected: 1
[2026-09-04T17:47:09.643+0000] {sql.py:553} INFO - Running statement: 
        INSERT INTO steam_game_regions (
            snapshot_date, appid, game_name, region_code, region_name,
            country_iso3, country_name, player_count, share_percentage, peak_time_bkk, created_at
        ) VALUES (
            %s, %s, %s, %s, %s,
            %s, %s, %s, %s, %s, NOW()
        ) ON CONFLICT (snapshot_date, appid, region_code, country_iso3) DO UPDATE SET
            player_count = EXCLUDED.player_count,
            share_percentage = EXCLUDED.share_percentage,
            peak_time_bkk = EXCLUDED.peak_time_bkk;
        , parameters: ('2026-09-04', 289070, 'Sid Meier’s Civilization® VI', 'ASIA_EAST', 'เอเชียตะวันออก', 'TWN', 'ไต้หวัน', 494, 1.94, '19:00 - 23:00 น.')
[2026-09-04T17:47:09.645+0000] {sql.py:562} INFO - Rows affected: 1
[2026-09-04T17:47:09.651+0000] {sql.py:553} INFO - Running statement: 
        INSERT INTO steam_game_regions (
            snapshot_date, appid, game_name, region_code, region_name,
            country_iso3, country_name, player_count, share_percentage, peak_time_bkk, created_at
        ) VALUES (
            %s, %s, %s, %s, %s,
            %s, %s, %s, %s, %s, NOW()
        ) ON CONFLICT (snapshot_date, appid, region_code, country_iso3) DO UPDATE SET
            player_count = EXCLUDED.player_count,
            share_percentage = EXCLUDED.share_percentage,
            peak_time_bkk = EXCLUDED.peak_time_bkk;
        , parameters: ('2026-09-04', 289070, 'Sid Meier’s Civilization® VI', 'ASIA_SEA', 'เอเชียตะวันออกเฉียงใต้', 'THA', 'ประเทศไทย', 1111, 4.37, '20:00 - 00:00 น.')
[2026-09-04T17:47:09.653+0000] {sql.py:562} INFO - Rows affected: 1
[2026-09-04T17:47:09.660+0000] {sql.py:553} INFO - Running statement: 
        INSERT INTO steam_game_regions (
            snapshot_date, appid, game_name, region_code, region_name,
            country_iso3, country_name, player_count, share_percentage, peak_time_bkk, created_at
        ) VALUES (
            %s, %s, %s, %s, %s,
            %s, %s, %s, %s, %s, NOW()
        ) ON CONFLICT (snapshot_date, appid, region_code, country_iso3) DO UPDATE SET
            player_count = EXCLUDED.player_count,
            share_percentage = EXCLUDED.share_percentage,
            peak_time_bkk = EXCLUDED.peak_time_bkk;
        , parameters: ('2026-09-04', 289070, 'Sid Meier’s Civilization® VI', 'ASIA_SEA', 'เอเชียตะวันออกเฉียงใต้', 'VNM', 'เวียดนาม', 864, 3.4, '20:00 - 00:00 น.')
[2026-09-04T17:47:09.661+0000] {sql.py:562} INFO - Rows affected: 1
[2026-09-04T17:47:09.668+0000] {sql.py:553} INFO - Running statement: 
        INSERT INTO steam_game_regions (
            snapshot_date, appid, game_name, region_code, region_name,
            country_iso3, country_name, player_count, share_percentage, peak_time_bkk, created_at
        ) VALUES (
            %s, %s, %s, %s, %s,
            %s, %s, %s, %s, %s, NOW()
        ) ON CONFLICT (snapshot_date, appid, region_code, country_iso3) DO UPDATE SET
            player_count = EXCLUDED.player_count,
            share_percentage = EXCLUDED.share_percentage,
            peak_time_bkk = EXCLUDED.peak_time_bkk;
        , parameters: ('2026-09-04', 289070, 'Sid Meier’s Civilization® VI', 'ASIA_SEA', 'เอเชียตะวันออกเฉียงใต้', 'IDN', 'อินโดนีเซีย', 740, 2.91, '20:00 - 00:00 น.')
[2026-09-04T17:47:09.670+0000] {sql.py:562} INFO - Rows affected: 1
[2026-09-04T17:47:09.677+0000] {sql.py:553} INFO - Running statement: 
        INSERT INTO steam_game_regions (
            snapshot_date, appid, game_name, region_code, region_name,
            country_iso3, country_name, player_count, share_percentage, peak_time_bkk, created_at
        ) VALUES (
            %s, %s, %s, %s, %s,
            %s, %s, %s, %s, %s, NOW()
        ) ON CONFLICT (snapshot_date, appid, region_code, country_iso3) DO UPDATE SET
            player_count = EXCLUDED.player_count,
            share_percentage = EXCLUDED.share_percentage,
            peak_time_bkk = EXCLUDED.peak_time_bkk;
        , parameters: ('2026-09-04', 289070, 'Sid Meier’s Civilization® VI', 'ASIA_SEA', 'เอเชียตะวันออกเฉียงใต้', 'PHL', 'ฟิลิปปินส์', 617, 2.43, '20:00 - 00:00 น.')
[2026-09-04T17:47:09.678+0000] {sql.py:562} INFO - Rows affected: 1
[2026-09-04T17:47:09.685+0000] {sql.py:553} INFO - Running statement: 
        INSERT INTO steam_game_regions (
            snapshot_date, appid, game_name, region_code, region_name,
            country_iso3, country_name, player_count, share_percentage, peak_time_bkk, created_at
        ) VALUES (
            %s, %s, %s, %s, %s,
            %s, %s, %s, %s, %s, NOW()
        ) ON CONFLICT (snapshot_date, appid, region_code, country_iso3) DO UPDATE SET
            player_count = EXCLUDED.player_count,
            share_percentage = EXCLUDED.share_percentage,
            peak_time_bkk = EXCLUDED.peak_time_bkk;
        , parameters: ('2026-09-04', 289070, 'Sid Meier’s Civilization® VI', 'ASIA_SEA', 'เอเชียตะวันออกเฉียงใต้', 'MYS', 'มาเลเซีย', 370, 1.46, '20:00 - 00:00 น.')
[2026-09-04T17:47:09.687+0000] {sql.py:562} INFO - Rows affected: 1
[2026-09-04T17:47:09.693+0000] {sql.py:553} INFO - Running statement: 
        INSERT INTO steam_game_regions (
            snapshot_date, appid, game_name, region_code, region_name,
            country_iso3, country_name, player_count, share_percentage, peak_time_bkk, created_at
        ) VALUES (
            %s, %s, %s, %s, %s,
            %s, %s, %s, %s, %s, NOW()
        ) ON CONFLICT (snapshot_date, appid, region_code, country_iso3) DO UPDATE SET
            player_count = EXCLUDED.player_count,
            share_percentage = EXCLUDED.share_percentage,
            peak_time_bkk = EXCLUDED.peak_time_bkk;
        , parameters: ('2026-09-04', 289070, 'Sid Meier’s Civilization® VI', 'ASIA_SEA', 'เอเชียตะวันออกเฉียงใต้', 'SGP', 'สิงคโปร์', 247, 0.97, '20:00 - 00:00 น.')
[2026-09-04T17:47:09.695+0000] {sql.py:562} INFO - Rows affected: 1
[2026-09-04T17:47:09.702+0000] {sql.py:553} INFO - Running statement: 
        INSERT INTO steam_game_regions (
            snapshot_date, appid, game_name, region_code, region_name,
            country_iso3, country_name, player_count, share_percentage, peak_time_bkk, created_at
        ) VALUES (
            %s, %s, %s, %s, %s,
            %s, %s, %s, %s, %s, NOW()
        ) ON CONFLICT (snapshot_date, appid, region_code, country_iso3) DO UPDATE SET
            player_count = EXCLUDED.player_count,
            share_percentage = EXCLUDED.share_percentage,
            peak_time_bkk = EXCLUDED.peak_time_bkk;
        , parameters: ('2026-09-04', 289070, 'Sid Meier’s Civilization® VI', 'EUROPE', 'ยุโรป', 'RUS', 'รัสเซีย', 2962, 11.65, '22:00 - 02:00 น.')
[2026-09-04T17:47:09.703+0000] {sql.py:562} INFO - Rows affected: 1
[2026-09-04T17:47:09.710+0000] {sql.py:553} INFO - Running statement: 
        INSERT INTO steam_game_regions (
            snapshot_date, appid, game_name, region_code, region_name,
            country_iso3, country_name, player_count, share_percentage, peak_time_bkk, created_at
        ) VALUES (
            %s, %s, %s, %s, %s,
            %s, %s, %s, %s, %s, NOW()
        ) ON CONFLICT (snapshot_date, appid, region_code, country_iso3) DO UPDATE SET
            player_count = EXCLUDED.player_count,
            share_percentage = EXCLUDED.share_percentage,
            peak_time_bkk = EXCLUDED.peak_time_bkk;
        , parameters: ('2026-09-04', 289070, 'Sid Meier’s Civilization® VI', 'EUROPE', 'ยุโรป', 'DEU', 'เยอรมนี', 1481, 5.83, '00:00 - 04:00 น.')
[2026-09-04T17:47:09.711+0000] {sql.py:562} INFO - Rows affected: 1
[2026-09-04T17:47:09.718+0000] {sql.py:553} INFO - Running statement: 
        INSERT INTO steam_game_regions (
            snapshot_date, appid, game_name, region_code, region_name,
            country_iso3, country_name, player_count, share_percentage, peak_time_bkk, created_at
        ) VALUES (
            %s, %s, %s, %s, %s,
            %s, %s, %s, %s, %s, NOW()
        ) ON CONFLICT (snapshot_date, appid, region_code, country_iso3) DO UPDATE SET
            player_count = EXCLUDED.player_count,
            share_percentage = EXCLUDED.share_percentage,
            peak_time_bkk = EXCLUDED.peak_time_bkk;
        , parameters: ('2026-09-04', 289070, 'Sid Meier’s Civilization® VI', 'EUROPE', 'ยุโรป', 'GBR', 'สหราชอาณาจักร', 987, 3.88, '01:00 - 05:00 น.')
[2026-09-04T17:47:09.720+0000] {sql.py:562} INFO - Rows affected: 1
[2026-09-04T17:47:09.727+0000] {sql.py:553} INFO - Running statement: 
        INSERT INTO steam_game_regions (
            snapshot_date, appid, game_name, region_code, region_name,
            country_iso3, country_name, player_count, share_percentage, peak_time_bkk, created_at
        ) VALUES (
            %s, %s, %s, %s, %s,
            %s, %s, %s, %s, %s, NOW()
        ) ON CONFLICT (snapshot_date, appid, region_code, country_iso3) DO UPDATE SET
            player_count = EXCLUDED.player_count,
            share_percentage = EXCLUDED.share_percentage,
            peak_time_bkk = EXCLUDED.peak_time_bkk;
        , parameters: ('2026-09-04', 289070, 'Sid Meier’s Civilization® VI', 'EUROPE', 'ยุโรป', 'FRA', 'ฝรั่งเศส', 740, 2.91, '00:00 - 04:00 น.')
[2026-09-04T17:47:09.729+0000] {sql.py:562} INFO - Rows affected: 1
[2026-09-04T17:47:09.736+0000] {sql.py:553} INFO - Running statement: 
        INSERT INTO steam_game_regions (
            snapshot_date, appid, game_name, region_code, region_name,
            country_iso3, country_name, player_count, share_percentage, peak_time_bkk, created_at
        ) VALUES (
            %s, %s, %s, %s, %s,
            %s, %s, %s, %s, %s, NOW()
        ) ON CONFLICT (snapshot_date, appid, region_code, country_iso3) DO UPDATE SET
            player_count = EXCLUDED.player_count,
            share_percentage = EXCLUDED.share_percentage,
            peak_time_bkk = EXCLUDED.peak_time_bkk;
        , parameters: ('2026-09-04', 289070, 'Sid Meier’s Civilization® VI', 'EUROPE', 'ยุโรป', 'POL', 'โปแลนด์', 740, 2.91, '00:00 - 04:00 น.')
[2026-09-04T17:47:09.738+0000] {sql.py:562} INFO - Rows affected: 1
[2026-09-04T17:47:09.745+0000] {sql.py:553} INFO - Running statement: 
        INSERT INTO steam_game_regions (
            snapshot_date, appid, game_name, region_code, region_name,
            country_iso3, country_name, player_count, share_percentage, peak_time_bkk, created_at
        ) VALUES (
            %s, %s, %s, %s, %s,
            %s, %s, %s, %s, %s, NOW()
        ) ON CONFLICT (snapshot_date, appid, region_code, country_iso3) DO UPDATE SET
            player_count = EXCLUDED.player_count,
            share_percentage = EXCLUDED.share_percentage,
            peak_time_bkk = EXCLUDED.peak_time_bkk;
        , parameters: ('2026-09-04', 289070, 'Sid Meier’s Civilization® VI', 'NORTH_AMERICA', 'อเมริกาเหนือ', 'USA', 'สหรัฐอเมริกา', 2715, 10.68, '07:00 - 11:00 น.')
[2026-09-04T17:47:09.747+0000] {sql.py:562} INFO - Rows affected: 1
[2026-09-04T17:47:09.754+0000] {sql.py:553} INFO - Running statement: 
        INSERT INTO steam_game_regions (
            snapshot_date, appid, game_name, region_code, region_name,
            country_iso3, country_name, player_count, share_percentage, peak_time_bkk, created_at
        ) VALUES (
            %s, %s, %s, %s, %s,
            %s, %s, %s, %s, %s, NOW()
        ) ON CONFLICT (snapshot_date, appid, region_code, country_iso3) DO UPDATE SET
            player_count = EXCLUDED.player_count,
            share_percentage = EXCLUDED.share_percentage,
            peak_time_bkk = EXCLUDED.peak_time_bkk;
        , parameters: ('2026-09-04', 289070, 'Sid Meier’s Civilization® VI', 'NORTH_AMERICA', 'อเมริกาเหนือ', 'CAN', 'แคนาดา', 494, 1.94, '07:00 - 11:00 น.')
[2026-09-04T17:47:09.756+0000] {sql.py:562} INFO - Rows affected: 1
[2026-09-04T17:47:09.762+0000] {sql.py:553} INFO - Running statement: 
        INSERT INTO steam_game_regions (
            snapshot_date, appid, game_name, region_code, region_name,
            country_iso3, country_name, player_count, share_percentage, peak_time_bkk, created_at
        ) VALUES (
            %s, %s, %s, %s, %s,
            %s, %s, %s, %s, %s, NOW()
        ) ON CONFLICT (snapshot_date, appid, region_code, country_iso3) DO UPDATE SET
            player_count = EXCLUDED.player_count,
            share_percentage = EXCLUDED.share_percentage,
            peak_time_bkk = EXCLUDED.peak_time_bkk;
        , parameters: ('2026-09-04', 289070, 'Sid Meier’s Civilization® VI', 'LATIN_AMERICA', 'ลาตินอเมริกา', 'BRA', 'บราซิล', 987, 3.88, '05:00 - 09:00 น.')
[2026-09-04T17:47:09.764+0000] {sql.py:562} INFO - Rows affected: 1
[2026-09-04T17:47:09.771+0000] {sql.py:553} INFO - Running statement: 
        INSERT INTO steam_game_regions (
            snapshot_date, appid, game_name, region_code, region_name,
            country_iso3, country_name, player_count, share_percentage, peak_time_bkk, created_at
        ) VALUES (
            %s, %s, %s, %s, %s,
            %s, %s, %s, %s, %s, NOW()
        ) ON CONFLICT (snapshot_date, appid, region_code, country_iso3) DO UPDATE SET
            player_count = EXCLUDED.player_count,
            share_percentage = EXCLUDED.share_percentage,
            peak_time_bkk = EXCLUDED.peak_time_bkk;
        , parameters: ('2026-09-04', 289070, 'Sid Meier’s Civilization® VI', 'LATIN_AMERICA', 'ลาตินอเมริกา', 'ARG', 'อาร์เจนตินา', 370, 1.46, '05:00 - 09:00 น.')
[2026-09-04T17:47:09.773+0000] {sql.py:562} INFO - Rows affected: 1
[2026-09-04T17:47:09.780+0000] {sql.py:553} INFO - Running statement: 
        INSERT INTO steam_game_regions (
            snapshot_date, appid, game_name, region_code, region_name,
            country_iso3, country_name, player_count, share_percentage, peak_time_bkk, created_at
        ) VALUES (
            %s, %s, %s, %s, %s,
            %s, %s, %s, %s, %s, NOW()
        ) ON CONFLICT (snapshot_date, appid, region_code, country_iso3) DO UPDATE SET
            player_count = EXCLUDED.player_count,
            share_percentage = EXCLUDED.share_percentage,
            peak_time_bkk = EXCLUDED.peak_time_bkk;
        , parameters: ('2026-09-04', 289070, 'Sid Meier’s Civilization® VI', 'OCEANIA', 'โอเชียเนีย', 'AUS', 'ออสเตรเลีย', 370, 1.46, '16:00 - 20:00 น.')
[2026-09-04T17:47:09.782+0000] {sql.py:562} INFO - Rows affected: 1
[2026-09-04T17:47:09.789+0000] {sql.py:553} INFO - Running statement: 
        INSERT INTO steam_game_regions (
            snapshot_date, appid, game_name, region_code, region_name,
            country_iso3, country_name, player_count, share_percentage, peak_time_bkk, created_at
        ) VALUES (
            %s, %s, %s, %s, %s,
            %s, %s, %s, %s, %s, NOW()
        ) ON CONFLICT (snapshot_date, appid, region_code, country_iso3) DO UPDATE SET
            player_count = EXCLUDED.player_count,
            share_percentage = EXCLUDED.share_percentage,
            peak_time_bkk = EXCLUDED.peak_time_bkk;
        , parameters: ('2026-09-04', 730, 'Counter-Strike 2', 'ASIA_EAST', 'เอเชียตะวันออก', 'CHN', 'จีน', 266347, 26.27, '19:00 - 23:00 น.')
[2026-09-04T17:47:09.791+0000] {sql.py:562} INFO - Rows affected: 1
[2026-09-04T17:47:09.797+0000] {sql.py:553} INFO - Running statement: 
        INSERT INTO steam_game_regions (
            snapshot_date, appid, game_name, region_code, region_name,
            country_iso3, country_name, player_count, share_percentage, peak_time_bkk, created_at
        ) VALUES (
            %s, %s, %s, %s, %s,
            %s, %s, %s, %s, %s, NOW()
        ) ON CONFLICT (snapshot_date, appid, region_code, country_iso3) DO UPDATE SET
            player_count = EXCLUDED.player_count,
            share_percentage = EXCLUDED.share_percentage,
            peak_time_bkk = EXCLUDED.peak_time_bkk;
        , parameters: ('2026-09-04', 730, 'Counter-Strike 2', 'ASIA_EAST', 'เอเชียตะวันออก', 'JPN', 'ญี่ปุ่น', 43238, 4.26, '19:00 - 23:00 น.')
[2026-09-04T17:47:09.800+0000] {sql.py:562} INFO - Rows affected: 1
[2026-09-04T17:47:09.807+0000] {sql.py:553} INFO - Running statement: 
        INSERT INTO steam_game_regions (
            snapshot_date, appid, game_name, region_code, region_name,
            country_iso3, country_name, player_count, share_percentage, peak_time_bkk, created_at
        ) VALUES (
            %s, %s, %s, %s, %s,
            %s, %s, %s, %s, %s, NOW()
        ) ON CONFLICT (snapshot_date, appid, region_code, country_iso3) DO UPDATE SET
            player_count = EXCLUDED.player_count,
            share_percentage = EXCLUDED.share_percentage,
            peak_time_bkk = EXCLUDED.peak_time_bkk;
        , parameters: ('2026-09-04', 730, 'Counter-Strike 2', 'ASIA_EAST', 'เอเชียตะวันออก', 'KOR', 'เกาหลีใต้', 34591, 3.41, '19:00 - 23:00 น.')
[2026-09-04T17:47:09.809+0000] {sql.py:562} INFO - Rows affected: 1
[2026-09-04T17:47:09.817+0000] {sql.py:553} INFO - Running statement: 
        INSERT INTO steam_game_regions (
            snapshot_date, appid, game_name, region_code, region_name,
            country_iso3, country_name, player_count, share_percentage, peak_time_bkk, created_at
        ) VALUES (
            %s, %s, %s, %s, %s,
            %s, %s, %s, %s, %s, NOW()
        ) ON CONFLICT (snapshot_date, appid, region_code, country_iso3) DO UPDATE SET
            player_count = EXCLUDED.player_count,
            share_percentage = EXCLUDED.share_percentage,
            peak_time_bkk = EXCLUDED.peak_time_bkk;
        , parameters: ('2026-09-04', 730, 'Counter-Strike 2', 'ASIA_EAST', 'เอเชียตะวันออก', 'TWN', 'ไต้หวัน', 17295, 1.71, '19:00 - 23:00 น.')
[2026-09-04T17:47:09.818+0000] {sql.py:562} INFO - Rows affected: 1
[2026-09-04T17:47:09.826+0000] {sql.py:553} INFO - Running statement: 
        INSERT INTO steam_game_regions (
            snapshot_date, appid, game_name, region_code, region_name,
            country_iso3, country_name, player_count, share_percentage, peak_time_bkk, created_at
        ) VALUES (
            %s, %s, %s, %s, %s,
            %s, %s, %s, %s, %s, NOW()
        ) ON CONFLICT (snapshot_date, appid, region_code, country_iso3) DO UPDATE SET
            player_count = EXCLUDED.player_count,
            share_percentage = EXCLUDED.share_percentage,
            peak_time_bkk = EXCLUDED.peak_time_bkk;
        , parameters: ('2026-09-04', 730, 'Counter-Strike 2', 'ASIA_SEA', 'เอเชียตะวันออกเฉียงใต้', 'THA', 'ประเทศไทย', 35023, 3.45, '20:00 - 00:00 น.')
[2026-09-04T17:47:09.828+0000] {sql.py:562} INFO - Rows affected: 1
[2026-09-04T17:47:09.835+0000] {sql.py:553} INFO - Running statement: 
        INSERT INTO steam_game_regions (
            snapshot_date, appid, game_name, region_code, region_name,
            country_iso3, country_name, player_count, share_percentage, peak_time_bkk, created_at
        ) VALUES (
            %s, %s, %s, %s, %s,
            %s, %s, %s, %s, %s, NOW()
        ) ON CONFLICT (snapshot_date, appid, region_code, country_iso3) DO UPDATE SET
            player_count = EXCLUDED.player_count,
            share_percentage = EXCLUDED.share_percentage,
            peak_time_bkk = EXCLUDED.peak_time_bkk;
        , parameters: ('2026-09-04', 730, 'Counter-Strike 2', 'ASIA_SEA', 'เอเชียตะวันออกเฉียงใต้', 'VNM', 'เวียดนาม', 30267, 2.99, '20:00 - 00:00 น.')
[2026-09-04T17:47:09.837+0000] {sql.py:562} INFO - Rows affected: 1
[2026-09-04T17:47:09.845+0000] {sql.py:553} INFO - Running statement: 
        INSERT INTO steam_game_regions (
            snapshot_date, appid, game_name, region_code, region_name,
            country_iso3, country_name, player_count, share_percentage, peak_time_bkk, created_at
        ) VALUES (
            %s, %s, %s, %s, %s,
            %s, %s, %s, %s, %s, NOW()
        ) ON CONFLICT (snapshot_date, appid, region_code, country_iso3) DO UPDATE SET
            player_count = EXCLUDED.player_count,
            share_percentage = EXCLUDED.share_percentage,
            peak_time_bkk = EXCLUDED.peak_time_bkk;
        , parameters: ('2026-09-04', 730, 'Counter-Strike 2', 'ASIA_SEA', 'เอเชียตะวันออกเฉียงใต้', 'IDN', 'อินโดนีเซีย', 25943, 2.56, '20:00 - 00:00 น.')
[2026-09-04T17:47:09.847+0000] {sql.py:562} INFO - Rows affected: 1
[2026-09-04T17:47:09.854+0000] {sql.py:553} INFO - Running statement: 
        INSERT INTO steam_game_regions (
            snapshot_date, appid, game_name, region_code, region_name,
            country_iso3, country_name, player_count, share_percentage, peak_time_bkk, created_at
        ) VALUES (
            %s, %s, %s, %s, %s,
            %s, %s, %s, %s, %s, NOW()
        ) ON CONFLICT (snapshot_date, appid, region_code, country_iso3) DO UPDATE SET
            player_count = EXCLUDED.player_count,
            share_percentage = EXCLUDED.share_percentage,
            peak_time_bkk = EXCLUDED.peak_time_bkk;
        , parameters: ('2026-09-04', 730, 'Counter-Strike 2', 'ASIA_SEA', 'เอเชียตะวันออกเฉียงใต้', 'PHL', 'ฟิลิปปินส์', 21619, 2.13, '20:00 - 00:00 น.')
[2026-09-04T17:47:09.856+0000] {sql.py:562} INFO - Rows affected: 1
[2026-09-04T17:47:09.864+0000] {sql.py:553} INFO - Running statement: 
        INSERT INTO steam_game_regions (
            snapshot_date, appid, game_name, region_code, region_name,
            country_iso3, country_name, player_count, share_percentage, peak_time_bkk, created_at
        ) VALUES (
            %s, %s, %s, %s, %s,
            %s, %s, %s, %s, %s, NOW()
        ) ON CONFLICT (snapshot_date, appid, region_code, country_iso3) DO UPDATE SET
            player_count = EXCLUDED.player_count,
            share_percentage = EXCLUDED.share_percentage,
            peak_time_bkk = EXCLUDED.peak_time_bkk;
        , parameters: ('2026-09-04', 730, 'Counter-Strike 2', 'ASIA_SEA', 'เอเชียตะวันออกเฉียงใต้', 'MYS', 'มาเลเซีย', 12971, 1.28, '20:00 - 00:00 น.')
[2026-09-04T17:47:09.866+0000] {sql.py:562} INFO - Rows affected: 1
[2026-09-04T17:47:09.874+0000] {sql.py:553} INFO - Running statement: 
        INSERT INTO steam_game_regions (
            snapshot_date, appid, game_name, region_code, region_name,
            country_iso3, country_name, player_count, share_percentage, peak_time_bkk, created_at
        ) VALUES (
            %s, %s, %s, %s, %s,
            %s, %s, %s, %s, %s, NOW()
        ) ON CONFLICT (snapshot_date, appid, region_code, country_iso3) DO UPDATE SET
            player_count = EXCLUDED.player_count,
            share_percentage = EXCLUDED.share_percentage,
            peak_time_bkk = EXCLUDED.peak_time_bkk;
        , parameters: ('2026-09-04', 730, 'Counter-Strike 2', 'ASIA_SEA', 'เอเชียตะวันออกเฉียงใต้', 'SGP', 'สิงคโปร์', 8648, 0.85, '20:00 - 00:00 น.')
[2026-09-04T17:47:09.876+0000] {sql.py:562} INFO - Rows affected: 1
[2026-09-04T17:47:09.884+0000] {sql.py:553} INFO - Running statement: 
        INSERT INTO steam_game_regions (
            snapshot_date, appid, game_name, region_code, region_name,
            country_iso3, country_name, player_count, share_percentage, peak_time_bkk, created_at
        ) VALUES (
            %s, %s, %s, %s, %s,
            %s, %s, %s, %s, %s, NOW()
        ) ON CONFLICT (snapshot_date, appid, region_code, country_iso3) DO UPDATE SET
            player_count = EXCLUDED.player_count,
            share_percentage = EXCLUDED.share_percentage,
            peak_time_bkk = EXCLUDED.peak_time_bkk;
        , parameters: ('2026-09-04', 730, 'Counter-Strike 2', 'EUROPE', 'ยุโรป', 'RUS', 'รัสเซีย', 186789, 18.42, '22:00 - 02:00 น.')
[2026-09-04T17:47:09.886+0000] {sql.py:562} INFO - Rows affected: 1
[2026-09-04T17:47:09.893+0000] {sql.py:553} INFO - Running statement: 
        INSERT INTO steam_game_regions (
            snapshot_date, appid, game_name, region_code, region_name,
            country_iso3, country_name, player_count, share_percentage, peak_time_bkk, created_at
        ) VALUES (
            %s, %s, %s, %s, %s,
            %s, %s, %s, %s, %s, NOW()
        ) ON CONFLICT (snapshot_date, appid, region_code, country_iso3) DO UPDATE SET
            player_count = EXCLUDED.player_count,
            share_percentage = EXCLUDED.share_percentage,
            peak_time_bkk = EXCLUDED.peak_time_bkk;
        , parameters: ('2026-09-04', 730, 'Counter-Strike 2', 'EUROPE', 'ยุโรป', 'DEU', 'เยอรมนี', 72640, 7.16, '00:00 - 04:00 น.')
[2026-09-04T17:47:09.895+0000] {sql.py:562} INFO - Rows affected: 1
[2026-09-04T17:47:09.903+0000] {sql.py:553} INFO - Running statement: 
        INSERT INTO steam_game_regions (
            snapshot_date, appid, game_name, region_code, region_name,
            country_iso3, country_name, player_count, share_percentage, peak_time_bkk, created_at
        ) VALUES (
            %s, %s, %s, %s, %s,
            %s, %s, %s, %s, %s, NOW()
        ) ON CONFLICT (snapshot_date, appid, region_code, country_iso3) DO UPDATE SET
            player_count = EXCLUDED.player_count,
            share_percentage = EXCLUDED.share_percentage,
            peak_time_bkk = EXCLUDED.peak_time_bkk;
        , parameters: ('2026-09-04', 730, 'Counter-Strike 2', 'EUROPE', 'ยุโรป', 'GBR', 'สหราชอาณาจักร', 34591, 3.41, '01:00 - 05:00 น.')
[2026-09-04T17:47:09.905+0000] {sql.py:562} INFO - Rows affected: 1
[2026-09-04T17:47:09.912+0000] {sql.py:553} INFO - Running statement: 
        INSERT INTO steam_game_regions (
            snapshot_date, appid, game_name, region_code, region_name,
            country_iso3, country_name, player_count, share_percentage, peak_time_bkk, created_at
        ) VALUES (
            %s, %s, %s, %s, %s,
            %s, %s, %s, %s, %s, NOW()
        ) ON CONFLICT (snapshot_date, appid, region_code, country_iso3) DO UPDATE SET
            player_count = EXCLUDED.player_count,
            share_percentage = EXCLUDED.share_percentage,
            peak_time_bkk = EXCLUDED.peak_time_bkk;
        , parameters: ('2026-09-04', 730, 'Counter-Strike 2', 'EUROPE', 'ยุโรป', 'FRA', 'ฝรั่งเศส', 25943, 2.56, '00:00 - 04:00 น.')
[2026-09-04T17:47:09.915+0000] {sql.py:562} INFO - Rows affected: 1
[2026-09-04T17:47:09.922+0000] {sql.py:553} INFO - Running statement: 
        INSERT INTO steam_game_regions (
            snapshot_date, appid, game_name, region_code, region_name,
            country_iso3, country_name, player_count, share_percentage, peak_time_bkk, created_at
        ) VALUES (
            %s, %s, %s, %s, %s,
            %s, %s, %s, %s, %s, NOW()
        ) ON CONFLICT (snapshot_date, appid, region_code, country_iso3) DO UPDATE SET
            player_count = EXCLUDED.player_count,
            share_percentage = EXCLUDED.share_percentage,
            peak_time_bkk = EXCLUDED.peak_time_bkk;
        , parameters: ('2026-09-04', 730, 'Counter-Strike 2', 'EUROPE', 'ยุโรป', 'POL', 'โปแลนด์', 44103, 4.35, '00:00 - 04:00 น.')
[2026-09-04T17:47:09.924+0000] {sql.py:562} INFO - Rows affected: 1
[2026-09-04T17:47:09.932+0000] {sql.py:553} INFO - Running statement: 
        INSERT INTO steam_game_regions (
            snapshot_date, appid, game_name, region_code, region_name,
            country_iso3, country_name, player_count, share_percentage, peak_time_bkk, created_at
        ) VALUES (
            %s, %s, %s, %s, %s,
            %s, %s, %s, %s, %s, NOW()
        ) ON CONFLICT (snapshot_date, appid, region_code, country_iso3) DO UPDATE SET
            player_count = EXCLUDED.player_count,
            share_percentage = EXCLUDED.share_percentage,
            peak_time_bkk = EXCLUDED.peak_time_bkk;
        , parameters: ('2026-09-04', 730, 'Counter-Strike 2', 'NORTH_AMERICA', 'อเมริกาเหนือ', 'USA', 'สหรัฐอเมริกา', 76099, 7.51, '07:00 - 11:00 น.')
[2026-09-04T17:47:09.934+0000] {sql.py:562} INFO - Rows affected: 1
[2026-09-04T17:47:09.941+0000] {sql.py:553} INFO - Running statement: 
        INSERT INTO steam_game_regions (
            snapshot_date, appid, game_name, region_code, region_name,
            country_iso3, country_name, player_count, share_percentage, peak_time_bkk, created_at
        ) VALUES (
            %s, %s, %s, %s, %s,
            %s, %s, %s, %s, %s, NOW()
        ) ON CONFLICT (snapshot_date, appid, region_code, country_iso3) DO UPDATE SET
            player_count = EXCLUDED.player_count,
            share_percentage = EXCLUDED.share_percentage,
            peak_time_bkk = EXCLUDED.peak_time_bkk;
        , parameters: ('2026-09-04', 730, 'Counter-Strike 2', 'NORTH_AMERICA', 'อเมริกาเหนือ', 'CAN', 'แคนาดา', 17295, 1.71, '07:00 - 11:00 น.')
[2026-09-04T17:47:09.943+0000] {sql.py:562} INFO - Rows affected: 1
[2026-09-04T17:47:09.951+0000] {sql.py:553} INFO - Running statement: 
        INSERT INTO steam_game_regions (
            snapshot_date, appid, game_name, region_code, region_name,
            country_iso3, country_name, player_count, share_percentage, peak_time_bkk, created_at
        ) VALUES (
            %s, %s, %s, %s, %s,
            %s, %s, %s, %s, %s, NOW()
        ) ON CONFLICT (snapshot_date, appid, region_code, country_iso3) DO UPDATE SET
            player_count = EXCLUDED.player_count,
            share_percentage = EXCLUDED.share_percentage,
            peak_time_bkk = EXCLUDED.peak_time_bkk;
        , parameters: ('2026-09-04', 730, 'Counter-Strike 2', 'LATIN_AMERICA', 'ลาตินอเมริกา', 'BRA', 'บราซิล', 34591, 3.41, '05:00 - 09:00 น.')
[2026-09-04T17:47:09.953+0000] {sql.py:562} INFO - Rows affected: 1
[2026-09-04T17:47:09.960+0000] {sql.py:553} INFO - Running statement: 
        INSERT INTO steam_game_regions (
            snapshot_date, appid, game_name, region_code, region_name,
            country_iso3, country_name, player_count, share_percentage, peak_time_bkk, created_at
        ) VALUES (
            %s, %s, %s, %s, %s,
            %s, %s, %s, %s, %s, NOW()
        ) ON CONFLICT (snapshot_date, appid, region_code, country_iso3) DO UPDATE SET
            player_count = EXCLUDED.player_count,
            share_percentage = EXCLUDED.share_percentage,
            peak_time_bkk = EXCLUDED.peak_time_bkk;
        , parameters: ('2026-09-04', 730, 'Counter-Strike 2', 'LATIN_AMERICA', 'ลาตินอเมริกา', 'ARG', 'อาร์เจนตินา', 12971, 1.28, '05:00 - 09:00 น.')
[2026-09-04T17:47:09.962+0000] {sql.py:562} INFO - Rows affected: 1
[2026-09-04T17:47:09.970+0000] {sql.py:553} INFO - Running statement: 
        INSERT INTO steam_game_regions (
            snapshot_date, appid, game_name, region_code, region_name,
            country_iso3, country_name, player_count, share_percentage, peak_time_bkk, created_at
        ) VALUES (
            %s, %s, %s, %s, %s,
            %s, %s, %s, %s, %s, NOW()
        ) ON CONFLICT (snapshot_date, appid, region_code, country_iso3) DO UPDATE SET
            player_count = EXCLUDED.player_count,
            share_percentage = EXCLUDED.share_percentage,
            peak_time_bkk = EXCLUDED.peak_time_bkk;
        , parameters: ('2026-09-04', 730, 'Counter-Strike 2', 'OCEANIA', 'โอเชียเนีย', 'AUS', 'ออสเตรเลีย', 12971, 1.28, '16:00 - 20:00 น.')
[2026-09-04T17:47:09.972+0000] {sql.py:562} INFO - Rows affected: 1
[2026-09-04T17:47:09.979+0000] {sql.py:553} INFO - Running statement: 
        INSERT INTO steam_game_regions (
            snapshot_date, appid, game_name, region_code, region_name,
            country_iso3, country_name, player_count, share_percentage, peak_time_bkk, created_at
        ) VALUES (
            %s, %s, %s, %s, %s,
            %s, %s, %s, %s, %s, NOW()
        ) ON CONFLICT (snapshot_date, appid, region_code, country_iso3) DO UPDATE SET
            player_count = EXCLUDED.player_count,
            share_percentage = EXCLUDED.share_percentage,
            peak_time_bkk = EXCLUDED.peak_time_bkk;
        , parameters: ('2026-09-04', 578080, 'PUBG: BATTLEGROUNDS', 'ASIA_EAST', 'เอเชียตะวันออก', 'CHN', 'จีน', 131118, 41.67, '19:00 - 23:00 น.')
[2026-09-04T17:47:09.981+0000] {sql.py:562} INFO - Rows affected: 1
[2026-09-04T17:47:09.989+0000] {sql.py:553} INFO - Running statement: 
        INSERT INTO steam_game_regions (
            snapshot_date, appid, game_name, region_code, region_name,
            country_iso3, country_name, player_count, share_percentage, peak_time_bkk, created_at
        ) VALUES (
            %s, %s, %s, %s, %s,
            %s, %s, %s, %s, %s, NOW()
        ) ON CONFLICT (snapshot_date, appid, region_code, country_iso3) DO UPDATE SET
            player_count = EXCLUDED.player_count,
            share_percentage = EXCLUDED.share_percentage,
            peak_time_bkk = EXCLUDED.peak_time_bkk;
        , parameters: ('2026-09-04', 578080, 'PUBG: BATTLEGROUNDS', 'ASIA_EAST', 'เอเชียตะวันออก', 'JPN', 'ญี่ปุ่น', 11707, 3.72, '19:00 - 23:00 น.')
[2026-09-04T17:47:09.991+0000] {sql.py:562} INFO - Rows affected: 1
[2026-09-04T17:47:09.998+0000] {sql.py:553} INFO - Running statement: 
        INSERT INTO steam_game_regions (
            snapshot_date, appid, game_name, region_code, region_name,
            country_iso3, country_name, player_count, share_percentage, peak_time_bkk, created_at
        ) VALUES (
            %s, %s, %s, %s, %s,
            %s, %s, %s, %s, %s, NOW()
        ) ON CONFLICT (snapshot_date, appid, region_code, country_iso3) DO UPDATE SET
            player_count = EXCLUDED.player_count,
            share_percentage = EXCLUDED.share_percentage,
            peak_time_bkk = EXCLUDED.peak_time_bkk;
        , parameters: ('2026-09-04', 578080, 'PUBG: BATTLEGROUNDS', 'ASIA_EAST', 'เอเชียตะวันออก', 'KOR', 'เกาหลีใต้', 20604, 6.55, '19:00 - 23:00 น.')
[2026-09-04T17:47:10.000+0000] {sql.py:562} INFO - Rows affected: 1
[2026-09-04T17:47:10.007+0000] {sql.py:553} INFO - Running statement: 
        INSERT INTO steam_game_regions (
            snapshot_date, appid, game_name, region_code, region_name,
            country_iso3, country_name, player_count, share_percentage, peak_time_bkk, created_at
        ) VALUES (
            %s, %s, %s, %s, %s,
            %s, %s, %s, %s, %s, NOW()
        ) ON CONFLICT (snapshot_date, appid, region_code, country_iso3) DO UPDATE SET
            player_count = EXCLUDED.player_count,
            share_percentage = EXCLUDED.share_percentage,
            peak_time_bkk = EXCLUDED.peak_time_bkk;
        , parameters: ('2026-09-04', 578080, 'PUBG: BATTLEGROUNDS', 'ASIA_EAST', 'เอเชียตะวันออก', 'TWN', 'ไต้หวัน', 4683, 1.49, '19:00 - 23:00 น.')
[2026-09-04T17:47:10.010+0000] {sql.py:562} INFO - Rows affected: 1
[2026-09-04T17:47:10.017+0000] {sql.py:553} INFO - Running statement: 
        INSERT INTO steam_game_regions (
            snapshot_date, appid, game_name, region_code, region_name,
            country_iso3, country_name, player_count, share_percentage, peak_time_bkk, created_at
        ) VALUES (
            %s, %s, %s, %s, %s,
            %s, %s, %s, %s, %s, NOW()
        ) ON CONFLICT (snapshot_date, appid, region_code, country_iso3) DO UPDATE SET
            player_count = EXCLUDED.player_count,
            share_percentage = EXCLUDED.share_percentage,
            peak_time_bkk = EXCLUDED.peak_time_bkk;
        , parameters: ('2026-09-04', 578080, 'PUBG: BATTLEGROUNDS', 'ASIA_SEA', 'เอเชียตะวันออกเฉียงใต้', 'THA', 'ประเทศไทย', 18965, 6.03, '20:00 - 00:00 น.')
[2026-09-04T17:47:10.019+0000] {sql.py:562} INFO - Rows affected: 1
[2026-09-04T17:47:10.025+0000] {sql.py:553} INFO - Running statement: 
        INSERT INTO steam_game_regions (
            snapshot_date, appid, game_name, region_code, region_name,
            country_iso3, country_name, player_count, share_percentage, peak_time_bkk, created_at
        ) VALUES (
            %s, %s, %s, %s, %s,
            %s, %s, %s, %s, %s, NOW()
        ) ON CONFLICT (snapshot_date, appid, region_code, country_iso3) DO UPDATE SET
            player_count = EXCLUDED.player_count,
            share_percentage = EXCLUDED.share_percentage,
            peak_time_bkk = EXCLUDED.peak_time_bkk;
        , parameters: ('2026-09-04', 578080, 'PUBG: BATTLEGROUNDS', 'ASIA_SEA', 'เอเชียตะวันออกเฉียงใต้', 'VNM', 'เวียดนาม', 16390, 5.21, '20:00 - 00:00 น.')
[2026-09-04T17:47:10.027+0000] {sql.py:562} INFO - Rows affected: 1
[2026-09-04T17:47:10.033+0000] {sql.py:553} INFO - Running statement: 
        INSERT INTO steam_game_regions (
            snapshot_date, appid, game_name, region_code, region_name,
            country_iso3, country_name, player_count, share_percentage, peak_time_bkk, created_at
        ) VALUES (
            %s, %s, %s, %s, %s,
            %s, %s, %s, %s, %s, NOW()
        ) ON CONFLICT (snapshot_date, appid, region_code, country_iso3) DO UPDATE SET
            player_count = EXCLUDED.player_count,
            share_percentage = EXCLUDED.share_percentage,
            peak_time_bkk = EXCLUDED.peak_time_bkk;
        , parameters: ('2026-09-04', 578080, 'PUBG: BATTLEGROUNDS', 'ASIA_SEA', 'เอเชียตะวันออกเฉียงใต้', 'IDN', 'อินโดนีเซีย', 7024, 2.23, '20:00 - 00:00 น.')
[2026-09-04T17:47:10.035+0000] {sql.py:562} INFO - Rows affected: 1
[2026-09-04T17:47:10.041+0000] {sql.py:553} INFO - Running statement: 
        INSERT INTO steam_game_regions (
            snapshot_date, appid, game_name, region_code, region_name,
            country_iso3, country_name, player_count, share_percentage, peak_time_bkk, created_at
        ) VALUES (
            %s, %s, %s, %s, %s,
            %s, %s, %s, %s, %s, NOW()
        ) ON CONFLICT (snapshot_date, appid, region_code, country_iso3) DO UPDATE SET
            player_count = EXCLUDED.player_count,
            share_percentage = EXCLUDED.share_percentage,
            peak_time_bkk = EXCLUDED.peak_time_bkk;
        , parameters: ('2026-09-04', 578080, 'PUBG: BATTLEGROUNDS', 'ASIA_SEA', 'เอเชียตะวันออกเฉียงใต้', 'PHL', 'ฟิลิปปินส์', 5853, 1.86, '20:00 - 00:00 น.')
[2026-09-04T17:47:10.043+0000] {sql.py:562} INFO - Rows affected: 1
[2026-09-04T17:47:10.049+0000] {sql.py:553} INFO - Running statement: 
        INSERT INTO steam_game_regions (
            snapshot_date, appid, game_name, region_code, region_name,
            country_iso3, country_name, player_count, share_percentage, peak_time_bkk, created_at
        ) VALUES (
            %s, %s, %s, %s, %s,
            %s, %s, %s, %s, %s, NOW()
        ) ON CONFLICT (snapshot_date, appid, region_code, country_iso3) DO UPDATE SET
            player_count = EXCLUDED.player_count,
            share_percentage = EXCLUDED.share_percentage,
            peak_time_bkk = EXCLUDED.peak_time_bkk;
        , parameters: ('2026-09-04', 578080, 'PUBG: BATTLEGROUNDS', 'ASIA_SEA', 'เอเชียตะวันออกเฉียงใต้', 'MYS', 'มาเลเซีย', 3512, 1.12, '20:00 - 00:00 น.')
[2026-09-04T17:47:10.051+0000] {sql.py:562} INFO - Rows affected: 1
[2026-09-04T17:47:10.058+0000] {sql.py:553} INFO - Running statement: 
        INSERT INTO steam_game_regions (
            snapshot_date, appid, game_name, region_code, region_name,
            country_iso3, country_name, player_count, share_percentage, peak_time_bkk, created_at
        ) VALUES (
            %s, %s, %s, %s, %s,
            %s, %s, %s, %s, %s, NOW()
        ) ON CONFLICT (snapshot_date, appid, region_code, country_iso3) DO UPDATE SET
            player_count = EXCLUDED.player_count,
            share_percentage = EXCLUDED.share_percentage,
            peak_time_bkk = EXCLUDED.peak_time_bkk;
        , parameters: ('2026-09-04', 578080, 'PUBG: BATTLEGROUNDS', 'ASIA_SEA', 'เอเชียตะวันออกเฉียงใต้', 'SGP', 'สิงคโปร์', 2341, 0.74, '20:00 - 00:00 น.')
[2026-09-04T17:47:10.059+0000] {sql.py:562} INFO - Rows affected: 1
[2026-09-04T17:47:10.066+0000] {sql.py:553} INFO - Running statement: 
        INSERT INTO steam_game_regions (
            snapshot_date, appid, game_name, region_code, region_name,
            country_iso3, country_name, player_count, share_percentage, peak_time_bkk, created_at
        ) VALUES (
            %s, %s, %s, %s, %s,
            %s, %s, %s, %s, %s, NOW()
        ) ON CONFLICT (snapshot_date, appid, region_code, country_iso3) DO UPDATE SET
            player_count = EXCLUDED.player_count,
            share_percentage = EXCLUDED.share_percentage,
            peak_time_bkk = EXCLUDED.peak_time_bkk;
        , parameters: ('2026-09-04', 578080, 'PUBG: BATTLEGROUNDS', 'EUROPE', 'ยุโรป', 'RUS', 'รัสเซีย', 28097, 8.93, '22:00 - 02:00 น.')
[2026-09-04T17:47:10.067+0000] {sql.py:562} INFO - Rows affected: 1
[2026-09-04T17:47:10.074+0000] {sql.py:553} INFO - Running statement: 
        INSERT INTO steam_game_regions (
            snapshot_date, appid, game_name, region_code, region_name,
            country_iso3, country_name, player_count, share_percentage, peak_time_bkk, created_at
        ) VALUES (
            %s, %s, %s, %s, %s,
            %s, %s, %s, %s, %s, NOW()
        ) ON CONFLICT (snapshot_date, appid, region_code, country_iso3) DO UPDATE SET
            player_count = EXCLUDED.player_count,
            share_percentage = EXCLUDED.share_percentage,
            peak_time_bkk = EXCLUDED.peak_time_bkk;
        , parameters: ('2026-09-04', 578080, 'PUBG: BATTLEGROUNDS', 'EUROPE', 'ยุโรป', 'DEU', 'เยอรมนี', 7024, 2.23, '00:00 - 04:00 น.')
[2026-09-04T17:47:10.075+0000] {sql.py:562} INFO - Rows affected: 1
[2026-09-04T17:47:10.082+0000] {sql.py:553} INFO - Running statement: 
        INSERT INTO steam_game_regions (
            snapshot_date, appid, game_name, region_code, region_name,
            country_iso3, country_name, player_count, share_percentage, peak_time_bkk, created_at
        ) VALUES (
            %s, %s, %s, %s, %s,
            %s, %s, %s, %s, %s, NOW()
        ) ON CONFLICT (snapshot_date, appid, region_code, country_iso3) DO UPDATE SET
            player_count = EXCLUDED.player_count,
            share_percentage = EXCLUDED.share_percentage,
            peak_time_bkk = EXCLUDED.peak_time_bkk;
        , parameters: ('2026-09-04', 578080, 'PUBG: BATTLEGROUNDS', 'EUROPE', 'ยุโรป', 'GBR', 'สหราชอาณาจักร', 9366, 2.98, '01:00 - 05:00 น.')
[2026-09-04T17:47:10.084+0000] {sql.py:562} INFO - Rows affected: 1
[2026-09-04T17:47:10.090+0000] {sql.py:553} INFO - Running statement: 
        INSERT INTO steam_game_regions (
            snapshot_date, appid, game_name, region_code, region_name,
            country_iso3, country_name, player_count, share_percentage, peak_time_bkk, created_at
        ) VALUES (
            %s, %s, %s, %s, %s,
            %s, %s, %s, %s, %s, NOW()
        ) ON CONFLICT (snapshot_date, appid, region_code, country_iso3) DO UPDATE SET
            player_count = EXCLUDED.player_count,
            share_percentage = EXCLUDED.share_percentage,
            peak_time_bkk = EXCLUDED.peak_time_bkk;
        , parameters: ('2026-09-04', 578080, 'PUBG: BATTLEGROUNDS', 'EUROPE', 'ยุโรป', 'FRA', 'ฝรั่งเศส', 7024, 2.23, '00:00 - 04:00 น.')
[2026-09-04T17:47:10.092+0000] {sql.py:562} INFO - Rows affected: 1
[2026-09-04T17:47:10.100+0000] {sql.py:553} INFO - Running statement: 
        INSERT INTO steam_game_regions (
            snapshot_date, appid, game_name, region_code, region_name,
            country_iso3, country_name, player_count, share_percentage, peak_time_bkk, created_at
        ) VALUES (
            %s, %s, %s, %s, %s,
            %s, %s, %s, %s, %s, NOW()
        ) ON CONFLICT (snapshot_date, appid, region_code, country_iso3) DO UPDATE SET
            player_count = EXCLUDED.player_count,
            share_percentage = EXCLUDED.share_percentage,
            peak_time_bkk = EXCLUDED.peak_time_bkk;
        , parameters: ('2026-09-04', 578080, 'PUBG: BATTLEGROUNDS', 'EUROPE', 'ยุโรป', 'POL', 'โปแลนด์', 7024, 2.23, '00:00 - 04:00 น.')
[2026-09-04T17:47:10.101+0000] {sql.py:562} INFO - Rows affected: 1
[2026-09-04T17:47:10.108+0000] {sql.py:553} INFO - Running statement: 
        INSERT INTO steam_game_regions (
            snapshot_date, appid, game_name, region_code, region_name,
            country_iso3, country_name, player_count, share_percentage, peak_time_bkk, created_at
        ) VALUES (
            %s, %s, %s, %s, %s,
            %s, %s, %s, %s, %s, NOW()
        ) ON CONFLICT (snapshot_date, appid, region_code, country_iso3) DO UPDATE SET
            player_count = EXCLUDED.player_count,
            share_percentage = EXCLUDED.share_percentage,
            peak_time_bkk = EXCLUDED.peak_time_bkk;
        , parameters: ('2026-09-04', 578080, 'PUBG: BATTLEGROUNDS', 'NORTH_AMERICA', 'อเมริกาเหนือ', 'USA', 'สหรัฐอเมริกา', 12878, 4.09, '07:00 - 11:00 น.')
[2026-09-04T17:47:10.110+0000] {sql.py:562} INFO - Rows affected: 1
[2026-09-04T17:47:10.117+0000] {sql.py:553} INFO - Running statement: 
        INSERT INTO steam_game_regions (
            snapshot_date, appid, game_name, region_code, region_name,
            country_iso3, country_name, player_count, share_percentage, peak_time_bkk, created_at
        ) VALUES (
            %s, %s, %s, %s, %s,
            %s, %s, %s, %s, %s, NOW()
        ) ON CONFLICT (snapshot_date, appid, region_code, country_iso3) DO UPDATE SET
            player_count = EXCLUDED.player_count,
            share_percentage = EXCLUDED.share_percentage,
            peak_time_bkk = EXCLUDED.peak_time_bkk;
        , parameters: ('2026-09-04', 578080, 'PUBG: BATTLEGROUNDS', 'NORTH_AMERICA', 'อเมริกาเหนือ', 'CAN', 'แคนาดา', 4683, 1.49, '07:00 - 11:00 น.')
[2026-09-04T17:47:10.118+0000] {sql.py:562} INFO - Rows affected: 1
[2026-09-04T17:47:10.125+0000] {sql.py:553} INFO - Running statement: 
        INSERT INTO steam_game_regions (
            snapshot_date, appid, game_name, region_code, region_name,
            country_iso3, country_name, player_count, share_percentage, peak_time_bkk, created_at
        ) VALUES (
            %s, %s, %s, %s, %s,
            %s, %s, %s, %s, %s, NOW()
        ) ON CONFLICT (snapshot_date, appid, region_code, country_iso3) DO UPDATE SET
            player_count = EXCLUDED.player_count,
            share_percentage = EXCLUDED.share_percentage,
            peak_time_bkk = EXCLUDED.peak_time_bkk;
        , parameters: ('2026-09-04', 578080, 'PUBG: BATTLEGROUNDS', 'LATIN_AMERICA', 'ลาตินอเมริกา', 'BRA', 'บราซิล', 9366, 2.98, '05:00 - 09:00 น.')
[2026-09-04T17:47:10.127+0000] {sql.py:562} INFO - Rows affected: 1
[2026-09-04T17:47:10.133+0000] {sql.py:553} INFO - Running statement: 
        INSERT INTO steam_game_regions (
            snapshot_date, appid, game_name, region_code, region_name,
            country_iso3, country_name, player_count, share_percentage, peak_time_bkk, created_at
        ) VALUES (
            %s, %s, %s, %s, %s,
            %s, %s, %s, %s, %s, NOW()
        ) ON CONFLICT (snapshot_date, appid, region_code, country_iso3) DO UPDATE SET
            player_count = EXCLUDED.player_count,
            share_percentage = EXCLUDED.share_percentage,
            peak_time_bkk = EXCLUDED.peak_time_bkk;
        , parameters: ('2026-09-04', 578080, 'PUBG: BATTLEGROUNDS', 'LATIN_AMERICA', 'ลาตินอเมริกา', 'ARG', 'อาร์เจนตินา', 3512, 1.12, '05:00 - 09:00 น.')
[2026-09-04T17:47:10.135+0000] {sql.py:562} INFO - Rows affected: 1
[2026-09-04T17:47:10.143+0000] {sql.py:553} INFO - Running statement: 
        INSERT INTO steam_game_regions (
            snapshot_date, appid, game_name, region_code, region_name,
            country_iso3, country_name, player_count, share_percentage, peak_time_bkk, created_at
        ) VALUES (
            %s, %s, %s, %s, %s,
            %s, %s, %s, %s, %s, NOW()
        ) ON CONFLICT (snapshot_date, appid, region_code, country_iso3) DO UPDATE SET
            player_count = EXCLUDED.player_count,
            share_percentage = EXCLUDED.share_percentage,
            peak_time_bkk = EXCLUDED.peak_time_bkk;
        , parameters: ('2026-09-04', 578080, 'PUBG: BATTLEGROUNDS', 'OCEANIA', 'โอเชียเนีย', 'AUS', 'ออสเตรเลีย', 3512, 1.12, '16:00 - 20:00 น.')
[2026-09-04T17:47:10.145+0000] {sql.py:562} INFO - Rows affected: 1
[2026-09-04T17:47:10.146+0000] {logging_mixin.py:190} INFO - 🌍 คำนวณและบันทึกสถิติผู้เล่นแยกตามโซน/ประเทศ 500 รายการ สำเร็จ!
[2026-09-04T17:47:10.147+0000] {python.py:240} INFO - Done. Returned value was: None
[2026-09-04T17:47:10.159+0000] {taskinstance.py:340} INFO - ::group::Post task execution logs
[2026-09-04T17:47:10.159+0000] {taskinstance.py:352} INFO - Marking task as SUCCESS. dag_id=steam_etl_dag, task_id=calculate_regional_distribution, run_id=manual__2026-09-04T17:46:27.302626+00:00, execution_date=20260904T174627, start_date=20260904T174705, end_date=20260904T174710
[2026-09-04T17:47:10.206+0000] {local_task_job_runner.py:266} INFO - Task exited with return code 0
[2026-09-04T17:47:10.226+0000] {taskinstance.py:3895} INFO - 1 downstream tasks scheduled from follow-on schedule check
[2026-09-04T17:47:10.228+0000] {local_task_job_runner.py:245} INFO - ::endgroup::
